period_end,ew_ret,tw_ret,ret_ex_Absa,ret_ex_Co-op,ret_ex_Equity,ret_ex_KCB,ret_ex_NCBA,ret_Absa,ret_Co-op,ret_Equity,ret_KCB,ret_NCBA,n_trading_days
2017-09-08,0.005252392268156317,,0.004100445440897797,0.005804109836240275,0.0017196231233592106,0.008060585808389534,0.006553753048119772,0.009708737864077794,0.0030211480362539495,0.01910828025477691,-0.005952380952380931,2.0816681711721685e-17,5
2017-09-15,-0.00012113136023234271,,0.0010476868529897259,-0.006159558079445816,0.006160420053527555,-0.004621235298008492,0.002984681000841962,-0.004807692307692333,0.02409638554216858,-0.02499999999999984,0.01796407185628722,-0.012578616352201259,5
2017-09-22,-0.017585614940870742,,-0.01595264846841929,-0.021239095209284645,-0.020387092111387378,-0.013135977127221808,-0.017211989073033902,-0.02415458937198071,-0.0029411764705882175,-0.006410256410256409,-0.03529411764705892,-0.019108280254777062,5
2017-09-29,-0.02954836951768543,-0.01693701154770539,-0.03687128028620533,-0.03030138623518843,-0.019052744263811476,-0.02778480845562394,-0.033690885983232215,-7.892991815694472e-17,-0.026548672566371615,-0.07096774193548384,-0.03658536585365851,-0.012987012987012844,5
2017-10-06,-0.03618738566190011,-0.03144058512276668,-0.02915858726347533,-0.04509666582082135,-0.04513378494989469,-0.029341419289311593,-0.03216634553319484,-0.06435643564356427,0.0,-2.2551405187698492e-17,-0.06329113924050629,-0.052631578947368404,5
2017-10-13,-0.0031730497510634517,0.01580162597771856,0.008036650521636018,0.005254024561898854,-0.007412564357560111,-0.012399796729573349,-0.00931892460419159,-0.0476190476190476,-0.03636363636363628,0.013888888888888876,0.03378378378378388,0.0208333333333334,5
2017-10-20,0.0180527819514433,0.0032504431325911607,0.0101008802718466,0.020993688436516802,0.022556860810612096,0.022588467292664217,0.014026450686893083,0.04999999999999976,0.006289308176100503,-1.3877787807814457e-17,3.0357660829594124e-17,0.034013605442176915,2
2017-10-27,0.05418105364342174,0.08281707049661513,0.05154180606013006,0.0631160496588198,0.03864492312206752,0.04958560639668214,0.06799824984168965,0.06349206349206364,0.01875000000000013,0.11643835616438358,0.07189542483660137,-7.632783294297951e-17,3
2017-11-03,-0.0031680546164735463,-0.007595576352409073,-0.0021223811012263645,-0.004978679042438636,0.0009146825248167632,-0.004703607550812074,-0.00497632318389644,-0.0049751243781096105,0.003067484662576747,-0.018404907975460096,4.5102810375396984e-17,0.006578947368421006,5
2017-11-10,-0.016326842645042274,-0.004642458612636422,-0.020277383634010666,-0.016153442703679185,-0.022003346594303107,-0.017499854508893787,-0.005692509021929339,-0.0050000000000001155,-0.018348623853210975,0.006250000000000089,-0.0060975609756097945,-0.04575163398692804,5
2017-11-17,0.03140783938986225,0.056690770520286204,0.03932556985989424,0.03213060757207564,0.022263466729335574,0.024000886311911763,0.039360501759508656,6.938893903907228e-17,0.028037383177570027,0.06832298136645952,0.0613496932515337,-1.0408340855860843e-17,5
2017-11-24,-0.011643996304059115,-0.023298707747708623,-0.012059530931142485,-0.011631592520184942,-0.013131126010958564,-0.002933882986073057,-0.018606621811235242,-0.01005025125628134,-0.0121212121212121,-0.0058139534883721025,-0.046242774566474,0.013698630136986368,4
2017-12-01,-0.009608315068836948,-0.010757458696757377,-0.012019880315242234,-0.007415763458846306,-0.0017048535853797925,-0.016532036962139632,-0.010360936878516367,8.760353553682876e-17,-0.018404907975460173,-0.04093567251461994,0.018181818181818084,-0.006756756756756697,4
2017-12-08,-0.01044759937801155,-0.00846622231439721,-0.01309528451046718,-0.013049467680041246,-0.008519631752206798,-0.013065109204185795,-0.004512744517606017,3.903127820947816e-17,0.0,-0.018292682926829274,-5.117434254131581e-17,-0.03401360544217685,4
2017-12-15,-0.007685497672630088,-0.0010667255857899117,-0.0070750307078131895,-0.009605055414108535,-0.008057441270557785,-0.0111357264096959,-0.0025637839265783514,-0.010152284263959357,0.0,-0.006211180124223615,0.005952380952380947,-0.028169014084507057,4
2017-12-22,-0.010848804314591096,-0.007192126995615894,-0.0110197750732775,-0.012850518037356705,-0.005762752521610947,-0.016468408432159725,-0.008160810640420133,-0.010256410256410331,-0.0031250000000000904,-0.031249999999999844,0.01183431952662723,-0.021739130434782608,5
2017-12-29,0.008841071996533643,0.011743853397150556,0.012359309965516083,0.007128584303927241,0.0030014274829548064,0.012528056031158783,0.009194531746952403,-0.005181347150259087,0.015673981191222656,0.032258064516129094,-0.005847953216374323,0.007407407407407307,3
2018-01-05,0.01634188747725632,0.012404058567668906,0.019073260549803746,0.018885374450855807,0.01567316198800079,0.01894326718952082,0.009035312023357951,0.005208333333333506,0.006172839506172866,0.018750000000000124,0.0058823529411763725,0.04411764705882353,4
2018-01-12,0.00988382410787022,0.033089708209218895,0.009742204168278472,0.01077795191096853,0.003170253703327371,0.0007938560515120696,0.02502161871393133,0.010362694300518012,0.006134969325153229,0.03680981595092009,0.04678362573099398,-0.04929577464788727,5
2018-01-19,0.03537616030464608,0.012988712667026977,0.020106861531248268,0.03865656665120747,0.03973045745453621,0.04558415942327832,0.032707361878857776,0.09743589743589742,0.021341463414634176,0.0177514792899409,-0.005586592178770798,0.044444444444444245,5
2018-01-26,-0.004070924118436563,-0.0015033262617749111,-0.000560675339178933,0.0023177952223980332,-0.005151465264835191,-0.006572247736742975,-0.010468832255274115,-0.01869158878504664,-0.029850746268656747,3.469446951953614e-17,0.005617977528090143,0.021276595744680826,5
2018-02-02,0.0251685705298233,0.0251765934391825,0.03150635270240788,0.019957741067838368,0.028541840080199166,0.023082026045081958,0.022766089805252708,-1.1449174941446927e-16,0.046153846153846254,0.011627906976744344,0.03351955307262589,0.034722222222222196,5
2018-02-09,-0.012488237331523417,-0.012104284107707738,-0.017968739331741035,-0.016320580755328697,-0.012761714351657466,-0.011615041615793315,-0.003761511142348785,0.009523809523809433,0.002941176470588388,-0.0114942528735632,-0.016216216216216127,-0.046979865771812075,5
2018-02-16,0.0027912990937631627,0.004542407188273055,0.0011294254771790756,0.0034846387927219484,0.0020147720719615567,0.002112066339367168,0.005199462379743802,0.00943396226415084,-8.586881206085195e-17,0.005813953488372193,0.005494505494505475,-0.00704225352112681,5
2018-02-23,0.011332087756356751,0.005812548686242414,0.008309820464524768,0.009042801313411926,0.01417504702070186,0.012787107398282054,0.012332452249397732,0.023364485981308403,0.020527859237536434,-1.0928757898653885e-16,0.005464480874317012,0.007092198581560214,5
2018-03-02,0.05115299327336761,0.06551185480168055,0.06063406222314589,0.050939507011672505,0.04369231938643458,0.04896858658010702,0.0515097720150516,0.013698630136986393,0.0517241379310345,0.08092485549132947,0.05978260869565226,0.049295774647887404,5
2018-03-09,0.029598353103755443,0.03346461207097452,0.029068388120650535,0.026725158020702515,0.026311102541548535,0.03052935853779814,0.035336333794983986,0.03153153153153141,0.04098360655737684,0.042780748663101636,0.02564102564102559,0.006711409395973136,5
2018-03-16,0.038524193588834715,0.0365923101377589,0.029639075883427998,0.04618429567178333,0.029013471774253428,0.04816812638965622,0.03960043087461398,0.07423580786026203,0.007874015748031359,0.0769230769230769,-2.0816681711721685e-17,0.03333333333333324,5
2018-03-23,0.02488093600607298,0.014807516072544174,0.024975295652558495,0.027193903883709944,0.028643528781329867,0.028601933841950106,0.014968706425396083,0.024390243902438814,0.015625000000000066,0.00952380952380942,0.010000000000000021,0.06451612903225824,5
2018-03-30,0.016412223897192497,0.027664911943898002,0.016491261425446897,0.017947794882994323,0.015757019064528057,0.008255799384582598,0.023629160975875765,0.015873015873015983,0.010256410256410187,0.018867924528301733,0.04950495049504937,-0.012121212121212088,4
2018-04-06,0.018490732363862734,0.02584001425359528,0.020177133017982716,0.023113488171878232,0.013851762867031566,0.018371465175048018,0.01692160126982852,0.011718749999999774,1.2663481374630692e-16,0.03703703703703714,0.018867924528301886,0.024539877300613466,4
2018-04-13,-0.011574284786814304,-0.03297758942045527,-0.021159099666621772,-0.004961579691836308,-0.005490672652182042,-0.00286043677340001,-0.023353153306961312,0.027027027027027153,-0.03807106598984783,-0.03571428571428563,-0.04629629629629631,0.03592814371257478,5
2018-04-20,-0.03504065545477179,-0.047410595987502864,-0.032553747499111274,-0.038570678615216125,-0.01820425560713597,-0.05060515739661211,-0.03517477982114145,-0.04511278195488733,-0.021108179419524784,-0.10185185185185185,0.029126213592232938,-0.034682080924855384,5
2018-04-27,-0.05104681011096637,-0.034928764774192426,-0.0515836985613144,-0.06378016385442378,-0.06735970502174062,-0.03883961098488315,-0.03362641625663211,-0.051181102362204585,2.3852447794681098e-17,0.015463917525773141,-0.09905660377358491,-0.11976047904191621,5
2018-05-04,0.010808617084048655,0.024441907752127737,0.01980302963684309,0.014621781585914592,0.004656985186426031,0.008275714046824739,0.0066456362261216265,-0.02489626556016611,-0.005390835579514898,0.03553299492385782,0.020942408376963286,0.02721088435374141,4
2018-05-11,0.0035280238320625048,0.008405783994847912,0.005448712552447708,0.003716839472121511,0.004403808298569106,-0.0019456188850383556,0.006005832706925931,-0.004255319148936176,0.0027100271002709754,-2.949029909160572e-17,0.025641025641025415,-0.006622516556291308,5
2018-05-18,-0.02117500493830808,-0.03207058986475112,-0.0274620499214812,-0.02708355285139412,-0.019142564090991673,-0.013998591628440197,-0.01818237739587558,0.004273504273504229,0.0027027027027026426,-0.02941176470588242,-0.05000000000000001,-0.03333333333333336,5
2018-05-25,-0.026787005137529463,-0.01891430133607658,-0.033423587780665155,-0.01792526339628964,-0.02971305087577908,-0.029549461471892458,-0.02334792625103588,0.0,-0.06199460916442059,-0.015151515151515185,-0.015789473684210742,-0.04137931034482757,5
2018-06-01,-0.004156614270742871,-0.0014125862893837563,-0.006346800193194022,0.0026623473757289295,-0.0026945848320626908,-0.009208166792595724,-0.005244733446197658,0.004255319148936328,-0.031609195402298784,-0.010256410256410258,0.01604278074866297,0.0,4
2018-06-08,0.022602304721537115,0.023879457332448572,0.02719836860038244,0.012847343447479892,0.023069587757294528,0.021632305555619485,0.02829998111244581,0.004237288135593251,0.06231454005934685,0.020725388601036274,0.02631578947368427,-1.9081958235744878e-17,5
2018-06-15,0.008611271960561185,-0.004050437937703763,0.009647493782658322,0.01638569720759093,0.013325881509927036,0.010715184168110193,-0.006979922697927715,0.0042194092827005925,-0.022346368715083713,-0.010152284263959324,0.0,0.0719424460431653,4
2018-06-22,-0.01676307757724494,-0.016494778483425003,-0.020957090170865424,-0.021630662088954672,-0.01966926686588274,-0.010653036776163092,-0.010889720627162923,6.071532165918825e-17,0.0028571428571428042,-0.005128205128205093,-0.04102564102564109,-0.040268456375838896,5
2018-06-29,-0.020074570990300234,-0.03622702630833198,-0.02104894226171694,-0.023661997649768892,-0.01211066123075982,-0.018524991026757188,-0.025052273173966674,-0.016806722689075813,-0.005698005698005796,-0.05154639175257728,-0.02673796791443844,5.204170427930421e-18,5
2018-07-06,0.02409003164573518,0.05175460662807078,0.03569714798806384,0.032364801373117875,0.015253597810126708,0.012497512824467356,0.02474836508879671,-0.02136752136752138,-0.008595988538682015,0.059782608695652384,0.07142857142857154,0.020979020979020855,5
2018-07-13,-0.025220769307133472,-0.01434320793932493,-0.031450767923231565,-0.0286516224604314,-0.030201643231371193,-0.025137472190094903,-0.010562369390122471,3.469446951953614e-17,-0.011560693641618405,-0.00512820512820511,-0.025641025641025574,-0.08219178082191786,5
2018-07-20,0.011495333895481281,0.012469665557150018,0.01326926540929923,0.01511050044694346,0.00792406198008509,0.01432779030333431,0.006818561074164538,0.004366812227074393,8.673617379884035e-17,0.025773195876288426,-9.71445146547012e-17,0.029850746268656723,5
2018-07-27,-0.009955465736438383,-0.020642063623953717,-0.013541882996288165,-0.010269760414749512,-0.0036887356742396817,-0.009813789488851699,-0.012484899884944532,0.004347826086956396,-0.008771929824561629,-0.03517587939698505,-0.010526315789473717,-4.336808689942018e-18,5
2018-08-03,0.02541660424593187,0.04002741522604751,0.027433234309040544,0.030334734237428638,0.018808984029241055,0.02246422507499759,0.02803822772352807,0.01731601731601723,0.005899705014749405,0.052083333333333336,0.03723404255319153,0.014492753623188316,5
2018-08-10,0.026868753449940472,0.03182515814550256,0.016718791861601703,0.031426411567753755,0.023683500826015638,0.0270688199508761,0.035486400075794094,0.06808510638297909,0.008797653958944223,0.03960396039603954,0.02564102564102552,-0.007142857142856964,5
2018-08-17,-0.035323378743582656,-0.03942051133221443,-0.028174324819071693,-0.041890486665488946,-0.032339857785059524,-0.03542730009173559,-0.03878825834377642,-0.06374501992031889,-0.008720930232558047,-0.047619047619047734,-0.03499999999999998,-0.021582733812949655,5
2018-08-24,-0.03283283374842643,-0.022603650341011458,-0.03884696198001499,-0.030955061809588184,-0.037263336012824215,-0.03458239772732953,-0.022506768703317005,-0.008510638297872353,-0.04105571847507332,-0.01500000000000004,-0.02590673575129542,-0.07352941176470595,4
2018-08-31,-0.04886986483441398,-0.06868179552958843,-0.05037628792010633,-0.06660530167786735,-0.03821832863825326,-0.04781409896503895,-0.04121565390974758,-0.042918454935622304,0.024464831804281217,-0.09137055837563454,-0.053191489361702024,-0.07936507936507933,5
2018-09-07,-0.04425768765116446,-0.046096898427423545,-0.03499484279929123,-0.04640263687738112,-0.04834282533944727,-0.038449168429259474,-0.05304997106384217,-0.08071748878923764,-0.035820895522388194,-0.0279329608938547,-0.0674157303370787,-0.008620689655172395,5
2018-09-14,-0.03616220412768598,-0.030584530914319567,-0.04271325711399707,-0.02573082683696815,-0.038087966403847956,-0.03769338530870977,-0.036584564848906403,-0.009756097560975608,-0.07739938080495336,-0.028735632183908226,-0.030120481927710968,-0.03478260869565215,5
2018-09-21,-0.020859990050522338,-0.017362109043112788,-0.03573024681110005,-0.0281413484622668,-0.012758138052574926,-0.029152856646300386,0.001577885997608021,0.03940886699507377,0.006711409395973041,-0.05325443786982239,0.012422360248447164,-0.10810810810810802,5
2018-09-28,0.002158964187334121,-0.01415812879096283,0.0015017806192199308,-0.0055318191334220255,0.004239350602512011,0.010470299059528546,0.0001435438799937955,0.004739336492891013,0.0333333333333335,-0.006249999999999944,-0.03067484662576694,0.01010101010101017,5
2018-10-05,-0.02401868343751033,-0.0217485385943538,-0.015888676561450307,-0.03002754547527881,-0.028530345828013576,-0.02052321885791484,-0.02517186067017832,-0.05660377358490572,2.107689023311821e-16,-0.006289308176100651,-0.03797468354430385,-0.020000000000000066,5
2018-10-12,-0.029939722967966275,-0.07801673995303965,-0.0493287701516609,-0.02786009200338625,-0.008077471734815711,-0.02428004216224814,-0.03986067307714876,0.0500000000000001,-0.038709677419354736,-0.1139240506329114,-0.052631578947368376,0.010204081632653088,4
2018-10-19,0.02649573288141692,0.09519197587419737,0.03808150282344302,0.04455679974563967,0.0003515913824051182,0.01426928439373771,0.035644444550354815,-0.01904761904761894,-0.043624161073825655,0.13571428571428587,0.07638888888888881,-0.010101010101010192,5
2018-10-26,-0.010420321130672858,-0.011309625738762957,-0.021403458979872617,-0.013124272715985147,-0.009914197999454545,-0.009808248334203943,0.002110169371736093,0.033980582524271614,1.1839487723541708e-16,-0.012578616352201233,-0.012903225806451578,-0.06122448979591848,5
2018-11-02,0.0013582558319285383,-0.009407343347977132,-0.01004673636539592,0.0025769162713323735,0.0032146013655301904,0.006613199934585372,0.004421612120154867,0.04694835680751178,-0.0035087719298246083,-0.006369426751592319,-0.01960784313725492,-0.010869565217391353,5
2018-11-09,0.010325099298755252,0.008627875346357472,0.005088618392979956,0.015587953434072906,0.01290263700553127,0.00790505014843862,0.010153145400149015,0.03139013452914817,-0.010563380281690118,-9.280770596475918e-17,0.01999999999999993,0.01098901098901095,5
2018-11-16,0.0015616294399799677,0.011124274136555526,0.0019381175246474226,0.001059334841591207,-0.0012714767642067093,-0.0013175146187086532,0.007393578585985693,-1.0061396160665481e-16,0.003558718861209766,0.012820512820512796,0.013071895424836482,-0.02173913043478268,5
2018-11-23,-0.003088002583950836,0.005888625576373183,0.015218775211593745,-0.012598678299640748,-0.0038675660281800844,-0.008335119553325263,-0.005748768281113705,-0.07391304347826097,0.03546099290780135,-5.724587470723463e-17,0.018064516129032246,0.006666666666666478,5
2018-11-30,0.01077831666835928,0.018601157351259626,0.012282759299444173,0.010015097454795258,0.010242648426614267,0.0064691740254302415,0.014783092639221918,0.004694835680750979,0.013698630136986278,0.012658227848101142,0.02788339670468927,-0.006622516556291274,5
2018-12-07,0.024850860202916693,-0.0142392476512903,0.029332374248806636,0.03805815065378517,0.03562746168320899,0.03659728413771925,-0.01730220303588286,0.004672897196261697,-0.030405405405405504,-0.019999999999999907,-0.023427866831072737,0.16222222222222218,5
2018-12-14,-0.00817054615415632,-0.04452231270151691,-0.014785443765092334,-0.005029896291619762,0.006048869574096248,-3.5813203414746852e-06,-0.02688286149526167,0.018604651162790746,-0.020905923344947765,-0.06377551020408156,-0.04040404040404051,0.06883365200764813,4
2018-12-21,-0.014302486025225155,-0.026080236148674676,-0.01679974680322063,-0.017984383145548583,-0.007588613581378519,-0.014269039062470925,-0.014928454132796932,-0.004566210045662064,-3.469446951953614e-17,-0.04087193460490458,-0.014473684210526227,-0.012522361359570536,5
2018-12-28,-0.011545054636075294,-0.01921788706292228,-0.014421515831204072,-0.010065349112758146,-0.006618112763341136,-0.011765213131215651,-0.01486691111563877,-4.683753385137379e-17,-0.017793594306049813,-0.03125000000000011,-0.010680907877169639,0.0018115942028985043,3
2019-01-04,0.0072853167437913575,0.012909442100283407,0.006802870145352739,0.00818834570611142,0.0038822123797695113,0.00705442817552312,0.010471894807366886,0.00917431192660545,0.003623188405797117,0.02052785923753652,0.008097165991903035,-0.005424954792043456,3
2019-01-11,0.032097674114601425,0.03850926392109289,0.03210900425590792,0.04021479321786595,0.020320952370120122,0.04015019856881238,0.027658742178594993,0.03181818181818183,-1.1232334506949826e-16,0.07902298850574725,-6.938893903907228e-18,0.04909090909090928,5
2019-01-18,0.05379969528478366,0.0722511902244143,0.06522187616600152,0.04729938911876214,0.048585932908665495,0.04774432042313543,0.06009597863522813,0.008810572687224584,0.07942238267148011,0.07456724367510002,0.07764390896920985,0.02772963604852679,5
2019-01-25,0.00784674124643424,-0.006504540483258438,0.00867836733528015,-0.008163472808943981,0.012299964890534539,0.012001938506528366,0.014513083935850657,0.0043668122270742165,0.07357859531772593,-0.009913258983890987,-0.008695652173913127,-0.018549747048903917,5
2019-02-01,0.09659314357938319,0.09448423940706549,0.11932047963265154,0.12436398043500592,0.10124103877719862,0.09526309659116723,0.043919932399386574,0.008695652173913026,-0.009345794392523248,0.07759699624530643,0.10150375939849623,0.3230240549828176,5
2019-02-08,0.0019462094215837885,-0.0028920332947693244,-0.004359924162058613,0.007182648145304862,0.0034861293719859457,0.0032462199511876302,6.889955343868066e-05,0.025862068965517404,-0.01886792452830198,-0.004645760743321505,-0.0034129692832764774,0.009090909090909349,4
2019-02-15,-0.017518758383420145,-0.029378069830012683,-0.017824719982349174,-0.011426503866506666,-0.016946458809529292,-0.00983160715714877,-0.03148843531478785,-0.01680672268907586,-0.0416666666666666,-0.019836639439906642,-0.04794520547945198,0.03989703989703973,5
2019-02-22,-0.034357380427336555,-0.010460071239047412,-0.035494028634357244,-0.03460797391325534,-0.039961480047436264,-0.04482257851043515,-0.016763269484387392,-0.02991452991452992,-0.03344481605351171,-0.011904761904761951,0.008393285371702483,-0.10272277227722777,5
2019-03-01,0.013796544958459443,0.008093836525047238,0.008413132823335554,0.015424759135137951,0.019705122932355802,0.011289715954576587,0.014133735618162571,0.03524229074889877,0.006920415224913706,-0.00963855421686753,0.02378121284185481,0.012413793103448404,5
2019-03-08,9.738928429379407e-05,0.012635370639648444,-0.0009530096093252298,0.004446210002521114,-0.005384481370637633,-0.0025156150551435635,0.004885641807558174,0.004255319148936354,-0.017182130584192462,0.021897810218978284,0.01045296167247385,-0.019073569482288836,4
2019-03-15,0.029678904870671458,0.027703485307956282,0.03496667839566223,0.023990520462871565,0.030825095604260812,0.02961354801605383,0.028958761474613876,0.008474576271186602,0.05244755244755245,0.024999999999999894,0.02988505747126403,0.03194444444444434,5
2019-03-22,-0.01951026170104858,-0.03320043914338948,-0.02335044644283432,-0.023601730091724688,-0.009210697848375585,-0.021350202090576628,-0.020047032423746444,-0.004201680672268944,-0.0033222591362126555,-0.06039488966318222,-0.012276785714285738,-0.017496635262449482,5
2019-03-29,0.01672812804232966,0.03907351086611268,0.020922448898307466,0.020927305327988317,0.002665779470194504,0.017213922116399397,0.021979849369413888,-9.540979117872439e-18,-7.936359902593892e-17,0.07416563658838075,0.014689265536723197,-0.004109589041095928,5
2019-04-05,-0.00840874474445064,-0.01634059682936205,-0.015679921436370006,-0.003811407909479415,-0.0021081198572392465,-0.01023327762523367,-0.010172739196321903,0.021097046413502192,-0.026666666666666713,-0.03337169159953992,-0.0011135857461023815,-0.0013755158184319647,5
2019-04-12,-0.0009428277939915278,0.000818372646560856,0.0008852374864806568,0.002244247123785919,-0.001499484363514384,-0.0017406914650632541,-0.004606910138803213,-0.008264462809917328,-0.01369863013698619,0.0011904761904760425,0.0022296544035674878,0.013774104683195502,5
2019-04-19,-0.03636299465693345,-0.01238268572789076,-0.04330036685496556,-0.031615206252449464,-0.042152976094917576,-0.045584756176467664,-0.0190789828385644,-0.008333333333333384,-0.05555555555555571,-0.0130796670630202,0.0011123470522802089,-0.10461956521739116,4
2019-04-26,-0.03559426306506891,-0.03190903126371817,-0.046443802129738906,-0.02628507666131286,-0.04138404430268919,-0.030221850762882255,-0.033846708061835144,0.008403361344537815,-0.07352941176470583,-0.014457831325301181,-0.0577777777777779,-0.04400606980273148,3
2019-05-03,-0.014518585865500049,-0.009191326683505195,0.008568421582351438,-0.018144018345880836,-0.021144990307750872,-0.01195242809387975,-0.030036180590891064,-0.1083333333333334,1.222980050563649e-16,0.011002444987775256,-0.024764150943396183,0.04761904761904751,3
2019-05-10,-0.07628963680964779,-0.10040389633726045,-0.09360879249901972,-0.08338557632751224,-0.06306156423185283,-0.07636302612500316,-0.0648058727554672,-0.0046728971962615995,-0.04761904761904764,-0.12817412333736414,-0.07617896009673522,-0.1212121212121212,5
2019-05-17,0.009345293731641197,0.02198603855017644,0.023627419423605953,0.01892327815480719,0.0027126342591717754,0.008421966245669626,-0.007096295684679853,-0.04694835680751172,-0.029166666666666764,0.036061026352288666,0.010471204188481619,0.07413793103448284,5
2019-05-24,0.0004109190347965521,0.014297611406300812,-0.005707647184082237,0.005883845677587817,0.0008275004025723643,-0.01122282933777,0.012345537927402693,0.024630541871921315,-0.021459227467811273,-0.0013386880856758963,0.047927461139896405,-0.04654895666131601,5
2019-05-31,0.03529960482619099,0.029124449514490135,0.045503132807921,0.025808395171118607,0.029424941855591993,0.04940234176999977,0.02620089166960177,-0.00480769230769238,0.07017543859649117,0.05764075067024142,-0.019777503090234842,0.07070707070707068,5
2019-06-07,0.002426674990050718,0.00643637985540271,0.0018260588803982296,0.0009759648186668592,-0.00012868839770786204,0.0036641522032725975,0.00579839857443675,0.004830917874396158,0.008196721311475553,0.012674271229404413,-0.002522068095838659,-0.011006289308176145,2
2019-06-14,-0.0017158643956766476,-0.002571372641939767,0.00024087069988058216,-0.0032191656254833213,-0.0012180089136841021,-0.0018492195534750328,-0.0025587553352471874,-0.009615384615384592,0.004065040650406401,-0.0037546933667085124,-0.0012642225031604419,0.001589825119237156,5
2019-06-21,-0.011687169097187406,-0.016880826448317565,-0.015802570865191188,-0.009544053381069317,-0.009606193217188587,-0.011152035602459793,-0.012362187576421841,0.004854368932038759,-0.020242914979757047,-0.020100502512562804,-0.013924050632911321,-0.009523809523809773,5
2019-06-28,-0.005154135671299236,0.00011086383670134017,-0.007660628412672121,-0.003357639628431965,-0.007765440727044052,-0.004874692414673788,-0.0021571007127477266,0.004830917874396154,-0.012396694214876098,0.0051282051282053286,-0.00641848523748385,-0.01762820512820506,5
2019-07-05,0.011945373514342737,0.023466616336246773,0.01858139140967118,0.008641628386781511,0.00982617477090388,0.006532878388284816,0.016148615473914114,-0.014423076923077007,0.02510460251046004,0.020408163265305937,0.03359173126614969,-0.0048939641109296,5
2019-07-12,-0.005313093648713272,-0.006973819022664361,-0.00664296134537586,-0.0036082185352958643,-0.006060383187596769,-0.0032159854704985505,-0.007056004613269236,-1.734723475976807e-17,-0.01224489795918369,-0.002500000000000039,-0.013750000000000056,0.0016393442622951834,5
2019-07-19,0.008968635810045976,0.012002452906552587,0.009964641437152928,0.010174030766295306,0.007433796757166372,0.008968429677291313,0.008273040456426293,0.004878048780487898,0.004132231404958664,0.015037593984962006,0.008871989860582578,0.011456628477905014,5
2019-07-26,-0.005434568548595512,-0.001929261068286348,-0.011574032577284328,-0.004752827593824327,-0.005569753744227021,-0.007417168755278428,0.0021618319331329575,0.01941747572815548,-0.008230452674897132,-0.004938271604938465,0.0025125628140703574,-0.03559870550161806,5
2019-08-02,-0.005373749671811739,-0.007260918120561786,-0.01142015987093331,-0.004653651951244214,-0.004877855348045263,-0.004217386674471051,-0.001698918917557229,0.01904761904761872,-0.008298755186722183,-0.007444168734491494,-0.01002506265664154,-0.020134228187919642,5
2019-08-09,-0.0015725769158505749,0.003876689635465621,-0.0008086254493208605,-0.004095368841469555,-0.0032171271194523098,-0.0029488680427645422,0.0031951020862477425,-0.004672897196261685,0.008368200836820154,0.005000000000000223,0.0037974683544303406,-0.02054794520547924,5
2019-08-16,-0.010835566970385981,-0.01694204929518576,-0.015866529653030717,-0.009393931598242531,-0.005091656704324808,-0.01416536934162235,-0.009649368293743583,0.00938967136150222,-0.016597510373444195,-0.03358208955223882,0.0025220680958385282,-0.015734265734265788,4
2019-08-23,-0.0034097212251094754,0.012561350680841977,-0.0054436176663370615,0.007464017163724746,-0.010418185051597112,-0.006143298178015143,-0.0024959159611821807,0.004651162790697683,-0.04641350210970462,0.02445302445302426,0.007547169811320509,-0.0071047957371224825,5
2019-08-30,0.008119316172851566,-0.0016069634457276435,0.006671001232905524,0.00680642824921081,0.011093529064022235,0.010783688739554665,0.005240616437596182,0.013888888888888777,0.013274336283185646,-0.003768844221105459,-0.0024968789013731,0.019677996422182653,5
2019-09-06,-0.030145259739112015,-0.04247384778113211,-0.034332579525135014,-0.031191848545164654,-0.027205446871925408,-0.025484501169115537,-0.03263219646167063,-0.013698630136986165,-0.026200873362445233,-0.04287515762925586,-0.048811013767209206,-0.021052631578947188,5
2019-09-13,0.02286314098347693,0.010514876787576065,0.027350916037027082,0.008628469954421644,0.02997949494259733,0.02297391993441979,0.025425544373424053,0.004629629629629584,0.08071748878923775,-0.005270092226614028,0.02236842105263151,0.01254480286738356,5
2019-09-20,0.01069338417416139,0.015732308270976568,0.013374135299725481,0.014409014769642198,0.0103685100567047,0.005960393942353089,0.009344510074991553,6.938893903907228e-18,-0.004149377593360873,0.01192052980132482,0.02960102960102944,0.01592920353982278,5
2019-09-27,0.014024478916893629,0.009158515623310087,0.014051292463955077,0.021806616623193924,0.02256421983718486,0.005105636861010004,0.006654854912110288,0.013824884792626863,-0.01666666666666669,-0.019633507853403315,0.04999999999999992,0.04355400696864102,5
2019-10-04,-0.008178149586184093,-0.010020066161027397,-0.010285583565346987,-0.014395617976712453,-0.010615883216754595,-0.00305175167444838,-0.0026115092402757213,1.0408340855860843e-17,0.016949152542372725,0.0013351134846462218,-0.02857142857142869,-0.03171953255425698,5
2019-10-11,0.0005244094980194135,-0.005521473297509406,-0.0027483541782523796,-0.0003919058620777969,0.008617657233332963,-0.003390183375428897,0.0004791652986793087,0.0136363636363636,0.004166666666666651,-0.031999999999999904,0.015931372549019503,-2.0816681711721685e-17,4
2019-10-18,0.07035752062129803,0.06146710821931586,0.0826005931722326,0.07646332540427225,0.06954819405424745,0.0752656700242344,0.04793424097925326,0.022421524663676997,0.04564315352697087,0.07300275482093707,0.05066344993968631,0.160344827586207,5
2019-10-25,0.019103781290258207,0.033890903153641454,0.020561152019069034,0.025938409274827854,0.013974311265018744,0.015279875186439647,0.01978293826139375,0.013157894736842106,-0.007936507936507863,0.039794608472400274,0.03444316877152694,0.016344725111441392,4
2019-11-01,0.1625831135898631,0.19411011859359664,0.17176589073984658,0.1398730027335184,0.14688757487045476,0.1702715993119038,0.18437287836146823,0.12554112554112523,0.2559999999999998,0.22592592592592575,0.13207547169811323,0.07748538011695895,5
2019-11-08,-0.030020317362973142,-0.023972790532125678,-0.028955133902358952,-0.0329566192200539,-0.032040786053238644,-0.031573749157406,-0.024752467660066155,-0.03461538461538459,-0.019108280254776976,-0.02316213494461228,-0.024509803921568592,-0.05156037991858881,5
2019-11-15,-0.015552563575260386,-0.006379346390166518,-0.007390379651684503,-0.014896524830974391,-0.016676544682555843,-0.021970120498938154,-0.016971123425196053,-0.04780876494023913,-0.019480519480519484,-0.01134020618556693,0.010050251256281362,-0.011444921316165915,5
2019-11-22,-0.007877525193453477,0.0008825397779667831,-0.01089644518778432,-0.0015307997572401358,-0.015480679170808366,-0.0015760335673941622,-0.009868436739323822,0.00418410041841016,-0.03311258278145694,0.02294056308654849,-0.032835820895522325,1.812786032395764e-16,5
2019-11-29,0.04641279240653014,0.034050913856521196,0.03920059718930211,0.03475433969892013,0.0506011050639129,0.05072535119768446,0.05675605702245566,0.07500000000000002,0.0924657534246575,0.02956167176350676,0.02880658436214002,0.0057887120115775684,5
2019-12-06,-0.0012121421861353435,0.021879029418008133,0.0003415874548627888,0.0032162014930325476,-0.008854685197803431,-0.0065011725225712115,0.005764042962679158,-0.007751937984496125,-0.018808777429467086,0.02970297029702964,0.01999999999999999,-0.028776978417266126,5
2019-12-13,0.0009287319356680546,-0.006026754946832022,-0.002732312274819686,0.004348097226188658,0.005997424779635308,-0.0037513725692574296,0.000785640126106405,0.015625000000000003,-0.012779552715654955,-0.019230769230769197,0.019607843137254916,0.0014814814814815725,4
2019-12-20,0.019484598351731167,0.02491186114607765,0.022439853140124907,0.01866605341454016,0.01813053732820556,0.017145181409210158,0.02101603669943008,0.00769230769230749,0.022653721682847783,0.02450980392156849,0.0288461538461539,0.013313609467455951,5
2019-12-27,0.02131895872124596,0.006800678519263079,0.022831984192787865,0.02347040531373502,0.024221696683204508,0.027878377026698813,0.008234777033146966,0.0152671755725192,0.012658227848101134,0.00956937799043052,-0.004672897196261626,0.07445255474452521,3
2020-01-03,0.02041420571089372,0.02573611367349681,0.022658942712644726,0.01692896256669593,0.017225781927054144,0.023133756734117467,0.022106899067775774,0.011278195488721741,0.03437499999999994,0.03317535545023706,0.009389671361502311,0.013586956521739111,4
2020-01-10,-0.0018976956423428044,0.001692816396144453,-0.003340678852587141,-0.0022484237469881678,-0.0012508967444948317,-0.007064201128714157,0.004403993009169042,0.003717472118959123,-0.0006042296072509249,-0.004587155963302746,0.018604651162790673,-0.02680965147453083,5
2020-01-17,-0.02819833553122849,-0.04523847460508886,-0.03343122772951837,-0.024858645285221324,-0.023722919337555742,-0.022775632362469753,-0.03622259407062042,-0.007407407407407467,-0.04171704957678344,-0.04608294930875578,-0.050228310502283074,0.0041322314049587906,5
2020-01-24,-0.012678146438576005,-0.009794051136495088,-0.009349437949291493,-0.01113696754252907,-0.012269048063898318,-0.01583846235670017,-0.014813365117267316,-0.026119402985074695,-0.01892744479495261,-0.014492753623188368,1.474514954580286e-17,-0.004115226337448689,5
2020-01-31,-0.006374280335036065,-0.009397508979818284,-0.010813709570971237,-0.0015003821133938015,-0.004288855482564979,-0.007975005303627561,-0.0072820853212072646,0.011494252873563045,-0.02572347266881036,-0.014705882352941268,-8.326672684688674e-17,-0.0027548209366390153,5
2020-02-07,0.00013936567205968773,0.007472180979011703,-0.002678640855321393,0.003314205500538673,-0.0061770371388905065,0.004997997732215904,0.0011761683425208687,0.0113636363636365,-0.01320132013201331,0.024875621890547234,-0.019230769230769197,-0.004143646408839843,5
2020-02-14,-0.01041916059487489,-0.022077339622239317,-0.012091057476550161,-0.013866227236342196,-0.0054865078778353425,-0.009363365032795355,-0.011291319654748786,-0.003745318352059666,0.003344481605351168,-0.030097087378640672,-0.014705882352941145,-0.006934812760055522,4
2020-02-21,-0.008188166301141993,-0.009619607791913343,-0.007465517724408159,-0.007749952402984755,-0.007740018190651371,-0.00776433810576936,-0.010239686409083473,-0.011278195488721771,-0.009999999999999983,-0.010010010010010112,-0.00995024875621882,-1.0581813203458523e-16,5
2020-02-28,-0.05996668183212032,-0.05494684613140096,-0.07110273504808616,-0.059960864469561316,-0.06294601486748064,-0.059608278388577594,-0.046299463090035006,-0.01520912547528526,-0.060606060606060656,-0.04853387259858444,-0.06231155778894483,-0.11452513966480452,5
2020-03-06,0.015458878076733065,-0.005516205401937373,0.01623064860358259,0.015477437363012164,0.02393884022106138,0.018893320250554325,0.002623753357040839,0.01158301158301146,0.014336917562724132,-0.01806588735387868,0.0010718113612003435,0.06624605678233451,5
2020-03-13,-0.12968623356590986,-0.13579246274937487,-0.1288470829007339,-0.13815309135369216,-0.12783029795086034,-0.12776642557657908,-0.12590356706929273,-0.133587786259542,-0.09540636042402834,-0.1374458874458875,-0.13811563169164884,-0.14497041420118334,5
2020-03-20,-0.06994162024358146,-0.09067056470737954,-0.06128260455032493,-0.08453430745709216,-0.056674612156444815,-0.07019726456257874,-0.07706261372402964,-0.1013215859030838,-0.01562500000000001,-0.12170639899623585,-0.06956521739130428,-0.04325259515570934,5
2020-03-27,-0.012336962617354607,-0.03894946214203513,-0.014603053935275116,-0.02063806895861426,-0.008287826736040501,0.0008331131984017127,-0.019171048674415294,-0.004901960784313577,0.01984126984126973,-0.028571428571428494,-0.06542056074766374,0.014466546112115912,5
2020-04-03,-0.012428813320242958,-0.002497117837099619,-0.009912784904303687,-0.006871329358722918,-0.016988307889150928,-0.014177562635288724,-0.014238763013916194,-0.02266009852216759,-0.035019455252918275,0.00588235294117636,-0.005714285714285913,-0.005347593582887736,5
2020-04-10,0.007853971606537856,-0.008283336309153531,-0.0009798215117164633,0.0018016346041645505,0.018421471289552283,0.007659075640919719,0.012403966808750062,0.043346774193548224,0.03225806451612904,-0.0336257309941523,0.008620689655172573,-0.010752688172042911,4
2020-04-17,0.0008024928497692406,0.013548706886236312,0.008130456193434063,0.010407279417963152,-0.002401042947143884,-0.005175369997051919,-0.00705248631866067,-0.0289855072463768,-0.039062500000000076,0.013615733736762609,0.024216524216524097,0.032608695652173836,4
2020-04-24,0.01807715995296917,0.029562629005488422,0.010164588961615624,0.02461997394991255,0.013797104431612747,0.015582413932085567,0.026181810654097113,0.04975124378109443,-0.00813008130081327,0.03432835820895543,0.027816411682892634,-0.014035087719298164,5
2020-05-01,0.05954367191838242,0.07263781513113118,0.07350796795987324,0.06511561131412888,0.04579865627049475,0.064453643600198,0.048843330558038925,0.004739336492890929,0.036885245901639226,0.11544011544011537,0.039242219215155444,0.10142348754448402,4
2020-05-08,0.028750971324374756,0.010886937576927191,0.029926338432358052,0.02494187477066035,0.03621743094793478,0.03122187320909778,0.021167918587960716,0.023584905660377596,0.04347826086956529,-0.0012936610608020472,0.016927083333333454,0.056542810985460386,5
2020-05-15,-0.0798051064374976,-0.07505016107470612,-0.09160183964782026,-0.09470244996970252,-0.08013295231834267,-0.0806724191614352,-0.05175392035845735,-0.032258064516129,-0.018939393939393895,-0.08031088082901554,-0.07682458386683733,-0.18807339449541297,5
2020-05-22,-0.015023695650576553,-0.02327003277634864,-0.018966642355671238,-0.006103973322740306,-0.009861969542002736,-0.016813188204065965,-0.023445967885401525,1.1449174941446927e-16,-0.050193050193050086,-0.036619718309859016,-0.008321775312066343,0.01883239171374755,5
2020-05-29,0.008455670576879638,0.009219020782734986,0.0033526849852695438,0.009535175635894823,0.00400007614258376,0.013391035951935174,0.01190375754613046,0.02857142857142856,0.0040650406504063015,0.02485380116959047,-0.01118881118881114,-0.005545286506469599,4
2020-06-05,-0.007452666809029559,-0.00936632474791806,0.009873446743705532,-0.013495151413017124,-0.006432534469038796,-0.008268087995349734,-0.018973642596054704,-0.07592592592592594,0.016194331983805963,-0.012838801711840186,-0.004243281471004164,0.0390334572490705,4
2020-06-12,-0.013479297377848396,-0.003466673185677159,-0.014846801362947568,-0.010864196272632565,-0.014387302674617039,-0.018947385925549603,-0.0083574462989904,-0.008016032064128148,-0.02390438247011958,-0.010115606936416223,0.008522727272727106,-0.033989266547406104,5
2020-06-19,0.0165867523872521,0.02880532078307174,0.019673633778441196,0.01551760955953698,0.01052448446676873,0.016478984348841902,0.02069452912175701,0.004040404040403841,0.020408163265306152,0.04087591240875902,0.016901408450704314,-7.632783294297951e-17,5
2020-06-26,-0.0011520943440505341,-0.00438097037926171,-0.005436410563016849,0.001513537216464767,0.0023384903648518414,-0.0035189050628263445,-0.0007177939842192547,0.016096579476861328,-0.01200000000000008,-0.015427769985974605,0.008310249307479088,-0.003703703703703767,5
2020-07-03,-0.028772084777908602,-0.05099797769596794,-0.032993693988346555,-0.03490763111153055,-0.020199467655708493,-0.02393676412858208,-0.031794931628254156,-0.011881188118811814,-0.004048582995951343,-0.06267806267806281,-0.04807692307692313,-0.01672862453531588,5
2020-07-10,-0.027167406089323685,-0.010235702741910569,-0.014197233387982492,-0.02281560616474194,-0.03525304078644007,-0.02963354569523012,-0.03392358856551246,-0.07815631262525065,-0.0447154471544717,0.004559270516717213,-0.017316017316017288,7.26415455565288e-17,5
2020-07-17,0.00872534542945788,0.02273420873169103,0.011415509510149554,0.009802970465364037,0.004816129673316298,0.003542366140534528,0.01397286780799738,-0.002173913043478431,0.0042553191489362535,0.0242057488653556,0.029368575624082457,-0.01323251417769375,5
2020-07-24,-0.033351224811789704,-0.027188686955684147,-0.03731421778173702,-0.020419037576945968,-0.03190999472847026,-0.04021926828036897,-0.03690518529602516,-0.01742919389978211,-0.0847457627118645,-0.039881831610044265,-0.00570613409415127,-0.019157088122605526,5
2020-07-31,-0.022218493875534606,-0.008952686092543669,-0.026780517481143244,-0.02200686682443455,-0.027007601633412218,-0.02383764287831314,-0.011447006790905068,-0.0044345898004434295,-0.02314814814814821,-0.00307692307692307,-0.01578192252510765,-0.06445312500000008,4
2020-08-07,-0.02335241105935342,-0.033749590544659404,-0.029957089020821247,-0.02463073941275339,-0.02050106316440173,-0.019355205908093184,-0.022540727582986714,0.002227171492204834,-0.01895734597156404,-0.03703703703703704,-0.03935860058309015,-0.02713987473903965,5
2020-08-14,-0.0204929328854939,-0.035404454855135825,-0.0313438384689415,-0.029467372818634797,-0.018670680803081794,-0.010880165357201307,-0.012357527158852565,0.022222222222222206,0.01449275362318856,-0.030448717948718035,-0.05918057663125951,-0.053648068669527885,5
2020-08-21,0.06169227158716231,0.10412065626178878,0.05793322363364512,0.07370851705316332,0.04922868473125503,0.04939939214124574,0.07810506852523436,0.07608695652173927,0.014285714285714166,0.11239669421487619,0.11129032258064539,-0.0068027210884354355,5
2020-08-28,0.07182818701383488,0.07858745754932799,0.08794201861280174,0.06064688165815106,0.06739640626560836,0.07121729600331747,0.07195195965898056,0.00808080808080798,0.11737089201877908,0.08915304606240698,0.07402031930333774,0.07077625570776273,5
2020-09-04,-0.02940782699567157,-0.03556481442793374,-0.02894848850386977,-0.030508593479515865,-0.02554407772967786,-0.03014495337915593,-0.031985471807844716,-0.03206412825651298,-0.025210084033613397,-0.04502046384720318,-0.02702702702702703,-0.01918976545842229,5
2020-09-11,0.02194471772878355,0.04646624575563604,0.022625812704469592,0.026251982429472093,0.014147694582622737,0.013614007671702755,0.03307814187168726,0.01863354037267065,0.004310344827586089,0.052857142857142846,0.05555555555555555,-0.021739130434782584,5
2020-09-18,0.005617240881399816,-0.009757169768424348,0.006988543062867389,0.0015748120070994008,0.012855136593499555,0.007018958640006121,-0.00040086765716470087,3.642919299551295e-17,0.021459227467811166,-0.023066485753053107,-1.9949319973733282e-17,0.02888888888888875,5
2020-09-25,0.009627523110231755,0.030405193446812504,0.012497564487992559,0.012028813240005874,0.0026008451180184176,0.005152620405622325,0.01584792541544978,-0.002032520325203274,3.0357660829594124e-17,0.037499999999999915,0.027631578947368274,-0.015118790496760142,5
2020-10-02,-0.026262631539294506,-0.03877322097420046,-0.0257755299306489,-0.02863473307713573,-0.020406381222177642,-0.02643021062655798,-0.03007319506238979,-0.028513238289205975,-0.01680672268907576,-0.04953145917001346,-0.02560819462227909,-0.010964912280701683,5
2020-10-09,0.00010821444295375755,-0.007390343321863958,0.0011691683219853634,-0.0031274265770776634,0.0035658737121607616,0.0004263482231088597,-0.0015344821965864103,-0.00419287211740019,0.012820512820512954,-0.014084507042253502,-0.0013140604467805617,0.006651884700664976,5
2020-10-16,-0.006469133106916203,-0.014649716494262869,-0.008125641522988333,-0.008128485340534038,-0.004891423652579963,-0.001472381139621666,-0.00974134740615143,8.673617379884035e-17,2.4980018054066027e-16,-0.01285714285714298,-0.026315789473684174,0.006607929515418718,5
2020-10-23,-0.012264384632163863,-0.0047809685812708535,-0.012706191231112106,-0.006946455813381862,-0.014959998975550701,-0.01465613111643328,-0.012068039514004753,-0.010526315789473615,-0.0337552742616034,-0.0014471780028943637,-0.002702702702702768,-0.013129102844638914,4
2020-10-30,-0.01799405481532386,-0.027779274763768888,-0.019318151709660884,-0.023741977941340323,-0.014142617048949875,-0.01573933850283086,-0.017092317393503163,-0.012765957446808522,0.004366812227074225,-0.033333333333333284,-0.027100271002710008,-0.022172949002217494,5
2020-11-06,0.01419557049581199,0.025650822193932242,0.010227823147076534,0.01976170951006932,0.009565252317456717,0.01415218615421641,0.017156007487575172,0.030172413793103425,-0.008695652173913083,0.03148425787106424,0.013927576601671203,0.002267573696145253,5
2020-11-13,0.024993850019890913,0.04745290124018034,0.025449861375801824,0.029028854086078682,0.014328230148788241,0.02328185331942562,0.032875762860771165,0.023012552301255054,0.00877192982456145,0.0683139534883721,0.031593406593406405,-0.006787330316742049,5
2020-11-20,-0.009424946498148646,-0.024976351479586257,-0.0057273800069918305,-0.011900428689357938,-0.0035863574699033216,-0.006910884104140194,-0.019027308393819727,-0.024539877300613567,-8.326672684688674e-17,-0.03265306122448966,-0.019973368841544527,0.02961275626423701,5
2020-11-27,-0.0038810496675687413,-0.012719385537139182,-0.0050471781949583796,-0.006032422223197563,0.00179153384543237,-0.006232834435152146,-0.004008061639398886,-4.85722573273506e-17,0.00434782608695649,-0.02672292545710259,0.005434782608695647,-0.004424778761061905,5
2020-12-04,0.014853583455362952,0.003740997281988672,0.01185900337439468,0.01637591406982805,0.017394171153759328,0.019236317595380612,0.00920478885351816,0.025157232704402583,0.008658008658008722,0.004335260115606751,-0.0027027027027027016,0.035555555555555576,5
2020-12-11,-0.0052442439091107155,0.0028137721027798783,0.004833844953859526,-0.009758865843827446,-0.008342464271189525,-0.006898643579704943,-0.006023092146751525,-0.044989775051124684,0.012875536480686862,0.007194244604316575,0.0013550135501356928,-0.002145922746781142,5
2020-12-18,-0.002046369739070269,-0.008033790075368847,0.0012032845187151672,-0.001517306953774443,0.000242118707886167,-0.0012186839645784689,-0.008943273229875844,-0.014989293361884343,-0.004237288135593345,-0.011428571428571442,-0.005412719891745699,0.025806451612903035,5
2020-12-25,0.016307841239670117,0.016302498054969174,0.01425055727651298,0.01717627704979565,0.01744508307698121,0.014877937243264524,0.017723772479019555,0.023913043478261183,0.01276595744680879,0.011560693641618519,0.021768707482993335,0.010482180293501123,4
2021-01-01,0.04889137630248557,0.033234699031784734,0.05478412195654684,0.0485014826535744,0.0498999269831661,0.05750981395798148,0.03378205271586626,0.025477707006369324,0.05042016806722695,0.04428571428571421,0.014647137150466054,0.10995850622406608,3
2021-01-08,-0.0063847444763403755,-0.005919481431896026,-0.003328925856491658,-0.017731363473429136,-0.00421959959939155,-0.009379030900122336,0.0027655026342277822,-0.01863354037267071,0.039999999999999786,-0.015047879616962948,0.005249343832020962,-0.042990654205607486,5
2021-01-15,-0.0042791785331021065,-0.0029763787744298076,-0.005901916808147144,-0.0034465456545434946,-0.011535733101754457,0.0039059980307121953,-0.004395413278694967,0.002109704641350086,-0.007692307692307668,0.024999999999999894,-0.03655352480417752,-0.0039062499999999445,5
2021-01-22,-0.009468686020973833,-0.006364022595412805,-0.010789277352424012,-0.006044003764937856,-0.013885676174695948,-0.005782774197573382,-0.01086104206187186,-0.004210526315789432,-0.02325581395348848,0.008130081300813184,-0.024390243902438987,-0.003921568627450949,5
2021-01-29,-0.012603261131984768,-0.012570834431062999,-0.01214137807025173,-0.015751831110630388,-0.011073422994132224,-0.01471952605570722,-0.009352562225222807,-0.01479915433403801,-6.071532165918825e-18,-0.018817204301075256,-0.004166666666666521,-0.025590551181102247,5
2021-02-05,0.0014513280764852413,0.021132102950392515,0.0031551175765921835,0.009572206505778603,-0.0033790036245035853,-0.006461688075284674,0.004274549521235776,-0.006437768240343449,-0.03174603174603184,0.02054794520547928,0.03347280334728016,-0.010101010101010074,5
2021-02-12,0.023516664781930322,0.020538062073211426,0.02017638101635454,0.01910383339906558,0.025354679588264286,0.02297159356179001,0.029966114247172288,0.03671706263498936,0.040983606557377185,0.01610738255033559,0.02564102564102572,-0.002040816326530569,5
2021-02-19,0.009833160198278193,0.02399898675585727,0.011762584794511543,0.010214918830985905,0.008205504249193479,0.002520014375098486,0.016447561238026542,0.0020833333333331815,0.007874015748031614,0.015852047556142775,0.03947368421052642,-0.016359918200408934,5
2021-02-26,0.003179982461873856,-0.014232241708985384,0.0013331109632249939,-0.000889460814179858,0.007538228682039914,0.008716663534776174,-0.0008332112270270005,0.010395010395010387,0.01953125000000005,-0.014304291287386275,-0.018987341772151847,0.018711018711018695,5
2021-03-05,0.0067005017948144514,-0.003422944449718183,0.011439611954389396,0.00925442022087209,0.0073100559797620165,0.011921941270843157,-0.006585805516814453,-0.012345679012345703,-0.003831417624521151,0.003957783641161105,-0.014193548387096652,0.057142857142857204,5
2021-03-12,0.006514499535522654,0.04333261447119779,0.012865071899360729,0.009058632090652616,-0.004441345453721149,-0.003185773986740807,0.018358570503631384,-0.01874999999999992,-0.0038461538461539574,0.05124835742444173,0.045811518324607184,-0.040540540540540605,5
2021-03-19,0.03113360337513729,0.03900088754654457,0.03844510020812762,0.020604534199689408,0.028545010672277,0.030145598726682286,0.037936321677899884,0.002123142250530707,0.0733590733590735,0.04124999999999999,0.03504380475594483,0.004024144869215134,5
2021-03-26,-0.035602861168566875,-0.013482299943974676,-0.029194702798518084,-0.03916326548032431,-0.04064961904914311,-0.04304894179116039,-0.026008193532053813,-0.06144067796610179,-0.021582733812949752,-0.015606242496998863,-0.0060459492140265605,-0.07414829659318604,5
2021-04-02,-0.0162779512877951,-0.02953075495022375,-0.018757562602445033,0.010643285120856017,-0.009091928946889958,-0.02039208810121994,-0.043600334986763016,-0.0067720090293453454,-0.12132352941176486,-0.04756097560975619,3.8163916471489756e-17,0.09740259740259724,4
2021-04-09,-0.014433339332049783,-0.02858511609080815,-0.019717480004831377,-0.017016930434160256,-0.009391122534464964,-0.01137734772836353,-0.014685073429515662,0.006818181818181668,-0.004184100418409896,-0.0345710627400766,-0.026763990267639787,-0.013806706114398533,4
2021-04-16,0.027255841568351733,0.03648391989910026,0.03583800635589569,0.036260135534777756,0.02643221022437267,0.02160616249421453,0.016207970925952737,-0.006772009029345092,-0.008403361344537787,0.03050397877984103,0.04999999999999961,0.07200000000000024,5
2021-04-23,-0.015208460417372074,-0.0022418850308082287,-0.016739696465483154,-0.021125337565719434,-0.020720695959699765,-0.016722404276577143,-0.0007603163270901531,-0.009090909090909172,0.008474576271186383,0.006435006435006568,-0.009523809523809552,-0.07276119402985079,5
2021-04-30,0.0011475079456898464,-0.011346626205318164,-0.00030207812876388904,-0.004822907120392849,0.0010438038371245652,0.00946879625580498,0.000300598383096201,0.006880733944954098,0.025210084033613356,0.0012787723785165428,-0.03245192307692285,0.00402414486921527,5
2021-05-07,0.019877693432342754,0.03764289605245731,0.02543745364447201,0.01656336226722685,0.014678062231087839,0.01430863690655133,0.028413181635179988,-0.0022779043280181707,0.032786885245901495,0.04086845466155811,0.04223602484472044,-0.014028056112224189,5
2021-05-14,-6.174766409186587e-06,0.0015614058083924021,-0.0011572865444555262,0.00295187894240569,-0.0012360571330406625,-2.9101612645718666e-05,-0.0005832226123582195,0.004566210045662069,-0.011904761904761994,0.004907975460122584,6.765421556309548e-17,0.002032520325203138,4
2021-05-21,0.003391860611213963,-0.003380141871517872,-0.004189772174083255,0.008210096011971268,0.0008753988268785577,0.00991740804545886,0.0021438397370448247,0.03409090909090876,-0.016064257028112407,0.013431013431013288,-0.022646007151370787,0.00811359026369173,5
2021-05-28,0.026726101776308037,0.03268749794524877,0.02167715725793967,0.03559417069707145,0.024218555074685875,0.024751418205817253,0.027314786968232595,0.04615384615384624,-0.008163265306122595,0.03614457831325313,0.03414634146341461,0.024144869215291766,5
2021-06-04,0.010995751459300663,-0.0020928481330312744,0.006874843302509043,0.01166799273769515,0.014585532105989691,0.014619651684619168,0.007173498991775299,0.02731092436974788,0.008230452674896938,-0.0034883720930231807,-0.00353773584905655,0.02554027504911577,4
2021-06-11,0.016187152793044696,0.01998759266903619,0.01207387005985014,0.019208355364604537,0.01322188916124065,0.01815690048172594,0.018263217442983547,0.03271983640081825,0.004081632653061261,0.02800466744457406,0.008284023668639258,0.007662835249042072,5
2021-06-18,-0.003157931084317961,0.001685523697240724,-0.004015528934190737,-0.0029849719284009988,-0.007889780511253662,-0.003661062295142711,0.0027508247913120066,-2.6020852139652106e-17,-0.004065040650406541,0.015891032917139575,-0.001173708920187683,-0.026615969581748996,5
2021-06-25,0.019297574713663952,0.027364798251786927,0.028681861247015814,0.008897441029645294,0.013838400522075014,0.01647514906668292,0.0286726050011131,-0.017821782178217768,0.06122448979591837,0.04134078212290494,0.030552291421856767,-0.017578125000000056,5
2021-07-02,-0.010938913484791486,-0.009520466539419356,-0.000432702091272907,-0.021478229957048765,-0.014671053002956057,-0.005974375908380186,-0.012234067955528914,-0.0524193548387097,0.03076923076923098,0.0021459227467812035,-0.030786773090079936,-0.005964214711729814,5
2021-07-09,0.04731660306639504,0.05269487756719911,0.041783612926450026,0.05744967117437941,0.04678333955901293,0.04148681393503932,0.04907176539195461,0.06914893617021306,0.007462686567164127,0.049250535331905626,0.07058823529411765,0.039999999999999966,5
2021-07-16,-0.0059535577473843635,-0.008920590118620581,-0.0062360328113791365,-0.007488508795896214,-0.005180360529235139,-0.0038789941540405487,-0.007021301235759106,-0.00497512437810945,-1.474514954580286e-17,-0.009183673469387619,-0.0142857142857143,-0.0019230769230768623,5
2021-07-23,-0.01129299856417167,-0.009369632612958029,-0.010631988490982998,-0.006826187189954471,-0.01051854025766362,-0.012441900664746057,-0.016082019563401842,-0.014000000000000195,-0.029629629629629523,-0.014418125643666188,-0.006688963210702483,0.007707129094412337,4
2021-07-30,0.021213098610397284,0.02251214815233944,0.02444069791668908,0.017923158365774353,0.020945531670331495,0.020052455264291103,0.022669450913470692,0.008113590263691538,0.034351145038168045,0.021943573667711436,0.025813692480359498,0.015296367112810686,5
2021-08-06,0.005048058023346932,0.015030759253349246,0.009859937798306252,0.0044604403389366535,0.0007178171075188809,0.000597291282360883,0.009626212462762225,-0.014084507042253233,0.007380073800737808,0.022494887525562446,0.02297592997811811,-0.013182674199623521,5
2021-08-13,0.0013524983350873016,0.006104089912859898,0.002160895757533303,-0.0010715588497298954,-0.0032763027619543165,-0.0004648187939051989,0.009427289334476608,-0.002040816326530697,0.010989010989011016,0.019999999999999938,0.008556149732620349,-0.030534351145038136,5
2021-08-20,0.02910624349192534,0.03075984329003122,0.02688980398549099,0.03827809497371412,0.028823793971902135,0.03190506651006107,0.01953299832280946,0.037832310838445994,-0.00724637681159421,0.029411764705882314,0.016967126193001066,0.06692913385826794,5
2021-08-27,0.02222941931909864,0.01711633233112825,0.00723839599589856,0.02591191154527255,0.019443521818897722,0.02464251711807085,0.03402003882107608,0.08374384236453224,0.007299270072992735,0.0333333333333332,0.012513034410844526,-0.023985239852398553,5
2021-09-03,-0.03178710128532808,-0.04608159256585739,-0.029614498860954946,-0.032536245360738736,-0.0193990924718626,-0.030729766179992565,-0.04658184201123615,-0.04090909090909095,-0.028985507246376763,-0.08018433179723504,-0.03604531410916578,0.02835538752362947,5
2021-09-10,0.004049533561431247,0.010432171196815552,0.00865056775111735,0.004991683269518672,-0.00044908049609909326,0.006127370862703853,0.0009176277975686246,-0.014218009478672989,-1.6002824065886043e-16,0.02204408817635288,-0.00427350427350424,0.016544117647058678,5
2021-09-17,0.01781441536390109,0.03712726105181619,0.02336451950409836,0.0203367396093848,0.011246569991731232,0.011824647359815837,0.022270870162573852,-0.004807692307692352,0.007462686567164024,0.044117647058823345,0.04184549356223156,2.47198095326695e-17,5
2021-09-24,-0.020971888086580338,-0.038022042090708176,-0.030914369708215688,-0.020838076551053603,-0.013224042371391343,-0.018835321176564668,-0.02112530060921609,0.019323671497584627,-0.022222222222222265,-0.051643192488262955,-0.02986611740473733,-0.021699819168173397,5
2021-10-01,-0.007120593223389408,-0.002388347217096988,-0.007737529772526631,-0.012661179152891595,-0.008941463736239951,-0.007061812588089435,0.0007841585134630613,-0.0047393364928910485,0.015151515151515292,1.0408340855860843e-17,-0.0074309978768576845,-0.03881700554528657,5
2021-10-08,-0.021499806786035577,-0.019295168287438047,-0.020933664194140066,-0.0222281104136886,-0.02121133134352642,-0.02347751083961734,-0.019678804374021905,-0.023809523809523937,-0.018656716417910467,-0.022772277227722817,-0.01390374331550795,-0.028846153846153876,5
2021-10-15,-0.004012053322825196,-0.007618149477428488,-0.002606459085126143,-0.0021656947539661735,-0.005788086404718256,0.000428040800932471,-0.009925180667569344,-0.009756097560975719,-0.011406844106463893,0.0030395136778113728,-0.02169197396963135,0.019801980198019726,4
2021-10-22,-0.013814379394644971,-0.005332300282400726,-0.014850545406559541,-0.012465994666482579,-0.019491998485078554,-0.012280201689771017,-0.00998335338313842,-0.009852216748768405,-0.019230769230769378,0.00909090909090896,-0.019955654101995502,-0.029126213592233077,4
2021-10-29,-0.010360089399172795,-0.005825416176475435,-0.016610066010707917,-0.008044417584857015,-0.011711162377468179,-0.0115336679613767,-0.0038725693716912687,0.01492537313432811,-0.019607843137254954,-0.005005005005004866,-0.005656108597285152,-0.03599999999999992,5
2021-11-05,-0.0001736732523686606,-0.0015382701009930737,-0.0014808275848479796,-0.000257977365807181,-0.0012306848887533037,0.002338816045818568,-0.0002654903721066848,0.004901960784313748,-3.2959746043559335e-17,0.00402414486921504,-0.01023890784982939,3.8163916471489756e-17,5
2021-11-12,0.013571212237331324,0.03546310302381908,0.018199943663580465,0.015903940351153268,0.003990847595842253,0.011216627060297066,0.01855326740830727,-0.0048780487804878665,0.00400000000000006,0.05210420841683365,0.022988505747126565,-0.00622406639004141,5
2021-11-19,0.004516955089955043,0.005926834161270092,-0.0016687187268912545,0.010674923734534407,0.008033395448775956,-0.0021588769807909304,0.0077348180199441965,0.029411764705882592,-0.01992031872509964,-0.009523809523809459,0.031460674157303484,-0.008350730688935291,5
2021-11-26,-0.0037432685068970067,-0.019780422285899126,-0.015229795557135767,-0.005748673486173373,-0.0022836902347826136,0.006684380241392431,-0.0020860702037854974,0.042857142857142844,0.004065040650406235,-0.00961538461538462,-0.044662309368191655,-0.010526315789473826,5
2021-12-03,-0.0346981983346521,-0.07252315986135525,-0.0455445988156125,-0.03223628044992228,-0.019181377636136067,-0.027917792576598197,-0.048444164430034777,0.009132420091324403,-0.04453441295546556,-0.09514563106796113,-0.06157354618015972,0.021276595744680885,5
2021-12-10,0.021464293883951765,0.03015592518751148,0.02684446200356045,0.018146325451358216,0.02189537784891576,0.014111382296348854,0.02626156763228692,-5.204170427930421e-17,0.03389830508474564,0.01931330472102996,0.05103280680437419,0.00208333333333304,5
2021-12-17,0.021542685488517472,0.022291129808751926,0.02343797897481328,0.024898489577710414,0.020813040589438326,0.0219738697223478,0.016558896170495954,0.013574660633484073,0.00819672131147553,0.024210526315789606,0.019653179190751418,0.04158004158004153,4
2021-12-24,0.018704238592760658,0.011661291917008536,0.01552879197707754,0.020288400559322614,0.02418883739774777,0.01712566540893383,0.016372508613528843,0.031250000000000056,0.01219512195121937,-0.0030832476875641145,0.02494331065759648,0.02794411177644717,5
2021-12-31,0.027392663358756824,0.044935615335960535,0.02767680835727974,0.02417089884451002,0.01266923515042069,0.032900161065691186,0.039605257969130524,0.025974025974025945,0.04016064257028136,0.08762886597938149,0.005530973451327455,-0.02135922330097072,4
2022-01-07,0.00848060554599984,0.007751166962239871,0.011656119704176104,0.010601442735958682,0.009391909431732388,0.007545965415323474,0.0032062906888143685,-0.0042194092827002976,-2.1076890233118204e-16,0.004739336492891136,0.012101210121012248,0.029761904761904618,5
2022-01-14,-0.015793760553333834,-0.04011170685278553,-0.020799845772456194,-0.019809182594886784,-0.0029578053193860705,-0.015169579988402121,-0.020193153411830204,0.004237288135593216,1.6653345369377353e-16,-0.06603773584905669,-0.01847826086956524,0.001926782273603156,5
2022-01-21,0.0058100833305205005,0.016379557225318878,0.008282028447615166,0.006218033018947428,-0.0027576659604236107,0.008575353248902148,0.008593730322291736,-0.004219409282700133,0.0038610038610037804,0.040404040404040276,-0.005537098560354444,-0.0076923076923076485,5
2022-01-28,-0.00970936982165589,-0.0133799081197383,-0.01110458652486101,-0.011313681106178199,-0.0063175166478469475,-0.011579128079310571,-0.008327861423152495,-0.004237288135593319,-0.0038461538461538637,-0.02427184466019432,-0.002227171492204842,-0.01550387596899224,5
2022-02-04,0.02697274910039989,0.04834307088255594,0.030489538024072244,0.0328137787855008,0.01992714085761387,0.021421293409718323,0.030172654565904643,0.012765957446808595,0.0038610038610038073,0.05472636815920405,0.04910714285714292,0.013779527559055366,5
2022-02-11,-0.015030409911048419,-0.016620706475484817,-0.013714317865731242,-0.017841350642532706,-0.019949204423582962,-0.009728936287565432,-0.01395362989263374,-0.021008403361344512,-0.0038461538461539587,0.0047169811320753865,-0.03617021276595749,-0.01941747572815545,5
2022-02-18,0.007739325982786197,0.0021820260946792303,0.002182498365229745,0.005812513403184186,0.01323772073187052,0.005811083093897874,0.011667691579881586,0.03004291845493547,0.015444015444015488,-0.014084507042253355,0.015452538631346656,-0.007920792079207855,5
2022-02-25,-0.018675134591034145,-0.018419053166502365,-0.023348540893337533,-0.01764666307884933,-0.019819924089980488,-0.017664574964232627,-0.014926084332358662,-3.9898639947466563e-17,-0.022813688212927813,-0.01428571428571422,-0.022826086956521642,-0.03393213572854288,5
2022-03-04,0.0071650529411898985,0.0049880257000689855,0.009921648915582913,0.006925619446972724,0.00884262409644532,0.006660298795525356,0.0033111778276895673,-0.004166666666666763,0.0077821011673150624,-1.543903893619358e-16,0.008898776418242282,0.02066115702479317,5
2022-03-11,-0.004905562484146214,-0.010855967170429361,-0.009367221702566937,-0.004218064132686855,-0.003752722556303005,-0.0025962837933634127,-0.004638029727275338,0.012552301255229964,-0.0077220077220076224,-0.009661835748792149,-0.014332965821389109,-0.006072874493927082,5
2022-03-18,0.017815745698453123,0.008379168747634773,0.016037730878856536,0.013521576739368133,0.018481252246235296,0.022850225011212637,0.018151810320178187,0.02479338842975213,0.035019455252918434,0.01463414634146349,-0.0022371364653243305,0.01629327902240327,5
2022-03-25,-0.0039099346012181685,-0.01094427775635651,-0.0039278889826057095,0.002715763894131161,-0.002557661880918069,-0.001530201171819088,-0.014221911280559624,-0.004032258064516126,-0.03007518796992482,-0.009615384615384543,-0.0134529147982062,0.03807615230460936,5
2022-04-01,-0.01779907906042564,-0.020713049522469305,-0.017260332146236488,-0.016448947139747674,-0.01076767644418745,-0.02224297990388144,-0.02228365350321392,-0.020242914979757037,-0.02325581395348844,-0.04563106796116504,-1.1492543028346347e-16,-1.6761765586625896e-16,5
2022-04-08,0.007440964953502701,-0.008881416291535806,0.00611821181549572,0.0073046988318263345,0.00852670839592943,0.015073760692951022,0.0001898380413505888,0.012396694214875981,0.007936507936507783,0.0030518819938962836,-0.02272727272727261,0.036679536679536974,5
2022-04-15,0.009838469095810813,0.01201116827420189,0.009235344007269736,0.009247770880802338,0.0087406478683813,0.009663744074186794,0.012275195978654068,0.012244897959183728,0.01181102362204736,0.014198782961460425,0.010465116279069727,-7.719519468096792e-17,4
2022-04-22,-0.007808012101223495,-0.007125514693507122,-0.013754354673205163,-0.005884030638695476,-0.008513935021162856,-0.0071736493844550215,-0.0037117265727925858,0.016129032258064623,-0.015564202334630104,-0.005000000000000031,-0.010356731875719088,-0.024208566108007652,4
2022-04-29,-0.07791346198762386,-0.0875758848777981,-0.04333900181659645,-0.09766702063317804,-0.08795595724425043,-0.06497052534581618,-0.09489923500971739,-0.20793650793650786,0.003952569169960357,-0.037185929648241245,-0.1290697674418604,-0.007633587786259488,4
2022-05-06,-0.023305997397483427,-0.02252344193070837,-0.028131430384877424,-0.022262939175346667,-0.02528904682222095,-0.02119765675263449,-0.019841384599847103,-0.004008016032064243,-0.02755905511811022,-0.01565762004175376,-0.03204272363150878,-0.04038461538461527,3
2022-05-13,-0.003992069172649738,-0.02169553768135507,0.0009848289279724444,-0.0030175212063820586,0.003714783023683884,-0.0015616346520491953,-0.02001725243302688,-0.024144869215291676,-0.008097165991902827,-0.03499469777306467,-0.01379310344827581,0.0621242484969941,5
2022-05-20,-0.017204807739806652,-0.013783524135522576,-0.023038076591719366,-0.008146416978898513,-0.01715576477009499,-0.018440902704075293,-0.019271389452740408,0.006185567010309283,-0.05306122448979607,-0.017582417582417697,-0.01258741258741272,-0.009433962264151025,5
2022-05-27,0.02874853281662874,0.030676123081499716,0.0283669668265057,0.028258008918225073,0.039871981115337275,0.01706691836858087,0.030166816429661413,0.029713114754098515,0.030172413793103512,-0.01565995525727067,0.07648725212464588,0.02285714285714303,5
2022-06-03,-0.0006404430127002361,0.020996824993065256,-0.011783186321365888,0.02066763269411403,-0.009324132231398722,-0.0054052232497439736,0.0027620588374529637,0.04477611940298487,-0.08368200836820072,0.034090909090909116,0.01842105263157917,-0.014897579143389244,4
2022-06-10,-0.0009246203915272776,-0.022529863473804305,-0.024010388679807697,-0.00011814050028970302,0.01199611217626687,-0.003100859649878094,0.010865910427539387,0.09523809523809532,-0.0045662100456619215,-0.05164835164835164,0.0077519379844961985,-0.04725897920604903,5
2022-06-17,-0.03738137687589825,-0.053594388100434744,-0.03160448700849815,-0.0487685711847367,-0.02746370310967376,-0.039693611506162574,-0.03932893919076384,-0.06086956521739124,0.009174311926605542,-0.07647740440324453,-0.02820512820512825,-0.02976190476190491,5
2022-06-24,-0.029220764459899996,-0.026311236364577568,-0.02260923537511982,-0.033151353306448875,-0.031212201672524004,-0.02870848043089451,-0.030460860780045385,-0.05555555555555563,-0.013636363636363679,-0.021329987452948517,-0.03166226912928753,-0.024539877300613386,5
2022-07-01,0.04233140429268782,0.0795536268474539,0.042961044940660296,0.049422541415362904,0.02730091184774923,0.03728475261732119,0.05470876664275121,0.03921568627450967,0.013824884792626972,0.10256410256410255,0.06267029972752025,-0.0062893081761006995,5
2022-07-08,0.0542986288382237,0.06836881254635911,0.05365172305954036,0.05649280539316401,0.050406492887477776,0.04606336984393335,0.06489042405022748,0.05660377358490538,0.045454545454545595,0.0697674418604651,0.08717948717948726,0.012658227848101118,5
2022-07-15,-0.028978118626413037,-0.03311462762450761,-0.028687418456413257,-0.026537719356799112,-0.02836489851855737,-0.024725555368935,-0.03663270509486208,-0.031249999999999906,-0.03913043478260858,-0.031521739130435045,-0.045990566037735846,0.0020833333333333077,4
2022-07-22,-0.007722131484805764,-0.00679170267542671,-0.0004029215582767165,-0.014286803882800531,-0.012158732898071085,0.0025535728471893842,-0.014287257624696846,-0.03686635944700459,0.018099547511312236,0.010101010101010317,-0.04820766378244762,0.018711018711018455,5
2022-07-29,0.054238632956723244,0.06352465509639946,0.05335525057423163,0.05298623555630577,0.05105618704537041,0.050336865867919973,0.06332692582287906,0.05741626794258388,0.057777777777777796,0.0666666666666665,0.06883116883116872,0.018367346938775238,5
2022-08-05,0.014253703149658686,0.006933460847067856,0.009821498392917573,0.017755622252619074,0.017790807643606733,0.014083817174397936,0.011756166718089475,0.03167420814479648,8.326672684688674e-17,-1.734723475976807e-17,0.014580801944106832,0.024048096192384735,5
2022-08-12,0.048215525609954714,0.04556564524803913,0.047061975090076445,0.04142970017514717,0.046549527372616445,0.05238964992512953,0.053383968411408446,0.05263157894736822,0.07563025210084034,0.05208333333333344,0.03113772455089811,0.02544031311154615,4
2022-08-19,-0.00930710500309454,-0.02915410510825663,-0.01876374629656884,-0.0077895157380336675,0.0007466412222587735,-0.012824803002579212,-0.007908325066454305,0.02916666666666661,-0.01562500000000008,-0.049504950495049424,0.004645760743321825,-0.01526717557251896,5
2022-08-26,-0.004343980709736266,-0.00031071022213969505,0.007697217948665646,0.005483959981859863,-0.011610402308482615,0.007963492513431994,-0.031019551294346494,-0.05263157894736832,-0.04365079365079349,0.024999999999999994,-0.05317919075144504,0.10658914728682171,5
2022-09-02,0.01676986260409561,-0.010694744994383358,0.014515848133230685,0.014674058099276936,0.026415411151027066,0.021596095320069057,0.006691336801181083,0.025641025641025737,0.02489626556016572,-0.021341463414634138,-0.0024420024420024836,0.05779334500875659,5
2022-09-09,0.030606312390109965,0.022734829600216805,0.039307802678134725,0.034053316238855456,0.035939249044032916,0.028418224415367635,0.015326906736253556,-0.004166666666666763,0.016194331983805755,0.009345794392523444,0.0391676866585069,0.09271523178807951,5
2022-09-16,-0.0460550030628031,-0.04811230818868917,-0.050525492169601886,-0.05349500536577017,-0.050367518190189586,-0.03740937142264707,-0.03854714548885384,-0.029288702928870345,-0.01593625498007983,-0.028806584362139964,-0.08009422850412254,-0.07727272727272722,4
2022-09-23,0.00947922604986675,0.008571141476674315,0.015107033902545322,0.018008901254442614,0.012210612016115742,0.011160903616708837,-0.009117385364152067,-0.012931034482758598,-0.024291497975708513,-0.0021186440677967593,0.0025608194622280802,0.08374384236453215,5
2022-09-30,-0.010758194996900595,-0.0022995514262127317,-0.013485022066730867,-0.009373514683787918,-0.010112830845516925,-0.027716228061011133,0.006910763629978951,5.204170427930421e-17,-0.01659751037344409,-0.013800424628450046,0.05874840357598991,-0.08181818181818182,5
2022-10-07,-0.014978140560794426,-0.024546147245578735,-0.007748440829856363,-0.018737459699300237,-0.008304264774766585,-0.007727220258186534,-0.032423650323719896,-0.04366812227074249,2.0816681711721685e-17,-0.04198062432723357,-0.04463208685162845,0.05445544554455449,5
2022-10-14,-0.007906120410310285,-0.016983959893920028,-0.014497444812918307,-0.0131011486568416,-0.00771550166521688,-0.004860518650308582,0.00037716494402676077,0.018264840182648408,0.012658227848101408,-0.008988764044943677,-0.02020202020202037,-0.04538341158059472,4
2022-10-21,0.0002047914702271642,-0.007963642854936935,-0.009731736144214739,0.000247369363844144,-0.006783152660204783,0.015104867713994904,0.0022807155589005036,0.04035874439461855,0.0,0.02834467120181416,-0.05798969072164937,-0.008196721311475386,4
2022-10-28,0.014421970627691252,0.03495574579160494,0.028070190206575425,0.022264150440789415,0.010008249278141623,0.010169049145448387,0.0017228893182947304,-0.03879310344827577,-0.016666666666666694,0.03197353914002193,0.03146374829001376,0.06611570247933884,5
2022-11-04,-0.010929626874039712,-0.02080347054435273,-0.019168322740049797,-0.012678601571891249,-0.007778202580101908,-0.010050187250409801,-0.005032516280525677,0.02242152466367746,-0.004237288135593359,-0.023504273504273452,-0.014588859416445681,-0.03565891472868218,5
2022-11-11,0.006156040186376006,-0.004516337374445756,0.0010900714534356167,0.0055300322464111075,0.010937370071727738,0.01036694650209668,0.0028210361363795143,0.026315789473684185,0.008510638297872578,-0.013129102844639124,-0.010767160161507382,0.019292604501607517,5
2022-11-18,0.014464840484774168,0.028355320340123988,0.018045395841688076,0.01483783505931859,0.008571960018767482,0.004099812494635452,0.026713739241033832,-7.806255641895632e-18,0.012658227848101333,0.03769401330376905,0.055782312925169754,-0.03470031545741332,5
2022-11-25,0.011484333595217854,-0.0028292746560128978,0.01537710819184755,0.004723968803830857,0.018981056238875253,0.02230460062036004,-0.003946297132209564,-0.0042735042735043425,0.03749999999999977,-0.018162393162393063,-0.03092783505154632,0.073529411764706,5
2022-12-02,-0.005716322752468542,-0.006795440328967908,-0.010570593754730986,0.0007718337404775911,-0.002346778823234339,-0.008159443599994468,-0.008382557356442642,0.012875536480686723,-0.0321285140562249,-0.019586507072905466,0.003989361702127465,0.0045662100456619285,5
2022-12-09,0.012105697203176826,0.0029474841938113934,0.010795205592023948,0.0140525291599091,0.015418700995715552,0.02089927052792285,-0.0006006612834659565,0.016949152542372694,0.00414937759336089,-0.001109877913429402,-0.022516556291390794,0.06363636363636357,5
2022-12-16,0.011000946333496053,0.01230767099479346,0.010607648400310483,0.015840435769683362,0.010639618669921283,0.011362170121607538,0.00644929487759347,0.012499999999999956,-0.00826446280991747,0.011111111111111084,0.009485094850948644,0.028490028490028345,4
2022-12-23,0.011363052130155472,0.006950193393371821,0.01517136558802961,0.011055451427414983,0.015600692351970038,0.009027615422491508,0.0059257634284930905,-0.004115226337448439,0.012499999999999945,-0.005494505494505475,0.02013422818791944,0.03324099722991672,5
2022-12-30,0.014010638411242888,-0.005920055480542961,0.01336920509032927,0.014313826328900265,0.02173136856162166,0.01685429573413149,0.0037748475056665846,0.0165289256198348,0.012345679012345595,-0.016574585635359074,0.0026315789473685476,0.05495978552278832,3
2023-01-06,0.009570584114256764,0.021537848459802743,0.017143510156632177,0.009886168034281478,0.006040337872186687,0.004774610617772646,0.010011094199625484,-0.02032520325203256,0.008130081300812912,0.023595505617977578,0.028871391076115607,0.007623888182973228,4
2023-01-13,0.0037129567192474983,0.011662046910471357,0.0004989729233351857,0.00041507275403070327,-0.0008360503148428394,0.007847048979187856,0.010602225503505607,0.01659751037344395,0.016129032258064516,0.02195389681668494,-0.01275510204081631,-0.023959646910466467,5
2023-01-20,-0.008240240729519552,-0.009845386670858483,-0.011313547313055455,-0.006392900346738771,-0.007348763601564405,-0.00839561366746741,-0.007781182953577659,0.004081632653061226,-0.015873015873015855,-0.01181525241675612,-0.007751937984496224,-0.010335917312661935,5
2023-01-27,-0.003007299489009492,-0.0077867307554057115,-0.006806214247037768,-0.007808602041618936,-0.0005247215661367376,-0.0044792079183074325,0.0045175945879142795,0.012195121951219341,0.0161290322580645,-0.01304347826086962,0.002604166666666654,-0.03394255874673639,5
2023-02-03,-0.01096730656903547,0.0019170282030097046,-0.012726365711712363,-0.010769481397268415,-0.015962943927102766,-0.011773468521825661,-0.003642831298190131,-0.004016064257028123,-0.01190476190476193,0.00881057268722468,-0.007792207792207874,-0.040540540540540584,5
2023-02-10,0.018997439208416202,0.004376530657151939,0.020596561372103334,0.020604763271529852,0.024512396120826795,0.02014074046888516,0.009008522572794483,0.012096774193548286,0.01204819277108451,-0.0032751091703056372,0.014397905759161927,0.057746478873239374,5
2023-02-17,0.0014206973018428075,0.009898477773567806,0.001766505957885578,0.001750330504279746,-0.002576969466325134,0.0030665480166320687,0.003092871728772045,-5.811323644522304e-17,7.28583859910259e-17,0.01752464403066824,-0.005161290322580767,-0.005326231691078546,5
2023-02-24,-0.010400602567912805,-0.009914232695857218,-0.012994944344080734,-0.012026363807668658,-0.010320353735524927,-0.011379586858982134,-0.00528206906512795,2.6020852139652106e-17,-0.003968253968253797,-0.010764262648008536,-0.006485084306095971,-0.030789825970548766,5
2023-03-03,0.0022712086260720855,-0.008454290751372983,0.005763741965996608,-0.0011384602697739252,0.007233344306588525,0.002508657039981678,-0.0030110966716984213,-0.011952191235059608,0.015936254980079556,-0.01741022850924927,0.0013054830287207103,0.023480662983425382,5
2023-03-10,-0.017169463766888843,-0.03394709232432837,-0.024390485431018395,-0.016564969665499654,-0.009440503589963027,-0.015599352068322896,-0.019820517437901253,0.012096774193548415,-0.01960784313725489,-0.0476190476190476,-0.02346805736636238,-0.006747638326585602,5
2023-03-17,-0.0843877895756944,-0.11305086444210484,-0.09442544179307583,-0.10142106253038685,-0.07718691800618752,-0.06187010604016199,-0.08688603041797026,-0.04382470119521905,-0.015999999999999945,-0.11279069767441871,-0.17222963951935918,-0.07472826086956515,5
2023-03-24,0.026972810365349393,0.04211595920216912,0.03566348686477483,0.027505474747684177,0.030353814472344726,-0.0021507099058407555,0.04358133352593604,-0.00833333333333327,0.024390243902439036,0.013106159895150626,0.14516129032258057,-0.03817914831130685,5
2023-03-31,0.08292962541034028,0.11256282624436689,0.084619866332608,0.09280578611579239,0.05983077895412464,0.1043986638839975,0.07315389182908408,0.0756302521008403,0.0436507936507936,0.1772315653298834,-3.122502256758253e-17,0.120610687022901,5
2023-04-07,0.0008629741061230015,0.002464006985055197,0.0001017325315108103,0.0029702116714034484,0.0010483338513066608,-0.001769829394658253,0.0019119663487927804,0.0039062500000000226,-0.00760456273764257,-5.2475385148298415e-17,0.011267605633802736,-0.0040871934604906875,4
2023-04-14,-0.01621905968045122,-0.02998821313171424,-0.017378207818613354,-0.019353278209417978,-0.014785197026873153,-0.006295714861317482,-0.023269811740250963,-0.011673151750972832,-0.003831417624521175,-0.021978021978021834,-0.05571030640668534,0.012311901504788303,4
2023-04-21,0.0032009294904642876,-0.0009965104993567174,0.011001722091910438,0.0030379176985485382,0.0002923076513857672,0.01098640269692914,-0.009256793094579099,-0.027559055118110166,0.0038461538461536924,0.01460674157303367,-0.028023598820059063,0.05405405405405408,4
2023-04-28,0.005740574632243989,0.006703896798503848,0.011162474689015031,0.0023156208643527964,0.003511607032642638,0.007803871227225738,0.003811958107037353,-0.016194331983805692,0.019157088122605526,0.014396456256921214,-0.003034901365705708,0.012820512820512909,5
2023-05-05,-0.08142040660840452,-0.040181445013384116,-0.05930057017842664,-0.09220432863304395,-0.09987002378355682,-0.09222388333596909,-0.06325033379834184,-0.16872427983539107,-0.03759398496240605,-0.0054585152838427225,-0.03805175038051751,-0.1531645569620252,4
2023-05-12,-0.059593633946886874,-0.0859220979416535,-0.07641023504646777,-0.0590543573230723,-0.04820539985535239,-0.049846292887744385,-0.06438143773752543,0.009900990099009794,-0.06250000000000004,-0.10428100987925347,-0.0981012658227848,-0.04185351270553081,5
2023-05-19,0.016857120454423308,-0.0008776295710085837,0.016097482983892478,0.015582720943097777,0.036394269177805874,0.0004356843285311393,0.015587297663986715,0.019607843137254916,0.020833333333333367,-0.05882352941176468,0.08245614035087716,0.01716068642745734,5
2023-05-26,0.00025837031483999854,-0.01595086741057749,-0.009174933102040981,0.016866381508975806,0.009923097552168952,-0.001731435316130604,-0.014807017836404177,0.038461538461538616,-0.06938775510204086,-0.03906249999999997,0.006482982171798961,0.06134969325153382,5
2023-06-02,0.053288789758628136,0.04107529623597706,0.048114212313840096,0.051100816831020884,0.05815077015389958,0.05982843370304664,0.04922777415180789,0.07407407407407383,0.061403508771929745,0.03387533875338758,0.02737520128824476,0.06936416184971074,4
2023-06-09,0.014299370551169794,0.0019915638143934125,0.018859402183595688,0.01577552160041716,0.01954716605649337,0.018689328909443807,-0.0013039632464048,-0.004310344827586169,0.008264462809917373,-0.006553079947575403,-0.0031347962382444936,0.07837837837837831,5
2023-06-16,-0.021848508164906306,-0.029058061269924627,-0.02730620109134948,-0.027285806839499906,-0.02242455265743563,-0.0086412033693715,-0.02355216760914606,1.7000290064572714e-16,-1.994931997373328e-16,-0.01978891820580488,-0.07389937106918243,-0.015037593984962447,5
2023-06-23,0.0056950461936362455,0.007675890979921272,0.0027855822210110714,0.005012431223547042,0.004717744045530173,0.006688025643804832,0.00922425042783462,0.01731601731601723,0.008196721311475518,0.009421265141319088,0.0016977928692702862,-0.008905852417302547,5
2023-06-30,0.0014644629662535567,0.006899250364457261,0.0007343030782915711,0.0038673900241332757,-0.0032492588872175174,0.0035276075193002346,0.002408371237977355,0.004255319148936354,-0.00813008130081326,0.020000000000000066,-0.006779661016949129,-0.0025673940949937648,4
2023-07-07,0.016093348761238954,0.02185436378354697,0.01370736884215498,0.020086993984967574,0.00875208239487117,0.0214324587637663,0.01647205172342943,0.02542372881355942,-6.938893903907228e-18,0.04575163398692811,-0.005119453924914724,0.014157014157013972,5
2023-07-14,0.024200987906661846,0.042692928146775506,0.02820946027424964,0.032404249117265686,0.011445553242845555,0.021622304740307303,0.027388118921595334,0.008264462809917321,-0.00819672131147538,0.07625,0.034305317324185174,0.011421319796954425,5
2023-07-21,-0.0038829938793909476,0.006100222050641452,-0.007942812900604144,-0.0017911617366379768,-0.01285330204099558,-0.00018794871632515556,0.0033148547134275097,0.012295081967212936,-0.012396694214876169,0.032520325203252355,-0.019900497512437703,-0.032622333751568415,5
2023-07-28,-0.0258865271819531,-0.05133941450838285,-0.03331275941307405,-0.030256599929543063,-0.010878597223227881,-0.023948556845304867,-0.031072225348780846,0.0040485829959512765,-0.008368200836820274,-0.08661417322834636,-0.033840947546531254,-0.005188067444876643,5
2023-08-04,0.028598806203396155,0.019856561313922137,0.03584188592201932,0.03152651438208362,0.0331920522224408,0.02829826231386464,0.01418910583911045,-2.949029909160572e-17,0.016877637130801787,0.009852216748768438,0.029772329246935233,0.08735332464146013,5
2023-08-11,-0.015940069465050347,-0.007898388878791518,-0.020890342823567262,-0.017884499356154653,-0.019900536177805427,-0.015791160658554564,-0.005256158118254878,0.004032258064516014,-0.00829875518672218,0.0,-0.017006802721088485,-0.058752997601918745,5
2023-08-18,-0.03171250928488528,-0.02467795379874519,-0.028592975613245853,-0.029180640155598087,-0.037152681535331564,-0.027506139763921283,-0.036109370922588355,-0.04417670682730922,-0.04184100418410038,-0.009756097560975667,-0.04844290657439438,-0.014012738853503081,5
2023-08-25,-0.04866967128786682,-0.051865540641356796,-0.04414373055496001,-0.059538271906330396,-0.05421001802652145,-0.0266124390540437,-0.058849825457311065,-0.0672268907563026,-0.00436681222707424,-0.027093596059113503,-0.13454545454545455,-0.010335917312661758,5
2023-09-01,0.019874186060853265,-0.007604735809143982,0.010365330380232239,0.014932069655986016,0.03172663234178464,0.028662786313971594,0.013794681682953046,0.05855855855855852,0.03947368421052622,-0.02658227848101251,-0.014705882352941218,0.044386422976501486,5
2023-09-08,-0.00815044873308173,-0.01907726158943757,-0.01018606638623077,-0.009160342339608645,-0.0020974481659067376,-0.009134043978774617,-0.010189688410235341,0.0,-0.00421940928270045,-0.03250975292587777,-0.004264392324093909,-1.4766833589252568e-16,5
2023-09-15,-0.018347083762617185,-0.010934503684990535,-0.022921713049876,-0.026153884878062462,-0.024213476519055224,-0.011630192981411616,-0.006824714220455927,1.9949319973733282e-17,0.012711864406779771,0.005376344086021243,-0.044967880085653195,-0.065,5
2023-09-22,-0.00379317554564448,-0.006528271777550056,-0.006879678689963473,-0.0015949910242643779,-0.0014088709770621905,-0.0053089571530882795,-0.0037866691177300417,0.008510638297872401,-0.012552301255230124,-0.013368983957219116,0.0022421524663679853,-0.004010695187165717,5
2023-09-29,-0.01606991617625098,-0.032326457434271136,-0.022165086072601144,-0.02007448028756089,-0.010900719789780597,-0.0031377817947879517,-0.023996700286057562,0.008438818565400744,1.474514954580286e-17,-0.036585365853658534,-0.06711409395973154,0.016107382550335492,5
2023-10-06,0.008971817762665412,0.016513181304868677,0.012245714271974188,0.015510732282762639,0.0042116446436533846,0.009989998271001247,0.0028983070664347654,-0.004184100418410122,-0.01694915254237284,0.028129395218002937,0.004796163069544329,0.03302509907529733,5
2023-10-13,-0.0017789564622528852,-0.0021436537681469494,-0.002229616761519014,-0.0022244228957949666,-0.0015492211159697218,-0.0016300252133487118,-0.001265502571933898,3.0357660829594124e-17,9.540979117872439e-17,-0.002735978112174903,-0.0023866348448687846,-0.003836317135549781,4
2023-10-20,-0.00019251695115220566,0.0059928935474255615,-0.0012970922216400515,-0.00024100867745056192,-0.005679697434293701,0.011980724560029793,-0.005657053825390315,0.004201680672268782,-2.688821387764051e-17,0.021947873799725705,-0.04784688995215316,0.021822849807445265,4
2023-10-27,-0.008909673263858197,0.002689960377581352,-0.00907725424962367,-0.01539727348520618,-0.016182238796697793,0.0022612072226605518,-0.006109145959303717,-0.00836820083681996,0.017241379310344997,0.02013422818791962,-0.05276381909547725,-0.020100502512562658,5
2023-11-03,-0.05526374641385725,-0.0435872169846581,-0.06064490008844052,-0.059528449040176776,-0.06314342671961541,-0.0351918692203241,-0.05776366405029454,-0.03375527426160339,-0.0381355932203391,-0.023684210526315735,-0.13262599469496023,-0.04743589743589744,5
2023-11-10,-0.03574054123665038,-0.0164557332936387,-0.030683303929507896,-0.031072186092172445,-0.045920882071446914,-0.04090556846225922,-0.030317467121028688,-0.056768558951964934,-0.05726872246696031,0.005390835579514706,-0.015290519877675912,-0.057873485868102224,5
2023-11-17,0.06838720910352634,0.06713980397688227,0.079360223337241,0.06487702055014838,0.08110715556159827,0.03617475007778369,0.08079110945602398,0.024999999999999824,0.08224299065420572,0.01849865951742635,0.2031055900621117,0.019142857142857156,4
2023-11-24,0.029612119018438382,0.018875842658586925,0.025263318030077905,0.0385614544652672,0.03487900927090665,0.02964150461541799,0.019597612907402813,0.046973803071364006,-0.006044905008635756,0.008686496446433115,0.02787816210634967,0.06868516961031652,5
2023-12-01,-0.01872290455667139,-0.01984650029735439,-0.009648316368281234,-0.0210578043584621,-0.021676823070793463,-0.012422707697985747,-0.02891374901374814,-0.05522001725625538,-0.009556907037358961,-0.008350730688935456,-0.04470115519839285,0.02256033578174203,5
2023-12-08,0.002539717663843508,0.002513345370073391,-0.008942275230965364,0.009345023429616784,0.0037288539562630243,-0.0006274116966938451,0.009155759332091042,0.048401826484018584,-0.024561403508771947,-0.0023684210526315084,0.015247108307045324,-0.024628014366341443,5
2023-12-15,-0.007846943462184215,-0.030891748234537764,-0.005959302019415467,-0.010541652070264534,0.005056456407320777,-0.007113192119741912,-0.02059748868454816,-0.015679442508710867,0.0026978417266188626,-0.058295964125560505,-0.010875194199896203,0.044187269857969655,4
2023-12-22,0.016019599060435805,0.014869093232139838,0.02228214325124712,0.0222977175477162,0.032350373909030436,-0.01447084661175701,0.018009575566043063,-0.008849557522124107,-0.00896860986547063,-0.04761904761904775,0.14397905759162308,0.007556675062972012,5
2023-12-29,0.003899551730301164,-0.0004526821486794402,-0.0007095051236648823,-0.002972633764645624,0.00746814748408393,0.004268114802905451,0.011458637689797392,0.02232142857142867,0.03167420814479654,-0.01029411764705886,0.0022883295194507385,-0.026249999999999895,3
2024-01-05,0.014047573754667173,0.0355072824931116,0.013130164922675984,0.020885724589426374,0.002812489184668822,0.01001088196749375,0.02340353239280425,0.01746724890829676,-0.013157894736842018,0.05943536404160491,0.02968036529680386,-0.023106546854942452,4
2024-01-12,-0.011317164742739099,-0.00650715493671757,-0.006661621194823416,-0.014145309729577858,-0.015187599252495809,-0.008059870639665368,-0.01254467206960643,-0.03004291845493548,1.5612511283791264e-17,0.004207573632538627,-0.02439024390243901,-0.00657030223390294,5
2024-01-19,0.007759192382426975,0.007620546767488752,0.005183134589890069,0.007435154899187325,0.0047711186838651515,0.01309462280259801,0.008249392493840442,0.017699115044247905,0.008888888888888877,0.019553072625698394,-0.01363636363636392,0.005291005291005366,5
2024-01-26,0.0004718512421200668,-0.008123875064425301,-0.0026758393315600257,-0.013522405472645709,-0.0035132636563682327,0.01597471862942676,0.006229058551012206,0.013043478260869469,0.05726872246696022,0.016438356164383564,-0.059907834101382555,-0.022368421052631676,5
2024-02-02,0.012168953942763908,0.016231981250148977,0.0109038235089414,0.015178056290594127,0.008122627498092951,0.0151448724810953,0.011459568392506695,0.017167381974248972,1.3010426069826053e-16,0.028301886792452557,-7.979727989493313e-17,0.014804845222072753,5
2024-02-09,-0.0018325747536079395,-0.015687277065325467,-0.006505869996623933,-0.006472921588076642,0.0022317483466401853,0.0032551778358136723,-0.0016929907358542997,0.01687763713080179,0.0166666666666665,-0.018348623853210913,-0.02205882352941177,-0.0026525198938992076,5
2024-02-16,-0.005639584397288377,0.005804889979409713,-0.008124438796828075,-0.0050592705277619845,-0.010354541703493023,-0.006228641777218309,0.0014366842380264117,0.004149377593360902,-0.008196721311475386,0.013351134846462024,-0.0050125313283207965,-0.03457446808510648,5
2024-02-23,0.04570330516833396,0.06574668337690222,0.05393436360838222,0.04046885204007562,0.037001288529297884,0.04890018657288916,0.048144289224303735,0.012396694214876058,0.06611570247933882,0.08036890645586268,0.032745591939546466,0.035812672176308576,5
2024-03-01,0.023569263512788995,-0.006726715396281069,0.015282544217889453,0.026538673073921982,0.035788670265853105,0.02086310412743175,0.01940942105463383,0.057142857142857065,0.011627906976744186,-0.02439024390243919,0.03414634146341476,0.039893617021276695,5
2024-03-08,-0.007570452780718866,-0.006469221885959573,-0.009503706969129527,-0.0017526311250425095,-0.009465572055262182,-0.003630789136675374,-0.013564159749884423,1.1362438767648086e-16,-0.030651340996168557,1.626303258728257e-16,-0.023584905660377502,0.01534526854219944,5
2024-03-15,0.09220329326678317,0.08848610840419324,0.09494820631538124,0.08758146100888217,0.09908092146538736,0.07581106284643399,0.10370314700802771,0.08108108108108093,0.1106719367588934,0.06499999999999999,0.15942028985507287,0.04659949622166223,5
2024-03-22,0.04091942580367429,0.06556284206242563,0.05106886911418632,0.03544607509679193,0.03506686239599567,0.0329380974026836,0.04953612517287516,-1.7173762412170388e-16,0.060498220640569346,0.06455399061032846,0.06458333333333321,0.006016847172081899,5
2024-03-29,0.05282918123906011,0.07469136908613282,0.06713194492542571,0.06440297990308039,0.05597525255265253,0.022988260587068706,0.053816757708063066,-0.0035714285714288064,0.006711409395973062,0.039691289966923844,0.17612524461839543,0.04784688995215314,4
2024-04-05,0.00983171027173422,0.009267283047276193,0.011340117257862289,0.013138140707825019,0.008530294140203077,0.011875197047610232,0.0042476409357131584,0.0035842293906809515,-0.0033333333333334927,0.014846235418876039,0.001663893510815381,0.03196347031963493,4
2024-04-12,-0.02558503006763889,-0.022659147501389365,-0.0240943045902242,-0.019449515645473963,-0.02467847007254235,-0.03160408565472702,-0.028148342237701886,-0.03214285714285709,-0.050167224080267594,-0.02925809822361535,-0.0016611295681063305,-0.015486725663716807,4
2024-04-19,-0.05091777612630992,-0.08078800823022055,-0.049878316288138186,-0.052295726529915834,-0.04037011471865084,-0.04656496744367065,-0.06555134374370161,-0.055350553505535055,-0.045774647887323945,-0.09364908503767484,-0.06988352745424302,0.008988764044943752,5
2024-04-26,0.0318840223292577,0.04005335200866477,0.0288264770216986,0.031508147693019295,0.033984221993276255,0.020160730863800356,0.044884585900621415,0.04296874999999986,0.033210332103321076,0.02256532066508313,0.07871198568872953,-0.018930957683741843,5
2024-05-03,-0.07345583493427726,-0.025000610732632645,-0.06638614945611271,-0.060784583428800096,-0.08861487292363959,-0.08618020116942471,-0.06568885085389267,-0.10486891385767781,-0.12857142857142861,-0.011614401858304271,-0.021558872305140964,-0.10669693530079451,4
2024-05-10,-0.00016605949035167393,-0.0010705867944102185,-0.008493488465195771,0.0018223899186113942,0.0036285940412163725,-0.004873917161405619,0.007101711650364058,0.03347280334728023,-0.008196721311475348,-0.015276145710928288,0.01864406779660995,-0.029224904701397807,4
2024-05-17,0.04707627022898971,0.0645792152403253,0.046583330262951,0.045387744128516885,0.0411401814158835,0.043841099990687006,0.05842012786863131,0.048582995951417234,0.05371900826446278,0.07040572792362773,0.05990016638935125,0.0026178010471201805,5
2024-05-24,0.060013393675247564,0.06323203136384167,0.06435553554495325,0.0642391400730376,0.06568621694712284,0.04869520457193169,0.05694855285902851,0.04247104247104251,0.043137254901960805,0.036789297658862886,0.10361067503924637,0.07180156657963443,5
2024-05-31,0.0017536880823763518,-0.024437023889638126,-0.0030282748415852907,-0.001651904415101908,0.018264977841016765,-0.00148374087578859,-0.0036566627662340733,0.01851851851851854,0.015037593984962475,-0.06451612903225815,0.011379800853485163,0.023142509135201026,5
2024-06-07,0.010150544165850135,0.013290003268393706,0.012634287861035065,0.007124490647235536,0.011523513938990848,0.006323535589853014,0.013084265304340174,1.0061396160665481e-16,0.022222222222222237,0.004597701149425204,0.025316455696202764,-0.00238095238095248,5
2024-06-14,-0.013303674832167366,-0.010095754962344348,-0.01931091601653467,-0.009428715004894875,-0.017767873765117743,-0.009756074399542706,-0.010297673882665089,0.010909090909091009,-0.028985507246376958,0.004576659038901574,-0.02743484224965719,-0.026252983293556218,5
2024-06-21,-0.01439670786324599,-0.021433442223660074,-0.018885537714622647,-0.010534453970982995,-0.015155056238717636,-0.00881279784286406,-0.018588264327462335,0.0035971223021582944,-0.029850746268656907,-0.011389521640091195,-0.036671368124118635,0.0024509803921569607,4
2024-06-28,-0.025247622699748673,-0.045436804145462945,-0.032369686179912135,-0.02582854720130081,-0.024980466890019617,-0.010315139657378689,-0.03273297471294154,0.0035842293906810734,-0.02307692307692302,-0.026497695852534607,-0.08491947291361643,0.004889975550122172,5
2024-07-05,0.0035769037711386857,0.005646518108708804,0.0035759837706484878,0.005428847289076044,0.0059338002879284575,-0.0014901918577053435,0.00442560606236703,0.003571428571428446,-0.00393700787401567,-0.005917159763313373,0.023999999999999844,1.387778780781446e-16,5
2024-07-12,0.02313735625566222,0.04182890226196055,0.031591501255029374,0.02256693032841326,0.02104674482713003,0.012134979314611941,0.028216798320958275,-0.010676156583629939,0.023715415019762667,0.030952380952380967,0.06718749999999998,0.0024330900243306752,5
2024-07-19,-0.00433349645608853,-0.007988235081084026,-0.00721710689543018,-0.005438832593220272,-0.0013872064026662092,-0.004339201523552314,-0.003297174010747927,0.007194244604316374,-2.862293735361731e-16,-0.016166281755196306,-0.004392386530014574,-0.00849514563106792,5
2024-07-26,-0.019090288036993072,-0.03499358263612638,-0.024695768237105824,-0.022881632203767155,-0.016232626098679922,-0.007437469422273569,-0.024130830067303367,0.0035714285714285587,-0.0038610038610037774,-0.030516431924882674,-0.06470588235294121,0.0012239902080782407,5
2024-08-02,-0.02094150726946626,-0.02088843064813795,-0.025268311235921093,-0.025194233831771492,-0.021057096800971634,-0.018360342321385104,-0.0148268124540047,-0.003558718861210176,-0.003875968992248166,-0.020581113801452763,-0.03144654088050325,-0.04523227383863084,5
2024-08-09,-0.008435271016414427,-0.014729125514201597,-0.010608209855653222,-0.006660744223933327,-0.007706652279718952,-0.004076065152201731,-0.01321707719339352,-1.8388068845354153e-16,-0.015564202334630333,-0.012360939431396847,-0.025974025974026167,0.010243277848912,5
2024-08-16,0.00015344355722668834,0.0005665182129124492,-0.000717932445015248,-0.0027739931604496416,-0.0001654949067549552,0.0013379207816534371,0.003055973475811055,0.0035714285714283814,0.011857707509881665,0.0012515644555692216,-0.004999999999999891,-0.011406844106463894,5
2024-08-23,0.039857426526314375,0.03312651883450974,0.04717204416319268,0.042948374783742034,0.04658886967442606,0.03186232216799054,0.030622558834361085,0.010676156583629743,0.027343749999999938,0.01249999999999979,0.07035175879396974,0.07692307692307689,5
2024-08-30,0.014012554038220968,0.009702493550632116,0.01569988197639804,0.009899552649186995,0.014112726555744937,0.019066302456397524,0.011266532686198882,0.00704225352112679,0.03041825095057022,0.013580246913580327,-0.006259780907668368,0.024999999999999873,5
2024-09-06,0.015163347192891367,0.032252317828829556,0.02341799843730878,0.027522489341434427,0.006242246908500094,0.0037412093139643707,0.014966697990048537,-0.017482517482517553,-0.03321033210332117,0.05115712545676009,0.06141732283464589,0.015098722415795771,5
2024-09-13,-0.021786120074815413,-0.01524057522927797,-0.02897340303926792,-0.02720950492054903,-0.02752035008528044,-0.017795165261040587,-0.007452065394052452,0.007117437722419889,-2.7755575615628914e-17,0.001158748551564592,-0.038575667655786405,-0.07894736842105272,5
2024-09-20,0.01142926140352265,0.005827141888428772,0.011632539493205833,0.011419620784555991,0.02134841057627812,0.0031963953004613232,0.009581436865842563,0.010600706713780935,0.011450381679389322,-0.02777777777777783,0.04475308641975343,0.018633540372670804,5
2024-09-27,0.01880271040582718,0.026490418238807857,0.02712040337323253,0.02351731021689449,0.014799169201674657,0.014892646360743314,0.01365459988347261,-0.013986013986013955,-1.205632815803881e-16,0.034523809523809436,0.03397341211225994,0.03902439024390239,5
2024-10-04,0.020735229286298593,0.01768540494201121,0.025051179109436765,0.01743872015486704,0.01986512467231009,0.02448611102566572,0.01684101228584788,0.003546099290780057,0.03396226415094336,0.024165707710011388,0.005714285714285902,0.03638497652582141,5
2024-10-11,0.01922326737956162,0.04192467226851647,0.023127799182713026,0.025904452279347494,0.008419339434962885,0.013775708045940853,0.024869241957521934,0.003533568904593438,-0.007299270072992739,0.06292134831460663,0.04119318181818182,-0.004530011325028325,4
2024-10-18,0.02888586258727003,0.033676948933563544,0.023770677477006903,0.030545419186646685,0.03527707868726011,0.01980374145984689,0.034973998271674266,0.049295774647887494,0.02205882352941182,0.002114164904862564,0.06548431105047724,0.004550625711035157,5
2024-10-25,-0.011338884848871552,-0.022352474755973475,-0.015019252581293753,-0.012407557937526556,-0.01134094906352209,-0.004583928434252583,-0.013377836746420154,0.003355704697986518,-0.007194244604316486,-0.011603375527425951,-0.03841229193341874,-0.0033975084937710176,4
2024-11-01,0.016355878760308647,0.018346029574644433,0.014494604353743397,0.0150062956288745,0.018004750629104633,0.014087297606492168,0.020149843523239747,0.023411371237458192,0.02173913043478235,0.009605122732123808,0.025299600532623267,0.0011363636363634921,4
2024-11-08,0.0005615694393612808,0.01097907853141792,0.0047981724950557966,-0.00110125112254547,-0.003280577086672786,-0.002592243867584585,0.004969024540648288,-0.016339869281045742,0.007092198581560199,0.015856236786469528,0.012987012987012936,-0.017026106696935217,5
2024-11-15,0.020055828757370223,0.017280435693829928,0.01841829829004766,0.01977918834441041,0.015468102794056207,0.024461758853495243,0.02215421753602222,0.026578073089700942,0.02112676056338049,0.03850156087408969,0.002564102564102541,0.011547344110854419,5
2024-11-22,-0.022721106739668012,-0.029768295583783695,-0.026760122600693225,-0.020694742526486842,-0.008285476340822063,-0.02804357520249157,-0.02973570924557885,-0.006472491909385012,-0.031034482758620804,-0.07915831663326649,-0.0012787723785166443,0.005707762557077647,5
2024-11-29,-0.01910261609327085,-0.0169147005931983,-0.017539667391633165,-0.019484557206641936,-0.018878893670123062,-0.019911398377722666,-0.02007850063894372,-0.026058631921823977,-0.017793594306049924,-0.020674646354733473,-0.01664532650448122,-0.02043132803632227,5
2024-12-06,0.01403272482518038,0.002504229494784663,0.01501771885430171,0.01030107390545277,0.015284402135332225,0.0205460859312403,0.008991867577495313,0.01003344481605344,0.028985507246376954,0.008888888888888962,-0.011718749999999722,0.03360370799536491,5
2024-12-13,0.02952086988334455,0.046085051104938914,0.031828234393587,0.02976833329997594,0.02249364685129509,0.02662154713257813,0.03680209559240286,0.01986754966887415,0.02816901408450696,0.05726872246696045,0.04084321475625829,-1.1796119636642288e-16,4
2024-12-20,0.03367609050955025,-0.00985178562499496,0.018827838411574163,0.025918502657812523,0.05347652048773161,0.04118120206786389,0.029197290225927507,0.09415584415584431,0.06506849315068519,-0.042708333333333286,0.003797468354430499,0.051569506726457284,5
2024-12-27,0.017902591882834204,0.008449493901929511,0.014237582028478213,0.016728497531128123,0.021297510265511813,0.020486907415092213,0.016758901168326106,0.03264094955489612,0.02250803858520891,0.004352557127312295,0.007566204287515948,0.022388059701492706,3
2025-01-03,0.07452481286843463,0.05906172736540996,0.07018767088066176,0.0657056272131304,0.08300938294702238,0.07523822223515197,0.07843318676315589,0.09195402298850601,0.11006289308176075,0.04008667388949078,0.07133917396745897,0.058394160583941535,4
2025-01-10,-0.019607134612652777,-0.005790807181834493,-0.025925705966637836,-0.009669334953211326,-0.021905652974113867,-0.027342506630256176,-0.013207967449681394,0.005263157894736865,-0.059490084985835655,-0.01041666666666656,0.011682242990654327,-0.04532019704433493,5
2025-01-17,-0.0262673064862555,-0.005179576232460407,-0.0067321867532667504,-0.026935647884715773,-0.03787258380932323,-0.030862349111405205,-0.028832235960060102,-0.10209424083769648,-0.024096385542168836,0.021052631578947364,-0.008083140877597986,-0.01651186790505671,5
2025-01-24,0.0286629024852461,0.030594488809197126,0.02487768881266331,0.035919038677642186,0.03482058929003285,0.019351017322483333,0.028363547703101906,0.04373177842565569,-2.949029909160572e-17,0.004123711340205988,0.06635622817229331,0.029380902413431123,5
2025-01-31,-0.017160710793719426,-0.03763052633120753,-0.02210898040486437,-0.026670274266007307,-0.013735017077914947,-0.004500045580811316,-0.018689228100992723,0.0027932960893854554,0.02160493827160521,-0.03080082135523604,-0.06659388646288204,-0.011213047910295525,5
2025-02-07,0.01003448632226265,0.02673023982110186,0.00833233785249721,0.02028873032064324,0.008259489290132397,-0.0007361117699554134,0.01408405457355398,0.016713091922005367,-0.030211480362537756,0.016949152542372826,0.053801169590643114,-0.006185567010309162,5
2025-02-14,0.01431897878697167,0.001920821488384477,0.014455940378537781,0.010757598226144742,0.019765464177433162,0.017050130807758506,0.009526566288223955,0.013698630136986516,0.028037383177570045,-0.0072916666666667535,0.003329633740288645,0.03319502074688797,5
2025-02-21,0.0004272330807590128,-0.014009077509091781,-0.00556297999707408,-0.006975420141165198,0.003934639771573862,0.007515918474381719,0.0032333565891796293,0.02432432432432441,0.030303030303030474,-0.01364113326337896,-0.027654867256637194,-0.011044176706827369,5
2025-02-28,0.014613460972941176,0.024017541155911756,0.017608051815324672,0.020517891204799292,0.00925828930263892,0.012545941648387623,0.013135671540882557,0.002638522427440736,-0.008823529411764577,0.036170212765957395,0.022753128555176274,0.020304568527918614,5
2025-03-07,0.008370633974154948,-0.0008686456894468767,0.006471394605365435,0.009655472342397189,0.011494649647720508,0.011566269179429175,0.0025553970508774846,0.015789473684210607,0.0029673590504450784,-0.004106776180698203,-0.004449388209121322,0.029850746268656657,5
2025-03-14,-0.03959014957937299,-0.04284946358926806,-0.04626099469511067,-0.021570966878949757,-0.04491584543563093,-0.035866088291799846,-0.04940290364107734,-0.012953367875647666,-0.1094674556213017,-0.018556701030927783,-0.058100558659217885,4.163336342344337e-17,5
2025-03-21,0.006941927743540941,-0.003777167879515066,0.01194509021590163,-0.006739415797952609,0.013687465053816208,0.009500932155587331,0.006196598887275939,-0.013123359580052441,0.059800664451827086,-0.019957983193277344,-0.0035587188612098536,0.009661835748792364,5
2025-03-28,0.006498525073960478,0.005820051957566536,0.005456383700146453,0.007337019631292241,0.005668497429115123,0.007193049803069589,0.006792566950356325,0.010638297872340512,0.003134796238244625,0.009646302250803901,0.003571428571428629,0.004784688995215135,5
2025-04-04,-0.013479682090795494,-0.0344689853136101,-0.005021328835316398,-0.01915678410474554,-0.01683203107357577,-0.002497350884340415,-0.02382646741440681,-0.047368421052631525,0.009374999999999828,-4.0766001685454967e-17,-0.05693950177935938,0.02857142857142839,4
2025-04-11,-0.031862626981492274,-0.038722602094139885,-0.025461031238252416,-0.037512335723297825,-0.02657868165545833,-0.03116728536769905,-0.03872901332894343,-0.05801104972375703,-0.009287925696594292,-0.053078556263269704,-0.036477987421383605,-0.00462962962962975,5
2025-04-18,0.0034349107710419957,0.00011894444557043522,0.0005592428144476955,0.005035520163184775,0.0042827042488158065,0.004313441019931669,0.00284122369992699,0.014662756598240657,-0.003125000000000044,-2.0816681711721685e-17,-0.001305483028720649,0.004651162790697568,4
2025-04-25,0.019927341194960382,0.017989723276317152,0.007726672652886489,0.024137796588094604,0.020046826143131465,0.02272065449163524,0.02490496767741914,0.06936416184971064,0.0031347962382446415,0.01905829596412565,0.006535947712418365,-2.7755575615628914e-17,4
2025-05-02,-0.04772357701412224,-0.007110502792681382,-0.04231401953828692,-0.03498370394341884,-0.06267938870734141,-0.05976699283424403,-0.038963768572119827,-0.07027027027027011,-0.1,0.013201320132013186,0.0012987012987012692,-0.08425925925925937,4
2025-05-09,-0.004649547157210968,0.007043002760699499,0.0021453865106554194,-0.003234786596698601,-0.013104407595266635,-0.0055160209870832085,-0.0035518627414583073,-0.03197674418604638,-0.010416666666666715,0.029315960912052026,-0.001297016861219158,-0.009100101112234719,5
2025-05-16,0.05866082145774009,0.07376414850465894,0.06662499468868954,0.051308023662190935,0.06710380589134342,0.045215059414545074,0.06308803631094627,0.027027027027027226,0.08771929824561388,0.025316455696202684,0.11298701298701312,0.040816326530612325,5
2025-05-23,0.0040114866295015575,-0.02162591712721292,-0.004360828829740462,0.001401057878823001,0.005764566923758807,0.01730580953705764,-8.170875085308356e-05,0.038011695906432774,0.01290322580645155,-0.003086419753086494,-0.047841306884480926,0.019607843137254933,5
2025-05-30,-0.003371092888973304,-0.02780863789101759,-0.011881344270249087,-0.001022618240161352,0.02450221187998763,-0.012059139386094358,-0.01616819628486647,0.030985915492957726,-0.012738853503184678,-0.11145510835913311,0.03186274509803927,0.04807692307692317,5
2025-06-06,0.01413651599661341,0.029971979460822064,0.01976915779022688,0.017690124605521402,0.006533954477954027,0.010145120278852162,0.01651570303007798,-0.008196721311475459,8.239936510889834e-18,0.04413472706155641,0.029691211401425166,0.004587155963302726,3
2025-06-13,0.035567379311679456,0.02595683936701692,0.034100469346355106,0.02525130347084122,0.04222890240443676,0.037533069606949694,0.03874260122436614,0.04132231404958719,0.07741935483870954,0.008898776418242453,0.027681660899654046,0.022831050228310345,5
2025-06-20,-0.00381696397373186,-0.002644258517865709,-0.0015238364931759374,-0.00409323465488416,-0.009226796910552696,0.0005719171114184672,-0.004864139347502105,-0.013227513227513081,-0.0029940119760479235,0.01764057331863287,-0.02132435465768781,-1.52655665885959e-16,5
2025-06-27,0.046454754773793634,0.05714672005415729,0.05414600083204755,0.04750044618913647,0.04343801762169982,0.04145805096522899,0.045730116534692285,0.016085790884718544,0.04204204204204228,0.05850487540628397,0.06651376146789,0.04910714285714316,5
2025-07-04,0.03770097243746372,0.03330945080104821,0.03393196959957282,0.04777774127032343,0.032222558838649024,0.04439207034412722,0.030153237161944887,0.05277044854881284,-0.0028818443804034866,0.059365404298873915,0.010752688172043034,0.06808510638297852,5
2025-07-11,-0.011700919600923959,-0.022947654012568063,-0.014001640969888256,-0.011027909181665935,-0.004421152523064029,-0.011459363026378701,-0.017584903387771435,-0.0025062656641604434,-0.014450867052023125,-0.04057971014492763,-0.012765957446808567,0.011952191235059697,5
2025-07-18,-0.009976456017496128,-0.005530102155470867,-0.008070438591733918,-0.00806876481462917,-0.01178750991555882,-0.011423677147324719,-0.010563377234673729,-0.017587939698492292,-0.017595307917888582,-0.0030211480362537257,-0.004310344827586093,-0.00787401574803144,5
2025-07-25,0.01355799702391672,0.019424112774006793,0.017611136729085056,0.01842509161954285,0.011889676320358646,0.009832863515898125,0.010019074723838617,-0.002557544757033364,-0.005970149253731478,0.02020202020202024,0.028138528138528244,0.027777777777777686,5
2025-08-01,-0.006194604986120355,-0.0026353420278600174,-0.007780645560574182,-0.008557535914123731,-0.007802809174119302,-0.006725346186332511,-0.0001766673167095365,4.0766001685454967e-17,0.0030030030030030325,1.864827736675068e-16,-0.0042105263157894675,-0.030888030888030802,5
2025-08-08,0.030142680421657755,0.027575437084140942,0.03320375181584233,0.03393979938934673,0.02774810523251377,0.0321206562588383,0.023687744156054562,0.017948717948717965,0.014970059880239537,0.03960396039603967,0.02219873150105713,0.05577689243027879,5
2025-08-15,0.03170460174391445,0.07264306672064352,0.038421791783484954,0.033659558311158584,0.030027430290569534,0.01099976438792726,0.045565193680537096,0.0050377833753148605,0.023598820058997213,0.03809523809523788,0.11685625646328833,-0.022641509433962256,5
2025-08-22,-0.00578182664203881,0.0019392938099276145,-0.007306750827442163,-0.007291469025946219,-0.009555357653175752,-0.007241458834122609,0.002453107954578512,-8.716985466783456e-17,-1.1015494072452725e-16,0.009174311926605548,9.540979117872439e-17,-0.038610038610038505,5
2025-08-29,0.017700494735806083,0.010949947268057285,0.020245802582393734,0.015644366424113532,0.01756383681765436,0.0209764046552687,0.014065488599450353,0.00751879699248142,0.02593659942363093,0.018181818181818042,0.004629629629629615,0.03212851405622493,5
2025-09-05,0.025082810944605037,-0.02324684904532897,0.023170245425457682,-0.002553156361291762,0.03372312737245925,0.0469224320478375,0.02451111357192681,0.032338308457711365,0.14044943820224717,-0.008928571428571397,-0.05990783410138253,0.02723735408560294,5
2025-09-12,0.040702786084345396,0.018036477285477383,0.023545888443310466,0.055802902295118834,0.05697975130349127,0.04103209668479566,0.02632920364801636,0.11084337349397588,-0.01970443349753697,-0.022522522522522424,0.039215686274509796,0.09848484848484838,5
2025-09-19,-0.031994990099432484,-0.004504888432668366,-0.020465361339055195,-0.030922847633759534,-0.03889696188409988,-0.043438850408305724,-0.02634215289641001,-0.07809110629067262,-0.037688442211055384,-0.004608294930875481,0.01415094339622638,-0.055172413793103336,5
2025-09-26,0.04298336470354311,0.059186640657676697,0.06181110478721103,0.027660862065879213,0.03523739860777062,0.03850012820580502,0.051756675117277565,-0.03058823529411765,0.10443864229765014,0.07407407407407393,0.06046511627906988,0.007299270072992836,5
2025-10-03,0.015533108806579902,0.004755823467583788,0.00211361301913118,0.02484176974537858,0.018341699515703015,0.019428432308531595,0.013009523827238788,0.07038834951456295,-0.021276595744680903,0.004310344827586283,-3.469446951953614e-17,0.025362318840579604,5
2025-10-10,-0.012271172654568329,-0.004580345228158409,-0.013650363074767824,-0.006894862180178997,-0.018496729059060982,-0.013161996296046485,-0.00914545246706957,-0.00680272108843536,-0.03381642512077298,0.01287553648068666,-0.00877192982456157,-0.024734982332155417,4
2025-10-17,0.04258460183513534,0.01086322186638258,0.05225457199137252,0.05400835625124519,0.052282919614848315,0.051058021040435525,0.0038587804273620347,0.004566210045662362,-0.0025000000000000217,0.0042372881355932845,0.008849557522123753,0.20652173913043492,4
2025-10-24,0.03294840073723656,0.018475824310328223,0.0354447962159668,0.036014089074044874,0.040192941594608976,0.03566710523994871,0.01725975804144147,0.02272727272727272,0.02005012531328305,0.00421940928270052,0.021929824561403365,0.09309309309309312,4
2025-10-31,0.03906202335811771,0.06711868378661971,0.043181638012680844,0.039457230540437815,0.02101933402604562,0.03476787576229514,0.05687285178679659,0.0222222222222223,0.03685503685503663,0.11344537815126036,0.055793991416309224,-0.03296703296703306,5
2025-11-07,0.07278411321417497,0.09733705140028423,0.060192011381852956,0.06950196201325146,0.07749705336657914,0.05645913534570848,0.10041259285193092,0.12391304347826083,0.0853080568720377,0.052830188679245084,0.13821138211382122,-0.03409090909090911,5
2025-11-14,-0.02554532821829584,-0.057375221846940404,-0.024589023687070458,-0.052255474623909594,-0.01090220601663619,-0.013818553951140016,-0.026128795708425006,-0.03288201160541597,0.08296943231441034,-0.08243727598566311,-0.07142857142857138,-0.023529411764705938,5
2025-11-21,-0.023969445664077164,-0.01459263590226419,-0.008677613056642313,-0.021431893676281764,-0.028972269776581894,-0.0271035907177351,-0.03358730272090001,-0.08400000000000005,-0.03427419354838719,-0.0039062499999999514,-0.011538461538461537,0.01506024096385531,5
2025-11-28,-0.04050873101488865,-0.05293631405679589,-0.039408675948832995,-0.04055149775482193,-0.046699311579123534,-0.029170684527115985,-0.0469184870105775,-0.04585152838427938,-0.043841336116910296,-0.01568627450980386,-0.08560311284046711,-0.014836795252225529,5
2025-12-05,-0.02856085556093273,-0.032446686134186255,-0.038102439958099796,-0.035050727020783594,-0.028767713970434178,-0.025109504089333504,-0.01584239130887246,0.009153318077803195,-0.004366812227074098,-0.02788844621513942,-0.04255319148936172,-0.07831325301204814,5
2025-12-12,0.008606882150674757,0.024531363914031545,0.01131304351297597,0.021776555854110022,0.012834074548337892,-0.004595620345032958,0.0017562285795197803,-0.0022675736961450983,-0.04385964912280688,-0.00819672131147542,0.06222222222222215,0.03594771241830067,4
2025-12-19,0.05350902324955158,0.042886734138616676,0.06597581471407972,0.05026870777019593,0.058548658157777766,0.056419719099840636,0.036423037415501014,0.00454545454545444,0.06651376146789002,0.03305785123966945,0.041841004184100375,0.1230283911671925,5
2025-12-26,0.009330341571322683,0.021487851172143527,0.0015690369439635128,0.006798862761999867,-0.0011559644851600953,0.010611274056844724,0.028955505379140593,0.04072398190045235,0.01935483870967729,0.05199999999999996,0.004016064257028219,-0.06741573033707866,3
2026-01-02,0.03666375284470227,0.03410522567556645,0.025832568814844928,0.04380731670859976,0.041102140053967284,0.03283469869384191,0.03978359851182557,0.08043478260869569,0.008438818565400744,0.0190114068441063,0.051999999999999984,0.02409638554216858,4
2026-01-09,0.04362906565692359,0.034078803700224224,0.047399988997648,0.03305659294504842,0.045208263380603124,0.04979182045235991,0.042637834760886575,0.028169014084507088,0.08577405857740576,0.037313432835821114,0.01901140684410656,0.047058823529411625,5
2026-01-16,0.011535085937246427,0.0033858202624412206,0.01245335458585826,0.004839071519600788,0.01625759312198975,0.012545752824426685,0.01159169954251438,0.007827788649706496,0.038535645472061494,-0.007194244604316577,0.007462686567164146,0.01123595505617984,5
2026-01-23,0.02305985992956542,0.002042019370963368,0.021989478139632066,0.024130036093687624,0.029719220575903774,0.03169380632033669,0.007706607590444039,0.027184466019417413,0.01855287569573264,-0.0036231884057970403,-0.011111111111111018,0.08333333333333316,5
2026-01-30,-0.006253181269461132,-0.013227705683378086,-0.021585650058219417,-0.005807113869190519,-0.0014286249372318929,-0.006936610170517998,0.004385082517980428,0.056710775047258945,-0.009107468123861658,-0.025454545454545462,-0.0037453183520599377,-0.05128205128205143,5
2026-02-06,0.014926258752648157,0.014063995472055203,0.0164227158598022,0.00814237718109019,0.014916251496927317,0.01583623716593744,0.019319512223118177,0.008944543828264803,0.042279411764705996,0.014925373134328167,0.011278195488721927,-0.0027027027027026976,5
2026-02-13,0.061586127846071086,0.10336859517262695,0.06499008135789669,0.06592495753804581,0.04508193027792614,0.04755785310040738,0.0846641671748166,0.04787234042553202,0.04409171075837748,0.12867647058823528,0.11895910780669135,-0.027100271002709977,5
2026-02-20,-0.024817296945371988,-0.027330712482530783,-0.021857310994800903,-0.02642561267489643,-0.019591535393304015,-0.029360184025787568,-0.026894886023803865,-0.03722504230118451,-0.018581081081081065,-0.045602605863192196,-0.006644518272425237,-0.016713091922005548,5
2026-02-27,0.062332206885513046,0.060920952533968495,0.04536697847485206,0.07697414970581325,0.064150689559391,0.05944448370378548,0.06582843932649493,0.1318101933216169,0.005163511187607592,0.05460750853242331,0.0735785953177257,0.048158640226628815,5
2026-03-06,-0.030757651671868988,-0.03274629622905958,-0.022538235057743623,-0.04519028461174921,-0.029591892608113724,-0.0301552087729208,-0.026374313550331846,-0.06366459627329221,0.02739726027397253,-0.035598705501618165,-0.03426791277258571,-0.048648648648648624,5
2026-03-13,0.016842402931712575,0.024806024810632408,0.013594123648752279,0.02150185464941373,0.012644787218513887,0.015395673096071295,0.02108255559576419,0.029850746268656848,-0.0016666666666668216,0.033557046979865786,0.02258064516129025,1.7564075194265177e-16,5
2026-03-20,0.0026244663090485097,-0.01107938235880246,-0.002721992475260334,0.0032124274365779824,0.004846060846888872,0.013744230824534718,-0.005929263432306729,0.024154589371980575,-1.4398204850607496e-16,-0.0064935064935064575,-0.041009463722397464,0.036931818181818246,4
2026-03-27,-0.09494620581103728,-0.09796687526152767,-0.08231347594660046,-0.09422508675489975,-0.09430114461810161,-0.09248237886092359,-0.1113566180656234,-0.14465408805031454,-0.09849749582637746,-0.09803921568627456,-0.10526315789473689,-0.02739726027397253,5
2026-04-03,0.034992218534034975,0.015256789291641754,0.02181767152405455,0.027924711848219194,0.042905454708403755,0.04284534747904806,0.03949532569809801,0.08823529411764741,0.06296296296296311,0.0036231884057971774,0.003676470588235199,0.016901408450704217,4
2026-04-10,0.04591714804742489,0.055571184741749935,0.04635350339810794,0.03829571746434407,0.039396836625238865,0.047290147838845456,0.05829440672266941,0.04391891891891902,0.07665505226480834,0.07220216606498167,0.04029304029304039,-0.002770083102493161,4
2026-04-17,0.01027940980510126,0.0019078446896903677,0.008384357358626495,9.099032274419669e-05,0.010297080447447489,0.019136652615716173,0.013541353142580976,0.01779935275080909,0.05177993527508076,0.010101010101010064,-0.024647887323943605,-0.002777777777777767,5
2026-04-24,-0.012190264467103343,-0.0066660713924930485,-0.007686342684367715,-0.013039527820744506,-0.015247954893391445,-0.012542973493637949,-0.012463466440902626,-0.03020667726550063,-0.00923076923076925,6.678685382510707e-17,-0.010830324909747191,-0.011142061281337007,5
2026-05-01,-0.013403216657651524,-0.018541372158404696,-0.016769141239342058,-0.009751976132381298,-0.011753096360683907,-0.01127626642081298,-0.017466428212710747,7.28583859910259e-17,-0.027950310559006385,-0.019999999999999987,-0.02189781021897811,0.002816901408450732,4
2026-05-08,-0.026950136460508332,-0.003495490538711572,-0.013923625346249939,-0.018511331239778023,-0.03788115779701793,-0.03283606742064081,-0.031585459063820875,-0.07868852459016383,-0.06070287539936122,0.017006802721088562,-0.003731343283582144,-0.008426966292134961,5
2026-05-15,0.02656667435404371,0.01107221532667195,0.027323786692137673,0.007407044751527195,0.03241216866506827,0.03327356652914855,0.03253572233564335,0.023131672597864545,0.10544217687074833,0.003344481605351274,5.421010862427522e-17,0.0028328611898016673,5
2026-05-22,0.0008767235214822689,0.006896844779969464,0.001001339207117787,0.0029716748229856463,-0.002273673487842799,0.001080004411934019,0.00150609436945205,1.0234868508263162e-16,-0.00769230769230779,0.013333333333333202,-9.237402509576498e-17,-0.002824858757062149,5
2026-05-29,-0.007176924319380521,-0.01302027907181382,-0.009222854605786602,-0.007861737391309135,-0.003831425340642037,-0.008968334010694403,-0.006193527119717534,6.938893903907228e-18,-0.00465116279069762,-0.023026315789473572,-9.237402509576498e-17,-0.011331444759206735,4
2026-06-05,0.023363574243239385,0.041177298728531,0.026604010936664906,0.03044614058175055,0.019114489435696227,0.014354882356357561,0.026344168876805244,0.010434782608695549,-0.004672897196261579,0.0404040404040405,0.05992509363295877,0.011461318051575943,4
2026-06-12,-0.016083208254471387,-0.020102709594653167,-0.012856284834360283,-0.018198565000228116,-0.014459228862710883,-0.014808233299480594,-0.020126502232747177,-0.029259896729776358,-0.007824726134585286,-0.022653721682847957,-0.021201413427561756,1.9602375278537925e-16,5
2026-06-19,0.055707341208917245,0.057863806185766614,0.0470253520945405,0.056853747375039496,0.05465893305993082,0.055151625434703345,0.06481959448649777,0.09042553191489382,0.05047318611987378,0.0596026490066227,0.0577617328519856,0.019830028328612,5
2026-06-26,0.02971615211452577,0.018992374124381532,0.02282437970335106,0.02784634316747242,0.0378638146835057,0.02768733165080898,0.03224867103888161,0.056910569105690846,0.036036036036036105,-0.0031249999999999317,0.037542662116041,0.019444444444444448,5
