date,ew_ret,tw_ret,n_banks,ew_level,tw_level,ret_ex_Absa,ret_ex_Co-op,ret_ex_Equity,ret_ex_KCB,ret_ex_NCBA,ret_Absa,ret_Co-op,ret_Equity,ret_KCB,ret_NCBA
2017-09-01,,,0,100.0,100.0,,,,,,,,,,
2017-09-04,-0.000907241171161477,,5,99.90927588288385,100.0,-0.0023476436969615544,-0.0003787644548883806,0.0004583052239462426,-0.0011340514639518462,-0.0011340514639518462,0.004854368932038833,-0.0030211480362538623,-0.006369426751592355,0.0,0.0
2017-09-05,0.0012563764737678173,,5,100.0347995466143,100.0,-0.0008449883449883067,0.0008128948346339815,0.0031730346947738686,0.0015704705922097717,0.0015704705922097717,0.009661835748792313,0.003030303030303161,-0.0064102564102563875,0.0,0.0
2017-09-06,0.0018427678322806562,,5,100.21914045732746,100.0,0.0046958042879584605,0.0007928857722239446,0.0006905565645443923,0.0023034597903508203,0.0007311327463256634,-0.009569377990430561,0.0060422960725075026,0.006451612903225712,0.0,0.0062893081761006275
2017-09-07,0.00036558297427866646,,5,100.25577886877548,100.0,-0.0007507507507507061,0.0012077294685990392,0.0004569787178483331,0.0004569787178483331,0.0004569787178483331,0.004830917874396157,-0.0030030030030028243,0.0,0.0,0.0
2017-09-08,0.0026877289377289283,,5,100.52523922681564,100.0,0.0033596611721611602,0.0033596611721611602,-0.0030505952380952273,0.004847756410256393,0.004922161172161155,0.0,0.0,0.02564102564102555,-0.005952380952380931,-0.006249999999999978
2017-09-11,-0.0019048048481350665,,5,100.33375826377646,100.0,-0.002381006060168833,-0.0016279940119760528,0.0007439939398311557,-0.0038780120481927693,-0.002381006060168833,0.0,-0.003012048192771122,-0.012499999999999956,0.0059880239520957446,0.0
2017-09-12,0.008314513088217401,,5,101.16798461005068,100.0,0.009191218283348679,0.010393141360271752,0.008810862879259085,0.005928855645986053,0.007248487272221438,0.004807692307692291,0.0,0.006329113924050667,0.017857142857142794,0.012578616352201255
2017-09-13,0.004206364289904019,,5,101.59353400779594,100.0,0.0052579553623800235,0.0014815203170628066,0.0036856283183548666,0.00379596705828647,0.006810750393435927,0.0,0.015105740181268867,0.0062893081761006275,0.005847953216374213,-0.006211180124223614
2017-09-14,-0.003575985418090655,,5,101.23023701161176,100.0,-0.003273809523809512,-0.007446172248803784,-0.0013449817726133295,-0.004469981772613318,-0.0013449817726133295,-0.004784688995215225,0.011904761904761862,-0.012499999999999956,0.0,-0.012499999999999956
2017-09-15,-0.0070845882113177,,5,100.51306246785039,100.0,-0.007653812187224024,-0.008855735264147124,-0.005691178302121819,-0.005948758519961073,-0.007273456783134458,-0.004807692307692402,0.0,-0.012658227848101222,-0.011627906976744207,-0.006329113924050667
2017-09-18,-0.005075664701969939,,5,100.00289186459541,100.0,-0.005136851408863413,-0.005609286759815368,-0.007947144980026521,-0.0019328161715800596,-0.004752224189564336,-0.004830917874396046,-0.002941176470588225,0.0064102564102563875,-0.01764705882352946,-0.006369426751592355
2017-09-19,-0.004724415209196709,,5,99.53043668130665,100.0,-0.00469192677848615,-0.0059055190114958855,-0.004313162323597797,-0.004408513023471922,-0.004302954908931789,-0.004854368932038944,0.0,-0.006369426751592355,-0.005988023952095856,-0.0064102564102563875
2017-09-20,-0.004721619046876046,,5,99.0604918757283,100.0,-0.0022434872232292014,-0.00516456068175139,-0.005902023808595058,-0.004395999712209525,-0.005902023808595058,-0.014634146341463428,-0.002949852507374673,0.0,-0.0060240963855421326,0.0
2017-09-21,-0.002009347145823548,,5,98.86144495911392,100.0,-0.002511683932279435,-0.0047306188435220775,-0.000909119829715338,-0.00099653241712791,-0.0008987807064729791,0.0,0.00887573964497057,-0.0064102564102563875,-0.0060606060606061,-0.006451612903225823
2017-09-22,-0.0011730205278592588,,5,98.74547845476306,100.0,-0.0014662756598240734,0.0,-0.0014662756598240734,-0.0014662756598240734,-0.0014662756598240734,0.0,-0.0058651026392962935,0.0,0.0,0.0
2017-09-25,-0.007569122238708559,,5,97.9980618578192,100.0,-0.009461402798385699,-0.007986476544698418,-0.004622693120966331,-0.007937012554483258,-0.007838026175009088,0.0,-0.005899705014749124,-0.01935483870967747,-0.0060975609756097615,-0.00649350649350644
2017-09-26,-0.00530027016033161,,5,97.47864565478388,100.0,-0.01033820898754323,-0.004399818412580664,-4.639033199346776e-05,-0.005091595369126178,-0.006625337700414513,0.014851485148514865,-0.008902077151335397,-0.02631578947368418,-0.006134969325153339,0.0
2017-09-27,-0.004116169595025409,,5,97.07740701737539,100.0,-0.003925699798659782,-0.004396708999769766,-0.005145211993781762,-0.0036020021172385452,-0.0035112250656771926,-0.00487804878048792,-0.0029940119760479833,0.0,-0.006172839506172867,-0.006535947712418277
2017-09-28,-0.0035384176553916458,,5,96.73390660644547,100.0,-0.003197531873161158,-0.004423022069239557,-0.004423022069239557,-0.0028702270381836537,-0.002778285227134303,-0.004901960784313597,0.0,0.0,-0.006211180124223614,-0.006578947368421018
2017-09-29,-0.009367925570825752,-0.01693701154770539,5,95.82771056918108,98.30629884522946,-0.010478379869936105,-0.009457654711279961,-0.004953150206775447,-0.008584906963532202,-0.013365536102605047,-0.0049261083743843415,-0.009009009009008917,-0.027027027027026973,-0.012499999999999956,0.0066225165562914245
2017-10-02,-0.006671533242598083,-0.000985140765513528,5,95.18839281255673,98.20945330273027,-0.004626545266118887,-0.008339416553247603,-0.011811638775469813,-0.005174859591222297,-0.003405206026931812,-0.014851485148514865,0.0,0.01388888888888884,-0.012658227848101222,-0.019736842105263164
2017-10-03,-0.018897303209943893,-0.022884092274864536,5,93.3895888915106,95.96201911108658,-0.014827659163183654,-0.023621629012429868,-0.018484642711060012,-0.015608808499609356,-0.02194377666343658,-0.035175879396984855,0.0,-0.020547945205479423,-0.03205128205128205,-0.006711409395973145
2017-10-04,-0.006045176781931727,-0.0068486782843574295,5,92.82503231706949,95.30480611467739,-0.010160637644081344,-0.007556470977414659,-0.005808219229162914,-0.005900841838341803,-0.0007997142206579155,0.01041666666666674,0.0,-0.006993006993006978,-0.0066225165562914245,-0.027027027027026973
2017-10-05,-0.0025845877095332483,-0.00045959837782995523,5,92.58511787940577,95.26100418038769,0.0019239045383411535,-0.00323073463691656,-0.006751861397479936,0.00010259869641676689,-0.004966845748027665,-0.020618556701030855,0.0,0.014084507042253502,-0.013333333333333308,0.00694444444444442
2017-10-06,-0.0024319419237749827,-0.0004777704423483367,5,92.35995624971719,95.21549128828188,-0.0017241379310344862,-0.0030399274047187286,-0.0030399274047187286,-0.0030399274047187286,-0.0013157894736842424,-0.0052631578947369695,0.0,0.0,0.0,-0.006896551724137945
2017-10-09,-0.0028872053872053493,-0.00021779876822638277,5,92.09329408647096,95.19475347156323,0.005650252525252558,-0.0005787037037036646,-0.0036090067340066867,-0.0036090067340066867,-0.012289562289562267,-0.03703703703703698,-0.012121212121212088,0.0,0.0,0.03472222222222232
2017-10-10,-0.00021491271491271834,-0.002716260865678845,5,92.07350206661357,94.93617968809048,-0.0016422672672672667,-0.00026864089364089794,-0.002004752004752003,0.0031097374847374737,-0.00026864089364089794,0.005494505494505475,0.0,0.00694444444444442,-0.013513513513513487,0.0
2017-10-11,-0.007074958133846132,-0.0019071722092775668,5,91.42208589425569,94.75512004453435,-0.004745337011569956,-0.005776213004730996,-0.008843697667307665,-0.008843697667307665,-0.007165845318314379,-0.016393442622950838,-0.012269938650306678,0.0,0.0,-0.006711409395973145
2017-10-12,-0.0024659603873421697,0.0012375513492565544,5,91.19664265191226,94.87238437119444,-0.0030824504841777123,2.3139577934094824e-05,-0.0030824504841777123,-0.004794779251301007,-0.0013932612949885126,0.0,-0.012422360248447228,0.0,0.006849315068493178,-0.006756756756756799
2017-10-13,0.009542575650950047,0.01947528261206623,5,92.06689351353079,96.72005086890404,0.011928219563687559,0.011928219563687559,0.010204081632653073,0.0017241379310344862,0.011928219563687559,0.0,0.0,0.006896551724137945,0.04081632653061229,0.0
2017-10-18,0.012589104220993973,0.0031636563214336414,5,93.22593323127577,97.02603986924483,0.011569713609575816,0.012591726188192154,0.017448709043365762,0.014102393348137898,0.0072329789156982405,0.016666666666666607,0.012578616352201255,-0.006849315068493178,0.006535947712418277,0.03401360544217691
2017-10-19,0.005395750070461847,8.651311339942627e-05,5,93.7289570670773,97.03443389403473,-0.0014520337233980551,0.00829748261913324,0.005020549657042822,0.008368064211453918,0.006744687588077308,0.032786885245901454,-0.006211180124223725,0.006896551724137945,-0.00649350649350644,0.0
2017-10-23,0.01423742017435028,0.014861106045880493,5,95.06341561134491,98.47647290623597,0.004569261990424595,0.01857802521793786,0.0075228026151981375,0.01943076214604242,0.021086248902148386,0.05291005291005302,-0.0031250000000000444,0.041095890410958846,-0.006535947712418277,-0.013157894736842146
2017-10-24,0.023012924159929636,0.0451572277255156,5,97.25110278519267,102.92339741886845,0.028766155199912047,0.027982456140350886,0.010674049936754137,0.02054247098938572,0.027099488533245397,0.0,0.0031347962382446415,0.07236842105263164,0.03289473684210531,0.006666666666666599
2017-10-27,0.01600175101474388,0.02086157357232841,5,98.8072907178706,105.07054144643615,0.01748962595435949,0.01531468876842984,0.02000218876842985,0.00885569195314323,0.018346559629356995,0.01005025125628145,0.018750000000000044,0.0,0.04458598726114649,0.0066225165562914245
2017-10-30,0.008198851345233193,0.0024009973937902966,5,99.61739700629165,105.32281554261318,0.007761001992486777,0.004113594856388153,0.013316048844118189,0.007199783693736611,0.008603827339436237,0.00995024875621886,0.024539877300613355,-0.012269938650306789,0.012195121951219523,0.006578947368421018
2017-10-31,-0.0061494544252751245,-0.006496530203253344,5,99.00480436343692,104.63858269034891,-0.007686818031593906,-0.004692806055546006,-0.0061340230005380025,-0.006180793935208373,-0.006052831103489337,0.0,-0.0119760479041916,-0.006211180124223614,-0.0060240963855421326,-0.006535947712418277
2017-11-01,-0.0036363636363636377,-0.005941625947828307,5,98.64478689302442,104.01685937229195,-0.004545454545454547,-0.003030303030303022,-0.004545454545454547,-0.001515151515151525,-0.004545454545454547,0.0,-0.0060606060606061,0.0,-0.012121212121212088,0.0
2017-11-02,0.0009708117012464212,0.0024219599304189064,5,98.74055240640712,104.26878403777965,0.002445041720154112,0.0019757097485091912,-0.00034898537344199565,0.0012135146265580266,-0.00043122221554722784,-0.0049261083743843415,-0.0030487804878046587,0.006250000000000089,0.0,0.006578947368421018
2017-11-03,-0.0024943002245200463,3.535179531566232e-05,4,98.49426382437059,104.27247012649077,-2.54035996900918e-05,-0.003325733632693395,-0.0012553402579521904,-0.005370723407744508,-0.0024943002245200463,-0.00990099009900991,0.0,-0.006211180124223614,0.006134969325153339,
2017-11-06,-0.004577832475572474,-0.006225315384156679,4,98.04337358477777,103.6233411140683,-0.006103776634096632,-0.004065040650406508,-0.006103776634096632,-0.0020387359836901244,-0.004577832475572474,0.0,-0.006116207951070374,0.0,-0.012195121951219523,
2017-11-07,-0.008523860398860383,-0.014228841452594062,4,97.20766555530781,102.14890102256815,-0.01136514719848051,-0.010339506172839482,-0.00719848053181386,-0.005192307692307681,-0.008523860398860383,0.0,-0.003076923076923088,-0.012499999999999956,-0.01851851851851849,
2017-11-08,-0.008873022092276805,-0.009572271617773777,5,96.3451397912969,101.17110399652304,-0.011091277615346007,-0.008004857862259601,-0.007926720653320701,-0.00951895057132085,-0.007823303759136868,0.0,-0.012345679012345623,-0.012658227848101222,-0.0062893081761006275,-0.013071895424836555
2017-11-09,0.009116992956187309,0.021842664835481355,5,97.22351775213706,103.38095051215473,0.012646241195234165,0.009833741195234114,0.004985984784977748,0.005067127271183525,0.013051870334306992,-0.0050000000000001155,0.006250000000000089,0.02564102564102555,0.025316455696202445,-0.0066225165562914245
2017-11-10,-0.003469883444521105,0.003941141818855076,5,96.88616347747082,103.78838949949116,-0.004337354305651381,-0.003560956790123415,-0.005899854305651403,-0.0058805641821945975,0.0023293123610152733,0.0,-0.0031055900621118626,0.006250000000000089,0.006172839506172867,-0.026666666666666616
2017-11-13,0.00033155264976520994,0.007178246667323703,5,96.91828634169735,104.53340816052278,0.0029270036262768473,0.0004144408122065124,-0.0026911492499052947,-0.0011193015190818223,0.002126769579329807,-0.01005025125628134,0.0,0.012422360248447228,0.006134969325153339,-0.006849315068493178
2017-11-14,0.014465771097699465,0.026815851915013178,5,98.32028408709763,107.336560553927,0.01935124940511923,0.015745765273993517,0.010413502215682602,0.010460262652612129,0.016358075941089845,-0.0050761421319796,0.009345794392523255,0.030674846625766916,0.030487804878048808,0.006896551724137945
2017-11-15,0.023195298131320995,0.020668571865951942,5,100.60085238885404,109.55505396957992,0.02389208184782471,0.017420048590077175,0.02601793218796078,0.02307696290083766,0.025569465129904656,0.020408163265306145,0.04629629629629628,0.011904761904761862,0.023668639053254337,0.013698630136986356
2017-11-16,0.003900228640203296,0.011405149980329552,5,100.9932187145699,110.8045457912061,0.00487528580025412,0.005612748927097788,0.0004635210943717827,0.0019851123898494694,0.00656447498944332,0.0,-0.002949852507374673,0.01764705882352935,0.011560693641618602,-0.006756756756756799
2017-11-17,-0.010536055678214118,-0.01021900781997569,5,99.92914853907114,109.67223327127691,-0.011920069597767619,-0.007252909834454063,-0.011724982892565322,-0.010312926740624784,-0.011469389325658802,-0.0050000000000001155,-0.023668639053254337,-0.005780346820809301,-0.011428571428571455,-0.006802721088435382
2017-11-20,-0.005583664476616823,-0.00684763944800591,5,99.37117770219496,108.9212373603776,-0.005723299188735875,-0.002434126050316482,-0.006979580595771029,-0.004089407185366406,-0.008691909362894323,-0.005025125628140614,-0.018181818181818188,0.0,-0.011560693641618491,0.006849315068493178
2017-11-21,0.011106771257147185,-0.004596737899198319,5,100.47487064248655,108.42055498057557,0.012620837808807739,0.013883464071433982,0.013883464071433982,0.018269428983714697,-0.0031233386496544724,0.005050505050504972,0.0,0.0,-0.01754385964912286,0.06802721088435382
2017-11-23,-0.0034693866664227803,-0.0029590157445525856,5,100.12628446596894,108.09973685135492,-0.0030804519259933216,-0.004336733333028475,-0.004336733333028475,-0.0028486380949332424,-0.0027443766451303864,-0.005025125628140614,0.0,0.0,-0.005952380952380931,-0.006369426751592355
2017-11-24,-0.013589943643789449,-0.009090909189310492,5,98.7655739028144,107.11701196025089,-0.01572480329211054,-0.018530639431280027,-0.015533941182643785,-0.01399341757868891,-0.00416691673422398,-0.005050505050505083,0.006172839506172867,-0.005813953488372103,-0.0119760479041916,-0.05128205128205132
2017-11-27,-0.0034120723594407653,-0.00943998074693493,5,98.4285786180363,106.10582942967693,-0.004265090449300957,-0.004265090449300957,-0.0013411138411138224,-0.0012347874189979346,-0.005954279638490156,0.0,0.0,-0.011695906432748537,-0.012121212121212088,0.006756756756756799
2017-11-29,-0.001267603838112752,0.0012869509585216722,5,98.30381017400009,106.24238242856619,-0.004122575863630795,0.0007161086992916177,-0.0015845047976409399,-0.0031182471289292746,0.0017711999003456325,0.010152284263959421,-0.00920245398773023,0.0,0.006134969325153339,-0.01342281879194629
2017-11-30,-0.002826530022487761,-0.0009074116913024658,5,98.02595150321835,106.14597684863867,-0.0022768811210745477,-0.001211181103961123,-0.0020538725872812913,-0.005057552772012142,-0.0035331625281097012,-0.005025125628140614,-0.009287925696594312,-0.00591715976331364,0.0060975609756097615,0.0
2017-12-01,-0.0021356421356421686,-0.0017077587455692062,5,97.81660315080165,105.96470512836842,-0.0014069264069264398,-0.0026695526695527105,0.0032828282828282485,-0.00721500721500723,-0.0026695526695527105,-0.005050505050505083,0.0,-0.023809523809523836,0.018181818181818077,0.0
2017-12-04,-0.004314952426432983,-0.0029736382316968043,5,97.39452916169067,105.64960442998823,-0.006662726066036184,-0.005393690533041229,-0.002344910045236348,-0.006881785771136462,-0.00029164971671469253,0.005076142131979822,0.0,-0.012195121951219523,0.005952380952380931,-0.020408163265306145
2017-12-05,0.00044893378226713577,0.004638031797880386,5,97.43825285603934,106.139610654768,0.0030864197530864335,0.0005611672278339197,-0.0025252525252525138,0.0005611672278339197,0.0005611672278339197,-0.010101010101010055,0.0,0.012345679012345734,0.0,0.0
2017-12-06,-0.001751016710142972,-0.004910599547268413,5,97.26763684708129,105.61840153073945,-0.004739791295841955,-0.002188770887678715,-0.0006643806437762745,-0.0007094809468503049,-0.0004526597765676099,0.010204081632652962,0.0,-0.0060975609756097615,-0.00591715976331364,-0.00694444444444442
2017-12-08,-0.00486269013876377,-0.005215162750849129,5,96.79465446856413,105.06758437727211,-0.004815736410828442,-0.0060783626734547125,-0.0030108780108780153,-0.0060783626734547125,-0.004330110925202968,-0.005050505050505083,0.0,-0.012269938650306789,0.0,-0.006993006993006978
2017-12-11,0.0025989268947015365,0.002837395652175363,5,97.04621669932583,105.36570268436876,0.0032486586183769206,0.0032486586183769206,0.0032486586183769206,0.0017605633802816878,0.0014880952380952328,0.0,0.0,0.0,0.005952380952380931,0.007042253521126751
2017-12-13,-0.0035972617776600436,-0.0030244637817049636,5,96.69711605332682,105.04702793276599,-0.0032275416890801545,-0.004496577222075054,-0.004496577222075054,-0.0030172872812466445,-0.00274832547382331,-0.0050761421319796,0.0,0.0,-0.00591715976331364,-0.006993006993006978
2017-12-14,-0.005031639110022445,-0.007952819375780865,5,96.21057106236653,104.21160789365409,-0.006289548887528057,-0.006289548887528057,-0.004736753856472153,-0.0033133584113375913,-0.004528985507246369,0.0,0.0,-0.006211180124223614,-0.011904761904761862,-0.007042253521126751
2017-12-15,-0.001661269480876193,0.007138343013426861,5,96.05073937692295,104.95550609677973,-0.0008010766470135933,-0.002076586851095241,-0.002076586851095241,-0.006594659140251868,0.0032425620850749792,-0.005102040816326592,0.0,0.0,0.01807228915662651,-0.021276595744680882
2017-12-18,0.0016342402023840296,0.006047420592820066,5,96.20770935668143,105.59021618567925,0.0033248515350313423,-0.001863449747019963,0.0004803002529800149,0.0005635103121516272,0.005665988658777127,-0.005128205128205221,0.015625,0.006250000000000089,0.00591715976331364,-0.01449275362318836
2017-12-19,-0.0023401128889303457,0.0009314176282324982,5,95.9825724560014,105.68856477440347,-0.004213800904977361,0.0009210127349909003,-0.002925141111162932,-0.004395729346457045,-0.0010869058170452917,0.005154639175257714,-0.01538461538461533,0.0,0.00588235294117645,-0.007352941176470562
2017-12-20,0.00023148148148146585,-0.0004312668851194423,5,96.00479064406991,105.64298479628047,0.0002893518518518323,0.0018518518518518268,0.0002893518518518323,0.0002893518518518323,-0.0015624999999999944,0.0,-0.006249999999999978,0.0,0.0,0.007407407407407307
2017-12-21,-0.009965271020378873,-0.012247920878546804,5,95.04807688604701,104.34907787712211,-0.011174537493422287,-0.010884261731448436,-0.004692613620194103,-0.012456588775473593,-0.010618353481355952,-0.005128205128205221,-0.0062893081761006275,-0.03105590062111796,0.0,-0.007352941176470562
2017-12-22,-0.00041424493988764246,-0.0014223902318938632,5,95.00870370115092,104.20065276804256,0.0007708536189548476,-0.0028912238963784975,0.0010847579277045438,-0.000517806174859553,-0.000517806174859553,-0.005154639175257603,0.009493670886075778,-0.0064102564102563875,0.0,0.0
2017-12-27,0.00475198014017777,0.010031558055391916,5,95.46018317428283,105.24594766569493,0.007235311962786983,0.0051562761156610515,-0.0005116377280036111,0.005939975175222212,0.005939975175222212,-0.005181347150259086,0.0031347962382446415,0.02580645161290329,0.0,0.0
2017-12-28,0.0,0.0,5,95.46018317428283,105.24594766569493,0.0,0.0,0.0,0.0,0.0,0.0,0.0,0.0,0.0,0.0
2017-12-29,0.004069752473426713,0.0016952889522138409,5,95.84868249087015,105.42436995803786,0.0050871905917833915,0.0019621905917834026,0.0035148635477582346,0.0065491788958769726,0.0032353387399315647,0.0,0.012499999999999956,0.0062893081761006275,-0.005847953216374324,0.007407407407407307
2018-01-02,0.013428195352214978,0.003074160760754951,5,97.13575732360998,105.74846141939017,0.018087327523602037,0.015242034313725505,0.016785244190268722,0.016785244190268722,0.0002411265432099019,-0.005208333333333259,0.006172839506172867,0.0,0.0,0.06617647058823528
2018-01-03,0.003805780933062897,0.005146527277198204,5,97.5054347367508,106.29269876060678,0.004757226166328621,0.004757226166328621,0.0031947261663285986,0.0032866379310345084,0.0030330882352941346,0.0,0.0,0.006250000000000089,0.00588235294117645,0.006896551724137945
2018-01-04,-0.004104432276668702,-0.005222989315309125,5,97.10523028326668,105.73753313068477,-0.006439440869396074,-0.005130540345835877,-0.003577745314779973,-0.0036685520417422957,-0.0017058828115892877,0.005235602094240788,0.0,-0.006211180124223614,-0.005847953216374324,-0.013698630136986356
2018-01-05,0.003190359477124227,0.009405618396099701,5,97.41503087497924,106.73206001745694,0.0026858660130719136,0.003987949346405284,-0.0006995506535947271,0.0025173611111111716,0.007460171568627494,0.005208333333333481,0.0,0.018750000000000044,0.00588235294117645,-0.01388888888888884
2018-01-08,0.005082620300924478,0.005536492540446636,5,97.91015448851958,107.3229812715701,0.0037626018010260553,0.005586404210511431,0.0048195330448672635,0.004891287072062045,0.006353275376155598,0.010362694300518172,0.0030674846625766694,0.006134969325153339,0.005847953216374213,0.0
2018-01-09,0.003826896809348912,0.009068245523320712,5,98.28484654633456,108.29621241603544,0.0035015697296348625,0.005548147005569937,0.00021045027997881882,0.003330132639593114,0.006544184391967828,0.00512820512820511,-0.003058103975535187,0.018292682926829285,0.005813953488372103,-0.007042253521126751
2018-01-10,0.004860252233024243,0.008563013942642667,5,98.76253569123384,109.22355439288935,0.007350825495361951,0.003007830628703634,0.007572321279304267,0.00029496847047105756,0.006075315291280303,-0.005102040816326592,0.012269938650306678,-0.005988023952095856,0.023121387283236983,0.0
2018-01-11,0.004483045373386352,0.008878772498554299,5,99.20529261992833,110.1933254838273,0.004321755434681662,0.007118958231884465,0.0025917585239618735,0.002778947959670819,0.00560380671673294,0.00512820512820511,-0.0060606060606061,0.012048192771084265,0.011299435028248483,0.0
2018-01-12,-0.008340570270661462,0.000639487517658142,5,98.37786390561028,110.26379274000344,-0.00915020263424518,-0.010425712838326828,-0.011913808076422061,-0.010425712838326828,0.00021258503401358486,-0.005102040816326592,0.0,0.005952380952380931,0.0,-0.04255319148936165
2018-01-15,0.0034500866985905264,0.007521219475082162,5,98.71727606530678,111.09311092535599,0.0030305570911868807,0.008885779104945424,0.0013540284915813383,0.0015193122838526585,0.0024607565213863314,0.00512820512820511,-0.018292682926829062,0.01183431952662728,0.011173184357541999,0.007407407407407307
2018-01-16,0.010369349875724465,0.008182737012664292,5,99.74091003960642,112.00215663597692,0.00913515673241072,0.006750507220432023,0.01003771073646842,0.012961687344655581,0.012961687344655581,0.015306122448979442,0.024844720496894235,0.011695906432748648,0.0,0.0
2018-01-17,0.0412309970819964,0.015583034789932788,5,103.8533272104051,113.74749013938286,0.030181962432897447,0.04775086756461672,0.04720348623688858,0.0515387463524955,0.02947992282308376,0.08542713567839222,0.015151515151515138,0.01734104046242768,0.0,0.08823529411764697
2018-01-18,-0.0030921868629050888,-0.004772556975797532,5,103.53219331633609,113.20462376183869,-0.006180048393446186,-0.0038652335786313607,-0.0024447790331768027,-0.0024840181090181046,-0.0004868552002529891,0.0092592592592593,0.0,-0.005681818181818232,-0.0055248618784530246,-0.013513513513513487
2018-01-19,-0.01616983348992902,-0.013326719794878816,5,101.8580949895638,111.69597746147998,-0.015625135899108494,-0.020212291862411275,-0.015926577576696993,-0.017434514084633507,-0.01165064802679483,-0.01834862385321112,0.0,-0.017142857142857126,-0.011111111111111072,-0.03424657534246578
2018-01-22,-0.02136298290251759,-0.022134444244191226,5,99.68210224781873,109.22364907605842,-0.013853261338427375,-0.025957459971430563,-0.023796751883960937,-0.018276762336012164,-0.024930678982756915,-0.051401869158878455,-0.0029850746268657025,-0.011627906976744207,-0.0337078651685393,-0.007092198581560294
2018-01-23,0.007204517733316251,0.009321759338647678,5,100.40026372115737,110.24180564683435,0.004079538792261084,0.009005647166645314,0.004593882460762977,0.007552158794552288,0.010791361452359594,0.019704433497536922,0.0,0.01764705882352935,0.005813953488372103,-0.0071428571428571175
2018-01-24,0.011165793840601502,0.007912045955005489,5,101.52131236740985,111.11404387927489,0.010334053894954759,0.016951254276799776,0.012512155595549551,0.011067068890347226,0.004964436545356193,0.01449275362318847,-0.0119760479041916,0.005780346820809301,0.011560693641618602,0.03597122302158273
2018-01-25,0.003075110713041762,0.004552889696528091,5,101.83350164267293,111.61993386479242,0.0038438883913022026,0.004601464148877965,0.002407106782106788,0.002415316962730757,0.0021077772801910977,0.0,-0.00303030303030305,0.005747126436781658,0.005714285714285783,0.00694444444444442
2018-01-26,-0.0038304018065573376,-0.0008230778892609063,5,101.44343841401277,111.52806196522754,-0.004788002258196672,-0.0017484885803851213,-0.0005022879724823903,-0.009049365894560318,-0.0030638643271621857,0.0,-0.012158054711246202,-0.017142857142857126,0.017045454545454586,-0.006896551724137945
2018-01-29,0.009220595357466888,0.007716915096137697,5,102.37880731129849,112.38871455024997,0.009144791815881237,0.006910359581448977,0.01152574419683361,0.00873244810744811,0.009789633085722504,0.00952380952380949,0.01846153846153853,0.0,0.011173184357541999,0.00694444444444442
2018-01-30,0.009669261264017726,0.006818317771415528,5,103.36873474708996,113.15501651997451,0.008548840730965568,0.009820715552831871,0.010633088207929131,0.010705361110408873,0.008638300717953185,0.014150943396226356,0.009063444108761143,0.005813953488372103,0.005524861878453136,0.01379310344827589
2018-01-31,0.0024808072690852613,0.006184426009338484,5,103.62517265564668,113.85481534722777,0.004263799784031019,0.0031010090863565765,0.00021083567595192587,0.0017273827127302077,0.0031010090863565765,-0.0046511627906977715,0.0,0.011560693641618602,0.005494505494505475,0.0
2018-02-01,0.008326857539583598,0.007108808137203718,5,104.48804470586501,114.66418738502797,0.011576796223544905,0.0066660569544196024,0.010408571924479498,0.007676331487321025,0.005306531108152962,-0.004672897196261627,0.014970059880239583,0.0,0.010928961748633892,0.020408163265306145
2018-02-02,-0.00470312138316622,-0.002862521892208409,5,103.99662474852363,114.33595863838603,-0.0023577749683943994,-0.006616364855801471,-0.004450330300386357,-0.005878901728957775,-0.0042122350622910976,-0.014084507042253502,0.002949852507374784,-0.005714285714285672,0.0,-0.00666666666666671
2018-02-05,-0.010093018286519252,-0.015887554493810713,5,102.9469849132005,112.51943986491659,-0.01380674904862525,-0.011880978740502007,-0.008305928030562848,-0.007210867452743658,-0.009260568160162491,0.004761904761904745,-0.002941176470588225,-0.017241379310344862,-0.021621621621621623,-0.01342281879194629
2018-02-06,-0.004337204495057678,0.0007280203965537727,5,102.50048278748231,112.60135631214708,-0.005421505618822098,-0.005421505618822098,-0.005421505618822098,-0.006802721088435382,0.001381215469613284,0.0,0.0,0.0,0.005524861878453136,-0.027210884353741527
2018-02-07,0.002778117987701778,0.0032046532713384266,5,102.78524122246233,112.96220461700992,0.0022878133614044893,0.0027351843577835266,0.0005486708764400605,0.004846273858253591,0.0034726474846272226,0.004739336492890933,0.002949852507374784,0.011695906432748648,-0.005494505494505475,0.0
2018-02-08,-0.0027162469120387556,-0.004448341844783584,5,102.50605112838866,112.45971011533307,-0.004574553923067326,-0.0033953086400484445,-0.0019502219348461192,-0.0020140931704351883,-0.0016470568917967,0.004716981132075526,0.0,-0.005780346820809301,-0.0055248618784530246,-0.006993006993006978
2018-02-09,0.001871490380189611,0.004377510803308569,5,102.69789021698665,112.9520037112999,0.003513071895424824,0.0016040688575899575,0.0023393629752370138,-0.00043841480254075416,0.0023393629752370138,-0.0046948356807512415,0.002941176470588225,0.0,0.011111111111111072,0.0
2018-02-12,-0.000465054477810245,-7.644082266740895e-05,5,102.6501301032796,112.94336956721426,-0.0017605633802816878,-0.0005813180972628063,-0.0005813180972628063,-0.0005813180972628063,0.0011792452830188815,0.004716981132075526,0.0,0.0,0.0,-0.007042253521126751
2018-02-13,0.0002556490186376159,-0.00191398890924679,5,102.67637250830353,112.72719721048968,0.0003195612732970199,0.0003195612732970199,0.0017730496453900457,0.0003195612732970199,-0.0014534883720930258,0.0,0.0,-0.005813953488372103,0.0,0.007092198581560183
2018-02-14,0.003403411672380319,0.0009437811095150398,5,103.02582247297593,112.8335870097455,0.004254264590475398,0.0035211267605633756,0.004254264590475398,0.004254264590475398,0.0007331378299120228,0.0,0.0029325513196480912,0.0,0.0,0.014084507042253502
2018-02-15,-0.002777777777777768,-0.0007138728310148808,5,102.73963963277322,112.7530381775533,-0.00347222222222221,-0.00347222222222221,-0.00347222222222221,-0.00347222222222221,0.0,0.0,0.0,0.0,0.0,-0.01388888888888884
2018-02-16,0.0023838034957382346,0.006315036284994873,5,102.9845507448807,113.46507770488795,0.0018060454494850386,0.003710748521719598,5.5777761485631405e-05,0.0016061279960464248,0.004740317749954481,0.004694835680751019,-0.0029239766081872176,0.011695906432748648,0.005494505494505475,-0.007042253521126751
2018-02-19,0.0006905638804687531,-0.0035229676088135453,5,103.05566815587144,113.06534391140211,-0.00030501944847949325,0.0001300670206739185,0.0023082915557882666,0.002229325069165178,-0.0009098447948041044,0.004672897196261738,0.0029325513196480912,-0.005780346820809301,-0.005464480874316946,0.007092198581560183
2018-02-20,-0.0032181280887471518,-0.004764053347610396,5,102.72402181547442,112.52669458124227,-0.00634824150628277,-0.00402266011093394,-0.002569171738840914,-0.002649033737307571,-0.0005015333503705643,0.009302325581395321,0.0,-0.005813953488372103,-0.005494505494505475,-0.014084507042253502
2018-02-21,0.0037031344475368932,0.0030912949224989805,5,103.10442267924884,112.87454778084687,0.0046289180594211166,0.0031669297553275633,0.0046289180594211166,0.0032477025898078327,0.002843203773706837,0.0,0.005847953216374213,0.0,0.005524861878453136,0.0071428571428571175
2018-02-22,0.005169260773573381,0.0037105089693985002,5,103.6373963269866,113.2933698028045,0.006461575966966726,0.0050080875948737,0.004999587662873173,0.006461575966966726,0.002915476676186579,0.0,0.005813953488372103,0.005847953216374213,0.0,0.014184397163120588
2018-02-23,0.004961378833387253,0.0073369623648604,5,104.15158071147069,114.1245989932359,0.0038975760762962885,0.004756636836531797,0.004748235169641041,0.003454470794481329,0.007949975289985811,0.009216589861751112,0.005780346820809079,0.005813953488372103,0.01098901098901095,-0.006993006993006978
2018-02-26,0.023180325311900153,0.022986319128409354,5,106.5658482341112,116.74790344609617,0.027833854128459623,0.021073107789300494,0.02464014652426827,0.022181928379005622,0.02017258973846675,0.004566210045662267,0.031609195402298784,0.01734104046242768,0.02717391304347827,0.035211267605633756
2018-02-27,0.020078690855650682,0.020106466947285226,5,108.7055509565741,119.09529130789996,0.019416545387745177,0.018830954098811248,0.017996090842290646,0.02245286092406068,0.021697003025345662,0.022727272727272707,0.025069637883008422,0.02840909090909083,0.010582010582010692,0.013605442176870763
2018-02-28,0.0014798816246887948,0.0071798865462256575,5,108.86642230393642,119.95038198768036,0.005183185364194348,-0.0008675392734868448,-0.002293794377978803,0.0018498520308609934,0.0035277043798542795,-0.01333333333333342,0.010869565217391353,0.016574585635359185,0.0,-0.006711409395973145
2018-03-01,0.0001784396763946372,0.009440974034253109,5,108.88584839310258,121.08283042942477,0.0013491757216194111,0.002239178627751387,-0.00521173301320238,-0.0010858509280669004,0.003601427973871668,-0.0045045045045044585,-0.008064516129032362,0.021739130434782705,0.005235602094240788,-0.013513513513513487
2018-03-02,0.005449720369264876,0.004280398141651353,5,109.47924581901516,121.60111315178077,0.005680928742124086,0.008844670786784331,0.008141937695623658,0.0029059004615810957,0.0016751641602112122,0.004524886877828038,-0.008130081300812941,-0.005319148936170248,0.015625,0.020547945205479534
2018-03-05,0.013797348619272976,0.015214981398927236,5,110.98976914015522,123.45127182647397,0.01499443352183899,0.015197505446222392,0.011899092191203497,0.014682583209988664,0.012213128727111333,0.009009009009008917,0.008196721311475308,0.021390374331550888,0.01025641025641022,0.020134228187919545
2018-03-06,-0.004292692339159543,-0.007464337556624907,5,110.51332420844217,122.52978986176653,-0.0053658654239494286,-0.006720878974084937,-0.0053658654239494286,-0.00028972329196974567,-0.003721128581844174,0.0,0.005420054200542035,0.0,-0.02030456852791873,-0.006578947368421018
2018-03-07,0.0016577390528884628,0.004444037725049947,5,110.69652646184704,123.07431687035464,0.004304316673253428,-0.0012970984210861625,0.0020721738161105785,-0.0005184997590189644,0.0037278029551834346,-0.008928571428571397,0.013477088948786964,0.0,0.010362694300518172,-0.0066225165562914245
2018-03-08,0.007829282286116346,0.007672338179767434,5,111.56320081560939,124.01858465062784,0.007534350605393203,0.007791922006581631,0.008477702334085235,0.007222500293542877,0.008119936190978783,0.009009009009008917,0.007978723404255206,0.005235602094240788,0.01025641025641022,0.006666666666666599
2018-03-09,0.010365876653191507,0.013319476148106314,5,112.71965119429925,125.6704472308038,0.007376988673632234,0.01163808460276905,0.009051095816489385,0.00915023921750463,0.014612974955562241,0.022321428571428603,0.005277044854881341,0.015625,0.015228426395939021,-0.0066225165562914245
2018-03-12,0.01229619559227917,0.01952205051606038,5,114.10567407247783,128.12379205001946,0.011003432263274715,0.010777068637330633,0.008959988080092574,0.010370244490348957,0.020370244490348965,0.017467248908296984,0.01837270341207331,0.02564102564102555,0.020000000000000018,-0.020000000000000018
2018-03-13,2.6503252068477145e-05,-0.0029582233288354704,5,114.10869824392023,127.74477325939824,-0.006404639175257715,0.00518776824034331,0.0012831290650855975,3.312906508559643e-05,3.312906508559643e-05,0.025751072961373245,-0.020618556701030855,-0.0050000000000000044,0.0,0.0
2018-03-14,0.007746214063514856,0.010779424405058849,5,114.99260864702667,129.1217883858893,0.00968276757939357,0.00968276757939357,0.003401360544217691,0.00968276757939357,0.006281407035175879,0.0,0.0,0.025125628140703515,0.0,0.013605442176870763
2018-03-15,0.02237056539648887,0.026843251444768103,5,117.56505831887785,132.58783701852983,0.02273308122259854,0.026647417271926876,0.01815928517698362,0.023061245961297383,0.021251797349637946,0.02092050209205021,0.0052631578947368585,0.03921568627450989,0.019607843137254832,0.02684563758389258
2018-03-16,-0.004278256379027301,-0.017488917985603362,5,117.06208485817437,130.26901921102422,-0.007397000801653009,-0.006656720997344323,-0.002989329907746391,0.004267564141600483,-0.008615794329993265,0.00819672131147553,0.005235602094240788,-0.009433962264150941,-0.038461538461538436,0.013071895424836555
2018-03-19,0.017395069967404676,0.018504337096426963,5,119.09838801481256,132.67956105572594,0.014630016321044492,0.01848862912592253,0.0169819326973511,0.01674383745925584,0.020130934233449416,0.028455284552845406,0.01302083333333326,0.01904761904761898,0.020000000000000018,0.006451612903225712
2018-03-20,0.005914774249023846,-0.001490361195430638,5,119.80282809334281,132.4818205865017,0.007393467811279808,0.007393467811279808,0.01206636500754149,0.004942487419122954,-0.0022219168041048287,0.0,0.0,-0.01869158878504673,0.009803921568627416,0.03846153846153855
2018-03-21,0.004217842521184467,0.0013203804163787575,5,120.30813755583307,132.65674698793032,0.005272303151480584,0.00462962962962965,0.005272303151480584,0.005272303151480584,0.0006426735218509338,0.0,0.0025706940874037354,0.0,0.0,0.0185185185185186
2018-03-22,0.0023872567561888046,0.0011165636372847529,5,120.59534397003773,132.80486668785753,0.002984070945236006,0.002984070945236006,0.0006031185642836334,0.005411255411255422,-4.6232085067043904e-05,0.0,0.0,0.00952380952380949,-0.009708737864077666,0.0121212121212122
2018-03-23,-0.005146507728555916,-0.004569763866695687,5,119.97469910026805,132.19797980674602,-0.005444992368204754,-0.006433134660694895,-0.006433134660694895,-0.003982154268538041,-0.0034391226846469947,-0.0039525691699605625,0.0,0.0,-0.009803921568627416,-0.0119760479041916
2018-03-26,0.004098980704622446,0.008177963841374723,5,120.46647307692294,133.27909010550837,0.006115789372841518,0.0038416745987267797,0.002765235314740294,0.00264847835602558,0.005123725880778057,-0.003968253968253843,0.00512820512820511,0.009433962264151052,0.00990099009900991,0.0
2018-03-27,0.0057907275059556175,0.011525667501749465,5,121.16406159611492,134.81522058300018,0.007238409382444522,0.007238409382444522,0.004901960784313708,0.0023364485981308136,0.007238409382444522,0.0,0.0,0.009345794392523255,0.019607843137254832,0.0
2018-03-28,0.004055288816244973,0.0002768819915439796,5,121.65541686003647,134.8525484897656,8.903133903132021e-05,0.005069111020306216,0.007383925835121041,0.002665264866460071,0.005069111020306216,0.019920318725099584,0.0,-0.0092592592592593,0.009615384615384581,0.0
2018-03-29,0.0023700865222894274,0.007435356607823527,5,121.94375072389994,135.85522527726087,0.0029626081528617842,0.001687097948780164,0.0006261595547309706,0.0005816557719094118,0.005992911183164806,0.0,0.005102040816326481,0.009345794392523255,0.00952380952380949,-0.012121212121212088
2018-04-03,0.008620465370671893,0.009172177830584976,5,122.99496260418516,137.10131356271808,0.007845894213339921,0.007602992880852533,0.00846076689852504,0.008417091147302103,0.010775581713339866,0.011718749999999778,0.012690355329949332,0.0092592592592593,0.009433962264151052,0.0
2018-04-04,0.0003653994800084215,0.0029013313251881334,5,123.03990489956438,137.49908989848203,0.00045674935001052686,0.0023364485981308136,0.00045674935001052686,-0.0018796992481202868,0.00045674935001052686,0.0,-0.007518796992481147,0.0,0.009345794392523255,0.0
2018-04-05,0.0006506785647889757,-0.0001356188092386106,5,123.11996432829622,137.4804424356386,0.0008133482059862196,0.004601226993865004,0.0008133482059862196,0.0008133482059862196,-0.0037878787878787845,0.0,-0.015151515151515138,0.0,0.0,0.018404907975460016
2018-04-06,0.008760688484353806,0.013713105412027339,5,124.19857998198118,139.36572623485068,0.010950860605442259,0.008386758041339704,0.004070126660488116,0.010950860605442259,0.009444836509056698,0.0,0.01025641025641022,0.02752293577981657,0.0,0.006024096385542244
2018-04-09,0.009316251764350515,0.002722868943112271,5,125.35564522186814,139.74520084254985,0.012610565670689078,0.011010796938940665,0.011645314705438142,0.011645314705438142,-0.00033073319875345786,-0.0038610038610037423,0.002538071065989911,0.0,0.0,0.0479041916167664
2018-04-10,-0.000266665420624812,-0.005662267017188467,5,125.32221720600735,138.9539262010087,-0.0013023240238430323,-0.0022320659529961595,-0.00033333177578101503,0.004296297853848607,-0.0017619032043524607,0.003875968992248069,0.007594936708860578,0.0,-0.01851851851851849,0.005714285714285783
2018-04-11,-0.009432969282926607,-0.009818868518025735,5,124.14005658063483,137.58955586957754,-0.012756462568909221,-0.003625382457929621,-0.009559068746515409,-0.009432721037620523,-0.011791211603658258,0.0038610038610038533,-0.03266331658291455,-0.008928571428571397,-0.009433962264150941,0.0
2018-04-12,0.0019971694971694376,-0.005284525040258206,5,124.38798531501456,136.86246041630676,-0.00423430735930741,0.000548409923409876,0.002496461871461797,0.00725836663336657,0.003916916416916355,0.026923076923076827,0.007792207792207684,0.0,-0.01904761904761909,-0.005681818181818232
2018-04-13,-0.013079358619263593,-0.015290386232624029,5,122.76107024715179,134.7697805357942,-0.015412868686064535,-0.010550229201914563,-0.009592441517322747,-0.01634919827407949,-0.013492055416936627,-0.0037453183520598232,-0.02319587628865971,-0.027027027027026973,0.0,-0.011428571428571455
2018-04-16,-0.018822261422719123,-0.029194523957814463,5,120.45042929042711,130.8352409491526,-0.021648127530278588,-0.021548934957818455,-0.009638937889510008,-0.023527826778398903,-0.017747479957589657,-0.007518796992481258,-0.00791556728232179,-0.05555555555555558,0.0,-0.023121387283236983
2018-04-17,-0.010143361019456143,-0.011749373122650635,5,119.22865710118585,129.2980088856491,-0.008891322486441394,-0.00868983957219252,-0.007777240490006443,-0.012679201274320179,-0.012679201274320179,-0.015151515151515138,-0.015957446808510634,-0.019607843137254943,0.0,0.0
2018-04-18,0.006355948756247476,0.013142457150829928,5,119.98646833599717,130.99730242711635,0.00890647440684783,0.007944935945309345,0.0029449359453093404,0.0055177514792899285,0.006465646004480935,-0.0038461538461539435,0.0,0.020000000000000018,0.009708737864077666,0.00591715976331364
2018-04-19,-0.012253620783032493,-0.02675509557347727,5,118.51619965391254,127.49245708081116,-0.012421273083037754,-0.01666837733014201,-0.0006111436258494363,-0.01772087213263676,-0.013846437743496504,-0.011583011583011449,0.005405405405405572,-0.05882352941176472,0.009615384615384581,-0.00588235294117645
2018-04-20,-0.0004789030758323598,0.006963610702971735,5,118.45944188136232,128.38026491948727,0.001354496155209578,7.341416596223782e-05,-0.003202795511457135,-0.0029795812257428222,0.0023599510368663423,-0.007812500000000111,-0.0026881720430107503,0.01041666666666674,0.00952380952380949,-0.011834319526627168
2018-04-23,-0.0008661079424924223,-0.003246436198880164,5,118.35684321788567,127.9634865802308,-0.009940902644651,0.0009389284142025667,-0.0023712947219299563,0.003634346203959943,0.003408383035956336,0.03543307086614189,-0.008086253369272378,0.005154639175257714,-0.018867924528301883,-0.017964071856287456
2018-04-24,0.0004996057835370271,-0.005091556434244828,5,118.41597498127851,127.31195326678481,-0.004128344481605345,-5.484059666568952e-05,0.0006245072294212839,0.005432199537113602,0.0006245072294212839,0.019011406844106515,0.0027173913043478937,0.0,-0.019230769230769273,0.0
2018-04-25,-0.00730612837296063,-0.010163156622509271,5,117.55081266665599,126.01806194581691,-0.008199824645305248,-0.00981016724126857,-0.009132660466200787,-0.0017797192897301972,-0.007608270222298347,-0.003731343283582156,0.0027100271002711285,0.0,-0.02941176470588236,-0.0060975609756097615
2018-04-26,0.004340891136231306,0.00849618043007947,5,118.06108794741745,127.08873413755748,0.0072987730963191,0.004750438244613464,0.002862011356186578,0.0029008613950365914,0.003892371589000798,-0.0074906367041198685,0.002702702702702675,0.01025641025641022,0.010101010101010166,0.006134969325153339
2018-04-27,-0.047844914864242985,-0.025121292731076446,5,112.41246524579336,123.89610084446596,-0.03716463414634147,-0.05980614358030373,-0.05980614358030373,-0.04855614358030372,-0.03389150943396227,-0.09056603773584904,0.0,0.0,-0.04500000000000004,-0.10365853658536583
2018-04-30,0.0019334326587314488,0.0072438788683140375,5,112.6298071773481,124.79358919123969,0.003454135221754584,0.0010690819285356368,-0.0013903157755704443,0.002416790823414311,0.004117471095523156,-0.004149377593361092,0.005390835579514697,0.015228426395939021,0.0,-0.006802721088435382
2018-05-02,9.394395681077139e-05,0.004362020793866037,5,112.64038806708918,125.33794142223304,0.00011742994601346424,0.0007876712328767077,-0.002382570053986538,0.00011742994601346424,0.0018297587131367588,0.0,-0.002680965147452974,0.010000000000000009,0.0,-0.006849315068493178
2018-05-03,0.001223122580153091,0.0069949583318507525,5,112.77816106917125,126.21467509988152,0.0015289032251913637,0.01026546236497633,-0.0009463442995611138,-0.0010888978219290302,-0.003643510567912095,0.0,-0.034946236559139865,0.00990099009900991,0.010471204188481575,0.020689655172413834
2018-05-04,0.0075309568881595235,0.0056228232708404975,5,113.62748853810906,126.92435791215469,0.014622029443532747,0.002449907809363744,0.009413696110199404,0.0068230225350698614,0.004346128542631861,-0.02083333333333337,0.027855153203342642,0.0,0.010362694300518172,0.020270270270270174
2018-05-07,0.0097861697547988,0.01148883556939984,5,114.73946642975446,128.38257098995908,0.013296541980732546,0.01020019186829521,0.009781731801341648,0.00838655834734467,0.007265824776279933,-0.004255319148936176,0.008130081300813163,0.009803921568627416,0.01538461538461533,0.019867549668874274
2018-05-08,0.0012335334915979824,0.001716240341840484,5,114.88100140440365,128.60290633748127,0.0015419168644974779,0.002886002886002881,0.0015419168644974779,0.0002792906018712349,-8.14597588791599e-05,0.0,-0.005376344086021612,0.0,0.005050505050504972,0.006493506493506551
2018-05-09,-0.0035173676084777395,-0.0036607279135139463,5,114.47692269123431,128.1321260884926,-0.004396709510597174,-0.004396709510597174,-0.001969525044577758,-0.005652990917632328,-0.0011709030589842628,0.0,0.0,-0.009708737864077666,0.005025125628140614,-0.012903225806451646
2018-05-10,-0.0033810280869104536,-0.0009208739647036328,5,114.08987300031217,128.01413254953562,-0.004226285108638067,-0.004901960784313736,-0.004226285108638067,-0.004226285108638067,0.0006756756756756688,0.0,0.002702702702702675,0.0,0.0,-0.019607843137254943
2018-05-11,-0.0005390835579514919,-0.0001786982470683338,5,114.02836902564893,127.99125664844905,-0.0006738544474393648,0.0,-0.0006738544474393648,-0.0006738544474393648,-0.0006738544474393648,0.0,-0.0026954177897574594,0.0,0.0,0.0
2018-05-14,-0.004902395608277943,-0.0070546889980545174,5,113.46935685011847,127.08831813832408,-0.005059618441971392,-0.0068036701860230975,-0.0012260337260336929,-0.008627994510347431,-0.0027946611770141017,-0.004273504273504147,0.002702702702702675,-0.019607843137254943,0.010000000000000009,-0.013333333333333308
2018-05-15,-0.0007661664880873386,-7.14983752830856e-05,5,113.38242043147508,127.07923153005973,-0.0020306694834996974,-0.0023054170049878475,-0.0009577081101091733,-0.0009577081101091733,0.0024206702682691983,0.0042918454935620964,0.005390835579514697,0.0,0.0,-0.013513513513513487
2018-05-16,-0.005319129172908776,-0.007627792628912805,5,112.77932469126301,126.10989750450685,-0.007717287534512035,-0.007319152752999242,-0.005398911466135969,-0.0029360401790072543,-0.0032242539318893815,0.004273504273504258,0.002680965147453085,-0.0050000000000000044,-0.014851485148514865,-0.013698630136986356
2018-05-17,-0.009960783551389896,-0.01466242329377167,5,111.65595424894144,124.26082080576163,-0.011387149652003326,-0.011114081043515467,-0.011194698032202188,-0.003657009589991128,-0.01245097943923737,-0.004255319148936176,-0.005347593582887611,-0.005025125628140725,-0.035175879396984966,0.0
2018-05-18,-0.00037737799834574036,-0.0030123674794017303,5,111.61381774842359,123.88650155020258,-0.00154009856630824,0.0002003205128205121,-0.00047172249793217547,0.002132444168734482,-0.0022078336090432804,0.004273504273504258,-0.0026881720430107503,0.0,-0.01041666666666663,0.00694444444444442
2018-05-21,-0.007991713871931672,-0.0026670208132344685,5,110.72183205282427,123.55609367208939,-0.00998964233991459,-0.00998964233991459,-0.011252268602540832,-0.00735806339254616,-0.0013689526847421862,0.0,0.0,0.005050505050504972,-0.010526315789473717,-0.03448275862068961
2018-05-22,-0.00773695281477067,-0.008149195276407055,5,109.86518246266658,122.54921093716551,-0.009671191018463338,-0.005628064333827204,-0.007158628204392975,-0.008341403784420776,-0.007885476732749058,0.0,-0.016172506738544534,-0.01005025125628145,-0.005319148936170248,-0.0071428571428571175
2018-05-23,-0.013871184015451154,-0.01609834787220182,5,108.34122229983582,120.57637110803519,-0.017338980019313943,-0.007749938923423544,-0.01226283788733426,-0.014665183227870082,-0.017338980019313943,0.0,-0.0383561643835616,-0.02030456852791873,-0.010695187165775444,0.0
2018-05-24,-0.0021543846004277835,0.0025839811115746943,5,108.10781363892153,120.88793817348056,-0.002692980750534729,-0.002692980750534729,-0.002692980750534729,-0.005395683453237404,0.002702702702702675,0.0,0.0,0.0,0.0108108108108107,-0.021582733812949617
2018-05-25,0.004774901856584246,0.005421026818976321,5,108.62401783897728,121.54327492840974,0.0059686273207303076,0.008105379457482464,0.0033779537456007647,0.0059686273207303076,0.00045392143837738597,0.0,-0.008547008547008628,0.010362694300518172,0.0,0.022058823529411686
2018-05-28,-0.0009896121457987571,-0.0033054149895952994,5,108.51652219159837,121.1415239655769,-0.0012370151822484465,-0.002673796791443861,-0.0012370151822484465,0.0014367816091954144,-0.0012370151822484465,0.0,0.005747126436781658,0.0,-0.010695187165775444,0.0
2018-05-29,-0.012098149119425684,-0.01821194808827855,5,107.20367312420296,118.93530081978085,-0.016186516186516176,-0.007979829256424958,-0.007430378706974411,-0.013771335047930766,-0.015122686399282104,0.004255319148936287,-0.02857142857142858,-0.03076923076923077,-0.00540540540540535,0.0
2018-05-30,-0.003947938792318717,-9.413326254303507e-05,5,106.78043958439687,118.92410505188316,-0.0059942455242966985,0.0024180176860721936,-0.004934923490398396,-0.006293619142572288,-0.004934923490398396,0.004237288135593209,-0.02941176470588236,0.0,0.005434782608695565,0.0
2018-05-31,0.0130367520240938,0.020580180205923542,5,108.17250969628238,121.3715845646791,0.017350792350792343,0.010992909727086941,0.01100493473911196,0.009539183273360508,0.01629594003011725,-0.00421940928270037,0.021212121212121238,0.021164021164021163,0.027027027027026973,0.0
2018-06-04,0.015152061396556782,0.018700556496789054,5,109.81154620462009,123.64130073893568,0.018940076745695977,0.012263518882194513,0.015054066383001663,0.012361129377274904,0.017141515594616852,0.0,0.026706231454005858,0.015544041450777257,0.026315789473684292,0.007194244604316502
2018-06-05,0.005205645544348636,0.005332005228541952,5,110.38318619083817,124.3005568009394,0.005447734896537493,0.0036168835200312,0.005231546726354175,0.0052250056483845175,0.006507056930435795,0.004237288135593209,0.01156069364161838,0.005102040816326481,0.00512820512820511,0.0
2018-06-06,-0.0020408163265306146,-0.00342428599444695,5,110.15791438228544,123.874916145184,-0.002551020408163268,-0.002551020408163268,-0.002551020408163268,0.0,-0.002551020408163268,0.0,0.0,0.0,-0.010204081632653073,0.0
2018-06-07,0.0032179738135630132,0.004232280148352484,5,110.51239966612434,124.39918949366408,0.005077319587628859,-0.00026324701876051515,0.0040224672669537664,0.0014451476793249096,0.005808181552668046,-0.00421940928270037,0.017142857142857126,0.0,0.010309278350515427,-0.0071428571428571175
2018-06-08,0.0009506449694713037,-0.0010395353420502725,5,110.61745772293115,124.26987213966301,0.0001289841779408274,-0.00021618817018331793,0.0011883062118391297,0.00246381641592075,0.0011883062118391297,0.004237288135593209,0.00561797752808979,0.0,-0.005102040816326481,0.0
2018-06-11,-0.006510143195053719,-0.00586633613978472,5,109.89732223328205,123.54086329764367,-0.008137678993817149,-0.002551086815046205,-0.006868643460822221,-0.0068556277117658715,-0.008137678993817149,0.0,-0.022346368715083775,-0.005076142131979711,-0.00512820512820511,0.0
2018-06-12,-0.0016832110579157122,-0.0020988909048686934,5,109.71234184526368,123.28156450328862,-0.0021040138223946403,0.0036102718918910592,-0.0008285036183130201,-0.0033926736162090687,-0.005701136124552891,0.0,-0.022857142857142798,-0.005102040816326481,0.005154639175257714,0.014388489208633004
2018-06-13,0.018469961045548943,0.006492002411861807,5,111.73872452536166,124.08190871738208,0.02308745130693618,0.01723949809056191,0.021805400024884902,0.02308745130693618,0.007130004498425546,0.0,0.023391812865497075,0.00512820512820511,0.0,0.06382978723404253
2018-06-14,-0.0015098596400585195,-0.00254174025534611,5,111.57001473496919,123.7665247350349,-0.0029421768707482976,-0.0018873245500731495,-0.0006118143459915293,-0.0018873245500731495,-0.00022065788340647208,0.0042194092827005925,0.0,-0.005102040816326481,0.0,-0.00666666666666671
2018-06-18,-0.010545065935512032,-0.010493586885491308,5,110.39350157316288,122.46776995421251,-0.014231752587457264,-0.012467046705104318,-0.009335178573236208,-0.011899281137338763,-0.00479207067442361,0.004201680672268893,-0.0028571428571428914,-0.01538461538461533,-0.00512820512820511,-0.03355704697986572
2018-06-19,0.0015937354718735363,0.0026170401205759123,5,110.56943961248436,122.78827302166013,0.0030381944444444198,0.0019921693398419205,0.0006900860065086056,0.0019921693398419205,0.0002560582287308155,-0.004184100418409997,0.0,0.005208333333333259,0.0,0.00694444444444442
2018-06-20,0.001614676927630887,0.0038825698289498686,5,110.7479735355277,123.2650070658429,0.0020183461595386087,0.0013020137813151145,-0.0005723274155909341,0.003307005953353037,0.0020183461595386087,0.0,0.002865329512893977,0.010362694300518172,-0.005154639175257714,0.0
2018-06-21,-0.0025049253576721053,-0.004330914047602559,5,110.47055812830774,122.73115691516361,-0.004181576865157355,-0.004559728125661577,-0.0031311566970901317,0.0007548536656041827,-0.0014070187660556455,0.004201680672268893,0.005714285714285783,0.0,-0.015544041450777257,-0.006896551724137945
2018-06-22,-0.006977426553235855,-0.008197866088656905,5,109.6997579226725,121.72502332586717,-0.007675758086942319,-0.008011555918817526,-0.007439731909493541,-0.004774414770492175,-0.006985672080433714,-0.004184100418409997,-0.0028409090909091717,-0.00512820512820511,-0.015789473684210575,-0.00694444444444442
2018-06-25,-0.0010695187165775445,-0.001644392250398758,5,109.58243197837018,121.52485964083048,-0.0013368983957219305,-0.0013368983957219305,-0.0013368983957219305,0.0,-0.0013368983957219305,0.0,0.0,0.0,-0.005347593582887722,0.0
2018-06-26,-0.009790582331125019,-0.018687948939796847,5,108.50955615604103,119.25380926894667,-0.011187807745839023,-0.011525977201655546,-0.005794928944834105,-0.008205969849390149,-0.012238227913906274,-0.004201680672269004,-0.002849002849002913,-0.02577319587628868,-0.016129032258064502,0.0
2018-06-27,-0.010196668133999531,-0.00990730278560107,5,107.4031202225503,118.07232567218288,-0.004307016602098562,-0.012745835167499414,-0.007454829876494123,-0.015478075604657887,-0.01099758341924767,-0.03375527426160341,0.0,-0.021164021164021163,0.010928961748633892,-0.006993006993006978
2018-06-28,0.0,0.0,5,107.4031202225503,118.07232567218288,0.0,0.0,0.0,0.0,0.0,0.0,0.0,0.0,0.0,0.0
2018-06-29,0.0008795100355466934,-0.0064116461195666075,5,107.49758234463506,117.31528770345862,-0.004359127739409413,0.0018136732587190896,0.0024507388957847043,0.005153441598487407,-0.0006611758358483211,0.02183406113537112,-0.0028571428571428914,-0.00540540540540535,-0.01621621621621616,0.007042253521126751
2018-07-02,-0.009181620948158864,0.00027979318669848395,5,106.51058029070313,117.34811172165362,-0.006135145843318229,-0.005746367159410626,-0.014194417489546418,-0.010103399811572211,-0.009728774436946835,-0.021367521367521403,-0.022922636103151817,0.010869565217391353,-0.005494505494505475,-0.006993006993006978
2018-07-03,0.0034574163818887004,0.009568739544997713,5,106.8788317158447,118.47098523881543,0.005413473534129409,0.004321770477360876,0.00028951241284475016,0.0029405550077475917,0.004321770477360876,-0.004366812227074135,0.0,0.016129032258064502,0.005524861878453136,0.0
2018-07-04,0.011855126610381395,0.013037224624525865,5,108.14589379780568,120.01551808486275,0.015915399491046922,0.01408577043306472,0.01217340561747407,0.009324402768471268,0.007776654741849992,-0.004385964912280715,0.0029325513196480912,0.010582010582010692,0.0219780219780219,0.028169014084507005
2018-07-05,0.007922949053236605,0.01578915265450907,5,109.00272820468244,121.91046142081466,0.008802364730642664,0.00697970970835865,0.00597698474586511,0.004527342230524256,0.013328343850792346,0.004405286343612369,0.011695906432748426,0.015706806282722585,0.021505376344086002,-0.013698630136986356
2018-07-06,0.00994905649002229,0.012110796989759856,5,110.08720250515735,123.38689427001009,0.011339829384457711,0.012436320612527862,0.011147660818713434,0.005857373244106789,0.008964098390305653,0.004385964912280604,0.0,0.005154639175257714,0.026315789473684292,0.01388888888888884
2018-07-09,-0.006842290129961359,-0.008182572209761678,5,109.33395392602125,122.3772720979075,-0.008552862662451699,-0.008552862662451699,-0.0072708113804004215,-0.0047067088162978665,-0.00512820512820511,0.0,0.0,-0.00512820512820511,-0.01538461538461533,-0.013698630136986356
2018-07-10,-0.004460112417028794,1.6164027671159997e-05,5,108.84631220051295,122.37925020752,-0.006666843578054582,-0.0041300538160836675,-0.006863800315100421,-0.00427305718795265,-0.0003668071879526502,0.004366812227074357,-0.005780346820809301,0.005154639175257714,-0.00520833333333337,-0.02083333333333337
2018-07-11,-0.006032026045364259,-0.001502820354730534,5,108.1897484103776,122.19533617931148,-0.006453076034966171,-0.004633055812519299,-0.007540032556705323,-0.007540032556705323,-0.003993933265925176,-0.004347826086956608,-0.011627906976744096,0.0,0.0,-0.014184397163120588
2018-07-12,-0.0030107260049675013,-0.0015667840258740623,5,107.8640187213676,122.00388247854943,-0.0037634075062093764,-0.006704583976797601,-0.0037634075062093764,-0.0024545069826491794,0.001632275947028028,0.0,0.0117647058823529,0.0,-0.005235602094240788,-0.021582733812949617
2018-07-13,-0.005129608193903646,-0.0031699982179632623,5,107.3107185671071,121.61713038850783,-0.006412010242379557,-0.0049585218702865586,-0.005129958960328279,-0.006412010242379557,-0.0027355396541442756,0.0,-0.005813953488371992,-0.00512820512820511,0.0,-0.014705882352941124
2018-07-16,0.003409281151756538,0.010792096707101989,5,107.67657097729939,122.92963422090084,0.0031698983829270833,0.0057235897437892536,0.0003956220582523873,0.0016300224923272433,0.006127273081486723,0.004366812227074357,-0.005847953216374324,0.015463917525773141,0.010526315789473717,-0.007462686567164201
2018-07-17,0.005598903749142648,0.0022053359208423166,5,108.27944173423903,123.20073535898419,0.008085586208167461,0.0077339238040753655,0.006998629686428309,0.0056965463530949945,-0.0005201673060528933,-0.004347826086956608,-0.002941176470588225,0.0,0.005208333333333259,0.03007518796992481
2018-07-18,,,2,108.27944173423903,123.20073535898419,,,,,,,0.002949852507374784,,,0.0
2018-07-19,0.0028759611990877066,-0.002680612428871313,5,108.59084920732556,122.87048193653483,0.002503248442091044,0.0021243632635655207,0.0023259159658647333,0.0074809618615539475,-5.468353763671274e-05,0.004366812227074357,0.00588235294117645,0.0050761421319796,-0.015544041450777257,0.014598540145985384
2018-07-20,-0.000428747910762306,0.0021418764685398055,5,108.54429110760002,123.13365533047285,-0.0005359348884528825,-0.0005359348884528825,-0.0017985611510791255,-0.0005359348884528825,0.001262626262626243,0.0,0.0,0.005050505050504972,0.0,-0.007194244604316502
2018-07-23,-0.0003000254258835655,-0.000207421460857606,5,108.51172506043324,123.10811476780346,-0.001461988304093581,0.0010869565217391242,-0.0003750317823544569,-0.0003750317823544569,-0.0003750317823544569,0.004347826086956497,-0.005847953216374324,0.0,0.0,0.0
2018-07-24,0.00014398505742692081,0.0024148477195376026,5,108.52734912739754,123.40540211800706,0.000179981321783651,-0.0005553127958634052,-0.0010763000852515026,0.000179981321783651,0.0019915755246822098,0.0,0.002941176470588225,0.005025125628140614,0.0,-0.007246376811594235
2018-07-25,0.0023331977652674583,6.432678584871139e-05,5,108.780564895852,123.41334039088167,0.002916497206584323,0.003649635036496346,0.002916497206584323,0.002916497206584323,-0.0007331378299120228,0.0,-0.0029325513196480912,0.0,0.0,0.014598540145985384
2018-07-26,-0.0011281791984288914,5.757109991023654e-05,5,108.65784092534314,123.42044543263158,-0.0003279729157850131,-0.0028808122333302266,-0.0014102239980361142,-0.0014102239980361142,0.0003883371530430113,-0.0043290043290044045,0.00588235294117645,0.0,0.0,-0.007194244604316502
2018-07-27,-0.01099008390541576,-0.02291778189444537,5,107.4636821365923,120.59192258289121,-0.014824561403508824,-0.011544622425629314,-0.0037376048817696905,-0.01110602593440127,-0.0137376048817697,0.004347826086956497,-0.008771929824561542,-0.040000000000000036,-0.010526315789473717,0.0
2018-07-30,-0.00033486210058828456,0.00665305723200012,5,107.42769662225508,121.39422754555211,-0.001500828707986429,-0.00041857762573535573,-0.003022744292402041,-0.00174836485977789,0.005016204982960293,0.0043290043290042934,0.0,0.01041666666666674,0.005319148936170137,-0.021739130434782594
2018-07-31,0.006690667103038228,0.011307219980885413,5,108.14645957800077,122.76685878081935,0.008363333878797785,0.008363333878797785,0.0044973544973545,0.005717831233295112,0.006511482026945958,0.0,0.0,0.015463917525773141,0.010582010582010692,0.007407407407407307
2018-08-01,0.005712434820470858,0.0027332016118110673,5,108.76423917940478,123.10240535711607,0.004985371111795478,0.007140543525588572,0.007140543525588572,0.005831643002028375,0.003464072937353291,0.008620689655172376,0.0,0.0,0.005235602094240788,0.014705882352941124
2018-08-02,0.0032544853252813423,0.008833739497092031,5,109.11821079972957,124.18985993750627,0.004068106656601678,0.0033306435297579817,0.0015300355906118224,0.0014639399899349925,0.0058797008595002365,0.0,0.002949852507374784,0.010152284263959421,0.01041666666666674,-0.007246376811594235
2018-08-03,0.00986850140455009,0.009896505271333797,5,110.1950440162687,125.41890554102399,0.011267250687311547,0.011600332638040556,0.008566782534582096,0.011046966961873184,0.006861174200943065,0.004273504273504258,0.002941176470588225,0.015075376884422065,0.005154639175257714,0.021897810218978186
2018-08-06,0.0066647582570712235,0.008831098336605572,5,110.92946734576444,126.52649222912622,0.004075628672402853,0.007597809991427007,0.00833094782133903,0.00320274269313392,0.01011666210705331,0.017021276595744705,0.0029325513196480912,0.0,0.02051282051282044,-0.0071428571428571175
2018-08-07,0.003220014391930848,0.006881151800686677,5,111.286661827107,127.39714022896322,0.0019329677807085055,0.00402501798991356,0.0015497704651610822,0.002768736582878406,0.005823579140992685,0.008368200836820217,0.0,0.00990099009900991,0.005025125628140614,-0.007194244604316502
2018-08-08,0.009409525837991373,0.013202126633752831,5,112.33381654699298,129.07905340704394,0.01072456289914897,0.010299918993395663,0.009310926905332362,0.006761907297489211,0.009950313094590657,0.004149377593360981,0.005847953216374213,0.009803921568627416,0.020000000000000018,0.007246376811594235
2018-08-09,0.0026743457431854358,0.00138068608794769,5,112.63423601109119,129.25727106032852,-0.0018223570772165631,0.0033429321789817945,0.0009157477129623781,0.0057939125711386485,0.00514149333006092,0.02066115702479343,0.0,0.009708737864077666,-0.009803921568627416,-0.007194244604316502
2018-08-10,0.004631020662354946,0.0011845444571000055,5,113.15584748534712,129.41038204430288,0.0017401928319922266,0.005788775827943682,0.0033849296740975365,0.00826402335269616,0.003977181625045123,0.01619433198380582,0.0,0.009615384615384581,-0.00990099009900991,0.007246376811594235
2018-08-13,-0.012334586350059351,-0.014450580182010004,5,111.76011691352497,127.54032694218715,-0.009442137320044286,-0.013238000379434678,-0.010656328175669416,-0.012918232937574187,-0.015418232937574189,-0.02390438247011961,-0.008720930232558044,-0.01904761904761909,-0.010000000000000009,0.0
2018-08-14,-0.010448971586280864,-0.019807050544410173,5,110.59233862741611,125.01412923999267,-0.011020398156320471,-0.01306121448285108,-0.004566068851783123,-0.010535961957598566,-0.01306121448285108,-0.008163265306122436,0.0,-0.03398058252427183,-0.010101010101010055,0.0
2018-08-15,0.0011632159136191866,0.0062020494368937576,5,110.7209813956319,125.78947304984933,0.004540439645110417,0.0007208820621119605,0.00019773848498882973,-0.001097000516139257,0.0014540198920239833,-0.012345679012345734,0.0029325513196480912,0.005025125628140614,0.010204081632652962,0.0
2018-08-16,-0.0034797712069579044,-0.0039845927613170315,5,110.33569771256526,125.288253226085,-0.005391380675364044,-0.0050807081607441296,-0.004349714008697381,-0.001824461483444867,-0.0007525917065391019,0.004166666666666652,0.0029239766081869956,0.0,-0.010101010101010055,-0.014388489208633115
2018-08-17,-0.010666512374445113,-0.007816332245438734,5,109.15880062757115,124.30895861241926,-0.007109074078014893,-0.01187541452053456,-0.013333140468056393,-0.009506609855811504,-0.01150832294980822,-0.024896265560165998,-0.005830903790087327,0.0,-0.015306122448979553,-0.007299270072992692
2018-08-20,-0.009714422593068983,-0.005290528398928079,5,108.09838590852236,123.65129853663908,-0.012143028241336229,-0.009943614751600133,-0.012143028241336229,-0.009552354666206686,-0.004790087064865639,0.0,-0.008797653958944385,0.0,-0.010362694300518172,-0.02941176470588236
2018-08-22,-0.004018326954291496,0.0007626783229561854,5,107.66401125071074,123.74560470163836,-0.00502290869286437,-0.0005850388703791953,-0.00502290869286437,-0.0063318092164245665,-0.0031289692989249773,0.0,-0.017751479289940697,0.0,0.005235602094240788,-0.007575757575757569
2018-08-23,-0.016067811770062244,-0.01203593069528411,5,105.93408618352447,122.25621117960341,-0.01795710513810972,-0.011048620134264525,-0.017584764712577805,-0.01748059804591115,-0.01626797081944803,-0.008510638297872353,-0.03614457831325313,-0.010000000000000009,-0.01041666666666663,-0.01526717557251911
2018-08-24,-0.0033915269586934247,-0.006192640804174168,5,105.57480787438848,121.49912237768888,-0.004239408698366781,-0.009708158698366803,-0.0029767824357405104,-0.001607829750998352,0.0015745447900053222,0.0,0.02187500000000009,-0.005050505050505083,-0.010526315789473717,-0.023255813953488413
2018-08-27,-0.001782896054772376,-0.004672161557507472,5,105.3865789659459,120.93145884884493,-0.00222862006846547,-0.004522198050116832,0.0003094509975243853,-0.00222862006846547,-0.00024449308433849293,0.0,0.00917431192660545,-0.010152284263959421,0.0,-0.007936507936507908
2018-08-28,-0.009830971998810556,-0.017444040791835296,5,104.35052645908125,118.82192554766952,-0.009069830878341512,-0.012288714998513195,-0.00587845858825678,-0.009629140530428099,-0.012288714998513195,-0.012875536480686733,0.0,-0.02564102564102566,-0.010638297872340385,0.0
2018-08-29,-0.03330927880711594,-0.046591773551834026,5,100.87468567958638,113.28580129955964,-0.03185398981324278,-0.04163659850889492,-0.025847124824684403,-0.03357208237986267,-0.033636598508894916,-0.03913043478260858,0.0,-0.06315789473684208,-0.032258064516129004,-0.03200000000000003
2018-08-30,0.0010834732639696033,0.006917153858335639,5,100.98398070453155,114.06941661711355,0.00022311986050499444,-0.00016080993518952091,-0.004263635948127897,0.004132119357739772,0.005486572984920668,0.004524886877828038,0.0060606060606061,0.022471910112359605,-0.011111111111111072,-0.016528925619834656
2018-08-31,-0.00563059028686248,-0.008022063640993856,5,100.41538128364789,113.15434449752,-0.008164363984704215,-0.009297274003156386,-0.0029173587376989663,-0.0070382378585781,-0.0007357168501747335,0.0045045045045044585,0.009036144578313143,-0.016483516483516536,0.0,-0.025210084033613467
2018-09-03,-0.0056045730852936956,-0.014791754070173725,5,99.85259594035605,111.48059326174095,-0.004763563890249428,-0.008498253670049971,-0.004212420267231648,-0.0013877388285272185,-0.009160888770410214,-0.008968609865470767,0.005970149253731405,-0.011173184357541888,-0.022471910112359605,0.008620689655172376
2018-09-04,-0.00501773876858902,-0.007633537757273476,5,99.35156169856188,110.6296019438742,-0.005140951741279237,-0.0033048144102911237,-0.0062721734607362745,-0.001961828633150059,-0.008408925597488404,-0.004524886877828149,-0.011869436201780603,0.0,-0.017241379310344862,0.008547008547008517
2018-09-05,-0.01006884428829118,-0.0009611904026809001,5,98.35120629402051,110.52326583223335,-0.008040600814909454,-0.008832301606610221,-0.013998484738895062,-0.011124067056270392,-0.008348767224770764,-0.018181818181818077,-0.01501501501501501,0.005649717514124353,-0.005847953216374324,-0.016949152542372836
2018-09-06,-0.014002680236175524,-0.011951203439768002,5,96.9740258014432,109.20237979744478,-0.01171631325818237,-0.013692374685463304,-0.014694361531174455,-0.01456217382463118,-0.015348177881426311,-0.02314814814814814,-0.015243902439024404,-0.011235955056179803,-0.0117647058823529,-0.008620689655172376
2018-09-07,-0.010340883445148852,-0.011575751620004826,5,95.97122870342362,107.93828017259612,-0.005817099567099554,-0.012926104306436065,-0.010085195215526976,-0.0099499138302456,-0.012926104306436065,-0.028436018957346043,0.0,-0.011363636363636354,-0.011904761904761862,0.0
2018-09-10,-0.010163378492945708,-0.019316075185924864,5,94.99583678167767,105.85333623734283,-0.01026519872593823,-0.012704223116182134,-0.006957096679400532,-0.008186150827025507,-0.012704223116182134,-0.009756097560975618,0.0,-0.02298850574712641,-0.01807228915662651,0.0
2018-09-11,0.004801544601780306,0.016483623577682252,5,95.45196352896835,107.598182786321,0.006001930752225382,0.006775924560274871,0.00011957781104893206,0.0029344460896487123,0.00817584379570363,0.0,-0.003095975232197956,0.0235294117647058,0.012269938650306678,-0.008695652173912993
2018-09-12,-0.004846018549166997,-0.005794261409941835,5,94.98940154315255,106.97473078802236,-0.006057523186458746,-0.0029519331243469393,-0.004620741577263332,-0.0045423716713072215,-0.006057523186458746,0.0,-0.012422360248447228,-0.005747126436781658,-0.0060606060606061,0.0
2018-09-13,-0.007453204524769985,-0.003601234037337694,5,94.28142610576595,106.5894897463735,-0.010548032749558511,-0.004599524523887011,-0.007871418950760156,-0.009316505655962481,-0.004930540743681766,0.004926108374384119,-0.018867924528301883,-0.005780346820809301,0.0,-0.01754385964912286
2018-09-14,-0.018887374095325083,-0.018317483695629307,5,92.5006975406656,104.63703850581885,-0.022383727423077954,-0.012391268901207647,-0.019248752502877275,-0.019036046887449032,-0.021377074762013504,-0.004901960784313597,-0.04487179487179482,-0.01744186046511631,-0.018292682926829285,-0.008928571428571397
2018-09-17,-0.04275755624198596,-0.049362835447950656,5,88.54559376314765,99.47185759229524,-0.052215418208886366,-0.035829495638052905,-0.037174755953370026,-0.04413017511614706,-0.04443793629347345,-0.0049261083743843415,-0.07046979865771819,-0.0650887573964497,-0.037267080745341574,-0.036036036036036
2018-09-18,-0.008547495964969554,-0.016913771984466273,5,87.78875065774132,97.78941327410786,-0.01192199371858818,-0.010684369956211942,-0.00593753451317397,-0.005845660278792575,-0.0083479213580811,0.004950495049504955,0.0,-0.01898734177215189,-0.01935483870967747,-0.009345794392523366
2018-09-19,0.021268519248667107,0.03835262261184102,5,89.65588739092192,101.53989373684307,0.025354121967237853,0.024780594909209364,0.016908229705995148,0.015072491166097046,0.02422715849479612,0.004926108374384119,0.0072202166064980755,0.03870967741935494,0.046052631578947345,0.009433962264151052
2018-09-20,6.652986921269477e-05,-0.000571522447138685,5,89.66185218538418,101.48186140829239,-0.004818798447797895,-0.010669525835527188,0.001635957367571772,8.316233651586846e-05,0.014101853925300917,0.019607843137255054,0.04301075268817223,-0.006211180124223614,0.0,-0.05607476635514019
2018-09-21,0.010141232896201169,0.01318912962834829,5,90.57113391030093,102.82031883333245,0.009070771889482243,0.004944582357364891,0.012676541120251461,0.0063872329441508335,0.017627036169756416,0.014423076923076872,0.030927835051546282,0.0,0.02515723270440251,-0.01980198019801982
2018-09-24,0.00010633946830265195,-0.002427802485127077,5,90.58076519652452,102.57069140774733,0.00013292433537831494,-0.0015337423312883347,0.00013292433537831494,0.0016666666666666496,0.00013292433537831494,0.0,0.006666666666666599,0.0,-0.006134969325153339,0.0
2018-09-25,-0.0028792188684638063,-0.005162271953677825,5,90.31996334825081,102.04119360422376,-0.004783857708802491,-0.004426838155116214,-0.003599023585579758,-0.0005126038324933246,-0.0010737710603272443,0.004739336492890933,0.0033112582781458233,0.0,-0.012345679012345734,-0.010101010101010055
2018-09-26,0.007595160892677666,0.0034176728312526193,5,91.00595800170153,102.38993701927353,0.0083147058328282,0.007843786099345412,0.011056451115847077,0.0063689511158470935,0.004391910299520546,0.004716981132075526,0.0066006600660066805,-0.006249999999999978,0.012499999999999956,0.020408163265306145
2018-09-27,-0.005604931709989725,-0.008621749768566014,5,90.4958758218998,101.50715660347412,-0.00465874679711159,-0.007006164637487156,-0.005433837593461999,-0.003919744884400722,-0.007006164637487156,-0.009389671361502261,0.0,-0.0062893081761006275,-0.012345679012345734,0.0
2018-09-28,0.0029923786079784965,-0.001404640729607002,5,90.76667374481951,101.36457551696228,0.0025556391367503872,-0.00035788739576458894,0.002158194778960454,0.006865473259973109,0.0037404732599731205,0.004739336492890933,0.016393442622950838,0.006329113924050667,-0.012499999999999956,0.0
2018-10-01,-0.004072883040440067,0.0055326038962777505,5,90.39699169868707,101.92538556241195,-0.005091103800550084,-0.0018652973489372005,-0.009808084932625555,-0.0035088253195374175,-9.110380055007972e-05,0.0,-0.012903225806451535,0.018867924528301883,-0.006329113924050667,-0.020000000000000018
2018-10-02,-0.0009507797029800092,-0.004885022887536755,5,90.31104407376952,101.42747772111855,-0.002367719911743893,-0.002005468092777296,-0.0011884746287250114,0.0019962387470711662,-0.0011884746287250114,0.004716981132075526,0.0032679738562091387,0.0,-0.01273885350318471,0.0
2018-10-03,-0.0028807555148409937,-0.0029436256828863426,5,90.05088003550296,101.12891319274829,-0.0024272354733634316,-0.002786612145994266,-0.003600944393551242,-0.0019880411677447862,-0.003600944393551242,-0.0046948356807512415,-0.0032573289902279035,0.0,-0.006451612903225823,0.0
2018-10-04,-0.0013858513356425739,0.002717038036318694,5,89.92608290312995,101.40368429646453,0.000626176396484518,-0.0033663010976577867,-0.003275524046096434,-0.0017323141695532174,0.0008187062386100508,-0.009433962264150941,0.006535947712418277,0.006172839506172867,0.0,-0.010204081632653073
2018-10-05,-0.01489562447756112,-0.02212582489284825,5,88.58657774146691,99.1600441342313,-0.006714768692189482,-0.020242907220328038,-0.010950818940509671,-0.015372777350198152,-0.021196850184580257,-0.04761904761904767,0.006493506493506551,-0.030674846625766916,-0.012987012987012991,0.010309278350515427
2018-10-08,-0.00910936794824957,-0.031067643370448178,5,87.77961000954367,96.07937524647109,-0.02013670993531194,-0.008967355096602292,-0.0018930390492360172,-0.003163025724785634,-0.011386709935311962,0.03499999999999992,-0.009677419354838679,-0.03797468354430378,-0.03289473684210531,0.0
2018-10-09,-0.014668651619742689,-0.028224583738657095,5,86.4920014909968,93.36757487426921,-0.018335814524678362,-0.017521482277121386,-0.00846739347204678,-0.013233773708351826,-0.015784794116515094,0.0,-0.0032573289902279035,-0.03947368421052633,-0.020408163265306145,-0.010204081632653073
2018-10-11,-0.009021287248968512,-0.01994495827340263,5,85.7117323008083,91.50536248931311,-0.013692067998408719,-0.010459615597158328,-0.002714965225594196,-0.009540497950099536,-0.008699289473581784,0.009661835748792313,-0.0032679738562092497,-0.03424657534246578,-0.00694444444444442,-0.010309278350515427
2018-10-12,0.0025969355469062315,-0.0008902399795814673,5,85.93432014520718,91.42390075727903,0.002049997184828928,0.00898387435166556,0.005019219079022863,0.0014979176853810172,-0.0045663305663672105,0.004784688995215447,-0.022950819672131084,-0.007092198581560294,0.006993006993007089,0.03125
2018-10-15,0.0057318874265182675,0.0288684004285366,5,86.42688599435388,94.06316253307895,0.008355335473624048,0.009681637806637777,-0.0035494264311378976,0.0019565259498145193,0.01221536433365289,-0.004761904761904856,-0.010067114093959773,0.04285714285714293,0.02083333333333326,-0.02020202020202022
2018-10-16,0.019842119437134275,0.04025688119996158,5,88.14177858883343,97.8498520924658,0.024802649296417845,0.027345022177773792,0.012816347926554839,0.014598567663764772,0.01964801012116013,0.0,-0.01016949152542379,0.047945205479452024,0.04081632653061229,0.020618556701030855
2018-10-17,0.009953836683129724,0.030476476110029637,5,89.01912745786727,100.83197077213175,0.011246123605108294,0.015010789004597097,0.0010043873571801143,0.007540335069598447,0.014967548379164669,0.004784688995215447,-0.010273972602739767,0.045751633986928164,0.019607843137254832,-0.010101010101010055
2018-10-18,-0.005264909131073225,-0.006026565425889372,5,88.55044984087417,100.22430030325214,-0.006581136413841532,-0.0057160845107273595,-0.005018636413841537,-0.004978572311277435,-0.004030116005678264,0.0,-0.0034602076124566894,-0.006249999999999978,-0.0064102564102563875,-0.010204081632653073
2018-10-19,-0.0038310014727540587,-0.000973594133019096,5,88.21121293712075,100.12672251249096,-2.6847079037828347e-05,-0.002184585174275888,-0.004788751840942573,-0.004788751840942573,-0.00736607142857143,-0.01904761904761898,-0.01041666666666674,0.0,0.0,0.010309278350515427
2018-10-22,0.005134821719202587,0.0037285878710200766,5,88.66416178918747,100.50005379561601,0.00763211938201297,0.0029097552191786613,0.004846200104978077,0.006418527149003234,0.0038675067408399932,-0.004854368932038944,0.01403508771929829,0.0062893081761006275,0.0,0.010204081632652962
2018-10-23,-0.011120824408783902,-0.0029356843170653037,5,87.67814321457791,100.20501736382401,-0.017559567096345735,-0.01563113431720828,-0.013901030510979878,-0.012288127285173422,0.0037757371657878014,0.014634146341463428,0.006920415224913601,0.0,-0.006451612903225823,-0.07070707070707072
2018-10-24,0.001784298176050725,0.00036202685133047567,5,87.8345871655952,100.24129427074774,-0.0025773195876288846,0.004807692307692291,0.002230372720063406,0.002230372720063406,0.002230372720063406,0.019230769230769162,-0.010309278350515538,0.0,0.0,0.0
2018-10-25,-0.00214098532494762,-0.00343817342577865,5,87.64653460345082,99.8966473166204,-0.005034722222222232,0.0007959905660377131,-0.00111373165618453,-0.0026762316561845245,-0.0026762316561845245,0.00943396226415083,-0.01388888888888895,-0.006249999999999978,0.0,0.0
2018-10-26,-0.004044778656281167,-0.009032540995443148,5,87.29202377098979,98.9943267544257,-0.003887749021286052,-0.005936255010492331,-0.0019113192323011452,-0.003432596696974849,-0.005055973320351459,-0.004672897196261627,0.0035211267605634866,-0.012578616352201255,-0.00649350649350644,0.0
2018-10-29,-0.0013071895424836555,-0.0025551280863064393,5,87.1779165503741,98.74138356975047,-0.0016339869281045694,-0.0016339869281045694,-0.0016339869281045694,0.0,-0.0016339869281045694,0.0,0.0,0.0,-0.006535947712418277,0.0
2018-10-30,0.0083111969391497,0.004625128866274439,5,87.90246938356901,99.1980751931948,0.003346742652810375,0.00863461020902484,0.008796639486039037,0.010388996173937126,0.010388996173937126,0.028169014084507005,0.007017543859649145,0.006369426751592355,0.0,0.0
2018-10-31,-0.0021707673540853458,0.0025730535542216647,5,87.71165357268768,99.45331715314259,0.0007111983416398515,-0.0018423790532338669,-0.004295737673619349,-0.002713459192606682,-0.002713459192606682,-0.013698630136986134,-0.0034843205574912606,0.006329113924050667,0.0,0.0
2018-11-01,0.001928169480304498,-0.013158001360926326,5,87.88077650617356,98.1447102706929,-0.008006454816286007,0.0024102118503806225,0.007127192982456093,0.005699685534591159,0.0024102118503806225,0.04166666666666652,0.0,-0.018867924528301883,-0.013157894736842146,0.0
2018-11-02,-0.005350292219857456,-0.0008320075256497467,5,87.41058867135754,98.06305313314498,-0.0044656430525996105,-0.004939613526570047,-0.006687865274821819,-0.006687865274821819,-0.003970473970473981,-0.008888888888888835,-0.006993006993007089,0.0,0.0,-0.010869565217391353
2018-11-05,5.128205128204222e-05,-0.0006965775636620755,5,87.4150712656484,97.99474461050822,6.410256410255277e-05,6.410256410255277e-05,0.0016666666666666496,-0.0016025641025640969,6.410256410255277e-05,0.0,0.0,-0.0064102564102563875,0.006666666666666599,0.0
2018-11-06,0.005709489076252705,0.006295274156888809,5,87.91416666013947,98.61164839376568,0.006015785112132022,0.007136861345315881,0.005523958119509453,0.005481232206243025,0.004389608598063144,0.004484304932735439,0.0,0.006451612903225712,0.0066225165562914245,0.01098901098901095
2018-11-07,0.0025521720063973684,0.0035503630487112824,5,88.13853873525524,98.96175554639541,-0.00015799927771759092,0.0049507783882783984,0.0015876509054326138,0.0031902150079967106,0.0031902150079967106,0.013392857142857206,-0.007042253521126751,0.0064102564102563875,0.0,0.0
2018-11-08,0.0020785063140049687,-0.00273577733290011,5,88.32173524452364,98.69101821874759,-0.000705831865203066,0.001711608069811188,0.0041904895804043,0.002598132892506211,0.002598132892506211,0.013215859030837107,0.0035460992907800915,-0.006369426751592355,0.0,0.0
2018-11-09,-9.763808815324015e-05,0.0022100360990293865,5,88.31311167915199,98.90912893166099,-0.00012204761019155019,0.0016447368421052544,-0.00012204761019155019,-0.0017667844522968046,-0.00012204761019155019,0.0,-0.007067137809187218,0.0,0.006578947368421018,0.0
2018-11-12,0.0020217750311223083,0.005081832276338978,5,88.4916609232656,99.41176853549048,0.001440262267163761,0.0016375390736004247,0.002527218788902885,-0.0007407550673062535,0.005244610093250723,0.004347826086956497,0.003558718861209842,0.0,0.013071895424836555,-0.010869565217391353
2018-11-13,0.0025723738626964197,0.00575803792898828,5,88.7192945588912,99.98418526930564,0.003215467328370525,0.003215467328370525,0.001612903225806428,0.0016025641025640969,0.003215467328370525,0.0,0.0,0.0064102564102563875,0.006451612903225712,0.0
2018-11-14,0.0016819698348360611,0.006302832194250229,5,88.8685177361072,100.6143688111369,0.0031847133757961776,0.0021024622935450765,-0.0010822510822511011,0.0021024622935450765,0.0021024622935450765,-0.0043290043290044045,0.0,0.01273885350318471,0.0,0.0
2018-11-15,0.0016491604207380828,-0.00282267444821895,5,89.01507617820724,100.33036720317003,0.0020614505259226035,0.0011749257032275806,0.0036337775699477604,0.0020614505259226035,-0.000685802221330134,0.0,0.0035460992907800915,-0.0062893081761006275,0.0,0.01098901098901095
2018-11-16,-0.0063365911499265294,-0.0031988919766973486,5,88.45102403428636,100.00942119650472,-0.007920738937408162,-0.007037346711259745,-0.007920738937408162,-0.006318174834844065,-0.002485956328712513,0.0,-0.0035335689045936647,0.0,-0.0064102564102563875,-0.021739130434782594
2018-11-19,-0.00799621645322417,-0.004291347483490341,5,87.74375050059888,99.58024601852776,-0.0034735314360954117,-0.010881795389225235,-0.008412992085517546,-0.009995270566530212,-0.007217492788752444,-0.026086956521739202,0.0035460992907800915,-0.006329113924050667,0.0,-0.011111111111111072
2018-11-20,-0.007985362075840153,-0.004227321805833562,5,87.04308488295942,99.15928827310337,-0.0044013454519430395,-0.00998170259480019,-0.008389345906902101,-0.00998170259480019,-0.00717271383075524,-0.022321428571428603,0.0,-0.006369426751592355,0.0,-0.011235955056179803
2018-11-21,0.004647866200672169,0.002313130219882642,5,87.44764949518917,99.38865661938995,0.01151759530791785,0.00580983275084021,0.00580983275084021,0.004519510170195057,-0.004417439976432486,-0.022831050228310557,0.0,0.0,0.005161290322580614,0.040909090909090784
2018-11-22,0.0009091141837216377,0.006078405294726843,5,87.52714939367836,99.99278115602105,0.001136392729652047,0.0002530005035036309,-0.0004661713729120498,-0.0007891528415931437,0.004411501899957704,0.0,0.0035335689045936647,0.0064102564102563875,0.007702182284980763,-0.013100436681222627
2018-11-23,0.007434694884328486,0.006056017934683017,5,88.1778870435154,100.59833923204073,0.010461592904476014,0.0022511150842838556,0.007701011917512518,0.008019483255092136,0.008740271260277904,-0.004672897196261627,0.028169014084507005,0.006369426751592355,0.005095541401273884,0.0022123893805308104
2018-11-26,0.00401487056790748,0.0037212204019742307,5,88.53190984694668,100.97268782439575,0.0038448792896965955,0.003306259442761056,0.0021704869440615504,0.006286015332824801,0.004466711830193398,0.004694835680751019,0.006849315068493178,0.0113924050632912,-0.005069708491761804,0.002207505518763808
2018-11-27,0.001076449512750588,-0.002136883588066246,5,88.62720997816432,100.75692094494086,0.0001773375918728004,0.0004952217548837845,0.004161581915969548,-0.00024679479695985385,0.0007949010979866611,0.004672897196261738,0.003401360544217802,-0.011264080100125251,0.006369426751592355,0.0022026431718062955
2018-11-28,0.0005654140394164786,0.006893235903895822,5,88.67732104696027,101.45146216996453,0.0018695582469450411,0.0024016828035078874,-0.001508422324147135,-0.0011919666279445462,0.0012562180987211458,-0.0046511627906977715,-0.006779661016949157,0.008860759493670933,0.007594936708860578,-0.00219780219780219
2018-11-29,0.009176605766424383,0.0034979717709722135,5,89.49107786263089,101.80633652075892,0.01147075720803048,0.01061751488721141,0.01147075720803048,0.01021447580099527,0.002109523727854279,0.0,0.0034129692832762792,0.0,0.005025125628140836,0.037444933920704804
2018-11-30,-0.004053830147967607,0.006514803216371372,5,89.12829623321724,102.46958476937134,-0.005067287684959509,-0.006767967957068355,-0.006008316543177794,-0.008504787684959492,0.006079209130327112,0.0,0.006802721088435382,0.0037641154328731385,0.013749999999999929,-0.04458598726114649
2018-12-03,-0.002873854148466104,-0.009675538616407674,5,88.8721545093417,101.47813634492802,-0.0047605419846480646,-0.00274772309098803,-0.0010923176855826278,-0.0005097036288625179,-0.00525898435224928,0.004672897196261738,-0.0033783783783783994,-0.010000000000000009,-0.012330456226880449,0.006666666666666599
2018-12-04,0.059323388851110506,0.005985067132257246,5,94.14435188933534,102.08548980340876,0.07415423606388813,0.0792389818266,0.0754168623265144,0.07477845578923142,-0.006971591750681433,0.0,-0.02033898305084747,-0.005050505050505083,-0.0024968789013731785,0.32450331125827825
2018-12-05,-0.016465104496974314,-0.005679559566080574,5,92.5942552976775,101.50568918323779,-0.020581380621217893,-0.022311484427446293,-0.019312345088222993,-0.019955598393433166,-0.00016471395455122662,0.0,0.006920415224913601,-0.0050761421319796,-0.0025031289111389077,-0.08166666666666667
2018-12-06,-0.022001606007213348,-0.00487753112516423,5,90.55703297408668,101.0105920248653,-0.026339216811342242,-0.0249246879213878,-0.027820885060037076,-0.026560978650798373,-0.004362261592501249,-0.0046511627906977715,-0.010309278350515538,0.0012755102040815647,-0.0037641154328732496,-0.09255898366606174
2018-12-07,0.008681579587212718,-9.607878539694886e-07,5,91.34321106303305,101.01049497511536,0.009683750184950463,0.011720030039571477,0.011170445821595487,0.011481697405930275,-0.0006480255159841131,0.004672897196261738,-0.003472222222222321,-0.00127388535031836,-0.0025188916876575096,0.04600000000000004
2018-12-10,-0.0013980166131519534,-0.0049273014751469585,5,91.21551173646829,100.51278581421914,-0.0029103114641143846,0.0026078799304241618,-0.00015313301133790258,-0.00048489450381367094,-0.0060496240169179705,0.0046511627906977715,-0.017421602787456414,-0.0063775510204081565,-0.005050505050505083,0.017208413001912115
2018-12-11,0.0037711088369671185,-0.003909905615427051,5,91.55949535884615,100.1197903085419,0.0012416638239866884,0.005600410868903921,0.0076022044030766844,0.004396627162960159,1.4637925908139726e-05,0.01388888888888884,-0.0035460992907800915,-0.011553273427471145,0.0012690355329949554,0.018796992481203034
2018-12-13,-0.002751483294618784,-0.020426595878528433,5,91.30757093690256,98.0746838124663,-0.00343935411827348,-0.002549674402970964,0.004677528998609626,0.000679784031282965,-0.013125700981742067,0.0,-0.003558718861210064,-0.03246753246753242,-0.01647655259822578,0.03874538745387435
2018-12-14,-0.007783404907573144,-0.015920619063668918,5,90.59688714117368,96.51327413169824,-0.00972925613446643,-0.01062211327732357,-0.006037980966681206,-0.004574616959208716,-0.007953057200185798,0.0,0.0035714285714285587,-0.014765100671140896,-0.020618556701030855,-0.007104795737122527
2018-12-17,-0.0021521924540602424,-0.0005748092320056518,5,90.4019052043071,96.45779741071625,-0.0026902405675753027,-0.0018005608522727867,-0.002349641112534412,-0.0030191879359963425,-0.0009013318019223671,0.0,-0.003558718861210064,-0.0013623978201635634,0.001315789473684159,-0.007155635062611743
2018-12-18,-0.005644419311336723,-0.010325203697644949,5,89.89163894479027,95.46185100422443,-0.010480181673417494,-0.005269809853456625,-0.0026216905784615108,-0.006398493915780679,-0.00345192053556731,0.013698630136986356,-0.0071428571428571175,-0.017735334242837575,-0.0026281208935609035,-0.014414414414414378
2018-12-19,-0.0013543437409233138,-0.005223753611099455,5,89.76989476622406,94.96318181531886,-0.0005668035500280277,0.002803473201543699,4.318143495696258e-05,-4.602585533727832e-05,-0.009005543935751925,-0.0045045045045044585,-0.017985611510791366,-0.00694444444444442,-0.006587615283267456,0.02925045703839113
2018-12-20,-0.0022645646140470933,-0.003943572392611324,5,89.56660503912973,94.58868763319744,-0.0028307057675588665,-0.005577958514811604,-0.002131405068258152,-0.0015044458206092404,0.0007216921010023969,0.0,0.01098901098901095,-0.002797202797202858,-0.0053050397877985045,-0.014209591474245054
2018-12-21,-0.002964035648170582,-0.006263988825316276,5,89.30112642890813,93.99618515086175,-0.00031137940184217117,-0.008234030067459625,-0.0005493643358093214,-0.003371711226879903,-0.00235369320886189,-0.013574660633484226,0.018115942028985588,-0.012622720897615625,-0.0013333333333332975,-0.00540540540540535
2018-12-24,0.003936789052552969,-0.0033008965877034504,5,89.65268612581411,93.68591346404013,0.003774197324865558,0.00047258773917874253,0.007406781770236681,0.0049209863156912115,0.0031093921127926527,0.004587155963302614,0.017793594306049876,-0.009943181818181879,0.0,0.007246376811594235
2018-12-27,-0.012216262064767535,-0.0083109904612918,5,88.55746541729083,92.90729073088309,-0.01298722255812837,-0.0074031947138265275,-0.013835607351404156,-0.012933878982828578,-0.013921406717650048,-0.0091324200913242,-0.03146853146853157,-0.0057388809182210565,-0.009345794392523366,-0.0053956834532374875
2018-12-28,-0.0032445076280535946,-0.007722899300491802,5,88.27014004522333,92.18977708028696,-0.00520770826778591,-0.0031531074592547337,-8.738056681303896e-05,-0.003718707311347297,-0.004055634535066993,0.004608294930875667,-0.0036101083032490378,-0.015873015873015817,-0.0013477088948787852,0.0
2019-01-02,-0.0027584623569254286,-0.0034531953721748886,5,88.02665018666804,91.87142776871148,-0.0034480779461567856,-0.004353875047606065,0.0002176112034033284,-0.005472369444132513,-0.0007356005501351071,0.0,0.0036231884057971175,-0.014662756598240456,0.00809716599190291,-0.010849909584086714
2019-01-03,0.004092349284253061,0.0030531895769753473,5,88.38688598555466,92.15192865439676,0.0028218586236649634,0.005115436605316326,0.003999365176744929,0.004780764583897312,0.0037443214316417728,0.00917431192660545,0.0,0.004464285714285587,0.0013386880856760541,0.005484460694698212
2019-01-04,0.005954842543077854,0.013325461911399921,5,88.9132159744716,93.37989566974295,0.0074435531788473175,0.0074435531788473175,-0.00033422459893045486,0.007777777777777772,0.0074435531788473175,0.0,0.0,0.03111111111111109,-0.0013368983957218195,0.0
2019-01-07,0.01338074729497909,0.023578899796452814,5,90.10294124860991,95.58169087274302,0.014453206845996602,0.014920879967099343,0.001280531819873254,0.01906863826865693,0.01718047957326932,0.009090909090909038,0.0072202166064980755,0.06178160919540243,-0.009370816599732268,-0.0018181818181818299
2019-01-08,-0.001245634846904009,-0.0012484227308340817,5,89.99070588518208,95.46236451720594,-0.0015570435586300113,0.00023507113671047963,-0.0015570435586300113,-0.0008813678829543148,-0.0024677903710161875,0.0,-0.007168458781361964,0.0,-0.002702702702702786,0.0036429872495447047
2019-01-09,0.006359981172285445,-0.00017316913178346666,5,90.56304508029253,95.44583338242451,0.00907610259148292,0.007047449389544519,0.008288271458590929,0.008966236627958424,-0.001578154206149568,-0.0045045045045044585,0.0036101083032491488,-0.0013531799729364913,-0.004065040650406471,0.038112522686025496
2019-01-10,-0.001445027155213685,-0.003373600808073266,5,90.43217902089266,95.12383724179834,-0.005199949102388135,-0.0018062839440171063,-0.0024837907190848885,0.0005746684369352939,0.0016902195524864105,0.013574660633484115,0.0,0.0027100271002711285,-0.009523809523809601,-0.013986013986014068
2019-01-11,0.014761829238907186,0.01946987767647643,5,91.76712340530136,96.9758867170132,0.015104072262919682,0.019351567124173574,0.014736070332417778,0.011927561273908677,0.012689875201116224,0.013392857142857206,-0.003597122302158362,0.014864864864864824,0.026098901098901228,0.02304964539007104
2019-01-14,0.013400606125258018,0.01455633893008919,5,92.99685848130376,98.38750059211196,0.013446792898863247,0.015848230580760236,0.013421862849648414,0.012734693399544417,0.01155145089747378,0.013215859030837107,0.0036101083032491488,0.013315579227696439,0.016064257028112428,0.020797227036394972
2019-01-15,0.01573623503454611,0.025424140232706283,5,94.46027890383996,100.8889182043113,0.016409424227965264,0.018771013217643073,0.011457416000804188,0.014070820802405348,0.01797250092391267,0.01304347826086949,0.003597122302158251,0.03285151116951379,0.02239789196310915,0.00679117147707986
2019-01-16,0.018276486512336664,0.0358813985648033,5,96.18668091717754,104.50895368917202,0.024991530887201935,0.012988977316048061,0.014893954196400466,0.010603340099183706,0.027904630062849156,-0.008583690987124415,0.03942652329749108,0.03180661577608146,0.0489690721649485,-0.0202360876897133
2019-01-17,0.0018967406631827278,-0.0031355273239211247,5,96.36912210612974,104.1812630092852,0.0034531769112295108,-0.0036635569296422643,0.0026791872346504098,0.0042136776717302815,0.002801218427945701,-0.0043290043290044045,0.024137931034482696,-0.0012330456226880004,-0.0073710073710074875,-0.0017211703958691649
2019-01-18,0.0034766797519331983,-0.0019077619925009569,5,96.70416668166769,103.98250995538534,0.00543280621165565,0.002662348006414822,0.005271775615842411,0.005274067511698677,-0.0012575985859455685,-0.004347826086956608,0.006734006734006703,-0.0037037037037036535,-0.003712871287128716,0.022413793103448265
2019-01-21,-0.0041704310239298,-0.008054656042073241,5,96.30086862479519,103.14496660330326,-0.005213038779912249,-0.008557520385263417,-0.002734724033939512,-0.003349684742645187,-0.000997187177888631,0.0,0.013377926421404673,-0.009913258983890949,-0.007453416149068248,-0.016863406408094472
2019-01-22,-0.0037123036481528926,-0.0012104018082907625,5,95.94337055887907,103.02011974921052,-0.0024569734466539928,-0.004640379560191116,-0.004640379560191116,-0.004327488446298711,-0.002496297227429528,-0.008733624454148492,0.0,0.0,-0.0012515644555696204,-0.00857632933104635
2019-01-23,0.002169467658899227,0.0005564007788089677,5,96.15151659839235,103.07744022407199,-0.0005921301840852433,0.0018867520653732262,0.0023989434597317116,0.0027118345736240335,0.004441938379852406,0.013215859030837107,0.0033003300330032292,0.0012515644555692873,0.0,-0.00692041522491349
2019-01-24,0.011012789130833433,0.0011318337124389978,5,97.21041297530026,103.19410674590952,0.012679029891802668,0.003075196939857555,0.014390986413541806,0.013765986413541792,0.011152745995423347,0.004347826086956497,0.04276315789473695,-0.0025000000000000577,0.0,0.010452961672473782
2019-01-25,0.0025981401790227342,0.0010857670796656596,5,97.46297925507078,103.30615150982972,0.004329926306029519,9.310109128626842e-05,0.002934392015758319,0.003247675223778418,0.002385606258261147,-0.0043290043290044045,0.012618296529968598,0.0012531328320803947,0.0,0.0034482758620690834
2019-01-28,0.04134778583992005,0.027702895097524705,5,101.49285764863001,106.16803098803551,0.05168473229990006,0.050905916100523085,0.04573980113594517,0.04667220097157926,0.011736278691652668,0.0,0.0031152647975078995,0.023779724655819567,0.020050125313283207,0.15979381443298957
2019-01-29,0.0016913356043790407,0.0027343025448305015,5,101.66451613236131,106.45832650534575,0.0032011260272129527,0.007548952114169477,0.0021141695054738008,0.0008856682769725899,-0.005293237901933617,-0.004347826086956608,-0.021739130434782705,0.0,0.004914004914004844,0.029629629629629672
2019-01-30,-0.0014792217919691764,0.0026927916471219996,5,101.51413176462833,106.74499659772592,-0.0018490272399614704,0.0029128775219433023,-0.0027658976556093895,-0.0027658976556093895,-0.0029281639306089347,0.0,-0.01904761904761909,0.003667481662591676,0.003667481662591676,0.004316546762589857
2019-01-31,0.021213247728549423,0.029836486273734482,5,103.6675761897,109.9298922235038,0.02542485660391819,0.024089375194667362,0.017381358686265336,0.01981741227944439,0.019353235878451835,0.004366812227074357,0.009708737864077666,0.03654080389768577,0.02679658952496955,0.02865329512893977
2019-02-01,0.030961065476798312,0.02853693726384373,5,106.87723480393025,113.06695466130702,0.03652741880251964,0.03389363953830554,0.035763611516973215,0.028025175262367974,0.020595482263825182,0.008695652173912993,0.019230769230769384,0.011750881316098694,0.04270462633451966,0.07242339832869082
2019-02-05,0.006089017331889357,-0.008710627159284697,5,107.52801213903578,112.08207057521665,-0.006397349024793497,0.006038944620836539,0.0119666723617258,0.009602170413439637,0.009234648288238306,0.056034482758620774,0.0062893081761006275,-0.017421602787456414,-0.007963594994311762,-0.00649350649350644
2019-02-06,-0.0001480432598571113,0.004684576535185766,5,107.51209334159277,112.60712761304833,0.0008353540884439292,0.000596195925178622,-0.003435645091369899,-0.00018505407482138914,0.0014489328532831802,-0.004081632653061273,-0.0031250000000000444,0.013002364066194039,0.0,-0.006535947712418277
2019-02-07,-0.002366986546686589,0.0024545442591074797,5,107.25761366304711,112.88352679166553,0.0011396274723794453,-0.0013913350642359712,-0.0029587331833582364,-0.004678916669596772,-0.003945575288621411,-0.016393442622950727,-0.006269592476489061,0.0,0.006880733944954143,0.003947368421052699
2019-02-08,-0.0016070968941201969,-0.001271802289116351,5,107.08524028525848,112.73996126388836,7.446221568307987e-05,0.0019343465479648991,-0.002008871117650246,-0.0014393950356456908,-0.006596027080953026,-0.008333333333333304,-0.01577287066246058,0.0,-0.002277904328018221,0.01834862385321112
2019-02-11,-0.001696679236764842,-0.003599875676004206,5,106.9035509815025,112.33411141962084,-0.0010704288778888016,-0.0021208490459560525,-0.0003705573306701515,-0.0018354609181021886,-0.003086100011207016,-0.004201680672269004,0.0,-0.007001166861143604,-0.0011415525114154557,0.0038610038610038533
2019-02-12,-0.0005272511312136574,-0.003121006515132722,5,106.84718596331675,111.98351592600856,0.00039578840665802084,0.00014221813726494892,-0.0003652918811146155,0.0010552218002686242,-0.0038641921191452655,-0.00421940928270037,-0.0032051282051280827,-0.001175088131609825,-0.006857142857142784,0.012820512820512775
2019-02-13,-0.010931737417557996,-0.011016394508349448,5,105.67916058256077,110.74986133613562,-0.007308739568557654,-0.0096453791674459,-0.011899965889594577,-0.009924740816826622,-0.01587986164536523,-0.025423728813559365,-0.01607717041800638,-0.007058823529411673,-0.014959723820483495,0.008860759493670933
2019-02-14,-0.001873925223881412,-0.0017319917223423472,5,105.4811257379065,110.55804349305087,-0.001255450008112613,-0.0007084196017471678,-0.002342406529851765,-0.0014662383055527028,-0.003597111674142811,-0.004347826086956608,-0.0065359477124183885,0.0,-0.003504672897196248,0.005018820577164185
2019-02-15,-0.0025775787064648004,-0.010222365086236088,5,105.20923983427053,109.42787880924494,-0.00868048866692378,0.0008898687221821633,-0.0020371392598582394,0.0023466080940584833,-0.005406742421782629,0.02183406113537112,-0.016447368421052655,-0.004739336492891044,-0.022274325908557935,0.008739076154806513
2019-02-18,-0.005880429960384248,-0.0005843652738304957,5,104.59056426823983,109.36393295687988,-0.005213785313728181,-0.004006055845129142,-0.00645768030762317,-0.008849338409712915,-0.004875289925727833,-0.008547008547008517,-0.013377926421404673,-0.0035714285714285587,0.005995203836930418,-0.00990099009900991
2019-02-19,-0.00640914347392727,-0.005942750732964382,5,103.92022833582566,108.7140103641405,-0.005856256928615994,-0.00546905646105314,-0.005024571516841575,-0.008309403120716569,-0.007386429342409073,-0.008620689655172376,-0.01016949152542379,-0.01194743130227005,0.0011918951132299238,-0.0025000000000000577
2019-02-20,-0.003585992977096075,-0.0010877408541775744,5,103.54757112683517,108.59575769364594,-0.005569447743109218,-0.0036263268378084745,-0.003575598839266114,-0.005375348364227234,0.00021675689893066452,0.004347826086956497,-0.003424657534246478,-0.0036275695284159193,0.0035714285714285587,-0.018796992481203034
2019-02-21,-0.004091745216861287,-0.00011480845402825732,5,103.12388084795934,108.5832899825911,-0.006196932603327682,-0.005973788050286227,-0.005721477637581435,-0.005114681521076608,0.0025481537279655186,0.0043290043290042934,0.0034364261168384758,0.0024271844660193054,0.0,-0.030651340996168508
2019-02-22,-0.014830268979117923,-0.002763174529679822,5,101.5945259568136,108.28325540136237,-0.01314990518941464,-0.01596934307321246,-0.01974848997692405,-0.017944716413695744,-0.007338890242342716,-0.02155172413793105,-0.010273972602739767,0.004842615012106588,-0.0023724792408066353,-0.044795783926218746
2019-02-25,-0.010336971595041855,-0.009495455155268876,5,100.54434622778628,107.25505660563222,-0.007414606564286913,-0.013786266396916519,-0.01081278075886255,-0.010543093209616827,-0.009128111045526466,-0.022026431718061623,0.0034602076124568004,-0.008433734939759074,-0.009512485136741966,-0.015172413793103412
2019-02-26,0.003062343147521074,-0.000982106850014389,5,100.85224751747892,107.14972067984114,-0.0006765755701031717,0.004689997899918585,0.005042995763076902,0.0038279289344013423,0.0024273687103117114,0.018018018018018056,-0.0034482758620689724,-0.004860267314702238,0.0,0.0056022408963585235
2019-02-27,-0.0014206412765049637,-0.005520763456887175,5,100.7089726518273,106.55817241749621,-0.0017758015956312045,-0.0026408534987454046,0.00036095054112095237,-0.0005753214035544019,-0.0024721804257147595,0.0,0.0034602076124568004,-0.008547008547008628,-0.004801920768307211,0.0027855153203342198
2019-02-28,0.006862456779262805,0.006552901812799211,5,101.40008362393442,107.25643765869938,0.006365681593547529,0.006853933043044019,0.009501716294275542,0.00405454865803509,0.0075364043074118425,0.008849557522123908,0.006896551724137945,-0.003694581280788145,0.018094089264173663,0.004166666666666652
2019-03-01,0.01574057654326224,0.01774480629626976,5,102.99617940171015,109.15968236898095,0.012000282082586577,0.02053188506263942,0.015658415363873857,0.014640175655381171,0.01587212455183018,0.030701754385964897,-0.003424657534246478,0.01606922126081578,0.02014218009478652,0.015214384508990486
2019-03-04,0.005702195685357925,0.01565042490415902,5,103.58348377150296,110.86807778045853,0.007127744606697406,0.007127744606697406,0.0022615645580356114,0.0024819838633756697,0.00951194079198353,0.0,0.0,0.019464720194647178,0.018583042973286945,-0.0095367847411445
2019-03-06,-0.005504657014389092,-0.008949970706461039,5,103.01329222098529,109.87581173204177,-0.00581699148075232,-0.005162608209567099,-0.0018092222226402943,-0.007165883981783389,-0.007568579177202356,-0.004255319148936176,-0.0068728522336770626,-0.02028639618138428,0.0011402508551880963,0.0027510316368639653
2019-03-07,0.0013604126035922537,0.003273748907179437,5,103.15343280206027,110.23551755062499,-0.00043623638226186756,0.0017005157544903171,-0.0013445512369835155,0.003124205959501719,0.0037581289232146153,0.008547008547008739,0.0,0.01218026796589533,-0.005694760820045608,-0.008230452674897193
2019-03-08,-0.001427220327564438,0.0027526324612659843,5,103.00621012590712,110.5389554146193,-0.0017840254094555474,0.0008111302998869974,-0.004491606636892409,-0.0009249188802459285,-0.0007466810111153022,0.0,-0.01038062283737018,0.010830324909747446,-0.0034364261168384758,-0.004149377593360981
2019-03-11,0.0026210575903737655,-0.0013763142380502223,5,103.27619533481327,110.38681907642297,0.0022169999540689045,0.0006539443655896038,0.0035739410355862256,0.004425747275323549,0.002234655321300544,0.004237288135593209,0.010489510489510412,-0.0011904761904760752,-0.0045977011494253706,0.004166666666666652
2019-03-12,0.021524565456854595,0.022882436296739254,5,105.49917056143236,112.91273843193889,0.026905706821068243,0.018255187789926353,0.020648257476610588,0.021132034765641017,0.02068164043102677,0.0,0.03460207612456756,0.02502979737783062,0.023094688221708903,0.024896265560165887
2019-03-13,0.01092504821718232,0.007664096987051459,5,106.65175408668877,113.77811261035484,0.012601457950802752,0.012820189870140108,0.0136563102714779,0.009988138713915795,0.005559144279575046,0.0042194092827005925,0.0033444816053511683,0.0,0.014672686230248422,0.03238866396761142
2019-03-14,-0.0027749665611129124,-0.0016855896073808424,5,106.35579903541417,113.58632940619142,-0.0034687082013911408,-0.0018020415347244911,-0.0037594058758097237,-0.0023563611491108083,-0.002488316044528399,0.0,-0.006666666666666599,0.0011627906976743319,-0.00444938820912133,-0.0039215686274509665
2019-03-15,-0.0027499901344772313,0.00013153286836297496,5,106.06332163732235,113.60126974190503,-0.0034374876680965394,-0.005954266191586455,-0.0034374876680965394,-0.003716817277035045,0.002796108132428421,0.0,0.010067114093959662,0.0,0.0011173184357540222,-0.02493438320209984
2019-03-18,0.009868733577330691,0.00960454971717045,5,107.11003230088781,114.69235878507484,0.012335916971663363,0.004030269131131803,0.007690156228341627,0.012614934828806212,0.012672390726710447,0.0,0.03322259136212624,0.018583042973286945,-0.0011160714285713969,-0.0013458950201883368
2019-03-19,-0.0015185623079119414,-0.003958573983829917,5,106.94737904303643,114.23834059744415,-0.00294862305295715,-0.0018982028848899268,9.7236111689325e-05,-0.0016188732759513935,-0.001224348437450562,0.004201680672268893,0.0,-0.007981755986317007,-0.0011173184357541333,-0.0026954177897574594
2019-03-20,-0.009738626567245223,-0.009841421005321038,5,105.90585845619067,113.11407299267545,-0.010081232999851503,-0.00895784912545522,-0.009012363668826656,-0.010495430860063215,-0.010146256182029523,-0.008368200836820106,-0.012861736334405238,-0.012643678160919491,-0.006711409395973256,-0.008108108108108025
2019-03-21,-0.005246048632754463,-0.00728352561765343,5,105.35027117223588,112.29020374431617,-0.006557560790943079,-0.004114564048272068,-0.0030651277292434165,-0.006276029259411564,-0.006216961335902188,0.0,-0.009771986970684043,-0.01396973224679865,-0.0011261261261260591,-0.0013623978201635634
2019-03-22,-0.012873936458339586,-0.021912383832624335,5,103.99399847529567,109.82965769922713,-0.016092420572924482,-0.012802946888713973,-0.004876363902322378,-0.015528722714976323,-0.015069228212760771,0.0,-0.013157894736842035,-0.044864226682408415,-0.0022547914317926354,-0.004092769440654842
2019-03-25,-0.005773898060544425,-0.005760306400702088,5,103.3935477291909,109.19700521899533,-0.005107667934330318,-0.006384039242347178,-0.006290302118325736,-0.005239971445737013,-0.0058475095619818784,-0.008438818565400852,-0.0033333333333334103,-0.00370828182941918,-0.007909604519774072,-0.005479452054794609
2019-03-26,0.008261530125082527,0.016340754988748735,5,104.24773663849476,110.98136672678405,0.009263082869119088,0.01032691265635316,0.0022623965273208535,0.009472698533346313,0.009982560039273225,0.004255319148936287,0.0,0.032258064516129226,0.003416856492027387,0.0013774104683197397
2019-03-27,0.009110520888492157,0.016452034539501267,5,105.19748782071778,112.80723600541414,0.011388151110615197,0.011388151110615197,0.002974689572153688,0.01082061422071734,0.008980998428359366,0.0,0.0,0.033653846153846034,0.002270147559591429,0.009628610729023324
2019-03-28,0.0021339165864010965,0.002745694230211022,5,105.42197048482616,113.11697018244027,0.0005487516652047664,0.0018312753316635788,0.002667395733001371,0.0012517671939300257,0.004370393008205742,0.008474576271186418,0.0033444816053511683,0.0,0.005662514156285381,-0.006811989100817484
2019-03-29,0.0029562425286192794,0.00887680989598227,5,105.73362339742425,114.12108802275927,0.00474572332884135,0.0036953031607740994,0.0010790240910066307,0.0008799878454587851,0.004381174217015532,-0.004201680672269004,0.0,0.010465116279069875,0.011261261261261257,-0.002743484224965731
2019-04-01,-0.0026092868824005187,-0.0026305014000534243,5,105.45773404086466,113.82089234093978,-0.004316460923675797,-0.002428275269667296,-0.002398547613357338,-0.0027048157299494058,-0.0011983348753527578,0.0042194092827005925,-0.0033333333333334103,-0.0034522439585732423,-0.0022271714922049712,-0.008253094910591563
2019-04-02,0.0017189592938455789,-6.892278539381693e-05,5,105.6390115929021,113.81304748800363,0.0010982789492397504,0.0021486991173069736,0.0024373827200783182,0.0021486991173069736,0.0007617365652958785,0.004201680672268893,0.0,-0.0011547344110853786,0.0,0.00554785020804438
2019-04-03,-0.002740560604824638,-0.007994259390894721,5,105.34950147939799,112.9031964643163,-0.004471725860633297,-0.002589580354693033,0.0006205420185357025,-0.003146682898887948,-0.004115355928444614,0.004184100418409997,-0.0033444816053510573,-0.016184971098266,-0.0011160714285713969,0.0027586206896552667
2019-04-04,-0.007236243331231384,-0.008204406549638183,5,104.58716685186916,111.97689273976938,-0.00904530416403923,-0.004850673291556001,-0.005226267736307161,-0.00904530416403923,-0.0080136673002153,0.0,-0.016778523489932917,-0.01527614571092828,0.0,-0.004126547455295726
2019-04-05,0.0024608133411320844,0.0024950557837956893,5,104.84453634736943,112.25628133365122,0.0009926833430817794,0.003929258997234231,0.002479357965197937,0.002517357458537983,0.002385408941608491,0.008333333333333304,-0.0034129692832765013,0.0023866348448686736,0.0022346368715084886,0.0027624309392264568
2019-04-08,0.0006858368948899684,-0.001285665738504853,5,104.91644259862407,112.11195727880859,0.0018903539698520988,-0.0008550326485108339,0.0011549151662314794,0.0014147097195043312,-0.00017576173262723316,-0.004132231404958553,0.006849315068493178,-0.0011904761904760752,-0.0022296544035674826,0.004132231404958775
2019-04-09,0.002607253913610874,0.006237760675802149,5,105.18998640419146,112.81128483720954,0.0032590673920135926,0.0032590673920135926,0.00027932960893850556,0.002979737783075087,0.0032590673920135926,0.0,0.0,0.011918951132300348,0.0011173184357540222,0.0
2019-04-10,0.0006099722307636001,0.0024682677882380006,5,105.2541493748524,113.08973329772296,0.0017998096867947733,0.0007624652884545002,-0.0004153910130766658,0.0004834474313115955,0.00041952976033379774,-0.004149377593361092,0.0,0.004711425206124664,0.001116071428571619,0.00137174211248281
2019-04-11,-0.003904922526084231,-0.0035294961457224675,5,104.84314007599471,112.69058351992787,-0.004881153157605289,-0.001479792613387626,-0.0031226537437717694,-0.005159859958051183,-0.004881153157605289,0.0,-0.013605442176870652,-0.007033997655334079,0.0011148272017835748,0.0
2019-04-12,-0.0009295226322974415,-0.003038716328662912,5,104.74568600445295,112.3481488036993,-0.0011619032903718018,0.0005622346406626844,0.0006090530260390858,-0.0014402997268974649,-0.003216697810919711,0.0,-0.006896551724137945,-0.007083825265643551,0.0011135857461026522,0.008219178082191636
2019-04-15,-0.004796522530355185,-0.0023029984064537362,5,104.24327096157509,112.08941119603635,-0.004953986496277291,-0.0016553753851661912,-0.0051038576813744185,-0.006273739926014044,-0.005995653162943981,-0.004166666666666763,-0.01736111111111116,-0.003567181926278251,0.0011123470522802492,0.0
2019-04-16,-0.01855981047305739,-0.0036342689807001903,5,102.30853560943669,111.68204812586164,-0.02215373798671924,-0.019666194186728075,-0.02319976309132174,-0.022921985313543974,-0.00485737178697393,-0.004184100418409997,-0.014134275618374659,0.0,-0.0011111111111110628,-0.07336956521739124
2019-04-17,-0.0038529734204667543,-0.00086607939542902,5,101.91434354104665,111.58532260514052,-0.006917057111717889,0.001456184658108317,-0.004816216775583443,-0.004538130012513353,-0.004449647860627404,0.008403361344537785,-0.02508960573476704,0.0,-0.0011123470522803602,-0.0014662756598241566
2019-04-18,-0.009591626881418725,-0.00563107768582816,5,100.9368191839362,110.95697698495277,-0.00990620026844008,-0.011989533601773406,-0.009602898756904676,-0.01254632647482462,-0.00391317530515084,-0.008333333333333304,0.0,-0.009546539379474916,0.00222717149220486,-0.03230543318649026
2019-04-23,-0.0090212436011329,8.082320593458478e-05,5,100.0262435497544,110.96594488355352,-0.012326974669483348,-0.010357436854357333,-0.011276554501416125,-0.012387665612527243,0.001242413632119549,0.004201680672268893,-0.00367647058823517,0.0,0.004444444444444473,-0.050075872534142696
2019-04-24,-0.006641133778848318,-0.021739063565152435,5,99.36195588494482,108.55364915416274,-0.0072553921189578985,-0.008301417223560398,0.0022407514511383897,-0.007195222533294882,-0.012694388469566803,-0.004184100418409997,0.0,-0.04216867469879515,-0.004424778761062065,0.01757188498402562
2019-04-25,-0.020308662183839865,-0.010475942776787518,5,97.34404748895187,107.41644733741227,-0.027486668065934278,-0.007858152453047051,-0.03261853213231555,-0.010941383285355377,-0.022638574982547066,0.008403361344537785,-0.07011070110701112,0.028930817610062887,-0.05777777777777782,-0.010989010989011061
2019-04-30,-0.017395474758924424,-0.003911505195822851,5,95.65070156792628,106.99628734553515,0.00846398988467778,-0.020752279956592068,-0.028162436358191018,-0.015258494392051736,-0.031268152972465074,-0.12083333333333324,-0.003968253968253843,0.025672371638141955,-0.025943396226415172,0.03809523809523818
2019-05-02,0.00046728120341306135,-0.008830816435760018,5,95.69539734286224,106.05142277267889,0.0005841015042663267,0.0005841015042663267,0.005351681957186494,0.0005841015042663267,-0.004767580452920167,0.0,0.0,-0.01907032181168067,0.0,0.021406727828745975
2019-05-03,0.0024593892774460667,0.0035617146493483473,5,95.9307495769882,106.42914767875257,-0.00048026577286061634,0.0020782206605526043,0.0018591697681319685,0.002771573158550894,0.006068248572855484,0.0142180094786728,0.003984063745019917,0.00486026731470246,0.001210653753026758,-0.0119760479041916
2019-05-06,-0.0015250274379657648,0.003572484520765761,5,95.78445255173868,106.80936416139322,-0.0019062842974572058,-0.0009142208053937451,-0.0037200690616651655,-0.002208581758158523,0.0011240187328458162,0.0,-0.003968253968253843,0.007255139056831839,0.0012091898428052694,-0.012121212121212088
2019-05-07,-0.01157055242588816,-0.023040158969288307,5,94.67617352190379,104.3484594317061,-0.015631414831425633,-0.014463190532360198,-0.00455922894772634,-0.0129535286966114,-0.010245399121317222,0.004672897196261738,0.0,-0.03961584633853543,-0.006038647342995196,-0.016871165644171904
2019-05-08,-0.016930726190822386,-0.018453518586878007,5,93.07323715120965,102.422863196071,-0.018837826343179154,-0.020167391802272977,-0.015850907738527986,-0.01721444054533236,-0.012583064524799459,-0.009302325581395321,-0.003984063745020028,-0.02124999999999999,-0.015795868772782495,-0.0343213728549141
2019-05-09,-0.017183749177287155,-0.025032660942291476,5,91.4738899888851,99.85894638894506,-0.021479686471608944,-0.01647968647160894,-0.0122204272123497,-0.01870190869383115,-0.017037037037037045,0.0,-0.020000000000000018,-0.03703703703703698,-0.011111111111111183,-0.017770597738287597
2019-05-10,-0.03128392655379923,-0.04121513364423594,5,88.61222753288251,95.7432465679521,-0.039104908192249044,-0.03400286737592251,-0.02816326362991478,-0.027556843273397635,-0.027591750297512208,0.0,-0.020408163265306145,-0.04376657824933705,-0.046192259675405634,-0.046052631578947345
2019-05-13,-0.001332726239867421,-0.00774429913416719,5,88.49413169207634,95.00178222645356,-0.0016659077998342764,-0.006874241133167591,-0.0037463516278509745,0.008150846126867284,-0.0025279767653515473,0.0,0.02083333333333326,0.008321775312066793,-0.03926701570680624,0.0034482758620690834
2019-05-14,0.010685475329726368,0.000866224997401342,5,89.43973355309757,95.0840751450158,0.015704262002533526,0.018458884978484497,0.012325207298334057,0.015059841437362331,-0.008120819068082569,-0.009389671361502261,-0.020408163265306145,0.004126547455295615,-0.006811989100817484,0.08591065292096212
2019-05-15,-0.003985524438214072,-0.0034865047138806326,5,89.08326930927434,94.75256406880771,-0.003797071424544829,-0.002898572214434264,-0.004296974040918278,-0.003953098963405399,-0.00498190554776759,-0.004739336492891044,-0.008333333333333304,-0.002739726027397249,-0.004115226337448763,0.0
2019-05-16,-0.005884794259870385,0.004801518150673387,5,88.55903259739263,95.20752022500693,-0.006165516634361767,-0.002103891984501838,-0.00941643238527759,-0.008733403293157554,-0.0030047270020531758,-0.004761904761904856,-0.021008403361344574,0.008241758241758435,0.005509641873278293,-0.017405063291139222
2019-05-17,0.009951579236488017,0.02773668557553296,5,89.44033482739229,97.84826127791415,0.01961650753843297,0.012439474045610022,0.008011681130078718,-0.001944087598225619,0.011634321066543996,-0.028708133971291794,0.0,0.017711171662125214,0.05753424657534256,0.0032206119162641045
2019-05-20,0.0009230498503777218,0.0038924001660489535,5,89.52289271507247,98.22912586635991,-0.006235350248604193,0.004372696433143836,0.0008191402915531387,-0.0011130270652661978,0.006771789841062026,0.029556650246305383,-0.012875536480686733,0.0013386880856760541,0.0090673575129534,-0.022471910112359494
2019-05-21,-0.006937996823767101,-0.0013120870396175171,5,88.90178316976085,98.10024070339769,-0.0050839792832974295,-0.009759452551448,-0.008338271430778421,-0.008993420291583065,-0.002514860561728588,-0.014354066985645786,0.004347826086956497,-0.0013368983957218195,0.0012836970474967568,-0.024630541871921152
2019-05-22,-0.0024166757457200648,-0.00707278022805712,5,88.68693638662323,97.40639926058306,-0.004234436915159789,-0.0008563425176478789,-8.796489378987138e-06,-0.0027003318616372896,-0.00428347094477638,0.004854368932038833,-0.008658008658008809,-0.012048192771084376,-0.0012820512820511665,0.005050505050505194
2019-05-23,0.0011417112798311146,0.0033729683309195804,5,88.7881912622695,97.73494796051791,0.00021940963118985413,0.002518842156557427,0.0014271390997888933,-0.0011402549952046759,0.0026834205068240746,0.004830917874396157,-0.004366812227074135,0.0,0.010269576379974277,-0.005025125628140725
2019-05-24,0.007758873014397238,0.015473582024527924,5,89.47708756345145,99.24725769444797,0.009698591267996548,0.009698591267996548,0.006988564167725531,0.0027100271002710175,0.009698591267996548,0.0,0.0,0.01084010840108407,0.027954256670902122,0.0
2019-05-27,0.008556539718394807,0.02351271485902852,5,90.24270181707442,101.58083016515806,0.010695674647993508,0.009599183419923357,-0.00036330658525049464,0.011313721619563344,0.011537425489744318,0.0,0.004385964912280604,0.04423592493297601,-0.0024721878862793423,-0.0033670033670032407
2019-05-28,-0.0011629999145083669,0.00044241345491691626,5,90.13774956257615,101.62577089118476,0.0009500962607106866,-0.002545452949904048,-0.0030583712025064602,0.0007147755095907038,-0.001876047190432717,-0.009615384615384581,0.004366812227074357,0.006418485237484006,-0.00867410161090465,0.0016891891891890332
2019-05-29,0.011265151058312694,-0.005515897165960742,5,91.15316492745492,101.0652135895375,0.015295031055900604,-0.006570735090152602,0.016313581680033745,0.017206438822890857,0.014081438822890868,-0.004854368932038944,0.08260869565217388,-0.008928571428571508,-0.012499999999999956,0.0
2019-05-30,0.004331190994322132,-0.005630177675566983,5,91.54796669449267,100.49619848020927,0.004194476547780712,0.012442101192701865,0.008631491960405885,0.0044646216542950645,-0.008076736383572869,0.004878048780487809,-0.028112449799196804,-0.012870012870012881,0.0037974683544304,0.053962900505902134
2019-05-31,0.01188040259350207,0.016334756789188675,5,92.63559339543977,102.13777944062153,0.01363691100886788,0.012784387539398256,0.007679707935489055,0.014850503241877588,0.010450503241877573,0.004854368932038833,0.008264462809917328,0.028683181225554133,0.0,0.01760000000000006
2019-06-04,0.0034970240552633534,0.003779167706148719,5,92.95954229391722,102.52377523826127,0.003163550600480153,0.001297509577275896,0.002786996165403649,0.004686538581058997,0.0055505253520980735,0.004830917874396157,0.012295081967213184,0.006337135614702172,-0.0012610340479192184,-0.004716981132075526
2019-06-06,-0.0010666190726577485,0.0026472079066218253,5,92.860389873121,102.7951769866887,-0.0013332738408221856,-0.00032112809183434954,-0.0029075811456081013,-0.0010176172751655832,0.0002465049901414773,0.0,-0.004048582995951344,0.006297229219143663,-0.0012626262626264095,-0.006319115323854652
2019-06-10,-0.0005555771036958701,-0.0032283986174935528,5,92.80879876666721,102.46331317941986,-0.0006944713796198376,-0.0006944713796198376,0.0002442019620572944,0.0002536954977505612,-0.0018868402190475309,0.0,0.0,-0.003754693366708528,-0.0037926675094815954,0.004769475357710773
2019-06-11,-0.00233078598197749,0.004058653022991942,5,92.5924813194977,102.87917621520128,-0.0005096363236257173,0.0011515581729346636,-0.004169763884507072,-0.004817035776964296,-0.0033090520977250293,-0.009615384615384581,-0.016260162601626105,0.005025125628140836,0.0076142131979697325,0.0015822784810126667
2019-06-12,0.003282778636137418,0.0008455138351027758,5,92.8964419390403,102.9661619820352,0.005317065528181508,-2.875810978694715e-05,0.004103473295171772,0.004103473295171772,0.0029186391719489835,-0.004854368932038944,0.016528925619834878,0.0,0.0,0.004739336492891155
2019-06-13,0.0020674849683718134,0.00025840892144473893,5,93.08850393636448,102.9927693568983,0.000145331820220862,0.0005518358852615313,0.0025843562104647666,0.002899217671421983,0.0041566832544899235,0.009756097560975618,0.008130081300812941,0.0,-0.0012594458438288658,-0.0062893081761006275
2019-06-14,-0.004162167008939122,-0.004484946651311614,5,92.70105403636903,102.53085228086177,-0.003994979292574891,-0.004194644245044843,-0.003952708761173873,-0.004256933225234433,-0.004411569520667569,-0.004830917874396046,-0.0040322580645162365,-0.0050000000000001155,-0.003783102143757877,-0.0031645569620253333
2019-06-17,0.002150694876305592,0.003075298976527083,5,92.9004257183132,102.84616530594354,0.001474776362372282,0.0016762228463940987,0.0014320871883467812,0.0026883685953819902,0.003482019389032809,0.004854368932038833,0.004048582995951566,0.005025125628140836,0.0,-0.0031746031746032743
2019-06-18,0.0006358667680713026,-0.004331232847967229,5,92.95949801176714,102.40071461648299,-0.00041289600850991093,0.0018028979762181874,0.002669833460089116,0.0011112891562916338,-0.0019917907437325133,0.004830917874396157,-0.0040322580645162365,-0.007499999999999951,-0.0012658227848100223,0.011146496815286566
2019-06-19,-0.004529127023693591,-0.0046552765116094534,5,92.53847263721305,101.92401097495684,-0.005661408779616989,-0.003637117281641289,-0.005346547318659772,-0.0031265545337360867,-0.004874007204813818,0.0,-0.0080971659919028,-0.0012594458438288658,-0.010139416983523608,-0.0031496062992126816
2019-06-20,-0.009204884441611272,-0.0036665925100734923,5,91.68666669018431,101.55029715971942,-0.01150610555201409,-0.008444881062218162,-0.010245071504094816,-0.011826207984792614,-0.004002156104936677,0.0,-0.01224489795918371,-0.0050441361916770955,0.001280409731114096,-0.03001579778830965
2019-06-21,-0.0007528417197132375,-0.007387968551475162,5,91.6176411423585,100.80004675791045,0.0002608709272815535,-0.0009410521496415469,0.001910658876974447,1.8027134245923726e-05,-0.005012713387426565,-0.004807692307692402,0.0,-0.011406844106463976,-0.0038363171355498826,0.016286644951140072
2019-06-24,-0.0008293465261707711,-0.0008031941507670055,5,91.54165836994113,100.71908474995746,-0.002244412626312503,-0.0010366831577134639,-0.0010366831577134639,-0.0003948346339650577,0.000565880944850633,0.004830917874396157,0.0,0.0,-0.0025673940949936247,-0.0064102564102563875
2019-06-25,-0.003483626819403929,-0.0036969483005965306,5,91.22276139375089,100.34673150075346,-0.0031526104473318106,-0.005387591375494605,-0.004034020703742119,-0.002102281272002654,-0.0027416302984484553,-0.004807692307692402,0.004132231404958775,-0.0012820512820511665,-0.009009009009009028,-0.006451612903225823
2019-06-26,-8.959430018267156e-05,-0.009212392708565293,5,91.2145883542831,99.42229800314756,-0.0013197223438273786,0.0009168137091338235,0.0027763254816394467,0.002160734397498948,-0.004982122745358197,0.004830917874396157,-0.004115226337448652,-0.011553273427471145,-0.00909090909090915,0.01948051948051943
2019-06-27,-0.0029249867682504815,0.006761791324231569,5,90.9477868902754,100.0945708352204,-0.004858156537236175,-0.00159011775783377,-0.006578311382391039,-0.00431154145507065,0.0027131932912792256,0.004807692307692291,-0.008264462809917328,0.011688311688311748,0.002621231979030192,-0.02547770700636931
2019-06-28,0.002173164477211942,0.007159739001159957,5,91.14543139002637,100.81122183783368,0.0039126278453187335,0.003758122263181618,0.0011118342871439257,-0.00022472087407335306,0.002307958864488785,-0.004784688995215225,-0.004166666666666763,0.006418485237484006,0.011764705882353121,0.0016339869281045694
2019-07-01,-0.000804085246285724,0.006620714001139255,5,91.0721426933793,101.47866410572739,0.00019681651906594544,4.091854674534434e-05,-0.002280616761938775,-0.0042350807180638605,0.002257536182762726,-0.004807692307692402,-0.004184100418409997,0.005102040816326481,0.012919896640826822,-0.013050570962479524
2019-07-02,0.0052468766589574,0.0053210862467380415,5,91.54998699315846,102.01864082963775,0.00655859582369675,0.0013064949833606343,0.005606819173950589,0.004964208068594683,0.007798265245184344,0.0,0.021008403361344463,0.003807106598984644,0.0063775510204082675,-0.0049586776859503745
2019-07-03,0.0034960464921420797,0.011389922067735246,5,91.87005000404153,103.18062519814357,0.007993246520974717,0.003341251530815492,0.0018416131088564436,-6.593681511385396e-05,0.0043700581151776,-0.01449275362318847,0.00411522633744843,0.010113780025284624,0.017743979721165815,0.0
2019-07-04,0.0046091527238637745,0.00016033964016473582,5,92.29349309525917,103.19716914245983,0.003310460512672808,0.004736850740895304,0.005448549790937396,0.0066954384141696965,0.002854464160643666,0.009803921568627638,0.004098360655737654,0.0012515644555692873,-0.0037359900373599153,0.011627906976744207
2019-07-05,-0.0006424665614488178,-0.00019621700418416917,5,92.23419761210616,103.17692010309041,0.0004105090311987136,-0.0008030832018110223,-0.0008030832018110223,-0.0008030832018110223,-0.001213592233009736,-0.004854368932038944,0.0,0.0,0.0,0.0016420361247948545
2019-07-08,-0.0021441953830712455,-0.0010478983198415825,5,92.03642947142501,103.06880118186797,-0.002680244228839057,-0.0016598360655737388,-0.003930244228839086,-0.0001802442288390549,-0.0022704081632652917,0.0,-0.004081632653061273,0.0050000000000001155,-0.010000000000000009,-0.0016393442622950616
2019-07-09,0.0008177090708730627,0.0026617209889149493,5,92.11168849465456,103.34314157327604,-0.00019737585653062384,0.004095906830394569,-0.0008435353031996939,0.0016534494699044777,-0.000619899786203415,0.004878048780487809,-0.012295081967212962,0.00746268656716409,-0.002525252525252597,0.006568144499178974
2019-07-10,0.0017249317186661894,0.0002467543830973063,5,92.2705748677989,103.3686419464223,0.0009425724153230286,8.147585165224625e-05,0.002156164648332737,0.0024726203445352424,0.002971825333487693,0.004854368932038833,0.008298755186721962,0.0,-0.0012658227848100223,-0.0032626427406198255
2019-07-11,-0.002883589202700265,-0.0014992072582018677,5,92.00450443438316,103.21367092814575,-0.00239675703477632,-0.0025756799190131685,-0.0039131284786839415,-0.0023370593804348805,-0.0031953212005930154,-0.004830917874396046,-0.004115226337448652,0.0012345679012344402,-0.005069708491761804,-0.0016366612111292644
2019-07-12,-0.0028298152726828896,-0.0073274013642697115,5,91.74414868257912,102.45738293497557,-0.002323676857843876,-0.003537269090853612,0.0004701291828825005,-0.004811154441172083,-0.003947105156427377,-0.004854368932038944,0.0,-0.01602959309494445,0.005095541401273884,0.0016393442622950616
2019-07-15,0.00039693118334980235,0.0009744949029639428,5,91.78056479608112,102.55722713241673,-0.0007233482159346993,0.0015292218304268912,-0.00013040243685283337,0.0008130207599224004,0.000496163979187253,0.004878048780487809,-0.004132231404958553,0.0025062656641603454,-0.0012674271229405898,0.0
2019-07-16,-0.0024667908272821616,-0.004025247282831329,5,91.55416134071938,102.14440893256725,-0.00429708076711241,-0.002046144135762429,-0.0027709885341027085,-0.0005454174681128743,-0.0026743232313203857,0.004854368932038833,-0.004149377593361092,-0.0012499999999999734,-0.01015228426395931,-0.0016366612111292644
2019-07-17,-0.0019853116253374602,0.0019408460467444076,5,91.37239779986163,102.34265550484108,-0.001273910063072814,-0.0024816395316718254,-0.002794530645564147,-0.003763690813723103,0.0003872129273445879,-0.004830917874396046,0.0,0.0012515644555692873,0.00512820512820511,-0.011475409836065653
2019-07-18,0.003372364368632974,0.009014215196175228,5,91.68053881847844,103.26519422530973,0.004215455460791218,0.004215455460791218,0.001402955460791222,0.001983312603648424,0.005044642857142789,0.0,0.0,0.011249999999999982,0.008928571428571175,-0.0033167495854062867
2019-07-19,0.009668679228560472,0.004085874494661938,5,92.5669685398159,103.68712284858124,0.012085849035700591,0.008960849035700602,0.011776825549915715,0.010505570906749917,0.005014301614735539,0.0,0.012499999999999956,0.0012360939431395046,0.006321112515802696,0.028286189683860208
2019-07-22,-0.003933489413586755,0.0016116401336512822,5,92.20285734901672,103.85422917710683,-0.004916861766983444,-0.005945668351345551,-0.005534145717600719,-0.0052309321187422875,0.001960160886738227,0.0,0.00411522633744843,0.0024691358024691024,0.0012562814070353756,-0.027508090614886682
2019-07-23,0.0030416972500222792,0.004161049548227088,5,92.48331052665941,104.28637177050571,0.002588529329518141,0.0038021215625278493,0.0025705944689318194,0.0028610927043095646,0.0033861481848240227,0.004854368932038833,0.0,0.004926108374384119,0.0037641154328731385,0.0016638935108153063
2019-07-24,-0.001178660409226029,-0.003243766391836724,5,92.37430411002748,103.94809114262995,-0.0026810549801315753,-0.001473325511532536,-0.00024783531545413684,-0.0008483255115325217,-0.0006427607274793745,0.004830917874396157,0.0,-0.004901960784313597,-0.0025000000000000577,-0.0033222591362126463
2019-07-25,-0.002575999561019371,-0.003696691574405013,5,92.13634794319057,103.5638271099275,-0.004421922528197286,-0.0011708191234053589,-0.0016805905842791347,-0.0032199994512742136,-0.002386666117940861,0.004807692307692291,-0.008196721311475419,-0.006157635467980316,0.0,-0.0033333333333334103
2019-07-26,-0.000786236277616137,-0.0007410289179368424,5,92.06390700395059,103.48708331918684,-0.002178967595824033,5.02625042194671e-05,-0.0006730060037735408,-0.0009827953470201711,-0.0001466749456824068,0.004784688995215447,-0.004132231404958553,-0.0012391573729865213,0.0,-0.0033444816053510573
2019-07-29,-0.0023847076921162725,-0.0017866870359782882,5,91.84436149675199,103.30218428902924,-0.004171360805621527,-0.0019435402168050675,-0.0020503635233339312,-0.003294167823165439,-0.0004641060916553974,0.004761904761904745,-0.004149377593361092,-0.003722084367245637,0.0012531328320803947,-0.010067114093959773
2019-07-30,0.002239746259122444,0.001382979592734438,5,92.05006956183581,103.44504910178587,0.0004300145774575881,0.0038413494905697454,0.0024883503207897284,0.002486791710010733,0.001952225196784424,0.009478672985781866,-0.004166666666666763,0.001245330012453305,0.0012515644555692873,0.003389830508474523
2019-07-31,-0.0009204784982586478,-0.002834242310092861,5,91.96533945204092,103.15186076685194,2.3110797364500613e-05,-0.0011505981228233098,9.318297170407552e-05,-0.0011505981228233098,-0.0024174900147151956,-0.0046948356807512415,0.0,-0.004975124378109541,0.0,0.0050675675675675436
2019-08-01,0.0014477168225780711,0.00621610847755694,5,92.09847922105976,103.79306392304055,-0.0005488445378151185,0.001809646028222589,-0.0010028539717774065,0.001809646028222589,0.005170990566037703,0.00943396226415083,0.0,0.011249999999999982,0.0,-0.013445378151260456
2019-08-02,-0.0057471156053175545,-0.01018750003520568,5,91.5691786139024,102.73567208067047,-0.007183894506646943,-0.007183894506646943,-0.004402683134582641,-0.004058894506646954,-0.005906211372064291,0.0,0.0,-0.011124845488257207,-0.012499999999999956,-0.005110732538330609
2019-08-05,-0.0037994802273896957,-0.001739230133776176,5,91.22126333032054,102.55699110397403,-0.0035811259851717125,-0.002657300075032093,-0.004749350284237119,-0.004116438891832053,-0.0038931859006755,-0.004672897196261627,-0.008368200836820106,0.0,-0.0025316455696202667,-0.003424657534246478
2019-08-06,0.004738915797955001,0.0006443437980303832,5,91.65355321622602,102.62307306513651,0.0059236447474437515,0.0006493831440682329,0.005611144747443758,0.00687542139718994,0.004634984953629323,0.0,0.021097046413502074,0.0012499999999999734,-0.0038071065989847552,0.005154639175257714
2019-08-07,0.006262067041175268,0.007580199712562131,5,92.22749391102795,103.40097645408713,0.005480165961093519,0.007827583801469085,0.00533070490009574,0.0065536984511506136,0.006118182092067381,0.009389671361502261,0.0,0.00998751560549338,0.005095541401273884,0.006837606837606813
2019-08-08,-0.004130969463360135,-0.00014747624049187122,5,91.84650494999926,103.3857272668165,-0.002838130433851338,-0.005163711829200168,-0.003927617886060469,-0.007381709294345895,-0.0013436778733428023,-0.009302325581395321,0.0,-0.004944375772558796,0.008871989860582907,-0.015280135823429464
2019-08-09,-0.004587283019836885,-0.0024353542568645234,5,91.42517903741077,103.13394639581823,-0.0057341037747961066,-0.004701045923556468,-0.005423544768584948,-0.004791892719519741,-0.002285827912727162,0.0,-0.004132231404958553,-0.001242236024844634,-0.0037688442211054607,-0.013793103448275779
2019-08-13,-0.004199142148983004,-0.0015141429170166722,5,91.04127171463647,102.97778686137902,-0.0040752187660409445,-0.004211583287888482,-0.003694201318069551,-0.006825220246127861,-0.002189487126788181,-0.0046948356807512415,-0.004149377593361092,-0.006218905472636815,0.006305170239596425,-0.012237762237762295
2019-08-14,-0.001046209039163859,-0.0034675991986703016,5,90.94602351323164,102.62070117017765,-0.004845497148011413,-0.0013077612989548237,0.0005695853843993848,-0.0009944780909347806,0.0013471059576823374,0.014150943396226356,0.0,-0.007509386733416834,-0.0012531328320801727,-0.010619469026548645
2019-08-15,-0.001565226882793347,-0.006429167788096952,5,90.80367235234557,101.96093546382241,-0.0019565336034916836,-0.0009148669368249929,0.0008807930043266965,-0.0016428573174188943,-0.00419266956055786,0.0,-0.004166666666666763,-0.01134930643127352,-0.0012547051442911572,0.008944543828264706
2019-08-16,-0.004065220663563363,-0.005632446085716546,5,90.43453538717137,101.3866459919732,-0.005081525829454203,-0.002989475620249177,-0.002849382972311326,-0.004767455477695415,-0.004638263418106692,0.0,-0.008368200836820106,-0.008928571428571508,-0.0012562814070351536,-0.0017730496453900457
2019-08-19,-0.005671403639506867,-0.009084455159020363,5,89.92164463403944,100.46560355273566,-0.004763673154034753,-0.0070892545493835835,-0.0025847500448790695,-0.007718185366993646,-0.0062011550822432815,-0.009302325581395321,0.0,-0.018018018018018056,0.002515723270440251,-0.003552397868561208
2019-08-20,0.00015655798790203956,0.0010871912883931014,5,89.9357225857922,100.57482888170135,0.00019569748487754945,0.00019569748487754945,-0.00013195651250122453,-0.00011797880119521209,0.0006413302834515355,0.0,0.0,0.001310615989515096,0.0012547051442910462,-0.0017825311942959443
2019-08-21,-0.0005274606258505399,0.012553352390940973,5,89.88828503327078,101.83738015031192,-0.0006593257823131748,0.006724640462412557,-0.007203828400114215,-0.0012858921983532612,-0.000212897210884605,0.0,-0.029535864978902926,0.02617801047120416,0.0025062656641603454,-0.0017857142857142794
2019-08-22,0.0016183140130128005,0.008461857332557998,5,90.0337525045458,102.69911353226533,0.0020228925162660005,0.0031098490380051524,-0.00180363809597886,0.0013978925162660139,0.0033645740905056953,0.0,-0.004347826086956608,0.015306122448979442,0.0024999999999999467,-0.005366726296958779
2019-08-23,0.0010265742042501413,-0.00037891588636110594,5,90.12617883237881,102.66019920663277,-0.002237909005250699,0.004558326925618333,0.0012832177553126767,0.001594938453567063,-6.570310799666745e-05,0.014084507042253502,-0.013100436681222627,0.0,-0.0012468827930175452,0.0053956834532373765
2019-08-26,0.009469726148128998,0.009436753781760272,5,90.97964906469873,103.62897822973223,0.009522342870346423,0.010730962994895787,0.008382383815814465,0.010900828097146209,0.007812112962442108,0.0092592592592593,0.004424778761061843,0.013819095477387133,0.0037453183520601563,0.01610017889087656
2019-08-27,0.001201636591195876,0.0009112250194621137,5,91.08897354006902,103.72340754743645,-0.0007915322426565174,0.0026033673248979095,0.001192256395748298,0.001502045738994845,0.001502045738994845,0.00917431192660545,-0.004405286343612258,0.0012391573729861882,0.0,0.0
2019-08-28,0.0040929343175694745,0.0029036779918612987,5,91.46179472582335,104.0245869231728,0.003979804260598185,0.004009973206696382,0.0048067619563677555,0.003872386802434513,0.0037957453617505355,0.00454545454545463,0.004424778761061843,0.0012376237623763497,0.004975124378109319,0.00528169014084523
2019-08-29,-0.004681475938172253,-0.00961924654376406,5,91.03361853455236,103.02394877494558,-0.0047206232032582784,-0.006953166508618408,-0.0024525865790811785,-0.004304815219745017,-0.004976188180158381,-0.004524886877828149,0.004405286343612369,-0.013597033374536549,-0.006188118811881194,-0.00350262697022774
2019-08-30,-0.0019298009198199574,-0.005132017963357032,5,90.85794177376985,102.4952280191766,-0.001275887513411289,-0.0035087423778450977,-0.000845835109674703,-0.0011669211373216692,-0.0028516184608470274,-0.00454545454545463,0.004385964912280604,-0.006265664160400974,-0.004981320049813109,0.0017574692442883233
2019-09-02,-0.004509098471378592,-0.0028181216736339865,5,90.44825436740513,102.20638399565169,-0.00335326806639219,-0.004544670032454706,-0.004690597553283771,-0.00563637308922324,-0.004320583615539053,-0.0091324200913242,-0.004366812227074135,-0.003783102143757877,0.0,-0.0052631578947367474
2019-09-03,-0.00018592697582813232,-0.002362840971693201,5,90.43143759700168,101.96488656397817,-0.0036886299179418602,0.0008640825082850134,0.0013498697612275012,-0.0005452998336774872,0.0010903426029661711,0.01382488479262678,-0.004385964912280715,-0.006329113924050667,0.0012515644555692873,-0.005291005291005346
2019-09-04,0.0022179931678958376,-0.015273602163659594,5,90.63201390775482,100.40751545193729,0.002772491459869797,0.0016711698739667047,0.010097332224201006,0.0030849914598697903,-0.00653601917842811,0.0,0.004405286343612369,-0.029299363057324834,-0.0012499999999999734,0.037234042553191626
2019-09-05,-0.02514136729173968,-0.03132198833434191,5,88.35340115770991,97.26255242427146,-0.030290345478310943,-0.02923372665853427,-0.024536945335147026,-0.02047552012844181,-0.021170298858264353,-0.00454545454545463,-0.00877192982456132,-0.0275590551181103,-0.04380475594493116,-0.04102564102564099
2019-09-06,-0.002652932824318377,0.009040569672596706,5,88.11900551963846,98.1418613059977,0.00010849150384856232,2.4180403984941368e-06,-0.009389040524325154,-0.0020072655068377465,-0.0019792676346760407,-0.013698630136986134,-0.013274336283185861,0.02429149797570873,-0.005235602094240899,-0.005347593582887722
2019-09-09,-0.0025000528709787197,-0.0015693846393469593,5,87.8987033469013,97.98783897638714,-0.0031250660887233994,0.0002381626108281798,-0.0031250660887233994,-0.002467171351881292,-0.0040211234363936865,0.0,-0.013452914798206317,0.0,-0.0026315789473684292,0.0035842293906811484
2019-09-10,0.010435268740878457,0.003936583796909496,5,88.81594993830096,98.37357631559574,0.010729271111283245,0.005089540471552634,0.012714705161934736,0.012384455319237875,0.01125837164038379,0.0092592592592593,0.031818181818181746,0.0013175230566533358,0.0026385224274407815,0.0071428571428571175
2019-09-11,0.008572967206277315,0.006637102774257583,5,89.57736616451638,99.02649185187362,0.015303364971149425,0.0008043147347188695,0.01005831427100451,0.007755682692057175,0.008943159362456599,-0.01834862385321112,0.0396475770925111,0.0026315789473685403,0.011842105263157876,0.007092198581560183
2019-09-12,0.00022237284521671176,-0.0010532883504143654,5,89.59728573829739,98.92218840162363,-0.0008902582425445449,-0.002900000045174017,0.001590302014526146,-4.7131472737854674e-05,0.0033589519720138294,0.004672897196261738,0.012711864406779627,-0.005249343832021025,0.0013003901170349774,-0.012323943661971759
2019-09-13,0.005986755329029436,0.002543640489314584,5,90.1336827661577,99.17381088533361,0.005157862765937965,0.005391393952081741,0.008472890071577033,0.005210716888559536,0.0057009129669909064,0.009302325581395321,0.008368200836820217,-0.00395778364116095,0.009090909090909038,0.007130124777183555
2019-09-16,0.0006465560902024325,-0.0012127838040289515,5,90.19195924768255,99.05353449370804,0.0008081951127530407,-0.0002291492855872046,0.0018015725961967322,0.0004864447910027381,0.0003657172366468564,0.0,0.004149377593360981,-0.003973509933774766,0.0012870012870012104,0.001769911504424737
2019-09-17,0.00703397496641438,0.006966739712745606,5,90.8263672312026,99.74361468615317,0.008792468708017975,0.008792468708017975,0.006465341048443485,0.007185784903390724,0.003933811464201742,0.0,0.0,0.009308510638297962,0.006426735218509005,0.019434628975264934
2019-09-18,0.003306432052182351,0.008101046510849046,5,91.12667844299912,100.55164234788589,0.002980966332509022,0.005166097916467577,0.004133040065227939,-0.0016140863715536635,0.005866142318260881,0.004608294930875667,-0.004132231404958553,0.0,0.02298850574712641,-0.006932409012131768
2019-09-19,0.00046701865786278327,7.850907434882136e-05,5,91.16923630206107,100.55953656425089,0.0005837733223284791,-0.00045357107601176616,0.0009131540864918686,0.00027166345965681793,0.001020073496848517,0.0,0.004149377593360981,-0.0013175230566535578,0.0012484394506866447,-0.0017452006980801515
2019-09-20,-0.0007866627160859396,0.0017353628735829764,5,91.0975168630082,100.73404385058922,0.00016346059571828442,0.0010827873073719074,-0.002962220215687955,-0.0003598869985986797,-0.0018574542692332552,-0.004587155963302836,-0.008264462809917328,0.007915567282322122,-0.0024937655860349794,0.0034965034965033226
2019-09-23,0.004019039105873401,0.004903705425421411,5,91.4636413457286,101.228013927944,0.005023798882341751,0.006065465549008442,0.004696573751451744,0.0018987988823417623,0.0024105584642233058,0.0,-0.004166666666666763,0.0013089005235600304,0.012499999999999956,0.010452961672473782
2019-09-24,0.0027320229357488345,0.005704970759435454,5,91.71352211167223,101.80551678743865,0.0022629549369671265,0.0044610537742885426,0.0027614338984442155,0.0003286089165996098,0.0038460631524446787,0.004608294930875667,-0.004184100418409997,0.002614379084967311,0.012345679012345734,-0.0017241379310345417
2019-09-25,-5.000666378136564e-05,0.002225938957376303,5,91.70893582440777,102.03212965333164,0.001084280661099002,0.0020383320064077393,0.002545053599869118,-0.0058551912565559805,-6.250832972670706e-05,-0.004587155963302836,-0.008403361344537785,-0.010430247718383301,0.023170731707317094,0.0
2019-09-26,-0.0005533491183107753,-0.004743126082240259,5,91.65818876562813,101.54817839794642,-0.002995833863326247,-0.0006916863978884691,0.002602121243745259,-0.00098966017619595,-0.0006916863978884691,0.009216589861751112,0.0,-0.013175230566534912,0.0011918951132299238,0.0
2019-09-27,0.007821704876144553,0.0010678652119460355,5,92.37511206763483,101.65661816499407,0.008635578583765124,0.009777131095180691,0.009777131095180691,0.009777131095180691,0.0011415525114155667,0.004566210045662267,0.0,0.0,0.0,0.0345423143350605
2019-09-30,0.01155191883750777,0.0025061444949905187,5,93.44222186484582,101.91138433898763,0.012167171274157451,0.010202610411291502,0.01443989854688471,0.01443989854688471,0.006510015408320469,0.009090909090909038,0.016949152542372836,0.0,0.0,0.03171953255425697
2019-10-01,0.002332408691632004,0.0014293779621871868,5,93.6601673152888,102.05705422585778,0.002915510864540005,0.002915510864540005,0.002915510864540005,0.0020226537216828655,0.0008928571428571397,0.0,0.0,0.0,0.0035714285714285587,0.008090614886731462
2019-10-02,-0.0001215721579577167,0.0004827194633724367,5,93.6487808466336,102.10631915230705,0.0009741609286789688,-0.0011936318641138088,-0.0004857435686086986,-0.00015196519744714587,0.0002493189117021011,-0.0045045045045044585,0.004166666666666652,0.001335113484646211,0.0,-0.0016051364365969878
2019-10-03,-0.007186154560338087,0.0023683505825042484,5,92.97580623308247,102.3481427127488,-0.012376358358793638,-0.008982693200422609,-0.01164935986708926,-0.0072033337698176325,0.004280972394432703,0.013574660633484115,0.0,0.010666666666666602,-0.007117437722419906,-0.05305466237942125
2019-10-04,-0.014586070343692591,-0.016708955747970017,5,91.61965458310519,100.63801212527454,-0.013768302215330042,-0.017195243531275467,-0.015594065502175125,-0.011960186495923952,-0.014412553973758374,-0.017857142857142794,-0.004149377593361092,-0.01055408970976246,-0.02508960573476715,-0.015280135823429464
2019-10-07,0.0019922859425901994,-0.011459341029337973,5,91.80218713299608,99.48476682381637,0.0002176301555104898,0.0014486907615710864,0.010823690761571081,0.001877612330198536,-0.004406194295900195,0.009090909090909038,0.004166666666666652,-0.033333333333333326,0.002450980392156854,0.02758620689655178
2019-10-08,-0.005363456756518592,0.0021325884902603657,5,91.30981007215443,99.69692689250108,-0.005578194819522125,-0.005666976547307967,-0.004290527842199965,-0.011288673023887835,7.088450324932438e-06,-0.0045045045045044585,-0.004149377593361092,-0.0096551724137931,0.01833740831295838,-0.02684563758389269
2019-10-09,0.0035011609100464637,0.004343245183015043,5,91.62950040988281,100.12993508998834,0.0043764511375580795,0.0022931178042247535,0.002983693477390914,0.0034760909935004913,0.0043764511375580795,0.0,0.008333333333333304,0.005571030640668662,0.0036014405762303525,0.0
2019-10-11,0.0004169005628113842,-0.0004753130153849897,5,91.66770080017382,100.08234202861041,-0.0017413177353997888,0.0015541835547538685,-0.0008639158477322939,0.002614427138920905,0.0005211257035142303,0.009049773755656076,-0.004132231404958553,0.005540166204986097,-0.0083732057416267,0.0
2019-10-14,0.001900187691201527,-0.0012454822988807984,5,91.84188663691505,99.95769124318326,0.0034963108471857685,0.0013378902156616634,0.004441350316481241,0.0008673938419874183,-0.000642006765308456,-0.004484304932735439,0.004149377593360981,-0.008264462809917328,0.006031363088057962,0.012068965517241459
2019-10-15,-0.002206987319867415,-0.002723479255154963,5,91.63919275767466,99.68545854468927,-0.0016326080237081542,-0.0017256762985946306,-0.0031059563720564898,-0.0009601729987551155,-0.003610522906222685,-0.0045045045045044585,-0.004132231404958553,0.001388888888888884,-0.007194244604316613,0.0034071550255536653
2019-10-16,0.020807876729129073,0.03295134118573488,5,93.54600978413326,102.97022810045175,0.02374740247249732,0.017711090724689377,0.015260886133325297,0.018763469099817104,0.02855653521531626,0.009049773755656076,0.03319502074688785,0.04299583911234417,0.02898550724637694,-0.01018675721561968
2019-10-17,0.02797772441468842,0.014020352850225234,5,96.16321426596748,104.41390703148825,0.030487850585625142,0.034972155518360526,0.0323125810502754,0.03115760152775021,0.010958433391430822,0.017937219730941534,0.0,0.010638297872340496,0.015258215962441257,0.09605488850771882
2019-10-18,0.02031960660296952,0.017432612160451232,5,98.11721294952902,106.23411417692562,0.024298186667808808,0.022387460060940834,0.019149508253711867,0.023665404207469154,0.012097473824916938,0.004405286343612369,0.012048192771084265,0.025000000000000133,0.006936416184970984,0.05320813771517985
2019-10-22,-0.00216972852893893,-0.0017917186018399731,5,97.90432523341245,106.04377253840482,-0.00490514311731402,-0.0007280336770466855,-0.0027121606611736626,-0.0012770286290267052,-0.0012262765601335768,0.00877192982456143,-0.007936507936507908,0.0,-0.00574052812858783,-0.005943536404160343
2019-10-23,0.005230463313210887,0.01150087720599818,5,98.41641021475048,107.26336894482982,0.006538079141513609,0.0075380791415136095,0.0030079122608974718,0.0036512431137999957,0.005417002908329749,0.0,-0.0040000000000000036,0.014120667522464547,0.011547344110854452,0.004484304932735439
2019-10-24,0.004451556877762508,0.008774290420457926,5,98.85451646252665,108.20452889542848,0.005564446097203135,0.0045604300329460945,0.002716344831380335,0.0038521173300798406,0.005564446097203135,0.0,0.004016064257028162,0.0113924050632912,0.006849315068493178,0.0
2019-10-25,0.01150282561374838,0.015063651894417765,5,99.99162272652651,109.8344842521087,0.01329157549544635,0.014378532017185475,0.01093672976436949,0.008993044488840807,0.009914246302899776,0.004347826086956497,0.0,0.013767209011263937,0.02154195011337867,0.017857142857142794
2019-10-28,0.0032298357638622876,0.0007564588714300503,5,100.31457924569527,109.91756952211014,-0.0013739607064275627,0.00403729470482786,0.00403729470482786,0.004314764183185216,0.005133785932898066,0.02164502164502169,0.0,0.0,-0.0011098779134294245,-0.004385964912280826
2019-10-29,0.07105729342673021,0.06695181442148022,5,107.44266173813561,117.27675023841462,0.07187246424103994,0.07182161678341276,0.07246359209205477,0.07159939456119052,0.0675293994559531,0.06779661016949134,0.06800000000000006,0.06543209876543199,0.068888888888889,0.08516886930983869
2019-10-30,0.07170056873051597,0.076286836864774,5,115.14636169068038,126.22342255188339,0.07573682202425608,0.06715380080078542,0.07021667267444276,0.07065481694225101,0.07474073121084462,0.05555555555555558,0.0898876404494382,0.07763615295480886,0.07588357588357586,0.0595399188092014
2019-10-31,0.04579888777274177,0.06937994557433518,5,120.41993698719138,134.98079673873937,0.05348921121968664,0.03577094648568668,0.034399147350335835,0.05000223290433303,0.05533290090366666,0.015037593984962294,0.08591065292096212,0.09139784946236551,0.02898550724637672,0.00766283524904221
2019-11-01,-0.034640151865608315,-0.028347200603604007,5,116.24857208230807,131.15446901595206,-0.03404093057275112,-0.0417179113509977,-0.037881470620187735,-0.03273680955032024,-0.02682363723378478,-0.03703703703703709,-0.006329113924050778,-0.021674876847290636,-0.04225352112676062,-0.06590621039290245
2019-11-04,-0.011762361154534818,-0.028543325404599276,5,114.88121439377701,127.41088432856229,-0.01566448990470698,-0.015499129787117594,-0.004632457988989258,-0.01102648085493324,-0.011989247236927014,0.0038461538461538325,0.0031847133757962887,-0.040281973816717054,-0.014705882352941124,-0.01085481682496603
2019-11-05,0.04105074949706382,0.05275477440567062,5,119.59717434777444,134.1324167881426,0.045566310434548174,0.04734518290307582,0.037672303607950985,0.03638806373700143,0.03828188680274269,0.02298850574712641,0.015873015873015817,0.05456453305351516,0.05970149253731338,0.05212620027434833
2019-11-06,-0.021779395144331627,-0.02250274224552789,5,116.99242022950872,131.11406958638932,-0.02160626640232466,-0.024880493930414527,-0.01976155736325036,-0.02487682609003894,-0.017771831935629645,-0.022471910112359494,-0.009375000000000022,-0.02985074626865669,-0.009389671361502372,-0.03780964797913955
2019-11-07,-0.02876327105847094,-0.01723594362011968,5,113.62733553466083,128.85419487519385,-0.02924910798017677,-0.03358815822371958,-0.03646690933590921,-0.02244697981834934,-0.02206519993419981,-0.026819923371647625,-0.009463722397476393,0.002051282051282133,-0.05402843601895735,-0.05555555555555547
2019-11-08,-0.00764413312315273,-0.006548987195416799,5,112.75875305540472,128.01033040288047,-0.006602410498429134,-0.004778096340246674,-0.007763968860440396,-0.008803663397928901,-0.010272526518718544,-0.011811023622047112,-0.019108280254776955,-0.007164790174002067,-0.0030060120240480437,0.0028694404591105283
2019-11-11,-0.01136922037923962,-0.002719307238813027,5,111.47677394222957,127.66223098477309,-0.01022746172902958,-0.007718018980543029,-0.015242453309101067,-0.011950218941386204,-0.011707948936138218,-0.015936254980079778,-0.025974025974025983,0.004123711340206171,-0.009045226130653283,-0.010014306151645225
2019-11-12,-0.01785406983492126,-0.013148959807809106,5,109.48645983529329,125.98360544057907,-0.01725685854871231,-0.013984253960318244,-0.017184117067778892,-0.02358533577235339,-0.017259783825443464,-0.020242914979757054,-0.033333333333333326,-0.02053388090349073,0.005070993914807254,-0.020231213872832443
2019-11-13,-0.0051186421584626055,0.0018814837277327978,5,108.92603782619955,126.22064154417663,-0.00019995559064026058,-0.015018992353250687,-0.006136248190740712,-0.008164195735414298,0.003926181077732932,-0.024793388429751984,0.034482758620689724,-0.0010482180293501786,0.007063572149344166,-0.041297935103244754
2019-11-14,0.010333885806748567,0.0006942054167565566,5,110.05166706247707,126.30826459724307,0.011858035224537405,0.012917357258435708,0.013966675201772527,0.011163850244407664,0.0017635111045895269,0.004237288135593209,0.0,-0.0041972717733472775,0.007014028056112176,0.04461538461538472
2019-11-15,0.008663188326126559,0.007010179177911826,5,111.00506537984349,127.19370816372084,0.008719280766308013,0.009162318740991549,0.008194633458237732,0.010828985407658198,0.006410723257437301,0.00843881856540074,0.006666666666666599,0.010537407797681864,0.0,0.01767304860088359
2019-11-18,-0.002750497542614716,-0.0009762642900346705,5,110.69974622029845,127.0695334885235,-0.0013460717190633686,-0.003438121928268395,-0.003177433711375771,-0.003438121928268395,-0.0023527384260976503,-0.008368200836820106,0.0,-0.0010427528675704956,0.0,-0.004341534008682979
2019-11-19,0.0017480930541737161,-0.00017716772940925779,5,110.89325967776496,127.04702086779824,0.002185116317717145,0.002185116317717145,0.0016631956496586942,0.0034288974122445026,-0.0007218604264689066,0.0,0.0,0.0020876826722338038,-0.00497512437810943,0.011627906976744207
2019-11-20,-0.003917690420235353,-0.0035531180386243017,5,110.4588142166567,126.59560780619938,-0.00595196534596934,-0.0032414838862213635,-0.005678363025294203,-0.0008971130252942161,-0.003819526818397645,0.0042194092827005925,-0.0066225165562913135,0.0031250000000000444,-0.015999999999999903,-0.004310344827586188
2019-11-21,0.001326691548617287,0.005039444339635562,5,110.60535899194824,127.23357932538106,-0.00044247590036283757,0.0024916977691049613,-0.0009376895621515668,0.0024205595577228567,0.0031013658787730214,0.008403361344537785,-0.0033333333333334103,0.010384215991692702,-0.0030487804878049918,-0.005772005772005651
2019-11-22,-0.004292186342164062,0.0005688934138702414,5,110.13062018071282,127.30596167068242,-0.005365232927705077,0.0004876098816594676,-0.007420731386081236,-0.0030716549460537146,-0.006090922332639748,0.0,-0.02341137123745818,0.008221993833504637,-0.00917431192660545,0.002902757619738683
2019-11-25,-0.003968865563793967,-0.005717209045888544,5,109.69352655475832,126.57812687502326,-0.004961081954742458,-0.005817246338304133,-0.004706239956781211,-0.0008458556172938891,-0.0035139039518481407,0.0,0.0034246575342467,-0.0010193679918449883,-0.016460905349794275,-0.005788712011577268
2019-11-26,0.00923649283758914,0.017732473512205974,5,110.70671002711126,128.82267015705926,0.009462282713653097,0.013252100688624646,0.006698677271476189,0.006315490523973871,0.01045391299021789,0.008333333333333304,-0.0068259385665528916,0.019387755102040938,0.02092050209205021,0.004366812227074135
2019-11-27,0.01594356013122602,0.013432416639117411,5,112.47176911535873,130.55306993517246,0.0168302766103135,0.012197491401145955,0.018427948662531057,0.013781909180425933,0.018480174801713656,0.012396694214876103,0.030927835051546282,0.006006006006005871,0.024590163934426368,0.005797101449275477
2019-11-28,0.021691302939516398,0.013238961652301756,5,114.91142833138332,132.28145702163448,0.02303249602133428,0.009614128674395483,0.0233827853908134,0.0271141286743955,0.025312975936643334,0.01632653061224487,0.07000000000000006,0.014925373134328401,0.0,0.007204610951008661
2019-11-29,0.0028775332983053794,-0.004842787727816591,5,115.24208979276271,131.6408460049524,-0.00543922795543153,0.005154549021635646,0.006047897015038578,0.003596916622881724,0.005027531787402478,0.03614457831325302,-0.006230529595015688,-0.009803921568627416,0.0,-0.005722460658083017
2019-12-02,0.007485190424507682,0.01242048771896525,5,116.10469877977975,133.27588951607112,0.008387495782572585,0.0070053908519511765,0.006881240505882125,0.004356488030634598,0.010795336951497925,0.003875968992248069,0.009404388714733702,0.00990099009900991,0.020000000000000018,-0.0057553956834532904
2019-12-03,-0.0019801395162727165,0.010474267629003636,5,115.87479527770097,134.67185685135598,0.002351080430913921,-0.0001459818487569986,-0.006151644983576177,-0.00492615478749775,-0.0010279963924465785,-0.019305019305019266,-0.009316770186335588,0.014705882352941124,0.009803921568627416,-0.005788712011577268
2019-12-04,-0.0003736957910302818,0.002580675674453189,5,115.8314933544192,135.01940123636572,-0.0014513717072917875,0.001100278380334413,-0.0016748492073868915,-0.0004671197387878523,0.0006245833179807092,0.003937007874015741,-0.006269592476489061,0.004830917874396157,0.0,-0.004366812227074246
2019-12-05,-0.003669424112212072,0.0020258786960141856,5,115.40645847975097,135.29293416487903,-0.0026259958265396066,-0.0022208495408959916,-0.0057887032171881625,-0.00458678014026509,-0.003124791836171509,-0.007843137254901933,-0.009463722397476393,0.004807692307692291,0.0,-0.005847953216374324
2019-12-06,-0.002634674780335655,-0.005705502821249238,5,115.10239999410652,134.52101994730623,-0.006257770352889908,-0.0024971651314705523,-0.002097171226615735,-0.0008661590094001526,-0.0014551081813019284,0.011857707509881354,-0.0031847133757960666,-0.004784688995215336,-0.009708737864077666,-0.007352941176470562
2019-12-09,0.0018254296393743984,-0.0009450590379132115,5,115.3125113266189,134.39388964161574,0.002281787049217998,-0.00011437908496730875,0.002281787049217998,0.003507277245296425,0.0011706759381068799,0.0,0.009584664536741228,0.0,-0.004901960784313708,0.004444444444444473
2019-12-10,0.005099868885500358,0.00039453125691588526,5,115.90059001524244,134.44691223181783,0.0024685861068754478,0.007165975347381781,0.008778682260721593,0.0014487277324912173,0.005637372980031752,0.015625,-0.0031645569620253333,-0.009615384615384581,0.019704433497536922,0.002949852507374784
2019-12-11,-0.0027546597645671466,-0.0007515795186503718,5,115.58132332323787,134.34586468623863,-0.0034433247057089333,-0.00026872153110577,-0.002229732472699225,-0.005858783642907012,-0.001972736470414793,0.0,-0.012698412698412653,-0.004854368932038833,0.009661835748792313,-0.005882352941176561
2019-12-13,-0.0032187211885811528,-0.004730848715269892,5,115.20929926885313,133.71029472488593,-0.004023401485726441,-0.0024156844439257863,-0.0028038892906044888,-0.002827229236922607,-0.004023401485726441,0.0,-0.006430868167202619,-0.004878048780487809,-0.004784688995215336,0.0
2019-12-16,0.005900178765135089,0.015099705194489613,5,115.8890547299453,135.7292807567,0.007375223456418861,0.006566161967745704,0.002473262672105153,0.004971377302572716,0.00811486842683301,0.0,0.003236245954692629,0.019607843137254832,0.009615384615384581,-0.002958579881656598
2019-12-17,0.004840789774024179,0.009154368913570644,5,116.45004928100336,136.97179666512045,0.005089448755991766,0.006050987217530224,0.0024452179867610058,0.006050987217530224,0.004567307692307676,0.0038461538461538325,0.0,0.014423076923076872,0.0,0.005934718100890191
2019-12-18,0.0071634365952439,0.012099488603202369,5,117.28423182554086,138.62908535783023,0.008954295744054874,0.00814784413115166,0.005399793374386619,0.006573343363102502,0.006741906363523842,0.0,0.003225806451612856,0.014218009478673022,0.00952380952380949,0.00884955752212413
2019-12-19,0.002120470478876868,-0.004020651607514259,5,117.53292957676467,138.07170610293804,0.0016927336924658642,-0.000564845985005169,0.004987036696726926,0.0014713428155772035,0.003016085174619515,0.003831417624520883,0.012861736334405016,-0.009345794392523366,0.004716981132075526,-0.0014619883040937198
2019-12-20,-0.0006706493708391159,-0.007463071987365807,5,117.45410619149112,137.0412670208734,-0.0008383117135488949,-0.0016319625071996857,0.002699424135507722,-0.0020120206337367053,-0.0015703761352180157,0.0,0.0031746031746031633,-0.014150943396226467,0.0046948356807512415,0.002928257686676483
2019-12-23,0.009920137545056985,0.002847067778808378,5,118.61926708014245,137.43143279657562,0.010491774984756369,0.009235614969295952,0.011203999682517424,0.013568396230386637,0.005100901858328538,0.007633587786259444,0.012658227848101111,0.004784688995215225,-0.004672897196261627,0.029197080291970767
2019-12-24,0.00601996407847476,-0.005661838567866075,5,119.33335080697994,136.6533182099309,0.005631015704154002,0.009087455098093444,0.009905907479045822,0.00752495509809345,-0.002049512987012919,0.007575757575757791,-0.006249999999999978,-0.00952380952380949,0.0,0.038297872340425476
2019-12-27,0.0052353731946988445,0.009658912268755072,5,119.95810543302838,137.97324062175485,0.006544216493373556,0.004971889449348399,0.002938447262604338,0.006544216493373556,0.005178096274794375,0.0,0.0062893081761006275,0.014423076923076872,0.0,0.005464480874316724
2019-12-30,0.011059122133868237,0.014131163393052626,5,121.2847367719597,139.92296302884984,0.012884053043275168,0.008355152667335275,0.010269400297667042,0.010302775906771922,0.013484228754291783,0.003759398496240518,0.02187500000000009,0.014218009478673022,0.014084507042253502,0.0013586956521740579
2019-12-31,0.0037296642436829065,0.010271830275019246,5,121.73708811800256,141.36022795666,0.004662080304603633,0.004662080304603633,0.0011574074074073848,0.003504672897196248,0.004662080304603633,0.0,0.0,0.014018691588784993,0.004629629629629539,0.0
2020-01-02,0.01041877088309615,0.013558731326755336,5,123.00543894707931,143.27689330781322,0.013023463603870189,0.009965359628335058,0.009567242405713494,0.009567242405713494,0.009970546371848521,0.0,0.012232415902140525,0.01382488479262678,0.01382488479262678,0.012211668928086672
2020-01-03,-0.004865509022812376,-0.012233359064748584,5,122.4069548740273,141.5241356262971,-0.007954545454545436,-0.006081886278515469,-0.0038091590057882097,-0.0004000680966972925,-0.006081886278515469,0.0074906367041198685,0.0,-0.009090909090909038,-0.022727272727272707,0.0
2020-01-06,-0.01241195321768509,-0.011790664606088373,5,120.8876454766116,139.85547200946087,-0.01272683743288705,-0.014759654513042897,-0.013221363540455,-0.010863778731408674,-0.010488131870631828,-0.011152416356877248,-0.0030211480362538623,-0.00917431192660545,-0.018604651162790753,-0.020107238605898137
2020-01-07,-0.0018556722747054889,0.0022307408135050946,5,120.66331762454621,140.1674533188644,-0.00043989109526154646,-0.0015620145858060985,-0.002319590343381861,-0.004689258589827383,-0.0002676067592505549,-0.007518796992481258,-0.00303030303030305,0.0,0.009478672985782088,-0.008207934336525224
2020-01-08,0.005783475838914853,0.00770033099094324,5,121.36117100667107,141.2467891035772,0.006282375101673843,0.007989223218096475,0.007229344798643567,0.00018709127751681542,0.007229344798643567,0.0037878787878788955,-0.003039513677811634,0.0,0.028169014084507005,0.0
2020-01-09,0.007044559307991793,0.010708938117427635,5,122.21610697351491,142.75939222737279,0.007862302908574648,0.007281308891087301,0.005333476912767532,0.007664146623574231,0.007081561203955256,0.0037735849056603765,0.0060975609756097615,0.01388888888888884,0.004566210045662045,0.006896551724137945
2020-01-10,-0.00033909805647371896,-0.006974547932030307,5,122.1746637291704,141.76371000353546,-0.004183271066832722,-0.0010299331766527586,0.0018592324522389014,0.0007124910657714811,0.0009459904431065036,0.015037593984962294,0.00242424242424244,-0.0091324200913242,-0.004545454545454519,-0.005479452054794609
2020-01-13,-0.013084364822495642,-0.020973586518636407,5,120.57608585687221,138.7904165665734,-0.016355456028119553,-0.008949168240937,-0.01059508736452508,-0.011789245982457452,-0.017732866496439126,0.0,-0.02962515114873021,-0.02304147465437789,-0.0182648401826484,0.005509641873278293
2020-01-14,-0.011437464914980499,-0.023860805395904777,5,119.19700110529854,135.47876544606186,-0.01614868299557745,-0.011960382545594783,-0.009579850011650154,-0.0038317148646558608,-0.01566669415742425,0.007407407407407307,-0.009345794392523366,-0.018867924528301883,-0.041860465116279055,0.005479452054794498
2020-01-15,-0.003286465284202689,-0.0019555096808332177,5,118.8052642991849,135.21383540868476,-0.0013507286640768723,-0.004108081605253361,-0.002906158528330288,-0.005321673838263069,-0.002745683785089853,-0.011029411764705954,0.0,-0.004807692307692291,0.004854368932038833,-0.005449591280654031
2020-01-16,-0.0013008741044451266,-0.005994281172050883,5,118.65071360738632,134.40332566089367,-0.002555460660296216,-0.003198419674581565,0.0007893663066416701,-0.0016260926305564083,8.623613656688622e-05,0.003717472118959231,0.0062893081761006275,-0.009661835748792313,0.0,-0.006849315068493178
2020-01-17,0.0006643698814549736,0.007047521652206067,5,118.72954156792022,135.35053600861733,0.0026823142036705716,0.0031742123518187226,-0.0016085620384251875,-0.0003772671167803221,-0.0005488479930089163,-0.007407407407407418,-0.009375000000000022,0.009756097560975618,0.004830917874396157,0.0055172413793105335
2020-01-20,-0.00209320345024675,-0.009984833306545792,5,118.48101648186402,133.99908346861966,-0.00448217595459946,-0.0026165043128084375,0.0010066840929886522,-0.0014145812358853649,-0.00295943984092914,0.00746268656716409,0.0,-0.01449275362318836,-0.004807692307692291,0.00137174211248281
2020-01-21,-0.006589488051301551,-0.0021181198490088818,5,117.70028723945072,133.71525735017576,-0.002681304508571375,-0.007448216531003915,-0.008236860064126938,-0.007029130595527899,-0.007551928557277626,-0.022222222222222254,-0.003154574132492094,0.0,-0.004830917874396157,-0.002739726027397249
2020-01-22,-0.0005347593582887722,0.0027691570253934542,5,117.63734590937615,134.0855358944693,0.001225490196078427,-0.0006684491978609652,-0.0018939393939393923,-0.0006684491978609652,-0.0006684491978609652,-0.007575757575757569,0.0,0.004901960784313708,0.0,0.0
2020-01-23,-3.571147766439076e-05,0.003914443223018873,5,117.63314490592522,134.61040611175628,-4.4639347080488445e-05,0.003119917614944845,-0.0012641515422024407,-0.0012582315800901966,-0.0007314525338936728,0.0,-0.012658227848101333,0.004878048780487809,0.004854368932038833,0.0027472527472527375
2020-01-24,-0.0034758388285467843,-0.0043495907268362825,5,117.22427105333715,134.0249059375969,-0.00339060006240105,-0.00354351648440146,-0.0019176140696640642,-0.00555252800428252,-0.0029749355219848284,-0.003816793893129722,-0.0032051282051280827,-0.009708737864077666,0.004830917874396157,-0.005479452054794609
2020-01-27,-0.0036759361319277373,-0.0033333017939084285,5,116.79336211983329,133.5781604782067,-0.0036370657587793953,-0.0021833446022087033,-0.0033694299688312446,-0.004594920164909672,-0.004594920164909672,-0.003831417624521105,-0.009646302250803873,-0.004901960784313708,0.0,0.0
2020-01-28,-2.3683213338387964e-05,-0.0011481406252959842,5,116.79059607772172,133.42479396550937,-2.9604016672984956e-05,-2.9604016672984956e-05,0.0012019230769230727,-0.0012315270935960576,-2.9604016672984956e-05,0.0,0.0,-0.0049261083743842304,0.004807692307692291,0.0
2020-01-29,-0.006360984697239403,-0.007930698302531387,5,116.04769288328984,132.3666421784915,-0.007951230871549253,-0.004704477624795977,-0.0054759833467967756,-0.006755058622745419,-0.006918173020309587,0.0,-0.012987012987013102,-0.00990099009900991,-0.004784688995215336,-0.004132231404958664
2020-01-30,0.002112038794720639,0.001782303770759594,5,116.29279011269718,132.602559743969,0.0016785100318623403,0.0018176800723481434,0.0026400484934007984,0.0014381254164777257,0.0029858299595141857,0.0038461538461538325,0.00328947368421062,0.0,0.004807692307692291,-0.0013831258644535493
2020-01-31,0.0015844539863320683,0.0012280753620024173,5,116.47705068757293,132.76540568052903,-0.0008929957354756879,0.0036199117452101748,0.0007305674829151121,0.0031767397317189194,0.0012880467072918234,0.011494252873563093,-0.006557377049180357,0.004999999999999893,-0.004784688995215336,0.0027700831024930483
2020-02-03,0.0011209318152257675,0.0029248759112260425,5,116.60761351943228,133.15372801744817,0.0023481344660018777,-0.0018991652639710754,-0.0010863974200225057,0.0038050109228783546,0.002437076371242186,-0.0037878787878786735,0.013201320132013139,0.00995024875621886,-0.009615384615384581,-0.004143646408839907
2020-02-04,0.007271982956085355,0.02655363948718709,5,117.45558209749538,136.68944410759843,0.00813940835290139,0.014790304428005718,-0.0007622380536617679,0.005449201996077568,0.008743238057103864,0.0038022813688212143,-0.0228013029315961,0.039408866995073843,0.014563106796116498,0.0013869625520113171
2020-02-05,0.006778379029957727,0.00872646758188881,5,118.25174055213654,137.8822601103898,0.005632064696538042,0.008472973787447158,0.004918471417778902,0.008472973787447158,0.0063954114605773715,0.011363636363636465,0.0,0.014218009478673022,0.0,0.008310249307479145
2020-02-06,-0.011435227831686268,-0.022847755941260376,5,116.8995049574294,134.73195988275825,-0.014294034789607835,-0.011794034789607832,-0.0072846889952153104,-0.009509345794392526,-0.014294034789607835,0.0,-0.010000000000000009,-0.028037383177570097,-0.019138755980861233,0.0
2020-02-07,-0.003474962255450076,-0.007232931696981087,5,116.49328359002153,133.75745281952584,-0.004343702819312595,-0.006027204502814271,-0.0019398566654664495,-0.0031241906241906425,-0.0019398566654664218,0.0,0.006734006734006703,-0.009615384615384581,-0.004878048780487809,-0.009615384615384692
2020-02-10,-0.003963662494972797,-0.010928196090584817,5,116.03154353093954,132.2957251465369,-0.004018248530701041,-0.005790698520053789,-0.00010020918667716372,-0.0049545781187159965,-0.0049545781187159965,-0.0037453183520598232,0.0033444816053511683,-0.01941747572815533,0.0,0.0
2020-02-12,-0.00221837484392966,-0.008481084241130817,5,115.77414207366819,131.17371395682764,-0.0027729685549120753,-0.0052729685549120775,-0.00029772103015959783,-0.00032198816275522124,-0.0024262279169093293,0.0,0.010000000000000009,-0.00990099009900991,-0.009803921568627416,-0.001386962552010984
2020-02-13,-0.004517290751631542,-0.0013594752715701667,5,115.25115661240073,130.9953865364233,-0.003766914191419113,-0.00317136591478695,-0.005396613439539455,-0.005646613439539427,-0.0046049467728727644,-0.007518796992481258,-0.00990099009900991,-0.0009999999999998899,0.0,-0.004166666666666652
2020-02-14,0.00024611247735653043,-0.001457627133660265,5,115.2795213600728,130.80444410662352,-0.0015862987972437848,0.000307640596695663,0.000307640596695663,0.0015452643590719017,0.000656315631563209,0.007575757575757791,0.0,0.0,-0.004950495049504955,-0.0013947001394701841
2020-02-17,0.00022733047899483604,0.0020229958251247095,5,115.30572790888188,131.06906095095897,0.0012240127228037023,0.0019508297654101947,3.391284849332821e-05,-0.0009596179957838402,-0.0011124849459492048,-0.003759398496240629,-0.006666666666666599,0.0010010010010008674,0.004975124378109541,0.005586592178770999
2020-02-18,-0.0003526682856965113,0.004019435636418123,5,115.26506323548927,131.59588460537714,0.0014459570957095491,-0.00044083535712063915,-0.0016908353571206125,-0.0016784591194968779,0.0006008313095460238,-0.007547169811320753,0.0,0.004999999999999893,0.004950495049504955,-0.004166666666666652
2020-02-19,-0.003129332493114467,-0.005153477351433924,5,114.90436052778557,130.9177081945214,-0.003911665616393084,-0.003072739441896427,-0.0024191283029602606,-0.0026801385227970265,-0.003562990581525538,0.0,-0.003355704697986628,-0.005970149253731294,-0.0049261083743842304,-0.0013947001394701841
2020-02-20,-0.006823824916660848,-0.008785404457070396,5,114.12027328938308,129.7675431774398,-0.0047274997770047344,-0.00852978114582606,-0.006277528893573803,-0.006054533621073582,-0.00852978114582606,-0.015209125475285301,0.0,-0.009009009009009028,-0.00990099009900991,0.0
2020-02-21,0.001886782886782945,-0.0017060238264551323,5,114.33559346806048,129.54615665687854,-0.0015025252525252275,0.0023584786084786813,0.0026110038610039077,0.0036084786084786824,0.0023584786084786813,0.015444015444015635,0.0,-0.0010101010101009056,-0.0050000000000000044,0.0
2020-02-24,-0.008898848327325192,-0.014887373720069059,5,113.31813836337349,127.61755460872897,-0.008271849382540525,-0.011965311250907357,-0.006826290439490151,-0.007354716188050975,-0.010076074375636956,-0.011406844106463865,0.0033670033670034627,-0.01718907987866536,-0.015075376884422065,-0.0041899441340781385
2020-02-25,-0.008116422422119008,-0.009044293327069148,5,112.39840048432823,126.46334401116437,-0.01014552802764876,-0.008467675678655473,-0.007830713212833934,-0.007849609660301793,-0.006288585531155078,0.0,-0.006711409395973145,-0.0092592592592593,-0.009183673469387865,-0.015427769985974726
2020-02-26,-0.010859752861494987,-0.015386387023228474,5,111.17778163304108,124.51753005595691,-0.01549776799994565,-0.009351718103895762,-0.012795874877491786,-0.0037909629615237306,-0.012862440364618005,0.007692307692307665,-0.016891891891891886,-0.0031152647975077885,-0.03913491246138001,-0.002849002849002913
2020-02-27,-0.045639574249870904,-0.04919164182003985,5,106.10367501326398,118.39230831712824,-0.054186872392491287,-0.0398673372281462,-0.042726551145671976,-0.047939071242135006,-0.043478039240910066,-0.011450381679389388,-0.06872852233676974,-0.05729166666666663,-0.03644158628081451,-0.05428571428571427
2020-02-28,0.012964605599558254,0.034087481360700715,5,107.47926731247466,122.42800392013866,0.016205756999447818,0.008825683198709855,0.00626100561823234,0.0067508070550652,0.02677977512633606,0.0,0.02952029520295185,0.03977900552486191,0.03781979977753047,-0.04229607250755296
2020-03-02,0.015384982838667493,0.018390325694045154,5,109.13283399558962,124.67949478630185,0.018265977583083404,0.01833517120066408,0.01498043152389228,0.013604218902032117,0.011739114983665588,0.0038610038610038533,0.0035842293906811484,0.01700318809776835,0.022508038585209,0.029968454258675115
2020-03-03,0.026045141889057356,0.029928755123086147,5,111.97521414175968,128.41099685463118,0.030633350438244777,0.018270713075607403,0.02602560186497893,0.023122465097170752,0.03217357896928491,0.007692307692307665,0.05714285714285716,0.02612330198537105,0.037735849056603765,0.0015313935681471325
2020-03-04,0.023502342054189728,0.018824134870790817,5,114.60689392611047,130.82822277831542,0.025561133674607384,0.02937792756773716,0.025304607812136337,0.024327422517232133,0.012940618699235629,0.01526717557251911,0.0,0.016293279022403295,0.02020202020202011,0.06574923547400613
2020-03-05,-0.007840241188088081,-0.011362359075089768,5,113.70834823591214,129.34170553395236,-0.009800301485110102,-0.009800301485110102,-0.005541784451041948,-0.008562677722733864,-0.005496140796444393,0.0,0.0,-0.017034068136272618,-0.004950495049504955,-0.017216642754662836
2020-03-06,-0.040169188147918145,-0.05867434327587608,5,109.14077620163478,121.75266590356597,-0.04645208668865705,-0.03923175545516794,-0.035685491301105654,-0.032549793642609126,-0.04692681365205095,-0.015037593984962516,-0.04391891891891897,-0.058103975535168106,-0.07064676616915422,-0.013138686131386912
2020-03-09,-0.0011177116081778182,0.016839162370905256,5,109.01878828914869,123.8028788138067,0.0043280513294723655,-0.0005137472840738566,-0.006267269380352131,-0.007285790473819692,0.004150197767884223,-0.022900763358778553,-0.0035335689045936647,0.01948051948051943,0.023554603854389677,-0.022189349112425982
2020-03-10,0.011253827658842707,0.008505742065747697,5,110.24566694413063,124.85591416799396,0.014067284573553385,0.005202036346603045,0.014067284573553385,0.009621677878992707,0.013310854921511017,0.0,0.03546099290780136,0.0,0.01778242677824271,0.00302571860816947
2020-03-11,-0.035998154295557014,-0.04626993805132262,5,106.27702641505923,119.07883875409962,-0.03816175536944624,-0.03900454218451477,-0.034381981616792345,-0.030609203660813183,-0.037833288646218544,-0.02734375000000011,-0.023972602739726012,-0.0424628450106157,-0.05755395683453235,-0.02865761689291091
2020-03-12,-0.06981410935756208,-0.07033186014538116,5,98.85739047072177,110.70380252057188,-0.07019936360458312,-0.06972377704782978,-0.06952927749517873,-0.06981943604264504,-0.06979869259757368,-0.06827309236947787,-0.07017543859649122,-0.07095343680709543,-0.0697928026172302,-0.06987577639751563
2020-03-13,-0.03915408291384388,-0.04953968013279276,5,94.98672000758489,105.2195715542189,-0.04355467260782209,-0.040452037604569,-0.03671110006235259,-0.034874608331636636,-0.04017799596283908,-0.02155172413793105,-0.03396226415094339,-0.04892601431980903,-0.05627198124267285,-0.035058430717863076
2020-03-16,-0.0008968275521618718,0.006915541418017957,5,94.90153329999261,105.94722185928822,-0.002222356026105432,-0.00014447194020233978,0.0026430809926709375,-0.010127245620326575,0.00536685483315405,0.004405286343612369,-0.00390625,-0.01505646173149311,0.03602484472049694,-0.02595155709342556
2020-03-17,-0.00953557473017963,-0.0059269848268513085,5,93.99659263720189,105.31927428288117,-0.0053405210443034645,-0.009958684098999054,-0.010327111724826449,-0.011020187837184947,-0.011031368945584236,-0.026315789473684292,-0.007843137254901933,-0.006369426751592355,-0.003597122302158362,-0.003552397868561208
2020-03-18,-0.006253927501215273,-0.009573475055135262,5,93.40874476148757,104.31100283770907,-0.007817409376519091,-0.005841124791538865,-0.00813792219703191,-0.0021014045630413924,-0.007371776577945105,0.0,-0.007905138339920903,0.0012820512820512775,-0.022864019253910794,-0.0017825311942959443
2020-03-19,0.0007837248538116737,-0.0012346291120059495,4,93.48195151632049,104.18221743690307,0.004047969474751907,-0.004267118521610991,0.0018985729591581475,0.0014554755029476303,0.0007837248538116737,-0.009009009009009028,0.015936254980079667,-0.002560819462227748,-0.0012315270935961964,
2020-03-20,-0.05497057479370615,-0.08161626871614117,5,88.34319490863098,95.67925358312935,-0.0505314003103145,-0.06577204202154444,-0.04336020180407105,-0.0496010113404681,-0.06558821849213267,-0.07272727272727275,-0.01176470588235301,-0.10141206675224657,-0.07644882860665836,-0.012500000000000067
2020-03-23,-0.06835957355456872,-0.07872613294654988,5,82.30409177822882,88.14679594531725,-0.07417495713928934,-0.07552883202257599,-0.06794946694321088,-0.061751202590740906,-0.06239340907702648,-0.045098039215686225,-0.03968253968253965,-0.07000000000000006,-0.09479305740987998,-0.09222423146473768
2020-03-24,-0.000867604187690052,0.01636244193466514,5,82.23268440353802,89.58909277569929,0.006615700104196487,0.004080784021585793,-0.0033886527000503985,-0.009565331193314597,-0.002080521170867544,-0.030800821355236208,-0.02066115702479343,0.009216589861751334,0.03392330383480813,0.003984063745019917
2020-03-25,0.017077571222795563,0.006740623786457234,5,83.63701892828111,90.1929791454703,0.009164760638663894,0.022401816349169545,0.01906385900566343,0.021346964028494453,0.013410456091986489,0.04872881355932224,-0.00421940928270037,0.00913242009132409,0.0,0.031746031746031855
2020-03-26,0.006561859643954326,0.0017547154523252122,5,84.18583330752723,90.3512421596681,0.010222526575144941,0.0018463923515530944,0.007825250648457183,0.008558957935827338,0.0043561707087890755,-0.008080808080808133,0.025423728813559254,0.0015082956259429015,-0.0014265335235377208,0.01538461538461533
2020-03-27,0.036436948920051074,0.01772367396363056,5,87.25330821554554,91.9525981179151,0.03714496415413715,0.03005031838146882,0.039522089764521706,0.04554618615006384,0.02992118615006384,0.033604887983706755,0.06198347107438007,0.02409638554216853,0.0,0.0625
2020-03-30,0.0012162043500785868,-0.0005172200923544635,5,87.35942606855603,91.90503838662431,0.002751782531194319,0.0015202554375982336,0.001887902496421734,0.0015202554375982336,-0.0015991741524195857,-0.0049261083743843415,0.0,-0.0014705882352940014,0.0,0.012477718360071277
2020-03-31,-0.0020379094477989803,-0.0019278804247362254,5,87.18139546881662,91.7278564621841,0.00042291021995422007,-0.004492912101577512,-0.0021791982972302892,-0.0018331010954630023,-0.002107245964678317,-0.01188118811881178,0.0077821011673151474,-0.0014727540500737435,-0.0028571428571428914,-0.0017605633802816323
2020-04-01,-0.004105312500493707,-0.008762325510867896,5,86.823488596188,90.92410712544829,-0.005632642629625123,-0.0032011386951152077,-0.004762909062195314,-0.00047548016716442154,-0.006454391948368471,0.002004008016031955,-0.007722007722007707,-0.001474926253687281,-0.01862464183381085,0.005291005291005346
2020-04-02,0.0003047598899072579,0.006080488093590849,5,86.84994891301395,91.47697007624494,0.0028809498623840746,-0.0005918127835303211,-0.0007268787934504584,-0.0021737946631633642,0.0021353358272963585,-0.010000000000000009,0.0038910505836575737,0.004431314623338123,0.010218978102189746,-0.007017543859649145
2020-04-03,-0.007842212751733534,0.00268932790993401,5,86.16885313616089,91.72298164498719,-0.010307816444717427,-0.00011284345904677417,-0.011273354174961031,-0.011247852644869188,-0.006269197035073254,0.002020202020202033,-0.03875968992248058,0.00588235294117645,0.005780346820809079,-0.014134275618374659
2020-04-06,-0.005791766680327081,-0.011228425323175596,5,85.66978324368489,90.69307699516744,-0.00673567609234435,-0.006231643834279793,-0.0032192405141515112,-0.005084535936615758,-0.007687737024243996,-0.002016129032258007,-0.0040322580645162365,-0.016081871345029364,-0.008620689655172376,0.0017921146953405742
2020-04-07,-0.0008397952247173989,-0.0066267504412086745,5,85.59783816881425,90.09207660717516,-0.0010497440308967487,-0.004086181277860312,0.0030364372469635637,-0.0010497440308967487,-0.0010497440308967487,0.0,0.012145748987854255,-0.01634472511144125,0.0,0.0
2020-04-08,-0.0034207696298331315,-0.004475857007621711,5,85.305027683627,89.68883735476173,-0.00326586102719037,-0.0032759620372914133,-0.0020101010101010452,-0.004275962037291414,-0.004275962037291414,-0.0040404040404041774,-0.0040000000000000036,-0.009063444108761476,0.0,0.0
2020-04-09,0.018059816874415224,0.014208813756175376,5,86.84562086206023,90.96320934074345,0.01015083600174116,0.015546658643219802,0.020669283288140994,0.018226945006062478,0.02570536143291169,0.049695740365111485,0.028112449799196915,0.007621951219512146,0.01739130434782621,-0.012522361359570633
2020-04-14,0.009543780357209375,0.007721804522215185,5,87.67445639255321,91.665609461986,0.015552913852308836,0.0021641004465117186,0.008147577186299937,0.012641976158762447,0.009212334142163936,-0.01449275362318847,0.0390625,0.015128593040847127,-0.002849002849002913,0.01086956521739113
2020-04-15,-0.012289315532227629,-0.0066091357616210175,5,86.5969973338286,91.05977900438,-0.016587134611362964,0.0006157991937380536,-0.013498753208131042,-0.01571878727242737,-0.016257701762954824,0.004901960784313708,-0.06390977443609036,-0.007451564828613977,0.0014285714285713347,0.0035842293906811484
2020-04-16,-0.004401646724447139,-0.010437150100200238,5,86.2158279441672,90.10937442282024,-0.005502058405558924,-0.004498042341301911,-0.0028744307779313416,-0.0022923579775988856,-0.006841344119844633,0.0,-0.004016064257028051,-0.01051051051051033,-0.012838801711840153,0.005357142857142838
2020-04-17,0.008113195968164866,0.02315262748271785,5,86.9153138518358,92.19564320153253,0.015019543740693864,0.012157623992464145,0.005968505582360867,0.0003871597000904836,0.00703314682521497,-0.019512195121951126,-0.008064516129032251,0.01669195751138086,0.039017341040462394,0.01243339253996445
2020-04-20,0.02092788844115807,0.031711667242466754,5,88.73426784395527,95.11932075994471,0.02118473617333816,0.027176120714049234,0.016085233685775913,0.018858052484688248,0.021335299147938802,0.01990049751243772,-0.004065040650406582,0.040298507462686706,0.029207232267037364,0.019298245614035148
2020-04-21,0.003699456512199584,0.009260775876904314,5,89.06253640898585,96.00019947106594,0.002185296250005575,0.00462432064024948,-0.001831920392749098,0.006313509829438679,0.0072060762340532825,0.009756097560975618,0.0,0.02582496413199431,-0.006756756756756799,-0.010327022375215211
2020-04-22,0.0041925224533919895,-0.008860640081023151,5,89.43593309263656,95.1495762558464,-0.0032134532134532323,0.002179428576944087,0.010835058661145563,0.005920925175583541,0.005240653066739986,0.033816425120772875,0.012244897959183598,-0.022377622377622308,-0.0027210884353742193,0.0
2020-04-23,-0.0049513230177806065,-0.005817176731610704,5,88.99310689849831,94.59607435482826,-0.003852705174094917,-0.005181089256096699,-0.003685577234314452,-0.005848089652171207,-0.006189153772225758,-0.009345794392523366,-0.0040322580645162365,-0.010014306151645225,-0.0013642564802182067,0.0
2020-04-24,-0.005692699507369325,0.003436870343837409,5,88.48649588269797,94.92118879742182,-0.005936629101192803,-0.004079437137248093,-0.007477146060512224,-0.009506584766725307,-0.0014637004711682,-0.004716981132075415,-0.012145748987854255,0.0014450867052022698,0.0095628415300546,-0.022608695652173827
2020-04-27,0.004324519460731357,0.003547509096498824,5,88.86915745615461,95.25792257813116,0.004220815202691464,0.00028269850624207393,-0.003252359332094501,0.01318643417029855,0.007185008756519201,0.004739336492890933,0.020491803278688492,0.03463203463203479,-0.031123139377537412,-0.007117437722420017
2020-04-28,0.007866606271092614,0.01784792967808775,5,89.56825612750592,96.95807928158638,0.01101250312188462,0.009833257838865767,0.0032084321763832524,0.0063416377271339475,0.00893720049119548,-0.004716981132075415,0.0,0.026499302649930057,0.013966480446927276,0.0035842293906811484
2020-04-29,0.015405248952909689,0.01984089768174352,5,90.94807741142813,98.8818146120307,0.018071727067914378,0.016244512998366045,0.013482104669397976,0.014435624552018633,0.014792275476851413,0.004739336492890933,0.012048192771084265,0.02309782608695654,0.019283746556473913,0.017857142857142794
2020-04-30,0.030866285810718617,0.029674232423809538,5,93.75530676274464,101.81605656131613,0.038582857263398274,0.037590793771334785,0.03194275102169841,0.0291233978039388,0.017091629193222824,0.0,0.003968253968253954,0.026560424966799445,0.037837837837837895,0.0859649122807018
2020-05-04,0.024848546921676283,0.020029059128772585,5,96.08498990199486,103.8553363784412,0.025164457237001003,0.030072541359605243,0.023298717287282944,0.028782037818761985,0.016924980905730247,0.02358490566037741,0.0039525691699604515,0.031047865459249646,0.009114583333333481,0.056542810985460434
2020-05-05,0.04022897176099409,0.06329355838518144,5,99.95039024741762,110.42871017512272,0.043373772304929226,0.04142794698470714,0.03679813440011337,0.029641053410919993,0.04990395170430073,0.02764976958525356,0.03543307086614189,0.053952321204516984,0.08258064516129049,0.001529051987767538
2020-05-06,-0.030216021978415532,-0.05363918864020403,5,96.93028705895044,104.5054037587449,-0.033285722540283974,-0.03396774610419809,-0.024377170330162262,-0.021679443444413915,-0.03777002747301941,-0.017937219730941756,-0.015209125475285301,-0.0535714285714286,-0.06436233611442199,0.0
2020-05-07,-0.007992546391707078,-0.008912205647257363,5,96.15556724287029,103.5740301091973,-0.011132235501049415,-0.01192118492013583,-0.006217098083973471,-0.008716797639315349,-0.0019754158140613265,0.004566210045662267,0.007722007722007929,-0.015094339622641506,-0.005095541401273995,-0.032061068702290085
2020-05-08,0.003071019854442003,-0.006270958995072882,5,96.45086289898826,102.92452161342808,0.007247865727143421,0.0009652115996617305,0.0073509076405301466,0.003838774818052504,-0.0040476605131777865,-0.013636363636363669,0.011494252873563093,-0.01404853128991057,0.0,0.03154574132492116
2020-05-11,-0.015162743595689764,-0.015037238243793827,5,94.98840319526788,101.37682106079846,-0.01434513456373665,-0.015165550706733422,-0.012476745556788377,-0.01831322462905527,-0.015513062522135107,-0.018433179723502224,-0.015151515151515138,-0.025906735751295318,-0.002560819462227748,-0.013761467889908396
2020-05-12,-0.03437698367303628,-0.03308145302777085,5,91.72298840949637,98.02312851677092,-0.0441449385114831,-0.042971229591295346,-0.03166803810193364,-0.036873668615685584,-0.016227043544783715,0.004694835680751019,0.0,-0.04521276595744683,-0.024390243902439046,-0.10697674418604652
2020-05-13,-0.032057900506111195,-0.05385756684398959,5,88.78254197294153,92.74384132042195,-0.035399478436377335,-0.038149298709562074,-0.024752041370800587,-0.026256586158954764,-0.0357320978548612,-0.01869158878504662,-0.007692307692307665,-0.06128133704735361,-0.0552631578947369,-0.01736111111111116
2020-05-14,-0.00916660925027315,-0.0034514584566283056,5,87.9687071024296,92.42373980499639,-0.011458261562841437,-0.011458261562841437,-0.011458261562841437,-0.009717314487632522,-0.0017409470752089151,0.0,0.0,0.0,-0.0069637883008356605,-0.03886925795053009
2020-05-15,0.008922313886033328,0.030038601431455644,5,88.753591519346,95.20001968780323,0.01115289235754166,0.010183900109479643,-0.0022002233694612683,0.008347843269182614,0.017127157063423992,0.0,0.003875968992248069,0.053412462908011715,0.011220196353436185,-0.023897058823529327
2020-05-18,0.021965198997046187,0.0387267082395668,5,90.70308181877098,98.8868030746538,0.027456498746307734,0.02649124778105677,0.016893118464617607,0.01670753896822169,0.022277591025027133,0.0,0.0038610038610038533,0.04225352112676051,0.04299583911234417,0.020715630885122405
2020-05-19,-0.001637960738023625,-0.008529966632393079,5,90.5545137319341,98.04330194404298,-0.0008569747320533172,-0.002047450922529531,-0.0006960995711781659,0.0016094639710875214,-0.006198742435444632,-0.004761904761904856,0.0,-0.005405405405405461,-0.01462765957446821,0.016605166051660403
2020-05-20,-0.01813675583077059,-0.02452396854391813,5,88.91214862700384,95.6388910912254,-0.01908242804205179,-0.01690171401923246,-0.016896488266724158,-0.015585924545548274,-0.022217224280296266,-0.014354066985645786,-0.023076923076923106,-0.02309782608695632,-0.028340080971659853,-0.001814882032667886
2020-05-21,-0.0011574623494738478,0.005654528138367422,5,88.80923616255726,96.17968389202302,-0.002660420169852018,0.0015059279686694682,-0.002837648520986946,-0.0035301612701756357,0.0017349902449758925,0.004854368932038833,-0.011811023622047112,0.0055632823365785455,0.008333333333333304,-0.01272727272727281
2020-05-22,-0.01564084604388418,-0.033218780238983156,5,87.42018457246375,92.98471210935904,-0.023174245960652345,-0.014570977873580332,-0.0060655803764320115,-0.01576317876697647,-0.01863024724177975,0.01449275362318847,-0.019920318725099584,-0.053941908713692865,-0.015151515151515027,-0.0036832412523019054
2020-05-26,0.0013529878222751535,0.02156350470020869,5,87.53846301761135,94.98978838597677,0.005262663349272528,0.0027074949404455873,-0.010370168730927998,0.0023905354771446563,0.006774414075440993,-0.014285714285714346,-0.004065040650406582,0.04824561403508776,-0.002797202797202858,-0.020332717190388205
2020-05-27,0.01594232053521958,0.007915620436501724,5,88.93402925419858,95.74169149618376,0.010266064920232215,0.017887084342493892,0.02027657570389202,0.016070958172530764,0.015210919536949002,0.03864734299516903,0.008163265306122325,-0.0013947001394701841,0.015427769985974837,0.018867924528301883
2020-05-28,-0.006286039549024225,-0.015920006635031597,5,88.37498642905261,94.21748313231537,-0.009020340133954724,-0.007857549436280281,-0.004016767313375275,-0.0026779914252305637,-0.007857549436280281,0.0046511627906977715,0.0,-0.015363128491620026,-0.02071823204419887,0.0
2020-05-29,-0.0024396674080076285,-0.003985916594865149,5,88.15938085497854,93.84194010277184,-0.0030495842600095358,-0.0030495842600095358,-0.0016311445436974492,-0.0023443656422380277,-0.0021236583340835946,0.0,0.0,-0.005673758865248346,-0.0028208744710860323,-0.0037037037037037646
2020-06-02,-0.005023943139736841,-0.008845520887231312,5,87.71647313832872,93.01185926149445,-0.006279928924671052,-0.007292074673658944,-0.00414012863936436,-0.0034510746106682366,-0.003956508850321616,0.0,0.004048582995951566,-0.008559201141226769,-0.011315417256011262,-0.009293680297397744
2020-06-03,-0.008286197987566557,-0.009364167119669852,5,86.98963707513346,92.14088066725861,0.005845956219245524,-0.016406134581232384,-0.0067606251822999175,-0.010000093693327966,-0.014110092700218041,-0.06481481481481488,0.024193548387096753,-0.014388489208633115,-0.0014306151645209209,0.015009380863039379
2020-06-04,-0.002655571742468199,-0.015690326821081624,5,86.75862985302916,90.69516013600705,-0.002081840915709038,-0.0023352127095813413,0.004709732402206734,-0.003319464678085249,-0.010251072811172102,-0.004950495049504844,-0.00393700787401563,-0.03211678832116793,0.0,0.02772643253234741
2020-06-05,0.008572386534996656,0.02500492724624678,5,87.50235836337605,92.9629860167946,0.012456776701084138,0.012691767753726046,-0.00021966011933866048,0.008566486034075282,0.009366562305436477,-0.006965174129353269,-0.007905138339920903,0.043740573152337925,0.008595988538682153,0.0053956834532373765
2020-06-08,-0.006902461376961444,0.0007100474902432005,5,86.8983767143798,93.02899415170135,-0.007626072713185744,-0.0056400289124368674,-0.009711891750103507,-0.00827296308483813,-0.0032613504242429703,-0.004008016032064243,-0.01195219123505975,0.004335260115606809,-0.0014204545454546968,-0.02146690518783534
2020-06-09,-0.0066029708353454895,-0.0016262452721291917,5,86.32458926729589,92.87770618979121,-0.007750695435529975,-0.006237584511923799,-0.008613425774397665,-0.007186857214167647,-0.003226291240708362,-0.002012072434607548,-0.008064516129032251,0.0014388489208632116,-0.004267425320056861,-0.020109689213894
2020-06-10,0.0009367940270972319,0.0006676233453653424,5,86.40545762691312,92.93971351470749,0.0016750247919360417,0.0021872526964731853,0.0008117971315726447,0.00117099253387154,-0.001161097018367252,-0.002016129032258007,-0.004065040650406582,0.001436781609195581,0.0,0.009328358208955168
2020-06-11,0.00040404040404040664,8.722637249859408e-05,5,86.440368922924,92.94782030877845,0.0,0.0005050505050505083,0.0005050505050505083,0.0005050505050505083,0.0005050505050505083,0.002020202020202033,0.0,0.0,0.0,0.0
2020-06-12,-0.0013590972673392931,-0.003304075145049232,5,86.32288805373305,92.6407137259097,-0.0011948393261096146,-0.0016988715841741164,0.0026052891044915927,-0.005270300155602675,-0.0012367643753016522,-0.002016129032258007,0.0,-0.017216642754662836,0.014285714285714235,-0.001848428835489857
2020-06-15,0.010334751934716713,0.015745036748954826,5,87.21501368805671,94.09934516797357,0.013928540928496935,0.011898031755130573,0.007808950867300962,0.009749425833888853,0.00828881028876624,-0.0040404040404041774,0.004081632653061273,0.020437956204379715,0.012676056338028152,0.0185185185185186
2020-06-16,0.013354018634533737,0.006717391815911169,5,88.37968460605813,94.73144733908751,0.016185423901686424,0.00754618182975253,0.014546600546386068,0.016344818147131013,0.012147068747712653,0.0020283975659229903,0.03658536585365857,0.008583690987124415,0.0013908205841446364,0.018181818181818077
2020-06-17,-0.003715196619320249,0.007839502207169799,5,88.05133670059313,95.47409472959068,-0.004137922899656338,-0.0007224271466993448,-0.008544704994008445,-0.004991217996372532,-0.0001797100598645851,-0.002024291497975894,-0.015686274509803866,0.015602836879432536,0.001388888888888884,-0.017857142857142905
2020-06-18,3.730188073898244e-05,0.0016296161496773371,5,88.05462118105363,95.62968085623784,4.662735092372805e-05,0.001042643287178735,-0.0003025346602494594,-0.0006468539250818195,4.662735092372805e-05,0.0,-0.003984063745020028,0.0013966480446927498,0.00277392510402219,0.0
2020-06-19,-0.0034060308680920358,-0.0033506506663164475,5,87.75470442323281,95.30925920235725,-0.00628593615103798,-0.004257538585115045,-0.0028628384456449996,-0.003911757119001658,0.00028791596033950206,0.008113590263691739,0.0,-0.005578800557880181,-0.0013831258644535493,-0.018181818181818188
2020-06-22,0.004992537515352713,-0.005360628600367319,5,88.1928230772145,94.79834166159728,0.004731617568235119,0.007240671894190892,0.01114950779881918,0.003470588791697843,-0.0016296984761794697,0.006036217303823088,-0.0040000000000000036,-0.019635343618513157,0.011080332409972193,0.031481481481481444
2020-06-23,0.0011688338053437608,0.0013433800920712904,5,88.29590583021584,94.92569186654684,0.001461042256679701,0.001461042256679701,0.0018186960478099312,9.117924298107649e-05,0.0010122092225683943,0.0,0.0,-0.0014306151645209209,0.005479452054794498,0.0017953321364452268
2020-06-24,0.001384845277091995,0.0024591614125724012,5,88.41818199839138,95.15912946504679,-0.0007689434036350085,-0.002285007660663113,0.0013728904072532189,0.0010498576862832676,0.00755542935622161,0.010000000000000009,0.016064257028112428,0.0014326647564470996,0.0027247956403269047,-0.023297491039426466
2020-06-25,-0.005441098387903143,-0.00309021614531261,5,87.9370899708586,94.86506718680002,-0.006801372984878928,-0.003836946107408562,-0.007516680567139278,-0.004083981680531118,-0.004966510599557827,0.0,-0.011857707509881465,0.0028612303290413976,-0.010869565217391242,-0.007339449541284404
2020-06-26,-0.0032237505965863277,0.00028087234756157543,5,87.65360272460298,94.89171216092235,-0.00402968824573291,-0.001029688245732907,-0.0043863216266173954,-0.00402968824573291,-0.002643366619115517,0.0,-0.01200000000000001,0.0014265335235379428,0.0,-0.005545286506469571
2020-06-29,-0.010375222453761967,-0.007721917054295878,5,86.74417709746155,94.1589662304756,-0.010493780542449982,-0.00892044507125106,-0.01012002521819963,-0.012625621473795895,-0.009716239963113271,-0.00990099009900991,-0.0161943319838056,-0.011396011396011319,-0.0013736263736262577,-0.013011152416356753
2020-06-30,-0.004794485251854197,-0.0106908360405654,5,86.32828341968353,93.15232816075645,-0.005993106564817746,-0.005993106564817746,-0.0027510316368638266,-0.0032420749279539196,-0.005993106564817746,0.0,0.0,-0.012968299711815678,-0.011004126547455306,0.0
2020-07-01,-0.015430171929486458,-0.028855616034164734,5,84.99622316414037,90.46436034666114,-0.019287714911858073,-0.01620129515877164,-0.010163627320617208,-0.012681317137170994,-0.018816905119014377,0.0,-0.012345679012345734,-0.03649635036496346,-0.026425591098748313,-0.0018832391713747842
2020-07-02,0.0037099567099567075,-0.0009782020237288304,5,85.31155547258916,90.3758679262947,0.0033874458874458557,0.00047077922077923273,0.005773809523809514,0.004280303030303051,0.004637445887445885,0.0050000000000001155,0.016666666666666607,-0.004545454545454519,0.0014285714285713347,0.0
2020-07-03,-0.002109088688757965,-0.0035788445865998155,5,85.13162583592158,90.05242674060743,-0.0008950673286091393,-0.004685541188816339,-0.00301687836475259,0.00021670618612815162,-0.0021646627477399094,-0.006965174129353269,0.00819672131147553,0.0015220700152205335,-0.011412268188302432,-0.0018867924528301883
2020-07-06,0.000231861397368327,-0.0013399874608166185,5,85.15136457364814,89.93175761795891,0.0012918307547264696,-0.0017426935784928266,0.0006697659564368352,0.000650577107460748,0.00028982674671040876,-0.004008016032064243,0.008130081300812941,-0.001519756838905706,-0.0014430014430013571,0.0
2020-07-07,-0.012614615547222962,-0.008114404456573765,5,84.07721284623014,89.20201496315623,-0.010235070238857696,-0.008711817821125484,-0.015007234426418353,-0.01287809602362408,-0.0162408592260892,-0.022132796780684028,-0.028225806451612878,-0.0030441400304414,-0.011560693641618491,0.001890359168241984
2020-07-08,-0.016635768973051655,-0.02443934289950454,5,82.67852375742217,87.02197633214492,-0.013078661833598515,-0.018720022419634053,-0.011252726483490155,-0.01933272291222099,-0.02079471121631457,-0.030864197530864224,-0.008298755186722073,-0.03816793893129766,-0.005847953216374324,0.0
2020-07-09,0.0017864965212095684,0.00662404850387272,5,82.82622865249355,87.5984141242719,0.0001099784009811755,0.004325170860716987,-0.0005446571262658073,0.0018654735926884325,0.0031765168779270547,0.00849256900212314,-0.008368200836820106,0.011111111111111072,0.0014705882352941124,-0.0037735849056603765
2020-07-10,-8.944348694044369e-05,0.01749190051382926,5,82.81882038579275,89.13067686930287,0.007782932483429733,0.0019979002826746584,-0.009530956634970639,-0.0001118043586755546,-0.0005852892071604165,-0.03157894736842115,-0.008438818565400852,0.037676609105180336,0.0,0.0018939393939394478
2020-07-13,0.009823865371763763,0.022590916941061957,5,83.63242132751105,91.14422058735792,0.011736353453835113,0.009088342353002543,0.005093750020302268,0.007140330980490273,0.016060550051188616,0.0021739130434783593,0.01276595744680864,0.02874432677760974,0.020558002936857722,-0.01512287334593565
2020-07-14,0.0044585150933118545,0.012418775918603847,5,84.00529774028998,92.27612023910811,0.006657742565121416,0.005573143866639818,0.0026319673960515932,0.0008968848738340474,0.0065328367649123975,-0.004338394793926392,0.0,0.0117647058823529,0.018705035971223083,-0.0038387715930903177
2020-07-15,-0.0032549361349289985,-0.006421539098410994,5,83.73186586114963,91.68356552514301,-0.002434683240556651,-0.006169510504795694,-0.00261518179656825,-0.0019500261008646713,-0.0031052790318597256,-0.0065359477124183885,0.008403361344537785,-0.005813953488371992,-0.008474576271186307,-0.0038535645472060898
2020-07-16,-0.006528113854541684,-0.00210352447348239,5,83.18525470755483,91.49070690124475,-0.00980487916028236,-0.005035142318177088,-0.006698154014083524,-0.00922851838655317,-0.0018738753936122787,0.006578947368421018,-0.012500000000000067,-0.005847953216374324,0.004273504273504258,-0.025145067698259305
2020-07-17,0.004281870572090951,-0.0036475247694659776,5,83.541443201719,91.15699228164651,0.005352338215113689,0.0064071905357887815,0.006455279391584273,0.0067707779314257754,-0.0035762332134577635,0.0,-0.00421940928270037,-0.004411764705882337,-0.005673758865248346,0.03571428571428581
2020-07-20,-0.015542035857583781,-0.018050396013970797,5,82.2430390958836,89.51157247152031,-0.015070246347034189,-0.01624957872028479,-0.013149849105583838,-0.017644377917557463,-0.01559612719745862,-0.017429193899782147,-0.012711864406779738,-0.025110782865583547,-0.007132667617689048,-0.01532567049808442
2020-07-21,-0.010187254093659837,-0.02629980386822255,5,81.40520835917903,87.15743567158314,-0.012734067617074796,-0.0148799903638559,-0.0032643706473778344,-0.008782918191787448,-0.011274923648203206,0.0,0.008583690987124415,-0.037878787878787845,-0.015804597701149392,-0.005836575875486361
2020-07-22,-0.007759065355888129,0.0012764282079021276,5,80.77358002721047,87.26868588100277,-0.009144507969804733,-0.003315852971455896,-0.010486233269663331,-0.010063795198509778,-0.005784937370006904,-0.0022172949002217113,-0.025531914893617058,0.0031496062992126816,0.0014598540145984717,-0.015655577299413026
2020-07-23,0.0032496367022170737,0.012097727253857143,5,81.03606481743635,88.32443864059367,0.002395379211104637,0.010612264218382683,-0.0010399949385551943,0.003697614390890863,0.000582920629262379,0.006666666666666821,-0.026200873362445365,0.020408163265306145,0.001457725947521915,0.013916500994035852
2020-07-24,-0.0034655072364621286,0.004009249529752345,5,80.75523374839712,88.67855335467911,-0.003228131286195729,0.0035156495867093296,-0.004331884045577661,-0.00797089423480618,-0.0053122762024404024,-0.004415011037527727,-0.03139013452914796,0.0,0.01455604075691408,0.0039215686274509665
2020-07-27,0.007269256322049533,0.004596985056003685,5,81.34226424186124,89.0862073392386,-0.0003369329233804119,0.009086570402561917,0.008317339633331117,0.0087278903451731,0.010551414152561944,0.037694013303769314,0.0,0.0030769230769231992,0.0014347202295552641,-0.005859375000000111
2020-07-28,-0.005222266637686679,0.0006705781616280416,5,80.91747324907708,89.14594660438256,-0.005993645262920316,-0.004213018482293496,-0.0069112688799304045,-0.0068859994862201235,-0.0021074010770690543,-0.002136752136752129,-0.009259259259259411,0.0015337423312882237,0.0014326647564470996,-0.017681728880157177
2020-07-29,-0.0211504769402181,-0.010319445815105794,5,79.20603009706176,88.22600983876232,-0.01787278568276726,-0.02176519897901097,-0.025672399391199113,-0.022503904472840536,-0.017938096175272616,-0.03426124197002145,-0.01869158878504662,-0.003062787136294043,-0.015736766809728353,-0.03400000000000003
2020-07-30,-0.003093906042512984,-0.003869241463287314,5,78.96097408194098,87.8846421033538,-0.002758735103030402,-0.005057858743617416,-0.002715308820422341,-0.003140638367094717,-0.0017969891784000436,-0.0044345898004433115,0.004761904761904745,-0.004608294930875556,-0.0029069767441860517,-0.008281573498964745
2020-08-03,-0.0063801850992297295,-0.010143301534870202,5,78.45718845168271,86.99320167821533,-0.009088817120139592,-0.006790397250814401,-0.004503009151814952,-0.006153073939634823,-0.005365628033744879,0.00445434298440972,-0.004739336492891044,-0.01388888888888884,-0.007288629737609353,-0.01043841336116913
2020-08-04,-0.011165043828453337,-0.013489809571618742,5,77.58121050396247,85.81967995355078,-0.013401981060511242,-0.009194400023661925,-0.009261469104815512,-0.012120768809061544,-0.011846600144216457,-0.0022172949002217113,-0.01904761904761898,-0.018779342723004633,-0.007342143906020504,-0.008438818565400852
2020-08-05,-0.015109066259156579,-0.030654779147640348,5,76.40903085399252,83.1888966180535,-0.008886332823945742,-0.022527109522974792,-0.007722058501776652,-0.01592775294228893,-0.020482077504796775,-0.039999999999999925,0.014563106796116276,-0.044657097288676284,-0.011834319526627168,0.006382978723404209
2020-08-06,0.0005167003398907522,0.022472062603031043,5,76.4485114262055,85.05832271073147,0.001224579128567188,0.004234392171274887,-0.012292354959109852,0.0040141388979172965,0.005402746460804242,-0.0023148148148149916,-0.014354066985645786,0.05175292153589317,-0.013473053892215425,-0.019027484143763207
2020-08-07,0.00874488618359004,-0.0016430055175797311,5,77.11704495753256,84.91857141720168,-8.977394104611736e-05,0.009717515496477841,0.01331206011043995,0.01093110772948755,0.009853521522590974,0.044083526682134666,0.004854368932038833,-0.009523809523809601,0.0,0.004310344827586299
2020-08-10,-0.016792045860228377,-0.02782662769807,5,75.82209200200037,82.55557394572324,-0.010434501769729904,-0.02340551626248355,-0.010573390658618786,-0.019093243971719465,-0.020453576638590182,-0.04222222222222227,0.009661835748792313,-0.04166666666666674,-0.007587253414264028,-0.0021459227467811592
2020-08-11,0.011160637050488753,-0.006547231911130855,5,76.66831485124345,82.01506345754407,0.0011897754314403597,0.009166107317895605,0.01854945852046877,0.015097585303936678,0.011800258678702352,0.05104408352668233,0.019138755980861344,-0.018394648829431315,-0.004587155963302947,0.008602150537634357
2020-08-12,-0.024304276576825545,-0.04453347958050308,5,74.80494692241969,78.36264730376388,-0.03038034572103193,-0.02920663680084412,-0.019732986266176727,-0.015019362618113374,-0.027182051477961572,0.0,-0.0046948356807512415,-0.04258943781942082,-0.06144393241167423,-0.01279317697228144
2020-08-13,0.0063195575522964065,0.01265762141530042,5,75.2776810896924,79.35453202643563,0.007899446940370508,0.002003220525276156,0.0021165287909043207,0.007899446940370508,0.01167914456456054,0.0,0.02358490566037741,0.02313167259786475,0.0,-0.015118790496760126
2020-08-14,0.0034407202433508035,0.032229333314083466,5,75.53669053089021,81.91207568909874,0.0004377656463518953,0.012365416433220755,-0.008742577956681041,0.0006184125791475759,0.012524584514714832,0.015452538631346435,-0.032258064516129004,0.05217391304347818,0.014729950900163713,-0.03289473684210531
2020-08-17,0.008161811028971955,0.014046896984379185,5,76.15320672475725,83.06268617808018,0.006397915960127981,0.010202263786214943,0.005656809240760369,0.007782908947505246,0.010769157210251235,0.01521739130434785,0.0,0.0181818181818183,0.00967741935483879,-0.0022675736961451642
2020-08-18,0.014274080221703223,0.02254409455733341,5,77.2402237066864,84.93525922946493,0.012489281219313197,0.016652124086652842,0.010537405471934214,0.013848990053486832,0.017842600277129028,0.021413276231263323,0.004761904761904745,0.02922077922077926,0.015974440894568787,0.0
2020-08-19,0.018149540924477292,0.03618140793989653,5,78.64209830786669,88.00833649212707,0.020066381082221335,0.023871760278819376,0.014800490824366325,0.00932214628138281,0.022686926155596615,0.01048218029350112,-0.004739336492891044,0.03154574132492116,0.05345911949685522,0.0
2020-08-20,-0.01103449767245641,0.0052329484120254895,5,77.77432225713144,88.46887957681855,-0.017423827484761373,-0.013793122090570514,-0.015704437075279992,-0.014912525075645139,0.006661423363974961,0.014522821576763434,0.0,0.007645259938837912,0.004477611940298498,-0.0818181818181819
2020-08-21,0.03114650479083734,0.022289591528987504,5,80.19672055791732,90.44081476561303,0.035865646325969947,0.03536170241711811,0.03362205359856185,0.03298959458438616,0.017893527028150613,0.0122699386503069,0.014285714285714235,0.02124430955993928,0.02377414561664204,0.08415841584158423
2020-08-24,0.006836117517267382,0.00787541498426459,5,80.74495476415068,91.15307371340722,0.01107039942183674,0.002676602295645286,0.005573378694504,0.007456612789182221,0.00740359438516866,-0.010101010101010055,0.023474178403755763,0.011887072808320909,0.004354136429608024,0.004566210045662267
2020-08-25,0.024560186179039968,0.018979417039720184,5,82.72806588617637,92.88310591386633,0.028149212315636718,0.022672709788020162,0.025193624794284553,0.027448787637094796,0.019336596360163605,0.010204081632652962,0.032110091743119185,0.022026431718061623,0.01300578034682065,0.045454545454545414
2020-08-26,0.022365001630080216,0.0348878596813179,5,84.5782792145741,96.12359867975428,0.029976454057802304,0.022400696482044735,0.01610280376173817,0.02082358441991128,0.022521469428904595,-0.008080808080808133,0.022222222222222143,0.0474137931034484,0.02853067047075597,0.021739130434782705
2020-08-27,-0.00418643199991926,0.0012316349640305898,5,84.22419799997209,96.24198786475672,0.0018952695724023805,-0.005233039999899075,-0.005233039999899075,-0.0076602244659184915,-0.004701125106282039,-0.028513238289205822,0.0,0.0,0.009708737864077666,-0.0021276595744681437
2020-08-28,0.020574937384100923,0.013573499685098665,5,85.95710560004764,97.54832845673228,0.014188273407274965,0.017023019556213104,0.024346929617643343,0.021597792609247046,0.025718671730126152,0.04612159329140475,0.034782608695652195,0.00548696844993124,0.016483516483516425,0.0
2020-08-31,0.006230395702189906,0.013541467662629703,5,86.49265238135085,98.8692759920727,0.008288996631745399,0.008838414795804633,0.005400545787355382,0.0013690757088184458,0.00725494558722567,-0.002004008016032066,-0.004201680672269004,0.009549795361528002,0.025675675675675746,0.002132196162046851
2020-09-01,0.003743264881643382,0.006744818226169114,5,86.81641728953015,99.53613128679218,0.005683097166311268,0.0036242287813790797,0.004003405426378559,0.0007265119320937763,0.004679081102054228,-0.004016064257028162,0.0042194092827005925,0.002702702702702675,0.015810276679841806,0.0
2020-09-02,-0.010095283513275133,-0.006788603121716473,5,85.93998094338554,98.86041999521508,-0.005058620520626167,-0.012619104391593916,-0.01228217716787422,-0.010025070669155534,-0.010491444817125828,-0.030241935483870996,0.0,-0.0013477088948787852,-0.01037613488975353,-0.008510638297872353
2020-09-03,-0.019133988709293857,-0.03229209764229499,5,84.29560631833787,95.6680096597713,-0.025996487965619403,-0.017614964878213957,-0.014470792229397372,-0.014743173960011818,-0.022844524513226744,0.008316008316008316,-0.025210084033613467,-0.037786774628879805,-0.03669724770642202,-0.0042918454935623185
2020-09-04,-0.01027707666700366,-0.016609203097344257,5,83.42929390951277,94.07904025741347,-0.01181541799870306,-0.012846345833754574,-0.008288141065171145,-0.007744305017428038,-0.01069117341996148,-0.00412371134020606,0.0,-0.018232819074333717,-0.020408163265306145,-0.008620689655172376
2020-09-07,0.002280347921277448,0.0014258323187258403,5,83.61954172645298,94.2131811935272,-0.0018079501915708729,0.005005607315389904,0.00285043490159681,0.002503212679374589,0.00285043490159681,0.01863354037267073,-0.008620689655172376,0.0,0.001388888888888884,0.0
2020-09-08,-0.0004681108922890864,0.012650343870394582,5,83.5803985081626,95.40501033274913,0.0055124223602484035,-0.0038460081805787305,-0.0077279957582184755,-0.000585138615361358,0.0043061657324647284,-0.024390243902439046,0.01304347826086949,0.02857142857142847,0.0,-0.019565217391304346
2020-09-09,0.0054500187507812384,0.018155160960991075,5,84.03591324722987,97.13710365182521,0.006812523438476548,0.01110436893203881,0.0005625234384765698,0.001958154506437715,0.006812523438476548,0.0,-0.017167381974249052,0.02499999999999991,0.01941747572815533,0.0
2020-09-10,0.010590537933496291,0.013299315153630968,5,84.92589877425065,98.42896060640174,0.009592339083537016,0.012146469360101775,0.012560665641802582,0.0054150431651697195,0.013238172416870364,0.014583333333333393,0.004366812227074357,0.0027100271002711285,0.03129251700680258,0.0
2020-09-11,0.0039355184371559606,0.0002192388899989062,5,85.26012621466876,98.45054006246883,0.002352662933508637,0.001658528481227578,0.005932911559958454,0.004259767439584755,0.005473721771500378,0.010266940451745254,0.01304347826086949,-0.004054054054054013,0.0026385224274407815,-0.0022172949002217113
2020-09-14,0.0035095110239715677,0.002229268468809911,5,85.55934756752434,98.67001274716739,0.002862498536062019,0.0033139274065739355,0.0037084627284040828,0.00438688877996446,0.0032757776688533413,0.0060975609756097615,0.0042918454935620964,0.0027137042062415073,0.0,0.004444444444444473
2020-09-15,-0.0021320166662504468,-0.0004488381568062822,5,85.37693361255685,98.6257258805139,-0.003170071337863567,-0.004801772969565243,-0.0026650208328130587,-0.002336073464392019,0.002312855273381653,0.002020202020202033,0.008547008547008739,0.0,-0.001315789473684159,-0.019911504424778848
2020-09-16,-0.00800060859867353,-0.01597274081215939,5,84.69386618336785,97.05040272361336,-0.009496728490277412,-0.01317872685003682,-0.003911450870128064,-0.007365714635034881,-0.006050422147890477,-0.002016129032258007,0.012711864406779627,-0.0243572395128554,-0.01054018445322813,-0.015801354401805745
2020-09-17,0.00571338975488489,0.004984993721603435,5,85.1777552507215,97.53419837186965,0.008656888708757637,0.006095712089003613,0.006448255917600565,0.004811510828759247,0.0025545812303033877,-0.0060606060606061,0.004184100418409997,0.00277392510402219,0.009320905459387463,0.0183486238532109
2020-09-18,0.006589720858707837,-0.00045375820299130407,5,85.7390528811951,97.48994142928623,0.008237151073384796,0.010320484406718122,0.009274495471725042,0.007577520466524601,-0.002461047124813376,0.0,-0.008333333333333304,-0.004149377593360981,0.0026385224274407815,0.04279279279279269
2020-09-21,-0.0017514565221336653,-0.00018534399972401297,5,85.58888465782475,97.47187225360886,-0.0021893206526670816,-0.003239740820734305,-0.0021893206526670816,-0.0021893206526670816,0.0010504201680672232,0.0,0.004201680672268893,0.0,0.0,-0.01295896328293722
2020-09-22,0.0012925850812118612,-0.0018485046134545996,5,85.699515573251,97.29169504806602,0.000599471188913181,0.0016157313515148264,0.0026573980181814894,0.0016157313515148264,-2.5406504065017543e-05,0.004065040650406582,0.0,-0.004166666666666652,0.0,0.006564551422319376
2020-09-23,-0.0003234656027567118,-0.0017809522812497012,5,85.67179472779014,97.11842318182352,-0.00091040487793978,0.0006416931011566096,0.0009903681360241556,-0.0013911741087090645,-0.0009478102643154795,0.002024291497975561,-0.004184100418409997,-0.005578800557880181,0.003947368421052699,0.0021739130434783593
2020-09-24,0.008476594168270379,0.013710985412391897,5,86.39799976336498,98.45001246534399,0.008070490185085433,0.010595742710337974,0.00744006248593404,0.005680932749656475,0.010595742710337974,0.010101010101010166,0.0,0.012622720897615736,0.019659239842725995,0.0
2020-09-25,0.0019272185854906088,0.020356823143355008,5,86.56450759425815,100.4541419575621,0.006909023231863265,0.002409023231863261,-0.006247486463427598,0.0014450129490869434,0.005120519978067173,-0.018000000000000016,0.0,0.03462603878116344,0.00385604113110527,-0.010845986984815648
2020-09-28,-0.0018260599434274827,-0.010265396808887986,5,86.40643561441776,99.42294032927137,-0.0043192348070847375,-0.0012321547612171024,0.0024028333705818083,-0.0026026773620628774,-0.0033790661573545044,0.008146639511201537,-0.004201680672269004,-0.018741633199464647,0.001280409731114096,0.004385964912280604
2020-09-29,-0.0004699478747030916,0.0005427353482618422,5,86.36582909364009,99.4769006734162,0.0014327671768231687,-0.0005874348433788645,-0.000928498963433444,-0.0005874348433788645,-0.0016791379001474538,-0.008080808080808133,0.0,0.0013642564802183177,0.0,0.004366812227074357
2020-09-30,-0.0014990175039752084,-0.003304775244516168,5,86.2363652040834,99.1481518746695,-0.0018737718799690106,-0.000818919559293918,-0.0005113740598055028,-0.0018737718799690106,-0.0024172501408386005,0.0,-0.00421940928270037,-0.005449591280654031,0.0,0.0021739130434783593
2020-10-01,-0.011655715403515265,-0.01426543389211418,5,85.231218673831,97.73376046857611,-0.014060479284944,-0.01245100018659745,-0.010802520966722878,-0.0107333271188442,-0.0102312494604678,-0.0020366598778003286,-0.008474576271186529,-0.015068493150684814,-0.01534526854219953,-0.017353579175705125
2020-10-02,-0.011030264045607852,-0.012017844696417842,5,84.29109582692969,96.55921131366784,-0.007155176995785273,-0.013787830057009814,-0.010658483742684355,-0.010865752134931878,-0.012684077297627938,-0.026530612244898166,0.0,-0.012517385257301838,-0.011688311688311748,-0.004415011037527505
2020-10-05,-0.0015529265870177333,-0.0007645920241217996,5,84.16019794317118,96.48538291084192,-0.002465267248447256,0.00019559390297996249,-0.0019411582337721667,-0.0016126431220770399,-0.0019411582337721667,0.002096436058700357,-0.008547008547008517,0.0,-0.0013140604467805073,0.0
2020-10-06,-0.004753899414183427,-0.008880604065353776,5,83.76010882747158,95.62853442711669,-0.004373336610825507,-0.004864788060832764,-0.002421247507165908,-0.005613426899308244,-0.006496697992784711,-0.006276150627615107,-0.004310344827586077,-0.014084507042253502,-0.001315789473684159,0.0022172949002217113
2020-10-07,-0.00789326704427662,-0.014882561894619608,5,83.09896792083867,94.20533684461336,-0.008287636436924706,-0.008784332723094673,-0.003438012376774352,-0.010195964569509108,-0.008760389115080258,-0.006315789473684275,-0.0043290043290044045,-0.02571428571428569,0.0013175230566533358,-0.004424778761062065
2020-10-08,0.005259829162680929,0.014066594178012487,5,83.53605429569738,95.53048508740952,0.007634108487249436,0.006574786453351161,0.0007096838140549788,0.005916891716509026,0.005463675342240043,-0.004237288135593098,0.0,0.02346041055718473,0.0026315789473685403,0.004444444444444473
2020-10-09,0.00914770336779629,0.003298638162190788,5,84.30021734091055,95.84560559117145,0.008775054741660238,0.003825933557571437,0.010718296831521867,0.012090797188748004,0.010328434519479901,0.010638297872340496,0.0304347826086957,0.002865329512893977,-0.002624671916010568,0.004424778761061843
2020-10-12,0.0008633578593224333,0.00021794289307436725,5,84.3729985960944,95.86649445974246,0.001605513113626722,2.434500347789359e-05,0.0010791973241530417,0.0010791973241530417,0.0005285365312014678,-0.002105263157894721,0.0042194092827005925,0.0,0.0,0.0022026431718062955
2020-10-13,-0.0006171616394213597,-0.0032918927104457073,5,84.32092681795794,95.55091224545444,-0.0044634351716395515,0.0023798084549249976,-0.0007714520492766996,0.002189074266512797,-0.002419803697628342,0.014767932489451407,-0.012605042016806789,0.0,-0.011842105263157987,0.00659340659340657
2020-10-14,0.005603820723932085,-0.000545260265463509,5,84.79344617512157,95.4988121296782,0.005965274865414039,0.003813286543212946,0.007719061619200829,0.007337665385607484,0.003183815206225127,0.004158004158004269,0.01276595744680864,-0.0028571428571428914,-0.0013315579227695107,0.015283842794759916
2020-10-15,-0.006402941828804942,-0.002689668915957927,5,84.25051867179837,95.2419519431821,-0.006968480598635557,-0.0059028369498717315,-0.008361843475117953,-0.006003677286006204,-0.004777870834393266,-0.0041407867494824835,-0.008403361344537785,0.0014326647564470996,-0.007999999999999896,-0.012903225806451646
2020-10-16,-0.005883057643110479,-0.008404461319942056,5,83.75486801399022,94.44149464203984,-0.004235318935385007,-0.0084131440877864,-0.004492591724846562,-0.006009736032382695,-0.006264497435151728,-0.012474012474012364,0.004237288135593209,-0.011444921316166146,-0.005376344086021612,-0.004357298474945481
2020-10-19,-0.005772877550292188,-0.0013018961316986594,5,83.27136141670456,94.31854162549354,-0.007216096937865235,0.0012227216275356168,-0.007216096937865235,-0.007891772613540904,-0.007763142889725183,0.0,-0.03375527426160341,0.0,0.002702702702702675,0.002188183807439792
2020-10-21,-0.0003229155268094974,0.00017832696191911375,5,83.24447180116455,94.33536116447425,0.0006489871704354611,-0.0004036444085118718,-4.1849907788299445e-05,-0.0014144260796709052,-0.0004036444085118718,-0.004210526315789331,0.0,-0.0014471780028942893,0.0040431266846361336,0.0
2020-10-22,-0.005395295777201681,-0.0048172128402636325,5,82.79534325398035,93.88092765138184,-0.0051584960428551485,-0.005652416664733567,-0.005657163199762977,-0.005401837842307439,-0.0051065651363492726,-0.00634249471458781,-0.004366812227074135,-0.004347826086956497,-0.005369127516778649,-0.0065502183406113135
2020-10-23,-0.0008174029295610729,0.0011615263582725262,5,82.72766609785053,93.98997282338799,-0.0010217536619513412,-0.0021182448900214923,-0.002113456718719875,-9.60791296350516e-06,0.0011760485358508488,0.0,0.004385964912280604,0.004366812227074135,-0.004048582995951344,-0.00879120879120876
2020-10-26,-0.007002442097534867,-0.005662973972992483,5,82.14837040613612,93.45771005356687,-0.008753052621918583,-0.002202834281307242,-0.008028414940759149,-0.006720532296715348,-0.009307376346974011,0.0,-0.026200873362445365,-0.0028985507246377384,-0.008130081300812941,0.0022172949002217113
2020-10-27,0.0009714523328351099,0.0006241767828290137,5,82.22817363220577,93.51604418635867,0.0012143154160438874,0.0012143154160438874,0.001577687509067116,0.00018972525210947389,0.0006612180709111848,0.0,0.0,-0.0014534883720929148,0.004098360655737654,0.0022123893805308104
2020-10-28,-0.0026453140490577897,-0.006672914348637964,5,82.01065428926813,92.89201963327966,-0.003838557454939273,-0.007790947494057621,-0.0007593354288622511,-0.0019460983436351553,0.0011083684762053514,0.0021276595744681437,0.017937219730941534,-0.010189228529839944,-0.0054421768707483276,-0.017660044150110354
2020-10-29,-0.00018513660693153522,-0.00564115904419843,5,81.99547111500078,92.36800097659153,-0.0007622063212971153,0.0008699008272386455,0.0005038733589826372,0.0031885518815544522,-0.004725802781136296,0.002123142250530785,-0.004405286343612258,-0.002941176470588225,-0.013679890560875485,0.017977528089887507
2020-10-30,-0.009225036033976864,-0.010707186718853439,5,81.239059939342,91.37899954328793,-0.007294006906877842,-0.015956073803533033,-0.007475247844830973,-0.010491073128462758,-0.00490877848617971,-0.016949152542372947,0.017699115044247815,-0.016224188790560423,-0.004160887656033285,-0.026490066225165476
2020-11-02,-0.006146563061864341,-0.01254922081537176,5,80.73971893433826,90.23226430013145,-0.006066824516985619,-0.00877016034906955,-0.0031854527028926383,-0.005594067337079761,-0.007116310403294135,-0.006465517241379226,0.004347826086956497,-0.01799100449775115,-0.00835654596100266,-0.0022675736961451642
2020-11-03,-5.9737190099728996e-05,-0.000561032127387456,5,80.73489577039967,90.18164110093217,-0.0006169708368654325,-0.0033214247343778813,-0.0004563508769376001,0.0013298228943978418,0.002766237603284427,0.002169197396963085,0.01298701298701288,0.0015267175572517555,-0.005617977528090012,-0.011363636363636354
2020-11-04,0.013190837991090332,0.031043780332096028,5,81.79985670073458,92.98122015725741,0.01270066870098413,0.020762051762367173,0.002387937732765355,0.016488547488862915,0.013614984270472086,0.015151515151515138,-0.017094017094017033,0.05640243902439024,0.0,0.011494252873563315
2020-11-05,0.006993365897720305,0.008210914298614503,5,82.3719130290239,93.74468098734926,0.005543413129080049,0.006567794328672133,0.00621645484689784,0.007329277993619293,0.00930988919033221,0.012793176972281328,0.008695652173912993,0.010101010101010166,0.005649717514124353,-0.002272727272727315
2020-11-06,0.0002474352233792887,-0.00023185288261829936,5,82.39229474172441,93.72294601283221,-0.0012696533391969578,0.004619638856810299,0.00459500831493842,-0.005308683498865735,-0.0013991342167895826,0.006315789473684275,-0.01724137931034475,-0.017142857142857237,0.022471910112359383,0.006833712984054774
2020-11-09,0.010364611993214834,0.015579903590330676,5,83.24625890795299,95.1831404759139,0.011909739886916043,0.014052256219588721,0.008595299875239465,0.008834885870639436,0.008430878113690504,0.004184100418409997,-0.004385964912280715,0.01744186046511631,0.016483516483516425,0.018099547511312153
2020-11-10,0.012285604673269867,0.02342605610840125,5,84.26898953542475,97.41290606527649,0.011190339174920683,0.014255684255684242,0.00857129155587305,0.00927592476050626,0.018134783619365102,0.016666666666666607,0.004405286343612369,0.027142857142857135,0.024324324324324298,-0.011111111111111072
2020-11-11,0.0023854512307402986,-0.0036122237727380458,5,84.47000910022527,97.061028850216,0.00042033862858933957,0.0029818140384253733,0.002634108892389214,0.006279967072726156,-0.00038897247842858973,0.010245901639344135,0.0,0.0013908205841446364,-0.01319261213720313,0.013483146067415852
2020-11-12,0.0009125140486145877,0.011758870279517669,5,84.54708917021581,98.20235689766223,0.00012644377780673954,0.0011406425607682347,-0.004414912994787301,0.00047219336290726943,0.007238203536377996,0.0040567951318459805,0.0,0.022222222222222143,0.002673796791443861,-0.024390243902439046
2020-11-13,-0.0011294743776437467,-0.00032570688479160976,5,84.4515953992937,98.17037171391789,0.0016184600582483666,-0.003604825428195041,-0.0010721690590112243,-0.0017451763053879799,-0.0008436611538728545,-0.0121212121212122,0.00877192982456143,-0.0013586956521738358,0.0013333333333331865,-0.002272727272727315
2020-11-16,0.007244458336841686,-0.001841477942086667,5,85.06340146364369,97.98959313984025,0.00343185103966151,0.009055572921052107,0.01041611713873919,0.009388462401744485,0.003930288183011138,0.02249488752556239,0.0,-0.0054421768707483276,-0.0013315579227695107,0.020501138952163878
2020-11-17,-0.005078030463955052,-0.01047393329377303,5,84.63144691964366,96.96325667780961,-0.006347538079943815,-0.005260581558204663,-0.00463755175983438,-0.0016808714132771352,-0.007463609508515268,0.0,-0.004347826086956608,-0.0068399452804377425,-0.01866666666666672,0.0044642857142858094
2020-11-18,-0.0074100456469347485,-0.013774891308905168,5,84.00432403480296,95.62759835611531,-0.0032625570586684305,-0.013629369285742682,-0.006852088739109252,-0.003488100536929356,-0.009818112614224023,-0.02400000000000002,0.017467248908296984,-0.009641873278236734,-0.02309782608695632,0.0022222222222223476
2020-11-19,-0.00430529646783342,-0.0071561803045159566,5,83.6426605152532,94.94327002019112,-0.000770964847086858,-0.005381620584791774,-0.0012091588323578373,-0.00712014631497257,-0.007044591759958058,-0.018442622950819665,0.0,-0.016689847009735748,0.006954102920723182,0.006651884700665134
2020-11-20,0.00015522121891957673,0.008164496385615052,5,83.65564363097204,95.71843400510946,0.0012378678597664006,0.0034129106438211543,-0.0012204006333519368,-0.00394961988519027,0.0012953481095525354,-0.0041753653444677186,-0.012875536480686733,0.005657708628005631,0.016574585635358963,-0.004405286343612258
2020-11-23,-0.00019850953434192854,0.004708163403091772,5,83.63903718810978,96.16909203309358,0.003420626184797937,-0.00024813691792741066,-0.0009513717983775094,-0.002965528222275249,-0.00024813691792741066,-0.01467505241090139,0.0,0.002812939521800395,0.010869565217391353,0.0
2020-11-24,0.004759233286582498,0.004401151461709187,5,84.03709487795314,96.59234677306627,0.005949041608228123,0.0026881720430107503,0.005949041608228123,0.0032608695652173725,0.005949041608228123,0.0,0.01304347826086949,0.0,0.010752688172043001,0.0
2020-11-25,0.004615718698655491,0.00013911017132406598,5,84.42498646816199,96.60578375097448,0.007365393054170444,0.008988532493491047,0.006470910645409139,0.0044398611392768295,-0.0041861038390700045,-0.00638297872340432,-0.012875536480686733,-0.0028050490883591017,0.005319148936170137,0.03982300884955747
2020-11-26,-0.008567979722088604,-0.02265538087157595,5,83.70163489606519,94.41714292569905,-0.016063293710426585,-0.012883887696089003,-0.0026227735274349517,-0.006411032853668952,-0.004858910822823526,0.021413276231263323,0.008695652173912993,-0.03234880450070321,-0.01719576719576721,-0.023404255319148914
2020-11-27,-0.004428383907406808,0.0008876715783931572,5,83.33097192306779,94.50095433998729,-0.0055354798842585096,-0.00445789367736199,-0.006988968256351535,-0.004526058619117201,-0.0006335190999448015,0.0,-0.004310344827586077,0.005813953488372103,-0.004037685060565233,-0.019607843137254832
2020-11-30,-0.000175205197563133,0.008757643712249151,5,83.3163719036689,95.32856002856443,-0.006508314673054544,-0.00021900649695391627,-0.003470451583659079,-0.0015703578483053093,0.010892104614157183,0.02515723270440251,0.0,0.01300578034682065,0.005405405405405572,-0.0444444444444444
2020-12-01,-0.00272072869238269,0.000693286990411872,5,83.08969066008535,95.39465007904693,0.007335285453540036,-0.004483161947729436,-0.005184077769900625,-0.0020568248439729597,-0.009214864353850466,-0.042944785276073594,0.0043290043290042934,0.007132667617689048,-0.005376344086021612,0.023255813953488413
2020-12-02,0.01687541665025303,0.004490548810840092,5,84.49186380931492,95.82302441151988,0.01201307423161968,0.02001668460591971,0.020386055515365875,0.021094270812816285,0.010866998085543589,0.03632478632478642,0.004310344827586299,0.0028328611898016387,0.0,0.040909090909090784
2020-12-03,-0.0032202784482157298,-0.008156417844761774,5,84.21977648124022,95.04145178527072,-0.005571739812846976,-0.0029523866868790827,-0.0015535966478402718,-0.001998321033242656,-0.004025348060269662,0.006185567010309256,-0.0042918454935623185,-0.009887005649717562,-0.008108108108108025,0.0
2020-12-04,0.00414343284063583,-0.0019672430128133815,5,84.56873546894359,94.85448215331851,0.004666995968827581,0.004101704843898213,0.00731909133610148,0.0038168932306313352,0.0008124788237205416,0.002049180327868827,0.004310344827586299,-0.008559201141226769,0.005449591280653809,0.017467248908296984
2020-12-07,-0.0008297752042268458,-0.0017955061344034668,5,84.49856242919864,94.68417034873656,-0.0010372190052835573,-0.0010372190052835573,-0.0006775067750677544,-0.0003597122302158029,-0.0010372190052835573,0.0,0.0,-0.0014388489208632116,-0.0027100271002710175,0.0
2020-12-08,-0.0038250662742300933,0.0008606107350024507,5,84.17534982782979,94.76565656217349,-0.0027363430677364853,-0.002635410096006513,-0.004781332842787617,-0.005800354581918105,-0.0031718907827017473,-0.008179959100204526,-0.008583690987124415,0.0,0.0040760869565219515,-0.006437768240343478
2020-12-09,0.001548807994408774,0.0007086558877258791,5,84.30572128257529,94.83281280265047,0.0014205460754851407,0.0008537589107598942,0.0019360099930109675,0.0015977149997769002,0.0019360099930109675,0.0020618556701033075,0.0043290043290042934,0.0,0.0013531799729362692,0.0
2020-12-10,0.0014569598176114474,0.004327428185875807,5,84.42855133087876,95.24319498971855,0.005936426109462878,-0.0003339726417787847,-0.0003401835132882669,0.0018211997720143092,0.00020132936164710125,-0.016460905349794275,0.008620689655172376,0.008645533141210304,0.0,0.006479481641468832
2020-12-11,-0.003592563570475793,-0.0012789778913501677,5,84.12523639305941,95.12138104902516,0.0012624336122190882,-0.006627456599846926,-0.004490704463094741,-0.004152866625256935,-0.0039542237763994514,-0.023012552301255318,0.008547008547008739,0.0,-0.0013513513513512265,-0.0021459227467811592
2020-12-14,-0.001535443721942875,-0.0006490714924264647,5,83.99606682698271,95.05964047226601,-0.001919304652428594,0.00019933941536803834,-0.001919304652428594,-0.0015810096591944711,-0.002456939061030755,0.0,-0.008474576271186529,0.0,-0.0013531799729364913,0.0021505376344086446
2020-12-15,-0.003988652077270749,-0.006196177568066548,5,83.6610357405507,94.47063406034327,-0.0033798193792436704,-0.006054191164964501,-0.002485815096588434,-0.004647061709054573,-0.003376373036502567,-0.0064239828693790635,0.004273504273504258,-0.010000000000000009,-0.0013550135501354532,-0.006437768240343478
2020-12-16,-0.0038958078781784478,-0.009735484864265554,5,83.3351084184161,93.55091663233122,-0.002714587433929966,-0.0038059300604890156,-0.00018000515796837147,-0.00520897287350322,-0.0075695438650016655,-0.008620689655172376,-0.004255319148936176,-0.018759018759018753,0.0013568521031206426,0.010799136069114423
2020-12-17,0.0026784243349024183,0.007648897843113697,5,83.55831520075571,94.26647803678158,0.004434986940367119,0.003348030418628023,-0.0006960872284307862,0.004025537193695777,0.0022796543502519584,-0.004347826086956386,0.0,0.016176470588235237,-0.0027100271002710175,0.004273504273504258
2020-12-18,0.0047244831745151036,0.0009623548806092396,5,83.95308505501251,94.35719584199812,0.004813900911375346,0.004837227899767815,0.00554380946742028,0.006245277881187339,0.0021821997128247395,0.004366812227074135,0.004273504273504258,0.0014471780028944004,-0.0013586956521738358,0.014893617021276562
2020-12-21,0.0029252519956196378,0.0019704540385874253,5,84.1986689846081,94.54312235961477,0.003656564994524547,0.0025927352072904752,0.003656564994524547,0.0026361568312592287,0.00208423795049939,0.0,0.004255319148936287,0.0,0.004081632653061273,0.0062893081761006275
2020-12-22,0.0013003561778433203,0.0002638248183317515,5,84.30815724398842,94.56806518169581,0.0005384887005649708,0.0005661231884058482,0.0016254452223041504,0.0016254452223041504,0.002146278555637482,0.004347826086956719,0.004237288135593209,0.0,0.0,-0.002083333333333326
2020-12-23,0.014492914721657434,0.004289394924498629,5,85.53002817726563,94.97370496050583,0.007834758120686514,0.017061291081396646,0.017754871725771226,0.01743863662700401,0.012375016053428778,0.04112554112554112,0.0042194092827005925,0.0014450867052022698,0.0027100271002711285,0.022964509394572064
2020-12-24,-0.0024301352872781123,0.00970530615355176,5,85.32217863767018,95.89545384368463,0.0021598360884075296,-0.0030376691090976404,-0.005562921634350182,-0.0067538853253138464,0.0010439635439635775,-0.02079002079002068,0.0,0.010101010101010166,0.014864864864864824,-0.01632653061224487
2020-12-28,0.008867986222773138,0.005740082128183692,5,86.07881454232603,96.44590162446683,0.008961840527935638,0.008984142442331977,0.0103706970641807,0.009087645894311935,0.006935605185105442,0.00849256900212314,0.008403361344537785,0.0028571428571428914,0.007989347536617952,0.016597510373443924
2020-12-29,0.012261367692849245,0.020026432077333053,5,87.13425853799406,98.37736892248637,0.015853025405535237,0.01324337628272823,0.00677970106905304,0.013675454662296721,0.011755281044632998,-0.002105263157894721,0.008333333333333304,0.03418803418803407,0.006605019815059343,0.014285714285714235
2020-12-30,0.0270781995737019,0.007167720339879496,5,89.4936973803924,99.08251039069589,0.02910091402408943,0.02558328665720999,0.03212598638172792,0.033847749467127375,0.01473306133835478,0.018987341772151778,0.03305785123966953,0.00688705234159781,0.0,0.07645875251509038
2021-01-04,-0.0048616329190455335,-0.004610791254372231,5,89.05861187516079,98.62566161832522,-0.002453852743009799,-0.007077041148806917,-0.00402505756467561,-0.0060770411488069165,-0.004675171989928423,-0.01449275362318847,0.0040000000000000036,-0.008207934336525224,0.0,-0.005607476635513975
2021-01-05,-0.007872173204574274,0.0003005698985063656,5,88.35752705712056,98.65530552342796,-0.007739376169583395,-0.008844200569462835,-0.008460906160890236,-0.012464888421728354,-0.0018514947012065464,-0.008403361344537785,-0.003984063745020028,-0.0055172413793104225,0.01049868766404205,-0.03195488721804518
2021-01-06,-0.004114285714285693,-0.0011767137444977293,5,87.99399894579985,98.53921646945093,-0.005142857142857116,-0.0071428571428571175,-0.00479611650485437,-0.005142857142857116,0.0016532593619972558,0.0,0.008000000000000007,-0.001386962552010984,0.0,-0.027184466019417486
2021-01-07,0.004515409711796625,-0.004434369024239002,5,88.39132790321952,98.10225722026603,0.006703584173644056,0.0006839446794283388,0.0056442621397457815,0.00889101538649903,0.0006542421796659204,-0.004237288135593098,0.01984126984126977,0.0,-0.012987012987012991,0.019960079840319445
2021-01-08,0.006007094810675362,0.004013527324478024,5,88.92230299037566,98.49599331021254,0.005381208938876114,0.004590580575601022,0.007508868513344202,0.005535184302817908,0.007019631722737563,0.008510638297872353,0.011673151750972721,0.0,0.007894736842105177,0.001956947162426559
2021-01-11,0.0007218159757267584,-0.002978217661956192,5,88.98648852927252,98.20265080330415,0.0014296961299959943,-0.0010208069534184683,0.000902269969658448,0.00286049451273937,-0.000562573780341552,-0.002109704641350185,0.007692307692307665,0.0,-0.007832898172323688,0.005859375
2021-01-12,-4.032517142587011e-05,0.0008176860857867106,5,88.98290013386799,98.28294974445338,-0.0011074889167135837,-0.001004604937564768,-0.0007448509087267796,0.00027854090413870214,0.0023767780017370788,0.004228329809724984,0.003816793893129722,0.002777777777777768,-0.001315789473684159,-0.009708737864077666
2021-01-13,-0.0001445279621833162,0.007146020028945604,5,88.97003961664248,98.9852816718311,0.0019246032051656037,0.0017204807316814896,-0.004335784606468773,0.0001487208114342442,-0.00018065995272914526,-0.008421052631578996,-0.0076045627376425395,0.016620498614958512,-0.0013175230566535578,0.0
2021-01-14,-0.005465199666403286,-0.004479152544880736,5,88.48380058580972,98.54191149552499,-0.006300714020371412,-0.0049157907707435555,-0.008534496858208451,-0.002214085334983018,-0.005360911347709996,-0.002123142250530785,-0.00766283524904221,0.006811989100817373,-0.01846965699208436,-0.00588235294117645
2021-01-15,0.0006553515345363081,-0.0034409680512716024,5,88.54178858030524,98.20283192635765,-0.001840385049914739,0.0017844403834213207,0.001157484411404508,0.0028353184504284756,-0.0006601005226580248,0.010638297872340496,-0.0038610038610037423,-0.0013531799729364913,-0.008064516129032362,0.00591715976331364
2021-01-18,-0.0014306422133988582,-0.006273462679570173,5,88.41511695991242,97.58676012523954,-0.001788302766748573,-0.0037262872628726074,-0.00043328921661309194,0.0005829709459885535,-0.001788302766748573,0.0,0.007751937984496138,-0.005420054200541924,-0.009485094850948506,0.0
2021-01-19,-0.004869843195938995,-0.00875246243273407,5,87.98454920416704,96.73263567331114,-0.006087303994923743,-0.005125765533385257,-0.005065505629801098,-0.0019833368266611306,-0.006087303994923743,0.0,-0.0038461538461539435,-0.004087193460490579,-0.01641586867305045,0.0
2021-01-20,0.0011733113453278987,0.0074347917652233895,5,88.08778247396184,97.45182267644343,0.0014666391816598734,0.0033971411121618,-0.003321322514646591,0.0028574597658045375,0.0014666391816598734,0.0,-0.007722007722007707,0.019151846785225857,-0.0055632823365786566,0.0
2021-01-21,0.0022862413903617096,0.005639518632734764,5,88.289172408239,98.00140404622118,0.0033841175274258173,0.002857801737952137,0.003528942677549468,-0.0016876528075023822,0.003347997816383508,-0.002105263157894721,0.0,-0.0026845637583893245,0.018181818181818077,-0.0019607843137254832
2021-01-22,-0.0066345420141400435,-0.004321745849443825,5,87.70341418450288,97.57786688504476,-0.007765751357337508,-0.0034293642881030595,-0.008629651272722194,-0.005545924770422317,-0.007802018382115139,-0.002109704641350185,-0.01945525291828798,0.0013458950201885589,-0.01098901098901095,-0.0019646365422396617
2021-01-25,-0.003873713106498644,-0.005705612710465988,5,87.36367631949169,97.0211253674853,-0.002199435252045051,-0.005834204875186794,-0.0024899908454888986,-0.004494919160901112,-0.004350015398871365,-0.010570824524313016,0.003968253968253954,-0.009408602150537626,-0.001388888888888773,-0.0019685039370077595
2021-01-26,-0.0005740547521608796,-0.0014074961944211329,5,87.31352478593423,96.8845685027521,-0.00018338040601306727,-0.0017057107326912124,-3.9142388640722725e-05,-0.0007175684402010996,-0.00022447179325829625,-0.002136752136752129,0.0039525691699604515,-0.0027137042062415073,0.0,-0.0019723865877712132
2021-01-27,-0.0105525780740918,-0.002072940734506128,5,86.39214199870652,96.6837325341577,-0.006766739723235743,-0.012206470624110843,-0.013190722592614751,-0.012843017446578564,-0.007755939983919102,-0.025695931477516032,-0.00393700787401563,0.0,-0.0013908205841447474,-0.021739130434782594
2021-01-28,-0.0012719371725582683,-0.003560623979169216,5,86.28225662188143,96.33947811770099,-0.002688822564598986,-0.0006017791732076949,0.00011075880641100988,-0.0015899214656978355,-0.0015899214656978355,0.004395604395604602,-0.0039525691699605625,-0.006802721088435382,0.0,0.0
2021-01-29,0.0036601793213582702,0.00012200147670726704,5,86.59806515336896,96.35123167629655,-0.0003481894150417497,0.004575224151697838,0.004575224151697838,0.004923413566739587,0.004575224151697838,0.01969365426695835,0.0,0.0,-0.0013927576601669989,0.0
2021-02-01,-0.004318148895720575,0.00795785872413898,5,86.2241218139554,97.11798116587329,0.0021130434940832277,-0.0034135591355237416,-0.010192206667595932,-0.00470033604991571,-0.005397686119650719,-0.030042918454935785,-0.007936507936507908,0.019178082191780854,-0.002789400278940035,0.0
2021-02-02,-0.0010961269960413356,-5.094259310288235e-05,5,86.12960922632517,97.11303372407578,0.0025015226708774985,-0.0023701587450516703,-0.0017061802504279855,-0.001020508395401326,-0.0028853102602031944,-0.015486725663716672,0.0040000000000000036,0.0013440860215052641,-0.0013986013986013734,0.0060606060606061
2021-02-03,0.0019835196954345103,0.005680290273303074,5,86.30044900258567,97.66466394494961,-0.005385768920032702,0.013435574918097937,0.0028149700890917895,-0.0024225611650205703,0.0014753835550360972,0.03146067415730336,-0.043824701195219196,-0.0013422818791946067,0.019607843137254832,0.004016064257028162
2021-02-04,-0.006793468840527672,-3.5832709946453695e-05,5,85.71416959136306,97.66116435537444,-0.006313186813186822,-0.00849183605065959,-0.00849183605065959,-0.009178649237472775,-0.001491836050659584,-0.008714596949891074,0.0,0.0,0.0027472527472527375,-0.028000000000000025
2021-02-05,0.011778423219234257,0.0074356216505905995,5,86.72374735669534,98.38733582347714,0.010327424628438442,0.01055636235737617,0.014387007518666506,0.010955905736371618,0.012665415855318551,0.01758241758241752,0.016666666666666607,0.0013440860215052641,0.015068493150684814,0.008230452674897082
2021-02-08,0.0030510999810603014,0.001288301082012922,5,86.98835018061281,98.5140883346749,0.005973702190148283,-0.0023336660072812154,0.005156156855520039,0.001114819645691073,0.005344487221223326,-0.008639308855291628,0.024590163934426368,-0.005369127516778649,0.010796221322537214,-0.006122448979591799
2021-02-09,0.003421212848023458,0.0024146081744165905,5,87.2859558418791,98.751961257663,0.0010085422038201286,0.004276516060029323,0.003601752227370747,0.00394273768886777,0.004276516060029323,0.013071895424836777,0.0,0.0026990553306343035,0.001335113484646211,0.0
2021-02-10,0.004795930845048568,0.00553481837871853,5,87.7045732498407,99.29853542776641,0.004382010330504282,0.0049949135563107094,0.0036395972709809543,0.00599491355631071,0.004968219511136185,0.006451612903225712,0.0040000000000000036,0.009421265141319024,0.0,0.004106776180698102
2021-02-11,0.004542480615005284,0.007113438806911774,5,88.10296957367544,100.00488948314779,0.004609724700380485,0.002690052959991668,0.0036781007687566036,0.004011434102089956,0.007723090543807709,0.00427350427350448,0.01195219123505975,0.008000000000000007,0.006666666666666599,-0.008179959100204415
2021-02-12,0.007493857260827186,0.004031118406043095,5,88.76320065191557,100.40802103383761,0.00404817263986379,0.009367321576033982,0.009036633745346134,0.007711692436961126,0.007305465905930897,0.02127659574468077,0.0,0.001322751322751392,0.0066225165562914245,0.008247422680412342
2021-02-15,-0.001398227457517387,0.002356180292013635,5,88.63908950754693,100.64460043415761,-0.0017477843218967337,-0.0017477843218967337,-0.0027385372941556574,-0.0020767316903177735,0.0013197003406799634,0.0,0.0,0.003963011889035695,0.001315789473684159,-0.012269938650306789
2021-02-16,0.0021389256537418964,0.018947666336578694,5,88.82868193001894,102.55158074176232,0.004236157067177393,0.007594916909697047,-0.0039052903012437024,-0.0009400091614691908,0.003708853754547936,-0.006250000000000089,-0.019685039370078705,0.026315789473684292,0.014454664914586246,-0.0041407867494822614
2021-02-17,0.0006578197349533576,-0.003388618445882637,5,88.8871151900224,102.20407256360635,-0.00022594336065842602,0.0008222746686916971,0.003706890053307099,-0.0007968963157642672,-0.00021722637080931473,0.004192872117400492,0.0,-0.011538461538461608,0.006476683937823857,0.004158004158004047
2021-02-18,0.0013444708455352394,-0.0009274987983471474,5,89.00662132493912,102.10927840911741,0.0011586678888605983,-0.0003274435715950319,0.0029776054181382128,0.000715337591668086,0.002198186900604332,0.0020876826722338038,0.008032128514056325,-0.005188067444876654,0.0038610038610038533,-0.0020703933747411307
2021-02-19,0.00707140760237217,0.006937992342425732,5,89.63602342363774,102.8177118008105,0.00831842616963191,0.0038591798216903173,0.00818736902056627,0.0056341312978370195,0.009357931702135336,0.002083333333333215,0.019920318725099584,0.0026075619295957697,0.012820512820512775,-0.0020746887966804906
2021-02-22,0.0014291553973205585,-0.004970156216770589,5,89.76412723030798,102.30669171130957,-0.0008123083521019425,0.001786444246650698,0.0034119318929445863,0.0030522670314608313,-0.0002925578323513811,0.010395010395010562,0.0,-0.006501950585175553,-0.005063291139240533,0.008316008316008316
2021-02-23,-0.00651286789530805,-0.0060190079727060345,5,89.17950532791936,101.69090691823801,-0.009684294745678224,-0.008141084869135062,-0.008141084869135062,-0.004642357133766123,-0.0019555178588257782,0.006172839506172645,0.0,0.0,-0.013994910941475758,-0.024742268041237137
2021-02-24,0.008001969424127476,-0.006260017902259027,5,89.89311700281219,101.05432002043288,0.00846871944887101,0.006096211780159344,0.011638587434609604,0.012260526296288377,0.0015458021607090422,0.006134969325153339,0.015625,-0.00654450261780104,-0.00903225806451613,0.03382663847780121
2021-02-25,-0.005133481863664757,-0.003646117729667537,5,89.43165231700996,100.68586407254689,-0.0038762019230768885,-0.00449377540650403,-0.0064168523295809465,-0.004463727329580974,-0.0064168523295809465,-0.010162601626016232,-0.007692307692307665,0.0,-0.007812499999999889,0.0
2021-02-26,0.005472470611772184,0.006639672888618983,5,89.92106440607702,101.35438527449654,0.007353935287302493,0.003933611520529179,0.00716996902887862,0.0025754964011981962,0.006329340820952434,-0.002053388090349051,0.011627906976744207,-0.0013175230566535578,0.017060367454068137,0.002044989775051187
2021-03-01,-0.002562472809060745,0.00014864795077923113,5,89.69064412357464,101.36945139617009,-0.001145477842601661,-0.002245236605195655,-0.0032030910113259314,-0.003525671656487206,-0.0026928869296932723,-0.008230452674897082,-0.003831417624521105,0.0,0.001290322580645098,-0.0020408163265306367
2021-03-02,0.004029695759971497,0.0004888258748364555,5,90.05207013190852,101.41900340693053,0.007111808496644861,0.004075581238425913,0.0043774890931041754,0.005681449596871557,-0.0010978496251890235,-0.008298755186721962,0.0038461538461538325,0.0026385224274407815,-0.002577319587628746,0.024539877300613577
2021-03-03,0.008978587093458935,-0.005110120777869905,5,90.86061048653413,100.90074005034992,0.011223233866823668,0.011223233866823668,0.012210075972086815,0.013484215778968384,-0.003247824017407863,0.0,0.0,-0.003947368421052588,-0.009043927648578864,0.05788423153692612
2021-03-04,-0.01608936524589504,-0.004628815521082322,5,89.3987209379513,100.43368913871618,-0.01958869400506752,-0.020111706557368797,-0.020111706557368797,-0.017504144627772972,-0.0031305744818971026,-0.0020920502092051096,0.0,0.0,-0.010430247718383301,-0.06792452830188678
2021-03-05,0.012582503527662325,0.005712880908496695,5,90.52358065952156,101.00745484396666,0.01415580236555275,0.016685983815708183,0.014407125446566027,0.014081225588761015,0.003582380421723652,0.0062893081761006275,-0.003831417624521105,0.005284015852047519,0.006587615283267567,0.04858299595141702
2021-03-08,-0.011357059276535252,-0.0022120357723189156,5,89.49549898804715,100.78402274058091,-0.013675490762335735,-0.011311708711053664,-0.01386780898397394,-0.013869098964778975,-0.004061188960533951,-0.002083333333333326,-0.011538461538461608,-0.0013140604467805073,-0.0013089005235603635,-0.04054054054054046
2021-03-09,-0.00420971112372488,0.0074131851821384155,5,89.11874879043386,101.5311533645577,-0.003174456232422268,-0.0013710883209985258,-0.005591086273077139,-0.010176948865337598,-0.0007349759267888667,-0.008350730688935326,-0.015564202334630295,0.001315789473684159,0.019659239842725995,-0.01810865191146893
2021-03-10,0.0030593010326165127,0.011136053017212237,5,89.39138987063392,102.66180967132411,0.0054030736591917095,-0.00012844287918981068,-0.00011805504957104751,0.0022174424861433895,0.007922486946508323,-0.006315789473684275,0.015810276679841806,0.015768725361366753,0.006426735218509005,-0.016393442622950727
2021-03-11,0.00489719247646152,0.010169849278125441,5,89.82915671256883,103.70586480230106,0.007180812629475175,0.005148727949662507,0.0015936768827696512,0.005482920991490031,0.005079823928910238,-0.004237288135593098,0.0038910505836575737,0.018111254851228997,0.0025542784163474774,0.004166666666666652
2021-03-12,0.014295355963564882,0.016185267287784688,5,91.11329648368185,105.38437194343717,0.017337280060839066,0.016900202706394085,0.013739588855345541,0.013410596228341454,0.010089111966904263,0.0021276595744681437,0.003875968992248069,0.016518424396442244,0.017834394904458595,0.03112033195020736
2021-03-15,-0.009149138084461739,-0.0038675244054582818,5,90.27968835282213,104.97679531299204,-0.009844065917679085,-0.009505920675075247,-0.011436422605577173,-0.009559075922222965,-0.005400205301754224,-0.006369426751592355,-0.007722007722007707,0.0,-0.007509386733416834,-0.024144869215291798
2021-03-16,0.0004961688687817433,0.003740394203049543,5,90.32448232366612,105.36944990963548,0.001688587154353216,0.0006202110859771792,0.0003077110859771859,-0.0012713399859018149,0.0011356750035029506,-0.004273504273504147,0.0,0.0012499999999999734,0.007566204287515976,-0.0020618556701030855
2021-03-17,0.003466780368995015,0.004038732289426453,5,90.63761746582544,105.79500890930463,0.0037969947745485066,0.005306238107158134,0.003085036010557124,0.003394802119566692,0.0017508308331446176,0.0021459227467810482,-0.0038910505836574627,0.004993757802746579,0.003754693366708306,0.010330578512396604
2021-03-18,0.02398982103749394,0.028302477533840936,5,92.81199768809543,108.78926977215274,0.02891661248530425,0.021198213796867427,0.020670506110532005,0.025311465823051993,0.023852306971714032,0.004282655246252709,0.03515625,0.037267080745341685,0.018703241895261735,0.024539877300613577
2021-03-19,0.012261173758321276,0.006482130196209736,5,93.9499817186061,109.49445598276641,0.013727320076366456,0.0030623162545053706,0.01592526959311119,0.012266491677705771,0.01632447118991759,0.006396588486140553,0.049056603773584895,-0.0023952095808383866,0.012239902080783294,-0.003992015968063978
2021-03-22,-0.007772442429474525,-0.008023172278772561,5,93.21976089444806,108.61596309884621,-0.00812656998599573,-0.008816272461303565,-0.00821495279674711,-0.00699487589053116,-0.006709541012795056,-0.0063559322033897026,-0.003597122302158362,-0.00600240096038418,-0.01088270858524798,-0.012024048096192397
2021-03-23,0.0025993338752835935,0.005790368627318731,5,93.46207017678684,109.24488956399976,0.0016500202225693539,0.005956748571541326,0.0017395055083556932,0.0014154265128085985,0.002234968561142997,0.006396588486140553,-0.010830324909747335,0.006038647342995196,0.007334963325183574,0.0040567951318459805
2021-03-24,-0.0149910723286228,0.009262400024954912,5,92.06097352278381,110.25675943182354,-0.0070862980378971485,-0.0187388404107785,-0.020839680746912947,-0.02268301516806004,-0.0056075272794653686,-0.04661016949152541,0.0,0.008403361344537785,0.01577669902912615,-0.05252525252525253
2021-03-25,-0.007784946515474478,-0.0011442950298949863,5,91.34428376774643,110.13059316999336,-0.00806451647767642,-0.006993956866970852,-0.008838326001485958,-0.010627240492013329,-0.004400692739225831,-0.00666666666666671,-0.010948905109488982,-0.0035714285714285587,0.0035842293906809264,-0.021321961620469065
2021-03-26,-0.008092353178188105,-0.019180631141506595,5,90.60509356268919,108.0182188850044,-0.00787830500741074,-0.01103795069782737,-0.005037783169270366,-0.0047582986155922935,-0.011749428400839756,-0.008948545861297563,0.0036900369003689537,-0.020310633213859064,-0.021428571428571352,0.0065359477124184995
2021-03-29,-0.03019205489557828,-0.06174644793750085,5,87.86953960402548,101.3484775563199,-0.031532393675906295,-0.02946800979594344,-0.016703483253619172,-0.02739943601606651,-0.04585695173635598,-0.02483069977426622,-0.03308823529411764,-0.08414634146341471,-0.041362530413625365,0.032467532467532534
2021-03-30,0.023221164874625933,0.01705733071666676,5,89.90997267062801,103.07721205562873,0.02844775238957875,0.02237246369784518,0.026363340247743117,0.02299853731155649,0.015923730726406127,0.0023148148148146586,0.026615969581748944,0.010652463382157196,0.02411167512690371,0.052410901467505155
2021-03-31,0.004357910062879111,0.008911389552585271,5,90.30179224528251,103.99577324625089,0.0008284499342570972,0.011002943134154453,0.005447387578598889,-0.0004386099430863377,0.004949379610471455,0.018475750577367167,-0.022222222222222254,0.0,0.023543990086740907,0.0019920318725097363
2021-04-01,-0.012973872975307655,0.008005960826209262,5,89.1302282632496,104.82835933295172,-0.015650447795098305,0.007456901205107863,-0.023463718030728747,-0.015006687466107949,-0.018205412789711134,-0.0022675736961450532,-0.09469696969696972,0.02898550724637672,-0.004842615012106477,0.007952286282306265
2021-04-06,-0.006791271443231506,-0.010177056729231918,5,88.5249206893167,103.76151517318795,-0.009057271122221183,-0.008489089304039382,-0.008168986871260914,-0.0027105004962534873,-0.005530509422382562,0.002272727272727204,0.0,-0.001280409731113874,-0.02311435523114358,-0.01183431952662728
2021-04-07,-0.004707458645597007,-0.012466141912993249,5,88.10819328606699,102.46800939993179,-0.006451216731032522,-0.0037922730977912322,-0.0013971438198167596,-0.004016328288316329,-0.007880331291028192,0.0022675736961450532,-0.008368200836820106,-0.017948717948717996,-0.00747198007471972,0.007984031936127733
2021-04-08,-0.008280631027926422,-0.011097676534807529,5,87.37860184692785,101.33085257644574,-0.010916399644636532,-0.011405641105583175,-0.00512885667002555,-0.010037112498835238,-0.0039151452205516135,0.002262443438914019,0.0042194092827005925,-0.02088772845952991,-0.0012547051442911572,-0.025742574257425654
2021-04-09,0.005323724312620026,0.004943962501318739,5,87.8437814339831,101.83182851181034,0.006654655390775033,0.006654655390775033,0.00532132205744168,0.005398373983739824,0.002589614740368562,0.0,0.0,0.005333333333333412,0.005025125628140836,0.016260162601625883
2021-04-12,0.0048611311341692385,0.0068286055661718244,5,88.270801574855,102.52719790279956,0.00551207983193272,0.007126834085778799,0.006076413917711548,0.0020139139177115795,0.003576413917711546,0.0022573363431153126,-0.004201680672269004,0.0,0.016249999999999876,0.010000000000000009
2021-04-13,0.003772641938663823,0.007033303178113607,5,88.60381570283577,103.2483027696524,0.005278865486392892,0.005770654744004872,0.0023948475161680027,0.0031782870481760483,0.0022405548985773016,-0.0022522522522524513,-0.00421940928270037,0.009283819628647105,0.006150061500614923,0.00990099009900991
2021-04-14,0.009100350356122422,0.00819483217749673,5,89.41014146862088,104.09440528346107,0.014197108374046918,0.011375437945153027,0.009732862386677338,0.00862482669820927,0.0015715163765255558,-0.011286681715575564,0.0,0.006570302233902758,0.011002444987775029,0.03921568627450989
2021-04-15,0.0017831577335555072,0.0076411098302039595,5,89.56957385383893,104.88980206694178,-5.415785588669397e-05,0.006466235302537621,0.0005970933810435786,-0.0007940274400689007,0.002700645280151931,0.009132420091324311,-0.016949152542372947,0.006527415143603221,0.012091898428053138,-0.0018867924528301883
2021-04-16,0.007463067433641446,0.006266106966747168,5,90.23803762351265,105.54705278641417,0.01046005601150879,0.005018489464465564,0.007383309000222965,0.008432776944381576,0.0060207057476283354,-0.004524886877827927,0.017241379310344973,0.0077821011673153695,0.0035842293906809264,0.013232514177693888
2021-04-19,-0.007127808287686932,-0.006553841585672978,5,89.59483819107518,104.85531412261734,-0.008341578541426808,-0.00573179425791373,-0.008588010037858307,-0.005933569883418199,-0.007044088717817615,-0.002272727272727426,-0.012711864406779738,-0.0012870012870014325,-0.011904761904761862,-0.007462686567164201
2021-04-20,0.006177650603356311,0.011276031991787398,5,90.1483237972839,106.0376659991729,0.007152587172190805,0.007722063254195388,0.004822578718112869,0.004408810242147232,0.006782213630135259,0.002277904328018332,0.0,0.011597938144330078,0.013253012048192625,0.003759398496240518
2021-04-21,-0.01419228086284432,0.0008313938189052844,5,88.8689134666382,106.12582505925576,-0.014899441987646256,-0.0177403510785554,-0.0177403510785554,-0.01922667688117133,-0.0013545832882932152,-0.011363636363636576,0.0,0.0,0.005945303210463715,-0.06554307116104874
2021-04-22,-0.010914607854108516,-0.022774860828404422,5,87.89894412572914,103.70882416323161,-0.011344409242922987,-0.014716221191026169,-0.0053630050405656104,-0.009506143978392168,-0.013643259817635645,-0.00919540229885063,0.0042918454935620964,-0.033121019108280136,-0.016548463356973908,0.0
2021-04-23,0.010997991887845938,0.015443278606398447,5,88.86565600017416,105.3104284287264,0.010847257841245878,0.009473985586303107,0.006171732284049852,0.013747489859807421,0.014749493867823427,0.011600928074246175,0.017094017094017255,0.030303030303030276,0.0,-0.004008016032064021
2021-04-26,0.001251350729642464,0.002119638200107087,5,88.97685810365013,105.53364843569358,0.002710977402878789,0.0015641884120530802,0.0015641884120530802,0.0003622653351300076,5.51340860973637e-05,-0.004587155963302836,0.0,0.0,0.004807692307692291,0.006036217303822866
2021-04-27,-0.011913751400423878,-0.021376118530380853,5,87.91680993581245,103.27774865778865,-0.013740115517810986,-0.014892189250529847,-0.015211882345158995,-0.002332380638089687,-0.013392189250529873,-0.004608294930875445,0.0,0.0012787723785165905,-0.05023923444976064,-0.005999999999999894
2021-04-28,0.00056963724541228,0.0060193687660988655,5,87.96689062524973,103.89941551229234,-0.0004453608506420348,-0.0013887937793690963,-0.0012036622554952026,-0.0008622607480205657,0.006748263860588299,0.004629629629629539,0.008403361344537785,0.00766283524904221,0.006297229219143663,-0.024144869215291798
2021-04-29,0.0028269109176630503,-0.0018284479431070785,5,88.21556518875113,103.70944083970886,0.0018055280480004654,0.003533638647078813,0.006385349673694807,0.0019691830776169816,0.0004408551419241846,0.00691244239631339,0.0,-0.011406844106463976,0.006257822277847325,0.012371134020618513
2021-04-30,0.008525307933730542,0.003915453779588644,5,88.9676300465333,104.11551036182371,0.00951247015743778,0.006489968250496525,0.009695096455624719,0.01034568964353133,0.006583315161562353,0.004576659038901587,0.016666666666666607,0.0038461538461538325,0.0012437810945273853,0.016293279022403295
2021-05-03,-0.00048318301210714676,0.00011234503602970757,5,88.9246423990674,104.12720722258655,-0.0011734548471385164,-0.005726929584806056,-0.0015618331712642097,0.0006382572597108116,0.005408045282962237,0.002277904328018332,0.020491803278688492,0.003831417624521105,-0.00496894409937898,-0.024048096192384683
2021-05-04,-0.00017910740554445416,0.0028187728178423114,5,88.90871533707832,104.42071816390342,0.002617024833978576,-0.00022388425693056768,-0.0018142150457346184,-0.00022388425693056768,-0.0012505783021050931,-0.011363636363636576,0.0,0.006361323155216203,0.0,0.004106776180698102
2021-05-05,0.0059671913655016786,0.008120239554390316,5,89.43925065555558,105.26863940983577,0.008608414494233385,0.003442924949848991,0.005562655452136245,0.00527422016817547,0.006947741763114301,-0.0045977011494251485,0.016064257028112428,0.007585335018963413,0.008739076154806513,0.002044989775051187
2021-05-06,0.010529106899912533,0.016613006259092327,5,90.38096608675599,107.01746797523751,0.009119813186091563,0.013161383624890666,0.010338297050235756,0.006354452931821353,0.013671587706523325,0.01616628175519641,0.0,0.011292346298619638,0.027227722772277252,-0.0020408163265306367
2021-05-07,0.003929314441090281,0.009505473637446114,5,90.73610132200038,108.03471969582235,0.006048006687726509,0.005899785343852992,0.0021200797759285683,0.0022007996778688754,0.0033779007200744615,-0.00454545454545463,-0.0039525691699605625,0.011166253101737134,0.010843373493975905,0.006134969325153561
2021-05-10,0.003112187090822993,0.0053937285077304605,5,91.01848904520632,108.61742964327038,0.0033194576078210136,0.004882297355592202,0.0032767369310134076,0.0012084698587611908,0.0028739737009271515,0.0022831050228309113,-0.003968253968253843,0.0024539877300613355,0.010727056019070202,0.00406504065040636
2021-05-11,0.0024425199720381264,0.0028408392890056475,5,91.24080352252398,108.9259943048718,0.003053149965047658,0.004049165901302665,0.001829159756969373,0.002758338644292896,0.00052278559257804,0.0,-0.003984063745020028,0.00489596083231314,0.001179245283019048,0.010121457489878471
2021-05-12,-0.00804603891562421,-0.012414125885159779,5,90.50667646668893,107.57377329940492,-0.010057548644530262,-0.006057548644530286,-0.007621495051351207,-0.0059350515891709865,-0.010558550648538306,0.0,-0.015999999999999903,-0.00974421437271622,-0.016489988221437102,0.002004008016032177
2021-05-13,0.0025287038483305046,0.005853029190545507,5,90.73554104776986,108.20340573466345,0.002591403728408548,0.00011209932260830557,0.0013158613602285985,0.0019632750199939375,0.006660879810413134,0.002277904328018332,0.012195121951219301,0.0073800738007381295,0.004790419161676773,-0.014000000000000012
2021-05-17,-0.0027450041085515186,-0.00983367786193198,5,90.48647161480207,107.13936829910485,-0.0034312551356893983,-0.0034312551356893983,-0.0031260048304390664,0.002230246652153295,-0.005966752093093025,0.0,0.0,-0.0012210012210013277,-0.022646007151370773,0.010141987829614507
2021-05-18,-0.0014137528542982336,0.00039456617872408355,5,90.35854610728128,107.18164187024554,-0.002903554704236394,0.0012448571248982743,-0.0020728145397554687,-0.00207206911665328,-0.0012651830357442995,0.004545454545454408,-0.012048192771084265,0.0012224938875307068,0.0012195121951219523,-0.00200803212851397
2021-05-19,-0.006887972933202424,-0.00854850649352242,5,89.7361588874108,106.26539890873134,-0.01087240960541705,-0.0014961450282916233,-0.009220466777003583,-0.003737858980144948,-0.009112984275154917,0.009049773755656076,-0.028455284552845628,0.0024420024420022113,-0.01948842874543233,0.002012072434607548
2021-05-20,0.0062096887149510225,0.0039176931471753594,5,90.29339250057701,106.68171413381795,0.004959420310729157,0.005670060684483724,0.007762110893688778,0.005898756856421716,0.006758094829431738,0.011210762331838486,0.008368200836820217,0.0,0.007453416149068248,0.004016064257028162
2021-05-21,0.008305268349565798,0.010835490860513861,5,91.04330335548696,107.8376628722989,0.008164290536735536,0.006232207843596266,0.007641025144630803,0.007607232785909163,0.01188158543695722,0.008869179600886845,0.016597510373443924,0.010962241169305775,0.011097410604192337,-0.005999999999999894
2021-05-24,0.00994339573396048,0.019901908055741782,5,91.94858294967759,109.9838381237295,0.0124292446674506,0.011408836504185282,0.006706353101185503,0.0072463178381823035,0.011926226558798714,0.0,0.004081632653061273,0.022891566265060392,0.02073170731707319,0.002012072434607548
2021-05-25,0.002243184580221702,-0.0007263932614032487,5,92.15484059312354,109.90394660485316,-0.0004927225714262129,0.0048365010504804185,0.0051596933283395985,0.0004144944648231397,0.0012979566288915667,0.013186813186813362,-0.008130081300813163,-0.009422850412249884,0.009557945041815952,0.006024096385542244
2021-05-26,0.011903533438498615,0.024860868111347745,5,93.25180881964332,112.63625412631303,0.014879416798123268,0.013854826634188855,0.0059614619824276405,0.010441546975638039,0.014380414802115271,0.0,0.004098360655737654,0.03567181926278251,0.01775147928994092,0.001996007984031989
2021-05-27,2.9588318714290906e-05,-0.01033312116521152,5,93.25456798388335,111.47237006483029,-0.008639804189459588,0.0020778017249234726,0.00032401180482224956,0.005850938886764967,0.0005349933665203532,0.034707158351409806,-0.008163265306122436,-0.0011481056257175437,-0.023255813953488413,-0.0019920318725099584
2021-05-28,0.0023802368927603236,-0.0009846727840163666,5,93.47653594701701,111.36260625585766,0.003499405130625438,0.0029752961159504043,0.005848859334341205,0.0005943437349980318,-0.0010167198521134624,-0.002096436058700135,0.0,-0.011494252873563204,0.00952380952380949,0.015968063872255467
2021-05-31,-0.0007107640872921373,-0.009410500590934935,5,93.4100961822614,110.31462838387884,0.00016196505895202384,-0.0008884551091151716,0.003762707681582489,-0.0002988324676057308,-0.006291205600274297,-0.004201680672268782,0.0,-0.018604651162790642,-0.002358490566037763,0.0216110019646365
2021-06-02,0.008809327351663976,0.0037657451949683713,5,94.23297629748137,110.73004516565017,0.009429380708567359,0.009982852605217862,0.008049573881523109,0.012784708834970016,0.003800120728041534,0.006329113924050445,0.00411522633744843,0.011848341232227444,-0.007092198581560183,0.028846153846153744
2021-06-03,-0.0037615974706030507,-0.004668094191698328,5,93.87850977219337,110.21314688496591,-0.003653778808903718,-0.005726587002188227,-0.0023600764635465232,-0.0047019968382538135,-0.002365548240122972,-0.004192872117400381,0.004098360655737654,-0.009367681498829161,0.0,-0.009345794392523366
2021-06-04,0.006666817921291956,0.008314746236727689,5,94.50438070356681,111.1295412332656,0.000965101348983366,0.008333522401614946,0.005082931385066436,0.006845427163519713,0.012107107307275322,0.02947368421052632,0.0,0.013002364066194039,0.005952380952380931,-0.015094339622641506
2021-06-07,0.0007034554449307562,0.0014659044016911795,5,94.57086032474254,111.29244651691737,-0.0011656704688876862,0.002920135632694054,4.1734485205224825e-06,0.0008793193061634452,0.0008793193061634452,0.008179959100204526,-0.008163265306122436,0.003500583430571691,0.0,0.0
2021-06-08,0.008927606934128817,0.013590529418546606,5,95.41515179314423,112.80496978536756,0.009131111101738087,0.008073088914574589,0.005636252853707502,0.009680218726832612,0.012117363073791299,0.008113590263691739,0.012345679012345734,0.02209302325581408,0.00591715976331364,-0.003831417624521105
2021-06-09,0.004662490598135527,0.005091601498733011,5,95.86002404129945,113.37932773859127,0.004319058921713637,0.006844373410271054,0.005543699140729719,0.003181054424139962,0.0034242670938232633,0.006036217303823088,-0.004065040650406582,0.0011376564277587597,0.010588235294117787,0.009615384615384581
2021-06-10,0.001127725066108587,0.0006256508607512759,5,95.9681277932486,113.4502636125823,-0.0010903436673642686,0.0003892481693704153,0.0005573836053630044,0.0019917285095856774,0.003790608713588106,0.010000000000000009,0.004081632653061273,0.003409090909090917,-0.002328288707799775,-0.00952380952380949
2021-06-11,0.0006878300316655484,-0.0008771277604885659,5,96.0341375536275,113.35075323693296,0.0008597875395819354,0.0008597875395819354,0.0014260389552104846,0.002318363968986825,-0.002024827845033439,0.0,0.0,-0.0022650056625141968,-0.005834305717619559,0.011538461538461497
2021-06-14,-0.00032828249080434356,-0.0026789680518430423,5,96.00261122774914,113.04709019035886,-0.004123224400634146,0.0026384273742994513,0.0004409522213413286,0.0007633558066823809,-0.001360923455710733,0.014851485148514865,-0.012195121951219523,-0.0034052213393870323,-0.0046948356807512415,0.0038022813688212143
2021-06-15,-0.0004551049381780636,0.0017371189936494806,5,95.95891996530142,113.24346643790533,0.0030896554126432774,-0.003655300925809013,-0.0019925713777339538,-0.0005688811727225795,0.0008515733727319508,-0.014634146341463428,0.012345679012345734,0.005694760820045497,0.0,-0.005681818181818121
2021-06-16,-0.003030615748659082,-0.0018293093396430783,5,95.66810535123025,113.0363091070969,-0.002550645923447642,-0.003788269685823853,-0.003505143978009606,-0.0043778923273333215,-0.0009311268286809893,-0.004950495049504844,0.0,-0.0011325028312569874,0.002358490566037874,-0.011428571428571455
2021-06-17,0.0015510977112601853,0.0027956419067374882,5,95.81649593048115,113.35231814981964,0.0006950910445479019,0.002955132301676877,0.0005216385789845179,0.0016447544920163981,0.0019388721390752317,0.004975124378109319,-0.004065040650406582,0.005668934240362855,0.0011764705882353343,0.0
2021-06-18,-0.0008936620376102766,0.0016716946850948216,5,95.73086836549125,113.54180861761385,-0.0011170775470128458,-0.0011170775470128458,-0.00337186897880537,-0.0011170775470128458,0.0022547914317925244,0.0,0.0,0.009019165727170098,0.0,-0.01348747591522148
2021-06-21,0.002262211562069716,0.005978588191548239,5,95.94743184275463,114.22062833386212,0.00035251692783466737,0.005888988942383072,0.0005931275810787673,0.0001838161564648999,0.004292608202587173,0.00990099009900991,-0.01224489795918371,0.00893854748603351,0.01057579318448898,-0.005859375000000111
2021-06-22,0.0052600552040920736,0.0064155373782357585,5,96.45212063093838,114.95341504430358,0.007800559201193491,0.0024428376001563723,0.004360229580973346,0.005121580633022066,0.006575069005115092,-0.004901960784313597,0.016528925619834878,0.008859357696566983,0.005813953488372103,0.0
2021-06-23,0.0007102950225025495,0.0006840094108401738,5,96.52063009213235,115.0320442620021,0.0021193958717242722,-0.0011446515470750485,0.0008878687781281869,0.00030983409604723455,0.0013790279136881023,-0.0049261083743843415,0.008130081300812941,0.0,0.0023121387283238093,-0.0019646365422396617
2021-06-24,-0.0006246323158743516,0.0016693751572816101,5,96.46034018742824,115.22407589898442,0.004664754159612483,-0.006829177491617128,-0.0016040615254686308,-0.0025108942010712842,0.0031562174791728015,-0.02178217821782169,0.024193548387096753,0.003293084522502765,0.006920415224913379,-0.015748031496062964
2021-06-25,0.011589237199224422,0.012365309884042861,5,97.57824195017822,116.64885730357784,0.013474400750042692,0.008581034688006917,0.00956313293229094,0.013341071126751036,0.012986546499030527,0.004048582995951344,0.023622047244094446,0.01969365426695835,0.004581901489117968,0.006000000000000005
2021-06-28,0.008000252834212152,0.004977725328952583,5,98.35889255689759,117.22950327517123,0.007984187010507127,0.007115700658149815,0.009732075699417586,0.009145127901374117,0.006024172901612113,0.008064516129032251,0.011538461538461497,0.001072961373390413,0.003420752565564289,0.015904572564612307
2021-06-29,-0.0002992152200117726,-0.006101222601316186,5,98.32946207922106,116.51425998024769,-0.00037401902501471573,-0.005126870736041345,0.0015016508570860343,0.0018987082477125439,0.0006044545561986192,0.0,0.019011406844106515,-0.007502679528403,-0.009090909090909038,-0.00391389432485334
2021-06-30,-0.0062901859658093025,-0.020466714921214726,5,97.71095147682476,114.12959583697567,-0.005862732457261627,-0.01532541902442583,0.0005065979963020661,-0.0024154847508395805,-0.008353891592821544,-0.008000000000000007,0.029850746268656803,-0.03347732181425478,-0.021788990825688193,0.0019646365422396617
2021-07-01,-0.005983447613298098,-0.0005107183076822003,5,97.12630311741766,114.07130776293334,0.0005852066124096555,-0.008385106618071902,-0.008037968734499745,-0.006600059809705877,-0.007479309516622623,-0.032258064516129115,0.0036231884057971175,0.0022346368715084886,-0.003516998827666984,0.0
2021-07-02,-0.006336708946766434,0.012860359248909785,5,96.51084200348718,115.53830576075764,-0.0027125528501247276,0.00020185749885240356,-0.018233037799957497,-0.007920886183458042,-0.0030189253991443066,-0.02083333333333326,-0.032490974729241784,0.04124860646599782,0.0,-0.019607843137254943
2021-07-05,0.004402714649664174,0.002049889460236167,5,96.93575170142735,115.77514651599014,0.004971478418463182,0.0036377216702891957,0.006574057123643395,0.004326922723844884,0.0025033933120802154,0.0021276595744681437,0.00746268656716409,-0.004282655246252709,0.004705882352941337,0.01200000000000001
2021-07-06,0.008771966453370883,0.005937774924184235,5,97.78606886348457,116.46259327781654,0.004064745752488552,0.010964958066713604,0.009352054840907176,0.009501257832521592,0.00997681577422349,0.027600849256900206,0.0,0.006451612903225712,0.005854800936768045,0.0039525691699604515
2021-07-07,0.015302931571865575,0.014890108468922336,5,99.28248238398422,118.19673392429522,0.010864201654914585,0.018202738538906027,0.015122254208421726,0.014181050960757502,0.018144412496328033,0.03305785123966953,0.0037037037037037646,0.01602564102564097,0.019790454016297865,0.003937007874015741
2021-07-08,0.015383721506007664,0.026663738548053893,5,100.80981644340454,121.34830073488652,0.01922965188250958,0.01830714265741734,0.011606097728986964,0.009526455535477596,0.018249259725646838,0.0,0.0036900369003689537,0.030494216614090464,0.038812785388127935,0.0039215686274509665
2021-07-09,0.0026544117647059108,0.002293249271481875,5,101.07740720616975,121.62658263714235,0.0020680147058823595,0.005156250000000029,0.0033180147058823883,0.0033180147058823883,-0.0005882352941176117,0.0050000000000001155,-0.007352941176470562,0.0,0.0,0.015625
2021-07-12,-0.006835662955065968,-0.011148894490371365,5,100.38647611813643,120.27058070009642,-0.00978835978835979,-0.009470504619758402,-0.0067588644081181815,-0.004423699572953327,-0.0037368863861401425,0.004975124378109319,0.0037037037037037646,-0.0071428571428571175,-0.016483516483516536,-0.019230769230769273
2021-07-13,-0.0004775395617441225,-0.004194737966049047,5,100.33853760432594,119.76607712903495,0.0018783230725723243,-0.0033644521274568684,0.002743260542681092,-0.0005969244521801531,-0.003047904844337007,-0.00990099009900991,0.011070110701106861,-0.01336073997944498,0.0,0.009803921568627416
2021-07-14,-0.0033019279239474564,-0.0008977087176607618,5,100.00722698516216,119.65856207751617,-0.002627409904934319,-0.0023025923866861475,-0.00464824323826768,-0.0032894210781186928,-0.0036419730117304427,-0.006000000000000005,-0.007299270072992692,0.002083333333333437,-0.003351955307262511,-0.001941747572815511
2021-07-15,0.0035234528823110843,0.006374414681830045,5,100.35959773733498,120.42131537242977,0.0028952617769330835,0.005323433749947648,0.0020654387640115235,0.002442432694817115,0.004890697425846052,0.006036217303823088,-0.00367647058823517,0.009355509355509328,0.007847533632286963,-0.0019455252918287869
2021-07-16,0.0011562350855637948,0.0009988794185321322,5,100.47563702541196,120.54160174590784,0.0014452938569547435,0.0023678030820470097,0.0014452938569547435,0.002001467383094896,-0.0014786827512324185,0.0,-0.0036900369003690647,0.0,-0.0022246941045606095,0.011695906432748648
2021-07-19,-0.0034988103497779477,-0.0027262670001982374,5,100.12409182668691,120.21297315491692,-0.004373512937222435,-0.0034475870112964935,-0.004373512937222435,-0.003816099336330564,-0.0014833395268178118,0.0,-0.0037037037037037646,0.0,-0.0022296544035674826,-0.011560693641618491
2021-07-21,-0.0024182934020558155,-0.0012924226341960304,5,99.8819623960356,120.0576071874875,-0.002522866752569769,0.0016239733961291025,-0.0017355341058138407,-0.0030228667525697694,-0.006434172795454801,-0.0020000000000000018,-0.018587360594795488,-0.005149330587023715,0.0,0.013645224171540127
2021-07-22,-0.0006122114068441098,-0.003028700435087381,5,99.82081351931879,119.6939886603632,0.0017397457614849454,-0.005500112743403646,0.0007875307725007386,-0.0007652642585551372,0.0006770434337525499,-0.01002004008016033,0.018939393939394034,-0.006211180124223503,0.0,-0.005769230769230749
2021-07-23,-0.004807090842594319,-0.002354482798561511,5,99.34096580074974,119.41217122297117,-0.005502790678748926,0.0004967126549355327,-0.005227613553242916,-0.004891545117488683,-0.008910217518426605,-0.002024291497975894,-0.026022304832713727,-0.0031249999999999334,-0.004469273743016866,0.011605415860734825
2021-07-26,-0.0004636469165426593,0.00593175799983771,5,99.29490666826986,120.12049532490101,0.004491435269128957,-0.0015337571189607546,-0.003191888844215396,-0.0019824767152630818,-0.00010154717340302155,-0.020283975659229125,0.003816793893129722,0.010449320794148287,0.0056116722783390305,-0.0019120458891012104
2021-07-27,0.010031235757983436,0.005981808960538698,5,100.29095728662622,120.83903318017985,0.01046865132273811,0.006835622644247363,0.011763450074935344,0.011422973268907843,0.009665481479088522,0.008281573498964745,0.02281368821292773,0.0031023784901758056,0.0044642857142858094,0.011494252873563093
2021-07-28,0.006760797367067006,0.0019985881640319386,5,100.96900412659026,121.08054064164682,0.004857567550722863,0.00752162867909395,0.010255120420173958,0.006506552264389287,0.004663117920954973,0.014373716632443578,0.003717472118959231,-0.007216494845360799,0.007777777777777883,0.015151515151515138
2021-07-29,0.006630719220425662,0.010797998003310333,5,101.63850124291969,122.38796807773507,0.006770180402050352,0.007362473099606137,0.003355896429478089,0.006910229235013887,0.008754816935979848,0.006072874493926905,0.0037037037037037646,0.019730010384215957,0.005512679162072764,-0.001865671641791078
2021-07-30,-0.0018713945626958272,-0.002349678399899523,5,101.44829550433315,122.1003957127352,-0.002339243203369784,-0.002339243203369784,-0.0013209132644695643,-0.0028874888174048874,-0.00047008432486511653,0.0,0.0,-0.004073319755600879,0.002192982456140413,-0.00747663551401867
2021-08-02,-0.0015170697012702795,-0.000538587398412691,5,101.294391368978,122.03463397826313,-0.0013933190179359622,-0.0009738279014955831,-0.0018963371265878493,-0.0018963371265878493,-0.0014255273337441532,-0.002012072434607548,-0.0036900369003690647,0.0,0.0,-0.0018832391713747842
2021-08-03,0.0013597770389109254,0.0034339865238692964,5,101.43212915653199,122.4536992667898,0.004219882588961221,0.0007737953727127156,0.00118847385487586,0.0003321064189887868,0.0002846269590160433,-0.010080645161290258,0.0037037037037037646,0.002044989775051187,0.00547045951859948,0.005660377358490454
2021-08-04,-0.004203584312301545,-0.00030964839696795795,5,101.00575064964626,122.41578167510903,-0.0037269854820266013,-0.0034094619401923987,-0.00576468447200959,-0.006614654492662048,-0.0015021351746170863,-0.006109979633401319,-0.0073800738007381295,0.0020408163265306367,0.005440696409140466,-0.015009380863039379
2021-08-05,0.0046397916722838994,0.004671673202094797,5,101.47439629036326,122.98766820187413,0.0042628543444531986,0.003941003530875314,0.004272244682004572,0.0044469257375410465,0.0062759300665453654,0.006147540983606703,0.0074349442379182396,0.006109979633401208,0.005411255411255311,-0.0019047619047619646
2021-08-06,0.0047895440999194076,0.00770800176487468,5,101.96041238640865,123.935657365432,0.006496095094349341,0.004141911674714782,0.0029504928779356954,0.004372290727697958,0.005986930124899259,-0.0020366598778003286,0.007380073800737907,0.012145748987854255,0.006458557588805203,0.0
2021-08-09,-0.0023134669551373665,-0.001069882688803163,5,101.72453034162052,123.8030607510913,-0.002891833693921708,-0.002891833693921708,-0.0041418336939216815,-0.002089694656488561,0.00044786096256682617,0.0,0.0,0.004999999999999893,-0.0032085561497325887,-0.013358778625954137
2021-08-10,-0.0011539049937369984,-0.0027356814581447537,5,101.60714989807377,123.46437501333295,-0.0014423812421712479,-0.004189633989423985,-0.0014423812421712479,-0.000637660212128327,0.0019425317172098167,0.0,0.01098901098901095,0.0,-0.0032188841201716833,-0.013539651837524258
2021-08-11,0.00197804080681272,0.0006357221895845903,5,101.80813298683609,123.54286405615211,-0.0005886734812799999,0.003378348109965179,0.0024725510085158997,0.0016652313099152494,0.0029627470869472705,0.012244897959183598,-0.0036231884057971175,0.0,0.0032292787944026013,-0.0019607843137254832
2021-08-12,-0.0054160166899525075,-0.0015901343611560567,5,101.25673843940648,123.3464143029408,-0.002737762797924509,-0.0058609299533497194,-0.006770020862440634,-0.008379462922526476,-0.0033319069135211987,-0.016129032258064502,-0.0036363636363636598,0.0,0.006437768240343367,-0.013752455795677743
2021-08-13,0.008311301035073404,0.010910389783638027,5,102.0983136744061,124.69217176139999,0.009876831211874548,0.008564308775593554,0.006657783010259655,0.009056503692562445,0.007401078485076817,0.002049180327868827,0.007299270072992803,0.014925373134328401,0.005330490405117239,0.01195219123505975
2021-08-16,0.0036512888510448647,0.004693286547300433,5,102.47110410883593,125.27738785368143,0.004052863620043284,0.004564111063806081,0.004564111063806081,-0.00047300452474111077,0.005548363032309989,0.002044989775051187,0.0,0.0,0.020148462354188768,-0.00393700787401563
2021-08-17,0.01875041586404389,0.02832733907353279,5,104.39247992492436,128.82616289765915,0.018335979013728326,0.02524961403295345,0.013634098261427391,0.014082510474545534,0.02244987753756475,0.020408163265306145,-0.007246376811594346,0.03921568627450989,0.03742203742203731,0.0039525691699604515
2021-08-18,0.012607420517570512,0.013401148563106568,5,105.70859981820992,130.55258144546562,0.012009275646963108,0.014846866887839011,0.011042294514887668,0.016761279654979144,0.008377385883183625,0.015000000000000124,0.0036496350364965124,0.018867924528301883,-0.004008016032064021,0.029527559055118058
2021-08-19,-0.004592370205519392,-0.016609557609992772,5,105.2231467939376,128.3841608228139,-0.008203516944091355,-0.0048313718478083245,0.0023613890949526206,0.0020563179272053977,-0.014344669257855297,0.009852216748768461,-0.0036363636363636598,-0.03240740740740744,-0.03118712273641855,0.03441682600382423
2021-08-20,-0.00145533322538951,0.0011179151738076967,5,105.07001205232835,128.52768342427427,0.0006198578585070169,-0.0018191665317368877,-0.003015338780540694,-0.0007807449325676341,-0.002281273740609352,-0.009756097560975618,0.0,0.004784688995215225,-0.004153686396677014,0.001848428835489857
2021-08-23,0.003961966432795805,0.00401627135516908,5,105.48629591317314,129.04388547755744,0.0012578767602065555,0.004952458040994756,0.0025715056600423836,0.004691769824102188,0.0063362218786331415,0.014778325123152802,0.0,0.00952380952380949,0.0010427528675702735,-0.005535055350553542
2021-08-24,0.008423453002296011,0.0035799132133901086,5,106.37485476918403,129.50585138828572,0.0044613550878214725,0.008704498734621813,0.010529316252870013,0.009748066252870002,0.008674028683296753,0.024271844660194164,0.007299270072992803,0.0,0.0031250000000000444,0.007421150278293043
2021-08-25,-0.0014622836943863015,-0.0025449505560676553,5,106.21930455356234,129.17626539978107,-0.001827854617982877,-0.00454524592233066,-0.001827854617982877,-0.00234706541756749,0.0032366021039323956,0.0,0.01086956521739113,0.0,0.0020768431983384517,-0.02025782688766109
2021-08-26,0.01163384482252019,0.011183210808738516,5,107.4550434598945,130.62087080723236,0.00506363304236826,0.016334420723490728,0.009825324896074766,0.014283238670637272,0.012662606780029922,0.03791469194312791,-0.007168458781361964,0.018867924528301883,0.0010362694300518616,0.007518796992481258
2021-08-27,-0.0004595973367283124,0.0008171371054424006,5,107.4056574081023,130.72760596751417,-0.0017160491823259572,0.00032803040490186897,-0.0017319040783177753,-0.0018684925301236388,0.0026904287022239404,0.004566210045662267,-0.0036101083032490378,0.004629629629629539,0.005175983436852993,-0.013059701492537323
2021-08-30,0.0074613019535404,0.005390504576301845,5,108.20704344954267,131.43229372573103,0.0093266274419255,0.01023242454337478,0.01047870117464439,0.008811694383223129,-0.001542937775465797,0.0,-0.0036231884057971175,-0.004608294930875556,0.002059732234809486,0.04347826086956519
2021-08-31,-0.0017725564325501652,-0.0046174157514149725,5,108.01524035862894,130.82541618243727,-0.001079331904324049,-0.00039751372250590444,0.0012565266815345033,-0.0014448836187966607,-0.0071975795986587154,-0.00454545454545463,-0.0072727272727272085,-0.01388888888888884,-0.0030832476875641834,0.019927536231884035
2021-09-01,-0.007967680126599897,-0.010563724328900093,5,107.15460947465358,129.44341255067238,-0.00881804764683436,-0.008128098326748046,-0.006438473397686495,-0.007382280570621014,-0.009071500691109569,-0.004566210045662045,-0.0073260073260073,-0.014084507042253502,-0.010309278350515427,-0.003552397868561208
2021-09-02,-0.016879667255340892,-0.015990820308711164,5,105.34587532184543,127.37350620042822,-0.011925272142570609,-0.01925456561899158,-0.01633767930727134,-0.016672500735842782,-0.02020831847202814,-0.03669724770642202,-0.0073800738007381295,-0.01904761904761909,-0.017708333333333326,-0.0035650623885918886
2021-09-03,-0.01285605554326703,-0.020962259639909157,5,103.9915428974537,124.70346969220927,-0.017260545619559975,-0.015140701399344036,-0.008303079137821634,-0.014214290001724278,-0.009361661557885231,0.004761904761904745,-0.0037174721189590088,-0.03106796116504862,-0.007423117709438043,-0.02683363148479423
2021-09-06,-0.006863775674928152,-0.010984979790480272,5,103.2777682749159,123.33360459783758,-0.005025217223991935,-0.011378227056346751,-0.005072705565604102,-0.005641685405626012,-0.00720104312307196,-0.014218009478673022,0.011194029850746245,-0.014028056112224352,-0.01175213675213671,-0.005514705882352922
2021-09-07,-0.003206729581255141,-0.0020825841085262086,5,102.94658440030271,123.07675199285487,-0.001604565822722781,-0.002163393526384394,-0.0032462168546176784,-0.004548952517109461,-0.004470519185441391,-0.009615384615384581,-0.0073800738007381295,-0.0030487804878049918,0.00216216216216214,0.001848428835489857
2021-09-08,0.0042408819919676375,0.006028158871839409,5,103.38316871622052,123.81867820729778,0.005301102489959547,0.005301102489959547,0.002497840512385635,0.005570789652850627,0.002533574814682832,0.0,0.0,0.011213047910295648,-0.0010787486515643208,0.011070110701106861
2021-09-09,0.0013458931867935675,0.0022797907977093806,5,103.52231141862482,124.10095889045931,0.0016823664834919594,0.0035411025429715193,0.00042228583833064937,0.0016823664834919594,-0.0005986554143182499,0.0,-0.0074349442379182396,0.00504032258064524,0.0,0.009124087591240837
2021-09-10,0.008600549096095023,0.015337824650461393,5,104.41266014052195,126.0043976368753,0.008323501904099362,0.009814356782103795,0.004983384464401608,0.00913081595975157,0.010750686370118778,0.009708737864077666,0.0037453183520599342,0.02306920762286868,0.006479481641468832,0.0
2021-09-13,0.008273121757322111,0.012408454829641698,5,105.27647879087039,127.56791751328869,0.009139479119729566,0.010341402196652638,0.00543944141233893,0.009268440823262114,0.007176845234627305,0.004807692307692291,0.0,0.019607843137254832,0.0042918454935620964,0.012658227848101333
2021-09-14,-1.2207396339358744e-05,-0.005280291483456903,5,105.27519363916858,126.89432172488094,-0.0036037759918356727,0.0009175765754713405,0.002388586908421947,0.00025183477166978996,-1.525924542419843e-05,0.014354066985645897,-0.003731343283582156,-0.009615384615384581,-0.0010683760683759536,0.0
2021-09-15,-0.007794036394370684,-0.006580858743923685,5,104.45467494852048,126.05924811820348,-0.009742545492963356,-0.004124567964873482,-0.0073153610269439395,-0.01027730485125214,-0.007510402635820507,0.0,-0.022471910112359494,-0.009708737864077666,0.002139037433155133,-0.008928571428571397
2021-09-16,0.0015638370960390446,0.010762711936966646,5,104.61802504405968,127.41598749269032,0.005492532219105423,0.000996941963918585,-0.0029471644142649023,0.0014211784404863925,0.0028556972709497253,-0.014150943396226467,0.003831417624520883,0.019607843137254832,0.002134471718249653,-0.003603603603603678
2021-09-17,0.0158164483869631,0.02563735032947505,5,106.27271063751506,130.68259580161643,0.022162904981311515,0.01213697269744432,0.013760945099088512,0.011250858673267278,0.019770560483703875,-0.009569377990430561,0.03053435114503822,0.024038461538461453,0.03407880724174639,0.0
2021-09-20,-0.0040199091225660896,-0.0052380006093789445,5,105.84550399854349,129.99808028517234,-0.005024886403207612,-0.00039525677357798994,-0.0038511774830198298,-0.003995020285802897,-0.00683320466722212,0.0,-0.01851851851851849,-0.0046948356807511304,-0.004119464469618861,0.007233273056058032
2021-09-21,-0.009181510978935692,-0.014772803655019155,5,104.87368234150989,128.07764416959006,-0.015100077129466732,-0.012420284950084709,-0.005580662308575263,-0.009408636396885744,-0.003397894109666011,0.01449275362318847,0.0037735849056603765,-0.02358490566037741,-0.008273009307135482,-0.032315978456014416
2021-09-22,0.004752156273692587,-0.008800986027765724,5,105.37205846899434,126.95043461278436,0.005940195342115734,0.0012409472218149753,0.008355654279313812,0.010632583246182492,-0.002408598720964078,0.0,0.018796992481203034,-0.009661835748792313,-0.018769551616267033,0.03339517625231925
2021-09-23,-0.0034976904324163895,-0.005683887849540111,5,105.00349962824332,126.22886257999492,-0.006753065421472859,0.0020854515351252934,-0.001933088650276582,-0.005169137482603392,-0.005718612142854407,0.00952380952380949,-0.02583025830258312,-0.009756097560975618,0.0031880977683316214,0.0053859964093356805
2021-09-24,-0.009138061000565533,-0.004080571795884859,5,104.04397124336755,125.71377664352437,-0.010243330967688064,-0.011422576250706917,-0.01019104915711086,-0.010892915233757766,-0.0029404333935640625,-0.004716981132075415,0.0,-0.0049261083743842304,-0.0021186440677966045,-0.03392857142857142
2021-09-27,0.003868614975733564,5.636582779477477e-06,5,104.44647730865444,125.71448523963294,0.003650934596444222,0.0038887990226972313,0.004835768719666955,0.0053665542822996515,0.001601018257559761,0.004739336492890933,0.0037878787878788955,0.0,-0.002123142250530785,0.012939001848428777
2021-09-28,-0.007752469125898842,0.00035030447019699447,5,103.63675921801018,125.75852358578088,-0.008511341124354699,-0.00686039772812827,-0.010928210169749791,-0.009158671513756517,-0.0033037250935049334,-0.004716981132075415,-0.01132075471698113,0.004950495049504955,-0.0021276595744681437,-0.025547445255474477
2021-09-29,-0.008732342112358538,-0.002399489128314893,5,102.7317675811024,125.45676737564386,-0.010915427640448172,-0.009961229167165742,-0.010915427640448172,-0.009849329559424747,-0.002020296554305856,0.0,-0.003816793893129722,0.0,-0.004264392324093702,-0.035580524344569264
2021-09-30,0.00675358148455345,0.002185613627814336,5,103.42557494451358,125.73096739612161,0.008441976855691813,0.0026948504189102107,0.008441976855691813,0.008174310902801019,0.0060147923896723965,0.0,0.02298850574712641,0.0,0.0010706638115631772,0.009708737864077666
2021-10-01,-0.001184025303043068,-0.0025247471467746145,5,103.3031164467975,125.41352849492704,-0.00029519750558107405,-0.0024163612168188187,-0.0002485045352077775,-0.001480031628803835,-0.001480031628803835,-0.004739336492891044,0.0037453183520599342,-0.0049261083743842304,0.0,0.0
2021-10-04,-0.004165017882409394,-0.006480574956782565,5,102.87285711948797,124.60077672292107,-0.0028253199720593702,-0.006139108173907226,-0.0027310248282592653,-0.0044041333155785956,-0.004725503122242514,-0.00952380952380949,0.003731343283581934,-0.00990099009900991,-0.0032085561497325887,-0.0019230769230769162
2021-10-05,-0.012321613742068615,-0.012724515665739546,5,101.60529750951864,123.01529218754695,-0.011796247946816524,-0.01354328111810621,-0.014902017177585769,-0.007891287563851879,-0.013475234903982697,-0.014423076923076983,-0.0074349442379182396,-0.0020000000000000018,-0.030042918454935563,-0.0077071290944122905
2021-10-06,-0.0018030255586771072,-0.0025847589824582943,5,101.42210056121199,122.69732730608544,-0.003473294143468336,-0.001317452360331428,7.270696896766182e-07,-0.003913073983744603,-0.00031203437553084523,0.004878048780487809,-0.0037453183520598232,-0.009018036072144242,0.006637168141592875,-0.007766990291262155
2021-10-07,-0.0040627908615418875,0.0005369190362582671,5,101.01004377789351,122.76320583681411,-0.003864896343917623,-0.0031987893288070446,-0.0043201468175744495,-0.007276290774729549,-0.00165383104268077,-0.004854368932038944,-0.007518796992481258,-0.0030333670374116384,0.00879120879120876,-0.013698630136986356
2021-10-08,0.0007135490908310782,0.001877170921947363,5,101.08211940279604,122.99365335709602,0.0008919363635388478,0.0018389060605085161,0.000638386667798474,-0.00019738825519755032,0.0003959046175071035,0.0,-0.0037878787878786735,0.0010141987829614951,0.004357298474945592,0.001984126984126977
2021-10-12,-0.004989449904416588,-0.0017859358200234452,5,100.57777523180351,122.77399458593004,-0.0037977879902768297,-0.005286242038315403,-0.006996690799973587,-0.004609914332798365,-0.004256614360718752,-0.009756097560975618,-0.0038022813688213253,0.003039513677811412,-0.006507592190889477,-0.007920792079207928
2021-10-13,-0.0017508783990096478,-0.006742242628564462,5,100.4016757777297,121.94622252595364,-0.0009570709051659743,-0.0021885979987620596,-0.00042092123108528057,-5.191885224936632e-06,-0.005182609974809987,-0.0049261083743843415,0.0,-0.007070707070707116,-0.008733624454148492,0.011976047904191711
2021-10-14,0.0038333468528785495,-0.001260855063517812,5,100.78655022559599,121.79246601380491,0.001078812278969471,0.005745882039380618,0.004283036567115456,0.006718996341428585,0.0013400070374986195,0.014851485148514865,-0.003816793893129722,0.0020345879959309254,-0.00770925110132159,0.01380670611439827
2021-10-15,-0.0010911939696517602,0.0021692910562446013,5,100.67657254976783,122.05666932104661,0.0010750319281792042,-0.0004061380559344241,-0.0026330279950596003,-0.0016414619404220843,-0.001850373785021897,-0.009756097560975618,-0.003831417624521105,0.0050761421319796,0.0011098779134295356,0.0019455252918287869
2021-10-18,-0.004762547566813269,-0.00022021387788509359,5,100.19709558413584,122.0297907485737,-0.004721657364920501,-0.003068569073901184,-0.007720861226193337,-0.004290213283350275,-0.004011436885701047,-0.0049261083743843415,-0.011538461538461608,0.007070707070707005,-0.006651884700665245,-0.007766990291262155
2021-10-19,-0.004793991470551063,-0.004089119753680489,5,99.71675156253148,121.53079632068619,-0.008467736862941305,-0.004046964046360041,-0.004989480311107575,-0.004876417909617431,-0.0015893582227289593,0.00990099009900991,-0.0077821011673151474,-0.004012036108325012,-0.004464285714285587,-0.017612524461839474
2021-10-21,-0.005002365543239473,-0.0036822593637252476,5,99.21793192043131,121.08328840795338,-0.002576486340814088,-0.005272564772186572,-0.005497669919985904,-0.0054121497541614605,-0.006252956929049341,-0.014705882352941013,-0.0039215686274510775,-0.0030211480362537513,-0.0033632286995515237,0.0
2021-10-22,0.0006839112514050117,0.0026637705751519154,5,99.28578818041282,121.40582650875712,0.0008548890642562645,-0.00012936290424767072,-0.001417838208470995,0.002260963304976188,0.0018509050005112715,0.0,0.003937007874015741,0.009090909090909038,-0.0056242969628796935,-0.003984063745020028
2021-10-25,-0.005264695478216152,-0.006952806364614556,5,98.76307874032828,120.56171530550573,-0.00782465044229752,-0.003639692877181938,-0.004328617095517934,-0.005449647628313153,-0.005080869347770217,0.004975124378109319,-0.01176470588235301,-0.009009009009009028,-0.004524886877828149,-0.005999999999999894
2021-10-26,-0.0010144198524480118,0.0034446784862830096,5,98.66289151256521,120.97701165248797,-0.001268024815560015,-0.0002759613234965541,-0.003288226835762048,-0.0009839339064691144,0.0007440476190476719,0.0,-0.003968253968253843,0.008080808080808133,-0.001136363636363602,-0.008048289738430747
2021-10-27,0.0004062712690835912,0.000540142294169584,5,98.70297541071147,121.04235645310372,-0.0007297846760217497,0.000507839086354489,0.000507839086354489,0.0002234249794147991,0.0015220378693159287,0.004950495049504955,0.0,0.0,0.0011376564277587597,-0.0040567951318457585
2021-10-28,-0.0018351902072202496,-0.0022016274713568124,5,98.52183667681423,120.77586627593881,-0.003525514852621342,-0.0012979718227703052,-0.0012919837510093068,-0.002293987759025312,-0.0007664928506749824,0.004926108374384119,-0.003984063745020028,-0.004008016032064021,0.0,-0.006109979633401319
2021-10-29,-0.002686289120715313,-0.000639856580847342,5,98.25717853879642,120.69858704309462,-0.003357861400894141,-0.003357861400894141,-0.003357861400894141,-0.0030737704918032405,-0.0002840909090909005,0.0,0.0,0.0,-0.001136363636363602,-0.012295081967212962
2021-11-01,0.0006404229297352515,0.0008767518782972056,5,98.32010468894376,120.80440975599247,0.0032515090543259184,-0.0021994713378309383,0.0005490196078431486,0.0008005286621690644,0.0008005286621690644,-0.009803921568627416,0.01200000000000001,0.001006036217303663,0.0,0.0
2021-11-02,-0.0018215789474516964,0.0009907675669377273,5,98.14100685613113,120.92409884712178,-0.0022769736843146204,0.0006874531931557459,-0.003533255091349774,-0.0017081454704352128,-0.0022769736843146204,0.0,-0.011857707509881465,0.005025125628140614,-0.0022753128555176305,0.0
2021-11-03,0.0029413000583639938,-0.002013907524294555,5,98.42966900532497,120.68056889458502,0.0024390013105787534,0.003676625072954992,0.003676625072954992,0.00538700135573722,-0.00047275252040598903,0.004950495049504955,0.0,0.0,-0.006841505131128911,0.016597510373443924
2021-11-04,0.0023178806341809244,0.00010123300532582717,5,98.65781722894124,120.69278575125865,-0.0007972304880620451,0.0028973507927261555,0.0028973507927261555,0.0031843771991555414,0.0034075548743588147,0.014778325123152802,0.0,0.0,-0.0011481056257175437,-0.0020408163265306367
2021-11-05,-0.0042338594714793395,-0.0014902774405689278,5,98.24011389503102,120.51292001541414,-0.004078732106339439,-0.005292324339349175,-0.004792324339349174,-0.005292324339349175,-0.0017135922330097364,-0.004854368932038944,0.0,-0.0020000000000000018,0.0,-0.014314928425357754
2021-11-08,0.0025165939452711948,0.007464753025426576,5,98.487344370842,121.41251919970219,0.0031457424315889937,0.0051457424315889955,0.0013922354175609497,0.00027217921319816485,0.002627070232418871,0.0,-0.008000000000000007,0.007014028056112176,0.011494252873563315,0.0020746887966804906
2021-11-09,0.010715160340205854,0.01967046633420746,5,99.54265205725663,123.80076007117127,0.00973541383989146,0.013393950425257317,0.0059312638580931165,0.011121223152530058,0.013393950425257317,0.014634146341463428,0.0,0.029850746268656803,0.009090909090909038,0.0
2021-11-10,0.0033655416895248536,0.0168641929889655,5,99.87766700264119,125.8885599811921,0.006610773265752212,0.005214991628035126,-0.0030394496996881126,0.0027992694542484098,0.005242123799276632,-0.009615384615384581,-0.0040322580645162365,0.02898550724637672,0.005630630630630629,-0.0041407867494822614
2021-11-11,0.0002646656464299291,-0.002242145170532637,5,99.90410118994237,125.60629955440497,0.00033083205803741134,-0.0016934594399383163,0.001504540978225194,0.00033083205803741134,0.000850582577787945,0.0,0.00809716599190291,-0.0046948356807511304,0.0,-0.0020790020790021346
2021-11-12,-0.0033106734867015763,-0.0065252892863698515,5,99.57335133092006,124.78668211362205,-0.0017111573923575263,-0.006146373986891052,-0.0017798512923392351,-0.0032984762368764298,-0.003617508525043639,-0.009708737864077777,0.008032128514056325,-0.009433962264150941,-0.0033594624860021627,-0.002083333333333326
2021-11-15,0.0009633732047610976,-0.005759745647502422,5,99.66927762950054,124.06794256445185,-0.0036977442783623915,0.002200232442206379,0.0035851688869037446,0.002046913135164835,0.0006822958378929211,0.019607843137255054,-0.003984063745020028,-0.00952380952380949,-0.003370786516853852,0.0020876826722338038
2021-11-16,-0.004066032145231713,-0.004149146086992207,5,99.26401914276697,123.55316654603938,-0.0038806171046165405,-0.005082540181539641,-0.0026786940276934956,-0.006209935897435903,-0.0024783735148729835,-0.004807692307692402,0.0,-0.009615384615384581,0.004509582863585049,-0.01041666666666663
2021-11-17,-0.0008000000000000007,-0.00017567989492964573,5,99.18460792745275,123.53146073872236,-0.0010000000000000009,0.0,-0.0010000000000000009,-0.0010000000000000009,-0.0010000000000000009,0.0,-0.0040000000000000036,0.0,0.0,0.0
2021-11-18,0.006399012826419459,0.011571096435833173,5,99.81929150576391,124.96085518378945,0.005583307095826245,0.007998766033024324,0.005571581567004907,0.0037900118242701064,0.009051397611971712,0.009661835748792313,0.0,0.009708737864077666,0.01683501683501687,-0.004210526315789553
2021-11-19,0.0020419718292878477,0.004524752166777146,5,100.02311968703816,125.5262720840446,0.0013562925378059476,0.005564512979380876,0.0025524647866098094,-0.0007587934915359029,0.0014953823341785077,0.004784688995215447,-0.012048192771084265,0.0,0.013245033112582849,0.0042283298097252064
2021-11-22,-0.0047580532712300895,-0.007353140363579625,5,99.5472043552126,124.60325978609374,-0.004757090398561398,-0.008996347076842437,-0.005947566589037612,-0.000773274650039818,-0.0033159876416691825,-0.004761904761904856,0.012195121951219301,0.0,-0.020697167755991175,-0.010526315789473717
2021-11-23,0.0024868474925220153,-0.003763033391089752,5,99.79476307075093,124.13437355888004,-0.004068474127170485,0.0051165914941665724,0.004310482442575592,0.004498993181002914,0.002576644472035483,0.028708133971292016,-0.008032128514056214,-0.004807692307692291,-0.005561735261401579,0.0021276595744681437
2021-11-24,-0.005938849602060437,-0.008281253509358415,5,99.2020969818005,123.10638534221357,-0.010911934095598819,-0.0064114162535877095,-0.006215832533976506,-0.0035085731882578686,-0.002646491938881279,0.013953488372093092,-0.004048582995951344,-0.004830917874396157,-0.015659955257270708,-0.019108280254777066
2021-11-25,0.0012987012987012657,0.00016140413165026396,5,99.33093087398466,123.12625522144032,0.0016233766233765823,0.0016233766233765823,0.0016233766233765823,0.0016233766233765823,0.0,0.0,0.0,0.0,0.0,0.006493506493506329
2021-11-26,0.0031991587753322113,-0.0006736646626960884,5,99.64870629315207,123.04330941424753,0.002852159478339611,0.0029826883065636745,0.003998948469165264,0.004851221196437994,0.001310776426154514,0.004587155963302614,0.00406504065040636,0.0,-0.003409090909090917,0.010752688172043001
2021-11-29,0.004404512305850284,-0.013264734838872022,5,100.08761024628232,121.41117254117025,-0.001343674686180324,0.00651778613130069,0.011573601547361395,0.007216016665095082,-0.0019411681283254267,0.027397260273972712,-0.004048582995951344,-0.024271844660194164,-0.006841505131128911,0.029787234042553123
2021-11-30,-0.006713328164299459,-0.014777396738533979,5,99.41568927351852,119.61703147603878,-0.003947215760929906,-0.006359139880171033,-0.0021727547327375085,-0.007530580986086166,-0.013556949461572682,-0.01777777777777767,-0.008130081300813163,-0.02487562189054726,-0.003444316877152631,0.02066115702479343
2021-12-01,-0.014344428779632512,-0.018913972608175626,5,97.98962799915647,117.35459821922969,-0.014536870816169584,-0.0148567654827374,-0.014104005362295752,-0.011306112011407021,-0.016918390225552804,-0.013574660633484226,-0.012295081967212962,-0.015306122448979553,-0.026497695852534475,-0.004048582995951344
2021-12-02,-0.018004125364401703,-0.02121900984004192,5,96.22541045224857,114.8644498448417,-0.020211578723850765,-0.017318434713800873,-0.017841944270268972,-0.015700422977691475,-0.018948246136396424,-0.00917431192660545,-0.020746887966805017,-0.01865284974093262,-0.02721893491124261,-0.014227642276422814
2021-12-03,-0.00035681566528433795,-0.006482684852621329,5,96.1910757184008,114.11981981572785,-0.006233056618642457,-0.00044601958160542243,0.0035138537024494987,-0.000750155834646743,0.0021313000060234344,0.02314814814814814,0.0,-0.015839493136219684,0.001216545012165282,-0.010309278350515427
2021-12-06,-0.015328355858121534,-0.019918967474840985,5,94.71662467941364,111.84667083658366,-0.013504336225366842,-0.023397732958245127,-0.010576753835527447,-0.018856678115483028,-0.010306278155985227,-0.022624434389140302,0.016949152542372836,-0.03433476394849788,-0.0012150668286755595,-0.03541666666666676
2021-12-07,-0.002227358745606911,0.0005225407069356338,5,94.50565677707958,111.905115275031,-0.003941605839416024,0.001382468234658013,-0.0036175317653419914,-0.0021759259259259145,-0.002784198432008639,0.004629629629629539,-0.016666666666666607,0.0033333333333334103,-0.0024330900243308973,0.0
2021-12-08,0.023919456245822167,0.03787896249816481,5,96.76618069934163,116.1439649398867,0.027595172841839932,0.026721354205582803,0.019932542898639827,0.019228588599960628,0.02611962268308765,0.009216589861751112,0.012711864406779627,0.039867109634551534,0.04268292682926833,0.015118790496760237
2021-12-09,0.00696393743748609,0.0053947843970068654,5,97.44005432779632,116.77053658975092,0.008704921796857612,0.007658896692255113,0.008172440433705352,0.006365740510307916,0.003917687754304455,0.0,0.004184100418409997,0.0021299254526090383,0.009356725146198785,0.019148936170212627
2021-12-10,0.008371248502116346,0.006771159899094835,5,98.25574923663403,117.56120856450323,0.008180955604814355,0.006297393960978781,0.008072987301396772,0.009884686351863292,0.009420219291528531,0.009132420091324311,0.016666666666666607,0.009564293304994642,0.002317497103128563,0.0041753653444676075
2021-12-14,0.012707371521521193,0.012640341357371533,5,99.50432154630934,119.04722237114369,0.012490549243530463,0.01383503407403261,0.009831582822954127,0.01617323174294194,0.011206459724146828,0.013574660633484115,0.00819672131147553,0.02421052631578946,-0.0011560693641617936,0.018711018711018657
2021-12-15,0.004774493330505702,0.00818029231735249,5,99.97940426588869,120.0210634497085,0.009316330948846374,0.005968116663132128,0.004426492819349981,0.0027852462927617783,0.001376279928438251,-0.013392857142856984,0.0,0.006166495375128589,0.0127314814814814,0.01836734693877551
2021-12-16,0.0026738037091486922,0.006196237624085831,5,100.2467295678533,120.76474247873838,0.0044734763558929025,0.003342254636435865,0.0012993537171304415,0.0019136832078644195,0.002340250628419832,-0.004524886877828149,0.0,0.008171603677221695,0.005714285714285783,0.004008016032064132
2021-12-17,0.0012540296582849385,-0.004827251246386772,5,100.37244193987746,120.18178072508832,-0.002977917472598346,0.0015675370728561733,0.00511363636363632,0.0009993552546743723,0.0015675370728561733,0.018181818181818077,0.0,-0.014184397163120588,0.002272727272727204,0.0
2021-12-20,-0.0015857734940919687,0.004143324444551565,5,100.21327398191193,120.6797328349563,0.00024992598952788825,5.030345758832988e-05,-0.0024960914822090285,-0.00424979056376007,-0.0014832148716069637,-0.008928571428571397,-0.008130081300813163,0.0020554984583762703,0.009070294784580435,-0.001996007984031989
2021-12-21,0.007999960786551297,0.004892461753823045,5,101.01497624405916,121.27015381231291,0.007747698730936892,0.004877000163516998,0.008717899701137843,0.00915725435397563,0.00949995098318912,0.009009009009008917,0.020491803278688492,0.00512820512820511,0.003370786516853963,0.0020000000000000018
2021-12-22,0.005456200452089277,0.003052884369730531,5,101.56613420310978,121.64037756940135,0.006820250565111596,0.005816234500854556,0.006054944442662635,0.0062603401507778655,0.0023292326010397324,0.0,0.004016064257028162,0.003061224489795844,0.002239641657334923,0.017964071856287456
2021-12-23,2.9360488490914884e-05,-0.003044304233295597,5,101.5691162344241,121.27006725302716,-0.002195442246529261,3.67006106136436e-05,0.0025799356055271616,-0.0008012882162019841,0.0005268966890450144,0.008928571428571619,0.0,-0.010172939979654072,0.003351955307262511,-0.0019607843137254832
2021-12-24,0.0067019959695596935,0.002582568867129259,5,102.24983204205897,121.5832555532295,0.002846521510622202,0.009377494961949617,0.009148306883840662,0.006707116342795916,0.005430540148590068,0.022123893805309658,-0.0040000000000000036,-0.0030832476875641834,0.006681514476614803,0.011787819253438192
2021-12-28,0.0059816558194116356,0.008914197385215004,5,102.86145534492724,122.66707269196802,0.006394818692013471,0.0024569894529793967,0.0018069666814810592,0.008859813137096412,0.010389691133487838,0.0043290043290042934,0.02008032128514059,0.02268041237113394,-0.00553097345132747,-0.011650485436893177
2021-12-29,0.007254472872200335,0.005369658476189839,5,103.60766098232206,123.32575297859782,0.004757746262664175,0.005131083216234622,0.007051962057992356,0.008790004327180356,0.010541568496930165,0.017241379310344973,0.015748031496063186,0.008064516129032251,0.0011123470522802492,-0.005893909626718985
2021-12-30,0.008505348250374056,0.011241499930073964,5,104.48888022038341,124.71211942208306,0.012750329380764203,0.01063168531296757,0.005631685312967566,0.009798351979634218,0.0037146892655367247,-0.008474576271186529,0.0,0.020000000000000018,0.0033333333333334103,0.027667984189723382
2021-12-31,0.005377098961230309,0.018719548226735924,5,105.05072726967654,127.04667395606319,0.0035162454964096923,0.005752381453475869,-0.0018570576710111586,0.005060244133431563,0.014413681393845579,0.012820512820512775,0.003875968992248069,0.03431372549019618,0.006644518272425293,-0.03076923076923077
2022-01-03,0.001508608047648008,0.0009490287456700815,5,105.20920764224687,127.16724490168929,0.003995464700910223,0.0009205090943090466,0.00188576005956001,0.0013357050540594717,-0.0005943986705987114,-0.008438818565400852,0.0038610038610038533,0.0,0.002200220022002153,0.009920634920634885
2022-01-04,-0.0002178220239556161,6.807661734810896e-05,5,105.18629075969945,127.17590201755968,-0.001336107317178592,0.0006892609315939657,-0.0026419457763900422,0.002471959572141108,-0.00027227752994452015,0.004255319148936287,-0.0038461538461539435,0.009478672985782088,-0.010976948408342513,0.0
2022-01-05,0.0017694108700009093,0.0017881193467221646,5,105.37240852594473,127.40330770839412,0.0032710856213994666,0.0012465126222501732,0.003385472507688919,-0.0002854617177153185,0.0012294453163813057,-0.00423728813559332,0.0038610038610038533,-0.0046948356807511304,0.00998890122086582,0.003929273084479323
2022-01-06,0.005349031615426237,0.004111256312008974,5,105.93604887054364,127.92709536138108,0.0056224597320487235,0.006686289519282795,0.006686289519282795,0.004488487321480605,0.003261631985036262,0.004255319148936287,0.0,0.0,0.00879120879120876,0.013698630136986134
2022-01-07,5.2599464364200266e-05,0.0008156096737605916,5,105.94162104997109,128.03143393789392,6.574933045525033e-05,0.0010272877919937362,6.574933045525033e-05,-0.00047891297891297646,-0.0004168761521702591,0.0,-0.0038461538461539435,0.0,0.002178649237472907,0.0019305019305020377
2022-01-10,-0.0002113093087181328,0.0010791414337911972,5,105.91923459926254,128.169597963084,-0.0023827807036942705,0.002631616259855196,0.0009151086471212155,-0.0024380496793759143,0.0002175589325031091,0.008474576271186418,-0.011583011583011449,-0.004716981132075526,0.008695652173912993,-0.0019267822736031004
2022-01-11,-0.0048281911648065945,-0.011738860731471708,5,105.4078362865873,126.66503290258662,-0.006035238956008243,-0.006035238956008243,-0.0024807365863399877,-0.003071876887042746,-0.0065178644386337525,0.0,0.0,-0.014218009478673022,-0.011853448275861989,0.0019305019305020377
2022-01-12,-0.007576167027292424,-0.0198520289367093,5,104.6092489128946,124.15047500413523,-0.011571049120249977,-0.00849364628411553,-0.001056747245653994,-0.00728918370232709,-0.00947020878411553,0.008403361344537785,-0.00390625,-0.033653846153846145,-0.008724100327153761,0.0
2022-01-13,-0.012063528169439364,-0.010036629418322972,5,103.34729229185,122.90442269440996,-0.010912743545132553,-0.011157841584348238,-0.01159682314712257,-0.0139793002007981,-0.012670932369795357,-0.016666666666666607,-0.015686274509803866,-0.013930348258706537,-0.004400440044004417,-0.009633911368015391
2022-01-14,0.008912784671944696,-6.955081344704747e-05,5,104.2684044544758,122.89587459183531,0.010081658806032567,0.003172853349891036,0.011393251273836003,0.011693467027776183,0.00822269290218769,0.004237288135593209,0.031872509960159334,-0.0010090817356205317,-0.0022099447513812542,0.011673151750972721
2022-01-17,-0.012144560865491094,-0.002238256312326185,5,103.00211047023078,122.62080212477129,-0.015180701081863868,-0.015180701081863868,-0.015180701081863868,-0.014903846153846156,-0.0002768549280177113,0.0,0.0,0.0,-0.001107419712070845,-0.059615384615384626
2022-01-18,0.006514233673831948,0.0009209649031383729,5,103.6730902867317,122.73373157992286,0.007087939771614787,0.007177541127038972,0.005617539567037394,0.011191572580094844,0.0014965753233737444,0.0042194092827005925,0.0038610038610038533,0.010101010101010166,-0.012195121951219634,0.026584867075664764
2022-01-19,0.006283194933222247,0.006407216962602456,5,104.3244885223328,123.52011322678524,0.006803573498460586,0.01073860905114321,0.006603993666527835,0.005889908369109159,0.001379890080870444,0.004201680672268893,-0.011538461538461608,0.004999999999999893,0.007856341189674598,0.02589641434262946
2022-01-20,-0.00196691050814326,0.00886436817300222,5,104.11929158960156,124.6150409871984,0.0006794371786284226,-0.003431400781093469,-0.0074337625132885055,-0.0030154310082302904,0.0033666045832675406,-0.012552301255229992,0.0038910505836575737,0.01990049751243772,0.00222717149220486,-0.023300970873786464
2022-01-21,0.007250538992051347,0.0023577700808979475,5,104.87421257309673,124.90885460246788,0.009063173740064184,0.00712518924394015,0.007843661544942232,0.009618729295619743,0.0026019411356904276,0.0,0.007751937984496138,0.004878048780487809,-0.0022222222222222365,0.025844930417495027
2022-01-24,0.0021487755869068702,0.0007582852796658706,5,105.0995637207699,125.00357114821286,0.002685969483633588,0.0007628925605566717,0.002685969483633588,0.002407573047107925,0.0022014733596025793,0.0,0.007692307692307665,0.0,0.0011135857461026522,0.0019379844961240345
2022-01-25,-0.011955100877989944,-0.002891121279952334,5,103.84308783425536,124.64217066359622,-0.01494387609748743,-0.008264486784510333,-0.016157468330497138,-0.012719181992926765,-0.007690491184528053,0.0,-0.026717557251908386,0.004854368932038833,-0.00889877641824266,-0.029013539651837505
2022-01-26,0.003934364070494722,-0.01121671498170584,5,104.25164434799967,123.24409496056153,0.004917955088118403,-0.0019447900099207882,0.01337206136831165,0.0023927025628658616,0.0009338913430984863,0.0,0.027450980392156765,-0.033816425120772986,0.010101010101010166,0.015936254980079667
2022-01-27,-0.004288729232150868,0.00040346060730876753,5,103.80453727338461,123.29381909796152,-0.005360911540188584,-0.0015441176470588347,-0.006610911540188558,-0.0045275782068552595,-0.003400127226463101,0.0,-0.015267175572518998,0.004999999999999893,-0.0033333333333332993,-0.007843137254901933
2022-01-28,0.0004952845649662807,-0.0004560933697069181,5,103.85595005846957,123.2375856045451,0.001678427740106181,-0.00034988654185416634,0.0006191057062078509,0.0008978125066538001,-0.000369036586282262,-0.00423728813559332,0.003875968992248069,0.0,-0.0011148272017837968,0.0039525691699604515
2022-01-31,0.005164812827659881,0.00487377284003753,5,104.39234660156036,123.83821760213631,0.004328356460106764,0.006456016034574852,0.005212234940047467,0.0053399446060033995,0.004487512097566926,0.008510638297872353,0.0,0.004975124378109541,0.0044642857142858094,0.007874015748031704
2022-02-01,0.007676384232568845,0.019647798169605026,5,105.19370236501344,126.27136590726671,0.010650332611386149,0.009595480290711056,-0.0015431335706750926,0.009595480290711056,0.010083761540711056,-0.00421940928270037,0.0,0.044554455445544594,0.0,-0.001953125
2022-02-02,0.0061661340910265094,0.014924804205121765,5,105.84234083932766,128.15594132014596,0.0066483455798848345,0.0067424166485321735,0.0065228334905604035,0.000763223169338717,0.010153851566816419,0.004237288135593209,0.0038610038610038533,0.004739336492890933,0.02777777777777768,-0.009784735812133127
2022-02-03,0.008702188993878623,0.008105398123769187,5,106.763400892866,129.19469624647212,0.011932588563023372,0.009916197780809821,0.01087773624234828,0.006823682188294211,0.003960740194917434,-0.00421940928270037,0.0038461538461538325,0.0,0.016216216216216273,0.027667984189723382
2022-02-04,-0.0009944451937438537,4.432800766243267e-06,5,106.65723054198035,129.19526894082065,-0.0033617005599764216,-0.0002852020860495408,-0.001243056492179817,-0.001243056492179817,0.0011607896616663282,0.008474576271186418,-0.003831417624521105,0.0,0.0,-0.009615384615384581
2022-02-07,-0.011789819959255076,-0.004671816497832705,5,105.39976099653765,128.591692351941,-0.004233073268396587,-0.01377573648753036,-0.014737274949068846,-0.013407487715026284,-0.012795527376253307,-0.04201680672268904,-0.0038461538461539435,0.0,-0.005319148936170248,-0.007766990291262155
2022-02-08,-0.001846007346592704,-0.005033782320755423,5,105.20519226340892,127.94438976438376,-0.00230750918324088,-0.0032727601484918434,-0.0011282639002219985,-0.0007032311083745857,-0.0018182723926342126,0.0,0.0038610038610038533,-0.004716981132075526,-0.0064171122994651775,-0.00195694716242667
2022-02-09,-0.0010080034408227023,-0.006216585584954565,5,105.09914506761497,127.1490125152987,-0.004549477985238887,0.0006630726220485383,-7.517017780561686e-05,0.001161954794773573,-0.0022403964578911195,0.013157894736842035,-0.007692307692307665,-0.004739336492891044,-0.009687836383207804,0.0039215686274509665
2022-02-10,4.22439721131429e-05,0.0039704619577485565,5,105.10358487296831,127.65385283245598,-0.0010294461171096447,0.0010217972132034459,-0.002328147415810944,5.280496514142863e-05,0.0024942112151414286,0.0043290043290042934,-0.003875968992248069,0.00952380952380949,0.0,-0.009765625
2022-02-11,-0.00047054747058266065,-0.004746433588003557,5,105.05412864695718,127.04795229773396,-0.0016657705451249005,-0.0025337096300571127,-0.0017674296212472074,0.0032161634878586365,0.0003980089556572808,0.004310344827586299,0.0077821011673151474,0.004716981132075526,-0.01521739130434785,-0.0039447731755424265
2022-02-14,0.006953357988712527,0.0063867547342889245,5,105.78460761163173,127.8593764085532,0.0065457747391095555,0.007726446520639696,0.007517988565702849,0.006760130156972355,0.006216449961138182,0.008583690987124415,0.0038610038610038533,0.0046948356807512415,0.007726269315673218,0.00990099009900991
2022-02-15,-0.0004712949667394106,0.000821245923585977,5,105.73475185850587,127.96438040022096,0.0004747110788097808,-0.0005891187084242633,0.0005791055906411435,-0.002232054086299451,-0.0005891187084242633,-0.004255319148936176,0.0,-0.004672897196261627,0.0065717415115007505,0.0
2022-02-16,-0.0018444371135915905,-0.0016647770659562109,5,105.53973075798164,127.75134823447137,-0.002305546391989488,-0.003267084853527946,-0.002305546391989488,-0.001489441930618396,0.00014543400016736596,0.0,0.0038461538461538325,0.0,-0.0032644178454843686,-0.009803921568627416
2022-02-17,-4.362466270235732e-05,-0.0009350044222521127,5,105.53512662282563,127.63190015892346,-0.0011229068967540112,-5.453082837794665e-05,0.001119178091809836,-0.0006003823567622135,0.00044051867657254884,0.004273504273504258,0.0,-0.0046948356807511304,0.0021834061135370675,-0.001980198019801982
2022-02-18,0.0031463474029328033,-0.002403207298633074,5,105.86717679439353,127.32517424492312,-0.0013862146825041888,0.0020172254414054513,0.006291424819703739,0.003388271944297777,0.005421029491761237,0.02127659574468077,0.00766283524904221,-0.009433962264150941,0.002178649237472907,-0.005952380952380931
2022-02-21,0.0,0.0,5,105.86717679439353,127.32517424492312,0.0,0.0,0.0,0.0,0.0,0.0,0.0,0.0,0.0,0.0
2022-02-22,-0.0025912150853572235,-0.004918105757529888,5,105.59285216883971,126.69897557239065,-0.0011556855233632035,-0.0032390188566965294,-0.000858066475744157,-0.0029672797262617623,-0.004736024844720466,-0.008333333333333304,0.0,-0.00952380952380949,-0.0010869565217390686,0.0059880239520957446
2022-02-23,0.006846946250389863,0.0016086995009506554,5,106.31584075206513,126.9027961511649,0.0022561618045839893,0.008558682812987328,0.008558682812987328,0.008286647992530316,0.006574555828860351,0.025210084033613356,0.0,0.0,0.0010881392818280489,0.007936507936507908
2022-02-24,-0.012947521605432288,-0.015400009772527546,5,104.93931410692805,124.9484918502759,-0.014135221678921506,-0.013332690980174394,-0.013780555852944215,-0.010749619398094712,-0.012739520117026615,-0.008196721311475419,-0.011406844106463865,-0.009615384615384581,-0.021739130434782594,-0.013779527559054983
2022-02-25,-0.009998360451198817,0.00025188972135411786,5,103.89009301898543,124.97996509107168,-0.01043183486151919,-0.00961333517938312,-0.01371154279700823,-0.012220172786220757,-0.004014916631862792,-0.008264462809917328,-0.011538461538461608,0.004854368932038833,-0.0011111111111110628,-0.03393213572854292
2022-02-28,-0.010321834147104747,-0.014683300230403092,5,102.81775670931617,123.14484674085418,-0.010818959350547608,-0.013875055329795327,-0.004448186403687687,-0.013180379446950996,-0.009286590204542117,-0.008333333333333304,0.0038910505836575737,-0.033816425120772986,0.0011123470522802492,-0.014462809917355268
2022-03-01,-0.0006587684657013648,-0.0071059488904807325,5,102.75002361348191,122.26978575378757,-0.000823460582126706,-0.0017924528301887233,-0.000823460582126706,0.003065428306762208,-0.0029198966408268967,0.0,0.003875968992248069,0.0,-0.015555555555555656,0.008385744234800763
2022-03-02,-0.005373935559966658,0.0030637267987880462,5,102.197851607798,122.64438697308353,-0.00881825978609277,-0.006717419449958323,-0.007967419449958296,-0.00756392057862651,0.004197341464802606,0.008403361344537785,0.0,0.004999999999999893,0.003386004514672747,-0.04365904365904372
2022-03-03,0.01819606837603125,0.01446717426126004,5,104.05745070353699,124.41870469158856,0.02274508547003906,0.021779834504788098,0.01901374218645696,0.019370507292311323,0.008071172426560802,0.0,0.0038610038610038533,0.014925373134328401,0.013498312710910954,0.05869565217391304
2022-03-04,0.005545209190628198,0.00952158825546119,5,104.63447103553159,125.60336836893966,0.007973178154951938,0.007893049949823733,0.003255040900049966,0.0052666946181409435,0.003338082330174408,-0.004166666666666763,-0.0038461538461539435,0.014705882352941124,0.006659267480577213,0.014373716632443356
2022-03-07,-0.008332655564417401,-0.01342547172421571,5,103.76258802822748,123.9170838984362,-0.008323769246316726,-0.010415819455521752,-0.005584901581125623,-0.007935113832588991,-0.009403673706533916,-0.008368200836820106,0.0,-0.019323671497584516,-0.009922822491731043,-0.004048582995951344
2022-03-08,-0.00022673196890616866,-0.009884119180253193,5,103.73906173234504,122.69227267271464,-0.0076673812058584145,0.0006818360041182248,0.0009481121324633468,0.004170928023277065,0.0007328452014689346,0.029535864978902815,-0.0038610038610037423,-0.0049261083743842304,-0.017817371937639104,-0.004065040650406582
2022-03-09,-0.0016965478943811174,0.004794316015840798,5,103.56306344559796,123.28049820060933,-7.150454010754204e-05,-0.0011516926199143795,-0.0033583086303526355,-0.003821365140085242,-7.986854144578781e-05,-0.008196721311475419,-0.003875968992248069,0.004950495049504955,0.006802721088435382,-0.008163265306122436
2022-03-10,0.008011620610641845,0.00600237527693339,5,104.39277141919992,124.0204740151367,0.008981467912062613,0.00806900047147352,0.008782998669706221,0.008325336574113107,0.005899299425853766,0.004132231404958775,0.0077821011673151474,0.0049261083743843415,0.006756756756756799,0.016460905349794164
2022-03-11,-0.0026016295538139333,0.0017686459597600769,5,104.1211800998712,124.23982232543109,-0.0022232303579052537,-0.00132153501176549,-0.004477527138345844,-0.0032520369422674167,-0.0017338183187856626,-0.004115226337448652,-0.007722007722007707,0.004901960784313708,0.0,-0.006072874493927016
2022-03-14,0.0003193280945297472,0.0035068949688445827,5,104.15442891791267,124.67551833327431,-0.0006338977330775097,-0.0005736025277522094,0.000399160118162184,-0.0015583342889966267,0.003963314904312898,0.004132231404958775,0.0038910505836575737,0.0,0.007829977628635243,-0.014256619144602856
2022-03-15,0.0034389781722307554,3.8346884696154384e-05,5,104.51261372550253,124.68029925100026,0.002241109546564174,0.003329730467226427,0.004298722715288444,0.0045761921936458005,0.0027491359384289316,0.008230452674897082,0.003875968992248069,0.0,-0.0011098779134294245,0.006198347107438051
2022-03-16,0.006491587082404759,0.014123999813258221,5,105.19106645871136,126.44128377433836,0.009134892016271268,0.00811448385300595,0.0007974106822742355,0.007836706075228184,0.006574442785244161,-0.004081632653061273,0.0,0.029268292682926855,0.0011111111111110628,0.006160164271047153
2022-03-17,-0.0021973403664830916,-0.01256855375721928,5,104.95992588218823,124.85209970208876,-0.004795855785972747,-0.0046771773886058465,0.0019926610347871243,-0.00024945015288746486,-0.0032568795397365236,0.00819672131147553,0.007722007722007929,-0.018957345971563955,-0.009988901220865598,0.0020408163265306367
2022-03-18,0.009682273264043539,0.0034340556611087594,5,105.97617656635335,125.28084876187205,0.010070321254851189,0.007313569549403098,0.010895112111455385,0.012102841580054424,0.0080295218244536,0.008130081300812941,0.019157088122605304,0.004830917874396157,0.0,0.016293279022403295
2022-03-21,-0.0030900961775857773,-0.00878767126137694,5,105.6486999882305,124.17992184760642,-0.006886813770369343,-0.001982920973861907,-0.0002568509912130035,-0.0024612749305024106,-0.0038626202219822214,0.012096774193548487,-0.007518796992481258,-0.014423076923076872,-0.005605381165919243,0.0
2022-03-22,-0.004735129061842347,-5.906856179438068e-05,5,105.14843975857036,124.17258671821914,-0.002930863518537996,-0.004024971933363541,-0.008357935717546838,-0.003945968824484447,-0.004415905315278912,-0.01195219123505975,-0.007575757575757569,0.009756097560975618,-0.007891770011273946,-0.006012024048096087
2022-03-23,-0.002666632925618173,-0.004553007005773887,5,104.86804746703278,123.60722806096602,-0.0023252266408936573,-0.0004706957371753695,0.0002898972487743734,-0.004469654793386374,-0.006357484705409838,-0.0040322580645162365,-0.011450381679389388,-0.01449275362318836,0.00454545454545463,0.012096774193548487
2022-03-24,0.0049217909658499925,0.0039654508337445,5,105.38418607566236,124.09738644653723,0.006152238707312491,0.006152238707312491,0.0037012583151556366,0.006435044137176771,0.002168174962292574,0.0,0.0,0.009803921568627416,-0.0011312217194571206,0.015936254980079667
2022-03-25,0.0016855524310057878,-0.0015120873729927995,5,105.56181664669175,123.90974035547002,0.002106940538757235,0.0030721915040081704,0.002106940538757235,0.002956317662200031,-0.0018146280886937316,0.0,-0.0038610038610037423,0.0,-0.003397508493771184,0.015686274509803866
2022-03-28,0.002529863743961025,0.0011157640524573256,5,105.82887365937287,124.04799438950798,0.00012589243298771757,0.0041313219280132985,0.005589514145970698,0.0006055114981330934,0.002197078714700318,0.012145748987854255,-0.003875968992248069,-0.009708737864077666,0.010227272727272751,0.0038610038610038533
2022-03-29,-0.0033292572190823265,-0.004384352057071249,5,105.47654211775506,123.50412431013078,-0.004161571523852908,-0.005134334169767302,-0.004161571523852908,-0.0019118527387010087,-0.0012769561392375062,0.0,0.0038910505836575737,0.0,-0.008998875140607598,-0.011538461538461608
2022-03-30,-0.0015939408491586703,-0.002061750685594853,5,105.30841874864556,123.24948959716058,0.0010075739385516647,-0.0010234338133863208,-0.000766935865369911,-0.0022761945063972666,-0.004910713999191518,-0.01200000000000001,-0.003875968992248069,-0.004901960784313708,0.0011350737797957144,0.011673151750972721
2022-03-31,-0.0007463919999569413,-0.0022635730442592617,5,105.22981738736345,122.97050537478972,-0.002957281497921904,-0.0009329899999461766,0.000298537093649881,-0.0006495432879280172,0.0005093176923615106,0.00809716599190291,0.0,-0.0049261083743842304,-0.0011337868480726376,-0.005769230769230749
2022-04-01,-0.014700242757563608,-0.013233365209479604,5,103.68291352643513,121.34319176717085,-0.01134719099715531,-0.013511490217382516,-0.011692135130122822,-0.01809153500200561,-0.018858862441151786,-0.028112449799196804,-0.01945525291828798,-0.026732673267326756,-0.0011350737797956034,0.0019342359767891004
2022-04-04,0.004626556899284195,-0.00433145663711541,5,104.16260842534875,120.81759899382216,0.0006179068679068866,0.0028070056479147787,0.005783196124105244,0.008624105215014333,0.005300570641479735,0.02066115702479343,0.011904761904761862,0.0,-0.011363636363636354,0.0019305019305020377
2022-04-05,0.0031701195998052436,0.0034502359510232847,5,104.49281635188478,121.23444821738696,0.00497479524874439,0.0029822573428938126,0.0021823850033170777,0.0036752931779174824,0.002035867226153454,-0.004048582995951344,0.0039215686274509665,0.007121057985757906,0.0011494252873562871,0.007707129094412402
2022-04-06,0.002692690056704761,-0.0003351899776171013,5,104.7741831194726,121.19381164540255,0.004382122733482596,0.003365862570880951,0.001850711055729426,0.004800994603027908,-0.0009362406795970779,-0.004065040650406582,0.0,0.0060606060606061,-0.00574052812858783,0.017208413001912115
2022-04-07,-0.003439183027247239,-0.006799392375034113,5,104.41384552719441,120.36976736659948,-0.00633979511058963,-0.0033224162840590488,-0.001788938623416475,-0.0028555607702022423,-0.002889204347968799,0.008163265306122325,-0.00390625,-0.010040160642570295,-0.005773672055427226,-0.005639097744360999
2022-04-08,0.0003885397081503372,-0.0008662889522662705,5,104.4544144522624,120.26549236694292,0.0025099661331636214,0.001466066792050691,0.00048567463518792153,0.0007760346816454988,-0.0032950437012960465,-0.0080971659919028,-0.0039215686274510775,0.0,-0.0011614401858303092,0.015122873345935872
2022-04-11,0.0024411366369544883,0.008052074402496697,5,104.70940195027345,121.23387905953447,0.0030514207961931106,0.006004176701704889,0.000769473534529802,0.0007258394008442803,0.0016547727515003607,0.0,-0.011811023622047112,0.009127789046653234,0.009302325581395321,0.005586592178770999
2022-04-12,0.0034561169834042226,-3.0473260459623773e-05,5,105.07128989267589,121.23018466796137,0.00329973806598996,-0.0016559493882745968,0.0038176336664411947,0.005184201528794452,0.0066349610440701035,0.004081632653061273,0.0239043824701195,0.0020100502512563345,-0.003456221198156695,-0.0092592592592593
2022-04-13,0.0016759177492201127,-0.0010943590017030826,5,105.24738073234047,121.09751532409186,0.001078637023923551,0.002094897186525141,0.0025964017000657813,0.0023839145275655893,0.0002257383080205011,0.00406504065040636,0.0,-0.0020060180541625616,-0.0011560693641617936,0.007476635514018559
2022-04-14,0.0022300341043965275,0.005057957693111629,5,105.482085980772,121.71002143334204,0.001775396881507768,0.0027875426304956596,0.001531261223460506,0.0013407833712364148,0.00371518641528229,0.004048582995951566,0.0,0.005025125628140614,0.0057870370370369795,-0.0037105751391465214
2022-04-19,-0.0035166796143059286,-0.005444226914224793,5,105.11113927932895,121.04740445892376,-0.007420043066269533,-0.003423086871968045,-0.0026458495178824093,-0.002957414535143643,-0.001137004080266013,0.012096774193548487,-0.0038910505836574627,-0.007000000000000006,-0.005753739930955071,-0.013035381750465591
2022-04-20,-0.003249148322851192,-0.0034433364517721166,5,104.76961759742656,120.63059751875795,-0.00406143540356399,-0.00503799790356399,-0.00406143540356399,-0.002325324292452857,-0.0007595486111111327,0.0,0.00390625,0.0,-0.006944444444444531,-0.013207547169811429
2022-04-21,0.0038051892015464883,0.006246770054986024,5,105.16828581495842,121.38414912305319,0.0017684386931681728,0.005729249147847476,0.0029941501474517462,0.0032996100450566335,0.005234497974208413,0.01195219123505975,-0.0038910505836574627,0.007049345417925457,0.005827505827505908,-0.0019120458891012104
2022-04-22,-0.004847518755640689,-0.004460007667332939,5,104.65848057697183,120.8427748872717,-0.0040908945075429914,-0.003129710944550862,-0.004809398444550861,-0.005190337030877651,-0.007017252850681083,-0.007874015748031482,-0.01171875,-0.0050000000000000044,-0.0034762456546928444,0.003831417624520883
2022-04-25,0.00076851504103157,-0.0037415801057190867,5,104.73891219346673,120.39063196483359,0.0009606438012894625,0.0009606438012894625,-4.4381324338704786e-05,0.003867620545475514,-0.0019019516185578844,0.0,0.0,0.004020100502512669,-0.011627906976744207,0.011450381679389388
2022-04-26,-0.03003790567164597,-0.03909695511494803,5,101.59277462884857,115.68372483064427,-0.020682302724478102,-0.03754738208955746,-0.03504487958705496,-0.020782676207204503,-0.03613228774993482,-0.06746031746031744,0.0,-0.010010010010010006,-0.06705882352941184,-0.005660377358490565
2022-04-27,-0.030924846545363628,-0.02859136787543883,5,98.4510336633337,112.37616889681028,-0.01737946243702368,-0.03766791588921439,-0.030314298828822805,-0.03392718050200719,-0.03533537506975007,-0.08510638297872342,-0.0039525691699605625,-0.03336703741152691,-0.018915510718789386,-0.013282732447817858
2022-04-28,-0.019774882619676658,-0.01883234650331657,5,96.50417602885545,110.25986194543032,-0.006811626530409787,-0.0267027302587228,-0.025241615826897074,-0.01539983720775781,-0.024718603274595824,-0.07162790697674415,0.007936507936507908,0.0020920502092049986,-0.037275064267352054,0.0
2022-05-04,-0.019492966086435314,-0.003923332306688122,5,94.62302339832559,109.82727586692882,-0.024366207608044144,-0.021413451702532366,-0.02462716794207337,-0.023364872494559458,-0.0036931306849672385,0.0,-0.011811023622047112,0.0010438413361169019,-0.004005340453938744,-0.08269230769230762
2022-05-05,-0.0007768586081874807,-0.007820691711465181,5,94.54951468806587,108.96835060086354,-0.0009710732602343508,2.494267602065614e-05,0.0013751206917990422,0.0013747712437870707,-0.0056880543923098215,0.0,-0.003984063745020028,-0.009384775808133572,-0.009383378016085686,0.018867924528301883
2022-05-06,-0.0031143971024779615,-0.01093822423370338,5,94.25504995348066,107.77643034761448,-0.002890992370081391,-0.0008929963780974493,-0.002050891114939557,0.0008431335271799623,-0.010580239176451373,-0.004008016032064243,-0.01200000000000001,-0.00736842105263158,-0.018944519621109657,0.026748971193415683
2022-05-09,0.0027545535193262303,-0.006976436753783051,5,94.5146805330443,107.02453489774587,0.001934137573202016,0.00040675465219422446,0.009275641528001921,0.001719053968123302,0.0004371798751096889,0.006036217303823088,0.012145748987854255,-0.023329798515376532,0.006896551724137945,0.012024048096192397
2022-05-10,-0.00814962719421286,-0.018229598730588485,5,93.74442112231986,105.0735205722321,-0.006687033992766073,-0.010187033992766076,-0.004486708259867078,-0.005734979198245532,-0.013652380527419544,-0.014000000000000012,0.0,-0.02280130293159599,-0.017808219178082174,0.013861386138613874
2022-05-11,0.0021037302600187325,-0.0012841636366745664,5,93.94163409774282,104.93858897793584,9.416586761973322e-05,0.004629662825023417,0.0029074406028011812,0.003675687929625915,-0.0007883059249765845,0.01014198782961473,-0.008000000000000007,-0.0011111111111110628,-0.004184100418409997,0.013671875
2022-05-12,-0.002767198093709933,-0.002053189494806245,5,93.68167898694755,104.72313016944655,-0.002956989585008868,-0.00043480406875032185,-0.0015123902756468688,-0.004509417785204639,-0.004422388753938966,-0.002008032128514192,-0.012096774193548376,-0.007786429365962189,0.004201680672268893,0.003853564547206201
2022-05-13,0.002103914974396703,0.0068278380453522455,5,93.8787772741948,105.43816274184586,0.008666111021818829,0.0026298937179958792,-0.002414949331331462,0.003327243787730888,-0.0016887243242306171,-0.024144869215291798,0.0,0.020179372197309364,-0.002789400278940035,0.017274472168905985
2022-05-16,0.00014783449245892033,-0.00226349178881836,5,93.8926557955858,105.1995043262516,-0.0039389182246325205,0.0022256094421042594,-0.0003646574338768971,0.0026323455631261095,0.0001847931155736504,0.016494845360824684,-0.008163265306122436,0.00219780219780219,-0.009790209790209836,0.0
2022-05-17,0.0011085188909984779,0.007273333257587305,5,93.99673757826122,105.96465537974944,0.0029069467881902566,-0.0006719645549761732,-0.002177947877479963,0.00032632657984979496,0.005159233519408474,-0.006085192697768638,0.008230452674897082,0.014254385964912242,0.004237288135593209,-0.015094339622641506
2022-05-18,-0.005482341497556354,-0.010262803402792658,5,93.48141536320101,104.8771609539424,-0.006342722790312755,-0.0017508860556189054,-0.004690764709783274,-0.002985135029470065,-0.011642198902596768,-0.0020408163265307477,-0.020408163265306145,-0.008648648648648671,-0.015471167369901506,0.019157088122605304
2022-05-19,-0.003493721483496137,-0.0029016141896543095,5,93.15481733403897,104.57284789554777,-0.0033446569668446335,-0.0033254851877034808,-0.003004011178252386,-0.0043671518543701715,-0.0034273022303100142,-0.004089979550102152,-0.004166666666666763,-0.005452562704471142,0.0,-0.003759398496240629
2022-05-20,-0.009566938127301384,-0.005622823003219801,5,92.26361096034415,103.98485328088849,-0.012472019681713992,-0.0046364969269091505,-0.007024462132810938,-0.014101529801983842,-0.009600182093088994,0.002053388090349051,-0.029288702928870314,-0.019736842105263164,0.008571428571428452,-0.009433962264150941
2022-05-23,-0.006641373448710209,-0.012692954068818386,5,91.65085386423,102.66497831434135,-0.009838602056789436,-0.00830171681088776,0.0009264711085753552,-0.010072255054513812,-0.005920764429935388,0.006147540983606703,0.0,-0.03691275167785246,0.007082152974504208,-0.00952380952380949
2022-05-24,0.0016011002352140258,-0.0037603879019787382,5,91.7975960679096,102.2789181719312,-3.528458378285193e-05,0.0030789615009140514,0.008098936269627266,-0.0008115642277828072,-0.0023255477829055293,0.008146639511201537,-0.004310344827586077,-0.024390243902438935,0.011251758087201358,0.017307692307692246
2022-05-25,0.0025500742473222983,0.0072350471155348825,5,92.03168675360847,103.01891096383106,0.0016724412940013478,0.004269843891403974,0.0031875928091528727,-0.0009848689432810365,0.004605362185334333,0.0060606060606061,-0.0043290043290044045,0.0,0.016689847009735637,-0.005671077504725841
2022-05-26,0.01037765438228162,0.01679003956987162,5,92.9867597909558,104.74860255535887,0.009458011752952439,0.014059024499591177,0.007614925120709187,0.009210098073611256,0.011546212464544042,0.014056224899598346,-0.004347826086956608,0.021428571428571352,0.015047879616963078,0.005703422053231932
2022-05-27,0.020748057263203168,0.02316119570286085,5,94.91605440781828,107.17470543874472,0.02717269534138017,0.015018041011318345,0.019524815168747517,0.019870381552049815,0.022154353242519992,-0.004950495049504844,0.04366812227074246,0.025641025641025772,0.02425876010781658,0.015122873345935872
2022-05-30,0.0066520233576646826,0.012104548520050086,5,95.54743821875645,108.4720068608501,0.004583685913498808,0.006222978987875799,0.0014968473788990189,0.007986081828659813,0.012970522679389973,0.01492537313432818,0.008368200836820217,0.027272727272727337,0.001315789473684159,-0.01862197392923648
2022-05-31,-0.015949601167405115,2.5112302855867856e-05,5,94.0234946866,108.47473084273777,-0.02116249165533482,-0.004376835484152658,-0.02159629349465461,-0.020265516570951575,-0.012346868631931907,0.004901960784313708,-0.06224066390041494,0.006637168141592875,0.0013140604467807293,-0.030360531309297945
2022-06-02,-0.006050545554316477,-0.0011532031666168505,5,93.4546012488227,108.34963743963202,-0.00878269413801755,0.0034987649597592596,-0.007563181942895597,-0.006907013963892955,-0.010498602686535546,0.004878048780487809,-0.04424778761061943,0.0,-0.002624671916010568,0.011741682974559797
2022-06-03,0.01498764979401863,0.009925243483094537,5,94.85526608397971,109.42503397252538,0.013880193310484457,0.01526234002030108,0.01873456224252329,0.01412929908462851,0.012931854312155822,0.01941747572815533,0.01388888888888884,0.0,0.018421052631579116,0.02321083172146987
2022-06-06,0.00030386321346262954,-0.0007633040924486955,5,94.88408910994585,109.34150939627783,-0.0031915995546002718,-0.003044828517418302,0.00037982901682828696,0.00037982901682828696,0.006996086105675148,0.014285714285714235,0.013698630136986356,0.0,0.0,-0.026465028355387443
2022-06-07,0.005155624664304637,0.00011854238806986665,5,95.37327586001115,109.35447099991681,-0.0005977226907459554,0.006444530830380796,0.006719256105106042,0.006767528246401505,0.006444530830380796,0.028169014084507005,0.0,-0.001098901098900984,-0.0012919896640828377,0.0
2022-06-08,-0.001013264057089014,0.0013153685899775656,5,95.27663754757538,109.49831243624372,-0.002408132582776834,0.002111798307017132,-0.0012665800713612674,-0.0022368258669628327,-0.0012665800713612674,0.004566210045662267,-0.013513513513513598,0.0,0.0038809831824062613,0.0
2022-06-09,-0.001615359111674497,-0.011815658194466722,5,95.12273156298319,108.20451780362615,-0.012246471616865817,0.0014054586446534123,0.004856488679163745,-0.002985693734953998,0.0008934224696301729,0.040909090909090784,-0.013698630136986134,-0.027502750275027465,0.0038659793814435073,-0.011650485436893177
2022-06-10,-0.0037338140571930856,-0.011504278493965379,5,94.76756097071471,106.95970289650798,-0.005758970628259946,-0.006982082386306182,0.0012716464556579987,-0.004988191833365546,-0.002211471893691752,0.004366812227074357,0.0092592592592593,-0.023755656108597423,0.0012836970474967568,-0.00982318271119842
2022-06-13,-0.003123607042696186,-0.010969350751671544,5,94.47154434984745,105.78642439914161,-0.0028175522816310805,-0.0039045088033702324,0.0018892339544513137,-0.0039045088033702324,-0.006880699279560698,-0.004347826086956608,0.0,-0.023174971031286185,0.0,0.011904761904761862
2022-06-14,-0.014779422037409961,-0.009244202095524604,5,93.07530952537516,104.808513313033,-0.006465543922308331,-0.017327488555936743,-0.01639835821105662,-0.017192226264711147,-0.01651349323303697,-0.048034934497816484,-0.004587155963302836,-0.008303677342823335,-0.005128205128205221,-0.007843137254901933
2022-06-15,-0.008133382010373036,-0.012362333313078872,5,92.31829247727157,103.51283553740902,-0.010166727512966295,-0.009014653780247434,-0.005082995455550049,-0.009200232667605474,-0.0072023006354959285,0.0,-0.004608294930875445,-0.020334928229664984,-0.0038659793814432852,-0.011857707509881465
2022-06-16,-0.006368168084535886,-0.011771369325954323,5,91.73039407349896,102.2943477203214,-0.006813421114844148,-0.010275024920484682,-0.005212957358417092,-0.004079226923263651,-0.005460210105669855,-0.004587155963302836,0.0092592592592593,-0.010989010989011061,-0.015523932729624823,-0.010000000000000009
2022-06-17,-0.005509351836374643,-0.010431511376107979,5,91.22501905845874,101.22726306836532,-0.0057346160627494425,-0.009180267777119666,-0.002874344116455957,-0.0059011444603828955,-0.003856386765165254,-0.004608294930875445,0.00917431192660545,-0.016049382716049387,-0.003942181340341633,-0.0121212121212122
2022-06-20,-0.008297916055618937,-0.00986580869484562,5,90.46804150813942,100.22857425622999,-0.009214987662116259,-0.008099667796796411,-0.010686071355596433,-0.0031164583940619106,-0.010372395069523671,-0.00462962962962965,-0.009090909090909038,0.0012547051442910462,-0.029023746701847042,0.0
2022-06-21,-0.0006439661108742278,-0.0002011963324587491,5,90.40978315529101,100.20840863468207,-0.0008049576385927848,0.0026354093338842866,0.0001348919854673447,-0.0018239793777232727,-0.003361194857406713,0.0,-0.013761467889908285,-0.003759398496240518,0.0040760869565219515,0.010224948875255713
2022-06-22,-0.013838025626732975,-0.013148811944064382,5,89.15869025908071,98.89078711433069,-0.013809159940392945,-0.016134741335741776,-0.012580550901340748,-0.016959237040182096,-0.00970643891600731,-0.013953488372093092,-0.0046511627906977715,-0.018867924528301883,-0.0013531799729364913,-0.030364372469635637
2022-06-23,-0.007728892668348508,-0.004806898533648911,5,88.46959231161775,98.41542913475942,-0.002585644137322457,-0.01082934013450107,-0.009661115835435635,-0.0069510887351646455,-0.008617274499318733,-0.028301886792452713,0.004672897196261738,0.0,-0.010840108401083959,-0.0041753653444676075
2022-06-24,0.0010146079544224086,0.001508091665907576,5,88.55935426370164,98.56384862323428,0.0036954444090474547,-0.0010573214523208196,0.0012682599430280106,-0.00010160307067061392,0.0012682599430280106,-0.009708737864077777,0.009302325581395321,0.0,0.005479452054794498,0.0
2022-06-27,0.001169787158200375,0.0007569370712416172,5,88.66294985905783,98.63845525414146,0.00023674375167204165,0.00261430768046933,0.0014622339477504687,0.0011216344927096333,0.0004140159184004011,0.004901960784313708,-0.004608294930875445,0.0,0.0013623978201633413,0.00419287211740027
2022-06-28,0.00038354113659808673,0.0004681692560693034,5,88.6969557476209,98.68463474635762,0.00047942642074760844,-0.0029927958014746014,0.00015891360023478907,0.00013929036632587266,0.004132871097156765,0.0,0.01388888888888884,0.0012820512820512775,0.0013605442176869431,-0.014613778705636626
2022-06-29,0.010991531608959049,0.01914117188316828,5,89.6718711403393,100.57357430226533,0.007641853535589049,0.017164072045445344,0.008297673153964513,0.008644305815546649,0.013209753494249687,0.024390243902439046,-0.013698630136986134,0.02176696542893719,0.020380434782608647,0.0021186440677964935
2022-06-30,0.02187433989647931,0.05431200878734305,5,91.63338412881639,106.03592715354443,0.028533401061075353,0.025028110055784314,0.007919365973356018,0.02001935629536611,0.027871466096814762,-0.004761904761904856,0.0092592592592593,0.07769423558897248,0.02929427430093212,-0.002114164904862492
2022-07-01,0.007364258894691833,0.0034802647896609805,5,92.30819609293773,106.404960257256,0.005616806871953317,0.006911745636713429,0.009205323618364791,0.006941416761961139,0.008146001584466489,0.014354066985645897,0.00917431192660545,0.0,0.00905562742561461,0.004237288135593209
2022-07-04,0.006815968841285258,0.0065817480931648,5,92.93736588130244,107.10529090153244,0.008519961051606573,0.008519961051606573,0.008519961051606573,0.002109704641350185,0.0064102564102563875,0.0,0.0,0.0,0.02564102564102555,0.00843881856540074
2022-07-05,0.01005765059148045,0.0068448176708699494,5,93.87209743422916,107.83840708933892,0.010213572673312854,0.008026608693896042,0.011699970216094757,0.00882206323935053,0.011526038134748062,0.00943396226415083,0.018181818181818077,0.0034883720930232176,0.015000000000000124,0.004184100418409997
2022-07-06,0.016809272554399658,0.023507219106976573,5,95.45001910525427,110.37338815293533,0.01633869349673789,0.018779447835856666,0.015217847935177997,0.012698782811226161,0.02101159069299957,0.01869158878504673,0.008928571428571619,0.023174971031286296,0.03325123152709364,0.0
2022-07-07,0.009434485493034961,0.01703216613966063,5,96.35054092581271,112.25328603735338,0.011793106866293701,0.009580717485762724,0.006979969833451116,0.007025526413373562,0.011793106866293701,0.0,0.008849557522123908,0.01925254813137034,0.019070321811680557,0.0
2022-07-08,0.01006599066473519,0.012707467657196611,5,97.32040457131413,113.67974103908709,0.005701754385964902,0.010389505874778632,0.007026932775363454,0.01462927195664998,0.01258248833091899,0.02752293577981635,0.00877192982456143,0.022222222222222143,-0.008187134502923965,0.0
2022-07-12,-0.006372465721317222,-0.010549683986433458,5,96.70023362919869,112.48045569546514,-0.013545939294503678,-0.0003568864994726306,-0.004976451716863922,-0.005017468944099351,-0.007965582151646527,0.022321428571428603,-0.030434782608695587,-0.011956521739130421,-0.011792452830188704,0.0
2022-07-13,-0.008530416704887456,-0.01514441433728265,5,95.87534034088166,110.77700506956664,-0.01066302088110932,-0.00954194464792546,-0.00708766334535571,-0.004696433768937469,-0.01066302088110932,0.0,-0.004484304932735439,-0.014301430143014437,-0.023866348448687402,0.0
2022-07-14,-0.007221479898748173,-0.002051685889777804,5,95.18297849782435,110.54972545135358,-0.004660037646360998,-0.0067745976211829595,-0.009584885587720915,-0.006581862098374108,-0.008506016540101885,-0.017467248908296873,-0.009009009009009028,0.0022321428571427937,-0.009779951100244433,-0.002083333333333326
2022-07-15,-0.007172880757917022,-0.0057390165614249885,5,94.50024234287608,109.91527874612727,-7.721205850738655e-05,-0.010102464583759935,-0.007017325891716969,-0.00865745897208764,-0.010009942283513179,-0.03555555555555556,0.00454545454545463,-0.007795100222717233,-0.0012345679012345512,0.0041753653444676075
2022-07-18,0.0045987320246152485,-0.0022619752438596975,5,94.93482363367217,109.6666531066816,0.010356709961644617,-0.0033013587248870158,0.006028998644685979,0.008838649888618266,0.0010706603530143965,-0.018433179723502224,0.036199095022624306,-0.0011223344556676729,-0.012360939431396822,0.018711018711018657
2022-07-19,-0.015495793034052019,-0.017041788926774423,5,93.46373325492054,107.79773715213175,-0.01702232345218946,-0.01827803823579649,-0.016560752528520073,-0.011860354559148245,-0.013757496394605828,-0.009389671361502261,-0.004366812227074135,-0.011235955056179803,-0.030037546933667114,-0.022448979591836782
2022-07-20,0.0017665439748975275,0.008465962539188208,5,93.62884104977344,108.71034875667095,0.0022081799686219095,0.005497653652832446,-0.0006327291222872067,0.0005952767428154815,0.0011643386325050076,0.0,-0.013157894736842146,0.011363636363636465,0.006451612903225712,0.0041753653444676075
2022-07-21,-0.0030790754297863377,-0.0012803481591360838,5,93.34055078577772,108.57116166176131,-0.002664010164010161,-0.0016266220650107133,-0.003848844287232922,-0.002887305825694464,-0.004368594806983428,-0.004739336492891044,-0.008888888888888835,0.0,-0.0038461538461538325,0.0020790020790020236
2022-07-22,0.004606232304836144,0.005504271875596117,5,93.77049904615838,109.16876685339696,0.006948266571521394,0.003515637914677461,0.0029488016170002296,0.008010042633297437,0.0016084127876841992,-0.004761904761904856,0.008968609865470878,0.011235955056179803,-0.009009009009009028,0.016597510373443924
2022-07-25,0.01008586401067606,0.006431938214583075,5,94.71625554775115,109.87093361676021,0.006626468769325933,0.010385107791122838,0.011496218902233957,0.010334602740617815,0.011586921850079757,0.02392344497607657,0.008888888888888946,0.004444444444444473,0.009090909090909038,0.004081632653061273
2022-07-26,-0.004459880891343926,0.008812846337185213,5,94.29383232953408,110.8392092716478,-0.0009019539179182523,0.002134399987141683,-0.007234143149578126,-0.010722856262185027,-0.005574851114179907,-0.01869158878504662,-0.03083700440528636,0.006637168141592875,0.020592020592020477,0.0
2022-07-27,0.014943190888812597,0.009794619222867304,5,95.70288306567201,111.92483712142732,0.015107560039587187,0.007315352247379392,0.01318448311651027,0.022462090754773623,0.01664646828581251,0.014285714285714235,0.045454545454545414,0.0219780219780219,-0.015132408575031508,0.008130081300812941
2022-07-28,0.017139144741370994,0.025839017169265694,5,97.34314863070105,114.81686490947513,0.01438167740558699,0.02142393092671374,0.013628232001982543,0.015341984703922451,0.02091989866864924,0.028169014084507005,0.0,0.031182795698924792,0.02432778489116516,0.002016129032258007
2022-07-29,0.015546385304752386,0.011207501673187696,5,98.85648272609171,116.10367511505824,0.017149876608109405,0.010737329457027434,0.019172293414047914,0.012245481630940469,0.01842694541363671,0.009132420091324311,0.034782608695652195,0.0010427528675702735,0.028750000000000053,0.004024144869215096
2022-08-01,-0.006180687715125877,-0.007523836493076798,5,98.245481677746,115.23013004724723,-0.012250746521735384,-0.002473758803571202,-0.006163359643907351,-0.005295725986556199,-0.0047198476198592465,0.018099547511312153,-0.021008403361344574,-0.006249999999999978,-0.009720534629404587,-0.012024048096192397
2022-08-02,-0.004496021718181064,-0.00500578108481803,5,97.80376785840969,114.65331324185559,-0.003397804925504122,-0.003474104400945227,-0.005620027147726331,-0.0013255486201189381,-0.008662623496610705,-0.008888888888888835,-0.008583690987124415,0.0,-0.01717791411042957,0.012170385395537497
2022-08-03,0.006824527510028933,0.003857822387678285,5,98.47123236274389,115.09562536050151,0.007409583154352306,0.0074484083052850925,0.009578877416886289,0.004161121310132909,0.005524647363488067,0.004484304932735439,0.0043290043290042934,-0.004192872117400492,0.017478152309613026,0.012024048096192397
2022-08-04,0.0043736881138117575,0.005642980141953614,5,98.90191482128121,115.74510768883654,0.0021188958565503957,0.0065446963491612165,0.002835531194896268,0.006387355541037698,0.003981961627413211,0.013392857142857206,-0.004310344827586077,0.010526315789473717,-0.0036809815950920033,0.005940594059405946
2022-08-05,0.01378779032207511,0.010052845732026064,5,100.26555368528878,116.90867540066918,0.016133416316690796,0.00965898032683632,0.01723473790259389,0.010153457114416564,0.015758359949837986,0.004405286343612369,0.030303030303030276,0.0,0.028325123152709297,0.0059055118110236116
2022-08-08,0.028984987393452365,0.04771231142288647,5,103.1717494948544,122.48665852942307,0.0318452693295348,0.02677745272921045,0.018002067575148772,0.03353662346337233,0.03476352386999548,0.01754385964912264,0.037815126050420034,0.07291666666666674,0.010778443113772518,0.005870841487279899
2022-08-10,0.014888510505563923,0.022142664995729817,5,104.70782317108593,125.19883957568645,0.015377879511265236,0.014562055136003449,0.010115492500886947,0.017722012539537868,0.016665112840126117,0.012931034482758674,0.01619433198380582,0.03398058252427183,0.0035545023696681444,0.0077821011673151474
2022-08-11,0.017085940011960066,-0.008824771035113137,5,106.49685475657003,124.09398848256916,0.01603827607877989,0.016377345333675186,0.028399678536076833,0.018700990540333806,0.0059134095709346135,0.02127659574468077,0.019920318725099584,-0.028169014084507005,0.010625737898465104,0.061776061776061875
2022-08-12,-0.01311723902987616,-0.014974890201356712,5,105.09991005679808,122.23569463039428,-0.0163965487873452,-0.0163965487873452,-0.010357901444350032,-0.01785682916117698,-0.004578366969163389,0.0,0.0,-0.024154589371980673,0.005841121495327117,-0.047272727272727244
2022-08-15,0.006658969552333316,0.009402570923709452,5,105.79976715781928,123.38502441856546,0.006240378607083319,0.010276836940416673,0.004610840653287929,0.008614071986874222,0.003552719574004437,0.008333333333333304,-0.007812500000000111,0.014851485148514865,-0.0011614401858303092,0.01908396946564883
2022-08-16,0.005361818153027475,0.011397771813224941,5,106.36704626995214,124.79133877205749,0.0036030991375653187,0.007686524659788252,0.0018242239107965352,0.006992970365702927,0.0067022726912843444,0.012396694214876103,-0.00393700787401563,0.019512195121951237,-0.0011627906976743319,0.0
2022-08-17,-0.0003491529708361307,-0.009506654736369845,5,106.32990789974792,123.60499060026217,-0.0014568493768104818,-0.0004364412135451634,0.004348247781670145,-0.0018916216559200227,-0.0023091003895751305,0.004081632653061273,0.0,-0.019138755980861233,0.005820721769499437,0.0074906367041198685
2022-08-18,-0.008188681858937553,-0.0205946290935329,5,105.45920611186676,121.05939166474016,-0.01023585232367194,-0.01023585232367194,-0.0014553645187939113,-0.011103907879227465,-0.007912432249322504,0.0,0.0,-0.035121951219512115,0.003472222222222099,-0.009293680297397744
2022-08-19,-0.012682363191359092,-0.019720645302701113,5,104.12173415808368,118.67202234115904,-0.016869214151800455,-0.014864811696708724,-0.008522316982120998,-0.015276252720456074,-0.007879220405709209,0.00406504065040636,-0.0039525691699605625,-0.029322548028311468,-0.0023068050749711633,-0.031894934333958624
2022-08-22,0.0032258121468789146,0.014271756631484571,5,104.45761131288491,120.36568056297814,0.007068702430562207,0.007008455659789137,-0.0011760681497346714,0.002587178478396318,0.0006407923153815831,-0.012145748987854255,-0.011904761904761973,0.02083333333333326,0.005780346820809301,0.013565891472868241
2022-08-23,-0.011298055919429584,-0.01033007021967473,5,103.2774433790619,119.12229463072363,-0.01412256989928698,-0.006090441385230794,-0.01080624336867475,-0.013260500933769737,-0.012210524010185658,0.0,-0.032128514056224744,-0.013265306122448917,-0.0034482758620689724,-0.007648183556405286
2022-08-24,-0.008445846196617767,-0.007874076351423804,5,102.40517797670246,118.18431658764452,0.0017377742214408909,-0.011594652144112455,-0.008747586959836323,-0.008250502670801046,-0.015374263429779905,-0.0491803278688524,0.004149377593360981,-0.007238883143743546,-0.009227220299884653,0.019267822736030782
2022-08-25,0.0029567661780498964,-0.0031371377356841593,5,102.70796614340114,117.81355610831139,-0.0006143871050238725,0.0005967841688433451,0.002133457722562404,0.010389787757486724,0.0022781883463808827,0.017241379310344973,0.012396694214876103,0.006249999999999867,-0.02677532013969741,0.005671077504725952
2022-08-26,0.009361155187253245,0.006973676455949826,5,103.66943135343666,118.63514973073563,0.013820088051863189,0.015783076637127774,0.007043058890898818,0.016785176041482802,-0.006625623685106358,-0.008474576271186529,-0.01632653061224487,0.018633540372670954,-0.020334928229664984,0.07330827067669166
2022-08-29,0.002634109914751326,-0.010643485071479783,5,103.9425080304214,117.37245828562376,0.004361013461815194,-0.001894084598262069,0.008882068287748096,0.0011558852566870281,0.0006656671657683799,-0.004273504273504147,0.020746887966804906,-0.022357723577235755,0.008547008547008517,0.01050788091068311
2022-08-30,0.0026047528272371335,-0.0027718283764331117,5,104.21325257208376,117.04712197513598,-0.0010359044595157907,0.0032559410340464168,0.0037756915537969504,0.0050719216635863595,0.001956114344271731,0.01716738197424883,0.0,-0.0020790020790021346,-0.007263922518159771,0.005199306759098743
2022-08-31,0.0015839641155032335,-0.0008040554887762594,5,104.37832262451782,116.9530095942664,0.001979955144379042,-5.256518082419337e-05,0.001979955144379042,0.002894589290720506,0.001117886178861771,0.0,0.008130081300812941,0.0,-0.003658536585365857,0.0034482758620690834
2022-09-01,0.006702465811305736,0.002235697166261522,5,105.0779147633501,117.21448110640208,0.005213525302106836,0.00837808226413217,0.00837808226413217,0.007460089608073428,0.004082549618084075,0.012658227848101333,0.0,0.0,0.003671970624234966,0.01718213058419238
2022-09-02,0.0031408951240776252,0.001295880416473305,5,105.40795347347856,117.36637705699493,0.003926118905097031,0.0049341834212260904,0.0031448689050970202,0.0048407530514384955,-0.0011414486624705122,0.0,-0.0040322580645162365,0.0031250000000000444,-0.003658536585365857,0.020270270270270174
2022-09-05,0.0028810359525741403,0.00014217142803067727,5,105.71163757712291,117.38306320242391,0.0036012949407176753,0.009674169434644775,0.0038609003405099818,0.0036012949407176753,-0.006332479893719406,0.0,-0.024291497975708398,-0.0010384215991692258,0.0,0.039735099337748325
2022-09-06,0.03316012992157966,0.04085790310127251,5,109.21704921340324,122.1790890244791,0.04145016240197458,0.02796468522355139,0.03157490252671469,0.03012825297724997,0.034682646478407686,0.0,0.053941908713692754,0.03950103950103956,0.04528763769889843,0.027070063694267565
2022-09-07,-0.000843967121341982,-0.010089675781344313,5,109.12487361477716,120.9463416289621,-0.0010549589016774774,-7.070693317356991e-05,0.0021950410983225255,0.001579701519868193,-0.006868912390049581,0.0,-0.00393700787401563,-0.013000000000000012,-0.010538641686182681,0.023255813953488413
2022-09-08,0.0007193093322389599,-0.0017486306617458887,5,109.20336815474766,120.7348511475637,0.0019408033319653906,0.0008991366652986998,0.003432064730141654,-0.00205944321635812,-0.0006160148498528251,-0.004166666666666763,0.0,-0.010131712259371817,0.01183431952662728,0.0060606060606061
2022-09-09,-0.005212897170451303,-0.005799232787618533,5,108.63410222589005,120.03468164018052,-0.006516121463064128,-0.004539836878083903,-0.005236694646278045,-0.00476173549815187,-0.0050100973666785675,0.0,-0.007905138339920903,-0.0051177072671443335,-0.007017543859649034,-0.006024096385542244
2022-09-12,-0.007136411029014944,-0.013623768182500563,5,107.85884462063807,118.39935696365444,-0.00892051378626868,-0.006928481913758694,-0.005062489094910666,-0.00509248080629221,-0.00967808954384447,0.0,-0.007968127490039945,-0.015432098765432056,-0.01531213191990588,0.003030303030303161
2022-09-14,-0.011254813027528532,-0.011077696538596448,5,106.64491349106753,117.08776481684613,-0.008838390761398113,-0.014068516284410665,-0.012501118165288372,-0.008685741164793453,-0.012180298761752056,-0.02092050209205021,0.0,-0.006269592476489172,-0.021531100478468845,-0.007552870090634434
2022-09-15,-0.010294738335133235,-0.005657089983935306,5,105.54703201190405,116.42538879525937,-0.005389790440284065,-0.011864406854659532,-0.01260554174120887,-0.009506564728207517,-0.012107387911306194,-0.02991452991452992,-0.004016064257028051,-0.001051524710830698,-0.013447432762836109,-0.0030441400304414
2022-09-16,-0.01815374303027446,-0.01860292479066727,5,103.63095831515179,114.25953604377696,-0.02819878671735848,-0.021684114271714017,-0.021113231419422035,-0.014637655863431659,-0.005134926879446111,0.022026431718061623,-0.0040322580645162365,-0.0063157894736841635,-0.03221809169764567,-0.07022900763358786
2022-09-19,0.002663355731146555,0.00040183441655751136,5,103.90696442190466,114.30544945777925,0.0011740222501400999,0.0073777776598845934,0.005183008223255237,0.0007683752017052237,-0.0011864046792523786,0.008620689655172376,-0.0161943319838056,-0.007415254237288171,0.01024327784891188,0.01806239737274229
2022-09-20,-0.002843458166043411,-0.0011539152489244103,5,103.61150931541042,114.17355065661476,-0.0014175705708021347,-0.003554322707554264,-0.004354749601897884,-0.0013363252424085093,-0.003554322707554264,-0.008547008547008517,0.0,0.0032017075773744796,-0.008871989860583018,0.0
2022-09-21,-0.004029155785649019,-0.0012601768838982994,5,103.19404240319241,114.0296717873247,-0.0039588585251647546,-0.004007638147699111,-0.00556835962567831,-0.004397058542802951,-0.0022138640868999693,-0.004310344827586077,-0.004115226337448652,0.0021276595744681437,-0.002557544757033292,-0.011290322580645218
2022-09-22,-0.005275845600466278,0.002437076073931067,5,102.6496065685852,114.30757077215581,-0.0033480537538295996,-0.0045286912981035155,-0.008983342032429953,-0.006594807000582847,-0.0029243339173854743,-0.012987012987012991,-0.008264462809917328,0.009554140127388422,0.0,-0.014681892332789492
2022-09-23,0.01913005896314086,0.008147316173553036,5,104.61329959478545,115.23887069226734,0.022816082475855926,0.022870907037259414,0.026278504303295147,0.02295103524238762,0.0007337657569062017,0.004385964912280604,0.004166666666666652,-0.009463722397476282,0.0038461538461538325,0.0927152317880795
2022-09-26,0.0025857090505353674,0.005632115928960416,5,104.88379915035406,115.88790937152868,0.004323839369937743,0.004269480711509482,0.0053552785636999944,-0.005388553342003222,0.004368499949532839,-0.004366812227074135,-0.004149377593361092,-0.00849256900212314,0.034482758620689724,-0.004545454545454519
2022-09-27,-0.02386287763921393,-0.016230223088595327,5,102.38096988489328,114.00702274915785,-0.026539123364806877,-0.02462026371568407,-0.027954935378781853,-0.03168044890086924,-0.008519616835927613,-0.013157894736842146,-0.02083333333333337,-0.007494646680942241,0.007407407407407307,-0.0852359208523592
2022-09-28,0.012698956341978485,0.01358811311644252,5,103.68110135171094,115.55616307034227,0.014762584316361987,0.01693752521470715,0.015064633938799948,0.012503597388257376,0.004226440851765961,0.004444444444444473,-0.004255319148936176,0.003236245954692629,0.01348039215686292,0.04658901830282858
2022-09-29,-0.005446271880626652,-0.0036858955372564015,5,103.11642588486671,115.13023512457883,-0.007914034541048776,-0.005739463782407278,-0.008420743076589743,-0.005900947468679335,0.000743829465591872,0.004424778761061843,-0.004273504273504147,0.006451612903225712,-0.0036275695284159193,-0.030206677265500748
2022-09-30,0.003601981259741871,-0.0013581327406983863,5,103.48784931847557,114.97387298281183,0.0022998334028711542,0.0002106310811151313,0.006372134694335424,0.0029854862834152174,0.006141820836972428,0.008810572687224738,0.01716738197424883,-0.007478632478632341,0.0060679611650484855,-0.006557377049180357
2022-10-03,-0.004064145300924226,-0.0016275112362525597,5,103.06725966196512,114.78675171265682,-0.0018050724558496267,-0.0029704769848050705,-0.0037346487951541996,-0.0050801816261552835,-0.006730346642656954,-0.013100436681222627,-0.008438818565400852,-0.005382131324004336,0.0,0.0066006600660066805
2022-10-04,-0.005878238390479207,-0.01128960328250792,5,102.4614057394187,113.49085482373317,-0.0018168245367715663,-0.0073477979880990085,-0.0073477979880990085,0.004714928188016804,-0.017593699627443254,-0.02212389380530977,0.0,0.0,-0.04825090470446325,0.040983606557376984
2022-10-05,-0.011931491672570594,-0.012036637886609646,5,101.23888833007895,112.12480650077812,-0.013783142871256204,-0.015978194377947313,-0.01464380182015046,-0.013330080687037699,-0.0019222386064612906,-0.004524886877828149,0.004255319148936287,-0.0010822510822511289,-0.006337135614702172,-0.051968503937007804
2022-10-06,-0.0019210674668134198,-0.0067818838952211505,5,101.04440159533168,111.3643890813157,-0.0012649706971531172,-0.0013420122996184447,0.00572434280624487,-0.003676844537598395,-0.009045852605942012,-0.00454545454545463,-0.00423728813559332,-0.03250270855904658,0.005102040816326481,0.02657807308970095
2022-10-07,0.008841580093624369,0.007069749067546741,5,101.93779376504915,112.15170736718123,0.01105197511703046,0.008924315542562372,0.011891840738531001,0.009782939584035505,0.002556829485962503,0.0,0.008510638297872353,-0.0033594624860021627,0.005076142131979822,0.03398058252427183
2022-10-11,-0.01269645104999,-0.01413671715401423,5,100.64354555636723,110.56625040179162,-0.015870563812487498,-0.016925416133162646,-0.015870563812487498,-0.013029654721578382,-0.001786056770233968,0.0,0.0042194092827005925,0.0,-0.011363636363636465,-0.05633802816901412
2022-10-12,0.012374338694081244,0.010744171195296038,5,101.88894287645492,111.75419312453043,0.015467923367601555,0.016518343535668806,0.01687241774962403,0.015787208169644962,-0.002774199352133133,0.0,-0.004201680672269004,-0.005617977528089901,-0.0012771392081736277,0.07296849087893875
2022-10-13,-0.012366468057507473,-0.015725084999356757,5,100.62893651896003,109.99684893861266,-0.01888274260613093,-0.015458085071884342,-0.01376316981764708,-0.014499005787996871,0.000770662996121857,0.013698630136986356,0.0,-0.006779661016949046,-0.0038363171355498826,-0.0649149922720248
2022-10-14,0.004997814660661825,0.0022735044778352774,5,101.13186129318127,110.24692726722236,0.0051211421997011675,0.0030827113638019488,0.005394026005008157,0.007210041111449905,0.00418115262334795,0.0045045045045044585,0.012658227848101333,0.0034129692832765013,-0.0038510911424904926,0.008264462809917328
2022-10-17,-0.0003697404147962269,-0.004037333267628747,5,101.09446875683763,109.80182368011255,-0.004946480451230667,-0.0004621755184952836,-0.002162855790604129,0.0037259688114016087,0.0019968408749473365,0.017937219730941534,0.0,0.006802721088435382,-0.01675257731958757,-0.00983606557377048
2022-10-18,0.002343572436378172,-0.004026537345188093,5,101.33139096728642,109.35970253649484,-0.0036784639699457833,0.0029294655454727148,0.004055591671598829,0.004240081534987755,0.004171187399777343,0.026431718061673992,0.0,-0.0045045045045044585,-0.005242463958060162,-0.004966887417218513
2022-10-19,0.004021962295257841,0.007596332161525441,5,101.73894200108286,110.19043516204765,0.005027452869072302,0.005027452869072302,0.0005025659912442637,0.005356833633235691,0.004195506113664649,0.0,0.0,0.018099547511312153,-0.0013175230566535578,0.0033277870216306127
2022-10-21,-0.00576347418016534,-0.00745504860043061,5,101.15257223574228,109.36896011261199,-0.006131381351816095,-0.007204342725206675,-0.009148787169651146,0.001700670467405463,-0.008033530121558247,-0.0042918454935623185,0.0,0.007777777777777883,-0.03562005277044855,0.0033167495854062867
2022-10-24,0.010983765656075862,0.02122129982133665,5,102.26360838468895,111.68991160630952,0.013729707070094826,0.014771373736761517,0.0060119562431929785,0.007915753581722723,0.01249003764860726,0.0,-0.004166666666666763,0.030871003307607392,0.023255813953488413,0.0049586776859502635
2022-10-25,-0.0004265486464767321,0.0036721555057757697,5,102.21998798094864,112.10005433015424,0.0016219866056971788,0.002604889505711583,1.5735501928682005e-06,-0.002538533401678811,-0.0038226594923064794,-0.008620689655172376,-0.012552301255229992,-0.002139037433155133,0.008021390374331583,0.013157894736842257
2022-10-26,0.0004889701205695429,0.001926198398003946,5,102.26997050079629,112.31598127522113,0.003872082215929329,-0.0015074314170846759,7.530697011168264e-05,0.0006112126507119287,-0.0006063198168205497,-0.013043478260869601,0.008474576271186418,0.002143622722400984,0.0,0.004870129870129913
2022-10-27,0.0037788098056082075,0.006274232507443433,5,102.65642926814395,113.02067785604353,0.0047235122570102595,0.00577393242507751,0.002584474823855182,0.0047235122570102595,0.0010886172650878267,0.0,-0.004201680672269004,0.00855614973262031,0.0,0.01453957996768973
2022-10-28,-0.0004387217344640204,0.001516145779760206,5,102.61139166144156,113.1920336798006,0.003856884175532288,0.0005064501525950671,0.0013073772592794852,-0.0005484021680800255,-0.007315918091646917,-0.017621145374449254,-0.00421940928270037,-0.007423117709438043,0.0,0.027070063694267565
2022-10-31,-0.003550043234343847,-0.005552303953158313,5,102.24711678470726,112.5635571037342,-0.006679706509297528,-0.004437554042929809,-0.0039033660087418043,-0.004105989056192388,0.0013763994454422945,0.008968609865470878,0.0,-0.002136752136752018,-0.0013262599469496816,-0.023255813953488413
2022-11-01,-0.002522035617854246,-0.003015738640478415,5,101.98924591435332,112.22409483506677,-0.005374766744540044,2.54215793771273e-05,-0.0018142147578638357,-0.003484549834402856,-0.001962068331841621,0.008888888888888946,-0.012711864406779738,-0.005353319057815886,0.0013280212483401943,-0.004761904761904745
2022-11-02,-0.0043988435092202184,-0.00966582270516501,5,101.5406111819527,111.13935663114339,-0.007701197558331457,-0.008717438506696956,-0.0036148084231237554,-0.00483542441305046,0.0028746513551015374,0.008810572687224738,0.012875536480686733,-0.00753498385360607,-0.0026525198938992522,-0.03349282296650724
2022-11-03,0.005217315811059287,0.0025767633933475565,5,102.07038061813694,111.42573645687071,0.005429941707055519,0.007580966797722438,0.0076062434623056785,0.008848772423398599,-0.0033793453351858016,0.004366812227074357,-0.00423728813559332,-0.004338394793926281,-0.009308510638297962,0.03960396039603964
2022-11-04,-0.00568718542113209,-0.005281454126273898,5,101.48988743755606,110.83724654128746,-0.004935068732936865,-0.007108981776415113,-0.006019657157678743,-0.006437840836817782,-0.00393437860181195,-0.008695652173912993,0.0,-0.004357298474945481,-0.0026845637583893245,-0.012698412698412653
2022-11-07,0.0065177023084507235,-0.004210810956441423,5,102.15136831119223,110.37053184916961,0.0015681805171423868,0.004955638523861244,0.011976449548583123,0.009156549150704713,0.00493169380196215,0.02631578947368407,0.01276595744680864,-0.015317286652078876,-0.004037685060565233,0.012861736334405016
2022-11-08,-0.0017808564867388466,-0.005674742263976786,5,101.969451384306,109.74420752738752,-0.002226070608423558,-0.0032764907764907814,0.0005517071693542097,-0.0005368814192343585,-0.0034165467988997444,0.0,0.004201680672268893,-0.011111111111111072,-0.006756756756756799,0.004761904761904745
2022-11-09,0.0068859467935944,0.006026326857743987,5,102.67160760111034,110.40556199269164,0.006470681355240815,0.008607433491993,0.006360242480757061,0.010308113764101845,0.0026832628758792776,0.008547008547008739,0.0,0.008988764044943753,-0.006802721088435382,0.023696682464454888
2022-11-10,-0.003463986978735023,-0.0015363044112394902,5,102.31595448929428,110.2359454407769,-0.005389305757317081,-0.0011919084096112809,-0.005165173032995601,-0.004329983723418779,-0.001243563970332373,0.004237288135593209,-0.012552301255229992,0.0033407572383072903,0.0,-0.012345679012345623
2022-11-11,-0.0019673493461170866,0.0009137010715764206,5,102.11466326313243,110.3366681422524,0.0007053702793789751,-0.0035185087165446605,-0.002736656161003742,-0.004171515449769653,-0.00011543668264635265,-0.012658227848101333,0.004237288135593209,0.0011098779134295356,0.006849315068493178,-0.009375000000000022
2022-11-14,-0.0010350954401779466,0.0034749106918653787,5,102.00896484081345,110.72007821008472,-0.0012938693002224333,-0.0012938693002224333,-0.00545129723813817,-0.0033346856267530145,0.006198244264446318,0.0,0.0,0.016629711751662946,0.008163265306122325,-0.029968454258675004
2022-11-15,0.001330773298379806,0.00128182807917777,5,102.14471564741898,110.86200231526315,0.0027318426913507943,-0.0015010903390505759,0.0032992354343161223,-0.0023851163729766423,0.004508995078259331,-0.004273504273504147,0.012658227848101333,-0.0065430752453654595,0.0161943319838056,-0.011382113821138296
2022-11-16,0.019175736964280966,0.026566870934458545,5,104.10341584696516,113.8072588223084,0.022896709831960682,0.023969671205351206,0.023146400074725515,0.01135346934612147,0.014512434363245952,0.0042918454935620964,0.0,0.003293084522502765,0.050464807436918946,0.03782894736842102
2022-11-17,-0.011582933161194676,-0.010459637077237394,5,102.89759293935772,112.61687619827183,-0.014478666451493344,-0.012395333118160018,-0.014205143475563342,-0.013846555199913096,-0.002988967560843575,0.0,-0.008333333333333304,-0.001094091903720007,-0.0025284450063209896,-0.045958795562599075
2022-11-18,0.00674595604429209,0.007533715576716625,5,103.5917355783901,113.46529971268791,0.008432445055365112,0.006331604719230666,0.0021345261068437815,0.012551583204921557,0.004279621135099332,0.0,0.008403361344537785,0.025191675794085322,-0.01647655259822578,0.01661129568106312
2022-11-21,-0.008849704301493278,-0.016270256111615224,5,102.67497935044287,111.61919022658128,-0.012130506445242661,-0.011062130376866597,-0.005720250034986246,-0.005907491201608883,-0.009428143448762,0.004273504273504258,0.0,-0.021367521367521403,-0.020618556701030855,-0.0065359477124183885
2022-11-22,-0.0057186515368603304,-0.0101716916112601,5,102.08781692198336,110.48383424569792,-0.003956825059373281,-0.008189981087742076,-0.0030544279581933287,-0.0025430512631806623,-0.010848972315812305,-0.012765957446808529,0.004166666666666652,-0.01637554585152834,-0.018421052631579005,0.014802631578947567
2022-11-23,0.006469453581044715,-0.0003421587126251909,5,102.74826931475035,110.4460312392065,0.008086816976305894,-0.003323971405436804,0.00836428645466325,0.007081455046010959,0.012138680833680277,0.0,0.04564315352697079,-0.0011098779134294245,0.004021447721179738,-0.01620745542949753
2022-11-24,0.00791193892242834,0.013066379364038557,5,103.56120734595385,111.88916098263044,0.01204509606682852,0.01385817762128938,0.007389923653035424,0.009556145281873873,-0.003289648010885493,-0.008620689655172376,-0.015873015873015817,0.010000000000000009,0.001335113484646211,0.05271828665568368
2022-11-25,0.011782503437314018,0.011217478281370614,5,104.78141762747994,113.14427521587388,0.01146725973142515,0.013720064780513519,0.011977854269139776,0.014061462629975874,0.007685875775515771,0.01304347826086949,0.004032258064516014,0.011001100110010986,0.002666666666666595,0.028169014084507005
2022-11-28,-0.004799740291330412,-0.0024990370324905337,5,104.27849403551062,112.86152348209511,-0.0006348684972102281,-0.005999675364163015,-0.004367466441420886,-0.006997015789694916,-0.005999675364163015,-0.02145922746781115,0.0,-0.006528835690968515,0.003989361702127603,0.0
2022-11-29,0.009063407867915952,0.015228000940553646,5,105.22361255880648,114.58017886783276,0.0025573300103335084,0.01835737228469414,0.004209873197436015,0.010004756523636665,0.010187707323479428,0.03508771929824572,-0.028112449799196804,0.028477546549835697,0.005298013245033095,0.004566210045662045
2022-11-30,-0.00825744579667136,-0.011236860031054091,5,104.35473428157218,113.29265743556178,-0.007143841144144264,-0.008255691543359867,-0.0033995495248594076,-0.010651188010002532,-0.011836958760990723,-0.012711864406779738,-0.008264462809917328,-0.027689030883919163,0.0013175230566533358,0.0060606060606061
2022-12-01,0.0007416713283096898,-0.004195321921064886,5,104.4321311959622,112.81735826632668,-0.005510679079956199,0.0009270891603871123,0.0022962019752830465,0.0009270891603871123,0.005068655425447377,0.025751072961373245,0.0,-0.005476451259583737,0.0,-0.01656626506024106
2022-12-02,-0.002390815616255382,-0.003917377857787607,5,104.18245322586006,112.37541004508009,0.00014955579348827075,-0.00403018618698589,-0.0010612067449888296,-0.0013437826782139728,-0.005668458264576487,-0.012552301255229992,0.004166666666666652,-0.00770925110132159,-0.006578947368421018,0.010719754977029039
2022-12-05,0.00044850123943762643,-0.001736762714376349,5,104.2291791852595,112.18024062290104,-0.003676661586296176,0.0026353153459775513,0.0008380960276543892,0.0018851298605553346,0.000560626549297033,0.016949152542372836,-0.008298755186722073,-0.0011098779134294245,-0.005298013245033206,0.0
2022-12-06,0.0014351508049422978,0.001136683296081657,5,104.3787637756657,112.30775402856752,0.0007522718395112094,0.0038859887153828987,0.002071716283955638,0.0024597174675626554,-0.001993940281700912,0.004166666666666652,-0.008368200836820106,-0.0011111111111110628,-0.0026631158455391324,0.015151515151515138
2022-12-07,0.01053907993071419,0.00860696860408285,5,105.47881991016656,113.27438334148646,0.015248538710073256,0.010009292951367404,0.012617676387252613,0.012840071542231185,0.0019798200626464924,-0.008298755186722073,0.012658227848101333,0.0022246941045604984,0.001335113484646211,0.04477611940298498
2022-12-08,0.00470348675034864,0.0014951804633312586,5,105.97493814205643,113.44374898645452,0.004833333333333301,0.001712691771269148,0.0058793584379358,0.005212691771269151,0.0058793584379358,0.004184100418409997,0.016666666666666607,0.0,0.002666666666666595,0.0
2022-12-09,-0.005013295528871553,-0.0064976184503697555,5,105.44365445849641,112.70663478996102,-0.006266619411089441,-0.004217439083220587,-0.005989149932732085,-0.001612364091940488,-0.006980905125375164,0.0,-0.008196721311475419,-0.0011098779134294245,-0.018617021276595813,0.0028571428571428914
2022-12-13,0.00392773261065944,0.013866964207947106,5,105.85780893870016,114.26953366059158,0.0049096657633243,0.0049096657633243,-0.00564588979223124,0.005925925925925918,0.009539295392953923,0.0,0.0,0.04222222222222216,-0.004065040650406471,-0.01851851851851849
2022-12-14,-0.006965434145997884,-0.01296920049667966,5,105.12046334169803,112.78754916788527,-0.008706792682497355,-0.006640676980018023,-0.000977581595077326,-0.008706792682497355,-0.009795326789899361,0.0,-0.008264462809917328,-0.030916844349680117,0.0,0.004354136429608024
2022-12-15,0.010200360958592003,0.009687810354702004,5,106.1927300119178,113.88021355459537,0.01170878453157334,0.013792117864906694,0.012475423695489735,0.01002936276286584,0.002996115938124405,0.004166666666666652,-0.004166666666666763,0.0011001100110010764,0.010884353741496655,0.039017341040462394
2022-12-16,0.003869421479588553,0.0018754567507763991,5,106.60363444240207,114.09379096988619,0.0027620880528052005,0.0037907517448831918,0.004836776849485691,0.004163829339391467,0.003793661411377214,0.008298755186721962,0.004184100418409997,0.0,0.0026917900403768957,0.004172461752433909
2022-12-19,0.004035969843146381,0.006053771013971546,5,107.03388349618142,114.78448865453383,0.004016155719570869,0.005044962303932976,0.005044962303932976,0.0006825461965504487,0.005391222691744635,0.00411522633744843,0.0,0.0,0.01744966442953011,-0.0013850415512466352
2022-12-20,0.003410562960267249,0.005859117469625988,5,107.39892929472705,115.4570244572517,0.007336974192137302,0.004263203700334062,0.0056368300739604305,-0.0016734717614073635,0.001489278596311816,-0.012295081967212962,0.0,-0.005494505494505475,0.0237467018469657,0.011095700416088983
2022-12-21,-0.002193069695026373,-0.005937850295795617,5,107.16339595761251,114.77145793042654,-0.005853370313803702,-0.0016996704521162753,-0.002741337118782966,0.0024133020564747476,-0.0030842726469036685,0.012448132780082943,-0.004166666666666763,0.0,-0.020618556701030855,0.00137174211248281
2022-12-22,0.0002698949259517747,0.00042021127430886564,5,107.19231881442923,114.81968619101777,0.003411139149242959,0.00033736865743971833,0.00033736865743971833,8.421289018678557e-06,-0.0027448231233822007,-0.012295081967212962,0.0,0.0,0.001315789473684159,0.012328767123287676
2022-12-23,0.005808795726155047,0.0005842089742390191,5,107.81497709783514,114.88676488210984,0.006223650259353564,0.003076894239283756,0.007260994657693809,0.007589509769388936,0.004892929705055171,0.004149377593360981,0.01673640167364021,0.0,-0.0013140604467805073,0.00947225981055455
2022-12-28,0.012945519007785488,0.0028240679571730925,5,109.21069793317912,115.2112129135167,0.014115783057252529,0.01412428559100759,0.01618189875973186,0.01585295139131082,0.004452676239624642,0.008264462809917328,0.008230452674897082,0.0,0.001315789473684159,0.046916890080428875
2022-12-29,0.0005759230708929141,0.0002517085095331583,5,109.27359489370716,115.24021255620069,0.0007199038386161427,0.004801536491677361,0.0007199038386161427,0.0007199038386161427,-0.004081632653061218,0.0,-0.01632653061224487,0.0,0.0,0.019206145966709443
2022-12-30,0.0004753102852771196,-0.00896894992855847,5,109.32553375726934,114.2066288600277,-0.001455042471272483,-0.004592584135104827,0.004737784265436168,0.0002656227449012172,0.0034207710224255228,0.00819672131147553,0.020746887966804906,-0.016574585635359074,0.0013140604467807293,-0.011306532663316493
2023-01-03,-0.003126839558915928,0.008314632675721686,5,108.98369035351752,115.15621502813131,-0.0018760291234416193,0.00015649120176161602,-0.006998437089094339,-0.005548969396151487,-0.0013672533876538107,-0.008130081300813163,-0.016260162601626105,0.012359550561797716,0.006561679790026309,-0.010165184243964398
2023-01-04,-0.002747879904300099,-0.00015116144190359843,5,108.68421626089861,115.13880784862349,-0.001385669552506269,-0.0034348498803751237,-0.0039897888370898915,-0.00245701415677671,-0.0024720770947525006,-0.008196721311475419,0.0,0.002219755826859071,-0.003911342894393655,-0.0038510911424904926
2023-01-05,0.002293240810724817,0.003835368865690315,5,108.93345534110975,115.5804076474788,0.0038996088646456595,-0.00023262254031300444,0.0017591313013351206,0.0018848756207358874,0.004155210807220422,-0.004132231404958553,0.012396694214876103,0.0044296788482836025,0.003926701570680535,-0.005154639175257603
2023-01-06,0.013204278045853269,0.009395937426984819,5,110.37184297392928,116.6663939255199,0.016505347557316585,0.013444123067520686,0.015402811724902044,0.010964278456925436,0.00970482942260159,0.0,0.012244897959183598,0.004410143329658167,0.022164276401564598,0.027202072538859978
2023-01-09,0.001610478095143364,-0.0011057764164961786,5,110.54959440935939,116.53738697851938,0.0009757532205889596,0.002013097618929205,0.0022875213291377594,0.0029697302719904617,-0.000193711964929566,0.004149377593360981,0.0,-0.001097694840834218,-0.003826530612245027,0.008827238335435084
2023-01-10,-0.0034393495067981837,-0.0006247984512904639,5,110.16937571635081,116.46457459961776,-0.0032661290322580916,-0.002283057851239667,-0.00429918688349773,-0.00429918688349773,-0.003049186883497701,-0.004132231404958553,-0.008064516129032251,0.0,0.0,-0.0050000000000001155
2023-01-11,0.007220671713115645,0.008439158649405854,5,110.96487261123747,117.4474376216995,0.004876462048033575,0.004960798990988086,0.006003861619416545,0.009666044506951493,0.010596191400188526,0.016597510373443924,0.016260162601625883,0.012087912087912045,-0.002560819462227748,-0.006281407035175879
2023-01-12,0.003890309179040452,0.011984013422570114,5,111.39656027370803,118.85492929060445,0.002822070147269984,0.00886288647380054,0.00024833707097754454,0.005183810735674782,0.002334441467479409,0.008163265306122325,-0.015999999999999903,0.018458197611292082,-0.0012836970474968679,0.010113780025284624
2023-01-13,-0.0055200216441343205,-0.006966193250809071,5,110.78164884991506,118.02696288435483,-0.004875735557192201,-0.012997588030777663,-0.005034355413376851,-0.005614680011466117,0.0009222507921412271,-0.0080971659919028,0.024390243902439046,-0.007462686567164201,-0.005141388174807138,-0.03128911138923651
2023-01-16,-0.003943135801852371,-0.0021096429085918564,5,110.34482176414673,117.77796813908323,-0.004928919752315464,0.0010234612000654675,-0.004660391288298288,-0.003636930088232765,-0.007512899080480806,0.0,-0.023809523809523725,-0.0010741138560687036,-0.0051679586563307955,0.010335917312661369
2023-01-17,-0.0033762162266411043,-0.007012606530771425,5,109.9722737863808,116.95203759053013,-0.0042202702833013805,-0.0042202702833013805,-0.0026073670574949526,-0.0009735170365481327,-0.004859656472559676,0.0,0.0,-0.006451612903225712,-0.012987012987012991,0.002557544757033181
2023-01-18,-0.002968378739055466,-0.0020576177176531325,5,109.64583442698772,116.71139500586823,-0.0016696570972887237,-0.0037104734238193327,-0.0026282223415682315,-0.005355210265924587,-0.0014783305666764557,-0.008163265306122436,0.0,-0.0043290043290044045,0.006578947368421018,-0.008928571428571508
2023-01-19,-0.0007092433236224549,0.0006745066210820254,5,109.56806885095737,116.7901176145554,-0.001915360738890176,-0.0008865541545280686,-0.0008865541545280686,-0.0018669463113908102,0.002009198741224849,0.00411522633744843,0.0,0.0,0.0039215686274509665,-0.011583011583011671
2023-01-20,0.002744527189124346,0.0006406722087812025,5,109.86878139497868,116.86494179717135,0.0013814786585365502,0.0013981386612021973,0.0034306589864054327,0.0034306589864054327,0.004081700653072118,0.00819672131147553,0.008130081300812941,0.0,0.0,-0.0026041666666667407
2023-01-23,0.00654470606900528,0.0007671689733284738,5,110.58784027536863,116.95459695458797,0.004115841935850129,0.0031405600056114147,0.008452621716691366,0.0081808825862566,0.008833624100616888,0.016260162601625883,0.02016129032258074,-0.0010869565217390686,0.0,-0.0026109660574411553
2023-01-24,-0.016107861264048708,-0.005118626546437977,5,108.8065066867222,116.35595004988826,-0.01813482658006088,-0.016182257410100376,-0.019046687298232806,-0.021111389080060883,-0.006064145951788585,-0.008000000000000007,-0.015810276679842028,-0.0043525571273123065,0.00390625,-0.05628272251308919
2023-01-25,0.0034454527598582587,0.00012242925267065595,5,109.18139436547649,116.37019542189665,0.004306815949822823,0.0063148480783368766,0.004580039993538648,0.004306815949822823,-0.0022812561722298785,0.0,-0.008032128514056214,-0.0010928961748633004,0.0,0.026352288488210807
2023-01-26,0.00044743629794796735,-0.0025377104385207187,5,109.23024608437618,116.07488156224181,0.0015673598885640183,-0.0024771418745286045,0.0013798643002249367,0.001207803803044527,0.0005592953724349592,-0.0040322580645162365,0.012145748987854255,-0.00328227571115991,-0.0025940337224382715,0.0
2023-01-27,0.002820894317287026,-0.0010332605984774512,5,109.53837306483145,115.95494596065062,0.001501826398633055,0.0015261178966087807,0.004349389027234474,0.003201020367350038,0.0035261178966087825,0.00809716599190291,0.008000000000000007,-0.003293084522502765,0.0013003901170349774,0.0
2023-01-30,-0.003535158359212298,-0.007505092315706941,5,109.15113756963679,115.08469338675312,-0.005422964013272413,-0.0024348209648883956,-0.0019409743807334567,-0.003120246650314046,-0.004756785786853179,0.004016064257028162,-0.007936507936507908,-0.009911894273127664,-0.0051948051948053076,0.0013513513513512265
2023-01-31,-0.01387913248210051,-0.01682505386657655,5,107.63621447073584,113.14838722130256,-0.015348915602625635,-0.016348915602625635,-0.012065267104294147,-0.01604343257390503,-0.009589131527052097,-0.008000000000000007,-0.0040000000000000036,-0.021134593993325956,-0.005221932114882422,-0.031039136302294157
2023-02-01,-0.00023796154237683,0.014660363004591954,5,107.61060119112477,114.80718365135101,-0.001305516444100041,0.0007065641362859754,-0.006263361018880087,-0.0002974519279710375,0.00596995754278104,0.004032258064516014,-0.004016064257028051,0.023863636363636198,0.0,-0.02506963788300831
2023-02-02,-0.0016975319939892541,0.002583483579096174,5,107.42792875271043,115.10378612507654,-0.0011178989282295548,-0.0031299795086155713,-0.003509262384273487,-0.0014657470134839257,0.0007352278646562682,-0.004016064257028051,0.004032258064516014,0.005549389567147678,-0.002624671916010568,-0.011428571428571344
2023-02-03,0.008462449236439485,0.009325920314147324,5,108.33703214635608,116.17723486233567,0.010578061545549355,0.010578061545549355,0.007818679647094595,0.00926227207186514,0.004075171372138975,0.0,0.0,0.011037527593819041,0.0052631578947368585,0.026011560693641522
2023-02-06,0.015479027171824322,0.006828943278544377,5,110.01398401066433,116.9706026094687,0.021364912997038465,0.019348783964780403,0.018257080908011813,0.017385433179440135,0.0010389248098507942,-0.008064516129032251,0.0,0.004366812227074357,0.00785340314136107,0.07323943661971843
2023-02-07,-0.0006708062366113765,-0.011856984884543701,5,109.94018594407551,115.58368394239227,-0.003887288283569046,-0.0018425238600212612,0.004052796552061866,-0.0008385077957642206,-0.0008385077957642206,0.012195121951219301,0.004016064257028162,-0.019565217391304346,0.0,0.0
2023-02-08,-0.0017241723848446578,-0.001491818841279253,5,109.75063011148605,115.41125402494255,-0.004163247609569903,-0.002155215481055822,-0.0016008917560003944,-0.002155215481055822,0.0014537084034586534,0.008032128514056325,0.0,-0.0022172949002217113,0.0,-0.014435695538057902
2023-02-09,0.00012676200851966524,0.010107880407818532,5,109.76454232179529,116.57781717834304,0.00015845251064958155,0.004158452510649557,-0.00400821415601707,-0.0001662228140257016,0.0004913419913419592,0.0,-0.015999999999999903,0.016666666666666607,0.0012987012987011326,-0.0013315579227695107
2023-02-10,0.005745170466184435,0.000925312522070923,5,110.39515832857671,116.68568809237385,0.007181463082730544,0.0010839021071207822,0.007727911170162249,0.0058844462215113524,0.006848129749397247,0.0,0.024390243902439046,-0.002185792349726823,0.005188067444876765,0.0013333333333331865
2023-02-13,-0.0033548536061801305,-0.0020961574510607174,5,110.02479873355327,116.44109651784686,-0.003197551071470156,-0.002209440023598186,-0.003645921881766767,-0.004193567007725163,-0.00352778804634038,-0.003984063745020028,-0.007936507936507908,-0.0021905805038335835,0.0,-0.0026631158455391324
2023-02-14,0.0020301564414888507,0.005434793842369729,5,110.2481662874257,117.07392987220085,0.0025376955518610633,0.0005376955518610615,0.00034230587019251635,0.002860276197022338,0.0038728090365072743,0.0,0.008000000000000007,0.008781558726674188,-0.001290322580645098,-0.005340453938584844
2023-02-15,0.0016812496804959665,0.0030296056997779564,5,110.43352098177171,117.42861771743709,0.003101562100619959,0.002101562100619958,0.0010134228187919092,0.002101562100619958,8.813928182804798e-05,-0.0040000000000000036,0.0,0.0043525571273121955,0.0,0.00805369127516764
2023-02-16,-0.00017574777380460204,0.0023804644887279835,5,110.41411253630575,117.70815237187387,-0.0012237007815127932,0.0017644422668712245,-0.001303108335890646,0.00010331269876495686,-0.00021968471725575256,0.004016064257028162,-0.007936507936507908,0.004333694474539573,-0.0012919896640828377,0.0
2023-02-17,0.0012487886980891538,0.0011260597325245703,5,110.55199643215063,117.84069878244972,0.0005609858726114414,-0.0004390141273885595,0.0010216115468293374,0.002207816403012486,0.002892543795381064,0.0040000000000000036,0.008000000000000007,0.0021574973031284195,-0.002587322121604174,-0.005326231691078487
2023-02-20,-0.002969183486119675,-0.003513024653763327,5,110.22374726998675,117.42672150241027,-0.002715463421394587,-0.001727352373522617,-0.002635053092848727,-0.003387225142344824,-0.004380823400487621,-0.003984063745020028,-0.007936507936507908,-0.0043057050592034685,-0.0012970168612190802,0.0026773761713521083
2023-02-21,0.0007967957276368454,0.00021891657553216074,5,110.31157308089558,117.45242815815755,-0.001004005340453945,-0.001004005340453945,0.0009959946595460567,0.0009959946595460567,0.0040000000000000036,0.008000000000000007,0.008000000000000007,0.0,0.0,-0.012016021361815787
2023-02-22,-2.3790023789982406e-05,-0.003212695822506219,5,110.30894876594768,117.07508923287062,-2.9737529737478008e-05,-0.002013864513864455,0.0013216138216138595,0.0002949377949378329,0.0003081003081003286,0.0,0.007936507936507908,-0.00540540540540535,-0.0012987012987012436,-0.0013513513513512265
2023-02-23,-0.004406013457126434,-0.0031420011482230868,5,109.82292605324344,116.70723916807262,-0.005507516821408043,-0.004523264852904135,-0.0046922994301037135,-0.005182419292149243,-0.0021245668890670366,0.0,-0.00393700787401563,-0.003260869565217317,-0.0013003901170351995,-0.013531799729364025
2023-02-24,-0.003831048891093469,-0.0002985289913709503,5,109.40218905417052,116.67239867367809,-0.0037967476218033758,-0.002812526528886611,-0.00533406738431394,-0.004137769447200151,-0.0030741334732632686,-0.003968253968253843,-0.007905138339920903,0.0021810250817884125,-0.0026041666666667407,-0.006858710562414272
2023-02-27,-0.0007584987783193498,-0.004393081730581081,5,109.31920762742746,116.15984729060169,-0.003936171281664125,4.789246335581976e-05,0.0009561202702999538,-0.0009481234728991872,8.778812931078961e-05,0.01195219123505975,-0.003984063745020028,-0.007616974972796564,0.0,-0.004143646408839907
2023-02-28,0.0021568032390441028,-0.0007872192009045301,5,109.55498764852803,116.06840402844038,0.0066330119228208695,-0.0003039959511948742,0.0032442496628402318,0.003022374805985273,-0.001811624245230986,-0.015748031496062964,0.01200000000000001,-0.002192982456140413,-0.0013054830287205776,0.018030513176144458
2023-03-01,-0.0013480482575111807,1.380716676499985e-05,5,109.40730223832675,116.07000660425095,0.0013149396781110267,-0.002673202614379089,-0.001685060321888976,-0.00201185770750989,-0.001685060321888976,-0.01200000000000001,0.0039525691699604515,0.0,0.0013071895424836555,0.0
2023-03-02,0.0009342203388916337,-0.001230295491372874,5,109.50951276530105,115.92720619844212,0.0011677754236145421,0.0011677754236145421,0.0017172259730650896,0.0014941461807946865,-0.0008758213066306919,0.0,0.0,-0.00219780219780219,-0.0013054830287205776,0.008174386920980936
2023-03-03,0.0012889426753540877,-0.0020805289260447174,5,109.6506642496615,115.68601629263071,0.0005990325952047182,0.0006269263756886745,0.002987830326571461,0.000957583572950782,0.0012733405063548031,0.004048582995951566,0.003937007874015741,-0.005506607929515406,0.002614379084967311,0.0013513513513512265
2023-03-06,-0.0028340758208955873,-0.005292057196546924,5,109.3399059533664,115.07379927756945,-0.004550659292248488,-0.001581810462394001,-0.0016046102799954498,-0.002890704293720514,-0.0035425947761194843,0.004032258064516014,-0.007843137254901933,-0.007751937984496138,-0.0026075619295958807,0.0
2023-03-07,-0.0052394490752918355,-0.00721902652095049,5,108.76702508422653,114.24307846871812,-0.007553327408371835,-0.005561169051624654,-0.004317168486971945,-0.004915324416010225,-0.0038502560134805186,0.004016064257028162,-0.0039525691699605625,-0.008928571428571397,-0.006535947712418277,-0.010796221322537103
2023-03-08,-0.0070716596131257916,-0.00881888134225707,5,107.99786170569857,113.23558231552835,-0.00883957451640724,-0.007847511024343778,-0.00574272766956041,-0.008181679779565132,-0.004746805075752397,0.0,-0.003968253968253843,-0.012387387387387316,-0.0026315789473684292,-0.016371077762619368
2023-03-09,-0.006376690429998666,-0.011140110350355937,5,107.30919277449951,111.97412543294656,-0.005970863037498331,-0.005978831164988346,-0.004550110471933905,-0.0053323406100577175,-0.01005130686551503,-0.008000000000000007,-0.007968127490039945,-0.013683010262257711,-0.01055408970976246,0.008321775312066793
2023-03-10,0.004275760132464224,-0.0019228818729597457,5,107.76802114281163,111.75881241691104,0.0023205066171931577,0.004340684101323239,0.006789786870782605,0.005678033498913604,0.0022497895741085128,0.012096774193548487,0.004016064257028162,-0.005780346820809301,-0.0013333333333332975,0.012379642365887067
2023-03-13,-0.0015239030857526093,-0.003667751241935215,5,107.60379312284665,111.3489088938717,-0.004892926665955699,0.0010951211428092411,-0.0013234835083535401,0.0007653481121016603,-0.0032635745093647084,0.01195219123505975,-0.01200000000000001,-0.0023255813953488857,-0.010680907877169687,0.005434782608695787
2023-03-14,-0.011064536058319674,-0.011402522247841388,5,106.41320707382692,110.07925048293646,-0.010877914167387814,-0.010794232825936029,-0.010042791285020808,-0.013493288156570332,-0.010114453856683386,-0.011811023622047112,-0.012145748987854255,-0.015151515151515138,-0.0013495276653170407,-0.014864864864864824
2023-03-15,-0.004642363961091145,-0.00657164459444831,5,105.91919823632325,109.35584877153934,-0.0077949868238738895,-0.0017045942956262494,-0.003140233057872782,-0.006140792789201738,-0.004431212838881066,0.007968127490039834,-0.016393442622950727,-0.010650887573964596,0.0013513513513512265,-0.005486968449931462
2023-03-16,-0.026521041742654662,-0.04113760610612485,5,103.11011075854921,104.85721093937481,-0.024258021545907227,-0.03835963551165164,-0.023282881125686744,-0.014932678696536972,-0.03177199183349072,-0.035573122529644396,0.02083333333333326,-0.03947368421052633,-0.07287449392712542,-0.0055172413793104225
2023-03-17,-0.04302579712395797,-0.05467271944256801,5,98.67371605162305,99.12438206415621,-0.04968388574920979,-0.05480265456821279,-0.041328946280414475,-0.02940087813711631,-0.03991262088483652,-0.016393442622950727,0.004081632653061273,-0.04981320049813198,-0.09752547307132464,-0.0554785020804438
2023-03-20,-0.012886061004151617,-0.01119178972560124,5,97.4022005270755,98.01500282341401,-0.01610757625518952,-0.01712383641779111,-0.015124614263053227,-0.00804306012615727,-0.008031217958566955,0.0,0.00406504065040636,-0.003931847968545177,-0.032258064516129004,-0.03230543318649026
2023-03-21,0.004746875505560899,0.014322395490721366,5,97.8645566469452,99.41881245787513,0.011141927715284466,0.004921448632963232,0.005604647013530084,-0.010316405618048863,0.012382759784075575,-0.02083333333333337,0.004048582995951566,0.001315789473684159,0.06499999999999995,-0.025796661608497806
2023-03-22,0.020587521950153877,0.022825611241741352,5,99.87934535505626,101.68810762115416,0.028925891799394476,0.025734402437692344,0.025734402437692344,0.00226022403393647,0.020282689042053742,-0.012765957446808529,0.0,0.0,0.0938967136150235,0.02180685358255441
2023-03-23,0.00572691079496328,0.005284769932218218,5,100.451345456164,102.22550587477461,0.002848293666117857,0.005142509461446038,0.008144183828789509,5.56267110038422e-06,0.012494004347362614,0.017241379310344973,0.008064516129032251,-0.003942181340341633,0.028612303290414864,-0.021341463414634054
2023-03-24,0.00879906608069796,0.010502218709007565,5,101.33522348272783,103.29910049511044,0.008880188533075845,0.008998832600872447,0.006051603049421289,0.014128178915197909,0.005936527304922307,0.008474576271186418,0.008000000000000007,0.01978891820580464,-0.012517385257301838,0.02024922118380057
2023-03-27,0.025061942641100267,0.049724670597924694,5,103.87488104117504,108.43561424029171,0.03027700813330811,0.03231949179343879,0.009982020798141172,0.03132742830137533,0.021403764179237922,0.004201680672268893,-0.003968253968253843,0.08538163001293664,0.0,0.03969465648854964
2023-03-28,0.0163719209072803,0.010198710794796857,5,105.57551237783431,109.54151770978461,0.017326825820292824,0.01847286926159042,0.016293268237795255,0.023986027894663753,0.005780613322059258,0.012552301255230214,0.007968127490039834,0.016686531585220488,-0.014084507042253502,0.058737151248164476
2023-03-29,0.00649263601186163,0.022031782653793925,5,106.26097575146937,111.95491261953332,0.0060496793123477055,0.004163225844866586,-0.001262868525618438,0.008115795014827037,0.015397348412885259,0.008264462809917328,0.015810276679841806,0.0375146541617819,0.0,-0.029126213592232886
2023-03-30,0.01672217186304863,0.009141364875916137,5,108.0378900503207,112.97833332543978,0.011681403353400954,0.017984426891067606,0.018925313698867297,0.020902714828810787,0.014117000543096503,0.03688524590163933,0.011673151750972721,0.00790960451977396,0.0,0.027142857142857135
2023-03-31,0.015744712858707245,0.017245836547160727,5,109.73891560702359,114.92673919534097,0.016716464195913716,0.01679627568876868,0.014636048024056714,0.016109462501955496,0.014465313882841613,0.011857707509881354,0.011538461538461497,0.020179372197309364,0.014285714285714235,0.020862308762169768
2023-04-03,0.005576827001624052,0.01089697339311577,5,110.35091055470978,116.17909281451016,0.005017908752030065,0.006971033752030065,0.004498506279502601,0.002041456287241339,0.00935522993731619,0.0078125,0.0,0.009890109890109855,0.019718309859154903,-0.0095367847411445
2023-04-04,-0.0022348938012132225,-0.005599536674692554,5,110.10428798875283,115.52854372346279,-0.002793617251516528,-0.002793617251516528,-0.00034530386740333485,-0.002448313384113193,-0.002793617251516528,0.0,0.0,-0.009793253536452773,-0.0013812154696133394,0.0
2023-04-05,0.005292454551019743,-0.0006893447251832325,5,110.6870099288057,115.44890473123893,0.0056465759407126614,0.00756613853098001,0.006890293463499925,0.007652912587114924,-0.0012936477672088054,0.003875968992248069,-0.0038022813688213253,-0.001098901098900984,-0.004149377593360981,0.031636863823933936
2023-04-06,-0.00770996054304951,-0.0020700521006012888,5,109.83361744962647,115.20991948348791,-0.007706948748309961,-0.008683252205529457,-0.009912478181562157,-0.008943006234367445,-0.00330411734547853,-0.007722007722007707,-0.003816793893129722,0.0011001100110010764,-0.002777777777777768,-0.02533333333333343
2023-04-11,0.00204424248239683,0.003253622285760097,5,110.05814399641231,115.58476904506003,0.004500828394824824,0.0015974486968658164,0.002830028377721283,-0.0005784016323800156,0.0018713085749522407,-0.0077821011673151474,0.003831417624520883,-0.001098901098900984,0.012534818941504211,0.002735978112175186
2023-04-12,-0.005480799327194452,-0.015995779187830742,5,109.4549373948445,113.73590060193884,-0.006850999158993065,-0.009713594578840412,-0.004375751634240588,0.002433732615422346,-0.008897383879320542,0.0,0.011450381679389388,-0.00990099009900991,-0.037138927097661645,0.008185538881309906
2023-04-13,-0.007460460352003251,-0.01182034173439214,5,108.63835317407928,112.39150338935507,-0.008345183283141294,-0.00838217921358897,-0.006547797662226296,-0.005039861154289754,-0.00898728044676994,-0.0039215686274510775,-0.0037735849056603765,-0.011111111111111072,-0.017142857142857237,-0.0013531799729364913
2023-04-14,-0.005395274354434853,-0.0056634488108991176,5,108.05221945329113,111.75497986312945,-0.006744092943043567,-0.0029562141551647825,-0.006744092943043567,-0.0031103720128110024,-0.007421599718111349,0.0,-0.015151515151515138,0.0,-0.014534883720930258,0.0027100271002711285
2023-04-17,0.004439859861069229,0.007136313998071683,5,108.53195616534126,112.55249849028091,0.006534076794840443,0.004588286364798078,0.0007745439274601251,0.00813094577028936,0.0021714464479581363,-0.00393700787401563,0.0038461538461538325,0.019101123595505642,-0.0103244837758113,0.013513513513513598
2023-04-18,0.0024383655501981185,-0.000841391498062427,5,108.79659674835042,112.4577977749655,0.005024241522727874,0.002090102531617427,0.006079930476887707,-0.0010504037179900616,4.79569377476452e-05,-0.007905138339920903,0.003831417624520883,-0.012127894156560237,0.016393442622950838,0.01200000000000001
2023-04-19,-0.0016234195419296605,0.0002740998322464521,5,108.6199742270937,112.4886224384704,-3.7242554902089386e-05,-0.001075075954129645,-0.003424363713126377,-0.0005629987675880022,-0.0030174167199021884,-0.007968127490039945,-0.003816793893129722,0.005580357142857206,-0.0058651026392962935,0.0039525691699604515
2023-04-20,-0.002042784852632318,-0.007511938254841728,5,108.39808698904929,111.6436148523404,-0.0005454489372763438,-0.0025534810657903972,-0.003108420022505165,0.004452418639224326,-0.008458992876814009,-0.008032128514056214,0.0,0.002219755826859071,-0.028023598820058893,0.023622047244094446
2023-04-24,0.006818997542636351,0.0033852693907120298,5,109.13725327785409,112.02155856436846,0.009535892677283275,0.006608038116034887,0.007693182144242305,0.008144384257582238,0.0021134905180390517,-0.004048582995951344,0.00766283524904221,0.0033222591362125353,0.0015174506828528056,0.02564102564102555
2023-04-25,0.007433987753483739,0.014971842888658491,5,109.9485782821705,113.69872773933685,0.011325005017057965,0.009292484691854674,0.0034977827050997057,0.00626218166155168,0.006792484691854672,-0.008130081300813163,0.0,0.023178807947019875,0.012121212121211977,0.010000000000000009
2023-04-26,0.004552243975452374,0.003128116247276507,5,110.44909103526508,114.05439057687292,0.006714895133249882,0.0018880236004941986,0.007578115109552808,0.0011992870052436044,0.005380899028721381,-0.004098360655737654,0.015209125475285079,-0.007551240560949357,0.017964071856287456,0.0012376237623763497
2023-04-27,-0.0015148597631419625,-0.0008873198173314632,5,110.28177615138016,113.95318785586039,0.00016403846479681738,0.0009154140601174976,-0.001350096443057891,-0.0026288688215745093,-0.004674786075991727,-0.008230452674897082,-0.011235955056179803,-0.0021739130434782483,0.002941176470588225,0.011124845488257096
2023-04-28,-0.011438171364289974,-0.013699710913859525,5,109.0203542974024,112.39206212452237,-0.016372403002042957,-0.016191653599301914,-0.013753051895994267,-0.005133491331462181,-0.005740256992648546,0.008298755186721962,0.007575757575757791,-0.002178649237472796,-0.03665689149560114,-0.03422982885085568
2023-05-02,-0.042151778363606104,-0.014596000077489428,5,104.42495248593649,110.75158757704364,-0.022854332008005546,-0.048930324458267005,-0.05296264871869982,-0.05230920545070242,-0.033702381182355745,-0.11934156378600835,-0.015037593984962516,0.0010917030567687558,-0.0015220700152208666,-0.07594936708860756
2023-05-03,-0.02922363500579883,-0.01764503753313062,5,101.37327578898959,108.79737165739289,-0.031856646560986884,-0.03271274986411879,-0.035439031216354305,-0.030813080342614402,-0.015296667044919776,-0.01869158878504662,-0.015267175572518998,-0.004362050163576936,-0.02286585365853655,-0.08493150684931505
2023-05-04,-0.009140480422169084,-0.003977575158092151,5,100.44667534630918,108.36462193462273,-0.0030922671943780233,-0.00948761603158732,-0.011425600527711355,-0.010645569326463322,-0.011051349030705399,-0.033333333333333326,-0.007751937984496138,0.0,-0.0031201248049921304,-0.0014970059880238251
2023-05-05,-0.0030145609434024225,-0.004509177124177275,5,100.14387272191556,107.87598666032501,-0.0025366740856569425,-0.003768201179253028,-0.003220556053294632,-0.0010295470321481925,-0.004517826366659317,-0.0049261083743843415,0.0,-0.0021905805038335835,-0.010954616588419341,0.0029985007496251548
2023-05-08,0.011240992419238705,-0.004341931212667552,5,101.2695892360158,107.40759654674723,0.004150250425038471,0.01502780302404838,0.01734432504655109,0.017215797486073714,0.002466786114481867,0.03960396039603964,-0.00390625,-0.013172338090010838,-0.012658227848101333,0.046337817638266054
2023-05-09,-0.014877023574039906,-0.017218045907284197,5,99.76299916961827,105.55824761861427,-0.01621532708659751,-0.01761588731068711,-0.015259238310708939,-0.010984099980370393,-0.014310565181835572,-0.00952380952380949,-0.0039215686274510775,-0.013348164627363768,-0.03044871794871795,-0.017142857142857237
2023-05-10,-0.01912345473969943,-0.02264636427562977,5,97.8551859703014,103.167737090746,-0.020298549193855042,-0.01504605070808887,-0.0179854909161688,-0.01729274817669041,-0.02499443470369403,-0.014423076923076983,-0.03543307086614167,-0.02367531003382195,-0.026446280991735516,0.0043604651162789665
2023-05-11,-0.013699132209764087,-0.01559271240835819,5,96.5146548402832,101.5590722364689,-0.01712391526220511,-0.012021874445878572,-0.0119276104123206,-0.01500167417561768,-0.012420586752798474,0.0,-0.020408163265306145,-0.020785219399538035,-0.008488964346349714,-0.01881331403762654
2023-05-12,-0.024231754392649685,-0.029066991284160286,5,94.17593542890211,98.60705556894406,-0.029070180795690126,-0.030289692990812106,-0.020855730726661165,-0.024296542305880603,-0.016646625144204424,-0.00487804878048792,0.0,-0.037735849056603765,-0.023972602739726012,-0.054572271386430726
2023-05-15,0.0012609055445809592,0.0016388295565226397,5,94.2946823880505,98.76865572609212,0.00035064173464777193,-0.00675720140260716,0.0034143672248438395,-0.0028098329815545164,0.012106553147574861,0.004901960784313708,0.03333333333333344,-0.007352941176470562,0.01754385964912286,-0.04212168486739465
2023-05-16,0.01710802770284836,0.015310332420774364,5,95.90787842657656,100.2808366780116,0.018946010238316546,0.023401163660818514,0.02508873833226416,0.002419517387181158,0.015684708895661426,0.009756097560975618,-0.008064516129032251,-0.014814814814814836,0.07586206896551717,0.0228013029315961
2023-05-17,0.005401963384698916,-6.766001192745724e-05,5,96.42596927414108,100.27405167540586,0.006752454230873645,0.006752454230873645,0.009572003103054061,0.003947967051386475,-1.5061692693246753e-05,0.0,0.0,-0.011278195488721665,0.011217948717948678,0.027070063694267565
2023-05-18,0.006298008070558092,-0.00817925082074293,5,97.033260806841,99.45388505594059,0.007872510088197615,0.007872510088197615,0.012308505018489152,0.012230671736375126,-0.008794156578469048,0.0,0.0,-0.017743979721166148,-0.017432646592710044,0.06666666666666665
2023-05-19,-0.013086134382658909,-0.009384952175060086,5,95.76347051633509,98.52051510106666,-0.017565397446922676,-0.015341407815721991,-0.014099603462194604,-0.015147990558968816,-0.0032762726294864597,0.004830917874396157,-0.004065040650406582,-0.00903225806451613,-0.004838709677419284,-0.05232558139534871
2023-05-22,-0.0071465989695633555,-0.027907591472250807,5,95.07908739662125,95.77104481399037,-0.010135171788877267,-0.008933248711954195,0.003111022121379148,-0.0016398937686802617,-0.018135702699684203,0.004807692307692291,0.0,-0.04817708333333337,-0.029173419773095732,0.03680981595092003
2023-05-23,-0.004900842025065799,-0.00928587322177571,5,94.61311980940297,94.88172703353065,-0.0037337080337246087,-0.00816686885786283,-0.000996093571003942,-0.006960777072233748,-0.004646762590503867,-0.009569377990430561,0.008163265306122325,-0.020519835841313228,0.0033388981636059967,-0.005917159763313529
2023-05-24,0.010634794414740866,0.012712949161286749,5,95.61931088751324,96.08795360564301,0.010878034081228005,0.01025705577146252,0.008056062850828327,0.013293493018426084,0.010689326351759398,0.009661835748792313,0.012145748987854255,0.020949720670391025,0.0,0.01041666666666674
2023-05-25,-0.012731012362755378,0.0013772328474340552,5,94.40198025848615,96.22028909159141,-0.015913765453444223,0.011086234546555773,-0.01762375177355366,-0.023817259629816928,-0.017386519503517855,0.0,-0.10799999999999998,0.0068399452804377425,0.03161397670549082,0.00589101620029453
2023-05-26,0.014684360350076586,0.007573645254616042,5,95.78821295436258,96.94902742746771,0.009982244695968923,0.012750069271676434,0.01767610261150876,0.017952224631144098,0.015061160540084717,0.03349282296650724,0.022421524663677195,0.0027173913043478937,0.001612903225806539,0.013177159590044063
2023-05-29,0.024405164387794588,0.020815476941181483,5,98.12594003792687,98.96706767235413,0.02587682585511364,0.017348560747901143,0.02711892160940449,0.024065231652215024,0.02761628207433864,0.01851851851851838,0.05263157894736836,0.013550135501354976,0.025764895330112836,0.01156069364161838
2023-05-30,0.011379679144385025,0.012044703882059965,5,99.24258175129962,100.15909669654344,0.009679144385026761,0.01422459893048128,0.009545454545454524,0.01422459893048128,0.009224598930481276,0.018181818181818077,0.0,0.018716577540107027,0.0,0.020000000000000018
2023-05-31,0.004662069855198281,-0.0001545091495597024,5,99.70525760003441,100.14362119969218,0.0024793730332835495,0.003744253985664525,0.007139923277003107,0.0062200519971768176,0.0037267469828634048,0.013392857142857206,0.008333333333333304,-0.005249343832021025,-0.0015698587127158659,0.008403361344537785
2023-06-02,0.011909033930498225,0.007864866875325777,5,100.89265089584228,100.93123744884083,0.009379684483607376,0.014886292413122781,0.013237215895972376,0.01410012889111023,0.007941847968678362,0.022026431718061623,0.0,0.006596306068601621,0.0031446540880502027,0.02777777777777768
2023-06-05,0.007191324284016476,0.005278379192131475,5,101.61820266630835,101.46399079242686,0.004678810527434352,0.008989155355020595,0.0073508853681267805,0.008989155355020595,0.005948614814480058,0.017241379310344973,0.0,0.006553079947575258,0.0,0.012162162162162149
2023-06-06,-0.000377448064757635,0.00022325570093262653,5,101.5798470723678,101.48664320681064,-0.0004718100809470438,0.0015943056215322882,-0.001122851747613729,-7.996055116649137e-05,-0.0018069235655931992,0.0,-0.008264462809917328,0.0026041666666667407,-0.0015673981191222097,0.005340453938584622
2023-06-07,0.004467976113548766,-0.001058394658910431,5,102.03370340270506,101.3792302856898,0.00770361420973259,0.0035016368086026317,0.007208346765312568,0.005977434820114924,-0.002051152036018883,-0.008474576271186529,0.008333333333333304,-0.00649350649350644,-0.0015698587127158659,0.030544488711819362
2023-06-08,0.002685920969588906,-0.00014772806223550017,5,102.30775786627919,101.36425372844877,0.008699281553866484,0.00025822765826710725,0.004664590754469816,0.0025712376899735823,-0.0027637328086324575,-0.021367521367521403,0.012396694214876103,-0.005228758169934733,0.0031446540880502027,0.024484536082474362
2023-06-09,0.0002697198256323086,-0.002288827380749352,5,102.33535229689173,101.13224844908588,-0.0018462563314967373,0.001357557945305704,0.001322695117125794,0.0011208488416014906,-0.0006062464443747084,0.008733624454148492,-0.004081632653061273,-0.003942181340341633,-0.0031347962382444194,0.0037735849056603765
2023-06-12,-0.00222351125304856,-0.002700489558934341,5,102.10780848947489,100.85914186807759,-0.0038616401485617735,-0.0027793890663107,-0.0024495737628806302,-0.0008139802612792402,-0.0012129730262104566,0.0043290043290042934,0.0,-0.0013192612137202797,-0.00786163522012584,-0.006265664160400974
2023-06-13,-0.004295868989462259,-0.012705151559831141,5,101.669166721403,99.57771118444914,-0.008602594857517493,-0.0063944264007622376,-0.0004160713755332335,-0.0010116745886503131,-0.0050545777248480195,0.012931034482758674,0.004098360655737654,-0.019815059445178362,-0.017432646592710044,-0.0012610340479192184
2023-06-14,-5.875077303651999e-05,-0.00019666801881513992,5,101.66319357926415,99.55812743327236,-7.343846629564998e-05,0.0009469696969696684,-7.343846629564998e-05,-7.343846629564998e-05,-0.0010204081632653184,0.0,-0.004081632653061273,0.0,0.0,0.0037878787878786735
2023-06-15,-0.011218245015742534,-0.012488004031408404,5,100.5227109646091,98.31484513652619,-0.012958976482444123,-0.015047396433612581,-0.014022806269678167,-0.001926032076129791,-0.012136013816848007,-0.004255319148936176,0.004098360655737654,0.0,-0.048387096774193505,-0.007547169811320642
2023-06-16,-0.004210326640350814,-0.0012338295307347846,5,100.09947751667451,98.19354137728712,-0.002057780095310352,-0.0042425001371732,-0.005599835524158159,-0.004839179486879203,-0.004312337958233159,-0.012820512820512664,-0.004081632653061273,0.0013477088948785632,-0.0016949152542372614,-0.0038022813688214363
2023-06-19,0.0038529712465446677,0.005702660245740573,5,100.4851579253404,98.75350578208786,0.003733962975929761,0.004816214058180834,0.0024608977728510784,0.004391765840863315,0.0038620155848983484,0.0043290043290042934,0.0,0.009421265141319024,0.0016977928692700761,0.003816793893129944
2023-06-20,-0.002854588943879044,0.002259608444501185,5,100.1983141045028,98.97665003767716,-0.005723408593641899,-0.0015190558519799502,-0.0062349028465154555,-0.002297049739170859,0.0015014723119129436,0.008620689655172376,-0.008196721311475419,0.010666666666666602,-0.005084745762711784,-0.020278833967046994
2023-06-21,0.005253762088494751,0.00228979397448886,5,100.72473220847611,99.20328617454852,0.005498826542242374,0.004501086908139107,0.006897017914048509,0.005715413854230023,0.003656465223813743,0.004273504273504258,0.008264462809917328,-0.0013192612137202797,0.0034071550255536653,0.011642949547218784
2023-06-22,-0.003918611936182192,-0.004655473580306993,5,100.33003107057523,98.74144789668328,-0.004898264920227741,-0.007972035412031037,-0.002256256994203981,-0.00532271313754526,0.0008562107830970556,0.0,0.012295081967213184,-0.010568031704095038,0.0016977928692700761,-0.023017902813299185
2023-06-23,0.0033840076684195975,0.002084397216492478,5,100.66954866509083,98.94726429583157,0.004230009585524497,0.005242155334512333,0.003896231214362944,0.004230009585524497,-0.0006783673778262833,0.0,-0.004048582995951344,0.001335113484646211,0.0,0.01963350785340312
2023-06-26,-0.00221173023505441,-0.0023810207579657576,5,100.44689478055898,98.71166880559927,-0.0027646627938180124,-0.0007321424686147215,-0.0027646627938180124,-0.0010697475395807232,-0.00372743557944058,0.0,-0.008130081300813163,0.0,-0.006779661016949157,0.0038510911424902705
2023-06-27,0.006891902325899935,0.01612816418330245,5,101.13916496832654,100.30370680690375,0.009678707694608962,0.007590287743440505,0.00028154457404155897,0.007335014426146258,0.009573957191262389,-0.004255319148936176,0.004098360655737654,0.03333333333333344,0.005119453924914641,-0.0038363171355498826
2023-06-29,-0.002824133504492954,-0.0014812931541458294,5,100.85353446392304,100.15512761267524,-0.0035301668806161923,-0.0035301668806161923,-0.0035301668806161923,-0.0035301668806161923,0.0,0.0,0.0,0.0,0.0,-0.01412066752246477
2023-06-30,-0.000362495704062793,-0.005243878971625729,5,100.81697549094034,99.62992624508664,-0.002589871766830676,0.0005672885331868271,0.0027726868215344203,0.0008202250218739549,-0.003382807130078491,0.008547008547008739,-0.004081632653061273,-0.012903225806451646,-0.005093378607809784,0.01171875
2023-07-03,0.0002892234044678421,0.000314667830576465,5,100.84613411981998,99.66127657783869,-0.0006977927783134996,0.0013861194195192161,3.473186996388877e-05,0.00036152925558480264,0.00036152925558480264,0.004237288135593209,-0.004098360655737654,0.0013071895424836555,0.0,0.0
2023-07-04,0.00624691769408432,0.011414287263026948,5,101.47611161943306,100.79883901769813,0.004644090155580066,0.006779840533243292,0.0019339734883625226,0.006528783636376739,0.011347900656858978,0.012658227848101333,0.00411522633744843,0.023498694516971508,0.005119453924914641,-0.014157014157014314
2023-07-05,0.0026580045982995903,0.0007232310281252,5,101.74583559073507,100.8717398656747,0.001239172414541162,0.005371686075743343,0.0030036281968540968,0.004595850399826934,-0.0009203140954675837,0.008333333333333304,-0.008196721311475419,0.0012755102040815647,-0.005093378607809784,0.016971279373368287
2023-07-06,0.007336906403249554,0.007718734508478835,5,102.4923352633847,101.65034204510619,0.005038901599103224,0.010204190855301581,0.00534947695310653,0.010450996485290631,0.005640966123445806,0.016528925619834878,-0.004132231404958553,0.015286624203821653,-0.005119453924914752,0.014120667522464547
2023-07-07,-0.0005159119916580579,0.0015438497176811818,5,102.43945823856929,101.80727489697472,0.003420150660833954,-0.003756923184593308,-0.001585918847790857,-0.0006448899895725724,-1.1978597167505711e-05,-0.016260162601626105,0.012448132780082943,0.0037641154328731385,0.0,-0.0025316455696202667
2023-07-10,0.0028024723337193524,0.008132859510122712,5,102.7265419861641,102.63525916082025,0.0035030904171491906,0.0035030904171491906,-0.0018094095828508072,0.004360723350253809,0.004454867066895379,0.0,0.0,0.02124999999999999,-0.0034305317324184736,-0.0038071065989847552
2023-07-11,0.002214699601185743,0.006551518518890498,5,102.95405041773205,103.30767596190348,0.0017353166502424855,0.00584214499328542,-0.0015155912267919847,0.0031986671004494704,0.001812960488743326,0.004132231404958775,-0.012295081967212962,0.017135862913096656,-0.0017211703958691649,0.003821656050955413
2023-07-12,0.005770073236394025,0.011438510032737933,5,103.54810282862576,104.48936184985256,0.0072125915454925305,0.0072125915454925305,0.0014965867320147486,0.00635052257997526,0.006578073778995053,0.0,0.0,0.022864019253911128,0.0034482758620690834,0.002538071065989911
2023-07-13,0.006741256429659703,0.010502850926672089,5,104.2461471425983,105.58679804078466,0.007397763952712522,0.009463914935414902,0.005485394066486404,0.001983271568002487,0.009375937625682201,0.00411522633744843,-0.004149377593361092,0.0117647058823529,0.025773195876288568,-0.003797468354430289
2023-07-14,0.006450571118448867,0.005369303158209495,5,104.91859432856592,106.15372556897029,0.008063213898061083,0.0059798805647277575,0.0077725162236425005,0.005550651083990776,0.004886593821822216,0.0,0.008333333333333304,0.0011627906976743319,0.010050251256281229,0.01270648030495547
2023-07-17,0.010882719851181388,0.015664099452559758,5,106.06039399782345,107.81652808354238,0.013603399813976735,0.014636457665216374,0.010990159395858234,0.0015801825668788627,0.013603399813976735,0.0,-0.004132231404958553,0.010452961672474004,0.04809286898839149,0.0
2023-07-18,-0.005763701017313094,-0.0012031179104091956,5,105.44909359704158,107.68681208756693,-0.008229216435575781,-0.006167281873301095,-0.010078189490032197,-0.0040400693096160345,-0.000303747978040364,0.004098360655737654,-0.004149377593361092,0.011494252873563315,-0.012658227848101333,-0.027603513174404015
2023-07-19,-0.007105383863448345,-0.006368348435002362,5,104.6998373089819,107.0010249463387,-0.00888172982931043,-0.006798396495977105,-0.010018093465674088,-0.0012695503421309429,-0.008559149184149156,0.0,-0.008333333333333304,0.00454545454545463,-0.03044871794871795,-0.001290322580645098
2023-07-20,-0.0015842106344354345,-0.0031301789460422484,5,104.53397071329333,106.66609259084672,-0.004021079619574874,-0.0009298431249770422,-0.0022630687229085455,0.002565191252410254,-0.0032722529571269643,0.008163265306122325,-0.004201680672269004,0.0011312217194570096,-0.018181818181818188,0.0051679586563306845
2023-07-21,-0.00021786835594348464,0.0012674531551065344,5,104.51119606895378,106.80128686644386,-0.0002723354449293558,-0.002382040086279541,-0.0014022789477542152,0.0009902908176968872,0.0019770218815488017,0.0,0.00843881856540074,0.004519774011299438,-0.005050505050504972,-0.00899742930591263
2023-07-24,-0.0027908804205770466,-0.0010047449900641983,5,104.21951781811384,106.69397880853239,-0.0014643090277456083,-0.0045346256303238075,-0.0037698153738652818,-0.002642576837058014,-0.0015430752338925213,-0.0080971659919028,0.004184100418409997,0.0011248593925758943,-0.0033840947546531774,-0.0077821011673151474
2023-07-25,-0.0034308100366362117,-0.0004923933575859349,5,103.86196045037008,106.64144340207267,-0.003268104382529946,-0.0032468458791285737,-0.006535703557031203,-0.0004684785899378985,-0.0036349177745534367,-0.004081632653061273,-0.004166666666666763,0.008988764044943753,-0.015280135823429464,-0.002614379084967311
2023-07-26,-0.012403810920039393,-0.027245003886380677,5,102.57367633115908,103.73599686213394,-0.015504763650049241,-0.014458738545446742,-0.0029769240063966806,-0.012918556753497512,-0.01616007164480679,0.0,-0.004184100418409997,-0.05011135857461024,-0.010344827586206917,0.002621231979030192
2023-07-27,-0.013941186872715727,-0.03424036733799495,5,101.14367754120492,100.18403822340139,-0.018451073754829073,-0.016376063422827408,-0.00013457268819833113,-0.01699094352120825,-0.017753280976515573,0.004098360655737654,-0.004201680672269004,-0.06916764361078531,-0.0017421602787456303,0.0013071895424836555
2023-07-28,0.006546000956132137,0.011320497024170609,5,101.80576415109638,101.3181713299788,0.005121276705369271,0.00818250119516517,0.0025149948979359404,0.009055101544205302,0.007856130437984998,0.012244897959183598,0.0,0.02267002518891692,-0.003490401396160525,0.0013054830287206887
2023-07-31,0.0021791232822869545,0.004679847381147067,5,102.02761146202906,101.79232490874001,0.003731968618987752,0.0016690517821835449,0.0002608499156665778,0.0031617324741371466,0.0020720136204597506,-0.0040322580645162365,0.0042194092827005925,0.009852216748768461,-0.0017513134851138146,0.0026075619295957697
2023-08-01,0.0014293318318793213,0.005773714461895924,5,102.17344277482235,102.38004472717562,0.0027988105388369877,0.0007362446217819285,-0.001262115697955729,0.0017866647898491517,0.003087054906884268,-0.004048582995951344,0.004201680672268893,0.012195121951219523,0.0,-0.005201560468140465
2023-08-02,0.0006088336835474495,-0.009715156131532362,5,102.23564940834765,101.38540660789783,0.0007610421044343119,0.0007610421044343119,0.007086343309253562,-0.00011615087802183122,-0.005448108222363107,0.0,0.0,-0.025301204819277,0.0035087719298245723,0.024836601307189676
2023-08-03,0.009533305322915764,0.006978543912424087,5,103.21029306904401,102.09292911999002,0.010900371491043115,0.010870606549042205,0.011298584682074897,0.008420128157141216,0.006176835735277386,0.00406504065040636,0.004184100418409997,0.0024721878862792313,0.013986013986013957,0.022959183673469274
2023-08-04,0.014601202618329001,0.012117124093511294,5,104.71728747044224,103.330001811207,0.01723935752392336,0.01720983660624459,0.015477150621863167,0.014803227410842279,0.008276440928771611,0.004048582995951566,0.004166666666666652,0.011097410604192337,0.01379310344827589,0.03990024937655856
2023-08-07,-0.001457378782683838,0.003457495758661402,5,104.56467471750261,103.68726485421173,-0.002829787994483801,-0.0007843790800145245,-0.0018217234783547975,-0.006923764294681334,0.005072760934115267,0.004032258064516014,-0.004149377593361092,0.0,0.020408163265306145,-0.027577937649880258
2023-08-08,-0.00608528565556925,-0.0025311659316806035,5,103.92836880236493,103.42481518186362,-0.007606607069461563,-0.008648273736128226,-0.007606607069461563,-0.006356607069461562,-0.00020833333333333814,0.0,0.004166666666666652,0.0,-0.0050000000000000044,-0.0295930949445129
2023-08-09,-0.0066288832638785825,-0.0060605478082859,5,103.23943977776875,102.7980041448908,-0.008286104079848228,-0.007248759681507955,-0.008286104079848228,-0.0032609784517075024,-0.006062470026480998,0.0,-0.004149377593361092,0.0,-0.0201005025125629,-0.008894536213468918
2023-08-10,0.001752136752136746,-0.001373907486108352,5,103.42032939447338,102.65676919743913,0.0021901709401709324,0.004273504273504258,0.0021901709401709324,0.0043269230769230616,-0.004220085470085455,0.0,-0.008333333333333304,0.0,-0.008547008547008517,0.02564102564102555
2023-08-11,-0.003599319037960025,-0.0013920944960620104,5,103.04808663397176,102.51386127405586,-0.004499148797450031,-0.005549568965517254,-0.004499148797450031,-0.003637079831932788,0.00018835120254998006,0.0,0.004201680672268893,0.0,-0.0034482758620689724,-0.018750000000000044
2023-08-14,-0.011405396032040004,-0.006752771809267506,5,101.87278239556734,101.82160856158526,-0.009236664718764859,-0.010072644621639981,-0.014256745040050006,-0.010796537427593261,-0.012664388352151917,-0.02008032128514059,-0.0167364016736401,0.0,-0.01384083044982698,-0.006369426751592355
2023-08-15,-0.007479629677402256,-0.00808227292486863,5,101.11081170904193,100.9986585315414,-0.008324946932818406,-0.008285707309518775,-0.007520268804069918,-0.0058407651669282745,-0.007426460173675903,-0.004098360655737654,-0.004255319148936176,-0.007317073170731603,-0.014035087719298178,-0.007692307692307665
2023-08-16,-0.0028325063866274426,-0.003822962958579659,5,100.82441468911898,100.61254440110908,-0.0014830198145600326,-0.003540632983284303,-0.0032335076761589587,-0.0004267539797255804,-0.0054786174794083375,-0.008230452674897082,0.0,-0.0012285012285013774,-0.01245551601423489,0.007751937984496138
2023-08-17,-0.003854278803827893,-0.0012312416452040958,5,100.43580928467435,100.48866604641249,-0.002743159708104348,-0.002681096368032737,-0.0054328546548463585,-0.003916947603883947,-0.004497335684272075,-0.008298755186722073,-0.008547008547008517,0.002460024600245969,-0.003603603603603678,-0.0012820512820511665
2023-08-18,-0.006527911305157596,-0.005021831062775399,5,99.78017322980227,99.98402894180374,-0.007113864026844496,-0.004927130510757327,-0.007239643732673995,-0.00680365043343617,-0.006555267822075994,-0.004184100418409997,-0.012931034482758674,-0.0036809815950920033,-0.005424954792043302,-0.006418485237484006
2023-08-21,-0.010882238725916427,-0.024112339153115624,5,98.69434156460227,97.57318012606405,-0.012552378239328282,-0.015786204520932656,-0.004058463432026038,-0.009057343861940986,-0.01295680357535417,-0.004201680672269004,0.008733624454148492,-0.03817733990147798,-0.018181818181818188,-0.0025839793281654533
2023-08-22,-0.00267083841431881,-0.0004068206371429657,5,98.43074492587563,97.5334853427571,-0.0012288433765482998,-0.0022562969356474116,-0.003978752883455505,-0.002875585054935542,-0.003014713821007292,-0.008438818565400852,-0.0043290043290044045,0.00256081946222797,-0.0018518518518518823,-0.0012953367875648825
2023-08-23,-0.00940117501304787,0.0008873511732647812,5,97.50538026616282,97.62003179540861,-0.012815298553543908,-0.011751468766309836,-0.013667177578570389,-0.011287646873916507,0.0025157167071012954,0.004255319148936287,0.0,0.00766283524904221,-0.0018552875695733162,-0.057068741893644526
2023-08-24,-0.01208784375851366,-0.014856833902736625,5,96.32675046389097,96.16970719744434,-0.01087251656254884,-0.012935891654663828,-0.015109804698142076,0.001154135822304031,-0.022675141699517593,-0.016949152542372947,-0.008695652173912993,0.0,-0.06505576208178443,0.030261348005502064
2023-08-25,-0.014563404863900642,-0.014260249013680632,5,94.9239049976614,94.79830322523604,-0.0074283940109102775,-0.018204256079875802,-0.018521112860610867,-0.004784772978484175,-0.023878488389622088,-0.0431034482758621,0.0,0.0012674271229402567,-0.05367793240556651,0.022696929238985142
2023-08-28,0.002838256175996223,0.0018540794406473706,5,95.1933233572707,94.97406681025421,0.0012955679677430498,0.003547820219995279,0.0032313645237927457,0.003547820219995279,0.0025687079484547626,0.009009009009008917,0.0,0.0012658227848101333,0.0,0.003916449086162066
2023-08-29,0.002071719059649335,0.0002155327817769378,5,95.39053717962132,94.99453683507049,-0.0007585654611526327,0.004782631280701999,0.0029057044503517926,0.0031148589085952805,0.00031396611975023636,0.013392857142857206,-0.00877192982456132,-0.0012642225031604948,-0.0021008403361344463,0.00910273081924573
2023-08-30,0.00924156611325615,0.003231178186436186,5,96.2720951355458,95.3014811103226,0.00824799288386091,0.004914789499977312,0.011551957641570187,0.011551957641570187,0.009941132899302152,0.013215859030837107,0.0265486725663715,0.0,0.0,0.006443298969072142
2023-08-31,0.0031150980007355945,-0.007484953892355568,5,96.57199214662916,94.58815391833863,-0.00045395358603700364,0.0028162862940229183,0.008007796551552399,0.005472819869340534,-0.0002674591252008751,0.017391304347825987,0.004310344827586299,-0.016455696202531622,-0.0063157894736841635,0.016645326504481472
2023-09-01,0.0024691237622650464,-0.005399901817796156,5,96.81044034720766,94.07738717405302,0.0020180286344552434,-0.0012054407907308995,0.005660407276833868,0.004675387753678789,0.0011972359370882313,0.004273504273504258,0.01716738197424883,-0.010296010296010238,-0.006355932203389925,0.007556675062972307
2023-09-04,0.0007110994057710984,-0.004371007466447633,5,96.879282193811,93.66617421229135,0.000888874257213873,-0.0022756827048114603,0.0031645569620253333,0.000888874257213873,0.000888874257213873,0.0,0.012658227848101333,-0.009102730819245841,0.0,0.0
2023-09-05,-0.0015877166473593717,-0.0002023192267634133,5,96.72546534468766,93.64722374435084,-0.0019846458091992147,-0.000942979142532524,-0.0026408137882018567,-0.0003854986876640487,-0.0019846458091992147,0.0,-0.004166666666666763,0.002624671916010568,-0.006396588486140664,0.0
2023-09-06,0.0019601655127946317,0.00743520307794708,5,96.91506326606533,94.34350987057603,0.0024502068909932895,0.003496231995595789,-0.0008220444179072306,0.0019137262042980274,0.002762706890993283,0.0,-0.004184100418409997,0.01308900523560208,0.0021459227467810482,-0.0012499999999999734
2023-09-07,-0.0061049101734951036,-0.016097123287986286,5,96.3234055103674,92.824850760768,-0.00763113771686888,-0.006580717548801629,-0.00020219714839339598,-0.008166469622650413,-0.007944028830761202,0.0,-0.004201680672269004,-0.029715762273901936,0.0021413276231261325,0.0012515644555692873
2023-09-08,-0.003135413375767948,-0.005841135289111195,5,96.02139181633066,92.2826482492828,-0.003919266719709935,-0.0028644143990348425,-0.0015890403548630971,-0.0033850786855219306,-0.003919266719709935,0.0,-0.00421940928270037,-0.009320905459387352,-0.002136752136752018,0.0
2023-09-11,0.004476646680394114,0.006576033896350161,5,96.45124566125206,92.88950207221505,0.0034681487760245544,0.007714452418289275,0.00357967931823458,0.004525144538929521,0.0030958083504926404,0.008510638297872353,-0.008474576271186529,0.008064516129032251,0.004282655246252487,0.010000000000000009
2023-09-12,-0.004201060392920319,-0.004400438793366304,5,96.04604815325675,92.4807475038,-0.0031416208498001863,-0.007388077627902584,-0.005251325491150399,-0.0015199822075683267,-0.003704295788180101,-0.008438818565400852,0.008547008547008739,0.0,-0.01492537313432829,-0.006188118811881194
2023-09-13,0.0016950885350235146,0.001449431315177691,5,96.20885470831566,92.61479199528304,0.002118860668779393,0.001059538634881091,0.0014521940021127444,0.00265998620990493,0.0011848631594394143,0.0,0.004237288135593209,0.002666666666666595,-0.0021645021645021467,0.0037359900373599153
2023-09-14,-0.002931618968276828,-0.0016775931015693601,5,95.92680700493655,92.45942205912847,-0.004728353497580107,-0.0026096713896709423,-0.004329417327367302,0.0006738710835802464,-0.003664523710346035,0.004255319148936287,-0.00421940928270037,0.0026595744680850686,-0.017353579175705125,0.0
2023-09-15,-0.017379163961721456,-0.012825504862336086,5,94.25967929767334,91.27358329194033,-0.02066463291825349,-0.024901921053846726,-0.01973456503172738,-0.01786082029431521,-0.0037338805104644712,-0.00423728813559332,0.012711864406779627,-0.007957559681697757,-0.015452538631346435,-0.07196029776674939
2023-09-18,-0.002613755888578773,0.0001710717331281235,5,94.0133075058535,91.28919762202288,-0.0032671948607234658,-0.0022211697561209665,-0.0032671948607234658,-0.0043882710939073255,7.505112858136043e-05,0.0,-0.004184100418409997,0.0,0.004484304932735439,-0.013368983957219305
2023-09-19,-0.00040671662903333237,-0.005503401661852192,5,93.97507073034045,90.7867965001207,-0.0015722255735257373,0.0005420243817755854,0.0021654010051521677,4.9639927994005184e-05,-0.003218422886562683,0.004255319148936287,-0.004201680672269004,-0.010695187165775333,-0.0022321428571426827,0.01084010840108407
2023-09-20,0.00173808333712,0.001568904254598226,5,94.13840723488151,90.9292322914111,-0.0010053619302949068,0.0021726041714,0.0021726041714,0.0021726041714,0.003177966101694907,0.012711864406779627,0.0,0.0,0.0,-0.004021447721179627
2023-09-21,-0.0002335406334673218,0.0009487061922101139,5,94.11642209162227,91.01549741713887,0.0018001244173708741,-0.00029192579183415224,-0.0013054393053476832,0.0002673583244969524,-0.0016378208120226,-0.008368200836820106,0.0,0.004054054054054124,-0.0022371364653244186,0.0053835800807537915
2023-09-22,-0.0022768216177253553,-0.0037111579085383553,5,93.90213578722111,90.67772453409971,-0.002846027022156694,-0.0017911747014816015,-0.001163658246921162,-0.0034065651387486517,-0.002176682979318667,0.0,-0.00421940928270037,-0.006729475100942128,0.0022421524663678305,-0.0026773761713521083
2023-09-25,0.0016424256268497972,-0.0017436734368719569,5,94.05636306145396,90.51961219451361,0.0020530320335622465,-0.0011249340681326603,0.002730538808630001,0.003171600266224456,0.0013818910939649431,0.0,0.012711864406779627,-0.0027100271002710175,-0.004474272930648837,0.0026845637583892135
2023-09-26,-0.0026465774325694635,-0.004101672844429864,5,93.80743561358595,90.14833035928706,-0.0033082217907118294,-0.00226219668610933,-0.002289200051581397,-0.001061030779475891,-0.00431223785496887,0.0,-0.004184100418409997,-0.0040760869565217295,-0.008988764044943753,0.004016064257028162
2023-09-27,-0.0056241243237182825,-0.009222676966091907,5,93.27985093320595,89.31692142935081,-0.00492045076329764,-0.005979735236580602,-0.003960578324156749,-0.005896368556575271,-0.00736348873798115,-0.008438818565400852,-0.004201680672269004,-0.012278308321964415,-0.0045351473922903285,0.0013333333333331865
2023-09-28,-0.008784903976669556,-0.012010667948802784,5,92.46039639979969,88.24416554385357,-0.013108789545305033,-0.010559189042566919,-0.009254610633820382,0.000977867751258743,-0.011979798412914189,0.008510638297872353,-0.0016877637130801038,-0.006906077348066253,-0.04783599088838275,0.003994673768308976
2023-09-29,-0.0007274472754727812,-0.005640379837856195,5,92.39313633634953,87.74643493171158,-0.0030190137356911617,-0.0002753276911288127,0.0018723320739483518,-0.00031122296993910115,-0.0019040040545531822,0.00843881856540074,-0.002535925612848655,-0.011126564673157313,-0.0023923444976075015,0.003978779840848823
2023-10-02,0.0001148753439899064,0.003854940626482524,5,92.40375002966846,88.08469222855884,0.0022356443891924094,0.000143594179987383,-0.0016144930211378083,-0.0016549669710917425,0.0014645981429992905,-0.008368200836820106,0.0,0.007032348804500765,0.007194244604316502,-0.00528401585204763
2023-10-03,0.0014885855866823671,0.00301796352637385,5,92.54130092011803,88.3505286169365,0.001860731983352959,0.0008014099494546567,0.00046408393866020914,0.002455970078591052,0.001860731983352959,0.0,0.004237288135593209,0.005586592178770999,-0.0023809523809523725,0.0
2023-10-04,-0.0005661040787623417,0.0010392957974429354,5,92.48891291221318,88.44235095002995,-0.0028173347398031123,0.002456926863572406,-0.0010548523206751481,-0.0007076300984529271,-0.0007076300984529271,0.00843881856540074,-0.012658227848101333,0.001388888888888884,0.0,0.0
2023-10-05,-0.002545168595109426,0.00216308358819517,5,92.25351303567321,88.63365914787136,-0.0021354356392842833,2.3667461241383414e-05,-0.004915163933900651,-0.0031814607438867826,-0.0025174501197167964,-0.004184100418409997,-0.012820512820512664,0.006934812760055475,0.0,-0.0026560424966799445
2023-10-06,0.010498870455292231,0.0063378695872891595,5,93.22207071808035,89.1954077205948,0.013123588069115288,0.012041336986864215,0.011401824983715836,0.013123588069115288,0.002804014167650526,0.0,0.0043290043290042934,0.00688705234159781,0.0,0.04127829560585905
2023-10-09,-0.0035445170711497333,-0.005899042249548245,5,92.89164349701218,88.66924024198532,-0.004430646338937166,-0.0033530601320406472,-0.00203666549078399,-0.004430646338937166,-0.0034715670550496958,0.0,-0.004310344827586077,-0.009575923392612706,0.0,-0.0038363171355498826
2023-10-11,0.0017256406846778872,0.0016729156742745076,5,93.05194109629723,88.81757640381215,0.0011066306877801357,0.0010747997735962855,0.0018117469884440796,0.002157050855847359,0.002477975117721576,0.004201680672268893,0.0043290043290042934,0.0013812154696131174,0.0,-0.0012836970474968679
2023-10-12,-0.00047732696897375695,-0.00037962309778803233,5,93.00752489529661,88.78385920031971,-0.0005966587112171962,-0.0005966587112171962,-0.0005966587112171962,0.0,-0.0005966587112171962,0.0,0.0,0.0,-0.0023866348448687846,0.0
2023-10-13,0.000523697600920503,0.002481807508685448,5,93.05623271295183,89.00420364873314,0.001700647105753128,0.0006546220011506287,-0.0007246883436770046,0.0006546220011506287,0.00033328524022513406,-0.004184100418409997,0.0,0.0055172413793105335,0.0,0.0012853470437019787
2023-10-16,-0.00400670453259262,0.00036789749713667325,5,92.68338388355485,89.03694807249013,-0.003957960497673524,-0.003930794458844256,-0.006723058306344343,-0.0020179500437312037,-0.0034037593563697732,-0.004201680672269004,-0.004310344827586077,0.006858710562414272,-0.011961722488038284,-0.006418485237484006
2023-10-17,0.007352786171612969,0.0063477843176870715,5,93.36486498691214,89.60213541515941,0.006026425752490877,0.007026480550014064,0.007147385984270976,0.0122176170970828,0.004346021474206124,0.012658227848101333,0.008658008658008587,0.008174386920980936,-0.01210653753026636,0.019379844961240345
2023-10-18,-0.0035292853739678164,-0.0028510133985665425,5,93.03535373447136,89.34667852655062,-0.004411606717459771,-0.003338645344069191,-0.004411606717459771,-0.00012239103118527606,-0.005362177059665074,0.0,-0.0042918454935623185,0.0,-0.017156862745097978,0.0038022813688212143
2023-10-19,3.185967649803612e-05,0.0021368207869755327,5,93.03831781074423,89.53759636647338,0.0010814912622892359,3.9824595622545145e-05,-0.0016493645935666545,0.001910148785148752,-0.0012228016670036979,-0.004166666666666763,0.0,0.006756756756756799,-0.007481296758104827,0.005050505050504972
2023-10-23,-0.0013422818791946288,-0.0035748910080211863,5,92.91343416267613,89.21750921834304,-0.0016778523489932862,-0.0016778523489932862,0.0,-0.0016778523489932862,-0.0016778523489932862,0.0,0.0,-0.006711409395973145,0.0,0.0
2023-10-24,-0.0007347548553578332,0.0002125075933382775,5,92.84516556579713,89.23646861651066,-0.0009184435691972914,-0.0009184435691972914,-0.001256281407035098,-0.0002903028656797424,-0.0002903028656797424,0.0,0.0,0.0013513513513512265,-0.002512562814070196,-0.002512562814070196
2023-10-25,-0.0021861656936876584,0.008290292986128028,5,92.64219065001242,89.97626508638895,0.000405368196697925,-0.002732707117109573,-0.008805581611036756,0.0016753533362909578,-0.0014732612732808459,-0.012552301255229992,0.0,0.02429149797570873,-0.017632241813602123,-0.005037783375314908
2023-10-26,-0.005565595251593836,-0.007918314224336103,5,92.12658171363346,89.26380474670277,-0.008016316098390597,-0.010189752685181963,-0.003992567187021928,-0.0024698145773127955,-0.0031595257100618945,0.004237288135593209,0.012931034482758674,-0.011857707509881465,-0.017948717948717996,-0.0151898734177216
2023-10-27,0.0008987100450052133,0.005765429871162903,5,92.2093767980315,89.77844895300306,0.0011233875562565165,5.9557769022444695e-05,-0.0022099457770768383,0.0050398366424183605,0.0004807140344055827,0.0,0.004255319148936287,0.01333333333333342,-0.015665796344647376,0.0025706940874037354
2023-10-30,-0.022280030829402397,-0.01116905786128598,5,90.15494904021138,88.77570826195047,-0.024685481574727663,-0.024672072435058062,-0.027850038536752997,-0.017239958961156182,-0.016952602639317083,-0.012658227848101333,-0.012711864406779738,0.0,-0.04244031830238726,-0.04358974358974366
2023-10-31,-0.003465924474873794,-0.010453405074924739,5,89.84247879580191,87.84769982267495,-0.0011272773884640763,-0.005405366966982766,-0.0013718792778027455,0.003285322938263724,-0.012710421679383105,-0.012820512820512664,0.0042918454935620964,-0.011842105263157987,-0.030470914127423865,0.03351206434316345
2023-11-01,-0.0019969994192482908,-0.0069799320182830915,5,89.66306341782287,87.23452884995014,-0.0024962492740603637,-0.0014278732056843269,-0.0001660229092135257,0.0017894650116539457,-0.007684316718937184,0.0,-0.004273504273504147,-0.009320905459387352,-0.017142857142857237,0.020752269779507282
2023-11-02,-0.014530775321947197,-0.011463832335780718,5,88.36018958862097,86.23448683732349,-0.01491671590568075,-0.016017546405652894,-0.01715540463630494,-0.007989050547782844,-0.016575159114314564,-0.012987012987012991,-0.008583690987124415,-0.0040322580645162365,-0.04069767441860461,-0.006353240152477735
2023-11-03,-0.014108711318295386,-0.0042817048366919795,5,87.11354118168528,85.86525621794246,-0.018732380375939384,-0.013306884818864884,-0.017973271064198548,-0.015363161875141973,-0.005167858457332142,0.004385964912280604,-0.017316017316017396,0.0013495276653172628,-0.009090909090909038,-0.04987212276214836
2023-11-06,-0.0077115130164600474,-0.008980314703368651,5,86.44176397495278,85.09415919501996,-0.0030891729299637183,-0.008538069684671995,-0.008965536823135695,-0.0042877093133884825,-0.013677076331140348,-0.026200873362445365,-0.004405286343612258,-0.0026954177897574594,-0.021406727828746308,0.016150740242261152
2023-11-07,-0.021736944784913902,-0.008836138944378463,5,84.56278412431867,84.3422553810177,-0.029413333447510098,-0.0072596765563636145,-0.02886037017033158,-0.02326493098114238,-0.019886412769221845,0.008968609865470878,-0.07964601769911506,0.006756756756756799,-0.015625,-0.029139072847682135
2023-11-08,-0.010585194586847303,-0.004801390785184447,5,83.6676705995572,83.9372952532296,-0.0065648265668924455,-0.009625724002789882,-0.012895922763760476,-0.01640609640816229,-0.007433403192631416,-0.026666666666666727,-0.014423076923076983,-0.0013422818791946067,0.012698412698412653,-0.023192360163710846
2023-11-09,-0.006511538307436582,-0.003110165964618737,5,83.1228653573542,83.67623633437086,-0.0056280073591815916,-0.006432105811124994,-0.008475444389672043,-0.006885504388997932,-0.005136629588206348,-0.010045662100456543,-0.006829268292682933,0.0013440860215052641,-0.005015673981191182,-0.012011173184357515
2023-11-10,0.010552941235666968,0.009274367037232781,5,84.00005607081061,84.45228046243005,0.014113685769675949,0.000421039020025743,0.012855606074785059,0.009567988138786593,0.015806387175061498,-0.0036900369003689537,0.05108055009823187,0.0013422818791946067,0.01449275362318847,-0.010460842521911151
2023-11-14,0.03148811705423453,0.02454615759064318,5,86.64505966893056,86.52525944755006,0.03311014631779319,0.03118257622433518,0.03748347071457597,0.026161388553818055,0.029503003460650268,0.02499999999999991,0.032710280373831946,0.007506702412868771,0.05279503105590044,0.03942857142857159
2023-11-15,0.017136208927216522,0.02352880815683615,5,88.12982751392849,88.56109567781193,0.024581959442670165,0.015537908217844204,0.019690617731665666,-0.0007036326462890596,0.02657419189019164,-0.012646793134598044,0.0235294117647058,0.006918573709419951,0.08849557522123885,-0.020615722924683944
2023-11-16,0.006800262502689902,0.008828205000198798,5,88.72913347533998,89.34293118549787,0.006899230232662479,0.0096055447508204,0.007839651595592856,-3.6257237491288397e-05,0.009693143171865065,0.006404391582799596,-0.004420866489832087,0.0026427061310780875,0.034146341463414664,-0.00477126017401075
2023-11-17,0.011444403375981339,0.008724348107205732,5,89.74458547003306,90.12239001807828,0.012714595129067585,0.00720070848285409,0.013976036639586575,0.010505713863582511,0.012824962764815928,0.006363636363636349,0.02841918294849033,0.0013178703215603882,0.015199161425576646,0.005922165820642977
2023-11-20,0.010788509424032023,0.010721920791675957,5,90.71279577613237,91.08867514540864,0.012808130004972301,0.014996863032198937,0.013419829988779192,0.002385998163622921,0.01033172593058676,0.0027100271002709064,-0.006044905008635637,0.00026322716504334487,0.04439855446566843,0.01261564339781307
2023-11-21,0.0063943438412966905,0.007075710677390369,5,91.29284458313029,91.73319225672437,0.003037974846665903,0.005603703042281194,0.007071877170041929,0.005150616405674269,0.011107547741820156,0.01981981981981984,0.009556907037358675,0.0036842105263157343,0.011369253583786376,-0.012458471760797174
2023-11-22,0.004202815536679738,0.005116753615315623,5,91.67653156873196,92.20256839984839,0.004590975251238361,0.0074049824156861566,0.004139203741772568,0.0015878302712895587,0.003291086003412047,0.0026501766784452485,-0.008605851979345935,0.004457262716308419,0.014662756598240456,0.007849733669750503
2023-11-23,-0.001328622982672334,-0.002865140900620906,5,91.55472802191805,91.93839504998368,-0.0025418359970629245,-0.004264945395007103,-0.0016607787283404174,0.0032766008477674857,-0.0014521556407187108,0.0035242290748900285,0.01041666666666674,0.0,-0.019749518304431612,-0.0008344923504868262
2023-11-24,0.009255500099472647,-0.0012494124771909325,5,92.40211281623212,91.82352607207534,0.00717955949659721,0.014361471344272098,0.011504118011315512,0.016974780529746242,-0.0037424288845678277,0.017559262510974394,-0.011168384879725157,0.0002610284521011863,-0.021621621621621734,0.061247216035634544
2023-11-27,-0.009056148753862136,-0.01795532824924943,5,91.56530553739717,90.17480452044772,-0.010673076365105949,-0.009799768913656942,-0.003230415587421598,-0.008683320045793252,-0.012894162857332941,-0.0025884383088868868,-0.006081668114682914,-0.03235908141962429,-0.010547463586137673,0.006295907660021083
2023-11-28,-0.003936845709443237,-0.006274271504533607,5,91.20482705715841,89.60902331401817,-0.0014608495243473019,-0.006450777416524306,-0.005123322508972322,0.002312445401267016,-0.008961724498639273,-0.01384083044982698,0.006118881118881037,0.0008090614886731018,-0.02893401015228425,0.016162669447340905
2023-11-29,-0.0014728429922069354,0.001822426577767519,5,91.07049666677183,89.77232917971344,-0.005569123915697249,0.0005481730190810274,-0.006354661932120698,0.004954555250854753,-0.0009431573831525097,0.014912280701754321,-0.009556907037358786,0.018054432767448114,-0.02718243596445369,-0.0035915854284246373
2023-11-30,-0.012584967103602508,-0.01757349487058671,5,89.92437746211178,88.19471561335313,-0.0051434819996414305,-0.015511910633889098,-0.007261118884796941,-0.018955281958492942,-0.016053042041192123,-0.04235090751944681,-0.0008771929824561431,-0.03388035997882477,0.012896292315959235,0.0012873326467559565
2023-12-01,0.008314757756786162,0.02048234759492941,5,90.67207687713903,90.00115043458177,0.013326660192372608,0.010173956414595536,0.00011947459324299081,0.008138805286168421,0.009814892297551253,-0.011732851985559622,0.0008779631255486642,0.041095890410958846,0.009018567639257125,0.002314219593725797
2023-12-04,-0.0001523128259102169,0.0013450284809714877,5,90.65826635687873,90.12220454523649,-0.006354774594031665,0.001563994932524515,-0.00012460155870358536,-0.0009790345655107946,0.005132851656170445,0.024657534246575574,-0.007017543859649145,-0.000263157894736743,0.003154574132492094,-0.021292970754232865
2023-12-05,0.004626619872951388,-0.0018151040314519462,5,91.07770769365278,89.95862336844309,0.008902704431207081,0.005783274841189234,0.007889092161536687,0.0032937570214827128,-0.0027357290906587783,-0.012477718360071388,0.0,-0.008423269281389811,0.009958071278826086,0.03407601572739205
2023-12-06,-0.004202474638709641,-0.005283055106782035,5,90.6949559369184,89.48336700385735,-0.012924573442791382,0.0009306522846518339,-0.003461216473327311,-0.00499362261857389,-0.0005636129435074577,0.03068592057761732,-0.024734982332155542,-0.007167507300238962,-0.0010378827192526474,-0.018757921419518375
2023-12-07,0.006579865482510039,0.007277128556308267,5,91.2917165469255,90.13454896919572,0.007349175110580586,0.004828092722702737,0.00601894950019638,0.007705351333657018,0.006997758745413474,0.003502626970227851,0.013586956521739246,0.008823529411764675,0.002077922077922123,0.004908292430896299
2023-12-08,-0.004264989302989819,0.0010296322685742557,5,90.9023583524013,90.2273544093278,-0.005767536803257339,-0.003767340292722965,-0.0065239214948915325,-0.005590438287627869,0.00032429036355061114,0.0017452006980802626,-0.006255585344057235,0.004770739464617035,0.0010368066355623817,-0.02262210796915154
2023-12-11,-0.003345205497605064,-0.005829792016763501,5,90.59827128349556,89.70134769889863,-0.0009149563493582313,-0.006429708310855292,-0.00108206081555684,-0.004052040274388546,-0.004247261737866409,-0.013066202090592394,0.00899280575539585,-0.012397784225797959,-0.0005178663904711334,0.0002630194634403171
2023-12-13,-0.009857480707103305,-0.011028835479936628,5,89.7052005722216,88.71204629279889,-0.00614356315219336,-0.009648054092435271,-0.008382214131742394,-0.011674182490096746,-0.013439389669048757,-0.024713150926743088,-0.010695187165775444,-0.015758547008546953,-0.002590673575129543,0.0044701551406785
2023-12-14,-0.003575006277202153,-0.01141806532305583,5,89.38450391707823,87.69912635328576,-0.004468757846502691,-0.00672101009875492,0.000958650565980379,-0.00252070589845077,-0.005123208108282762,0.0,0.009009009009008917,-0.02170963364993228,-0.007792207792207684,0.002617801047120283
2023-12-15,0.009000987122990956,-0.0029538795996180956,5,90.1890526858308,87.44007369304646,0.005595125306453647,0.012367305332310091,0.013678418369758083,0.011251233903738694,0.0021128527026942623,0.02262443438914019,-0.004464285714285587,-0.009708737864077555,0.0,0.03655352480417773
2023-12-18,-0.0007917064386174344,-0.0007051161402926297,5,90.11764943212661,87.37841828577712,-0.000989633048271793,0.0012525194180958987,6.078711979548568e-05,-0.003607434095392187,-0.0006747715873145765,0.0,-0.008968609865470767,-0.004201680672269115,0.010471204188481575,-0.0012594458438288658
2023-12-19,-0.005440889496732803,-0.004237410408949597,5,89.6273292598611,87.0081600666154,-0.005694917180650488,-0.004538668432001958,-0.002933320028440628,-0.011334790627392649,-0.002702751215178295,-0.004424778761062065,-0.009049773755656187,-0.015471167369901506,0.018134715025906578,-0.016393442622950838
2023-12-20,0.020569330793528275,0.020085084208293615,5,91.47090344354764,88.75572628836206,0.024600552380799223,0.018862348423417163,0.0292830920633389,0.0059915617107398345,0.024109099389346245,0.004444444444444473,0.027397260273972712,-0.014285714285714235,0.07888040712468203,0.0064102564102563875
2023-12-21,-0.0009731560745044332,0.0034267789871558737,5,91.38188797822116,89.05987254619677,0.0009959442874004631,0.003227999351313876,0.0005951491097680173,-0.01006078471577207,0.0003759115947675473,-0.008849557522124019,-0.01777777777777767,-0.007246376811594235,0.03537735849056611,-0.006369426751592355
2023-12-22,0.0027571893823993055,-0.003589093898797568,5,91.6338451494983,88.74022830101353,0.003446486727999132,0.003446486727999132,0.005271304246247305,0.0045854388920082145,-0.0029637696822572557,0.0,0.0,-0.007299270072992692,-0.004555808656036331,0.02564102564102555
2023-12-27,0.0006531760741614212,-0.002089784522440022,5,91.69369818473338,88.55478034539227,0.0019325415212731734,-0.002577195065669252,0.0015517642103488327,0.003104799612152598,-0.0007460299072982457,-0.004464285714285587,0.013574660633484115,-0.002941176470588225,-0.009153318077803285,0.006250000000000089
2023-12-28,0.005233135039248493,0.005123503169900612,5,92.17354368958219,89.00849104320174,0.0009360376331413178,0.004309275941917712,0.006910150362482437,0.002499848360261514,0.011510362898439486,0.022421524663677195,0.008928571428571619,-0.001474926253687281,0.01616628175519641,-0.019875776397515477
2023-12-29,-0.001978524567647777,-0.003465218383043041,5,91.99117606890519,88.70005718379191,-0.0035696469376298723,-0.004685545090090698,-0.0009960508351136155,-0.0013367920731960636,0.0006954120977913647,0.004385964912280604,0.008849557522123908,-0.005908419497784423,-0.00454545454545463,-0.012674271229404344
2024-01-02,0.0040816191162293515,0.008330265439916,5,92.36664901167245,89.43895220466864,0.002918617781749566,0.006198515123356868,0.0010158426174263213,0.004531247639578906,0.005743872419035095,0.008733624454148492,-0.004385964912280715,0.01634472511144147,0.0022831050228311334,-0.0025673940949936247
2024-01-03,0.00743883156201266,0.028331324303008994,5,93.05374895561782,91.97287616490041,0.011463041617018027,0.012602504210225074,-0.0009353786761391591,-0.0003825539415616419,0.014446544600521,-0.008658008658008809,-0.013215859030836996,0.040935672514619936,0.03872437357630987,-0.0205920205920207
2024-01-04,0.004145784642484096,0.0008500724146815562,5,93.4395297589636,92.05105976982712,0.002998824689567997,0.004066159374533668,0.004831107207599522,0.006278722031175299,0.0025541099095439945,0.008733624454148492,0.0044642857142858094,0.001404494382022392,-0.004385964912280715,0.010512483574244502
2024-01-05,-0.0016706083587381792,-0.0021890524558762885,5,93.2834288995117,91.84955517137196,-0.004252762612924871,-0.002088260448422724,-0.002088260448422724,-0.00043627806956811344,0.0005125197856475361,0.008658008658008587,0.0,0.0,-0.0066079295154184425,-0.01040312093628104
2024-01-08,-0.0009134391688440768,0.000451246508946698,5,93.19822016175081,91.89100196249136,-0.001141798961055096,-0.0033640211832773326,-0.0018430612331448715,-3.315151094421265e-05,0.0018148370442011286,0.0,0.008888888888888946,0.0028050490883591017,-0.004434589800443534,-0.011826544021024898
2024-01-09,-0.00724040430275541,-0.008845143846021336,5,92.52342736748253,91.0782128319781,-0.005831621258272579,-0.007949183792541198,-0.008001554329493232,-0.004039369520983244,-0.010380292612486797,-0.012875536480686733,-0.004405286343612258,-0.00419580419580412,-0.020044543429844075,0.005319148936170137
2024-01-10,-0.0029269830930798157,0.0035524623416020064,5,92.2526128598641,91.40176475320413,0.0017760537423458789,-0.0036587288663497697,-0.005765470439383469,-0.0036587288663497697,-0.0033280410356619494,-0.021739130434782594,0.0,0.008426966292134797,0.0,-0.001322751322751281
2024-01-11,0.00299317232909444,-0.0007184779214809661,5,92.52874082796289,91.33609460324456,0.0004081320780346953,0.00374146541136805,0.0040896548264098,0.004309647229549879,0.0024169621001097763,0.01333333333333342,0.0,-0.0013927576601669989,-0.002272727272727315,0.005298013245033095
2024-01-12,-0.0032532147134071822,-0.0009220748774852756,5,92.22772496688833,91.25187588500329,-0.0018735359356186476,-0.0029603237014934614,-0.0037178433568914315,-0.0046359944737635606,-0.003078376099268809,-0.00877192982456132,-0.004424778761062065,-0.0013947001394701841,0.002277904328018332,-0.0039525691699606735
2024-01-15,-0.00025059416412553936,-0.003785380433162015,5,92.20461323724105,90.90645281953886,-0.002525632085687901,-0.0014243538162680425,0.0014325673507089853,0.0002549391130249046,0.0010095086175943568,0.008849557522123908,0.004444444444444473,-0.006983240223463638,-0.002272727272727315,-0.005291005291005124
2024-01-16,-0.005358837136958128,-0.0011220240542722645,5,91.71050373162646,90.80445359278677,-0.00450556396505733,-0.004486157040666655,-0.009863103383222993,-0.0015732616831566626,-0.006366099612686998,-0.00877192982456132,-0.008849557522124019,0.012658227848101333,-0.02050113895216399,-0.0013297872340426453
2024-01-17,-0.0029901967654491156,-0.00468062118382958,5,91.43627128001044,90.3794323437143,-0.008162524717873348,-0.005969888813954299,-0.0037377459568113947,0.0003320214850490999,0.002587154176344364,0.017699115044247815,0.008928571428571619,0.0,-0.016279069767441978,-0.025299600532623034
2024-01-18,0.013503635076658905,0.012784050164923313,5,92.6709933201461,91.53484754067364,0.014705630802345382,0.01577334915555817,0.01340732162360142,0.013924461103506869,0.00970741269828268,0.008695652173912993,0.004424778761061843,0.01388888888888884,0.011820330969267046,0.0286885245901638
2024-01-19,0.0029388301343984844,0.004505579494728818,5,92.94333762789996,91.94726507280603,0.0058287100817912,0.0036735376679981058,0.0036735376679981058,0.00016886477080185758,0.0013495004834031543,-0.008620689655172376,0.0,0.0,0.014018691588784993,0.009296148738379806
2024-01-22,-0.0005892242662603353,-0.0021317548389594263,5,92.88857315798239,91.75125604555798,-0.0018234868545645433,-0.0007365303328254191,-0.0003940645794007769,0.00041554339989344213,-0.00040758296440437936,0.004347826086956497,0.0,-0.001369863013698569,-0.004608294930875445,-0.001315789473684159
2024-01-23,-0.007016824495471985,-0.00867515312525849,5,92.23679034249801,90.95529984992797,-0.008771030619339981,-0.007669709033436917,-0.009113966147460684,-0.002405289878599226,-0.007124126798523117,0.0,-0.004405286343612258,0.00137174211248281,-0.02546296296296302,-0.006587615283267456
2024-01-24,0.0022158175933271853,0.004528004548889807,5,92.44117024529093,91.36714586139408,0.0027697719916589814,0.0005573826111280045,3.004596426173234e-05,0.0039574204477159924,0.003764466951871215,0.0,0.008849557522123908,0.010958904109588996,-0.004750593824228044,-0.003978779840848934
2024-01-25,0.005885803255361632,-0.0032746939192002627,5,92.98526078605012,91.06794642442709,0.0073572540692020405,-0.0047041494395698435,0.0073572540692020405,0.012727182470156695,0.00669147510781723,0.0,0.048245614035087536,0.0,-0.021479713603818618,0.0026631158455392434
2024-01-26,2.078040261459524e-05,0.0014533165576726056,5,92.98719305720648,91.20029697883896,-0.0021385266612339027,-0.0010200496013342553,-0.0013290380468672647,0.001245487698390224,0.0033460286241181747,0.008658008658008587,0.004184100418409997,0.005420054200542035,-0.00487804878048792,-0.013280212483399723
2024-01-29,-0.000249914943503482,0.00014105184111099314,5,92.96395416810704,91.21316094863768,-0.0003123936793793525,0.0017709396539539735,-0.0030078114691367563,0.003976822006895142,-0.0036771312298504166,0.0,-0.008333333333333304,0.010781671159029615,-0.017156862745097978,0.013458950201884257
2024-01-30,0.0006167490199028292,0.005790471545155586,5,93.02128959572653,91.74132816165447,0.0007709362748785364,-0.0002794838931886867,-0.0022290637251214662,0.0013943776713872813,0.003426978771558481,0.0,0.004201680672268893,0.01200000000000001,-0.0024937655860349794,-0.010624169986719778
2024-01-31,0.006511528591961646,0.0035931825385770904,5,93.62700038259025,92.0709715000708,0.0070664493665615336,0.005001335426144504,0.007810029975788724,0.006889410739952029,0.00579041745136144,0.0042918454935620964,0.012552301255230214,0.0013175230566533358,0.0050000000000001155,0.00939597315436247
2024-02-01,-0.001893997866069186,-0.00656430492688064,5,93.44967104365918,91.46658956823019,-0.004504249469338667,-0.0023674973325864823,-0.00039381312206018815,-0.0005018256907954044,-0.0017026037155651874,0.008547008547008739,0.0,-0.007894736842105177,-0.007462686567164312,-0.0026595744680851796
2024-02-02,0.007159777831799818,0.013273359451886471,5,94.11874992678655,92.68065848940749,0.00789040025585147,0.011015837992229105,0.005965637409113211,0.003310624545388885,0.00761638895641642,0.004237288135593209,-0.008264462809917328,0.011936339522546247,0.022556390977443552,0.005333333333333412
2024-02-05,0.007171629739666186,0.001938829327165488,5,94.7937347528217,92.86035046814776,0.0036902755712072133,0.007922870507916069,0.008636883177203958,0.008964537174582732,0.0066435822674209555,0.021097046413502074,0.004166666666666652,0.001310615989515096,0.0,0.009283819628647105
2024-02-06,-0.004181772289669161,-0.002271510997662626,5,94.3973289395981,92.64941716081255,-0.0031610996596071195,-0.004189870963746178,-0.005554440492976459,-0.0027762349699295974,-0.005227215362086451,-0.008264462809917328,-0.004149377593361092,0.0013089005235600304,-0.009803921568627416,0.0
2024-02-07,0.006508597176483532,0.002880053111095218,5,95.01172312820196,92.91625240294772,0.00605241313727109,0.008135746470604416,0.008462543856225302,0.005041687064663819,0.004850595353653037,0.008333333333333304,0.0,-0.0013071895424835445,0.012376237623762387,0.013140604467805517
2024-02-08,-0.005935877848899596,-0.019597497848161796,5,94.44774514549948,91.09532634642169,-0.008452905162364188,-0.00950318064445782,-0.0008753446933234543,-0.0037523656485327905,-0.007095593095819724,0.004132231404958775,0.008333333333333304,-0.02617801047120416,-0.014669926650366816,-0.0012970168612190802
2024-02-09,-0.005309548289346244,0.001442719181507375,5,93.94627028182958,91.22675132108735,-0.004579322192958535,-0.008703051064162137,-0.008317042888564552,-0.004155545783519038,-0.0007927795175269592,-0.008230452674897082,0.008264462809917328,0.006720430107526987,-0.00992555831265507,-0.023376623376623384
2024-02-12,-0.009123679810736252,-0.00813446606073245,5,93.08913459236528,90.4846704086351,-0.010367255365080041,-0.012429189927354728,-0.011738378134581867,-0.0020061035228187973,-0.009077472103845824,-0.004149377593361092,0.004098360655737654,0.001335113484646211,-0.03759398496240607,-0.009308510638297962
2024-02-13,0.0013856121307583625,-0.001681896187857243,5,93.21812002649826,90.33248458641529,0.0006903484967812901,0.00479323965324388,0.001732015163447953,0.0036851401634479253,-0.003972682823129237,0.004166666666666652,-0.01224489795918371,0.0,-0.007812499999999889,0.02281879194630876
2024-02-14,-0.0023503765365977757,0.0006614200836691827,5,92.99902234440222,90.39223230592849,-0.003975315069087465,-0.0019049128195075815,-0.0036046373374138685,-0.0022818026917445777,1.4785234764613797e-05,0.004149377593360981,-0.004132231404958553,0.002666666666666595,-0.002624671916010568,-0.011811023622047334
2024-02-15,0.0032775643805412757,0.003847698166345709,5,93.30383262746338,90.74003433242392,0.000997781921957569,0.004096955475676595,0.0027671682416340604,0.004096955475676595,0.00442896078776156,0.012396694214876103,0.0,0.005319148936170137,0.0,-0.0013280212483398612
2024-02-16,0.0012070215245176374,0.011199888238285537,5,93.41645236176473,91.75631257568526,0.004570001395442974,0.00047143250730680153,0.0005167134135835028,-0.00967543362066875,0.010152393926923658,-0.01224489795918371,0.004149377593360981,0.003968253968254176,0.044736842105263186,-0.03457446808510645
2024-02-19,0.0073817495149421045,0.010111052013465217,5,94.1060292136738,92.68406542470177,0.007161071191198298,0.010260244744917268,0.006592140780370681,0.006078572284105854,0.006816718574118419,0.008264462809917328,-0.004132231404958553,0.010540184453227797,0.012594458438287104,0.009641873278236845
2024-02-20,0.009780975703334782,0.004962053758468178,5,95.02647799895006,93.14396873989253,0.006078678645561886,0.012226219629168478,0.010922438664370593,0.012226219629168478,0.007451321948404477,0.024590163934426368,0.0,0.005215123859191539,0.0,0.019099590723056004
2024-02-21,0.0047110199183061805,0.004773395014139685,5,95.4741496295696,93.58858169587273,0.006888774897882727,-0.00033529149215874576,0.004267503821358737,0.0065106654451464185,0.006223446919301767,-0.0040000000000000036,0.024896265560165887,0.006485084306095956,-0.0024875621890547706,-0.0013386880856761652
2024-02-22,0.016449907822802957,0.03790874468883974,5,97.0446905904365,97.13640734517219,0.025582465099788843,0.010440927288625168,0.007353621891905748,0.01931550198548626,0.01955702284820876,-0.02008032128514059,0.04048582995951411,0.05283505154639179,0.004987531172069737,0.004021447721179738
2024-02-23,0.006607289872943056,0.006718165506572655,5,97.68589299179757,97.78898580643092,0.007234522177244407,0.007286349695264427,0.007341119685120079,0.003916680579392207,0.007257777227694162,0.004098360655737654,0.0038910505836575737,0.003671970624234966,0.017369727047146455,0.004005340453938633
2024-02-26,0.006030257458458199,-0.010220989582473822,5,98.2749640765975,96.78948560122271,0.0024357810067462127,0.007537821823072749,0.011196358408438606,0.008757334018194729,0.0002239920358386993,0.020408163265306145,0.0,-0.014634146341463428,-0.00487804878048792,0.0292553191489362
2024-02-27,-0.0018961724900259825,-0.009755960150231049,5,98.08861779325717,95.8452112367358,-0.003370215612532479,-0.0043082001086565125,0.0010332497340021507,-0.0017574705144932923,-0.0010782259484497791,0.0040000000000000036,0.007751937984496138,-0.013613861386138515,-0.002450980392156743,-0.0051679586563307955
2024-02-28,0.006400460686403475,0.004531195905236068,5,98.71643013522656,96.27950466542819,0.007004559921749365,0.008000575858004344,0.007059546999786059,0.0061578240152525,0.003779796637225108,0.003984063745019917,0.0,0.0037641154328731385,0.0073710073710073765,0.016883116883116944
2024-02-29,0.008169473480449075,0.010490042675614968,5,99.52289139330091,97.2894807781556,0.0052515243902439,0.010211841850561343,0.007399341850561347,0.007772817460317438,0.010211841850561343,0.01984126984126977,0.0,0.011249999999999982,0.009756097560975618,0.0
2024-03-01,0.004676171937803786,-0.001627037649594134,5,99.98827754520336,97.13118713002008,0.0038996896304259454,0.004883676460716274,0.008626426294319034,-0.00019343242074046363,0.006164499724298139,0.0077821011673151474,0.0038461538461538325,-0.011124845488257207,0.024154589371980784,-0.0012771392081736277
2024-03-04,0.0015357871348437246,0.003660256774151475,5,100.14183825549247,97.48671221569411,0.0038502358490565824,0.0019197339185546558,0.0016072339185546625,-0.0016180019305019333,0.0019197339185546558,-0.007722007722007707,0.0,0.0012499999999999734,0.014150943396226356,0.0
2024-03-05,-0.005045823560280804,-0.0008786469921891727,5,99.63654020865307,97.40105580922737,-0.008252804742179792,-0.005349425044220729,-0.0063072794503510055,-0.005725884101513784,0.00040627553686128914,0.0077821011673151474,-0.003831417624521105,0.0,-0.0023255813953488857,-0.02685421994884918
2024-03-06,-0.007039979200796487,-0.005759586046007495,5,98.93510103794483,96.84006604732215,-0.007834723035744673,-0.004953820154841776,-0.008487864138323975,-0.0041379693389909655,-0.009785519336081044,-0.0038610038610037423,-0.01538461538461533,-0.0012484394506865337,-0.01864801864801857,0.003942181340341744
2024-03-07,0.004999447370384602,-0.0019318971603178334,5,99.42972186866771,96.65298099872035,0.006249309212980753,0.00820243421298078,0.005936809212980759,0.009812254581151786,-0.005203570368171068,0.0,-0.007812500000000111,0.0012499999999999734,-0.014251781472684133,0.04581151832460728
2024-03-08,-0.001995387832903672,-0.001553568950894663,5,99.231321011422,96.50282392842932,-0.0034632270391916076,-0.0015099828226256828,-0.002182124928457957,-0.0018918251525753549,-0.0009297792216677592,0.003875968992248069,-0.00393700787401563,-0.0012484394506865337,-0.002409638554216942,-0.006257822277847325
2024-03-11,0.003851509907801631,0.0028577570517456063,5,99.61351142746172,96.77860555402417,0.0038491364195010758,0.0008618182147915876,0.004814387384752039,0.0023989284475539607,0.007333279072409493,0.0038610038610038533,0.015810276679841806,0.0,0.009661835748792313,-0.010075566750629816
2024-03-12,0.0029808172275026744,0.0010352026411997249,5,99.91044109841674,96.87879102210532,0.005649098457455259,0.003726021534378343,0.003726021534378343,0.0025298492855744814,-0.0007269046742730545,-0.007692307692307665,0.0,0.0,0.004784688995215447,0.01781170483460559
2024-03-13,0.014761234708343651,0.014619245907971461,5,101.38524256928463,98.29508589132445,0.014575574393181495,0.014560492801771935,0.017201543385429535,0.007142019575905739,0.020326543385429552,0.015503875968992276,0.015564202334630517,0.0050000000000001155,0.0452380952380953,-0.007499999999999951
2024-03-14,0.043146375554177,0.03922553976285721,5,105.75964832083031,102.15076369144806,0.04057419081676705,0.04435442538141854,0.045226501781029715,0.041404495638620975,0.0441722641530487,0.05343511450381677,0.03831417624521083,0.03482587064676612,0.05011389521640108,0.03904282115869018
2024-03-15,0.02478381239607321,0.02830345532370295,5,108.38077560388845,105.0419832678711,0.027356577089294454,0.02175467324416902,0.024970150110476153,0.020676077859516695,0.02916158367690974,0.014492753623188248,0.03690036900368998,0.024038461538461453,0.04121475054229928,0.0072727272727270975
2024-03-18,0.0025373476475160084,0.004499239052675814,5,108.65577530990294,105.51459226116044,0.007635970273680737,0.0040613642746975265,0.0017045484091602614,0.0021300178927283475,-0.00284516261268683,-0.017857142857142905,-0.003558718861210064,0.005868544600938996,0.004166666666666652,0.024067388688327362
2024-03-19,0.004814561637743742,0.00786497060802701,5,109.1789052374293,106.34446142801241,0.001472747501725158,0.006018202047179677,0.00397619504601282,0.0039435132504991866,0.008662150343301867,0.018181818181818077,0.0,0.008168028004667427,0.008298755186721962,-0.010575793184488758
2024-03-20,0.026439929495155123,0.042774152789877,5,112.06558779426517,110.8932556694914,0.034835626154658184,0.033049911868943904,0.025816115572647624,0.009901763720795764,0.02859623015873014,-0.0071428571428571175,0.0,0.02893518518518512,0.09259259259259256,0.017814726840855055
2024-03-21,-0.006907220753797638,-0.01705166602221589,5,111.29152604046608,109.00234090969903,-0.010432587093326173,-0.02113402594224706,-0.009758885334822942,0.013964844114250141,-0.007175449512842158,0.007194244604316502,0.050000000000000044,0.004499437570303577,-0.09039548022598876,-0.005834305717619559
2024-03-22,0.013694921109592695,0.02684798594841062,5,112.81565470975646,111.92883422678648,0.01711865138699087,0.013717290842773178,0.01319927848665492,0.002625897763802454,0.021813487067742054,0.0,0.013605442176870763,0.015677491601343796,0.05797101449275366,-0.018779342723004744
2024-03-25,0.023064203760935653,0.03188888878187825,5,115.41765795740564,115.49812037292975,0.027937397558312427,0.028830254701169566,0.023317575539096802,0.012685440611150012,0.02255035039494946,0.0035714285714285587,0.0,0.022050716648291058,0.06457925636007822,0.02511961722488043
2024-03-26,0.04349869159813582,0.06634756273088133,5,120.43817506587395,123.16113915967159,0.05170432535176234,0.05185658597417986,0.03900119621288012,0.030476305674140336,0.044455044777716446,0.010676156583629748,0.010067114093959662,0.06148867313915862,0.09558823529411775,0.03967327887981331
2024-03-27,0.0010997179048511051,0.013406890880766919,5,120.57062308342148,124.81234711313627,0.004895774141627257,0.0013746473810638815,0.0016287124217143067,-0.010789782149137478,0.008389237728987559,-0.014084507042253502,0.0,-0.001016260162601701,0.04865771812080544,-0.02805836139169471
2024-03-28,-0.014887620703080673,-0.03624156681899481,5,118.77561337902141,120.28895209539996,-0.017716668735993674,-0.01777896109479768,-0.008436585899196714,-0.009009525878850844,-0.021496361906564454,-0.0035714285714286698,-0.0033222591362126463,-0.04069175991861651,-0.03839999999999999,0.011547344110854452
2024-04-02,-0.0025895940675058514,-0.0029070102881535113,5,118.46803275525073,119.93927087410742,-0.005029107279722833,-0.002403659251048962,-0.002441658544085401,-0.0024050458289746612,-0.0006684994336974004,0.007168458781362075,-0.0033333333333334103,-0.0031813361611876534,-0.0033277870216306127,-0.010273972602739656
2024-04-03,0.0036878444370291195,0.012178814207978719,5,118.90492443081297,121.3999889703236,0.005499485261588916,0.005445925947624164,-0.00044338594307533064,0.00419244327583565,0.0037447536431721995,-0.003558718861210064,-0.0033444816053510573,0.02021276595744692,0.0016694490818029983,0.0034602076124568004
2024-04-04,0.007018812748275182,0.000996909441537917,5,119.73949583024066,121.52101376553071,0.010559230221058258,0.00709566358635072,0.00851282771845141,0.008773515935343978,0.00015282628017154742,-0.0071428571428571175,0.006711409395973034,0.0010427528675702735,0.0,0.034482758620689724
2024-04-05,0.0017027378097522084,-0.0009653466504879205,5,119.94338079711149,121.40370386192825,0.0003298611111111349,0.002961755595523613,0.0029096722621902438,0.0012950889288569079,0.0010173111510791422,0.007194244604316502,-0.0033333333333334103,-0.0031249999999999334,0.0033333333333334103,0.004444444444444473
2024-04-08,-0.013143070348461804,-0.0077880046552147066,5,118.3669565054627,120.45821125109124,-0.01017883793557725,-0.013084356330226088,-0.012771575657625295,-0.019335814679763308,-0.010344767139117084,-0.025000000000000022,-0.013377926421404673,-0.014629049111807846,0.011627906976744207,-0.02433628318584069
2024-04-09,-0.011967723135779295,-0.007886400463441983,5,116.95037354158049,119.50822955805525,-0.013128152088222295,-0.006485077648537674,-0.01257365179883338,-0.01495965391972412,-0.012692080223579011,-0.0073260073260073,-0.03389830508474578,-0.00954400848356296,0.0,-0.009070294784580435
2024-04-11,0.0017043297214431653,0.0018979240035318355,5,117.14969553914129,119.73504709555304,0.006742958277265204,-0.0005011667955644727,0.0007920823873499849,0.003361939245400014,-0.0018741645072349045,-0.01845018450184499,0.010526315789473717,0.005353319057815886,-0.0049261083743842304,0.016018306636155444
2024-04-12,-0.0023480193001975238,-0.009038687442813418,5,116.87462579300312,118.65279942890578,-0.007634272245547663,0.0005371980969753332,-0.0002726173094854678,-0.0008723178546198307,-0.0034980871883099895,0.018796992481203034,-0.01388888888888895,-0.010649627263045747,-0.008250825082508295,0.0022522522522523403
2024-04-15,-0.013629272538575554,-0.007794792730831016,5,115.28170966522624,117.72792545042459,-0.016114081448127177,-0.013515463912656067,-0.018651230070420743,-0.00788517636373523,-0.011980410897938554,-0.0036900369003690647,-0.014084507042253502,0.006458557588805203,-0.03660565723793685,-0.020224719101123556
2024-04-16,-0.015623535432122027,-0.03467272898408363,5,113.48060178959598,113.64597699742363,-0.018603493364226592,-0.018636562147295366,-0.010171130520099048,-0.01003028284801094,-0.020676208280978187,-0.0037037037037037646,-0.0035714285714286698,-0.03743315508021394,-0.03799654576856637,0.004587155963302614
2024-04-17,-0.009374014600332537,-0.01614141489235595,5,112.4168329715658,111.81157013186107,-0.0070706781017167986,-0.00992540355507518,-0.009217518250415668,-0.004087356670523373,-0.016569116423931662,-0.018587360594795488,-0.007168458781361964,-0.010000000000000009,-0.03052064631956919,0.019406392694063967
2024-04-18,-0.006078995057006953,-0.0018470213295042263,5,111.73345159960728,111.60505177694218,-0.0038108650333799066,-0.001281054290572764,-0.006756992979507853,-0.008987632710147575,-0.009558430271426666,-0.015151515151515138,-0.02527075812274371,-0.0033670033670033517,0.005555555555555536,0.007838745800671898
2024-04-19,-0.007247801137303877,-0.022740688207465876,5,110.92362976202877,109.06707609210464,-0.0052135975754760144,-0.009985677347555788,0.0038906990288205823,-0.01642623392623388,-0.008504195866074288,-0.01538461538461533,0.0037037037037037646,-0.05180180180180172,0.02946593001841613,-0.0022222222222222365
2024-04-22,0.004105386354895458,0.0037137587155468155,5,111.37901411808926,109.47212489652091,0.0051317329436193215,0.0014416960432503123,0.005428645057633602,0.0020011426037266633,0.006523715126247387,0.0,0.014760147601476037,-0.001187648456057122,0.012522361359570633,-0.0055679287305122616
2024-04-23,0.0072894169919772486,0.013055350408160677,5,112.19090219615133,110.90132184697094,0.012041458739971561,0.005475407603607957,0.01059809704258749,-0.00413911215225457,0.012471233725973807,-0.01171875,0.014545454545454417,-0.005945303210463715,0.053003533568904526,-0.013437849944008984
2024-04-24,0.007920975408565688,-0.006741636802654398,5,113.07956357351183,110.1536654141444,-0.0019564882491742985,0.009901219260707111,0.014386865193721454,0.008223366911713853,0.009049913925860326,0.04743083003952564,0.0,-0.01794258373205737,0.006711409395973034,0.0034052213393871433
2024-04-25,0.005195087310742896,0.013520916680213494,5,113.66702177933693,111.64304394622914,0.005550462912013526,0.005597801790758333,0.0007082318546283439,0.00649385913842862,0.007625080857885658,0.0037735849056603765,0.0035842293906811484,0.023142509135201106,0.0,-0.004524886877828149
2024-04-26,0.006979152426520763,0.01605594109393651,5,114.4603212502036,113.43557808337756,0.007784090909090824,0.008723940533150953,0.0024739405331509756,0.00747394053315098,0.00843984962406008,0.003759398496240518,0.0,0.02499999999999991,0.004999999999999893,0.001136363636363491
2024-04-29,-0.00043472231830778976,-0.005015093971888476,5,114.41056279399547,112.86668799953392,-0.003352391661929688,-0.0014362600407418769,0.0009083973344032881,0.0011149718948184062,0.0005916708819109218,0.011235955056179803,0.0035714285714285587,-0.005807200929152101,-0.0066334991708125735,-0.004540295119182636
2024-04-30,-0.018187869767766873,-0.007959850427360962,5,112.32967837784136,111.96828604482603,-0.027364466839338242,0.005734913679971143,-0.021274556835876812,-0.02273483720970859,-0.025300401633881864,0.0185185185185186,-0.11387900355871894,-0.005841121495327117,0.0,0.010262257696693089
2024-05-02,-0.03942311740358233,-0.012915828063532288,5,107.90129227924507,110.52212291370265,-0.022915260390841574,-0.04024275217616469,-0.0495726687873804,-0.04385318723861817,-0.040531718424906826,-0.10545454545454536,-0.036144578313252906,0.001175088131609936,-0.02170283806343898,-0.03498871331828435
2024-05-03,-0.01713371039650082,0.000701184855467757,5,106.0525427859243,110.59961935248388,-0.014303316857414622,-0.02558380466229268,-0.021123710765579062,-0.023123622637264224,-0.0015340970599535264,-0.028455284552845628,0.016666666666666607,-0.0011737089201878659,0.0068259385665527805,-0.07953216374269001
2024-05-06,-0.0037038361373566975,0.0036479977252177327,5,105.65974154549525,111.00308651229169,-0.008813895590105925,-0.0005314345159581901,-0.004042251105890959,-0.008443354493729738,0.0033117550189013245,0.01673640167364021,-0.016393442622950727,-0.00235017626321965,0.015254237288135464,-0.031766200762388785
2024-05-07,0.0010344048546040874,-0.002207308806377416,5,105.76903649508611,110.75806842189803,-0.0017934136848313242,0.0012930060682551092,0.003354254595934747,4.091925690286047e-05,0.0022772580367590445,0.012345679012345734,0.0,-0.008244994110718551,0.005008347245408995,-0.003937007874015741
2024-05-08,-0.000523455481461399,-0.0018055848019454795,5,105.71367111316388,110.55808533686262,0.0003619408107748967,-0.0016959860184934117,-6.049512379824318e-05,-0.00023903695980015405,-0.0009837001159900827,-0.004065040650406582,0.004166666666666652,-0.002375296912114022,-0.0016611295681063787,0.0013175230566533358
2024-05-09,0.0030389696826535586,-0.0006953130211153462,5,106.03493175471878,110.4812128605383,0.0017578957767863668,0.0027613677049767027,0.004393950198555041,0.003798712103316948,0.0024829226296327334,0.008163265306122325,0.004149377593360981,-0.0023809523809523725,0.0,0.0052631578947368585
2024-05-13,0.004587077063107148,0.0170165120356154,5,106.52132215805898,112.36121774888905,0.006745992077871771,0.005733846328883935,-0.0023210462725480607,0.005733846328883935,0.007042746852444159,-0.004048582995951344,0.0,0.03221957040572798,0.0,-0.005235602094240899
2024-05-14,0.009330597731561885,0.014688677637469602,5,107.51522976494994,114.011655455356,0.00963072683924912,0.007531015759493637,0.005593883002602634,0.01124727378674853,0.012650089269715503,0.008130081300812941,0.016528925619834878,0.024277456647398887,0.0016638935108153063,-0.003947368421052588
2024-05-15,0.004379797331301716,0.0005400116335171976,5,107.98612468134876,114.07322307565846,0.00043442408348196015,0.0034422263389239094,0.007167748921463463,0.003398334703994227,0.00745625260864502,0.02016129032258074,0.008130081300812941,-0.006772009029345272,0.008305647840531671,-0.0079260237780715
2024-05-16,0.007905141417995986,0.007377136124608558,5,108.83977026813618,114.91475677046043,0.0049407153100443635,0.009881426772494983,0.009313244954313182,0.006174672242017232,0.009215647811110173,0.01976284584980248,0.0,0.002272727272727204,0.014827018121911006,0.0026631158455392434
2024-05-17,0.0200927526968556,0.02350652075787327,5,111.02666085571641,117.61600288587121,0.02414694862300748,0.018059489258166306,0.020864240190797412,0.016593213598342205,0.020799871813964588,0.003875968992248069,0.028225806451612767,0.017006802721088343,0.03409090909090917,0.01726427622841964
2024-05-20,0.0073401032372901074,0.01700570909292624,5,111.84160800848899,119.61614641562113,0.008209878081361671,0.010155521203475404,0.0022074590354643486,0.007605270333896824,0.00852238753225229,0.0038610038610038533,-0.0039215686274510775,0.027870680044593144,0.006279434850863241,0.0026109660574413773
2024-05-21,0.02070897429247385,0.014696756505725451,5,114.1577329935657,121.37411579364472,0.02107852555790002,0.018996454086064707,0.021005523722425312,0.024716171063720205,0.017748197032258994,0.019230769230769162,0.02755905511811041,0.019522776572667988,0.004680187207488418,0.03255208333333326
2024-05-22,0.0032316338819751156,0.0010949867177828298,5,114.52664899139717,121.50701883832139,0.00026595744680851796,0.0040395423524688945,0.0037735849056603765,0.0040395423524688945,0.0040395423524688945,0.015094339622641506,0.0,0.0010638297872340718,0.0,0.0
2024-05-23,0.02319206366454878,0.03185714868029612,5,117.18275832609311,125.37788600315332,0.028060711550946166,0.024200807550034648,0.030052778836796468,0.00686275038813941,0.026783269996827203,0.003717472118959231,0.019157088122605304,-0.004250797024441977,0.08850931677018625,0.008827238335435084
2024-05-24,0.0043264832066402855,-0.002590443532481006,5,117.68974756209873,125.0531016692403,0.005408104008300357,0.005408104008300357,0.007275766761768887,0.004694837246531441,-0.0011543959916996138,0.0,0.0,-0.007470651013874119,0.0028530670470756636,0.026249999999999885
2024-05-27,-0.020465234723965088,-0.034108557868700484,5,115.28119925363617,120.78772071429454,-0.01910006192347488,-0.023701844156836044,-0.004344984265171409,-0.03233830016171316,-0.022840983112629942,-0.025925925925925908,-0.007518796992481258,-0.0849462365591398,0.027027027027027195,-0.010962241169305664
2024-05-28,0.014429974303616899,0.02823705895620495,5,116.9447039965563,124.19841070528967,0.024691460274958388,0.015196558788612008,0.01392465941888657,0.005225833530490637,0.013111359505136894,-0.026615969581749055,0.011363636363636465,0.016451233842538215,0.05124653739612195,0.019704433497536922
2024-05-29,0.021305247225930968,0.004738785468690651,5,119.43623982696624,124.78696032917438,0.01002999653241371,0.01633193356424889,0.024897454986170964,0.028937224381557325,0.02632962666526395,0.06640625,0.04119850187265928,0.006936416184970984,-0.00922266139657446,0.0012077294685990392
2024-05-30,-0.013683673373104832,-0.014676506262656031,5,117.80191333226222,122.95552372440544,-0.013441588053377362,-0.012608188838683199,-0.01710459171638104,-0.008460974695104428,-0.01680302356197813,-0.014652014652014711,-0.017985611510791366,0.0,-0.03457446808510645,-0.0012062726176116367
2024-05-31,0.0007998625394842307,-0.007794262991207895,5,117.89613866981628,121.99717603627572,-0.004576380004083391,0.0037470809216080536,0.0012868545807846743,0.006165117430553646,-0.002623360231441829,0.02230483271375472,-0.010989010989011061,-0.0011481056257175437,-0.02066115702479343,0.01449275362318847
2024-06-03,0.00031836479152060895,-0.0015572299074896935,5,117.93367264942498,121.80719838512273,0.001307046898491676,-0.0023798217883770068,0.00011059966756168937,0.0021560431905259247,0.00039795598940076116,-0.0036363636363636598,0.011111111111111072,0.0011494252873562871,-0.007032348804500654,0.0
2024-06-04,0.011484803745855431,0.008042698072317557,5,119.28811773483159,122.78685690476917,0.013443595923195162,0.012524502850817465,0.013781951869460518,0.010460820546341898,0.007213147539462117,0.0036496350364965124,0.0073260073260073,0.0022962112514350874,0.015580736543909568,0.028571428571428692
2024-06-05,-0.004706491615314956,0.0021090856367735247,5,118.7266892089059,123.04582490105159,-0.005883114519143695,-0.00497402361005278,-0.006169483362213568,-0.007277814658613657,0.0007719780734489201,0.0,-0.0036363636363636598,0.001145475372279492,0.005578800557879848,-0.02662037037037046
2024-06-06,0.0029480116180415237,0.007120938948316948,5,119.07669686806537,123.92202670801726,4.86508861883006e-05,0.003685014522551905,0.003685014522551905,-0.0008226137714842097,0.008143991930399719,0.014545454545454417,0.0,0.0,0.018030513176144458,-0.017835909631391256
2024-06-07,0.00013564168915418672,-0.0024491836644970964,5,119.09284863236746,123.61851890453262,0.0037537815021237153,-0.0016552654068054673,0.0001695521114427334,0.0018725493866471044,-0.003462409147637152,-0.014336917562723928,0.007299270072992803,0.0,-0.006811989100817484,0.014527845036319542
2024-06-10,-0.004755919699479305,-0.007329566342040138,5,118.52645260748969,122.71244876911709,-0.007763081442530961,-0.0014159141171027623,-0.004514693674692372,-0.0035443509275041307,-0.0065415583355663,0.0072727272727273196,-0.018115942028985477,-0.005720823798627039,-0.009602194787380003,0.0023866348448686736
2024-06-11,-0.001743908192409749,-0.0006941024656307316,5,118.3197533557702,122.62727375586286,-0.002179885240512186,-0.004024903690696663,-0.0024675722370599285,-0.0011411040770772929,0.0010939242832973262,0.0,0.007380073800737907,0.0011507479861909697,-0.0041551246537395725,-0.013095238095238049
2024-06-12,-0.005733542780812351,-0.0027957745823978556,5,117.64136198808973,122.28443554078747,-0.007166928476015438,-0.007166928476015438,-0.008603710085210853,-0.0036898770156538196,-0.0020402698511662043,0.0,0.0,0.005747126436781658,-0.013908205841446475,-0.020506634499396936
2024-06-13,0.0047880475732622555,0.00023465183773252582,5,118.20463442587206,122.31312980831319,0.005985059466577819,0.008732312213830584,0.006270773752292097,0.005279840848806366,-0.0023277484151955907,0.0,-0.010989010989011061,-0.0011428571428571122,0.0028208744710858102,0.03325123152709364
2024-06-14,-0.005889433438269554,0.00046901604628390227,5,117.5084760993259,122.3704966288645,-0.008264318873649229,-0.005509939945985087,-0.008505956557562339,-0.006658556917386899,-0.0005083948967642138,0.0036101083032491488,-0.007407407407407418,0.004576659038901587,-0.002812939521800173,-0.027413587604290912
2024-06-18,-0.011701374505410023,-0.014127126674571047,5,116.13346541292768,120.64175312175836,-0.015525998707302091,-0.008096867385493867,-0.013203027926751126,-0.0082797505718189,-0.013401227935684129,0.003597122302158251,-0.026119402985074647,-0.005694760820045608,-0.025387870239774513,-0.004901960784313597
2024-06-19,-0.00012806847636230855,-0.006660182539886965,5,116.11859237695758,119.83825702403546,-0.0010561429431231728,-0.0011179400015831065,0.0006990209337567332,0.003457859411783004,-0.002623139782645001,0.0035842293906811484,0.003831417624520883,-0.0034364261168384758,-0.01447178002894356,0.009852216748768461
2024-06-20,0.001270005765214588,0.001087315210279849,5,116.26606365872493,119.96855898367113,0.0006946500636610953,0.0025417056798006654,0.001587507206518235,0.0008532928159161735,0.0006728730601767707,0.0035714285714285587,-0.003816793893129722,0.0,0.002936857562408246,0.003658536585365857
2024-06-21,-0.0038646080130063432,-0.0018411767720912136,5,115.81674089746872,119.74767565948916,-0.0030514005856529247,-0.0038729056101276527,-0.004256047372579758,-0.004830760016257929,-0.003311926480413452,-0.007117437722420017,-0.003831417624521105,-0.0022988505747126853,0.0,-0.0060753341433779084
2024-06-24,-0.014021172491333922,-0.01729145138402212,5,114.19285439596119,117.67706454747346,-0.01483829357115668,-0.01368031176801357,-0.01666241031462823,-0.008009628132469027,-0.016915218670402105,-0.01075268817204289,-0.01538461538461533,-0.003456221198156695,-0.0380673499267935,-0.0024449877750611915
2024-06-25,-0.011396385775072937,-0.024683941382271448,5,112.89146857450807,114.77233078414586,-0.01515127932029045,-0.014245482218841171,-0.013089412854679294,0.0009752179333658295,-0.015470972414919598,0.0036231884057971175,0.0,-0.0046242774566475076,-0.060882800608828,0.004901960784313708
2024-06-26,0.006011601143304901,0.010631242324538088,5,113.57012705605996,115.99250324486414,0.00480692020169432,0.008491063929131126,0.007804861475588704,0.00022114648585724872,0.008734013624253106,0.010830324909747224,-0.00390625,-0.0011614401858303092,0.02917341977309551,-0.00487804878048792
2024-06-27,-0.005540984018584538,-0.00976782965632282,5,112.9408367970537,114.85950823175783,-0.006926230023230673,-0.00496544570950519,-0.0048913463023004256,-0.003382922936616517,-0.007538975121269886,0.0,-0.007843137254901933,-0.008139534883720989,-0.014173228346456623,0.002450980392156854
2024-06-28,-0.00042671258196391726,-0.0048126991538909114,5,112.89264352097487,114.30672397367452,-0.0005333907274548966,-0.0015215330199450094,0.0018112751576564723,-0.00013402970509066026,-0.0017558846149854923,0.0,0.0039525691699604515,-0.009378663540445475,-0.0015974440894569453,0.004889975550122383
2024-07-01,0.0034157068687582725,0.0019811631981806977,5,113.27825169888177,114.53318424851577,0.003376776443090701,0.0023011296489399147,0.004269633585947841,0.003469633585947818,0.0036613610798650886,0.0035714285714285587,0.007874015748031704,0.0,0.0032000000000000917,0.0024330900243310083
2024-07-02,-0.0018832988873474844,-0.005170726778662614,5,113.06491489349659,113.94096444567647,-0.0023541236091843554,-0.0023541236091843554,0.0011961722488038062,-0.0035502958579881616,-0.0023541236091843554,0.0,0.0,-0.014201183431952646,0.004784688995215225,0.0
2024-07-03,-0.002117050231395279,0.003036932910619568,5,112.82555078925863,114.28699551046928,-0.0017566330739415825,-0.0026463127892440985,-0.0032465528852825276,-0.00423361437654568,0.0012978619680374948,-0.003558718861210064,0.0,0.0024009603841537164,0.006349206349206327,-0.015776699029126373
2024-07-04,-0.0017901299966513351,-0.0019905854112554212,5,112.62357838640207,114.05949748450992,-0.002237662495814169,0.0016685875041858589,-0.002537063693418967,-0.0014490189626911454,-0.004395492335518253,0.0,-0.01562500000000011,0.0011976047904191933,-0.003154574132492094,0.008631319358816336
2024-07-05,0.005974514986624291,0.007826279228964367,5,113.29644964331888,114.95215896053905,0.006575286590423224,0.006476080241216875,0.006271971484476502,0.004303586771255086,0.006245649845749768,0.0035714285714285587,0.003968253968253954,0.004784688995215447,0.012658227848101111,0.004889975550122383
2024-07-08,0.018502585458222386,0.03245838594105189,5,115.39272688495758,118.68332050083737,0.018679833246265515,0.024116374115268124,0.015092517537063671,0.011800106822777962,0.022824095569736663,0.017793594306049876,-0.0039525691699605625,0.03214285714285725,0.04531250000000009,0.001216545012165282
2024-07-09,0.0033065337746695845,0.010566342180191172,5,115.77427683375392,119.9373690763305,0.008503796588966356,0.0021490402342100035,0.0006729596058802356,0.0007699385187854568,0.00443693392550587,-0.0174825174825175,0.007936507936507908,0.01384083044982698,0.013452914798206095,-0.0012150668286755595
2024-07-10,0.02241617015325372,0.02490599894605272,5,118.36949272262925,122.92452906413793,0.028020212691567153,0.012272181195504134,0.02858904090544656,0.015483339535224933,0.027716076438525833,0.0,0.06299212598425208,-0.0022753128555176305,0.050147492625368884,0.001216545012165282
2024-07-11,-0.013149429850673888,-0.0157015698305475,5,116.81300138161316,120.9944209871502,-0.01643678731334236,-0.007177528054083088,-0.013871222889169033,-0.011521056976263683,-0.016740554020511278,0.0,-0.03703703703703709,-0.010262257696693311,-0.01966292134831471,0.0012150668286756705
2024-07-12,-0.007663285848385315,-0.010198316538747443,5,115.91782996121805,119.76048158250079,-0.006910068164574151,-0.008617568848943158,-0.009003070444122185,-0.004206614473805437,-0.009579107310481644,-0.01067615658362997,-0.0038461538461539435,-0.0023041474654378336,-0.021489971346704828,0.0
2024-07-15,0.006844417875975495,0.006074137175165715,5,116.7112200287489,120.48792317579682,0.0049584000428111175,0.007590271379718405,0.009132889550512058,0.00489520023662382,0.0076453281702120734,0.014388489208633004,0.0038610038610038533,-0.002309468822170757,0.014641288433382194,0.00364077669902918
2024-07-16,-0.006791329176263216,-0.008963243105907102,5,115.91859571497038,119.40796062904629,-0.006716111824938947,-0.009450699931867479,-0.006174346655514168,-0.005242408223575801,-0.006373079245419688,-0.007092198581560294,0.0038461538461538325,-0.009259259259259411,-0.01298701298701288,-0.00846432889963733
2024-07-17,0.003202904672789453,0.001428095660895455,5,116.28987192684906,119.578486619497,0.001325059412415397,0.003045776434856595,0.005463911214818595,0.0021761454608698605,0.004003630840986816,0.010714285714285676,0.003831417624520883,-0.005841121495327117,0.007309941520467822,0.0
2024-07-18,-0.0018319892205199695,-0.00016765384391003344,5,116.07683013502341,119.55843882656629,-0.0005232020733531573,-0.002289986525649962,-0.0034650746572598423,-0.0012014524182479003,-0.0016802304280889857,-0.007067137809187218,0.0,0.004700352526439522,-0.004354136429608246,-0.0024390243902439046
2024-07-19,-0.005697344408617133,-0.006311826515776427,5,115.41550045588365,118.80380670219594,-0.0062320007954689005,-0.00425908509092407,-0.006244487528315273,-0.004935091589488627,-0.006816057038888795,-0.003558718861210064,-0.011450381679389388,-0.0035087719298245723,-0.008746355685131157,-0.0012224938875304847
2024-07-22,-0.004721776499538599,-0.007273921328815043,5,114.87053425814857,117.93963715868043,-0.005902220624423249,-0.004936969659172313,-0.005315366164329344,-0.0018581029773644397,-0.00559622307240365,0.0,-0.0038610038610037423,-0.0023474178403756207,-0.016176470588235237,-0.001223990208078396
2024-07-23,-0.008319822140974464,-0.012983554244105008,5,113.91483184388204,116.40836148210063,-0.01039977767621808,-0.007492800932032029,-0.007458601205629856,-0.00554178066575467,-0.010706150225237687,0.0,-0.011627906976744207,-0.0117647058823529,-0.019431988041853643,0.001225490196078427
2024-07-24,-0.0019216251148039376,-0.005170930471573218,5,113.69593024206218,115.80642193856691,-0.0032948885363620617,-0.0033824235503676636,0.0005741590826855436,-0.002020933832529326,-0.0014840387374461805,0.0035714285714285587,0.0039215686274509665,-0.011904761904761862,-0.0015243902439023849,-0.003671970624234966
2024-07-25,-0.003227628521475667,-0.00653830019016489,5,113.3289620148372,115.04924478798367,-0.004034535651844584,-0.004034535651844584,-0.003733330832567494,0.0009272964092241209,-0.005263036880345795,0.0,0.0,-0.00120481927710836,-0.01984732824427482,0.004914004914004844
2024-07-26,-0.001030422449071655,-0.00350118693825173,5,113.21218530824713,114.64643587487625,-0.001288028061339569,-0.003241153061339569,-0.0003833235981308414,0.0010484205367912725,-0.001288028061339569,0.0,0.0078125,-0.00361881785283491,-0.009345794392523366,0.0
2024-07-29,-0.005559236497211462,-0.007368583117844361,5,112.58281199575244,113.8016540829676,-0.006059365906211811,-0.005011061125390293,-0.004225074677204427,-0.006162882099501749,-0.006337798677749029,-0.003558718861210064,-0.007751937984496138,-0.010895883777239601,-0.0031446540880503138,-0.0024449877750611915
2024-07-30,-0.005557198661495866,-0.009006503938785807,5,111.95716694362221,112.77669903722902,-0.006946498326869832,-0.007923060826869832,-0.004498517910713179,-0.003003280661254687,-0.005414635581771798,0.0,0.00390625,-0.009791921664626613,-0.01577287066246058,-0.006127450980392135
2024-07-31,-0.008573005704374114,-0.007440314437431279,5,110.99735751276899,111.93760493517648,-0.011609114273324783,-0.0077979691927244354,-0.01102528061625252,-0.005107282771493277,-0.007325381668075559,0.0035714285714285587,-0.011673151750972832,0.0012360939431395046,-0.022435897435897467,-0.013563501849568338
2024-08-01,0.002021028849080575,0.0017365154871921717,5,111.22168637447399,112.13198631974561,0.0025262860613507188,-0.000426469844161087,0.0028349280366593566,0.001706613930203188,0.0034637860613506988,0.0,0.011811023622047223,-0.0012345679012345512,0.003278688524590123,-0.00374999999999992
2024-08-02,-0.0034196106914898827,0.0010671837200926508,5,110.84135150662229,112.2516517500477,-0.0033848336490598374,-0.004274513364362353,-0.004274513364362353,-0.005908500292466923,0.0007443072128020534,-0.003558718861210064,0.0,0.0,0.006535947712418277,-0.020075282308657627
2024-08-05,-0.00789288831465742,-0.011235742455069857,5,109.96649309853484,110.99042110082797,-0.010758967536178915,-0.006947822455578567,-0.006466852049687638,-0.007025201302412659,-0.008265598229429322,0.0035714285714285587,-0.011673151750972832,-0.013597033374536549,-0.011363636363636465,-0.006402048655569814
2024-08-06,-0.003031327913370929,-0.0027695338007699506,5,109.63314859846973,110.68302937802754,-0.004678839607016122,-0.0037891598917136615,-0.004415726307753748,-9.457861092548869e-05,-0.002178335149445626,0.003558718861209842,0.0,0.0025062656641603454,-0.014778325123152691,-0.006443298969072142
2024-08-07,-0.006692070835503494,-0.022108756087112012,5,108.89947580212949,108.23596527852608,-0.008365088544379368,-0.00738083657587546,0.0010099114556206268,-0.004198421877712688,-0.014525918635170582,0.0,-0.00393700787401563,-0.03749999999999998,-0.01666666666666672,0.024643320363164856
2024-08-08,-0.0035785086246677977,0.0006714745021083731,5,108.50977808874975,108.30864296942168,-0.0035866109581397243,-0.0015087089033643808,-0.004473135780834747,-0.007015508662190695,-0.0013085788188094416,-0.0035460992907800915,-0.011857707509881465,0.0,0.01016949152542379,-0.012658227848101222
2024-08-09,0.012870697947112486,0.02113995753293236,5,109.90637466683826,110.59828308224479,0.016978052149193124,0.013088372433890605,0.006672788018306175,0.01441052008489735,0.013203757049275178,-0.003558718861210064,0.01200000000000001,0.03766233766233773,0.006711409395973034,0.01153846153846172
2024-08-12,-0.0045766822035627095,-0.0015553669364466568,5,109.40336811784246,110.4262621695109,-0.00482799561159622,-0.0037445681694731614,-0.005720852754453387,-0.005720852754453387,-0.002869141727837393,-0.0035714285714286698,-0.007905138339920903,0.0,0.0,-0.011406844106463976
2024-08-13,-0.001056276576765902,-0.0002588132491174259,5,109.28780790268029,110.39768238981091,-0.0004242883732871461,-0.0013203457209573777,-0.0016332368348496995,-0.0009036790542907014,-0.000999832900444586,-0.0035842293906809264,0.0,0.0012515644555692873,-0.0016666666666667052,-0.0012820512820511665
2024-08-14,0.002093863379719019,0.0018067045405612886,5,109.51664164149749,110.59713838385201,0.003516609800188364,-0.0003707185841161642,0.0019923292246487867,0.003034691495099523,0.002296404962774584,-0.003597122302158362,0.01195219123505975,0.0024999999999999467,-0.0016694490818029983,0.0012836970474967568
2024-08-15,0.0020569508344974617,0.0011243270469262583,5,109.74191198891332,110.72148573784963,-0.00013639268431497875,0.0006026846061139013,7.742295708690339e-05,0.007169850750479656,0.0025711885431218273,0.010830324909747224,0.007874015748031704,0.009975062344139696,-0.018394648829431315,0.0
2024-08-16,0.0016523049373702303,-0.0005468379828759319,5,109.92323909192905,110.66093902392772,0.0011725240288556482,0.002065381171712788,0.005151800924799221,-0.0021935626102292938,0.002065381171712788,0.0035714285714285587,0.0,-0.012345679012345734,0.017035775127768327,0.0
2024-08-19,0.0017655786517677852,0.0022985681976330414,5,110.11731721620292,110.91530073908835,0.001317293599407271,0.00025384831470973146,-0.0006055266852902641,0.005975817535815275,0.001886460494196912,0.003558718861209842,0.0078125,0.011249999999999982,-0.015075376884422176,0.0012820512820512775
2024-08-20,0.0046027489291002865,0.005814990064132613,5,110.6241595800952,111.56027211084643,0.005753436161375358,0.0038154516652513237,0.005444412675590482,0.001926905549130442,0.006073538594153827,0.0,0.007751937984496138,0.0012360939431395046,0.015306122448979664,-0.001280409731113874
2024-08-21,0.0022787961345999363,0.0036760764259923793,5,110.87624948733969,111.97037619723041,0.0019619703455548976,0.0028484951682499204,0.0013052852917067037,0.0024297346992382396,0.0028484951682499204,0.0035460992907800915,0.0,0.006172839506172867,0.0016750418760467234,0.0
2024-08-22,0.026063565668793753,0.0204925088496214,5,113.76607989696252,114.2649301223476,0.03257945708599219,0.030656380162915275,0.03503344481605353,0.01293062765455405,0.019117918624453722,0.0,0.007692307692307665,-0.009815950920245342,0.07859531772575257,0.05384615384615388
2024-08-23,0.004732663910853007,0.0005410284882214861,5,114.30449651757009,114.32675070474842,0.0050324376624178435,0.004961631415283829,0.0049864618588265075,0.00824141128391509,0.0004413773338217686,0.0035335689045936647,0.003816793893129722,0.0037174721189590088,-0.009302325581395321,0.021897810218977964
2024-08-26,0.005627338173527829,0.0015882181963222139,5,114.94772657422929,114.5083265305441,0.0017524825760647234,0.003231891348088517,0.007034172716909787,0.00938159055728538,0.00673655366929074,0.021126760563380254,0.015209125475285079,0.0,-0.009389671361502372,0.0011904761904761862
2024-08-27,0.0005502600422457871,-0.0003609188871760696,5,115.01097771511009,114.46699831276031,0.0006878250528072338,-0.0011848341232227333,0.0006878250528072338,0.0018726591760299671,0.0006878250528072338,0.0,0.0074906367041198685,0.0,-0.004739336492890933,0.0
2024-08-28,0.002773131122782724,0.0012925445731555463,5,115.32991823687352,114.61495201023486,0.004328482868995648,0.0006783098142590926,0.001923204026935188,0.005847366284430805,0.0010882926192928855,-0.0034482758620689724,0.011152416356877248,0.006172839506172867,-0.009523809523809601,0.009512485136742077
2024-08-29,-0.0038300188289174695,-0.0021288553922167073,5,114.8882024784888,114.37095335161919,-0.0021923678268042923,-0.001111052947911556,-0.004480775069889198,-0.00598944661306991,-0.005376451686912392,-0.01038062283737018,-0.014705882352941124,-0.0012269938650305567,0.004807692307692291,0.002355712603062221
2024-08-30,0.008860718084052177,0.009312258779835344,5,115.90619445183417,115.43600526612595,0.011075897605065221,0.00827739014237866,0.008926020455188088,0.007886104941588368,0.008138177276040548,0.0,0.011194029850746245,0.008599508599508532,0.012759170653907415,0.011750881316098694
2024-09-02,0.0111802146198269,0.009375514384444544,5,117.20205058157308,116.5182771939813,0.012227016526531909,0.013975268274783625,0.01275724147819407,0.0096445596133663,0.007296987206258598,0.006993006993006867,0.0,0.004872107186358221,0.017322834645669305,0.02671312427410011
2024-09-03,0.010642712699291313,0.018327139912100825,5,118.44939833368058,118.65372396243234,0.015039501985225245,0.011458372423929664,0.007848845419568706,0.005563452793618806,0.01330339087411414,-0.00694444444444442,0.007380073800737907,0.021818181818181737,0.030959752321981338,0.0
2024-09-04,-0.002304026921987967,0.0014823593532547568,5,118.17648773102651,118.82961141994654,-0.0002576560301073283,0.0026144718420205437,-0.007921552039199087,-0.0013785321509834914,-0.004576866231670473,-0.010489510489510523,-0.02197802197802201,0.02016607354685651,-0.006006006006005871,0.006787330316742057
2024-09-05,-0.004723445619203792,0.0019613209229888957,5,117.6182875177605,119.06267442309513,-0.00590430702400474,-0.004031647847974773,-0.004450818651911714,-0.011191316087448833,0.0019608615153210995,0.0,-0.0074906367041198685,-0.005813953488372103,0.02114803625377637,-0.03146067415730336
2024-09-06,0.0003862732854937878,0.0008097380159773339,5,117.66372032011414,119.15908399685944,0.0022496260591640393,0.003313030286112517,-0.0018563396796824616,0.0012224865772813842,-0.00299743681540654,-0.007067137809187218,-0.01132075471698113,0.009356725146198785,-0.002958579881656598,0.0139211136890951
2024-09-09,0.015491454626902268,0.016332093734930407,5,119.48650250468572,121.10520132606459,0.01758495885302286,0.016501722863780488,0.018205569732063498,0.010091321250986884,0.015073700434657611,0.007117437722419906,0.011450381679389388,0.004634994206257348,0.0370919881305638,0.017162471395880896
2024-09-10,0.0018061980972490454,0.0014469049024360516,5,119.7023187981566,121.28042903557379,0.0013743553954128906,0.0013143513951462127,0.0013926957184471067,0.002973055203821684,0.0019765327734173332,0.0035335689045936647,0.0037735849056603765,0.0034602076124568004,-0.0028612303290415086,0.0011248593925758943
2024-09-11,-0.00349875367701753,-0.0026518292813982507,5,119.28350987011402,120.95881404259671,-0.004373442096271912,-0.005313291720332042,-0.004660798418110984,-0.0018626816945502278,-0.0012835544558224832,0.0,0.003759398496240518,0.0011494252873562871,-0.010043041606886738,-0.012359550561797716
2024-09-12,-0.023464314208139037,-0.013931399379607454,5,116.48460411467202,119.27368849568565,-0.027569829379892108,-0.02745773358414383,-0.027321207915168094,-0.02498256667321727,-0.00999023348827388,-0.007042253521126751,-0.0074906367041198685,-0.008036739380022806,-0.017391304347826098,-0.07736063708759966
2024-09-13,-0.011884143354589715,-0.016186784420622696,5,115.10028438077062,117.34303101295347,-0.015741704015932168,-0.012024990513991862,-0.014855179193237145,-0.003793232290582288,-0.013005610759205116,0.0035460992907800915,-0.01132075471698113,0.0,-0.04424778761061943,-0.007398273736128114
2024-09-16,0.005302885367769616,0.006927177702850192,5,115.71064799463954,118.15588704097124,0.005745214483563604,0.0047202097631471596,0.00633925485786016,0.0027705820183539787,0.006939165715923179,0.0035335689045936647,0.007633587786259444,0.0011574074074074403,0.015432098765432167,-0.001242236024844634
2024-09-17,0.0,0.0,5,115.71064799463954,118.15588704097124,0.0,0.0,0.0,0.0,0.0,0.0,0.0,0.0,0.0,0.0
2024-09-18,0.0034319328738880105,-0.00047191631608392803,5,116.10775917135126,118.10012735003524,0.004289916092360013,0.004289916092360013,0.0057350027975623386,0.003530037672907105,-0.0006852082857494168,0.0,0.0,-0.005780346820809301,0.003039513677811634,0.01990049751243772
2024-09-19,0.005450029280687696,0.006970703363516965,5,116.74054985855014,118.92336830498589,0.005051973220577932,0.005865566903889896,0.005359048228766594,0.0041610214493444375,0.00681253660085962,0.007042253521126751,0.0037878787878788955,0.005813953488372103,0.01060606060606073,0.0
2024-09-20,-0.0027818460711840575,-0.007538996023072551,5,116.41579561857827,118.02680550428421,-0.003477307588980072,-0.003477307588980072,0.003748125937031499,-0.007225433526011571,-0.003477307588980072,0.0,0.0,-0.028901734104046284,0.014992503748125996,0.0
2024-09-23,0.0015906672910957153,-0.0011030366009762212,5,116.60097441683561,117.8966176179167,0.0028624599879955304,0.0038751265666998325,0.001988334113869644,0.002726886551092711,-0.003499470764179141,-0.0034965034965035446,-0.007547169811320753,0.0,-0.002954209748892267,0.02195121951219514
2024-09-24,0.0029066317592325807,0.010843460690991508,5,116.93989051223306,119.17502495665744,0.004510482681496869,0.004583860041246057,0.0027404325561835863,-0.004514858449107456,0.007213241966343847,-0.0035087719298245723,-0.0038022813688213253,0.0035714285714285587,0.03259259259259273,-0.014319809069212486
2024-09-25,0.011206969239239894,0.020254402503463415,5,118.25043226804372,121.58884388048988,0.014888993239190684,0.013054513075767438,0.004815354490924129,0.010780591032550635,0.012495394357766587,-0.0035211267605632646,0.003816793893129722,0.03677342823250296,0.012912482065996933,0.006053268765133124
2024-09-26,0.0034042652991712165,-0.0014492552727406436,5,118.65298811122582,121.41263060738963,0.00425533162396402,0.0014036205973480542,0.005399496383689445,0.005317654570139635,0.0006452233207149272,0.0,0.011406844106463865,-0.004576659038901698,-0.004249291784702458,0.014440433212996373
2024-09-27,-0.00040673228492349445,-0.0021352445837765316,5,118.60472811025835,121.15338494548314,0.0003749768699940481,0.0004314342679057892,-0.00022105903431529628,0.0005584409738598473,-0.0031774545020618605,-0.0035335689045936647,-0.003759398496240629,-0.0011494252873562871,-0.004267425320056861,0.01067615658362997
2024-09-30,0.0013966087358031841,0.0014444702618999726,5,118.7703725096447,121.32838740716538,0.002632285742449003,-0.00014103153307620797,-0.0005557350526280702,0.0038886180626110933,0.0011589064596601029,-0.0035460992907800915,0.007547169811320753,0.009205983889528202,-0.008571428571428452,0.0023474178403755097
2024-10-01,0.007524338674595077,0.00575989060758576,5,119.6640410169151,122.02722564622543,0.009405423343243846,0.006596434579198895,0.006839858919070574,0.009765653890794312,0.005014322640667757,0.0,0.011235955056179803,0.010262257696693089,-0.0014409221902018654,0.017564402810304358
2024-10-02,0.004965612782046857,0.005698128821329669,5,120.25824630854007,122.72255249766708,0.007096695692861088,0.003429238199780804,0.005924848934669158,0.0033210130915556912,0.005056267991367547,-0.003558718861210064,0.011111111111111072,0.0011286681715576563,0.011544011544011523,0.004602991944764101
2024-10-03,0.003684657197486496,0.0032448409117959084,5,120.70135672135794,123.12076765681155,0.0037129643540009805,0.00460582149685812,0.004323972567884082,0.0031792879733202883,0.0026012395953690093,0.0035714285714285587,0.0,0.0011273957158961512,0.005706134094151327,0.008018327605956443
2024-10-04,0.003004668966090973,0.0014235125792614498,5,121.06402434206368,123.29603161833936,0.00197647677700874,0.002840085291862804,0.0031927731445506313,0.004110446136691703,0.002903563480340987,0.007117437722419906,0.00366300366300365,0.0022522522522523403,-0.0014184397163119478,0.003409090909090917
2024-10-07,0.000530280945250361,0.0035328491853084633,5,121.12822228732757,123.73161790319396,0.0015462434077113674,0.0006628511815629512,-0.0010225420768639748,-4.7376091164286205e-05,0.0015122283050057472,-0.0035335689045936647,0.0,0.006741573033707704,0.0028409090909089496,-0.003397508493771184
2024-10-08,-0.00445088125973514,0.00600576027534673,5,120.58909495272387,124.47472033880133,-0.006450126397363948,-0.004651192815544852,-0.009190833717526076,-0.006625924520844623,0.004663671152603799,0.0035460992907800915,-0.0036496350364962904,0.014508928571428603,0.004249291784702791,-0.040909090909090895
2024-10-09,0.012705000338423056,0.012020432773350714,5,122.12117944490836,125.97096034661553,0.016764642649177236,0.01679700133877976,0.014506112909277419,0.010239501480856755,0.005217743314024109,-0.0035335689045936647,-0.003663003663003761,0.005500550055005604,0.02256699576868826,0.04265402843601884
2024-10-11,0.010400251724570864,0.019799936290620983,5,123.3912704520369,128.46517733594683,0.011227265010323534,0.01300031465571358,0.004247579425954301,0.010241693966058424,0.01328440556480448,0.007092198581560183,0.0,0.035010940919037115,0.011034482758620623,-0.001136363636363602
2024-10-14,-0.003470279494059292,-0.010047312198192682,5,122.96306825644128,127.17444759265639,-0.004337849367574115,-0.004337849367574115,0.0006832922814744846,-0.0033146570074104043,-0.00604433400921231,0.0,0.0,-0.020084566596194398,-0.004092769440654842,0.0068259385665527805
2024-10-15,-0.0018566465091105267,0.0022138075963029614,5,122.73476930501343,127.45598735079264,-0.00320108982652903,0.0013556624518471228,-0.00420861827662547,-0.0023208081363881583,-0.0009083787578570979,0.0035211267605634866,-0.014705882352941124,0.007551240560949246,0.0,-0.005649717514124242
2024-10-16,0.013379085272076985,0.020032568136936553,5,124.3768482493939,130.00925810185794,0.013215084660271659,0.01299251330651413,0.008158546097590924,0.014669062069548322,0.01786022022645989,0.01403508771929829,0.014925373134328401,0.03426124197002123,0.008219178082191636,-0.00454545454545463
2024-10-17,0.015603366648835238,0.02466873543942017,5,126.31754581525574,133.21642209464795,0.017774104504815647,0.017665973016926406,0.014845823217876308,0.009653664832783182,0.018077267671774644,0.006920415224913601,0.007352941176470562,0.018633540372670954,0.03940217391304346,0.005707762557077611
2024-10-18,0.005050667469905212,-0.003189768461994447,5,126.9555337347831,132.7914925528307,0.0002995886329141828,0.0026636993008851695,0.015459675800796158,0.0010845761674468934,0.005745797447483658,0.02405498281786933,0.014598540145985384,-0.03658536585365857,0.020915032679738488,0.002270147559591429
2024-10-22,-0.010131910467711202,-0.006287534165373455,5,125.66923163360177,131.95656150653383,-0.01014810956114906,-0.009967046358020287,-0.010027757282951244,-0.012664888084639003,-0.007851751051796418,-0.010067114093959773,-0.010791366906474864,-0.010548523206751037,0.0,-0.01925254813137034
2024-10-23,-0.0024782643357557977,-0.01583260094147998,5,125.3577900587424,129.867345926591,-0.006487660928169325,-0.003097830419694747,0.00010046382337561277,0.003944423101431976,-0.006850717255722505,0.013559322033898313,0.0,-0.01279317697228144,-0.028169014084506894,0.015011547344111031
2024-10-24,-0.004378642577615288,-0.008752140663938267,5,124.80889310175543,128.73072864738916,-0.003801062419343526,-0.00729148504020094,-0.0027735192047405044,-0.002838257108712078,-0.0051888891150793925,-0.006688963210702337,0.0072727272727273196,-0.010799136069114423,-0.01054018445322813,-0.0011376564277588708
2024-10-25,0.0056655133901831745,0.008487060019204603,5,125.51599955683737,129.8232740677355,0.005398390054227292,0.007984418813541228,0.0013504506896939994,0.007081891737728968,0.006512415655724385,0.006734006734006703,-0.0036101083032490378,0.022925764192139875,0.0,0.002277904328018332
2024-10-28,0.012391620955411752,0.01729165156624504,5,127.07134624718532,132.06813288810392,0.01130892418757573,0.012772134889916908,0.013888672405577396,0.008498847099724038,0.015489526194264691,0.01672240802675584,0.01086956521739113,0.006403415154749181,0.02796271637816261,0.0
2024-10-29,0.008387550517201924,0.0056467487029972585,5,128.13716358312246,132.81388844619707,0.004727859199133988,0.007796266103491656,0.01127977218679932,0.008217598768264056,0.009916256328320605,0.023026315789473673,0.010752688172043001,-0.0031813361611876534,0.0090673575129534,0.002272727272727204
2024-10-30,-0.009848604944297734,-0.009961071102966873,5,126.87519128030944,131.490919859923,-0.005076029492269263,-0.011424231357677145,-0.012576713627180686,-0.00813874077600757,-0.012027309468354008,-0.02893890675241162,-0.0035460992907800915,0.0010638297872340718,-0.016688061617458394,-0.0011337868480726376
2024-10-31,0.005467836073845556,0.005430761562068786,5,127.56892402806798,132.20501569325936,0.003523536814161232,0.005945115377004484,0.005506421022168806,0.005529312063586311,0.0068347950923069445,0.013245033112582849,0.003558718861209842,0.005313496280552554,0.005221932114882533,0.0
2024-11-04,-0.012783360731898119,-0.014272446570530232,5,125.93816445403709,130.3181266704212,-0.012711227058663482,-0.015092676092177626,-0.01571493030176485,-0.009810369746041464,-0.010587600460843172,-0.013071895424836666,-0.0035460992907800915,-0.0010570824524311906,-0.02467532467532474,-0.02156640181611791
2024-11-05,0.008487300570447599,0.012429425697642061,5,127.00703950904897,131.93790614292712,0.010609125713059497,0.009719445997757037,0.010609125713059497,0.004950004541288522,0.006548800887073436,0.0,0.003558718861209842,0.0,0.022636484687083902,0.016241299303944245
2024-11-06,0.0031621461169597962,0.003816208439157924,5,127.40865432585906,132.44140869379459,0.0031248680766632897,0.0030661578235047227,0.002365381058898164,0.0033016409795330603,0.0039526826461997455,0.0033112582781458233,0.0035460992907800915,0.006349206349206327,0.0026041666666667407,0.0
2024-11-07,-0.0016486267653580632,0.0016920870346334774,5,127.1986050081992,132.66551108429394,0.0012395465763057334,-0.0038275679089944115,-0.004426714056066705,-0.0017361081320222682,0.0005077096939873349,-0.01320132013201325,0.007067137809187329,0.009463722397476504,-0.0012987012987012436,-0.010273972602739656
2024-11-08,0.003474549339488964,0.007469868019272838,5,127.64056283721435,133.656504942803,0.0026709458716856205,0.005220379656817348,0.004082770007694553,0.0007671138525146837,0.004631537308732614,0.006688963210702337,-0.0035087719298245723,0.0010416666666666075,0.014304291287386084,-0.0011534025374856371
2024-11-11,0.005319945143264793,0.0034484155919012652,5,128.31960362956377,134.1174081184068,0.004988801860974668,0.005769649738940119,0.006389785747499266,0.005688392967542533,0.003763095401367378,0.006644518272425293,0.0035211267605634866,0.0010405827263268996,0.0038461538461538325,0.011547344110854452
2024-11-12,0.004667714421337954,0.00768830619736294,5,128.91856289396588,135.14854381841778,0.0058346430266724425,0.0032030640793040133,0.0021963893884188457,0.004557503818498759,0.007546971793795709,0.0,0.010526315789473717,0.014553014553014387,0.005108556832694733,-0.006849315068493067
2024-11-13,0.006976806113433298,0.00618258736738889,5,129.81800271169953,135.98411149815053,0.006245760117039145,0.006984896530680518,0.005391089609004696,0.008403345634167725,0.007858938676274407,0.00990099009900991,0.00694444444444442,0.013319672131147708,0.0012706480304955914,0.0034482758620688614
2024-11-14,0.00901011507738363,0.007287170250511843,5,130.98767785524802,136.97505087000212,0.007177676526468113,0.00867643695017778,0.00848205739576896,0.010310867196983375,0.010403537317519918,0.016339869281045694,0.010344827586207028,0.011122345803842304,0.003807106598984644,0.0034364261168384758
2024-11-15,-0.006009555709095382,-0.007365598932542075,5,130.2005001079719,135.96614758152913,-0.005904227594568573,-0.0049522176739118795,-0.007011944636369227,-0.004667444004258003,-0.007511944636369228,-0.006430868167202619,-0.010238907849829393,-0.0020000000000000018,-0.011378002528444897,0.0
2024-11-18,-0.0027945103860362195,-0.002928903664811048,5,129.83665345815305,135.56791583358736,-0.0034931379825452746,-0.0017690000515107884,0.0010158800535268742,-0.005091603455691068,-0.004634690493960841,0.0,-0.006896551724137945,-0.018036072144288595,0.006393861892583175,0.004566210045662267
2024-11-19,-0.0035845091296409005,-0.0026515557263945143,5,129.3712527884703,135.20844995004344,-0.00609875938939744,0.0007276969212822171,-0.004225534371234824,-0.00384531239680333,-0.0044806364120511255,0.006472491909385258,-0.02083333333333337,-0.0010204081632652073,-0.0025412960609911828,0.0
2024-11-20,-0.011115348033735307,-0.01544559915588839,5,127.93324628816609,133.12007442962607,-0.011482609479468164,-0.01300766021947411,-0.003935043060555227,-0.013257242367009897,-0.013894185042169133,-0.009646302250803873,-0.0035460992907800915,-0.039836567926455624,-0.002547770700636942,0.0
2024-11-21,-0.0031079360693881063,-0.004472382610065284,5,127.53563793755318,132.5247105236964,-0.003884920086735133,-0.002995240371432617,0.0006363565090095613,-0.004842774492865409,-0.004453101904916934,0.0,-0.003558718861210064,-0.018085106382978777,0.003831417624521105,0.002272727272727204
2024-11-22,-0.002300825830630626,-0.0045730596985852565,5,127.2422006474605,131.91866711093382,-0.002064343976599964,-0.0037688894311454224,-0.0017926086696534171,-0.0012857014994842042,-0.0025925855762701233,-0.0032467532467532756,0.0035714285714285587,-0.004333694474539462,-0.006361323155216314,-0.0011337868480726376
2024-11-25,-0.018681049011601992,-0.005329298555933446,5,124.86518286082119,131.21563314879887,-0.022536979016945513,-0.022461631549199973,-0.021175032700846308,-0.024311618562838005,-0.0029199832281801563,-0.0032573289902279035,-0.003558718861210064,-0.008705114254624724,0.003841229193342066,-0.08172531214528933
2024-11-26,-0.0014101367343491544,-0.01968681420666666,5,124.68910587962792,128.63241535798835,0.0015053029382727234,2.3043367777836332e-05,0.00400022699644334,0.005252635204512551,-0.017831892178752223,-0.013071895424836666,-0.0071428571428571175,-0.023051591657519133,-0.028061224489795977,0.06427688504326312
2024-11-27,0.0026054590377377895,0.0014246683013568056,5,125.01397823744944,128.81567388267584,-5.443448097347536e-05,0.003256823797172237,0.004661318179194712,0.0016164038496656596,0.003547183843629814,0.013245033112582849,0.0,-0.005617977528089901,0.006561679790026309,-0.0011614401858303092
2024-11-28,0.005033745368186238,0.0033278504212397465,5,125.64326677136076,129.24435317726858,0.003841201318075943,0.0071914622857723876,0.0057272099588203396,0.005314345986634356,0.0030945072916281624,0.009803921568627416,-0.003597122302158362,0.00225988700564983,0.003911342894393766,0.012790697674418539
2024-11-29,-0.006619734229333219,0.0034272226673028056,5,124.81154173762911,129.6873023540986,-0.0001840528999351443,-0.007372140710854264,-0.011938703863329403,-0.0076253171373158735,-0.005978456535231408,-0.032362459546925515,-0.0036101083032490378,0.01465614430665152,-0.0025974025974025983,-0.00918484500574046
2024-12-02,-0.006234967056834661,-0.004694500922292361,5,124.03334588658225,129.07848519358765,-0.007793708821043327,-0.008699505922492606,-0.008071486598821093,-0.0051895421543766695,-0.0014205917874396123,0.0,0.0036231884057971175,0.0011111111111110628,-0.01041666666666663,-0.02549246813441486
2024-12-03,0.0034647355248481173,0.006281040542439634,5,124.46308862634126,129.88923239224528,0.0034947990047223543,0.003428392330247859,0.0018336941008436913,0.0033440773007969715,0.005222714887629709,0.0033444816053511683,0.0036101083032491488,0.00998890122086582,0.003947368421052699,-0.003567181926278251
2024-12-04,-7.609803069634769e-05,-0.0032439554211296483,5,124.4536172304024,129.4678775126801,-9.51225383704346e-05,-0.0009944031139099974,0.0004543280110801129,0.0015431474485234076,-0.001288439960804827,0.0,0.003597122302158251,-0.00219780219780219,-0.006553079947575369,0.004773269689737569
2024-12-05,0.008727333116921487,0.0023024268072704083,5,125.53976540557797,129.7659678245457,0.00924249972948521,0.010013109048481572,0.01090916639615186,0.010579351092721734,0.002892539317767062,0.006666666666666599,0.0035842293906811484,0.0,0.0013192612137205018,0.03206650831353919
2024-12-06,0.00815058359362153,0.0018965010729149105,5,126.56298775783976,130.01206912175277,0.010188229492026912,0.0066168009205983536,0.010188229492026912,0.010188229492026912,0.0035714285714285587,0.0,0.014285714285714235,0.0,0.0,0.026467203682393414
2024-12-09,-0.0007377633707980503,0.0054451917898389645,5,126.46961422137326,130.72000977311453,-0.004233462491643275,-0.0026827675937792506,-0.0042261689712068395,-0.0005928234493341733,0.008046405651973287,0.013245033112582849,0.007042253521126751,0.013215859030837107,-0.0013175230566535578,-0.0358744394618834
2024-12-10,0.013855625852885134,0.034416009368206504,5,128.2219298777833,135.2188708540781,0.0197705127082633,0.01906778406435819,0.00644996709871512,0.008414519123494252,0.015575346269594809,-0.009803921568627527,-0.006993006993007089,0.04347826086956519,0.03562005277044866,0.006976744186046435
2024-12-11,0.009685793602536297,0.006415426659140233,5,129.4638610258984,136.08635760297418,0.009631994478417893,0.007705833552466124,0.009763492003170338,0.012107242003170371,0.009220405975456758,0.00990099009900991,0.01760563380281699,0.009375000000000133,0.0,0.011547344110854452
2024-12-13,0.006452582357486936,-0.0006075232884678146,5,130.29923725148626,136.00368197148762,0.0064317410187541,0.005470572237516125,0.010387709371007303,0.006473371258960581,0.0034995179011965694,0.006535947712418277,0.01038062283737018,-0.009287925696594534,0.006369426751592355,0.0182648401826484
2024-12-16,-0.0027365010135757427,-0.006166609983444865,5,129.94267325667943,135.165000308457,-0.0034206262669696785,-0.002564461883408059,-0.0002956262669696619,-0.0034206262669696785,-0.003981164383561636,0.0,-0.003424657534246478,-0.012500000000000067,0.0,0.0022421524663678305
2024-12-17,0.002472224436732695,-0.008240998419469178,5,130.26392070887897,134.05110575454745,0.0006552156108509122,0.00223117401670625,0.008364542149291387,0.0027738248497133355,-0.0016636344428984096,0.009740259740259827,0.0034364261168384758,-0.021097046413502074,0.0012658227848101333,0.019015659955257114
2024-12-18,0.002489911845375281,-0.0011558477989121756,5,130.58826638807705,133.89616307901932,0.0015046727649184743,0.0014000610395958069,0.004459372565339792,0.002796334180928922,0.00228911867609341,0.006430868167202508,0.006849315068493178,-0.0053879310344827624,0.0012642225031607168,0.003293084522502765
2024-12-19,0.023511114752312313,0.004671594220568371,5,133.65854210443266,134.52167162061554,0.013414452545821715,0.020035151943791712,0.02938889344039039,0.029704550006046992,0.02501252582551075,0.0638977635782747,0.03741496598639471,0.0,-0.0012626262626264095,0.017505470459518557
2024-12-20,0.00769620884579385,0.0010565675416214575,5,134.68720615849273,134.66380285249454,0.006617258054239267,0.004702228270357073,0.010703684675877179,0.00898814980566201,0.007469723422833724,0.012012012012012185,0.01967213114754096,-0.004333694474539462,0.0025284450063212116,0.008602150537634357
2024-12-23,0.006360504129926036,0.0039894222453250895,5,135.543884689512,135.20103362323437,0.004983271111962451,0.003931337557905923,0.005774351598751393,0.008896405698347015,0.008217154682663402,0.011869436201780381,0.016077170418006492,0.008705114254624613,-0.003783102143757877,-0.0010660980810234255
2024-12-24,0.0015845433418255617,-0.0026731793020133574,5,135.75865984952193,134.83961701854193,-0.00021873431245411634,0.0035629576582946465,0.0038684893175192914,0.0016642234810794188,-0.0009542194353114319,0.008797653958944274,-0.006329113924050778,-0.007551240560949357,0.0012658227848101333,0.011739594450373536
2024-12-27,0.009868957119571453,0.007134600618400816,5,137.09845624218735,135.80164383350734,0.009429219655278265,0.009151483023668139,0.01152097900815996,0.00980775139314316,0.009435352517607742,0.011627906976744207,0.01273885350318471,0.003260869565217428,0.010113780025284624,0.011603375527426296
2024-12-30,0.0074462845216768155,0.01025727581506441,5,138.11933035484932,137.19459875044674,0.0057159016291075115,0.006163201564045706,0.004703305272897751,0.008994964538203698,0.011654049604129413,0.014367816091954033,0.012578616352201255,0.018418201516793076,0.0012515644555692873,-0.009384775808133572
2024-12-31,0.025359687305308888,0.031320278813043695,5,141.62199338346696,141.4915718349544,0.026033886752032664,0.026264826522940488,0.024784715514614863,0.0216996091316361,0.02801539860532032,0.022662889518413776,0.021739130434782483,0.02765957446808498,0.040000000000000036,0.01473684210526316
2025-01-02,0.03524449572194395,0.011993792229167292,5,146.61338912340375,143.18859234972115,0.03297528724245763,0.02885805126337221,0.04560841468348581,0.03924792734473764,0.029532798075666444,0.04432132963988922,0.0607902735562309,-0.006211180124223503,0.019230769230769162,0.05809128630705396
2025-01-03,0.004790175842622135,0.004425849414787784,5,147.31569303818762,143.82232349737646,0.003998329882853258,0.003122390290383692,0.005987719803277669,0.0036292292372399615,0.007213209999356096,0.007957559681697646,0.011461318051575908,0.0,0.00943396226415083,-0.004901960784313708
2025-01-06,-0.00805336536636463,-0.0026657300027487073,5,146.12930593795187,143.43893201456444,-0.008093022497429492,-0.010066706707955786,-0.009025040041289095,-0.010650818857488531,-0.00243123872766024,-0.007894736842105177,0.0,-0.004166666666666763,0.00233644859813098,-0.030541871921182184
2025-01-07,0.002128784879188994,0.002808747914802172,5,146.440383794839,143.84181581576183,0.0073028909133098785,0.000536335206634958,0.0018764622705343126,0.002078230516235652,-0.0011499945107698306,-0.018567639257294544,0.008498583569405138,0.00313807531380772,0.002331002331002363,0.015243902439024293
2025-01-08,-0.0019496461322976444,-0.004892300057663856,5,146.15487686696122,143.13809849195192,-0.006491111719426124,-0.0024370576653720555,-0.0006122401471238825,-0.0012742669676976126,0.0010664458381314523,0.016216216216216273,0.0,-0.007299270072992692,-0.0046511627906977715,-0.014014014014014031
2025-01-09,-0.005198027111492265,-0.0010892787773697306,5,145.3951598545299,142.98218119903157,-0.006497533889365331,-0.000177309170264206,-0.006497533889365331,-0.007081646038898076,-0.00573611256956838,0.0,-0.0252808988764045,0.0,0.00233644859813098,-0.003045685279187804
2025-01-10,-0.006657067823073804,5.102002548142145e-05,5,144.42725441423164,142.98947615355974,-0.012310696480969913,0.0024855816476707093,-0.007796124694808643,-0.010652337109844562,-0.005011762477416609,0.015957446808510634,-0.043227665706051854,-0.0021008403361344463,0.00932400932400923,-0.01323828920570258
2025-01-13,-0.007375656446449419,0.0012066063084853814,5,143.3620086041683,143.16200815753365,-0.003983968463820903,-0.008466558509868993,-0.010798517926482787,-0.010085621366375919,-0.0035436159656984934,-0.020942408376963484,-0.003012048192771122,0.0063157894736840525,0.0034642032332565798,-0.02270381836945312
2025-01-14,-0.0024257737430849026,0.0033555464787014015,5,143.01424480794037,143.6423949298905,0.0003100288104486981,-0.0015216431607292247,-0.005908786216513057,-0.003032217178856128,-0.001976250969774801,-0.013368983957219305,-0.006042296072507614,0.011506276150627714,0.0,-0.004223864836325308
2025-01-15,-0.02255901559374105,-0.01278959290256488,5,139.78798422919095,141.80526717518774,-0.011261100115482536,-0.01908022845874166,-0.026389048706240426,-0.027335708502533,-0.028728992185707625,-0.0677506775067751,-0.03647416413373861,-0.007238883143743546,-0.0034522439585732423,0.0021208907741252503
2025-01-16,-0.0021896056749344693,0.001263337654955991,5,139.48190366563506,141.98441510888125,0.0001699696505179371,-0.0003710764942989886,-0.00508075709366812,-0.0018709562853539974,-0.0037952081518691783,-0.011627906976744096,-0.009463722397476393,0.009375000000000133,-0.0034642032332563577,0.004232804232804366
2025-01-17,0.008256524765321594,0.0018624308329810344,5,140.6335394575646,142.2488512613828,0.008114773603710823,0.0023588725171615477,0.010062658020635495,0.011479404508216273,0.009266915176883828,0.008823529411764675,0.031847133757961776,0.0010319917440659854,-0.004634994206257126,0.004214963119072657
2025-01-20,0.00731249188198122,0.0024394816245311133,5,141.66192107318233,142.59586472014558,0.007682888904954666,0.008369009914204917,0.00939834681123941,0.00826750658705161,0.002844707192455498,0.005830903790087438,0.0030864197530864335,-0.0010309278350515427,0.0034924330616996624,0.02518363064008411
2025-01-21,-0.002553297259024179,0.005209284879030835,5,141.30021607839808,143.33868720204458,-0.0024669838926207888,-0.00011469849685716293,-0.004739609189879257,-0.006091853592341712,0.0006466588765780268,-0.0028985507246377384,-0.012307692307692242,0.006191950464396134,0.011600928074245953,-0.015353121801433
2025-01-22,0.01035442631090162,0.00935316058304129,5,142.76329875349631,144.67935696120762,0.009309311958394462,0.012943032888627026,0.010891750837345004,0.01036275765926925,0.008265278210872362,0.014534883720930258,0.0,0.008205128205128087,0.010321100917431103,0.018711018711018657
2025-01-23,0.010349359932471125,0.009960027561627453,5,144.24080751744316,146.12036734413977,0.011504035159141918,0.010600251317458093,0.014208317413045679,0.005558720346916929,0.009875475425793007,0.005730659025787954,0.009345794392523255,-0.0050864699898270915,0.02951191827468791,0.012244897959183598
2025-01-24,0.002937430641445804,0.0032884861570928454,5,144.66450488519177,146.60088214942027,-0.001313966683947676,0.003671788301807255,0.004694283189332793,0.0011910826788745221,0.006443965721162126,0.019943019943019724,0.0,-0.004089979550102152,0.009922822491730932,-0.011088709677419484
2025-01-27,0.002066375566989742,-0.0038752682190110097,5,144.9634360834972,146.03276440994765,0.0018846454363908027,0.001039759582193961,0.0033529899926180995,0.005039301336466406,-0.0009848185127205589,0.0027932960893854997,0.006172839506172867,-0.0030800821355236874,-0.009825327510916915,0.014271151885830946
2025-01-28,-0.0016436433805598228,-0.0025625955322501857,5,144.72516789135537,145.6585415003086,-0.0013581753956161957,-0.003588296556988113,-0.0017970876963486204,-0.0006763844351815873,-0.0007982728186645971,-0.002785515320334331,0.006134969325153339,-0.001029866117404632,-0.005512679162072764,-0.005025125628140725
2025-01-29,-0.004476009826095417,-0.005245881188432376,5,144.07737661779035,144.89443409751763,-0.0062933363049656466,-0.00635720740457052,-0.004821816406330615,-0.0031005555198698187,-0.0018071334947404871,0.0027932960893854997,0.0030487804878049918,-0.003092783505154628,-0.009977827050997812,-0.015151515151515138
2025-01-30,-0.00754229285608472,-0.014049959316800201,5,142.99070284940254,142.85867319321673,-0.0094278660701059,-0.0094278660701059,-0.005808424498234127,-0.004388672341102545,-0.008658635300875128,0.0,0.0,-0.014477766287487093,-0.02015677491601342,-0.003076923076923088
2025-01-31,-0.005655918032055074,-0.01242108273887209,5,142.18195915474035,141.0842137935183,-0.007069897540068842,-0.00858965437897466,-0.004708932167560992,-0.0013556118257831151,-0.006555494247887761,0.0,0.006079027355623268,-0.009443861490031402,-0.02285714285714291,-0.002057613168724326
2025-02-03,0.0059990010654292995,0.013555042664849984,5,143.0349088791945,142.99661633082627,0.006802372501703069,0.00825403834085009,0.003261463196193415,0.0034051840803246414,0.008271947208075281,0.0027855153203342198,-0.0030211480362538623,0.016949152542372836,0.01637426900584793,-0.003092783505154628
2025-02-04,0.002148413301922103,0.00823533918622854,5,143.34220698006976,144.1742419687936,0.0040744055162915405,0.005715819657705651,0.0026855166274026288,-0.0036435972966479824,0.0019099220048586774,-0.005555555555555647,-0.012121212121212088,0.0,0.025316455696202445,0.0031023784901758056
2025-02-05,0.002241093251535475,0.010274140054756522,5,143.66345023279302,145.65550832306934,0.0021030425420729693,0.004335108895707707,-0.0005840501022472966,-0.0002850531886670893,0.005636418110811087,0.0027932960893854997,-0.00613496932515345,0.013541666666666563,0.012345679012345734,-0.01134020618556697
2025-02-06,-0.0015020305350902153,-0.0027457764143063823,5,143.44766334376692,145.25557086370208,-0.002573916998946324,-0.0011059332305911607,-0.0003359143250806773,-0.001877538168862769,-0.0016168499519701451,0.0027855153203342198,-0.0030864197530864335,-0.006166495375128367,0.0,-0.0010427528675704956
2025-02-07,0.001122491169467965,-0.0027547459841444875,5,143.60868207915115,144.85542866319068,-0.0020691082603872535,0.00295110157793399,0.003212834747770843,0.001680275824362698,-0.00016264804234045194,0.01388888888888884,-0.006191950464396134,-0.007238883143743546,-0.0011086474501109667,0.006263048016701633
2025-02-10,-0.0009921145040190816,-0.0013984147352961492,5,143.46620582275736,144.65286069726045,-0.0005552116231745396,-0.002018959329400827,-0.0009797264633572,-0.0006852041733091119,-0.0007214709308537293,-0.002739726027397249,0.0031152647975078995,-0.0010416666666666075,-0.00221975582685896,-0.0020746887966804906
2025-02-11,0.006508348477686355,0.0023093194328060894,5,144.39993388502336,144.98691035947962,0.008135435597107943,0.009688230628163874,0.008135435597107943,0.007023088544827638,-0.0004404479787756266,0.0,-0.006211180124223725,0.0,0.004449388209121219,0.03430353430353428
2025-02-12,0.008450487534920526,0.0013093871652813608,5,145.6201837263621,145.1767543590381,0.008502669858211048,0.0011881094186506347,0.010302421201758089,0.011947384058739241,0.010311853137243615,0.008241758241758435,0.03750000000000009,0.0010427528675702735,-0.0055370985603543366,0.0010050251256281673
2025-02-13,-0.00017438080669658352,-0.0023322054109674037,5,145.59479036125256,144.83817234697526,-0.0022615727386159634,0.0005350360398220511,0.002125773991629276,-0.001053165317947552,-0.0002179760083707294,0.008174386920980936,-0.003012048192771122,-0.009375000000000022,0.0033407572383072903,0.0
2025-02-14,0.00048230702513922806,0.0020401923851462857,5,145.66501175146746,145.13367008327606,0.0006028837814240351,0.0013581707904875007,7.71214260086861e-05,-0.00022952465364811658,0.0006028837814240351,0.0,-0.0030211480362538623,0.002103049421661396,0.0033296337402886067,0.0
2025-02-17,-0.0029248169756121768,-0.007359339471152755,5,145.23896825234402,144.06558213643896,-0.0029803455438395243,-0.004413596977091011,-0.00024573790367052317,-0.0028263752018160837,-0.004158029251643741,-0.002702702702702786,0.003030303030303161,-0.01364113326337879,-0.0033185840707965486,0.002008032128514081
2025-02-18,0.0009484767539004624,8.380244818017648e-05,5,145.37672403749187,144.0776551849205,0.0005080891673077959,-0.0041014131210685145,0.001983468282801104,0.0009081264640181941,0.005444112976443732,0.0027100271002711285,0.02114803625377637,-0.0031914893617021045,0.0011098779134295356,-0.017034068136272618
2025-02-19,0.006993107468504256,0.0015417385565945434,5,146.39335909210513,144.29978526106285,0.0006332762275221837,0.006522449424387677,0.009008193300411554,0.009295708060685748,0.009505910329514117,0.032432432432432545,0.00887573964497057,-0.0010672358591249376,-0.0022172949002217113,-0.003058103975535187
2025-02-20,0.0001266165243326789,-0.0006157697878058456,5,146.41189491041877,144.2109298129122,0.0014671711789760733,-0.0005748671744961742,-0.00010882336167816753,0.0007138262109714077,-0.0008642242321097449,-0.005235602094240899,0.0029325513196480912,0.0010683760683760646,-0.0022222222222222365,0.004089979550102374
2025-02-21,-0.004676192789122857,-0.007700169220545834,5,145.72724466319684,143.10048124990053,-0.005187346249561464,-0.00438325268230999,-0.006645667880747191,-0.0005557086924169452,-0.006608988440578695,-0.0026315789473684292,-0.005847953216374324,0.0032017075773744796,-0.021158129175946505,0.003054989816700493
2025-02-24,0.007374904790849524,0.017732494765283806,5,146.80196921802076,145.63800978457397,0.009218630988561904,0.009218630988561904,0.004165439499200174,0.003530348849767828,0.010741473628155807,0.0,0.0,0.02021276595744692,0.022753128555176305,-0.006091370558375608
2025-02-25,0.0021736692734916517,0.002660250978770505,5,147.12106814779804,146.0254434426496,0.0020574559850043694,0.002717086591864565,0.0008922690736164196,0.002995173354934655,0.0022063613620382505,0.0026385224274407815,0.0,0.007299270072992581,-0.0011123470522803602,0.002042900919305257
2025-02-26,0.0007540084737442498,-0.002966921258112418,5,147.2319986798478,145.59219745027428,0.0009425105921803123,0.0016778047098273685,0.0017189081077082502,0.0020560963382827424,-0.002625277379277424,0.0,-0.002941176470588225,-0.0031055900621117516,-0.00445434298440972,0.014271151885830946
2025-02-27,0.0013913079107437554,0.0031237169124941422,5,147.43684372432568,146.04698625977693,0.0004233454147454796,0.0046889873958043116,0.00018150248967579996,0.001179850772098645,0.00048285348139454065,0.0052631578947368585,-0.01179941002949847,0.006230529595015577,0.0022371364653241965,0.005025125628140614
2025-02-28,0.002848544033106992,0.0033579377468397342,5,147.85682406577675,146.53740294775082,0.004869580564943965,0.002068142727950889,0.002270690361301203,0.002723626469955137,0.002310680041383767,-0.005235602094240899,0.005970149253731405,0.005159958720330149,0.0033482142857144126,0.004999999999999893
2025-03-03,0.0013472126685790896,-0.0035439363860651574,5,148.05601865229403,146.0180837135248,0.001026121098881727,0.0009421760731126438,0.0019406893470175213,0.0036306231772144093,-0.0008035463533308529,0.0026315789473685403,0.0029673590504448732,-0.0010266940451746365,-0.007786429365962189,0.00995024875621886
2025-03-04,0.00271385578486405,-0.0008861127149677064,5,148.4578213349975,145.88869523293098,0.0033923197310800624,0.004131964701494212,0.003906194345674102,0.003672588789376041,-0.001533788643304168,0.0,-0.002958579881656598,-0.0020554984583761593,-0.0011210762331839152,0.019704433497536922
2025-03-05,0.0027003115741253358,-0.0001685875967955892,5,148.8587037082178,145.86410020840205,0.0014068855306487993,0.0011498701798228483,0.003632855997007828,0.003936556695490534,0.00337538946765667,0.007874015748031482,0.008902077151335286,-0.001029866117404632,-0.0022446689113354568,0.0
2025-03-06,0.005113645075270368,-0.00015355570640306253,5,149.61991428534648,145.8417019434557,0.0076941396774212745,0.009333232814676184,0.006907520261613731,0.006110841495943986,-0.0044775088733033375,-0.005208333333333259,-0.0117647058823529,-0.0020618556701030855,0.0011248593925758943,0.04347826086956519
2025-03-07,-0.003511797659047011,0.003897458088511519,5,149.0944794206124,146.41011386433752,-0.007007548120929158,-0.005877842311903997,-0.004906275999428583,-0.005794241455831212,0.006026919592857893,0.010471204188481575,0.005952380952380931,0.0020661157024792765,0.00561797752808979,-0.04166666666666663
2025-03-10,-0.009190655018630344,-0.005642136419144374,5,147.72420349507527,145.58404802877246,-0.008249976804376002,-0.007050448950802757,-0.011488318773287931,-0.010091670728595181,-0.009072859836089853,-0.012953367875647714,-0.017751479289940697,0.0,-0.005586592178770999,-0.009661835748792313
2025-03-11,-0.004508101912183493,-0.0016872120840856527,5,147.05824773082333,145.3384168636882,-0.004978959411226724,-0.003376091245651025,-0.005635127390229366,-0.005354228513824888,-0.0031961029999854618,-0.002624671916010568,-0.009036144578313365,0.0,-0.0011235955056179137,-0.009756097560975618
2025-03-12,-0.010438362157555692,-0.0068035101205153265,5,145.52320048275345,144.34960547365642,-0.013047952696944615,-0.004689290082962871,-0.012790220738181729,-0.011079448759936744,-0.0105848985097525,0.0,-0.03343465045592697,-0.0010309278350515427,-0.007874015748031482,-0.009852216748768461
2025-03-13,-0.025245755369344057,-0.05130422536522011,5,141.84935736280184,136.94386078305536,-0.03155719421168007,-0.02448172251356684,-0.029751208659564488,-0.00888145725022882,-0.03155719421168007,0.0,-0.028301886792452935,-0.007223942208462342,-0.09070294784580502,0.0
2025-03-14,0.009463908339438065,0.023313628080118234,5,143.1918066788916,140.136519021207,0.011171990687455446,0.018302377333682673,0.014428638023050167,-0.0009506632041313412,0.004367198857133381,0.0026315789473685403,-0.025889967637540368,-0.01039501039501034,0.05112219451371569,0.029850746268656803
2025-03-17,0.02213033378158207,0.00853429083438588,5,146.36068915548327,141.33248483105245,0.027662917226977585,0.0027459737053829036,0.027925522268994418,0.027069797416775926,0.025247458289779506,0.0,0.09966777408637872,-0.0010504201680673342,0.0023724792408066353,0.009661835748792313
2025-03-18,-0.002374500661114931,0.0009727957424608217,5,146.01315560232234,141.46997247056748,-0.002311957847391022,-0.0014575518082667605,-0.0021794822932706404,-0.004151557779056403,-0.0017719535775898299,-0.002624671916010568,-0.006042296072507614,-0.003154574132492094,0.004733727810650956,-0.004784688995215336
2025-03-19,-0.005699876854497155,-0.0018354698287923478,5,145.18089859625258,141.2103086044177,-0.006466951331279336,-0.003325453970857012,-0.006861132987952684,-0.007124846068121443,-0.004720999914275298,-0.0026315789473684292,-0.015197568389057725,-0.001054852320675037,0.0,-0.009615384615384581
2025-03-20,-0.002456566516355041,-0.0025409159423758006,5,144.82425206194668,140.8515050800569,-0.0024110775385836336,-0.0015274982689006122,-0.000694784175010843,-0.0033651722208266066,-0.004284300378453509,-0.0026385224274406704,-0.006172839506172756,-0.009503695881731833,0.0011778563015312216,0.004854368932038833
2025-03-21,-0.004408227203203707,-0.008834163444235989,5,144.18583385432356,139.60719986281305,-0.004187532681253353,-0.003181091457420737,-0.0041776614027253245,-0.0025691075334164093,-0.007925742941202712,-0.005291005291005124,-0.009316770186335588,-0.005330490405117239,-0.0117647058823529,0.009661835748792313
2025-03-24,0.004622626413097475,-0.004318792856775132,5,144.85235109829307,139.00426528529115,0.003783602165308042,0.0057782830163718435,0.0073860000581724705,0.007563997302086123,-0.001398750476451105,0.007978723404255206,0.0,-0.006430868167202508,-0.0071428571428571175,0.028708133971291794
2025-03-25,-0.0030285852647940815,0.002765199649746749,5,144.413653402186,139.38863983097133,-0.004445362187852797,-0.003002032521431497,-0.002976670092319472,-0.005584292732071727,0.0008654312097050865,0.0026385224274407815,-0.0031347962382444194,-0.003236245954692518,0.007194244604316502,-0.018604651162790753
2025-03-26,0.001826242278079393,0.0016937755051303581,5,144.677387721561,139.62473289481042,0.0016249081107571062,0.0014966393255866905,0.0017416773064737323,0.0019851837999801947,0.0022828028475992412,0.0026315789473685403,0.0031446540880502027,0.0021645021645020357,0.0011904761904761862,0.0
2025-03-27,0.0013349736961894676,0.003317956321037459,5,144.87052822860267,140.08800165989194,0.0023248850992394765,0.0016687171202368345,-0.001841002102225403,0.0016687171202368345,0.0028535512434595955,-0.002624671916010568,0.0,0.01403887688984895,0.0,-0.004739336492891044
2025-03-28,0.001741561140268777,0.0023679355536697943,5,145.12282911093578,140.419721019665,0.002176951425335971,0.0013932523657748108,0.001378229380607554,0.0015824211042895775,0.002176951425335971,0.0,0.0031347962382446415,0.0031948881789136685,0.0023781212841855748,0.0
2025-04-01,0.0016128183768917114,-0.0003923877479926141,5,145.35688587663242,140.3646220415603,0.0020160229711146394,-0.00032772702888533845,0.001750630189798319,0.002609142781316298,0.0020160229711146394,0.0,0.009374999999999911,0.0010615711252652815,-0.0023724792408066353,0.0
2025-04-02,0.0018562527618214198,-0.0007220232954282196,5,145.62670499749066,140.26327551459232,0.004951894899645176,0.0030943097603262637,0.0004645365249172917,0.0032121114338463375,-0.0024415888096279703,-0.010526315789473606,-0.003095975232197956,0.007423117709437932,-0.003567181926278251,0.01904761904761898
2025-04-03,-0.008650451349014054,-0.00932831188596101,5,144.36696827079265,138.95485593444573,-0.0008396599309484221,-0.010813064186267568,-0.010023590502057061,-0.008426429341398839,-0.013149512784398382,-0.039893617021276584,0.0,-0.0031578947368420263,-0.009546539379474916,0.009345794392523255
2025-04-04,-0.008314566515919419,-0.024290336553197955,5,143.1666195104035,135.5795957180969,-0.011085728920522536,-0.011169605660427157,-0.009073250383547643,0.00014896052979951335,-0.010393208144899274,0.0027700831024930483,0.0031055900621115295,-0.0052798310454065245,-0.04216867469879515,0.0
2025-04-07,-0.01894011092217591,-0.03142393253706861,5,140.45502785652351,131.3191516488484,-0.018840884509073452,-0.02367513865271989,-0.013324820181382285,-0.015184572614984043,-0.02367513865271989,-0.019337016574585753,0.0,-0.04140127388535042,-0.03396226415094339,0.0
2025-04-08,-0.02345465373517115,-0.017663634734946924,5,137.16070381278493,128.99957812042,-0.02298028899994986,-0.025448348128716297,-0.02239694396852096,-0.026388629668963964,-0.020059057909704664,-0.025352112676056304,-0.015479876160990558,-0.027685492801771905,-0.011718749999999889,-0.03703703703703709
2025-04-09,-0.03242561009544942,-0.052130852647026944,5,132.71318431053413,122.27472012189575,-0.03619675250370483,-0.03188421387717341,-0.032844085512250265,-0.023074832118652966,-0.03812816646546563,-0.017341040462427793,-0.03459119496855345,-0.03075170842824604,-0.06982872200263524,-0.009615384615384581
2025-04-10,0.028973627180863916,0.04803623831998815,5,136.5583666347328,128.14833771818098,0.03842291632902106,0.03133104049073787,0.02711010095610339,0.020282189783445315,0.027721888345011936,-0.008823529411764675,0.019543973941368087,0.03642773207990602,0.06373937677053831,0.03398058252427183
2025-04-11,0.014986912427589826,0.017021393345238944,5,138.6049549167423,130.3296009810207,0.01576628148404219,0.013142586221388253,0.015899173414305856,0.013740298324101119,0.01638622269411172,0.011869436201780381,0.022364217252396124,0.01133786848072571,0.01997336884154466,0.009389671361502261
2025-04-14,0.01198178825844598,0.023424574310801444,5,140.26569013812616,133.38251640409771,0.009845270513673315,0.014977235323057475,0.012454813798393832,0.006491595636373387,0.01614002602073189,0.02052785923753664,0.0,0.010089686098654571,0.03394255874673635,-0.0046511627906976605
2025-04-15,-0.005772687658875619,-0.025660088027884186,5,139.45598011970213,129.95990929178785,-0.009371031987387674,-0.007215859573594524,-0.004441164790020713,0.0028851505274155864,-0.010720532470790772,0.008620689655172598,0.0,-0.011098779134295245,-0.04040404040404044,0.014018691588784993
2025-04-16,-0.007462668124807359,0.0009633415511126638,5,138.41526642204906,130.08510507238748,-0.00861608444375847,-0.009328335156009199,-0.006803082630756685,-0.011302019366535493,-0.0012638190269769478,-0.002849002849002913,0.0,-0.010101010101010055,0.007894736842105177,-0.032258064516129004
2025-04-17,0.004810048518972443,0.0019986753334953027,5,139.08105056930563,130.3451029631508,0.00886970350585839,0.006793810648715565,0.003178093528534126,0.006338931405895698,-0.0011302964941415639,-0.011428571428571344,-0.0031250000000000444,0.01133786848072571,-0.0013054830287205776,0.02857142857142847
2025-04-22,0.012928932968995865,0.03666539295414978,5,140.8792201493737,135.12425738294382,0.014716079506042562,0.016161166211244832,0.01532035903635695,0.0011284864726827382,0.017318573618652244,0.005780346820809079,0.0,0.0033632286995515237,0.060130718954248374,-0.00462962962962965
2025-04-23,0.00010357560196863069,-0.007861454162081947,5,140.89381179940557,134.06198422734246,-0.001307312106734626,-0.000654229557100372,-0.00517779306737165,0.007527743238589013,0.00012946950246078837,0.005747126436781658,0.0031347962382446415,0.021229050279329753,-0.0295930949445129,0.0
2025-04-24,0.0030357291461358795,-0.010028997860100395,5,141.3215272503952,132.71747687440563,-0.0033481957101872684,0.003794661432669849,0.004068184408599851,0.009194915562275946,0.0014690800373210189,0.02857142857142847,0.0,-0.001094091903720007,-0.021601016518424387,0.009302325581395321
2025-04-25,0.003757664367847036,-0.00020721896748161956,5,141.85256611775372,132.68997529588094,-0.0022473639846356253,0.0046970804598087945,0.005792370711725531,0.0046970804598087945,0.0058491541925276835,0.02777777777777768,0.0,-0.004381161007666945,0.0,-0.004608294930875556
2025-04-28,0.0016189205793166518,-0.003442407059726446,5,142.08221415627062,132.23320238816746,0.0006722993727944215,0.0020236507241458146,0.004498898248898292,0.0023483260488211255,-0.0014485714980763953,0.005405405405405572,0.0,-0.00990099009900991,-0.0012987012987012436,0.01388888888888884
2025-04-29,-0.020024213748265508,-0.00902792479100339,5,139.23712953017863,131.03941098213357,-0.02637435320683726,-0.003936517185331889,-0.024474711629776325,-0.023729877068296767,-0.021605609651085295,0.005376344086021501,-0.08437499999999998,-0.0022222222222222365,-0.005201560468140465,-0.013698630136986356
2025-04-30,-0.004686096202938139,0.0061168154056287505,5,138.58465094617927,131.84095486997361,0.0014953209227979158,-0.001591408649577103,-0.010311963238082505,-0.0071648097961563295,-0.005857620253672674,-0.02941176470588236,-0.017064846416382284,0.017817371937639326,0.005228758169934622,0.0
2025-05-02,-0.025268286699058607,-0.0007165604503396892,5,135.08285425398225,131.74648285597877,-0.018499958924787452,-0.03158535837382326,-0.033500019205333076,-0.0322355534323408,-0.010520543559008444,-0.052341597796143224,0.0,0.007658643326039272,0.002600780234070177,-0.08425925925925926
2025-05-05,-0.013763515907136092,-0.003230701504971478,5,133.22363924067622,131.32084929554125,-0.0063032320932224495,-0.011996061550586773,-0.019104503461553124,-0.016231632238005722,-0.015182150192312394,-0.043604651162790664,-0.02083333333333337,0.007600434310532034,-0.0038910505836575737,-0.008088978766430888
2025-05-06,-0.002391597229500708,0.0010947054513693072,5,132.90502195416423,131.46460694514352,-0.0014697396979701516,-0.00032992206879076114,-0.0035282896403241726,-0.0036405382035425704,-0.0029894965368758852,-0.006079027355622935,-0.010638297872340496,0.0021551724137931494,0.0026041666666667407,0.0
2025-05-07,0.009213737168753377,0.011111860516236265,5,134.1295738948573,132.92542332033977,0.009988119473174184,0.008828999417930972,0.004796741353414846,0.011192496136266439,0.011262329462980447,0.006116207951070152,0.010752688172043001,0.026881720430107503,0.0012987012987011326,0.0010193679918450993
2025-05-08,0.0009679182908600037,0.0003752423439935913,5,134.25940036277538,132.97530256776284,-0.0003098589753308123,0.0012098978635750046,0.000686337654150937,0.0015341520788797747,0.0017190628330251145,0.006079027355623268,0.0,0.0020942408376962707,-0.0012970168612190802,-0.0020366598778004397
2025-05-09,0.0014552410460228816,-0.0022630433133523694,5,134.4547801529977,132.67437369844586,0.00030847728940172625,-0.0008405231605565222,0.004170148486212,0.0018190513075286019,0.0018190513075286019,0.0060422960725075026,0.010638297872340496,-0.009404388714733591,0.0,0.0
2025-05-12,0.0038851318826573556,0.0005253664546046089,5,134.9771547061458,132.74407636377268,0.001102661099567942,0.0057336078357778375,0.00459270177315288,0.005181090177997005,0.0028155985267911132,0.01501501501501501,-0.0035087719298245723,0.0010548523206752591,-0.0012987012987012436,0.008163265306122325
2025-05-13,0.004746415656464054,0.01848420311291294,5,135.617812386508,135.19774483331668,0.008151954481822654,0.004172456190298379,0.005933019570580067,-0.003494808777924463,0.00896945681754363,-0.008875739644970349,0.007042253521126751,0.0,0.03771131339401812,-0.012145748987854255
2025-05-14,0.023498680005737516,0.022336529175927402,5,138.8046519628567,138.21759320530563,0.026388275380306248,0.01626146189528377,0.025948692472925305,0.023107685846770865,0.025787284433401392,0.011940298507462588,0.0524475524475525,0.013698630136986356,0.02506265664160412,0.014344262295082011
2025-05-15,0.015797826817380223,0.02168624229444453,5,140.99746381601264,141.21501342091088,0.017534894141194246,0.018916718737672145,0.01974728352172528,0.009356085477715492,0.013434152208593952,0.00884955752212413,0.0033222591362125353,0.0,0.041564792176039145,0.025252525252525304
2025-05-16,0.009535945919099831,0.008823229567496108,5,142.34200800569238,142.46098590270063,0.011919932398874789,0.0052974158425834195,0.009321179800122203,0.01045279624864004,0.010688405305278703,0.0,0.026490066225165476,0.01039501039501034,0.005868544600938996,0.0049261083743843415
2025-05-19,0.014173401023680254,0.006138929396950633,5,144.35947836767295,143.33554383697728,0.01186879806322605,0.00239417063443903,0.017202347987419264,0.01800846656548133,0.0213932218678356,0.023391812865497075,0.06129032258064515,0.002057613168724215,-0.001166861143524045,-0.014705882352941124
2025-05-20,0.004481997286236305,0.0008893729102482105,5,145.00649715795936,143.46302258674157,0.004173925179223936,0.005602496607795382,0.0045758025626208565,0.0061866087573280715,0.0018711533242132816,0.005714285714285783,0.0,0.004106776180698102,-0.002336448598130758,0.014925373134328401
2025-05-21,-0.007250457373539266,-0.009224941813261828,5,143.95513373142933,142.13958455102423,-0.009773298989651319,-0.002984044361301008,-0.008296200551279914,-0.006135671248540003,-0.009063071716924082,0.0028409090909089496,-0.024316109422492294,-0.0030674846625766694,-0.011709601873536313,0.0
2025-05-22,-0.002202919307286377,-0.008907202847755875,5,143.63801218794936,140.8735184387325,-0.0027536491341079716,0.00036161566339984463,-0.0014715978520566941,0.0005046447047546143,-0.00765560991842168,0.0,-0.012461059190031265,-0.00512820512820511,-0.013033175355450344,0.019607843137254832
2025-05-23,-0.005047418223646116,-0.010600871104630094,5,142.91301106762361,139.38013642770778,-0.00772570337445852,-0.003943342180188547,-0.00605154082079476,-0.001207231963231109,-0.006309272779557645,0.0056657223796034994,-0.009463722397476393,-0.0010309278350515427,-0.020408163265306145,0.0
2025-05-26,-0.011859370994013662,-0.034503473464713656,5,141.2181526495011,134.5710375889662,-0.016936889798855104,-0.012435678710669973,0.008137602562952484,-0.014824213742517078,-0.023237675280978642,0.008450704225352101,-0.009554140127388422,-0.09184726522187825,0.0,0.033653846153846256
2025-05-27,0.0025110890021970977,0.0025488271263259745,5,141.57276399952983,134.91403589999075,0.003138861252746372,0.003138861252746372,0.00569567943456456,-0.00023123678646935764,0.0008132798573975419,0.0,0.0,-0.010227272727272751,0.01348039215686292,0.009302325581395321
2025-05-28,0.0019709523184694433,0.005145489259250489,5,141.85179716696683,135.6082346226363,0.0010670423533940543,0.0032675489189871454,0.002463690398086804,-0.0005592842089264805,0.003615764130805693,0.005586592178770999,-0.003215434083601365,0.0,0.012091898428053138,-0.004608294930875556
2025-05-29,0.002148651558858572,0.0027570235216886944,5,142.15658725207652,135.98210971522556,0.002685814448573215,0.002685814448573215,0.0035468936678613727,0.000296328188119227,0.0015284070411658301,0.0,0.0,-0.003444316877152631,0.009557945041815952,0.004629629629629539
2025-05-30,0.0019320299221043725,-0.003514764049752579,5,142.43123803227178,135.504164684589,-0.0017516292640361864,0.0024150374026304655,0.004431166434888528,0.003302611367127506,0.0012629636699115487,0.016666666666666607,0.0,-0.008064516129032251,-0.0035502958579881616,0.004608294930875667
2025-06-03,0.003717408482804574,0.00734527638855159,5,142.9607131247493,136.4994802259971,0.006012880822084982,0.005453212216408959,0.007840721114539373,-0.003072954360864799,0.002353182621854355,-0.005464480874317057,-0.003225806451612967,-0.012775842044134622,0.030878859857482066,0.00917431192660545
2025-06-04,0.0034428076667166073,0.01044040533968262,5,143.45289936393445,137.9245901282125,0.0056771359570221,0.004303509583395759,-0.004814137475427749,0.006607657048833537,0.005439873219759389,-0.005494505494505364,0.0,0.03647058823529403,-0.009216589861751112,-0.004545454545454519
2025-06-05,0.006913907962792498,0.011897099680582515,5,144.44471950713242,139.56549272537134,0.007951777218684009,0.007833323464817465,0.0035345529444100188,0.0066075012325603755,0.008642384953490623,0.0027624309392264568,0.003236245954692629,0.020431328036322416,0.008139534883720989,0.0
2025-06-09,-0.005093669203700446,-0.007049331381963703,5,143.7089658877418,138.58164931766314,-0.008433202207104945,-0.005560634891722316,-0.0030300453477846157,-0.005502034601511385,-0.0029424289703789686,0.00826446280991755,-0.003225806451612967,-0.013348164627363768,-0.0034602076124566894,-0.013698630136986356
2025-06-10,0.0031466260748783227,0.00425671813846597,5,144.16116426699796,139.17155233797217,0.0032502224843082572,0.0015060981275784868,0.00224218901975351,0.003643930741746043,0.005090690001005316,0.002732240437158584,0.009708737864077666,0.006764374295377573,0.0011574074074074403,-0.00462962962962965
2025-06-11,0.012722018003552327,0.012744697875310703,5,145.99518519421576,140.94525172535762,0.013858925774195174,0.01029354814546607,0.011423239189770729,0.014457435799238083,0.013576941109091578,0.008174386920980936,0.022435897435897356,0.01791713325867872,0.005780346820809301,0.009302325581395321
2025-06-12,0.01407391959556632,0.01479678838338755,5,148.04990969197897,143.03078878878102,0.0142140211160795,0.01445760325621337,0.014567096964204884,0.01299469834503264,0.014136178296301205,0.013513513513513598,0.012539184952978122,0.012101210121012063,0.018390804597701038,0.01382488479262678
2025-06-13,0.010350090362235354,0.0011003435957677192,5,149.58223963541172,143.18817180122238,0.01093761295279419,0.004423681064249313,0.01647022164844636,0.011526777738347233,0.008392158407339673,0.008000000000000007,0.034055727554179516,-0.01413043478260867,0.0056433408577878375,0.018181818181818077
2025-06-16,-0.00202381293490137,0.007197436330617348,5,149.27951316400606,144.21875955105918,-0.0012070148458754315,-0.00028425718659080834,-0.008593713246906776,-0.0019685989407928484,0.0019345195456590136,-0.005291005291005124,-0.008982035928143617,0.024255788313120252,-0.0022446689113354568,-0.017857142857142905
2025-06-17,0.00045153023779629373,-0.005830603307934527,5,149.34691737808313,143.37787717455456,-0.002095161670839757,0.0035855608334991462,0.0013717324958460453,0.003376561278685186,-0.003981041748209152,0.010638297872340496,-0.012084592145015116,-0.0032292787944027124,-0.011248593925759276,0.018181818181818077
2025-06-18,-0.0004801215327957742,-0.00017235902421112225,5,149.27521270719325,143.3531647035513,5.7742820847389575e-05,-0.0006001519159947177,0.00047976169091670795,-0.001737808343753533,-0.0006001519159947177,-0.0026315789473684292,0.0,-0.004319654427645703,0.004550625711035261,0.0
2025-06-19,-0.005632484779089042,-0.006024060732789895,5,148.4344223437247,142.4895965331395,-0.0011039305121198772,-0.009334183955512665,-0.0070406059738613025,-0.003643097480090063,-0.0070406059738613025,-0.0237467018469657,0.00917431192660545,0.0,-0.013590033975084959,0.0
2025-06-20,0.0038863443046432524,0.002245418142267703,5,149.01128961561326,142.8095452582794,0.002830903353777059,0.0025852031080768056,0.00458678070618368,0.004570903974374652,0.004857930380804065,0.008108108108108025,0.009090909090909038,0.0010845986984815426,0.0011481056257176547,0.0
2025-06-23,0.0029854066598969053,0.00014336457321199484,5,149.45614891203152,142.83001908778596,0.0030615170380078605,0.0037317583248711317,0.0037317583248711317,0.004018455572577573,0.0003835440391568301,0.002680965147453085,0.0,0.0,-0.0011467889908257645,0.013392857142857206
2025-06-24,0.008133885307018396,0.009287287514208313,5,150.67180808571064,144.1565225407141,0.01083580583163396,0.004912101378517719,0.00827136530116196,0.007584118975908438,0.009066035047869903,-0.002673796791443861,0.021021021021021102,0.007583965330444142,0.010332950631458226,0.004405286343612369
2025-06-25,0.008134871636569452,0.009958096328634978,5,151.89750390373771,145.59204707857555,0.010168589545711815,0.010168589545711815,0.006942783094098903,0.007611771363893627,0.005782624633431099,0.0,0.0,0.012903225806451646,0.010227272727272751,0.01754385964912286
2025-06-26,0.004644819820775159,0.013368021677249839,5,152.60304044059606,147.53832471995713,0.0051357834891056775,0.007276613011263089,0.001825133056223699,0.001025372357521287,0.007961197189762043,0.002680965147453085,-0.005882352941176561,0.015923566878981,0.019122609673790647,-0.008620689655172376
2025-06-27,0.0218248082280752,0.02326390548878442,5,155.93357253323325,150.9706423622158,0.023938764295789172,0.020624205551366126,0.0220563498880198,0.020658493728802574,0.021846227676398322,0.013368983957219305,0.02662721893491149,0.020898641588296796,0.026490066225165698,0.021739130434782705
2025-06-30,0.012166587371257398,0.005656114252849793,5,157.83075196757113,151.8245495642426,0.011910081179770937,0.007283162167962265,0.014952348850714559,0.014670599805469586,0.012016744852369643,0.013192612137203241,0.03170028818443793,0.0010235414534287557,0.0021505376344086446,0.012765957446808418
2025-07-01,0.009666163295575503,0.0061022769628261975,5,159.35636978915312,152.75102501543995,0.0062233291194693785,0.01697097227589392,0.0067146059599601515,0.013692146179555248,0.004729762942998816,0.0234375,-0.019553072625698165,0.021472392638036908,-0.006437768240343478,0.02941176470588225
2025-07-02,-0.005342467082152513,0.0018867614254112612,5,158.50501362922327,153.03922975713112,-0.006041951537169049,0.00044442326981647406,-0.00817958535419211,-0.00829795426305785,-0.004637267526160033,-0.00254452926208637,-0.028490028490028463,0.006006006006005871,0.006479481641468832,-0.008163265306122436
2025-07-03,0.01602606073842692,0.014315304752003172,5,161.04522460499038,155.23003297011627,0.015568290208747948,0.019299438093121624,0.011326108261342116,0.021105537296424226,0.012830929832498672,0.017857142857142794,0.0029325513196480912,0.03482587064676612,-0.0042918454935623185,0.028806584362139898
2025-07-04,0.004763849721562963,0.004956248230743447,5,161.81241985338391,155.99939154638267,0.005954812151953703,0.003030835543766597,0.007156735228876776,0.002722053531264035,0.0049548121519537025,0.0,0.011695906432748426,-0.004807692307692291,0.012931034482758674,0.0040000000000000036
2025-07-07,-0.004830917874396134,-0.009584101707728072,5,161.0307173420149,154.50427751145844,-0.006038647342995168,-0.006038647342995168,0.0,-0.006038647342995168,-0.006038647342995168,0.0,0.0,-0.024154589371980673,0.0,0.0
2025-07-08,0.0006985610625999117,0.0026317904309614577,5,161.14320713103257,154.9109003905557,0.0008732013282498896,0.0015957446808510523,0.0008732013282498896,-0.0007225433526011626,0.0008732013282498896,0.0,-0.0028901734104046506,0.0,0.006382978723404209,0.0
2025-07-09,-0.010597358808079238,-0.016214291160453805,5,159.43551474558038,152.39912994769517,-0.012620132094058933,-0.011797423147780178,-0.008296203460594093,-0.009018368700373897,-0.01125466663758909,-0.0025062656641604564,-0.005797101449275477,-0.01980198019801982,-0.016913319238900604,-0.007968127490039834
2025-07-10,-0.002471906172237137,-0.0007050275926165913,5,159.04140511260695,152.2916843559913,-0.0024617420117788724,-0.0016321567677745896,-0.0030898827152964214,-0.0030898827152964214,-0.002085866651039381,-0.002512562814070196,-0.005830903790087327,0.0,0.0,-0.004016064257028162
2025-07-11,0.0055184410941296665,0.0008397512152725353,5,159.9190657382485,152.41957148300514,0.006268328445747762,0.006898051367662084,0.006140475610086349,0.007435685776264245,0.0008496642708878954,0.0025188916876572875,0.0,0.003030303030302939,-0.0021505376344086446,0.024193548387096753
2025-07-14,-0.010568098507397816,-0.012665872118385204,5,158.22902529831563,150.48904468226232,-0.01006941961665933,-0.011010709644511174,-0.0076713517344486615,-0.01186314037562658,-0.012225871165743335,-0.012562814070351758,-0.008797653958944385,-0.022155085599194435,-0.0053879310344827624,-0.003937007874015741
2025-07-15,0.005194472907078173,0.009935510051247494,5,159.0509416833411,151.98423009830557,0.005220826502804421,0.005013801193019307,0.0018586936055263736,0.005409667515212824,0.008469375718827943,0.0050890585241731845,0.00591715976331364,0.018537590113285374,0.004333694474539573,-0.007905138339920903
2025-07-16,0.0003667844940028031,-0.004065541838874882,5,159.1092791025071,151.36633185199173,-0.00017443077490156278,0.00119377473515056,0.0004584806175035039,0.002885665083522948,-0.0025295671912614337,0.0025316455696202667,-0.002941176470588225,0.0,-0.009708737864077777,0.01195219123505975
2025-07-17,-0.001540376001888677,0.0037318520316284584,5,158.8641909872998,151.93120860503376,-0.0006628437397345754,-0.0004505437486735653,-0.004706056453321422,-0.0019254700023608462,4.303393464702432e-05,-0.005050505050505083,-0.005899705014749124,0.011122345803842304,0.0,-0.007874015748031482
2025-07-18,-0.0034025967172882643,-0.0023335095276202254,5,158.32364021255174,151.57667568221106,-0.0023496925971179528,-0.002769566371387755,-0.0017532458966103281,-0.005887232824714955,-0.00425324589661033,-0.0076142131979695105,-0.005934718100890302,-0.010000000000000009,0.0065359477124184995,0.0
2025-07-21,0.001171843641592063,0.007425073943714483,5,158.5091707636485,152.70214370729389,0.0008254183627317835,0.005942416492288605,-5.0346963161446157e-05,-0.0023230742358887058,0.0014648045519900788,0.002557544757033181,-0.017910447761194104,0.0060606060606061,0.015151515151515138,0.0
2025-07-22,0.0008396363400601902,0.005281245258996621,5,158.64226082365448,153.50860117978664,0.0029628107311977236,0.0010495454250752378,0.0015515534572037304,-0.0024152733382509783,0.0010495454250752378,-0.007653061224489943,0.0,-0.00200803212851397,0.013859275053304865,0.0
2025-07-23,0.008962296196217513,0.010088748255166832,5,160.06405975439367,155.0573108120923,0.009917523201570078,0.010442991825818981,0.009693815919316173,0.007522533757364391,0.007234616277017936,0.005141388174807249,0.003039513677811634,0.006036217303822866,0.014721345951629994,0.015873015873015817
2025-07-24,-0.0019674705248890144,-0.007797845569836899,5,159.74913843473283,153.84819784790542,-0.0011805657775946221,-0.003974489671262793,-0.0037093381561112415,0.002462941636634852,-0.003435900656111268,-0.005115089514066584,0.0060606060606061,0.004999999999999893,-0.01968911917098448,0.00390625
2025-07-25,0.004513659527064906,0.00437262370360024,5,160.47019165536918,154.52091812457132,0.004999400886980199,0.004889062360638408,0.004398293314303747,0.004584991956399831,0.0036965491170023457,0.0025706940874037354,0.0030120481927708997,0.004975124378109541,0.0042283298097252064,0.0077821011673151474
2025-07-28,-0.0002463435438943229,-0.007186995662490157,5,160.4306608596674,153.41037695624604,0.0016151474932090126,-0.005563184685123179,0.003157417104785565,0.0017973337280268176,-0.0022384313603698303,-0.007692307692307665,0.021021021021021102,-0.013861386138613874,-0.008421052631578885,0.007722007722007707
2025-07-29,0.005739440462582656,0.005691995065469267,5,161.35144308604424,154.28358806487276,0.0052363160821042865,0.007174300578228321,0.0049152644336499796,0.006112729452962928,0.005258591765967768,0.007751937984496138,0.0,0.009036144578313365,0.00424628450106157,0.00766283524904221
2025-07-30,0.0009718727642505254,0.0006224513041131007,5,161.50825615905205,154.37962208546702,0.0012148409553131567,0.0012148409553131567,0.0012148409553131567,0.0009505703422053036,0.00026427061310785316,0.0,0.0,0.0,0.0010570824524314126,0.0038022813688212143
2025-07-31,0.0019637938750139304,0.0022147417069277977,5,161.8254250832614,154.72153307319945,0.002454742343767413,0.002454742343767413,0.001210961249240028,0.002190750791497109,0.0015077726467976893,0.0,0.0,0.004975124378109541,0.001055966209081216,0.0037878787878788955
2025-08-01,-0.014517390428825005,-0.003928544438980825,5,159.4761422060171,154.11370265485414,-0.018146738036031257,-0.013734973330148892,-0.018146738036031257,-0.017619311875693683,-0.004939190866219939,0.0,-0.01764705882352946,0.0,-0.0021097046413502962,-0.05283018867924527
2025-08-04,0.00372851813449,-0.003672728934095788,5,160.07075189425075,153.54768479997304,0.0046606476681125,0.005409150662124496,0.0058982714304887385,0.005982000733651599,-0.003307479821927334,0.0,-0.0029940119760479833,-0.004950495049504955,-0.005285412262156397,0.031872509960159334
2025-08-05,0.0005601237180853147,0.0024625830567727106,5,160.16041131895847,153.9258087269681,5.912900658100462e-05,0.0014509053983573494,-0.0005436264469207419,0.00016880501955135463,0.0016654056128576067,0.002564102564102555,-0.0030030030030028243,0.004975124378109541,0.002125398512221155,-0.0038610038610038533
2025-08-06,0.006640821644200212,0.010145609146120444,5,161.22400804498943,155.48747981981245,0.007022254676733675,0.009054039103443046,0.0033505320057453103,0.006445247627890782,0.007332034807188248,0.005115089514066362,-0.003012048192771122,0.01980198019801982,0.007423117709437932,0.003875968992248069
2025-08-07,0.008559791707371556,0.010471541143861899,5,162.60405197208215,157.115673362101,0.010063607318692824,0.006923304588897228,0.008272555168195028,0.007805002792109217,0.009734488668963481,0.0025445292620864812,0.015105740181268867,0.009708737864077666,0.011578947368420911,0.0038610038610038533
2025-08-08,0.010326486966131077,0.007941804769791175,5,164.28318059541195,158.3634553662171,0.011004555408171413,0.010675965850520996,0.0105042625538177,0.011347234618173718,0.008100416399971555,0.0076142131979697325,0.008928571428571397,0.009615384615384581,0.00624349635796051,0.019230769230769162
2025-08-11,2.225823109027747e-05,-0.0026575196484057437,5,164.28683724840988,157.94260137199194,-0.0012316230549658524,0.000765285915706515,0.0024087751698152193,2.7822788862846837e-05,-0.0018589696639673414,0.005037783375314797,-0.002949852507374673,-0.00952380952380949,0.0,0.007547169811320753
2025-08-12,0.003939459364901277,0.006444522669712583,5,164.93403856793813,158.96046604704713,0.004924324206126596,0.003445034265298186,0.0013185549753573778,0.004148729583582644,0.005860653794141579,0.0,0.00591715976331364,0.014423076923076872,0.0031023784901758056,-0.0037453183520599342
2025-08-13,0.0070989802961529454,0.016809016552065244,5,166.10490205789685,161.63243515195595,0.010753424618311469,0.0037266665466617332,0.0029495547540774603,0.004492282071222126,0.01357297349049194,-0.007518796992481147,0.020588235294117796,0.023696682464454888,0.017525773195876226,-0.018796992481203034
2025-08-14,0.02068604439661459,0.040891720286891996,5,169.54095543636183,168.24186347947892,0.023332302970515695,0.025137094400667415,0.022385333273546026,0.008633644654836126,0.023941846683507684,0.010101010101010166,0.0028818443804032867,0.01388888888888884,0.06889564336372844,0.00766283524904221
2025-08-15,-0.0002904432549766245,0.009662273749221743,5,169.49171340941305,169.86746242049685,0.0002619459312792338,0.0003553367358768711,0.0007784984426947583,-0.006287224684834503,0.003439227300100517,-0.0025000000000000577,-0.002873563218390607,-0.004566210045662156,0.023696682464454888,-0.01520912547528519
2025-08-18,0.00015838630347764227,0.005349208091341218,5,169.51855857537004,170.7761188249322,0.0008245492953871669,0.0038002883548513833,-0.0009488061114786561,-0.0021168319354677723,-0.0007672680859039105,-0.0025062656641604564,-0.014409221902017322,0.004587155963302836,0.0092592592592593,0.0038610038610038533
2025-08-19,-0.002799150950433682,-0.0009728540409093677,5,169.04405054101764,170.60997858764253,0.00026990553306338594,-0.005691921144182405,-0.0034989386880421025,-0.0034989386880421025,-0.0015758617649651863,-0.015075376884421954,0.008771929824561209,0.0,0.0,-0.007692307692307665
2025-08-20,0.0021025804396304524,0.005708370383376118,5,169.39947925512107,171.58388353652066,0.0026282255495380658,0.0026282255495380658,-0.0019379844961240345,0.0026282255495380658,0.0045662100456621,0.0,0.0,0.0182648401826484,0.0,-0.007751937984496138
2025-08-21,-0.003864217605670106,-0.004080475077597916,5,168.74488280499207,170.88373977603243,-0.008656802619332493,-0.006279547369406502,-0.004830272007087633,-0.00253669402543627,0.0029822279929123674,0.015306122448979442,0.005797101449275477,0.0,-0.00917431192660545,-0.03125
2025-08-22,-0.0013816187839239547,-0.004019425359344339,5,168.51174170521764,170.19688533887705,-0.00235516418342252,-0.0017270234799049433,0.001636205219646636,-0.0017270234799049433,-0.0027350879960340024,0.002512562814070307,0.0,-0.013452914798206317,0.0,0.0040322580645162365
2025-08-25,0.002771626156084661,0.002976320882107522,5,168.97879325613522,170.70344588278078,0.004717665527185999,0.0020236105049041275,0.0011918054223785668,0.0034645326951058264,0.002460516630848786,-0.005012531328320691,0.0057636887608067955,0.009090909090909038,0.0,0.004016064257028162
2025-08-26,0.006651711944490835,0.0037864268731345276,5,170.1027915136027,171.349801997608,0.007684917008699221,0.006881975174166555,0.006062387678361314,0.008314639930613543,0.00431463993061354,0.0025188916876572875,0.005730659025787954,0.009009009009008917,0.0,0.016000000000000014
2025-08-27,0.0008665007745053855,-0.00209168373019046,5,170.25018571419477,170.99139240459826,-0.0001731554389034773,0.0010831259681317318,0.0010831259681317318,0.0022405333755391443,9.887399962779653e-05,0.005025125628140836,0.0,0.0,-0.00462962962962965,0.003937007874015741
2025-08-28,-0.00028310747872990484,0.0025703664111873833,5,170.2019866133639,171.4309029362372,-0.00035388434841238103,-0.001778385772913782,-0.00035388434841238103,-0.001516675046086824,0.002587292122175844,0.0,0.005698005698005604,0.0,0.0046511627906977715,-0.0117647058823529
2025-08-29,0.0075938966080609125,0.0036727877617392544,5,171.49448290219235,172.06053225852534,0.008242370760076112,0.007367724867724856,0.009492370760076141,0.008334963352668756,0.004532053299758698,0.0050000000000001155,0.008498583569405138,0.0,0.004629629629629539,0.01984126984126977
2025-09-01,0.006314729852682088,0.0014304916911756604,5,172.57742423294508,172.30666342030042,0.0029182879377431803,0.00789341231585261,0.00789341231585261,0.00789341231585261,0.00497512437810943,0.01990049751243772,0.0,0.0,0.0,0.011673151750972721
2025-09-02,0.0055989894528070796,-0.0009012654059144368,5,173.54368341101795,172.15136938535116,0.006388980718447873,0.0013807592879190034,0.006998736816008849,0.008150810548727738,0.005075659892931933,0.0024390243902439046,0.022471910112359383,0.0,-0.004608294930875556,0.007692307692307665
2025-09-03,0.0043212803883110554,-0.0010676562733328214,5,174.29361432665723,171.96757089586404,0.00418505547322337,0.001967534551322897,0.005401600485388819,0.006559007892796231,0.003493203538823958,0.0048661800486617945,0.013736263736263687,0.0,-0.00462962962962965,0.007633587786259444
2025-09-04,-0.003811610235872576,-0.03157044540999171,5,173.62927500224254,166.5384780866073,-0.007185820300894014,-0.014927114420857007,-0.0025323699376978703,0.010351766274926733,-0.0047645127948407195,0.009685230024213176,0.04065040650406515,-0.008928571428571397,-0.06046511627906981,0.0
2025-09-05,0.01247929873922644,0.009140163698707154,5,175.7960465948708,168.06066703845246,0.016798164191419163,0.001276206757366366,0.015599123424033051,0.013123875899280574,0.015599123424033051,-0.004796163069544446,0.05729166666666674,0.0,0.00990099009900991,0.0
2025-09-08,0.014132827365799839,0.0036484636392374796,5,178.28054177298623,168.67383027132826,0.017063624568695562,0.009045344552077367,0.019918286459502055,0.01644054401117137,0.008196337237552836,0.002409638554216942,0.034482758620689724,-0.009009009009009028,0.004901960784313708,0.037878787878787845
2025-09-09,0.015069943853547162,0.010682731403186806,5,180.96721952768507,170.47572749486358,0.0080201221246263,0.013480286959791116,0.017701066180570296,0.01639840542669005,0.019749838576058054,0.043269230769230616,0.021428571428571352,0.00454545454545463,0.009756097560975618,-0.0036496350364964014
2025-09-10,0.012486329316623811,0.006769245107647193,5,183.2268358262215,171.62971947918075,0.0046632111849503055,0.0179389139767821,0.015607911645779765,0.013192452708581687,0.011029157067025203,0.04377880184331784,-0.009324009324009341,0.0,0.009661835748792313,0.01831501831501825
2025-09-11,0.003237274116660016,0.004201701969189084,5,183.81999131931923,172.3508564094878,0.00018345798798835578,0.006987769116413245,0.006309036084739039,0.00045807589941354587,0.0022480314947458946,0.015452538631346657,-0.0117647058823529,-0.009049773755656076,0.014354066985645897,0.007194244604316502
2025-09-12,-0.00472503474290249,-0.0073046748571005335,5,182.9514354738954,171.09188944207366,-0.006449771689497702,0.007188944666609992,-0.003623188405797062,-0.005906293428628112,-0.014834864857199564,0.0021739130434783593,-0.05238095238095242,-0.0091324200913242,0.0,0.03571428571428581
2025-09-15,0.009069038009913122,0.0032603533163989783,5,184.61062899617636,171.64970945122514,0.011878596861632201,2.976484907479815e-05,0.012488371245110291,0.011336297512391402,0.009612159581356916,-0.002169197396963196,0.045226130653266416,-0.004608294930875556,0.0,0.006896551724137945
2025-09-16,0.0025955238924267876,-0.0011621896368088354,5,185.08979029453187,171.4502199377397,-1.6464699683887973e-05,0.009254020250148876,0.0032444048655334845,0.0032444048655334845,-0.0027487458193980185,0.01304347826086949,-0.024038461538461564,0.0,0.0,0.023972602739726012
2025-09-17,-0.006865248694334136,-0.0006707767126072568,5,183.81910285337776,171.33521512283406,-0.00858156086791767,-0.009197324414715713,-0.00858156086791767,-0.00858156086791767,0.0006157635467980427,0.0,0.0024630541871921707,0.0,0.0,-0.03678929765886285
2025-09-18,-0.012886742925612472,-0.0036389800499281024,5,181.45027333008957,170.7117296931519,-0.010207141103367512,-0.009351671900258818,-0.014951021249608176,-0.01728767394003447,-0.012636206434793379,-0.023605150214592308,-0.027027027027027084,-0.00462962962962965,0.004716981132075526,-0.01388888888888884
2025-09-19,-0.023986556443156525,-0.0022880098833938014,5,177.09790610723118,170.32113956840274,-0.013499679070429177,-0.02177612484687491,-0.0311459862516201,-0.03233061339432122,-0.02118037865253722,-0.06593406593406592,-0.032828282828282984,0.0046511627906977715,0.009389671361502261,-0.035211267605633756
2025-09-22,-0.004805172701128857,0.0021037692636485324,5,176.24692008337763,170.67945594677633,0.006346475300059523,-0.0033954998189698327,-0.007163873283818456,-0.008332047271759901,-0.011480918431155618,-0.04941176470588238,-0.010443864229764954,0.004629629629629539,0.009302325581395321,0.021897810218978186
2025-09-23,0.004471414883423818,0.013298839114822098,5,177.03499318499604,172.94929457161788,0.008064516129032251,0.0055892686042797735,0.0032851211388419954,-0.0001711000593146994,0.0055892686042797735,-0.00990099009900991,0.0,0.009216589861751112,0.02304147465437789,0.0
2025-09-24,0.033702110883066586,0.03869415627612793,5,183.00144615549974,179.64142160361817,0.03775263860383321,0.023657981611748757,0.03185366600109352,0.0331186295948242,0.04212763860383323,0.01750000000000007,0.07387862796833788,0.041095890410958846,0.03603603603603611,0.0
2025-09-25,0.012020083324431097,0.0004115649781000998,5,185.2011387867802,179.7153557213663,0.010725349855784605,0.0021258412562760176,0.015025104155538871,0.01719901719901712,0.015025104155538871,0.017199017199017064,0.05159705159705141,0.0,-0.008695652173912993,0.0
2025-09-26,-0.0026510031003283306,0.00382004046522252,5,184.71016999367214,180.40187565244378,-0.002106024406811402,-0.0003931931277468548,-0.007699718787691129,-0.0033137538754104134,0.0002576746960181453,-0.004830917874396046,-0.011682242990654235,0.01754385964912286,0.0,-0.014285714285714235
2025-09-29,-0.0014495665422850745,-0.0038205580092049566,5,184.4424203112295,179.71263982154423,-0.0036323465273708777,0.0005521080159970881,-0.0007343719709597962,-0.0007154669497861643,-0.0027177552793056226,0.007281553398058138,-0.009456264775413725,-0.004310344827586188,-0.004385964912280715,0.0036231884057971175
2025-09-30,0.011668637588565334,0.005479744493527018,5,186.59461206979907,180.69741917002352,0.005549652407393413,0.00921586858475204,0.013503545903455594,0.014585796985706667,0.015488324061518954,0.03614457831325302,0.021479713603818507,0.0043290043290042934,0.0,-0.0036101083032491488
2025-10-01,-0.002445461982253527,-0.003635966660433447,5,186.13830203988906,180.04040937829498,-0.003056827477816909,0.001616069718444746,-0.003056827477816909,-0.001955505891913817,-0.005774218782164747,0.0,-0.01869158878504662,0.0,-0.004405286343612369,0.010869565217391353
2025-10-02,0.005709348744687226,0.005671695331484237,5,187.20103052097872,181.06154372764433,0.0013227324424869291,0.008922400216573312,0.0071366859308590325,0.004924296550328056,0.006240628583188801,0.023255813953488413,-0.0071428571428571175,0.0,0.008849557522123908,0.0035842293906809264
2025-10-03,0.002020622642056513,0.0010951602120531669,5,187.57929316186573,181.2598351262678,0.0019575964843888405,0.004324339453649795,0.0014481920956740668,0.0025257783025706415,-0.00015279312600077755,0.002272727272727204,-0.007194244604316613,0.004310344827586299,0.0,0.010714285714285676
2025-10-06,-0.001566882846637152,-0.002922773420122294,5,187.28537838502606,180.730053698025,-0.00195860355829644,-0.003770197761194999,-0.0030315649316870197,0.00023437889784391763,0.0006915731201487807,0.0,0.007246376811594235,0.0042918454935623185,-0.00877192982456143,-0.010600706713780883
2025-10-07,0.0008066510490361223,0.0021812698111332318,5,187.43645233196946,181.124274708121,-0.0006923664608136926,0.002806874962374306,0.0010083138112951529,-9.788087897030784e-05,0.0010083138112951529,0.006802721088435382,-0.007194244604316613,0.0,0.004424778761061843,0.0
2025-10-08,-0.00444216974287841,-0.00247262006669565,5,186.6038277947079,180.67642319191197,-0.0027373968632826984,-0.0037411179756994817,-0.006621088246974077,-0.0044513905926949204,-0.004659855035740873,-0.011261261261261257,-0.007246376811594124,0.004273504273504258,-0.004405286343612369,-0.0035714285714285587
2025-10-09,-0.007107852723753028,-0.0013660923885979344,5,185.27747526905455,180.4296025053904,-0.00831533982268673,-0.002193818337781289,-0.0099486456919253,-0.008884815904691284,-0.006196643861680534,-0.002277904328018221,-0.02676399026763998,0.004255319148936065,0.0,-0.010752688172043001
2025-10-13,0.003081737232376014,0.007740231266221496,5,185.8484517629118,181.82616935605455,0.005564500307593284,0.004477171540470032,0.002792849506571715,0.0005335874696735798,0.0020405773375714586,-0.006849315068493067,-0.0025000000000000577,0.004237288135593209,0.01327433628318575,0.007246376811594235
2025-10-14,0.014989517744527458,0.0022485603999790856,5,188.6342304284049,182.2350164801485,0.01758747189330298,0.021869729260859838,0.019791749501334416,0.01764519412389079,-0.0019465560567507312,0.0045977011494253706,-0.01253132832080206,-0.00421940928270037,0.004366812227074135,0.08273381294964022
2025-10-15,0.01427558759969969,-0.0035662495373003293,5,191.3270949091875,181.58512093694623,0.016700319739899216,0.017844484499624613,0.018903806533522916,0.02001839754310286,-0.002089070317651154,0.004576659038901587,0.0,-0.004237288135593209,-0.008695652173912993,0.07973421926910307
2025-10-16,0.009618856514244944,0.004430585323137969,5,193.1674427824063,182.38964930866968,0.011454094560801598,0.008850981810318848,0.009895911068338092,0.01202357064280618,0.005869724488960004,0.002277904328018332,0.012690355329949332,0.008510638297872353,0.0,0.024615384615384706
2025-10-21,0.028520060505403587,0.014836196809297902,5,198.67658993823466,185.0956180417919,0.031104621086299966,0.0350235092157144,0.03248551866972915,0.03236060194754398,0.011626051607730448,0.018181818181818077,0.0025062656641603454,0.012658227848101333,0.013157894736842035,0.09609609609609615
2025-10-22,0.012690505841190757,0.006031611431528212,5,201.1978963633537,186.21204288749854,0.015863132301488447,0.015863132301488447,0.015863132301488447,0.0136986301369863,0.0021645021645021467,0.0,0.0,0.0,0.008658008658008587,0.0547945205479452
2025-10-23,-0.009624458874458864,-0.0035076466591111564,5,199.26147548417697,185.55887683737794,-0.013146645021645031,-0.012655573593073566,-0.009947240259740253,-0.012030573593073579,-0.0003422619047618869,0.0044642857142858094,0.0024999999999999467,-0.008333333333333304,0.0,-0.04675324675324677
2025-10-24,0.0013576413190456993,0.001080905378171885,5,199.5320010965883,185.75944842531902,0.0016970516488071241,-0.002043596730245234,0.0016970516488071241,0.0016970516488071241,0.003740648379052358,0.0,0.014962593516209433,0.0,0.0,-0.008174386920980936
2025-10-27,0.00040645546022974874,0.0005753084135352035,5,199.61310196792454,185.86631739889174,-0.0006030417858239323,-0.004405935588717713,-0.0005423508427800372,0.0015810306986777378,0.006002574819792689,0.004444444444444473,0.019656019656019597,0.004201680672268893,-0.0042918454935622075,-0.02197802197802201
2025-10-28,-0.0031541577655107124,0.00674129340541883,5,198.9834907522547,187.11929677866237,-0.006155086587419367,-0.003340287568334155,-0.00498872231149089,-0.007175455827578059,0.005888763467268909,0.008849557522123908,-0.002409638554216942,0.004184100418409997,0.012931034482758674,-0.0393258426966292
2025-10-29,-0.0030717172208968523,0.009688686326440427,5,198.37226973703685,188.93223695077495,-0.003291400912085962,-0.004443511260420585,-0.005922979859454391,-0.008094965675057242,0.006394271602533919,-0.002192982456140413,0.0024154589371980784,0.008333333333333304,0.017021276595744705,-0.040935672514619936
2025-10-30,0.015773443384405096,0.02535071270849703,5,201.50128350276995,193.72180381108774,0.018068452582154726,0.016704756037735302,0.007320110015630321,0.015532703812096316,0.02124119447440881,0.00659340659340657,0.012048192771084265,0.04958677685950419,0.01673640167364021,-0.0060975609756097615
2025-10-31,0.02890721676849837,0.023257961699865534,5,207.32612478411517,198.2273781045549,0.03504231790385437,0.03494354477014677,0.02530724930707967,0.033047601207536526,0.016195370653874497,0.004366812227074357,0.004761904761904745,0.04330708661417315,0.012345679012345734,0.07975460122699385
2025-11-03,0.012141760411123293,0.011377735123096536,5,209.84342891821055,200.48275670677444,0.010829374426947619,0.008660612836179055,0.010460219381828645,0.01416094035130247,0.016597655059358674,0.017391304347825987,0.026066350710900243,0.018867924528301883,0.004065040650406582,-0.005681818181818232
2025-11-04,0.004149561939035595,0.004671555662953904,5,210.7141872240063,201.4193230641926,0.005721140457982499,0.005186952423794494,0.0033351005719426674,0.004174806674806658,0.0023298095666516583,-0.002136752136752018,0.0,0.007407407407407307,0.004048582995951344,0.011428571428571344
2025-11-05,0.00255498112331447,0.0180778347498747,5,211.25255799477824,205.06054830197874,-0.0016242607478911542,0.001461624787514909,-0.003240097125268654,-0.0018465961765020966,0.018024234878719347,0.01927194860813697,0.006928406466512715,0.025735294117646967,0.02016129032258074,-0.05932203389830504
2025-11-06,0.033260870713650005,0.04782328969605385,5,218.2790020141704,214.86721830865588,0.026344995955087713,0.03870911591499826,0.041576088392062505,0.018848815664789798,0.04082533764131174,0.060924369747899165,0.011467889908256979,0.0,0.09090909090909083,0.0030030030030030463
2025-11-07,0.018953590910313345,0.01235660008215754,5,222.41617292265846,217.52224659606156,0.017751394578485735,0.014054800429274927,0.02369198863789168,0.020068800232094564,0.019200970673819817,0.023762376237623783,0.038548752834467015,0.0,0.01449275362318847,0.017964071856287456
2025-11-10,-0.004214262909443089,-0.008451786854786383,5,221.47885269465024,215.68379493165736,-0.0018829156774227973,-0.005813680165188129,-0.0016835992461228522,-0.0034821143510895824,-0.008209005107392087,-0.013539651837524258,0.0021834061135370675,-0.014336917562724039,-0.0071428571428571175,0.0117647058823529
2025-11-11,-0.009516646650345439,-0.019402378290366205,5,219.37111671303137,211.49901635129157,-0.014836984783520024,-0.01026182138482723,-0.006441262858386337,-0.005600844284154832,-0.010442319940838773,0.0117647058823529,-0.006535947712418277,-0.021818181818181848,-0.025179856115107868,-0.005813953488372103
2025-11-12,-0.014985689733269792,-0.025753973708270952,5,216.08368922152894,206.05207624485527,-0.019216608290618248,-0.018183866552552136,-0.010367799898929247,-0.01135203836584922,-0.015808135558400105,0.0019379844961240345,-0.002192982456140413,-0.03345724907063197,-0.029520295202952074,-0.011695906432748537
2025-11-13,-0.0006432687871207543,-0.003908132801981605,5,215.94468932884686,205.24679736676634,0.015153360824609718,-0.02443045961027454,0.0011189909391759734,0.0020476250427150233,0.002894138868170054,-0.06382978723404265,0.09450549450549439,-0.007692307692307665,-0.011406844106463865,-0.014792899408283988
2025-11-14,0.0036573691990284597,-0.0009984951211319034,5,216.73447878429192,205.04185944096767,-0.003692751311131809,0.005575727563042587,0.006509695994909609,0.0045717114987855745,0.005322462249536336,0.03305785123966953,-0.004016064257028051,-0.007751937984496138,0.0,-0.0030030030030030463
2025-11-17,0.004759840167120055,0.004408382510090486,5,217.76610026200922,205.94576238796364,0.00694980020890007,0.004941735692771065,0.003020112708900069,0.005949800208900069,0.0029377520161290027,-0.0040000000000000036,0.004032258064516014,0.01171875,0.0,0.012048192771084265
2025-11-18,0.0017833883797739424,0.0017906088280357614,5,218.15446179472517,206.31453068819206,0.0012252194104603875,0.0012252194104603875,0.0012639845094664648,0.002229235474717428,0.0029732830937650445,0.004016064257028162,0.004016064257028162,0.0038610038610038533,0.0,-0.0029761904761904656
2025-11-19,-0.008135476463834678,-0.00411341873584914,5,216.37967130531365,205.46587263218137,-0.007169345579793346,-0.0056693455797933445,-0.006323191733639516,-0.012092422502870265,-0.009423076923076923,-0.01200000000000001,-0.018000000000000016,-0.01538461538461533,0.007692307692307665,-0.0029850746268657025
2025-11-20,-0.014276216292245625,-0.007402177544630783,5,213.29058831651398,203.94497776359546,-0.0036752298794770766,-0.01682694042640681,-0.01784527036530703,-0.015936873418742142,-0.017096767371295063,-0.05668016194331982,-0.004073319755600879,0.0,-0.007633587786259555,-0.0029940119760478723
2025-11-21,-0.008209995850241958,-0.009292798199570943,5,211.5394734715397,202.04975824142238,-0.005970649319240184,-0.0051500203751746465,-0.009285932312802447,-0.007377879428187073,-0.013265497815805438,-0.017167381974249052,-0.020449897750511203,-0.00390625,-0.011538461538461497,0.012012012012011963
2025-11-24,-0.018434290354300685,-0.02872496556466756,5,207.6398933961695,196.2458858935881,-0.019221902244185934,-0.019911338934525125,-0.021082078629150375,-0.010396948545988688,-0.02155918341765331,-0.015283842794759694,-0.012526096033402934,-0.007843137254901933,-0.05058365758754868,-0.005934718100890191
2025-11-25,-0.008219161698944478,-0.013528705012578813,5,205.93326753719475,193.59093319340155,-0.0036220674230153793,-0.010802493349896247,-0.009285809831190484,-0.004126411140074032,-0.013259026750546243,-0.02660753880266087,0.0021141649048626032,-0.0039525691699604515,-0.024590163934426257,0.011940298507462588
2025-11-26,-0.002406169891129584,0.0027745609415763773,5,205.43775710926485,194.12806303528328,-0.0030077123639119796,0.0006842707584508723,-0.002015648871848491,-0.006158972868113649,-0.001532786110224671,0.0,-0.014767932489451407,-0.003968253968253954,0.012605042016806678,-0.005899705014749235
2025-11-27,-0.01902556549997845,-0.015640301725001107,5,201.52918760521382,191.0918415561214,-0.02605986120299128,-0.005580672078399157,-0.02378195687497306,-0.01963257928161205,-0.02007275806191669,0.009111617312072884,-0.07280513918629561,0.0,-0.016597510373444035,-0.014836795252225476
2025-11-28,0.007150776786036195,0.0013718389325184225,5,202.9702778416499,191.35398878405474,0.012324475497217907,-0.005495709156022877,0.008938470982545244,0.011048175623895456,0.008938470982545244,-0.013544018058690654,0.05773672055427248,0.0,-0.008438818565400852,0.0
2025-12-01,-0.004954783766262749,-0.001845882480192184,5,201.96460400396626,191.00077180864338,-0.016490962545357007,0.00526940238824139,-0.007189495644083416,-0.0061934797078284365,-0.00016938332228627617,0.041189931350114284,-0.045851528384279305,0.003984063745019917,0.0,-0.02409638554216864
2025-12-02,-0.0021758390906515767,-0.00560858552134147,5,201.52516152364646,189.92952764531236,-0.002719798863314471,-0.009584787421666852,-0.0017277353712509824,0.0004716904983876613,0.00268143570458676,0.0,0.027459954233409523,-0.003968253968253954,-0.012765957446808529,-0.021604938271604923
2025-12-03,-0.00048762866890859067,-0.00912361789404447,5,201.4268920773811,188.19668320828018,-6.0085286685190864e-05,-0.0078478431858017,0.0023785119726291992,0.003700808991450477,-0.0006095358361357384,-0.00219780219780219,0.02895322939866385,-0.01195219123505975,-0.017241379310344862,0.0
2025-12-04,-0.0029086026026517997,-0.0033997827960115957,5,200.84102129484074,187.5568553624422,-0.0036357532533147496,-0.005259129876691332,-0.0026276887371857183,-0.002539262025244571,-0.0004811791208226279,0.0,0.006493506493506329,-0.0040322580645161255,-0.004385964912280715,-0.012618296529968487
2025-12-05,-0.018261947774126486,-0.012858337746854914,5,197.17327305305213,185.1451859694539,-0.01566884440928809,-0.017988725040238768,-0.019790997470694544,-0.02062479154585195,-0.017236380404559076,-0.028634361233480066,-0.019354838709677358,-0.012145748987854255,-0.008810572687224627,-0.022364217252396124
2025-12-08,0.0005419422874125112,-0.0035227603688032746,5,197.2801295876671,184.492963845846,0.0006774278592656391,-0.003160291438979973,0.002726608187134494,0.0017885389703767574,0.0006774278592656391,0.0,0.015350877192982448,-0.008196721311475419,-0.004444444444444473,0.0
2025-12-09,-0.008552009300111418,-0.005891828646860347,5,195.59298808470618,183.40596291631488,-0.010123118201102982,0.002268951657798085,-0.008623895922659941,-0.010690011625139273,-0.015591972409452981,-0.0022675736961451642,-0.05183585313174943,-0.008264462809917328,0.0,0.019607843137254832
2025-12-10,0.0030321918021234628,0.008217998238630172,5,196.18606353972945,184.9131927965154,0.004358421570836157,0.0054986679986679665,0.0037902397526543286,-0.0006740459616313699,0.0021876756500902317,-0.002272727272727315,-0.006833712984054552,0.0,0.017857142857142794,0.0064102564102563875
2025-12-11,0.013682198364765608,0.02581674695401271,5,198.87032017748257,189.68704990340163,0.016533271873952426,0.01710274795595701,0.015019414622623684,0.00504134444718507,0.014714212924109848,0.002277904328018332,0.0,0.008333333333333304,0.04824561403508776,0.009554140127388644
2025-12-15,0.00301608092933936,0.002503574462024274,5,199.47012915758148,190.16194555731653,0.0037701011616741997,0.0026233121708485463,0.0037701011616741997,0.0027240760570717004,0.0021928140954281528,0.0,0.004587155963302614,0.0,0.004184100418409997,0.006309148264984188
2025-12-16,0.0022011207970112244,0.002394012370864154,5,199.90918700725274,190.6171956074483,0.0021832191780822297,0.001609848484848464,0.0027514009962640307,0.0017097343295973677,0.0027514009962640307,0.002272727272727204,0.004566210045662267,0.0,0.004166666666666652,0.0
2025-12-17,0.027433038382693953,0.020235550726534286,5,205.39330340747588,194.47443953851257,0.03088993743414975,0.026336752523822005,0.03429129797836744,0.027029887189985724,0.018617316787144844,0.013605442176870763,0.031818181818181746,0.0,0.029045643153526868,0.06269592476489039
2025-12-18,0.01182286392662144,0.00818005224573563,5,207.8216404851017,196.06525061439774,0.018134284606263373,0.012575936736470616,0.010646348503318137,0.014778579908276801,0.002979169878778276,-0.01342281879194629,0.008810572687224738,0.016528925619834656,0.0,0.0471976401179941
2025-12-19,0.008132147713099603,0.008960574922094738,5,209.51167676350525,197.82210798214732,0.00959829121733824,0.006344223942684524,0.006100143990967977,0.009157120125245444,0.009460959289261828,0.0022675736961450532,0.015283842794759916,0.016260162601626105,0.0040322580645162365,0.0028169014084507005
2025-12-22,0.011186450048075369,0.010215765468200787,5,211.8553686701087,199.84301224171801,0.008892564822537669,0.009681987291277033,0.006983062560094205,0.014987078624351252,0.015387556942116687,0.020361990950226172,0.017204301075268713,0.028000000000000025,-0.004016064257028162,-0.005617977528089901
2025-12-23,-0.0060157410901554575,0.0030382322736942184,5,210.58090162362987,200.45018173118305,-0.010291294987971461,-0.009105300041341274,-0.009465201654523109,-0.008527740878823381,0.0073108321118819375,0.011086474501108556,0.00634249471458781,0.0077821011673151474,0.0040322580645162365,-0.05932203389830504
2025-12-24,0.004205465170066591,0.008095269616769263,5,211.46649227088932,202.07287999702737,0.0030638490064428814,0.00630725163065049,0.0013958276015793858,0.0042528153983261985,0.006007582213334001,0.00877192982456143,-0.004201680672269004,0.015444015444015413,0.004016064257028162,-0.0030030030030030463
2025-12-29,0.013080862610172073,0.012983684495213269,5,214.23265640293985,204.69653051594787,0.009285860871410756,0.014768799781702424,0.015400507920509787,0.010351078262715085,0.01559806621452231,0.02826086956521734,0.006329113924050667,0.0038022813688212143,0.02400000000000002,0.003012048192771122
2025-12-30,0.008126193702378392,0.010367019098999784,5,215.97355246624522,206.81862335730568,0.009100659675541689,0.009109524098622923,0.008263802734033598,0.006251492127972991,0.007905489875720761,0.0042283298097252064,0.00419287211740027,0.007575757575757569,0.015625,0.009009009009008917
2025-12-31,0.01105957200694041,0.007951325824746364,5,218.36212752134037,208.4631056182451,0.003824465008675504,0.013824465008675513,0.012884615384615383,0.010939849624060138,0.013824465008675513,0.040000000000000036,0.0,0.003759398496240518,0.011538461538461497,0.0
2026-01-02,0.003927054415703024,0.0024057760844786477,5,219.21964747844535,208.96462117223763,0.0033905993961469982,0.005430738687687231,0.0039724884316137965,0.00490881801962878,0.0019326275434383144,0.006072874493927127,-0.0020876826722338038,0.0037453183520599342,0.0,0.011904761904761862
2026-01-05,0.005912497276958084,0.0014867237374934727,5,220.51578304721738,209.2752938348307,0.0013544042923746835,0.008959659253101354,0.006457785775302066,0.008341191938402936,0.00444944512560938,0.024144869215291687,-0.006276150627614996,0.003731343283582156,-0.0038022813688213253,0.0117647058823529
2026-01-06,0.03067653764056204,0.024355769997993344,5,227.28044376620335,214.3723547577343,0.032451762423983455,0.02781935626122889,0.03091072781278431,0.035483076630855204,0.026717765073958344,0.023575638506876384,0.042105263157894646,0.029739776951672958,0.011450381679389388,0.04651162790697683
2026-01-07,0.0018429235780968334,0.0028215239466441323,5,227.69930425486038,214.97721149018173,0.006142426065711276,-0.007797355628389069,0.0014011273968087545,0.0023036544726210417,0.007164765583732163,-0.015355086372360938,0.04040404040404044,0.0036101083032491488,0.0,-0.019444444444444486
2026-01-08,0.005136434129600654,0.0030071213828522575,5,228.86886673252138,215.6236740596798,0.00788253096609437,0.0030224844095736447,0.006420542662000817,0.0054771464355857225,0.0028794661747487127,-0.005847953216374213,0.013592233009708687,0.0,0.0037735849056603765,0.014164305949008416
2026-01-09,-0.00037082746186918315,0.00214360236552806,5,228.78399587157006,216.08588547745796,-0.0009537304057678497,0.0009732472818589355,-0.0004635343273364789,-0.0023432335754567934,0.0009331137173562709,0.0019607843137254832,-0.005747126436781658,0.0,0.007518796992481258,-0.005586592178770999
2026-01-12,0.002121322504985601,0.0005774995920163517,5,229.26932051079297,216.21067498816168,0.0011839427594120266,0.002169957562831226,0.0026516531312320013,0.0026516531312320013,0.0019494059402207498,0.005870841487279899,0.0019267822736031004,0.0,0.0,0.002808988764045006
2026-01-13,0.0016216658218350943,-0.0006534489519176208,5,229.64111873186067,216.0693923491973,0.002027082277293868,-0.0022998407996291936,0.0029263628528334307,0.002027082277293868,0.003427642501383499,0.0,0.017307692307692246,-0.003597122302158251,0.0,-0.0056022408963585235
2026-01-14,0.006219547911286228,0.0020991527190966446,5,231.06938267221486,216.52295500166065,0.007774434889107784,0.0035211267605633756,0.007774434889107784,0.007774434889107784,0.0042533081285444085,0.0,0.017013232514177634,0.0,0.0,0.014084507042253502
2026-01-15,0.001174204324694017,0.00010186544143169869,5,231.34070534065296,216.54501120805202,0.0004949927599531279,0.0010030713909976452,0.0023702824816798085,0.0005349195849719823,0.0014677554058675213,0.0038910505836575737,0.0018587360594795044,-0.0036101083032491488,0.003731343283582156,0.0
2026-01-16,0.00035589752456699486,0.0012584092210800916,5,231.42303892501528,216.81751344693515,0.0009293680297397522,0.0004448719057087436,0.0004448719057087436,-0.0004844961240310086,0.0004448719057087436,-0.0019379844961240345,0.0,0.0,0.0037174721189590088,0.0
2026-01-19,-0.0009767983328255792,-0.0009099379288283198,5,231.19698528641587,216.62022296781552,-0.0007355610228280962,-0.0007571760236386449,-0.0030325921189305327,0.001556779861745794,-0.001915442360476416,-0.001941747572815511,-0.0018552875695733162,0.007246376811594235,-0.011111111111111072,0.002777777777777768
2026-01-20,0.0009968308522048997,-0.0012547365054931677,5,231.42744957428613,216.34842166622974,0.0007596572422989278,0.00031667053551631685,0.00304459971633525,0.000309708977241141,0.0005535177896328625,0.0019455252918287869,0.003717472118959231,-0.007194244604316502,0.0037453183520599342,0.0027700831024930483
2026-01-21,-0.0024217063644450753,-0.0018719953162445004,5,230.8670002467448,215.9434184341937,-0.0025416960623524665,-0.003490095918519287,-0.003027132955556344,-0.002094297134660833,-0.0009553097511364461,-0.001941747572815511,0.0018518518518517713,0.0,-0.003731343283582045,-0.008287292817679592
2026-01-22,0.02129086838150398,0.004828309570948416,5,235.7823591626309,216.98606010820285,0.023695297539136795,0.025689371059135102,0.027519382578329254,0.026613585476879975,0.002936705254038774,0.011673151750972721,0.003696857670979492,-0.0036231884057971175,0.0,0.0947075208913648
2026-01-23,0.004144765655667748,0.0012636705833469395,5,236.75962178710046,217.26025900935792,0.0008540339926616236,0.002418526130358173,0.005180957069584685,0.005180957069584685,0.007089354016149574,0.017307692307692246,0.011049723756906049,0.0,0.0,-0.007633587786259555
2026-01-26,-0.0046117926271634245,-0.0027321058236791885,5,235.6677355089327,216.66668099046439,-0.01238099787280117,-0.01031847484588505,-0.004855649874863366,-0.005764740783954281,0.010260900241686743,0.026465028355387554,0.01821493624772308,-0.0036363636363636598,0.0,-0.0641025641025641
2026-01-27,0.004854208636203538,0.0003471382404959749,5,236.8117158659147,216.74189428087755,0.001924114386414627,-0.0001934198845308932,0.006980169554378524,0.006067760795254423,0.009492418329501012,0.016574585635359185,0.025044722719141266,-0.0036496350364964014,0.0,-0.013698630136986356
2026-01-28,0.011373144143460578,0.003019031104628985,5,239.50500964531795,217.39624480138775,0.010140343222803994,0.017270531400966183,0.014216430179325723,0.014216430179325723,0.00102198573488127,0.016304347826086918,-0.012216404886561838,0.0,0.0,0.05277777777777781
2026-01-29,-0.010239764031982767,-0.0048138534020950325,5,237.05253486207215,216.34973114874788,-0.011908439442830487,-0.008382743909236406,-0.010968203208476635,-0.013736034627993443,-0.006203398971376867,-0.0035650623885918886,-0.017667844522968212,-0.0073260073260073,0.0037453183520599342,-0.02638522427440637
2026-01-30,-0.0074811007961899986,-0.009074783184779523,5,235.2791209547766,214.38640424648767,-0.009351375995237499,-0.003955692542000067,-0.006583848319960756,-0.0074857043534464485,-0.010028882770305225,0.0,-0.021582733812949728,-0.011070110701106972,-0.007462686567164201,0.0027100271002709064
2026-02-02,0.004705358715108754,0.006987043710959802,5,236.38619361704428,215.88433142399336,0.005881698393885942,0.0003669925115329653,0.00401602675209492,0.004001999145765628,0.009260076772264314,0.0,0.02205882352941191,0.00746268656716409,0.007518796992481258,-0.013513513513513487
2026-02-03,0.002372385196865312,0.003429704730131196,5,236.94699272352472,216.62475093663946,0.00296548149608164,0.0011669203450025145,0.0011136296442298133,0.00296548149608164,0.0036504130029309523,0.0,0.007194244604316502,0.007407407407407307,0.0,-0.002739726027397249
2026-02-04,0.0034353437260413954,0.0010326328508425912,5,237.76098708838188,216.84844477076223,0.0033997252747252626,0.002954893943266035,0.004294179657551744,0.004294179657551744,0.0022337400971121912,0.003577817531305927,0.005357142857142838,0.0,0.0,0.008241758241758212
2026-02-05,0.004492185222496126,0.0026442142357239336,5,238.8290534810664,217.42183851541967,0.0042783331323982265,0.0029509331266991956,0.005615231528120157,0.004682395707224618,0.004934032618038431,0.005347593582887722,0.010657193605683846,0.0,0.003731343283582156,0.0027247956403269047
2026-02-06,-0.00015950943684570618,-9.338919437829419e-05,5,238.79095799324327,217.40153366508048,-0.00019938679605713272,0.0006793478260869734,-0.00019938679605713272,-0.00019938679605713272,-0.0008787346221441061,0.0,-0.0035149384885764245,0.0,0.0,0.0027173913043478937
2026-02-09,0.007955446269716383,0.009565342119766255,5,240.69064662925265,219.48105371194887,0.005511683723670308,0.00729880519164286,0.009944307837145477,0.004368099658706798,0.012654334937416467,0.01773049645390068,0.01058201058201047,0.0,0.02230483271375472,-0.010840108401083959
2026-02-10,0.005466940081102689,0.008847724771295805,5,242.00648797245665,221.42296166770618,0.006398135031691926,0.007269975275898399,0.005914557454319541,0.002288220555923842,0.005463812087679737,0.0017421602787457413,-0.0017452006980801515,0.003676470588235281,0.018181818181818077,0.005479452054794498
2026-02-11,0.010868643065657624,0.025646702150446135,5,244.63677010980268,227.10173041486746,0.011411890788593781,0.01358580383207203,0.0007652910115591993,0.01090723240350061,0.017672997292562498,0.008695652173912993,0.0,0.05128205128205132,0.010714285714285676,-0.016348773841961872
2026-02-12,0.01486132720319384,0.024720879143227,5,248.27239719633698,232.71588484567113,0.015559417624681937,0.018139596066929387,0.01247909802838254,0.00885934451635978,0.019269179779615564,0.012068965517241459,0.0017482517482516613,0.024390243902439046,0.03886925795053009,-0.0027700831024930483
2026-02-13,0.02104451128424172,0.03075913768194334,5,253.49716846070103,239.8740247884144,0.024602061592525315,0.01801593578942079,0.01525121733659468,0.020353258152921216,0.02700008354974659,0.006814310051107331,0.03315881326352543,0.04421768707482987,0.023809523809523725,-0.002777777777777768
2026-02-16,-0.007678469005844057,-0.01157973527462048,5,251.5506983096063,237.0963470821068,-0.013405192856289827,-0.0053751132843321,-0.0038977605244060465,-0.009598086257305072,-0.006116192106887242,0.015228426395939021,-0.016891891891891886,-0.0228013029315961,0.0,-0.013927576601671321
2026-02-17,0.002680588652692206,0.0002657049963348916,5,252.22500225707182,237.15934476613927,0.004600735815865259,-0.0013743500947876464,0.003350735815865258,0.004181300599918419,0.0026445211265997415,-0.0050000000000000044,0.018900343642611617,0.0,-0.0033222591362126463,0.0028248587570620654
2026-02-18,-0.0028052316145325885,-0.0022509011865467802,5,251.51745270676474,236.6255225156045,-0.0035065395181657355,-0.002241784037558675,-0.0026732061848324107,-0.0035065395181657355,-0.0020980888139403853,0.0,-0.005059021922428242,-0.0033333333333332993,0.0,-0.005633802816901401
2026-02-19,-0.001963058984415045,-0.003982759305951146,5,251.0237091114915,235.68310001377992,0.0008962600215750016,-0.0016063661034001475,-0.0007815829278432218,-0.0016204903971854812,-0.006703115515221375,-0.01340033500837523,-0.003389830508474634,-0.006688963210702337,-0.0033333333333332993,0.016997167138810276
2026-02-20,-0.015208344936035978,-0.010034674648911527,5,247.20605395620078,233.31809678489478,-0.01052146682369523,-0.016034240693854507,-0.015643427803041593,-0.019010431170044972,-0.014832158189543587,-0.03395585738539897,-0.011904761904761862,-0.013468013468013518,0.0,-0.01671309192200554
2026-02-23,0.002012304725329428,0.004228743540544953,5,247.70350786670693,234.30473917956616,0.003833482839877944,0.0012245031097598835,0.0008088962650235343,0.0016792605053239928,0.002515380906661785,-0.005272407732864637,0.005163511187607606,0.006825938566553003,0.0033444816053511683,0.0
2026-02-24,0.010283751204458324,0.0070421254030012615,5,250.2508291140797,235.9547425353862,0.005787551196385632,0.0145670177726962,0.010312316124216958,0.012854689005572906,0.007897181923419927,0.028268551236749095,-0.006849315068493178,0.01016949152542379,0.0,0.019830028328611915
2026-02-25,0.01000715729913817,0.01519587601074987,5,252.75512852526404,239.5402815471023,0.009072520507084236,0.012508946623922712,0.005797537227949567,0.010842279957256062,0.01181450217947827,0.013745704467353903,0.0,0.02684563758389258,0.006666666666666599,0.002777777777777768
2026-02-26,0.018236151372340047,0.011289372260158456,5,257.36440930918604,242.2445409567907,0.01050705362220472,0.02279518921542506,0.02279518921542506,0.017828301798206492,0.017255023010438908,0.04915254237288136,0.0,0.0,0.019867549668874274,0.02216066481994461
2026-02-27,0.020401202946660035,0.021827185482770763,5,262.6149528547501,247.53205748444321,0.015404573150207101,0.023777365752290558,0.02305052329116819,0.01494955563137701,0.024823996908257318,0.04038772213247177,0.006896551724137945,0.009803921568627416,0.04220779220779214,0.0027100271002709064
2026-03-02,0.00023276557286564526,-0.007753802773688707,5,262.67608057469437,245.61274273054346,0.0010673544816100222,-0.01126726221200014,0.00029095696608205657,0.008079118959851528,0.0029936596687847594,-0.0031055900621118626,0.046232876712328785,0.0,-0.031152647975077885,-0.010810810810810811
2026-03-03,-0.0036747061977689065,-0.0045000570626570055,5,261.71082315340095,244.5074713729403,-0.004203974647522618,-0.008275870472252062,-0.0029752597698648464,-0.0037895242263108198,0.0008710981271058127,-0.0015576323987540608,0.014729950900163713,-0.006472491909385147,-0.003215434083601254,-0.021857923497267784
2026-03-04,-0.031448999972263914,-0.030339805377851466,5,253.48027948330846,237.08916227805474,-0.02332061033974489,-0.03487576609436213,-0.03198225973731686,-0.03124673383629764,-0.035819629853598045,-0.06396255850234,-0.01774193548387104,-0.02931596091205213,-0.032258064516129004,-0.013966480446927387
2026-03-05,-0.010074031175428067,-0.006023140768958012,5,250.92671124543742,235.66114087885967,-0.00884253896928508,-0.007666430594900853,-0.012592538969285083,-0.010092538969285081,-0.011176108374384236,-0.015000000000000013,-0.019704433497536922,0.0,-0.010000000000000009,-0.005665722379603388
2026-03-06,0.014389948155221165,0.01597700202488971,5,254.53753361101943,239.42629940386902,0.012911293062046802,0.016731153786991304,0.017987435194026458,0.007044674251265537,0.01727518448177573,0.02030456852791862,0.005025125628140614,0.0,0.04377104377104368,0.002849002849002913
2026-03-09,-0.004530802861769545,-0.005928578050129973,5,253.38427422530688,238.00684190059945,-0.00483431618086036,-0.004830170243878579,-0.003985651228218645,-0.004050600351405476,-0.004953276304484666,-0.0033167495854062867,-0.0033333333333334103,-0.006711409395973145,-0.006451612903225823,-0.0028409090909090606
2026-03-10,0.0033553779195101717,0.004246769778755779,5,254.23447422419358,239.01760216392,0.0016983821331647553,0.005030342800725479,0.004194222399387715,0.0009474691526344947,0.004906473111638415,0.009983361064891838,-0.0033444816053510573,0.0,0.01298701298701288,-0.002849002849002802
2026-03-11,0.0062671384977035505,0.011237180341225032,5,255.82779688504743,241.70348606416314,0.007422061507631916,0.006994996947632837,0.0027663555545618945,0.00703264107084739,0.007119637407843715,0.0016474464579900872,0.003355704697986406,0.020270270270270174,0.0032051282051281937,0.0028571428571428914
2026-03-12,0.00713155445671112,0.01205450240580635,5,257.65224675007363,244.6171013184154,0.006858522018257318,0.009332503271557768,0.0039475556536703316,0.00731699898143201,0.008202192358638172,0.008223684210526327,-0.0016722408026754731,0.019867549668874274,0.006389776357827559,0.002849002849002913
2026-03-13,0.0045499722127559485,0.0030595277466302306,5,258.82455731334056,245.36551412719936,0.002424822525324999,0.004849944327921518,0.005687465265944935,0.004100163678643354,0.005687465265944935,0.013050570962479746,0.003350083752093669,0.0,0.006349206349206327,0.0
2026-03-16,0.011640288381316121,0.0039755455359371675,5,261.83734980063434,246.34097590156068,0.009719442602249051,0.013298273665292903,0.013738672164956833,0.0161276475428912,0.005317405931190622,0.019323671497584405,0.005008347245408995,0.0032467532467532756,-0.006309148264984188,0.03693181818181812
2026-03-17,0.008698283737274349,0.00636009613464103,5,264.1148853622162,247.90772819019588,0.008898131132888343,0.010457572279566396,0.008445670205573519,0.011666505465243726,0.004023539603099757,0.00789889415481837,0.0016611295681061566,0.009708737864077666,-0.0031746031746031633,0.027397260273972712
2026-03-18,-0.0001527269880614135,0.004459408697655998,5,264.07454789127263,249.01325006950339,-0.0005827582648573193,0.0014674660576263765,-0.0033960369402049606,0.0006052696088722775,0.0011424245982565584,0.0015673981191222097,-0.0066334991708125735,0.012820512820512775,-0.0031847133757961776,-0.005333333333333301
2026-03-19,-0.01730842401817052,-0.025565845549208748,5,259.5038336439638,242.64701577851997,-0.020461821102525368,-0.02163553002271315,-0.013724137617649873,-0.01444703162015723,-0.01627359972780698,-0.0046948356807511304,0.0,-0.03164556962025311,-0.028753993610223683,-0.02144772117962468
2026-03-23,-0.02598752730057936,-0.03679419467346083,5,252.7599706825363,233.7190142430308,-0.025408937427610967,-0.0333191336666257,-0.021863494093044472,-0.020971251230987364,-0.0283748200846283,-0.028301886792452935,0.0033388981636059967,-0.042483660130718914,-0.046052631578947345,-0.016438356164383605
2026-03-24,-0.015295414308021504,-0.009960233302696575,5,248.89390221046352,231.39111833389396,-0.009815060765285794,-0.014127587352580934,-0.017412783243388658,-0.017395129953992394,-0.017726510224859743,-0.03721682847896435,-0.019966722129783787,-0.0068259385665528916,-0.006896551724137945,-0.005571030640668551
2026-03-25,-0.014963976261395317,-0.019969105412775374,5,245.16945976618007,226.77044470030444,-0.01786463419229034,-0.012762695284299325,-0.012691224622276787,-0.013496636993410804,-0.01800469021469933,-0.003361344537815225,-0.02376910016977929,-0.02405498281786944,-0.02083333333333337,-0.0028011204481792618
2026-03-26,-0.04686837866705025,-0.05133413529118206,5,233.6787646882626,215.1293800120175,-0.043408407566527835,-0.04467242985555192,-0.045381247981700124,-0.04440107617069225,-0.05647873176077911,-0.0607082630691399,-0.05565217391304356,-0.052816901408450745,-0.05673758865248224,-0.008426966292134797
2026-03-27,0.005076047707503917,0.017414013088017155,5,234.86492924605082,218.87564585116377,0.012179889077826939,0.007726275103993152,-0.0001605165737985359,0.0007059618900190079,0.004928629039479021,-0.02333931777378817,-0.0055248618784530246,0.026022304832713727,0.022556390977443552,0.0056657223796034994
2026-03-30,0.006250020012087321,0.00834310676840047,5,236.33283975397612,220.70174873350265,0.007352966191579713,0.006423636126220267,0.005095133710761313,0.00597428972099151,0.0064040743108838005,0.0018382352941177516,0.005555555555555536,0.010869565217391353,0.007352941176470562,0.005633802816901401
2026-03-31,0.007457337909487838,-0.004222609904589331,5,238.09525359913036,219.7698113433404,-0.002604933117727387,0.010702887856473053,0.012009844429870548,0.01205889866423207,0.005119991714590905,0.04770642201834874,-0.0055248618784530246,-0.010752688172043001,-0.010948905109489093,0.01680672268907557
2026-04-01,0.008005643728502654,0.006438056401493393,5,240.00135937289252,221.18470178411437,0.006942256061679114,0.005377425030998667,0.010007054660628317,0.006317017760259308,0.011384465128947863,0.012259194395796813,0.0185185185185186,0.0,0.014760147601476037,-0.0055096418732781816
2026-04-02,0.012841655611326174,0.004658024124463301,5,243.08337417620933,222.21498546098704,0.009996706192358373,0.005142978605066795,0.01514627241270844,0.01787025133233955,0.01605206951415772,0.02422145328719738,0.043636363636363695,0.0036231884057971175,-0.0072727272727273196,0.0
2026-04-07,0.0025599006495842236,0.0026500994704675364,5,243.70564346366615,222.80387727628712,0.001088389325493766,0.002764335742293844,0.0004922945845434734,0.005947128559233017,0.0025073550363570174,0.008445945945946054,0.0017421602787457413,0.010830324909747224,-0.01098901098901095,0.0027700831024930483
2026-04-08,0.025724990452314266,0.02510782225027864,5,249.97496881494405,228.39799742361305,0.02294350774713491,0.021286672848001537,0.026799095208249996,0.024748830657985416,0.032846845800199476,0.03685092127303169,0.04347826086956519,0.021428571428571352,0.029629629629629672,-0.002762430939226568
2026-04-09,0.011961191342778888,0.016866969440113816,5,252.96496724784475,232.25037946634032,0.01575924362112302,0.008701489178473631,0.008832608059592517,0.012253647451854921,0.014258968402850347,-0.003231017770597644,0.02499999999999991,0.02447552447552437,0.010791366906474753,0.0027700831024930483
2026-04-10,0.005060393232344062,0.009960612376178074,5,254.2450694561259,234.56373547042483,0.005920305154692634,0.005105979345308126,0.0029125222571536324,0.0036564523945225857,0.007706707010043334,0.0016207455429497752,0.004878048780487809,0.013651877133105783,0.01067615658362997,-0.0055248618784530246
2026-04-13,-0.0013166235489495248,-0.00521204794403514,5,253.91032441047562,233.341178035221,-0.0012412486918503551,-0.004072963902206322,-0.0008040285944360681,0.0018753473243764696,-0.002340223880631348,-0.0016181229773462036,0.009708737864077666,-0.0033670033670033517,-0.014084507042253502,0.002777777777777768
2026-04-14,0.006691537127454827,0.008566061374175265,5,255.6093747733124,235.33999288739307,0.007554048637843647,0.0027554470503441952,0.004141448436345563,0.009257278552175674,0.009749462960565058,0.0032414910858995505,0.022435897435897356,0.016891891891891886,-0.0035714285714285587,-0.005540166204986097
2026-04-15,-0.0007629645776175087,-0.003900823435886176,5,255.41435387465344,234.42197312773663,-0.00216533738599603,-0.0013455552518024383,0.0007074238460844373,-5.764837435162651e-05,-0.0009537057220218859,0.004846526655896577,0.0015673981191222097,-0.006644518272425293,-0.0035842293906810374,0.0
2026-04-16,0.004829046226895395,-0.00011210393338105502,5,256.6477615965268,234.3956935024781,0.002418944439567805,0.002515181023055868,0.006036307783619244,0.007834868934698369,0.005339928953535689,0.014469453376205754,0.014084507042253502,0.0,-0.007194244604316502,0.0027855153203342198
2026-04-17,0.0008213479757382958,0.0026261282187398398,5,256.8585587159918,235.01124664753607,0.0018190779966142379,0.00025508003140126134,0.00019056456833507762,0.00012088786822359032,0.0017211294141173117,-0.0031695721077654726,0.0030864197530864335,0.0033444816053511683,0.0036231884057971175,-0.002777777777777768
2026-04-20,0.0003362205664180884,0.007501180010230113,5,256.94491984609266,236.7741083130678,0.0035999259464963573,0.0019587372464841823,-0.0029130576253107443,-0.001384778443601964,0.0004202757080226105,-0.012718600953894987,-0.006153846153846287,0.01333333333333342,0.0072202166064982976,0.0
2026-04-21,-0.0008542369188800248,-0.0003091199602030616,5,256.72542800944143,236.70091671012892,-0.001470372638133044,-0.0002938023405505419,-0.001067796148600031,-0.001067796148600031,-0.00037141731851647597,0.0016103059581320522,-0.003095975232197956,0.0,0.0,-0.0027855153203342198
2026-04-22,-0.0024128642539954725,-0.005024060624216679,5,256.1059844011058,235.51171695476958,0.0006012830265571256,-0.008450862926189961,-0.0013713434753890863,-0.0012239656221538497,-0.0016194322728015909,-0.014469453376205865,0.021739130434782483,-0.006578947368421018,-0.007168458781361964,-0.005586592178770999
2026-04-23,-0.007585536619552946,-0.009456569090223705,5,254.16328307794453,233.28458413182958,-0.007850599404131242,-0.0068223463063560585,-0.0069984770658318984,-0.006774339547004349,-0.009481920774441183,-0.006525285481239762,-0.010638297872340496,-0.009933774834437137,-0.010830324909747335,0.0
2026-04-24,-0.0017150318411883526,0.0006861180652413585,5,253.72738495460484,233.44464489934475,-0.0025542988326841543,0.0005443822415252819,-0.0029799102028232327,-0.0021437898014854406,-0.0014415426104742168,0.0016420361247948545,-0.01075268817204289,0.0033444816053511683,0.0,-0.002808988764044895
2026-04-27,0.0008130720179761131,-0.0018966314385206104,5,253.9336835915057,233.00188644667438,-0.003082020633267568,0.00023994250694225894,0.0018496733558034661,0.0019287487815942417,0.0031290160788081667,0.016393442622950838,0.0031055900621115295,-0.0033333333333332993,-0.0036496350364964014,-0.008450704225352101
2026-04-28,-0.002842628105954237,-0.004918055572728154,5,253.21184456548002,231.85597022057914,-0.003553285132442796,-0.00045730990024467344,-0.001881044329767212,-0.0026375342166918836,-0.005683966950624619,0.0,-0.01238390092879249,-0.006688963210702337,-0.00366300366300365,0.008522727272727293
2026-04-29,-0.0057279027047723915,-0.005994472412370374,5,251.761471756113,230.46611600344852,-0.005950200961610669,-0.00480878120228212,-0.006318127539214652,-0.004402525439789029,-0.00715987838096549,-0.004838709677419284,-0.00940438871473348,-0.0033670033670033517,-0.011029411764705843,0.0
2026-04-30,-0.005699243430797907,-0.0058570655286651245,5,250.326621842079,229.11626085987936,-0.0042877495883353045,-0.0047506365669783834,-0.005434865099308184,-0.0061946862587576035,-0.007828279640610059,-0.011345218800648316,-0.009493670886076,-0.006756756756756799,-0.0037174721189591198,0.0028169014084507005
2026-05-04,-0.023220094592255734,-0.0010307482075254855,5,244.51401400394607,228.8800996846831,-0.012221839551795066,-0.015047482457572064,-0.03242647878453736,-0.030890789882110692,-0.025513882285263495,-0.06721311475409841,-0.05591054313099042,0.013605442176870763,0.00746268656716409,-0.014044943820224698
2026-05-05,-0.00571563452742474,-0.0020181325231105472,5,243.1164612630659,228.41818931161666,-0.005387073914992713,-0.00460647209329107,-0.007144543159280925,-0.007144543159280925,-0.004295540310278068,-0.007029876977152849,-0.010152284263959421,0.0,0.0,-0.01139601139601143
2026-05-06,0.0016186099431333423,0.0018325006064447925,5,243.5099719846057,228.83676578205322,0.00025335092449188523,0.001595912001566252,0.0003454100799233639,0.0038751142807685324,0.002023262428916678,0.0070796460176991705,0.0017094017094017033,0.006711409395973256,-0.007407407407407418,0.0
2026-05-07,0.003755730345804431,-0.0018466179281854255,5,244.42452977589429,228.41419170773213,0.003376560999039352,0.004694662932255539,0.006361329598922216,0.004694662932255539,-0.00034856473345049044,0.005272407732864748,0.0,-0.00666666666666671,0.0,0.020172910662824117
2026-05-08,-0.003454009108379763,-0.0004325675616506845,5,243.5802852237369,228.31538713777869,5.3117985154671477e-05,-0.005170753706293774,-0.005156437559971361,-0.0033846755645791926,-0.0036112966962091597,-0.0174825174825175,0.0034129692832762792,0.003355704697986628,-0.003731343283582045,-0.0028248587570621764
2026-05-11,0.0048730191420271575,0.0020946463668686556,5,244.7672566162526,228.79362713394707,0.0029773949239752517,0.0009892331112074104,0.006091273927533947,0.006091273927533947,0.008215919819885231,0.01245551601423478,0.020408163265306145,0.0,0.0,-0.008498583569405138
2026-05-12,0.011442296426479181,0.004107353385386247,5,247.56795612195185,229.73336341291045,0.011666666666666659,0.0026362038664323184,0.014302870533098977,0.014302870533098977,0.014302870533098977,0.010544815465729274,0.046666666666666634,0.0,0.0,0.0
2026-05-13,0.0070186489729521465,0.001640082949016525,5,249.30554870292306,230.1101451850642,0.003121137303146726,0.007180954528292094,0.009609431617527975,0.0078369816281752,0.007344739787618737,0.022608695652173827,0.006369426751592355,-0.0033444816053511683,0.0037453183520599342,0.005714285714285783
2026-05-14,0.00633713015256443,0.004310784726396308,5,250.88543041281,231.1021004843168,0.010472433098868777,-0.00038554933461090735,0.006243560341712223,0.008854248511601048,0.006500958145251007,-0.010204081632652962,0.03322784810126578,0.006711409395973256,-0.003731343283582045,0.005681818181818121
2026-05-15,-0.0033243344226751457,-0.001119661903608379,5,250.051403340341,230.84334426656062,-0.0011485451761102383,-0.003006872852233694,-0.004155418028343932,-0.004155418028343932,-0.004155418028343932,-0.012027491408934776,-0.004594180704440953,0.0,0.0,0.0
2026-05-18,-0.008452028354953667,-0.0003552744457632735,5,247.9379617891125,230.7613315253682,-0.004912861530648627,-0.006334266212922851,-0.012231702110358733,-0.0096287058556771,-0.009152606065161023,-0.022608695652173827,-0.01692307692307693,0.006666666666666599,-0.0037453183520599342,-0.005649717514124242
2026-05-19,0.0005282373586630529,0.00032883942084512756,5,248.06893188316027,230.8372149479805,-0.003788101878183653,-0.0032520663689638296,0.0014881112678652442,-0.0002795529257313134,0.008472796698328816,0.017793594306049876,0.015649452269170583,-0.0033112582781457123,0.003759398496240518,-0.03125
2026-05-20,0.008240966250807658,0.0020301236525311463,5,250.11325957868328,231.3058430379308,0.010301207813509572,0.009530791788856297,0.010301207813509572,0.010301207813509572,0.0007704160246532754,0.0,0.0030816640986131016,0.0,0.0,0.038123167155425186
2026-05-21,-0.0007448993506948609,-0.00023818757408831083,5,249.92695037402294,231.25074886030515,-0.0022423129995573776,0.0006049741219232574,-0.0009311241883685761,-0.0009311241883685761,-0.00022490949910303204,0.005244755244755206,-0.006144393241167334,0.0,0.0,-0.0028248587570621764
2026-05-22,0.0013751174600892258,0.005122950416332308,5,250.27062928722907,232.43543498045622,0.0017188968251115322,0.002491694352159457,-0.0007727975270479248,0.0017188968251115322,0.0017188968251115322,0.0,-0.0030911901081916993,0.009966777408637828,0.0,0.0
2026-05-25,-0.008689567102906248,-0.03514838915095359,5,248.09588586015116,224.265703859292,-0.01738369800906761,-0.01086195887863281,0.005585409542419817,-0.009925629290617827,-0.01086195887863281,0.026086956521739202,0.0,-0.06578947368421051,-0.0037453183520599342,0.0
2026-05-26,-0.000953327846385199,0.0011260759753126746,5,247.85936914358703,224.51824408049453,-0.0011916598079814988,0.0022967122850417465,-0.0020719414981223705,-0.0011916598079814988,-0.0026080904028823737,0.0,-0.013953488372092981,0.0035211267605634866,0.0,0.0056657223796034994
2026-05-28,0.0012749940359395584,0.008750670537116815,5,248.17538836099686,226.48292926401487,0.003288657799161737,0.001986824305930751,-0.0027922223673562674,0.001593742544924448,0.002297967897037123,-0.006779661016949157,-0.0015723270440252124,0.01754385964912286,0.0,-0.0028169014084507005
2026-05-29,0.0012050653469272143,0.012919876550193811,5,248.47445592147088,229.40906075083225,0.006199164448164152,-0.001249573828152023,-0.004528151074961656,0.0005664820595988884,0.005037405129986711,-0.018771331058020535,0.011023622047244164,0.024137931034482696,0.003759398496240518,-0.01412429378531077
2026-06-02,0.006036938453073471,0.010753813359322113,5,249.97448091902973,231.8760829730841,0.007546173066341838,0.008324989265718785,0.004179169699338486,0.004737184302296887,0.005397175931671355,0.0,-0.0031152647975077885,0.013468013468013407,0.011235955056179803,0.008595988538681931
2026-06-03,0.005253419225234169,0.009474847547574886,5,251.2877016629077,234.07307350918293,0.004392860988064462,0.0073480240315427214,0.003244514895330064,0.0047149221796908836,0.00656677403154271,0.008695652173912993,-0.0031250000000000444,0.013289036544850585,0.007407407407407307,0.0
2026-06-04,0.009112867023575966,0.01584909553040776,5,253.57765307282182,237.78292001232612,0.01096004929671135,0.012174782839031062,0.007292723123732248,0.0058763778971170355,0.009260401961288134,0.0017241379310344307,-0.0031347962382444194,0.016393442622950838,0.022058823529411686,0.008522727272727293
2026-06-05,0.002768596674870549,0.004510778839873369,5,254.27970731994068,238.855506176401,0.0034607458435881866,0.002281500560569305,0.004267197456491401,-0.0010356570341096827,0.004869196547813537,0.0,0.004716981132075526,-0.003225806451612856,0.017985611510791477,-0.005633802816901401
2026-06-08,-0.00624151506670263,-0.006241987907439271,5,252.6926166955465,237.36457299522266,-0.007371601234410996,-0.0038895307660856415,-0.006992832344705158,-0.0051517171549330665,-0.007801893833378287,-0.0017211703958691649,-0.015649452269170583,-0.003236245954692518,-0.010600706713780883,0.0
2026-06-09,-0.010980632323454476,-0.013366065422735652,5,249.9178919807611,234.19194258352877,-0.00682923868018015,-0.012135965285081207,-0.008855660534188237,-0.011940076118603815,-0.01514222099921897,-0.02758620689655178,-0.006359300476947549,-0.01948051948051943,-0.0071428571428571175,0.0056657223796034994
2026-06-10,0.0009363263461314552,0.0005548902943657444,5,250.15189668739234,234.32189341948703,-0.002375691358115828,0.0027704079326643094,0.00034259336312791877,0.002069688508203882,0.0018746332847769942,0.014184397163120588,-0.006399999999999961,0.0033112582781456013,-0.003597122302158251,-0.0028169014084507005
2026-06-11,0.0010704670981052545,-0.0024112249524804973,5,250.4196760623248,233.75689062316147,0.001775146809694511,-0.0006747985750334973,0.0029882488891332104,0.001338083872631568,-7.434550589952016e-05,-0.0017482517482517723,0.008051529790660261,-0.0066006600660065695,0.0,0.005649717514124353
2026-06-12,-0.0009168697672128579,0.0012704338969420801,5,250.19007383222805,234.0538633006529,0.0019187113899331587,-0.004340975387929796,-0.001976651993069206,-0.0011460872090160723,0.0009606543640176268,-0.012259194395796924,0.012779552715654896,0.0033222591362125353,0.0,-0.008426966292134797
2026-06-15,0.013220307048998325,0.016457812397452018,5,253.4976634289017,237.9058778737539,0.011206234875077659,0.01494809674500186,0.013214125533102195,0.010207694280562007,0.016525383811247907,0.021276595744680993,0.006309148264984188,0.013245033112582849,0.025270758122743597,0.0
2026-06-16,0.00071393308380574,0.0030278451356478306,5,253.67864379749102,238.62622002881596,-0.003447861423020615,0.005202761182343363,-0.001558564037399679,0.001772698044898019,0.0016006316522076125,0.01736111111111116,-0.01724137931034475,0.009803921568627416,-0.0035211267605633756,-0.0028328611898017497
2026-06-17,0.0085191044871618,0.015873066454632382,5,255.83975867016332,242.4139498771511,0.011502122929771375,0.009053984277213822,0.004985450188240259,0.0071153117043585845,0.009938653336224956,-0.0034129692832765013,0.006379585326953707,0.02265372168284796,0.014134275618374659,0.0028409090909091717
2026-06-18,0.011056459686938469,0.0049684788982694485,5,258.66844064821606,243.61837847176187,0.012108245841549792,0.004708054798847394,0.013820574608673086,0.012949494469300271,0.011695928716321802,0.006849315068493178,0.03645007923930277,0.0,0.0034843205574912606,0.008498583569405138
2026-06-19,0.021104457043108392,0.01633182289820994,5,264.1274976422842,247.59711068371172,0.014900979467150799,0.021793415340582767,0.02321601434186016,0.0220402935261077,0.02357158253984054,0.04591836734693877,0.0183486238532109,0.012658227848101333,0.01736111111111116,0.011235955056179803
2026-06-22,0.022741585129623054,0.005944750541401251,5,270.13417561499057,249.0690137414981,0.013792835070565446,0.017541095526142914,0.03155198141202881,0.025867254449571497,0.024954759189806608,0.05853658536585349,0.04354354354354362,-0.012499999999999956,0.010238907849829282,0.01388888888888884
2026-06-23,0.006403911519696437,0.0012455042837025926,5,271.86409097407505,249.3792302650507,0.00838891397719349,0.002249493716167311,0.00879602864012688,0.008004889399620546,0.004580231865373957,-0.001536098310291778,0.02302158273381294,-0.0031645569620253333,0.0,0.013698630136986356
2026-06-24,-0.0099816310955551,-0.0031111427060687836,5,269.15044390984343,248.60337589176652,-0.010169346561751585,-0.002983367983367957,-0.012477038869443874,-0.012477038869443874,-0.011801363193768205,-0.009230769230769154,-0.03797468354430367,0.0,0.0,-0.002702702702702675
2026-06-25,0.005032151088410419,0.0043460999316522605,5,270.50484960911047,249.68383100673825,0.005513791344985142,0.0019042239482323642,0.005496538066862233,0.004600999671323824,0.007645202410648533,0.0031055900621115295,0.01754385964912264,0.0031746031746031633,0.006756756756756799,-0.005420054200542035
2026-06-26,0.0054398319766439055,0.010476195533557803,5,271.9763505398514,252.2995676419326,0.005251802354705792,0.008954962384597975,0.0044263722492858815,0.0017662329238249952,0.0067997899708048815,0.006191950464396356,-0.008620689655172376,0.009493670886076,0.020134228187919545,0.0
2026-06-29,-0.003974197510662214,-0.0017409206448035638,5,270.89546280457694,251.86033411594977,-0.0015062084267892795,-0.004605428047748078,-0.0034003487692055023,-0.007434852151485677,-0.0029241501580825335,-0.013846153846153952,-0.0014492753623187582,-0.006269592476489061,0.009868421052631637,-0.008174386920980936
