date,bank,price,price_clean,volume,net_flow_kes,turnover_kes,chg_pct_reported,flow_decode_flag,no_price_day
2017-09-01,Absa,10.3,10.3,2184100.0,-8115270.0,22496230.0,-0.48,False,False
2017-09-04,Absa,10.35,10.35,1232100.0,12937.5,12752235.0,,False,False
2017-09-05,Absa,10.45,10.45,108500.0,0.0,1133825.0,0.97,False,False
2017-09-06,Absa,10.35,10.35,134600.0,0.0,1393110.0,-0.96,False,False
2017-09-07,Absa,10.4,10.4,1974000.0,438752.5,20529600.0,0.48,False,False
2017-09-08,Absa,10.4,10.4,399400.0,11400.0,4153760.0,0.0,False,False
2017-09-11,Absa,10.4,10.4,68400.0,0.0,711360.0,,False,False
2017-09-12,Absa,10.45,10.45,1480000.0,494605.0,15465999.999999998,0.48,False,False
2017-09-13,Absa,10.45,10.45,124200.0,0.0,1297890.0,0.0,False,False
2017-09-14,Absa,10.4,10.4,414200.0,1130495.0,4307680.0,-0.48,False,False
2017-09-15,Absa,10.35,10.35,501800.0,41682.5,5193630.0,-0.48,False,False
2017-09-18,Absa,10.3,10.3,102200.0,0.0,1052660.0,,False,False
2017-09-19,Absa,10.25,10.25,178600.0,76000.0,1830650.0,-0.49,False,False
2017-09-20,Absa,10.1,10.1,151900.0,0.0,1534190.0,-1.46,False,False
2017-09-21,Absa,10.1,10.1,76900.0,0.0,776690.0,0.0,False,False
2017-09-22,Absa,10.1,10.1,109400.0,0.0,1104940.0,0.0,False,False
2017-09-25,Absa,10.1,10.1,119300.0,0.0,1204930.0,,False,False
2017-09-26,Absa,10.25,10.25,181000.0,0.0,1855250.0,1.49,False,False
2017-09-27,Absa,10.2,10.2,340200.0,103500.0,3470039.9999999995,-0.49,False,False
2017-09-28,Absa,10.15,10.15,82700.0,51500.0,839405.0,-0.49,False,False
2017-09-29,Absa,10.1,10.1,16400.0,228000.0,165640.0,-0.49,False,False
2017-10-02,Absa,9.95,9.95,522000.0,-2375252.5,5193900.0,,False,False
2017-10-03,Absa,9.6,9.6,190800.0,30957.5,1831680.0,-3.52,False,False
2017-10-04,Absa,9.7,9.7,221500.0,,2148550.0,1.04,False,False
2017-10-05,Absa,9.5,9.5,793400.0,-3845625.0,7537300.0,-2.06,False,False
2017-10-06,Absa,9.45,9.45,33300.0,47430.0,314685.0,-0.53,False,False
2017-10-09,Absa,9.1,9.1,141600.0,-580810.0,1288560.0,,False,False
2017-10-10,Absa,9.15,9.15,103000.0,159600.0,942450.0,0.55,False,False
2017-10-11,Absa,9.0,9.0,218000.0,-516282.5,1962000.0,-1.64,False,False
2017-10-12,Absa,9.0,9.0,268600.0,-297960.0,2417400.0,0.0,False,False
2017-10-13,Absa,9.0,9.0,128500.0,-542450.0,1156500.0,0.0,False,False
2017-10-18,Absa,9.15,9.15,47400.0,-86480.0,433710.0,,False,False
2017-10-19,Absa,9.45,9.45,243900.0,-757492.5,2304855.0,3.28,False,False
2017-10-23,Absa,9.95,9.95,81000.0,45250.0,805950.0,,False,False
2017-10-24,Absa,9.95,9.95,1110500.0,-4509432.5,11049475.0,0.0,False,False
2017-10-27,Absa,10.05,10.05,367700.0,-341752.5,3695385.0000000005,,False,False
2017-10-30,Absa,10.15,10.15,173500.0,90695.0,1761025.0,,False,False
2017-10-31,Absa,10.15,10.15,176900.0,100000.0,1795535.0,0.0,False,False
2017-11-01,Absa,10.15,10.15,1093500.0,-4995500.0,11099025.0,0.0,False,False
2017-11-02,Absa,10.1,10.1,729300.0,-2648355.0,7365930.0,-0.49,False,False
2017-11-03,Absa,10.0,10.0,263100.0,-496530.0,2631000.0,-0.99,False,False
2017-11-06,Absa,10.0,10.0,79400.0,101000.0,794000.0,,False,False
2017-11-07,Absa,10.0,10.0,504300.0,-1670305.0,5043000.0,0.0,False,False
2017-11-08,Absa,10.0,10.0,165200.0,-235480.0,1652000.0,0.0,False,False
2017-11-09,Absa,9.95,9.95,1338500.0,-5001855.0,13318074.999999998,-0.5,False,False
2017-11-10,Absa,9.95,9.95,364000.0,-1326500.0,3621799.9999999995,0.0,False,False
2017-11-13,Absa,9.85,9.85,62600.0,-112067.5,616610.0,,False,False
2017-11-14,Absa,9.8,9.8,33000.0,50000.0,323400.0,-0.51,False,False
2017-11-15,Absa,10.0,10.0,368900.0,-1003005.0,3689000.0,2.04,False,False
2017-11-16,Absa,10.0,10.0,256800.0,49500.0,2568000.0,0.0,False,False
2017-11-17,Absa,9.95,9.95,348900.0,-972472.5,3471554.9999999995,-0.5,False,False
2017-11-20,Absa,9.9,9.9,852200.0,-1673800.0,8436780.0,,False,False
2017-11-21,Absa,9.95,9.95,6357200.0,-30413985.0,63254139.99999999,0.51,False,False
2017-11-23,Absa,9.9,9.9,227700.0,-572237.5,2254230.0,,False,False
2017-11-24,Absa,9.85,9.85,241400.0,-522375.0,2377790.0,-0.51,False,False
2017-11-27,Absa,9.85,9.85,7568000.0,-30135500.0,74544800.0,,False,False
2017-11-29,Absa,9.95,9.95,286000.0,64350.0,2845700.0,,False,False
2017-11-30,Absa,9.9,9.9,118600.0,0.0,1174140.0,-0.5,False,False
2017-12-01,Absa,9.85,9.85,27900.0,0.0,274815.0,-0.51,False,False
2017-12-04,Absa,9.9,9.9,174800.0,-447750.0,1730520.0,,False,False
2017-12-05,Absa,9.8,9.8,152900.0,99500.0,1498420.0,-1.01,False,False
2017-12-06,Absa,9.9,9.9,263100.0,-355410.0,2604690.0,1.02,False,False
2017-12-08,Absa,9.85,9.85,1256800.0,-6006705.0,12379480.0,,False,False
2017-12-11,Absa,9.85,9.85,54800.0,0.0,539780.0,,False,False
2017-12-13,Absa,9.8,9.8,122900.0,0.0,1204420.0,,False,False
2017-12-14,Absa,9.8,9.8,114100.0,0.0,1118180.0,0.0,False,False
2017-12-15,Absa,9.75,9.75,198300.0,0.0,1933425.0,-0.51,False,False
2017-12-18,Absa,9.7,9.7,23900.0,0.0,231829.99999999997,,False,False
2017-12-19,Absa,9.75,9.75,212200.0,0.0,2068950.0,0.52,False,False
2017-12-20,Absa,9.75,9.75,133200.0,48750.0,1298700.0,0.0,False,False
2017-12-21,Absa,9.7,9.7,61900.0,0.0,600430.0,-0.51,False,False
2017-12-22,Absa,9.65,9.65,230300.0,0.0,2222395.0,-0.52,False,False
2017-12-27,Absa,9.6,9.6,535500.0,-2244277.5,5140800.0,,False,False
2017-12-28,Absa,9.6,9.6,138300.0,-423650.0,1327680.0,0.0,False,False
2017-12-29,Absa,9.6,9.6,67300.0,0.0,646080.0,0.0,False,False
2018-01-02,Absa,9.55,9.55,67300.0,-879140.0,642715.0,,False,False
2018-01-03,Absa,9.55,9.55,376400.0,-1397760.0,3594620.0000000005,0.0,False,False
2018-01-04,Absa,9.6,9.6,1361000.0,-6014590.0,13065600.0,0.52,False,False
2018-01-05,Absa,9.65,9.65,253800.0,0.0,2449170.0,0.52,False,False
2018-01-08,Absa,9.75,9.75,189200.0,-190605.0,1844700.0,,False,False
2018-01-09,Absa,9.8,9.8,110500.0,-237735.0,1082900.0,0.51,False,False
2018-01-10,Absa,9.75,9.75,285400.0,-1009985.0,2782650.0,-0.51,False,False
2018-01-11,Absa,9.8,9.8,916600.0,-4259192.5,8982680.0,0.51,False,False
2018-01-12,Absa,9.75,9.75,586300.0,-2326030.0,5716425.0,-0.51,False,False
2018-01-15,Absa,9.8,9.8,5438100.0,-24500000.0,53293380.00000001,,False,False
2018-01-16,Absa,9.95,9.95,404100.0,0.0,4020794.9999999995,1.53,False,False
2018-01-17,Absa,10.8,10.8,668000.0,-923175.0,7214400.000000001,8.54,False,False
2018-01-18,Absa,10.9,10.9,4203600.0,-19043940.0,45819240.0,0.93,False,False
2018-01-19,Absa,10.7,10.7,297000.0,-299775.0,3177900.0,-1.83,False,False
2018-01-22,Absa,10.15,10.15,669400.0,-69300.0,6794410.0,,False,False
2018-01-23,Absa,10.35,10.35,239600.0,0.0,2479860.0,1.97,False,False
2018-01-24,Absa,10.5,10.5,255300.0,0.0,2680650.0,1.45,False,False
2018-01-25,Absa,10.5,10.5,258500.0,0.0,2714250.0,0.0,False,False
2018-01-26,Absa,10.5,10.5,643500.0,2362500.0,6756750.0,0.0,False,False
2018-01-29,Absa,10.6,10.6,299200.0,0.0,3171520.0,,False,False
2018-01-30,Absa,10.75,10.75,14715300.0,74626650.0,158189475.0,1.42,False,False
2018-01-31,Absa,10.7,10.7,430200.0,42200.0,4603140.0,-0.47,False,False
2018-02-01,Absa,10.65,10.65,2392000.0,1378982.5,25474800.0,-0.47,False,False
2018-02-02,Absa,10.5,10.5,2833000.0,-13291837.5,29746500.0,-1.41,False,False
2018-02-05,Absa,10.55,10.55,3522800.0,-12686455.0,37165540.0,,False,False
2018-02-06,Absa,10.55,10.55,1044500.0,0.0,11019475.0,0.0,False,False
2018-02-07,Absa,10.6,10.6,19200.0,0.0,203520.0,0.47,False,False
2018-02-08,Absa,10.65,10.65,264700.0,523807.5,2819055.0,0.47,False,False
2018-02-09,Absa,10.6,10.6,153500.0,6857.5,1627100.0,-0.47,False,False
2018-02-12,Absa,10.65,10.65,154900.0,-59385.0,1649685.0,,False,False
2018-02-13,Absa,10.65,10.65,128400.0,60705.0,1367460.0,0.0,False,False
2018-02-14,Absa,10.65,10.65,652100.0,-1464830.0,6944865.0,0.0,False,False
2018-02-15,Absa,10.65,10.65,249900.0,90525.0,2661435.0,0.0,False,False
2018-02-16,Absa,10.7,10.7,472700.0,17040.0,5057890.0,0.47,False,False
2018-02-19,Absa,10.75,10.75,786700.0,0.0,8457025.0,,False,False
2018-02-20,Absa,10.85,10.85,1638600.0,1300585.0,17778810.0,0.93,False,False
2018-02-21,Absa,10.85,10.85,142200.0,0.0,1542870.0,0.0,False,False
2018-02-22,Absa,10.85,10.85,275400.0,0.0,2988090.0,0.0,False,False
2018-02-23,Absa,10.95,10.95,275400.0,0.0,3015630.0,0.92,False,False
2018-02-26,Absa,11.0,11.0,410800.0,0.0,4518800.0,,False,False
2018-02-27,Absa,11.25,11.25,475900.0,1617400.0,5353875.0,2.27,False,False
2018-02-28,Absa,11.1,11.1,786500.0,0.0,8730150.0,-1.33,False,False
2018-03-01,Absa,11.05,11.05,4430900.0,105945.0,48961445.0,-0.45,False,False
2018-03-02,Absa,11.1,11.1,349000.0,0.0,3873900.0,0.45,False,False
2018-03-05,Absa,11.2,11.2,272300.0,-281940.0,3049760.0,,False,False
2018-03-06,Absa,11.2,11.2,664100.0,1808115.0,7437919.999999999,0.0,False,False
2018-03-07,Absa,11.1,11.1,661400.0,0.0,7341540.0,-0.89,False,False
2018-03-08,Absa,11.2,11.2,642000.0,0.0,7190400.0,0.9,False,False
2018-03-09,Absa,11.45,11.45,2039800.0,-4801305.0,23355710.0,2.23,False,False
2018-03-12,Absa,11.65,11.65,513600.0,-167070.0,5983440.0,,False,False
2018-03-13,Absa,11.95,11.95,2123400.0,-2047050.0,25374630.0,2.58,False,False
2018-03-14,Absa,11.95,11.95,1736000.0,4254410.0,20745200.0,0.0,False,False
2018-03-15,Absa,12.2,12.2,1344000.0,1603485.0,16396799.999999998,2.09,False,False
2018-03-16,Absa,12.3,12.3,1177300.0,-44840.0,14480790.0,0.82,False,False
2018-03-19,Absa,12.65,12.65,2086300.0,7196497.5,26391695.0,,False,False
2018-03-20,Absa,12.65,12.65,3218100.0,11669880.0,40708965.0,0.0,False,False
2018-03-21,Absa,12.65,12.65,1616600.0,2244575.0,20449990.0,0.0,False,False
2018-03-22,Absa,12.65,12.65,1254400.0,-252880.0,15868160.0,0.0,False,False
2018-03-23,Absa,12.6,12.6,1139900.0,1876327.5,14362740.0,-0.4,False,False
2018-03-26,Absa,12.55,12.55,1571200.0,5463232.5,19718560.0,,False,False
2018-03-27,Absa,12.55,12.55,4629900.0,10834227.5,58105245.0,0.0,False,False
2018-03-28,Absa,12.8,12.8,940000.0,-1015742.5,12032000.0,1.99,False,False
2018-03-29,Absa,12.8,12.8,946700.0,12727.5,12117760.0,0.0,False,False
2018-04-03,Absa,12.95,12.95,1252600.0,1671807.5,16221170.0,,False,False
2018-04-04,Absa,12.95,12.95,1322500.0,-4412207.5,17126375.0,0.0,False,False
2018-04-05,Absa,12.95,12.95,376200.0,-399695.0,4871790.0,0.0,False,False
2018-04-06,Absa,12.95,12.95,2263000.0,10023300.0,29305850.0,0.0,False,False
2018-04-09,Absa,12.9,12.9,1639700.0,8307425.0,21152130.0,,False,False
2018-04-10,Absa,12.95,12.95,5302800.0,22913620.0,68671260.0,0.39,False,False
2018-04-11,Absa,13.0,13.0,985800.0,464400.0,12815400.0,0.39,False,False
2018-04-12,Absa,13.35,13.35,1004200.0,5494450.0,13406070.0,2.69,False,False
2018-04-13,Absa,13.3,13.3,10219200.0,-1467610.0,135915360.0,-0.37,False,False
2018-04-16,Absa,13.2,13.2,494500.0,-90440.0,6527400.0,,False,False
2018-04-17,Absa,13.0,13.0,1413600.0,5187700.0,18376800.0,-1.52,False,False
2018-04-18,Absa,12.95,12.95,526500.0,0.0,6818175.0,-0.38,False,False
2018-04-19,Absa,12.8,12.8,1787200.0,8275150.0,22876160.0,-1.16,False,False
2018-04-20,Absa,12.7,12.7,1526800.0,6426702.5,19390360.0,-0.78,False,False
2018-04-23,Absa,13.15,13.15,340900.0,0.0,4482835.0,,False,False
2018-04-24,Absa,13.4,13.4,931200.0,3323590.0,12478080.0,1.9,False,False
2018-04-25,Absa,13.35,13.35,1940800.0,4068230.0,25909680.0,-0.37,False,False
2018-04-26,Absa,13.25,13.25,2301900.0,6748555.0,30500175.0,-0.75,False,False
2018-04-27,Absa,12.05,12.05,899500.0,0.0,10838975.0,-9.06,False,False
2018-04-30,Absa,12.0,12.0,801200.0,-293265.0,9614400.0,,False,False
2018-05-02,Absa,12.0,12.0,1033800.0,1697110.0,12405600.0,,False,False
2018-05-03,Absa,12.0,12.0,819800.0,3714620.0,9837600.0,0.0,False,False
2018-05-04,Absa,11.75,11.75,5397000.0,19368700.0,63414750.0,-2.08,False,False
2018-05-07,Absa,11.7,11.7,6047900.0,35640000.0,70760430.0,,False,False
2018-05-08,Absa,11.7,11.7,59500.0,7140.0,696150.0,0.0,False,False
2018-05-09,Absa,11.7,11.7,7620800.0,11317075.0,89163360.0,0.0,False,False
2018-05-10,Absa,11.7,11.7,486300.0,-134550.0,5689710.0,0.0,False,False
2018-05-11,Absa,11.7,11.7,377600.0,0.0,4417920.0,0.0,False,False
2018-05-14,Absa,11.65,11.65,108400.0,-40950.0,1262860.0,,False,False
2018-05-15,Absa,11.7,11.7,105400.0,0.0,1233180.0,0.43,False,False
2018-05-16,Absa,11.75,11.75,546700.0,902315.0,6423725.0,0.43,False,False
2018-05-17,Absa,11.7,11.7,1815600.0,9048780.0,21242520.0,-0.43,False,False
2018-05-18,Absa,11.75,11.75,965300.0,1071135.0,11342275.0,0.43,False,False
2018-05-21,Absa,11.75,11.75,474400.0,2392650.0,5574200.0,,False,False
2018-05-22,Absa,11.75,11.75,538000.0,2392650.0,6321500.0,0.0,False,False
2018-05-23,Absa,11.75,11.75,15376200.0,87540000.0,180670350.0,0.0,False,False
2018-05-24,Absa,11.75,11.75,1125300.0,-587500.0,13222275.0,0.0,False,False
2018-05-25,Absa,11.75,11.75,1125300.0,-587500.0,13222275.0,0.0,False,False
2018-05-28,Absa,11.75,11.75,144500.0,0.0,1697875.0,,False,False
2018-05-29,Absa,11.8,11.8,722900.0,-293750.0,8530220.0,0.43,False,False
2018-05-30,Absa,11.85,11.85,573400.0,-293750.0,6794790.0,0.42,False,False
2018-05-31,Absa,11.8,11.8,243500.0,-298750.0,2873300.0,-0.42,False,False
2018-06-04,Absa,11.8,11.8,143700.0,-33320.0,1695660.0,,False,False
2018-06-05,Absa,11.85,11.85,250400.0,-235750.0,2967240.0,0.42,False,False
2018-06-06,Absa,11.85,11.85,1204000.0,0.0,14267400.0,0.0,False,False
2018-06-07,Absa,11.8,11.8,19000.0,0.0,224200.0,-0.42,False,False
2018-06-08,Absa,11.85,11.85,341500.0,-999600.0,4046775.0,0.42,False,False
2018-06-11,Absa,11.85,11.85,106500.0,,1262025.0,,False,False
2018-06-12,Absa,11.85,11.85,108600.0,0.0,1286910.0,0.0,False,False
2018-06-13,Absa,11.85,11.85,158000.0,-296250.0,1872300.0,0.0,False,False
2018-06-14,Absa,11.9,11.9,141300.0,-8887.5,1681470.0,0.42,False,False
2018-06-18,Absa,11.95,11.95,591500.0,644530.0,7068425.0,,False,False
2018-06-19,Absa,11.9,11.9,124300.0,0.0,1479170.0,-0.42,False,False
2018-06-20,Absa,11.9,11.9,547800.0,-79467.5,6518820.0,0.0,False,False
2018-06-21,Absa,11.95,11.95,571000.0,47600.0,6823450.0,0.42,False,False
2018-06-22,Absa,11.9,11.9,266600.0,-44215.0,3172540.0,-0.42,False,False
2018-06-25,Absa,11.9,11.9,462000.0,0.0,5497800.0,,False,False
2018-06-26,Absa,11.85,11.85,429700.0,-1456452.5,5091945.0,-0.42,False,False
2018-06-27,Absa,11.45,11.45,276600.0,-295072.5,3167070.0,-3.38,False,False
2018-06-28,Absa,11.45,11.45,158200.0,-249900.0,1811390.0,0.0,False,False
2018-06-29,Absa,11.7,11.7,216000.0,575920.0,2527200.0,2.18,False,False
2018-07-02,Absa,11.45,11.45,216000.0,-1070425.0,2473200.0,,False,False
2018-07-03,Absa,11.4,11.4,7794400.0,282325.0,88856160.0,-0.44,False,False
2018-07-04,Absa,11.35,11.35,106900.0,290352.5,1213315.0,-0.44,False,False
2018-07-05,Absa,11.4,11.4,98300.0,0.0,1120620.0,0.44,False,False
2018-07-06,Absa,11.45,11.45,181300.0,-249900.0,2075884.9999999998,0.44,False,False
2018-07-09,Absa,11.45,11.45,101000.0,0.0,1156450.0,,False,False
2018-07-10,Absa,11.5,11.5,129600.0,0.0,1490400.0,0.44,False,False
2018-07-11,Absa,11.45,11.45,605900.0,-2443717.5,6937555.0,-0.43,False,False
2018-07-12,Absa,11.45,11.45,1343500.0,671750.0,15383074.999999998,0.0,False,False
2018-07-13,Absa,11.45,11.45,100300.0,50150.0,1148435.0,0.0,False,False
2018-07-16,Absa,11.5,11.5,124700.0,0.0,1434050.0,,False,False
2018-07-17,Absa,11.45,11.45,159800.0,-14900.0,1829710.0,-0.43,False,False
2018-07-18,Absa,9.95,,64600.0,0.0,739670.0,-13.1,False,True
2018-07-19,Absa,11.5,11.5,252800.0,753585.0,2907200.0,15.58,False,False
2018-07-20,Absa,11.5,11.5,206400.0,922300.0,2373600.0,0.0,False,False
2018-07-23,Absa,11.55,11.55,3293500.0,14161875.0,38039925.0,,False,False
2018-07-24,Absa,11.55,11.55,856200.0,4319975.0,9889110.0,0.0,False,False
2018-07-25,Absa,11.55,11.55,638200.0,3245250.0,7371210.0,0.0,False,False
2018-07-26,Absa,11.5,11.5,117800.0,0.0,1354700.0,-0.43,False,False
2018-07-27,Absa,11.55,11.55,174700.0,0.0,2017785.0000000002,0.43,False,False
2018-07-30,Absa,11.6,11.6,240700.0,499315.0,2792120.0,,False,False
2018-07-31,Absa,11.6,11.6,103000.0,73700.0,1194800.0,0.0,False,False
2018-08-01,Absa,11.7,11.7,103000.0,0.0,1205100.0,0.86,False,False
2018-08-02,Absa,11.7,11.7,866600.0,2389600.0,10139220.0,0.0,False,False
2018-08-03,Absa,11.75,11.75,223900.0,0.0,2630825.0,0.43,False,False
2018-08-06,Absa,11.95,11.95,189400.0,-556310.0,2263330.0,,False,False
2018-08-07,Absa,12.05,12.05,269000.0,0.0,3241450.0,0.84,False,False
2018-08-08,Absa,12.1,12.1,299600.0,23010.0,3625160.0,0.41,False,False
2018-08-09,Absa,12.35,12.35,484300.0,0.0,5981105.0,2.07,False,False
2018-08-10,Absa,12.55,12.55,288000.0,0.0,3614400.0,1.62,False,False
2018-08-13,Absa,12.25,12.25,78200.0,0.0,957950.0,,False,False
2018-08-14,Absa,12.15,12.15,196300.0,0.0,2385045.0,-0.82,False,False
2018-08-15,Absa,12.0,12.0,254300.0,121030.0,3051600.0,-1.23,False,False
2018-08-16,Absa,12.05,12.05,188300.0,0.0,2269015.0,0.42,False,False
2018-08-17,Absa,11.75,11.75,130100.0,0.0,1528675.0,-2.49,False,False
2018-08-20,Absa,11.75,11.75,44800.0,0.0,526400.0,,False,False
2018-08-22,Absa,11.75,11.75,2817900.0,-14507645.0,33110325.0,,False,False
2018-08-23,Absa,11.65,11.65,193800.0,88500.0,2257770.0,-0.85,False,False
2018-08-24,Absa,11.65,11.65,174300.0,0.0,2030595.0,0.0,False,False
2018-08-27,Absa,11.65,11.65,232100.0,0.0,2703965.0,,False,False
2018-08-28,Absa,11.5,11.5,138400.0,0.0,1591600.0,-1.29,False,False
2018-08-29,Absa,11.05,11.05,790400.0,-1096200.0,8733920.0,-3.91,False,False
2018-08-30,Absa,11.1,11.1,2100800.0,-1620395.0,23318880.0,0.45,False,False
2018-08-31,Absa,11.15,11.15,,0.0,,0.45,False,False
2018-09-03,Absa,11.05,11.05,299400.0,1100000.0,3308370.0,,False,False
2018-09-04,Absa,11.0,11.0,84500.0,0.0,929500.0,-0.45,False,False
2018-09-05,Absa,10.8,10.8,90000.0,-3390.0,972000.0000000001,-1.82,False,False
2018-09-06,Absa,10.55,10.55,212500.0,30800.0,2241875.0,-2.31,False,False
2018-09-07,Absa,10.25,10.25,2918600.0,-5835565.0,29915650.0,-2.84,False,False
2018-09-10,Absa,10.15,10.15,2133800.0,424730.0,21658070.0,,False,False
2018-09-11,Absa,10.15,10.15,68900.0,0.0,699335.0,0.0,False,False
2018-09-12,Absa,10.15,10.15,88300.0,0.0,896245.0,0.0,False,False
2018-09-13,Absa,10.2,10.2,202500.0,0.0,2065499.9999999998,0.49,False,False
2018-09-14,Absa,10.15,10.15,8935200.0,0.0,90692280.0,-0.49,False,False
2018-09-17,Absa,10.1,10.1,5113300.0,0.0,51644330.0,,False,False
2018-09-18,Absa,10.15,10.15,4586000.0,725932.5,46547900.0,0.5,False,False
2018-09-19,Absa,10.2,10.2,306900.0,685950.0,3130380.0,0.49,False,False
2018-09-20,Absa,10.4,10.4,303300.0,0.0,3154320.0,1.96,False,False
2018-09-21,Absa,10.55,10.55,281700.0,0.0,2971935.0,1.44,False,False
2018-09-24,Absa,10.55,10.55,124300.0,0.0,1311365.0,,False,False
2018-09-25,Absa,10.6,10.6,105000.0,4320.0,1113000.0,0.47,False,False
2018-09-26,Absa,10.65,10.65,135900.0,132500.0,1447335.0,0.47,False,False
2018-09-27,Absa,10.55,10.55,154100.0,-21000.0,1625755.0,-0.94,False,False
2018-09-28,Absa,10.6,10.6,137800.0,0.0,1460680.0,0.47,False,False
2018-10-01,Absa,10.6,10.6,102600.0,329660.0,1087560.0,,False,False
2018-10-02,Absa,10.65,10.65,572000.0,-1248267.5,6091800.0,0.47,False,False
2018-10-03,Absa,10.6,10.6,105300.0,358280.0,1116180.0,-0.47,False,False
2018-10-04,Absa,10.5,10.5,77300.0,530.0,811650.0,-0.94,False,False
2018-10-05,Absa,10.0,10.0,92800.0,-3390.0,928000.0,-4.76,False,False
2018-10-08,Absa,10.35,10.35,111200.0,0.0,1150920.0,,False,False
2018-10-09,Absa,10.35,10.35,309000.0,-1046325.0,3198150.0,0.0,False,False
2018-10-11,Absa,10.45,10.45,2109300.0,-1113707.5,22042185.0,,False,False
2018-10-12,Absa,10.5,10.5,67800.0,0.0,711900.0,0.48,False,False
2018-10-15,Absa,10.45,10.45,68000.0,0.0,710600.0,,False,False
2018-10-16,Absa,10.45,10.45,168800.0,0.0,1763959.9999999998,0.0,False,False
2018-10-17,Absa,10.5,10.5,279800.0,530.0,2937900.0,0.48,False,False
2018-10-18,Absa,10.5,10.5,73400.0,69160.0,770700.0,0.0,False,False
2018-10-19,Absa,10.3,10.3,265900.0,52250.0,2738770.0,-1.9,False,False
2018-10-22,Absa,10.25,10.25,245500.0,0.0,2516375.0,,False,False
2018-10-23,Absa,10.4,10.4,272400.0,-1050015.0,2832960.0,1.46,False,False
2018-10-24,Absa,10.6,10.6,63500.0,51500.0,673100.0,1.92,False,False
2018-10-25,Absa,10.7,10.7,56000.0,29120.0,599200.0,0.94,False,False
2018-10-26,Absa,10.65,10.65,622700.0,-2547750.0,6631755.0,-0.47,False,False
2018-10-29,Absa,10.65,10.65,49300.0,0.0,525045.0,,False,False
2018-10-30,Absa,10.95,10.95,126300.0,0.0,1382985.0,2.82,False,False
2018-10-31,Absa,10.8,10.8,99700.0,68650.0,1076760.0,-1.37,False,False
2018-11-01,Absa,11.25,11.25,68600.0,0.0,771750.0,4.17,False,False
2018-11-02,Absa,11.15,11.15,162500.0,69160.0,1811875.0,-0.89,False,False
2018-11-05,Absa,11.15,11.15,140100.0,55000.0,1562115.0,,False,False
2018-11-06,Absa,11.2,11.2,185600.0,0.0,2078719.9999999998,0.45,False,False
2018-11-07,Absa,11.35,11.35,63900.0,0.0,725265.0,1.34,False,False
2018-11-08,Absa,11.5,11.5,1431600.0,-7435150.0,16463400.0,1.32,False,False
2018-11-09,Absa,11.5,11.5,22300.0,0.0,256450.0,0.0,False,False
2018-11-12,Absa,11.55,11.55,67508.0,0.0,779717.4,,False,False
2018-11-13,Absa,11.55,11.55,403200.0,0.0,4656960.0,0.0,False,False
2018-11-14,Absa,11.5,11.5,263600.0,0.0,3031400.0,-0.43,False,False
2018-11-15,Absa,11.5,11.5,839100.0,0.0,9649650.0,0.0,False,False
2018-11-16,Absa,11.5,11.5,105100.0,-105682.5,1208650.0,0.0,False,False
2018-11-19,Absa,11.2,11.2,171900.0,0.0,1925279.9999999998,,False,False
2018-11-20,Absa,10.95,10.95,175100.0,-152412.5,1917344.9999999998,-2.23,False,False
2018-11-21,Absa,10.7,10.7,349000.0,0.0,3734299.9999999995,-2.28,False,False
2018-11-22,Absa,10.7,10.7,448900.0,532.5,4803230.0,0.0,False,False
2018-11-23,Absa,10.65,10.65,97400.0,0.0,1037310.0,-0.47,False,False
2018-11-26,Absa,10.7,10.7,195900.0,0.0,2096129.9999999998,,False,False
2018-11-27,Absa,10.75,10.75,322400.0,-244460.0,3465800.0,0.47,False,False
2018-11-28,Absa,10.7,10.7,0.0,32100.0,0.0,-0.47,False,False
2018-11-29,Absa,10.7,10.7,79100.0,3762.5,846370.0,0.0,False,False
2018-11-30,Absa,10.7,10.7,169100.0,0.0,1809369.9999999998,0.0,False,False
2018-12-03,Absa,10.75,10.75,488700.0,-53575.0,5253525.0,,False,False
2018-12-04,Absa,10.75,10.75,488700.0,0.0,5253525.0,0.0,False,False
2018-12-05,Absa,10.75,10.75,92900.0,3210.0,998675.0,0.0,False,False
2018-12-06,Absa,10.7,10.7,571700.0,-2169900.0,6117190.0,-0.47,False,False
2018-12-07,Absa,10.75,10.75,368400.0,0.0,3960300.0,0.47,False,False
2018-12-10,Absa,10.8,10.8,402100.0,0.0,4342680.0,,False,False
2018-12-11,Absa,10.95,10.95,88100.0,537.5,964694.9999999999,1.39,False,False
2018-12-13,Absa,10.95,10.95,1040700.0,540.0,11395665.0,,False,False
2018-12-14,Absa,10.95,10.95,224500.0,0.0,2458275.0,0.0,False,False
2018-12-17,Absa,10.95,10.95,291400.0,,3190830.0,,False,False
2018-12-18,Absa,11.1,11.1,158800.0,0.0,1762680.0,1.37,False,False
2018-12-19,Absa,11.05,11.05,16000.0,0.0,176800.0,-0.45,False,False
2018-12-20,Absa,11.05,11.05,49700.0,0.0,549185.0,0.0,False,False
2018-12-21,Absa,10.9,10.9,80700.0,0.0,879630.0,-1.36,False,False
2018-12-24,Absa,10.95,10.95,68800.0,5.54,753360.0,,False,False
2018-12-27,Absa,10.85,10.85,31300.0,0.0,339605.0,,False,False
2018-12-28,Absa,10.9,10.9,40600.0,0.0,442540.0,0.46,False,False
2019-01-02,Absa,10.9,10.9,120200.0,-90842.5,1310180.0,,False,False
2019-01-03,Absa,11.0,11.0,53200.0,0.0,585200.0,0.92,False,False
2019-01-04,Absa,11.0,11.0,47300.0,0.0,520300.0,0.0,False,False
2019-01-07,Absa,11.1,11.1,153600.0,607745.0,1704960.0,,False,False
2019-01-08,Absa,11.1,11.1,35400.0,152300.0,392940.0,0.0,False,False
2019-01-09,Absa,11.05,11.05,113500.0,0.0,1254175.0,-0.45,False,False
2019-01-10,Absa,11.2,11.2,92300.0,0.0,1033759.9999999999,1.36,False,False
2019-01-11,Absa,11.35,11.35,75600.0,0.0,858060.0,1.34,False,False
2019-01-14,Absa,11.5,11.5,272100.0,864035.0,3129150.0,,False,False
2019-01-15,Absa,11.65,11.65,58500.0,0.0,681525.0,1.3,False,False
2019-01-16,Absa,11.55,11.55,47100.0,0.0,544005.0,-0.86,False,False
2019-01-17,Absa,11.5,11.5,153100.0,0.0,1760650.0,-0.43,False,False
2019-01-18,Absa,11.45,11.45,650800.0,-2921190.0,7451660.0,-0.43,False,False
2019-01-21,Absa,11.45,11.45,623700.0,-2410137.5,7141365.0,,False,False
2019-01-22,Absa,11.35,11.35,127900.0,0.0,1451665.0,-0.87,False,False
2019-01-23,Absa,11.5,11.5,176600.0,-730410.0,2030900.0,1.32,False,False
2019-01-24,Absa,11.55,11.55,582900.0,-1512825.0,6732495.0,0.43,False,False
2019-01-25,Absa,11.5,11.5,94900.0,0.0,1091350.0,-0.43,False,False
2019-01-28,Absa,11.5,11.5,2705600.0,-14329685.0,31114400.0,,False,False
2019-01-29,Absa,11.45,11.45,58000.0,71875.0,664100.0,-0.43,False,False
2019-01-30,Absa,11.45,11.45,783600.0,-3921487.5,8972220.0,0.0,False,False
2019-01-31,Absa,11.5,11.5,11730800.0,-64243447.5,134904200.0,0.44,False,False
2019-02-01,Absa,11.6,11.6,152200.0,8625.0,1765520.0,0.87,False,False
2019-02-05,Absa,12.25,12.25,3320600.0,-18420700.0,40677350.0,,False,False
2019-02-06,Absa,12.2,12.2,103800.0,0.0,1266360.0,-0.41,False,False
2019-02-07,Absa,12.0,12.0,18460500.0,-13629230.0,221526000.0,-1.64,False,False
2019-02-08,Absa,11.9,11.9,51400.0,0.0,611660.0,-0.83,False,False
2019-02-11,Absa,11.85,11.85,249800.0,-75945.0,2960130.0,,False,False
2019-02-12,Absa,11.8,11.8,608400.0,-3040820.0,7179120.0,-0.42,False,False
2019-02-13,Absa,11.5,11.5,531100.0,-717000.0,6107650.0,-2.54,False,False
2019-02-14,Absa,11.45,11.45,510900.0,-1208512.5,5849805.0,-0.43,False,False
2019-02-15,Absa,11.7,11.7,251100.0,-617152.5,2937870.0,2.18,False,False
2019-02-18,Absa,11.6,11.6,174000.0,-287100.0,2018400.0,,False,False
2019-02-19,Absa,11.5,11.5,242400.0,-915390.0,2787600.0,-0.86,False,False
2019-02-20,Absa,11.55,11.55,151400.0,0.0,1748670.0,0.43,False,False
2019-02-21,Absa,11.6,11.6,52500.0,0.0,609000.0,0.43,False,False
2019-02-22,Absa,11.35,11.35,1057100.0,-1129385.0,11998085.0,-2.16,False,False
2019-02-25,Absa,11.1,11.1,873000.0,0.0,9690300.0,,False,False
2019-02-26,Absa,11.3,11.3,857300.0,3425100.0,9687490.0,1.8,False,False
2019-02-27,Absa,11.3,11.3,123200.0,0.0,1392160.0,0.0,False,False
2019-02-28,Absa,11.4,11.4,2000600.0,9661077.5,22806840.0,0.88,False,False
2019-03-01,Absa,11.75,11.75,185100.0,-54805.0,2174925.0,3.07,False,False
2019-03-04,Absa,11.75,11.75,124100.0,0.0,1458175.0,,False,False
2019-03-06,Absa,11.7,11.7,5044100.0,-4406250.0,59015970.0,,False,False
2019-03-07,Absa,11.8,11.8,1067900.0,-5940242.5,12601220.0,0.85,False,False
2019-03-08,Absa,11.8,11.8,,-5940242.5,,0.0,False,False
2019-03-11,Absa,11.85,11.85,186600.0,17850.0,2211210.0,,False,False
2019-03-12,Absa,11.85,11.85,164700.0,29500.0,1951695.0,0.0,False,False
2019-03-13,Absa,11.9,11.9,182300.0,58990.0,2169370.0,0.42,False,False
2019-03-14,Absa,11.9,11.9,3803900.0,0.0,45266410.0,0.0,False,False
2019-03-15,Absa,11.9,11.9,383000.0,0.0,4557700.0,0.0,False,False
2019-03-18,Absa,11.9,11.9,371700.0,-30472.5,4423230.0,,False,False
2019-03-19,Absa,11.95,11.95,2120600.0,14937.5,25341170.0,0.42,False,False
2019-03-20,Absa,11.85,11.85,638800.0,0.0,7569780.0,-0.84,False,False
2019-03-21,Absa,11.85,11.85,105400.0,328625.0,1248990.0,0.0,False,False
2019-03-22,Absa,11.85,11.85,3919000.0,-16793400.0,46440150.0,0.0,False,False
2019-03-25,Absa,11.75,11.75,133500.0,0.0,1568625.0,,False,False
2019-03-26,Absa,11.8,11.8,429000.0,-4760.0,5062200.0,0.43,False,False
2019-03-27,Absa,11.8,11.8,403800.0,0.0,4764840.0,0.0,False,False
2019-03-28,Absa,11.9,11.9,234100.0,-7140.0,2785790.0,0.85,False,False
2019-03-29,Absa,11.85,11.85,158100.0,-11900.0,1873485.0,-0.42,False,False
2019-04-01,Absa,11.9,11.9,52400.0,0.0,623560.0,,False,False
2019-04-02,Absa,11.95,11.95,688600.0,-517055.0,8228769.999999999,0.42,False,False
2019-04-03,Absa,12.0,12.0,286200.0,0.0,3434400.0,0.42,False,False
2019-04-04,Absa,12.0,12.0,739000.0,197540.0,8868000.0,0.0,False,False
2019-04-05,Absa,12.1,12.1,145200.0,0.0,1756920.0,0.83,False,False
2019-04-08,Absa,12.05,12.05,1183700.0,6000.0,14263585.0,,False,False
2019-04-09,Absa,12.05,12.05,98300.0,0.0,1184515.0,0.0,False,False
2019-04-10,Absa,12.0,12.0,255900.0,-539345.0,3070800.0,-0.41,False,False
2019-04-11,Absa,12.0,12.0,464900.0,-513320.0,5578800.0,0.0,False,False
2019-04-12,Absa,12.0,12.0,113900.0,0.0,1366800.0,0.0,False,False
2019-04-15,Absa,11.95,11.95,116900.0,0.0,1396955.0,,False,False
2019-04-16,Absa,11.9,11.9,374100.0,628800.0,4451790.0,-0.42,False,False
2019-04-17,Absa,12.0,12.0,153700.0,211800.0,1844400.0,0.84,False,False
2019-04-18,Absa,11.9,11.9,408500.0,519000.0,4861150.0,-0.83,False,False
2019-04-23,Absa,11.95,11.95,200800.0,0.0,2399560.0,,False,False
2019-04-24,Absa,11.9,11.9,2077200.0,-11400000.0,24718680.0,-0.42,False,False
2019-04-25,Absa,12.0,12.0,225600.0,0.0,2707200.0,0.84,False,False
2019-04-30,Absa,10.55,10.55,1863100.0,0.0,19655705.0,,False,False
2019-05-02,Absa,10.55,10.55,298200.0,0.0,3146010.0,0.0,False,False
2019-05-03,Absa,10.7,10.7,298200.0,0.0,3190740.0,1.42,False,False
2019-05-06,Absa,10.7,10.7,120500.0,0.0,1289350.0,,False,False
2019-05-07,Absa,10.75,10.75,127900.0,323010.0,1374925.0,0.47,False,False
2019-05-08,Absa,10.65,10.65,589700.0,913245.0,6280305.0,-0.93,False,False
2019-05-09,Absa,10.65,10.65,934400.0,979560.0,9951360.0,0.0,False,False
2019-05-10,Absa,10.65,10.65,202300.0,127330.0,2154495.0,0.0,False,False
2019-05-13,Absa,10.65,10.65,51100.0,107000.0,544215.0,,False,False
2019-05-14,Absa,10.55,10.55,6728100.0,0.0,70981455.0,-0.94,False,False
2019-05-15,Absa,10.5,10.5,313900.0,0.0,3295950.0,-0.47,False,False
2019-05-16,Absa,10.45,10.45,109200.0,0.0,1141140.0,-0.48,False,False
2019-05-17,Absa,10.15,10.15,350100.0,0.0,3553515.0,-2.87,False,False
2019-05-20,Absa,10.45,10.45,2672700.0,-1512525.0,27929714.999999996,,False,False
2019-05-21,Absa,10.3,10.3,89500.0,0.0,921850.0000000001,-1.44,False,False
2019-05-22,Absa,10.35,10.35,538000.0,-357000.0,5568300.0,0.49,False,False
2019-05-23,Absa,10.4,10.4,129200.0,104000.0,1343680.0,0.48,False,False
2019-05-24,Absa,10.4,10.4,135700.0,89095.0,1411280.0,0.0,False,False
2019-05-27,Absa,10.4,10.4,56800.0,-24675.0,590720.0,,False,False
2019-05-28,Absa,10.3,10.3,310800.0,0.0,3201240.0,-0.96,False,False
2019-05-29,Absa,10.25,10.25,621400.0,-59042.5,6369350.0,-0.49,False,False
2019-05-30,Absa,10.3,10.3,2279300.0,-57360.0,23476790.0,0.49,False,False
2019-05-31,Absa,10.35,10.35,154100.0,-67987.5,1594935.0,0.49,False,False
2019-06-04,Absa,10.4,10.4,67800.0,0.0,705120.0,,False,False
2019-06-06,Absa,10.4,10.4,1280600.0,-6053967.5,13318240.0,,False,False
2019-06-10,Absa,10.4,10.4,1874400.0,-19612.5,19493760.0,0.97,False,False
2019-06-11,Absa,10.3,10.3,1367000.0,-6878442.5,14080100.000000002,-0.96,False,False
2019-06-12,Absa,10.25,10.25,1206800.0,-5425885.0,12369700.0,-0.49,False,False
2019-06-13,Absa,10.35,10.35,235200.0,0.0,2434320.0,0.98,False,False
2019-06-14,Absa,10.3,10.3,430400.0,97045.0,4433120.0,-0.48,False,False
2019-06-17,Absa,10.35,10.35,139700.0,0.0,1445895.0,,False,False
2019-06-18,Absa,10.4,10.4,1317800.0,5561007.5,13705120.0,0.48,False,False
2019-06-19,Absa,10.4,10.4,2177800.0,-9842040.0,22649120.0,0.0,False,False
2019-06-20,Absa,10.4,10.4,322900.0,-379642.5,3358160.0,0.0,False,False
2019-06-21,Absa,10.35,10.35,61100.0,38887.5,632385.0,-0.48,False,False
2019-06-24,Absa,10.4,10.4,233000.0,954907.5,2423200.0,,False,False
2019-06-25,Absa,10.35,10.35,1853500.0,-1140880.0,19183725.0,-0.48,False,False
2019-06-26,Absa,10.4,10.4,216900.0,83430.0,2255760.0,0.48,False,False
2019-06-27,Absa,10.45,10.45,1544500.0,-7729800.0,16140024.999999998,0.48,False,False
2019-06-28,Absa,10.4,10.4,340200.0,150365.0,3538080.0,-0.48,False,False
2019-07-01,Absa,10.35,10.35,79300.0,0.0,820755.0,,False,False
2019-07-02,Absa,10.35,10.35,186400.0,31050.0,1929240.0,0.0,False,False
2019-07-03,Absa,10.2,10.2,274000.0,-489840.0,2794800.0,-1.45,False,False
2019-07-04,Absa,10.3,10.3,10138800.0,-1714170.0,104429640.0,0.98,False,False
2019-07-05,Absa,10.25,10.25,49900.0,0.0,511475.0,-0.49,False,False
2019-07-08,Absa,10.25,10.25,217400.0,0.0,2228350.0,,False,False
2019-07-09,Absa,10.3,10.3,117400.0,0.0,1209220.0,0.49,False,False
2019-07-10,Absa,10.35,10.35,289600.0,-798175.0,2997360.0,0.49,False,False
2019-07-11,Absa,10.3,10.3,310400.0,-1086750.0,3197120.0,-0.48,False,False
2019-07-12,Absa,10.25,10.25,47400.0,51750.0,485850.0,-0.49,False,False
2019-07-15,Absa,10.3,10.3,72700.0,51500.0,748810.0,,False,False
2019-07-16,Absa,10.35,10.35,591600.0,0.0,6123060.0,0.49,False,False
2019-07-17,Absa,10.3,10.3,97800.0,-196932.5,1007340.0000000001,-0.48,False,False
2019-07-18,Absa,10.3,10.3,1125200.0,-402350.0,11589560.0,0.0,False,False
2019-07-19,Absa,10.3,10.3,105600.0,-230765.0,1087680.0,0.0,False,False
2019-07-22,Absa,10.3,10.3,354200.0,-1252217.5,3648260.0000000005,,False,False
2019-07-23,Absa,10.35,10.35,15501300.0,-79306150.0,160438455.0,0.49,False,False
2019-07-24,Absa,10.4,10.4,116000.0,0.0,1206400.0,0.48,False,False
2019-07-25,Absa,10.45,10.45,520300.0,95667.5,5437135.0,0.48,False,False
2019-07-26,Absa,10.5,10.5,48800.0,0.0,512400.0,0.48,False,False
2019-07-29,Absa,10.55,10.55,48800.0,0.0,514840.00000000006,,False,False
2019-07-30,Absa,10.65,10.65,48800.0,0.0,519720.0,0.95,False,False
2019-07-31,Absa,10.6,10.6,48800.0,0.0,517280.0,-0.47,False,False
2019-08-01,Absa,10.7,10.7,48800.0,0.0,522159.99999999994,0.94,False,False
2019-08-02,Absa,10.7,10.7,48800.0,-2207410.0,522159.99999999994,0.0,False,False
2019-08-05,Absa,10.65,10.65,102400.0,0.0,1090560.0,,False,False
2019-08-06,Absa,10.65,10.65,113500.0,-106500.0,1208775.0,0.0,False,False
2019-08-07,Absa,10.75,10.75,102300.0,10750.0,1099725.0,0.94,False,False
2019-08-08,Absa,10.65,10.65,168300.0,0.0,1792395.0,-0.93,False,False
2019-08-09,Absa,10.65,10.65,354900.0,0.0,3779685.0,0.0,False,False
2019-08-13,Absa,10.6,10.6,119800.0,0.0,1269880.0,,False,False
2019-08-14,Absa,10.75,10.75,289600.0,0.0,3113200.0,1.42,False,False
2019-08-15,Absa,10.75,10.75,190300.0,0.0,2045725.0,0.0,False,False
2019-08-16,Absa,10.75,10.75,2651900.0,-7138537.5,28507925.0,0.0,False,False
2019-08-19,Absa,10.65,10.65,736200.0,0.0,7840530.0,,False,False
2019-08-20,Absa,10.65,10.65,58000.0,0.0,617700.0,0.0,False,False
2019-08-21,Absa,10.65,10.65,757600.0,374250.0,8068440.0,0.0,False,False
2019-08-22,Absa,10.65,10.65,39800.0,115020.0,423870.0,0.0,False,False
2019-08-23,Absa,10.8,10.8,88000.0,-150165.0,950400.0000000001,1.41,False,False
2019-08-26,Absa,10.9,10.9,60800.0,78644.59,662720.0,,False,False
2019-08-27,Absa,11.0,11.0,994800.0,-150165.0,10942800.0,0.92,False,False
2019-08-28,Absa,11.05,11.05,142200.0,648450.0,1571310.0,0.45,False,False
2019-08-29,Absa,11.0,11.0,94100.0,70400.0,1035100.0,-0.45,False,False
2019-08-30,Absa,10.95,10.95,190000.0,275000.0,2080499.9999999998,-0.45,False,False
2019-09-02,Absa,10.85,10.85,190000.0,-575.0,2061500.0,,False,False
2019-09-03,Absa,11.0,11.0,216500.0,270000.0,2381500.0,1.38,False,False
2019-09-04,Absa,11.0,11.0,5564400.0,1961177.5,61208400.0,0.0,False,False
2019-09-05,Absa,10.95,10.95,2168400.0,1835900.0,23743980.0,-0.45,False,False
2019-09-06,Absa,10.8,10.8,89000.0,-292520.0,961200.0000000001,-1.37,False,False
2019-09-09,Absa,10.8,10.8,951700.0,-4925152.5,10278360.0,,False,False
2019-09-10,Absa,10.9,10.9,29900.0,0.0,325910.0,0.93,False,False
2019-09-11,Absa,10.7,10.7,23079200.0,-125410200.0,246947439.99999997,-1.83,False,False
2019-09-12,Absa,10.75,10.75,121500.0,53500.0,1306125.0,0.47,False,False
2019-09-13,Absa,10.85,10.85,142800.0,70200.0,1549380.0,0.93,False,False
2019-09-16,Absa,10.85,10.85,54500.0,0.0,591325.0,,False,False
2019-09-17,Absa,10.85,10.85,844100.0,-4481137.5,9158485.0,0.0,False,False
2019-09-18,Absa,10.9,10.9,351500.0,54750.0,3831350.0,0.46,False,False
2019-09-19,Absa,10.9,10.9,13018800.0,11275.0,141904920.0,0.0,False,False
2019-09-20,Absa,10.85,10.85,1144200.0,-5395262.5,12414570.0,-0.46,False,False
2019-09-23,Absa,10.85,10.85,142900.0,54500.0,1550465.0,,False,False
2019-09-24,Absa,10.9,10.9,343000.0,0.0,3738700.0,0.46,False,False
2019-09-25,Absa,10.85,10.85,47300.0,542.5,513205.0,-0.46,False,False
2019-09-26,Absa,10.95,10.95,315400.0,43650.0,3453630.0,0.92,False,False
2019-09-27,Absa,11.0,11.0,1320800.0,7595.0,14528800.0,0.46,False,False
2019-09-30,Absa,11.1,11.1,118900.0,-539035.0,1319790.0,,False,False
2019-10-01,Absa,11.1,11.1,51700.0,0.0,573870.0,0.0,False,False
2019-10-02,Absa,11.05,11.05,113300.0,0.0,1251965.0,-0.45,False,False
2019-10-03,Absa,11.2,11.2,1057900.0,-1422.5,11848480.0,1.36,False,False
2019-10-04,Absa,11.0,11.0,42700.0,0.0,469700.0,-1.79,False,False
2019-10-07,Absa,11.1,11.1,330000.0,0.0,3663000.0,,False,False
2019-10-08,Absa,11.05,11.05,22400.0,0.0,247520.00000000003,-0.45,False,False
2019-10-09,Absa,11.05,11.05,140400.0,-48417.5,1551420.0,0.0,False,False
2019-10-11,Absa,11.15,11.15,39500.0,13260.0,440425.0,,False,False
2019-10-14,Absa,11.1,11.1,13800.0,-1615.0,153180.0,,False,False
2019-10-15,Absa,11.05,11.05,43800.0,118235.0,483990.00000000006,-0.45,False,False
2019-10-16,Absa,11.15,11.15,994300.0,193817.5,11086445.0,0.9,False,False
2019-10-17,Absa,11.35,11.35,139500.0,-4481137.5,1583325.0,1.79,False,False
2019-10-18,Absa,11.4,11.4,106100.0,-333240.0,1209540.0,0.44,False,False
2019-10-22,Absa,11.5,11.5,772800.0,0.0,8887200.0,,False,False
2019-10-23,Absa,11.5,11.5,69600.0,0.0,800400.0,0.0,False,False
2019-10-24,Absa,11.5,11.5,124900.0,-98900.0,1436350.0,0.0,False,False
2019-10-25,Absa,11.55,11.55,45800.0,0.0,528990.0,0.43,False,False
2019-10-28,Absa,11.8,11.8,66700.0,29580.0,787060.0,,False,False
2019-10-29,Absa,12.6,12.6,76500.0,0.0,963900.0,6.78,False,False
2019-10-30,Absa,13.3,13.3,203600.0,0.0,2707880.0,5.56,False,False
2019-10-31,Absa,13.5,13.5,616100.0,47520.0,8317350.0,1.5,False,False
2019-11-01,Absa,13.0,13.0,2995400.0,-451405.0,38940200.0,-3.7,False,False
2019-11-04,Absa,13.05,13.05,1329800.0,178177.5,17353890.0,,False,False
2019-11-05,Absa,13.35,13.35,225500.0,-9787.5,3010425.0,2.3,False,False
2019-11-06,Absa,13.05,13.05,575900.0,-338137.5,7515495.0,-2.25,False,False
2019-11-07,Absa,12.7,12.7,2325200.0,-459700.0,29530040.0,-2.68,False,False
2019-11-08,Absa,12.55,12.55,147900.0,-2640.0,1856145.0,-1.18,False,False
2019-11-11,Absa,12.35,12.35,20200.0,0.0,249470.0,,False,False
2019-11-12,Absa,12.1,12.1,43600.0,0.0,527560.0,-2.02,False,False
2019-11-13,Absa,11.8,11.8,16000.0,0.0,188800.0,-2.48,False,False
2019-11-14,Absa,11.85,11.85,91600.0,59000.0,1085460.0,0.42,False,False
2019-11-15,Absa,11.95,11.95,33600.0,0.0,401520.0,0.84,False,False
2019-11-18,Absa,11.85,11.85,301700.0,-297500.0,3575145.0,,False,False
2019-11-19,Absa,11.85,11.85,350700.0,-1798970.0,4155795.0,0.0,False,False
2019-11-20,Absa,11.9,11.9,764900.0,-3178245.0,9102310.0,0.42,False,False
2019-11-21,Absa,12.0,12.0,539400.0,0.0,6472800.0,0.84,False,False
2019-11-22,Absa,12.0,12.0,155200.0,0.0,1862400.0,0.0,False,False
2019-11-25,Absa,12.0,12.0,65800.0,0.0,789600.0,,False,False
2019-11-26,Absa,12.1,12.1,190800.0,0.0,2308680.0,0.83,False,False
2019-11-27,Absa,12.25,12.25,436200.0,0.0,5343450.0,1.24,False,False
2019-11-28,Absa,12.45,12.45,186500.0,0.0,2321925.0,1.63,False,False
2019-11-29,Absa,12.9,12.9,59000.0,0.0,761100.0,3.61,False,False
2019-12-02,Absa,12.95,12.95,118600.0,0.0,1535870.0,,False,False
2019-12-03,Absa,12.7,12.7,377600.0,0.0,4795520.0,-1.93,False,False
2019-12-04,Absa,12.75,12.75,86600.0,-17850.0,1104150.0,0.39,False,False
2019-12-05,Absa,12.65,12.65,473900.0,-126107.5,5994835.0,-0.78,False,False
2019-12-06,Absa,12.8,12.8,39300.0,0.0,503040.0,1.19,False,False
2019-12-09,Absa,12.8,12.8,683100.0,3624342.5,8743680.0,,False,False
2019-12-10,Absa,13.0,13.0,310700.0,0.0,4039100.0,1.56,False,False
2019-12-11,Absa,13.0,13.0,457100.0,-33150.0,5942300.0,0.0,False,False
2019-12-13,Absa,13.0,13.0,32000.0,650.0,416000.0,,False,False
2019-12-16,Absa,13.0,13.0,393800.0,0.0,5119400.0,,False,False
2019-12-17,Absa,13.05,13.05,287700.0,0.0,3754485.0,0.38,False,False
2019-12-18,Absa,13.05,13.05,366000.0,1315.0,4776300.0,0.0,False,False
2019-12-19,Absa,13.1,13.1,831300.0,0.0,10890030.0,0.38,False,False
2019-12-20,Absa,13.1,13.1,275000.0,0.0,3602500.0,0.0,False,False
2019-12-23,Absa,13.2,13.2,118200.0,0.0,1560240.0,,False,False
2019-12-24,Absa,13.3,13.3,98400.0,64680.0,1308720.0,0.76,False,False
2019-12-27,Absa,13.3,13.3,41100.0,0.0,546630.0,,False,False
2019-12-30,Absa,13.35,13.35,320500.0,0.0,4278675.0,,False,False
2019-12-31,Absa,13.35,13.35,115300.0,-73700.0,1539255.0,0.0,False,False
2020-01-02,Absa,13.35,13.35,51800.0,0.0,691530.0,,False,False
2020-01-03,Absa,13.45,13.45,69200.0,0.0,930740.0,0.75,False,False
2020-01-06,Absa,13.3,13.3,254100.0,-672.5,3379530.0,,False,False
2020-01-07,Absa,13.2,13.2,2794200.0,-2630.0,36883440.0,-0.75,False,False
2020-01-08,Absa,13.25,13.25,267300.0,0.0,3541725.0,0.38,False,False
2020-01-09,Absa,13.3,13.3,147200.0,0.0,1957760.0,0.38,False,False
2020-01-10,Absa,13.5,13.5,314600.0,1451587.5,4247100.0,1.5,False,False
2020-01-13,Absa,13.5,13.5,605200.0,80225.0,8170200.0,,False,False
2020-01-14,Absa,13.6,13.6,788700.0,88000.0,10726320.0,0.74,False,False
2020-01-15,Absa,13.45,13.45,50600.0,0.0,680570.0,-1.1,False,False
2020-01-16,Absa,13.5,13.5,358100.0,0.0,4834350.0,0.37,False,False
2020-01-17,Absa,13.4,13.4,74800.0,0.0,1002320.0,-0.74,False,False
2020-01-20,Absa,13.5,13.5,1624400.0,6673200.0,21929400.0,,False,False
2020-01-21,Absa,13.2,13.2,265000.0,1320.0,3498000.0,-2.22,False,False
2020-01-22,Absa,13.1,13.1,96300.0,0.0,1261530.0,-0.76,False,False
2020-01-23,Absa,13.1,13.1,52300.0,0.0,685130.0,0.0,False,False
2020-01-24,Absa,13.05,13.05,224600.0,-91045.0,2931030.0,-0.38,False,False
2020-01-27,Absa,13.0,13.0,257900.0,0.0,3352700.0,,False,False
2020-01-28,Absa,13.0,13.0,399400.0,71450.0,5192200.0,0.0,False,False
2020-01-29,Absa,13.0,13.0,71700.0,0.0,932100.0,0.0,False,False
2020-01-30,Absa,13.05,13.05,1610400.0,-1804572.5,21015720.0,0.38,False,False
2020-01-31,Absa,13.2,13.2,963800.0,-254580.0,12722160.0,1.15,False,False
2020-02-03,Absa,13.15,13.15,113400.0,-109700.0,1491210.0,,False,False
2020-02-04,Absa,13.2,13.2,162100.0,-97690.0,2139720.0,0.38,False,False
2020-02-05,Absa,13.35,13.35,92700.0,65750.0,1237545.0,1.14,False,False
2020-02-06,Absa,13.35,13.35,48000.0,0.0,640800.0,0.0,False,False
2020-02-07,Absa,13.35,13.35,0.0,0.0,0.0,0.0,False,False
2020-02-10,Absa,13.3,13.3,0.0,0.0,0.0,,False,False
2020-02-12,Absa,13.3,13.3,10808200.0,133250.0,143749060.0,,False,False
2020-02-13,Absa,13.2,13.2,3069800.0,0.0,40521360.0,-0.75,False,False
2020-02-14,Absa,13.3,13.3,166800.0,-581117.5,2218440.0,0.76,False,False
2020-02-17,Absa,13.25,13.25,5388100.0,0.0,71392325.0,,False,False
2020-02-18,Absa,13.15,13.15,126800.0,-289395.0,1667420.0,-0.75,False,False
2020-02-19,Absa,13.15,13.15,243300.0,0.0,3199395.0,0.0,False,False
2020-02-20,Absa,12.95,12.95,122500.0,-316650.0,1586375.0,-1.52,False,False
2020-02-21,Absa,13.15,13.15,174800.0,-903217.5,2298620.0,1.54,False,False
2020-02-24,Absa,13.0,13.0,49700.0,0.0,646100.0,,False,False
2020-02-25,Absa,13.0,13.0,68100.0,0.0,885300.0,0.0,False,False
2020-02-26,Absa,13.1,13.1,173300.0,0.0,2270230.0,0.77,False,False
2020-02-27,Absa,12.95,12.95,715800.0,-865685.0,9269610.0,-1.15,False,False
2020-02-28,Absa,12.95,12.95,135100.0,-28912.5,1749545.0,0.0,False,False
2020-03-02,Absa,13.0,13.0,1945400.0,-10145850.0,25290200.0,,False,False
2020-03-03,Absa,13.1,13.1,272600.0,0.0,3571060.0,0.77,False,False
2020-03-04,Absa,13.3,13.3,47500.0,96285.0,631750.0,1.53,False,False
2020-03-05,Absa,13.3,13.3,2077300.0,1355377.5,27628090.0,0.0,False,False
2020-03-06,Absa,13.1,13.1,435700.0,0.0,5707670.0,-1.5,False,False
2020-03-09,Absa,12.8,12.8,238200.0,-469117.5,3048960.0,,False,False
2020-03-10,Absa,12.8,12.8,592000.0,-3132480.0,7577600.0,0.0,False,False
2020-03-11,Absa,12.45,12.45,116900.0,63000.0,1455405.0,-2.73,False,False
2020-03-12,Absa,11.6,11.6,297200.0,-191250.0,3447520.0,-6.83,False,False
2020-03-13,Absa,11.35,11.35,130800.0,-356925.0,1484580.0,-2.16,False,False
2020-03-16,Absa,11.4,11.4,107200.0,-108675.0,1222080.0,,False,False
2020-03-17,Absa,11.1,11.1,83100.0,-214982.5,922410.0,-2.63,False,False
2020-03-18,Absa,11.1,11.1,309200.0,-714782.5,3432120.0,0.0,False,False
2020-03-19,Absa,11.0,11.0,137300.0,-3202.5,1510300.0,-0.9,False,False
2020-03-20,Absa,10.2,10.2,188500.0,-670345.0,1922699.9999999998,-7.27,False,False
2020-03-23,Absa,9.74,9.74,314500.0,-650310.0,3063230.0,,False,False
2020-03-24,Absa,9.44,9.44,323700.0,-932994.0,3055728.0,-3.08,False,False
2020-03-25,Absa,9.9,9.9,2033500.0,-4630960.0,20131650.0,4.87,False,False
2020-03-26,Absa,9.82,9.82,213500.0,-656759.0,2096570.0,-0.81,False,False
2020-03-27,Absa,10.15,10.15,2215700.0,-10723449.5,22489355.0,3.36,False,False
2020-03-30,Absa,10.1,10.1,215000.0,-963640.0,2171500.0,,False,False
2020-03-31,Absa,9.98,9.98,426800.0,-2006362.5,4259464.0,-1.19,False,False
2020-04-01,Absa,10.0,10.0,687900.0,-1492308.0,6879000.0,0.2,False,False
2020-04-02,Absa,9.9,9.9,429800.0,-468000.0,4255020.0,-1.0,False,False
2020-04-03,Absa,9.92,9.92,666200.0,-3229025.0,6608704.0,0.2,False,False
2020-04-06,Absa,9.9,9.9,288100.0,-1139815.0,2852190.0,,False,False
2020-04-07,Absa,9.9,9.9,468000.0,-2076992.0,4633200.0,0.0,False,False
2020-04-08,Absa,9.86,9.86,497300.0,-2040875.0,4903378.0,-0.4,False,False
2020-04-09,Absa,10.35,10.35,770000.0,-3545375.0,7969500.0,4.97,False,False
2020-04-14,Absa,10.2,10.2,8300.0,0.0,84660.0,,False,False
2020-04-15,Absa,10.25,10.25,2343900.0,-8585325.0,24024975.0,0.49,False,False
2020-04-16,Absa,10.25,10.25,289900.0,-523880.0,2971475.0,0.0,False,False
2020-04-17,Absa,10.05,10.05,86000.0,-256250.0,864300.0000000001,-1.95,False,False
2020-04-20,Absa,10.25,10.25,3317000.0,-14027232.5,33999250.0,,False,False
2020-04-21,Absa,10.35,10.35,17396200.0,-84618270.0,180050670.0,0.98,False,False
2020-04-22,Absa,10.7,10.7,84100.0,-525.0,899869.9999999999,3.38,False,False
2020-04-23,Absa,10.6,10.6,96800.0,-331997.5,1026080.0,-0.93,False,False
2020-04-24,Absa,10.55,10.55,659100.0,-2797870.0,6953505.000000001,-0.47,False,False
2020-04-27,Absa,10.6,10.6,1502600.0,-2681297.5,15927560.0,,False,False
2020-04-28,Absa,10.55,10.55,450700.0,-2378045.0,4754885.0,-0.47,False,False
2020-04-29,Absa,10.6,10.6,918800.0,-4819250.0,9739280.0,0.47,False,False
2020-04-30,Absa,10.6,10.6,947300.0,-3799987.5,10041380.0,0.0,False,False
2020-05-04,Absa,10.85,10.85,467600.0,-2037320.0,5073460.0,,False,False
2020-05-05,Absa,11.15,11.15,890600.0,-4395585.0,9930190.0,2.76,False,False
2020-05-06,Absa,10.95,10.95,1353900.0,-5658850.0,14825204.999999998,-1.79,False,False
2020-05-07,Absa,11.0,11.0,1028500.0,-1268687.5,11313500.0,0.46,False,False
2020-05-08,Absa,10.85,10.85,388300.0,-1573372.5,4213055.0,-1.36,False,False
2020-05-11,Absa,10.65,10.65,810800.0,-2880747.5,8635020.0,,False,False
2020-05-12,Absa,10.7,10.7,312400.0,270000.0,3342680.0,0.47,False,False
2020-05-13,Absa,10.5,10.5,643500.0,-2348650.0,6756750.0,-1.87,False,False
2020-05-14,Absa,10.5,10.5,11036000.0,-56668670.0,115878000.0,0.0,False,False
2020-05-15,Absa,10.5,10.5,350800.0,-1750335.0,3683400.0,0.0,False,False
2020-05-18,Absa,10.5,10.5,446100.0,-1906937.5,4684050.0,,False,False
2020-05-19,Absa,10.45,10.45,711600.0,-3241370.0,7436219.999999999,-0.48,False,False
2020-05-20,Absa,10.3,10.3,393000.0,-1063027.5,4047900.0000000005,-1.44,False,False
2020-05-21,Absa,10.35,10.35,350300.0,-163375.0,3625605.0,0.49,False,False
2020-05-22,Absa,10.5,10.5,1433900.0,-3202535.0,15055950.0,1.45,False,False
2020-05-26,Absa,10.35,10.35,479400.0,-2440725.0,4961790.0,,False,False
2020-05-27,Absa,10.75,10.75,645900.0,52520.0,6943425.0,3.86,False,False
2020-05-28,Absa,10.8,10.8,997900.0,-2990660.0,10777320.0,0.47,False,False
2020-05-29,Absa,10.8,10.8,1767600.0,-5348407.5,19090080.0,0.0,False,False
2020-06-02,Absa,10.8,10.8,2243000.0,-11933640.0,24224400.0,,False,False
2020-06-03,Absa,10.1,10.1,826500.0,-3893372.5,8347650.0,-6.48,False,False
2020-06-04,Absa,10.05,10.05,1180900.0,-2421500.0,11868045.0,-0.5,False,False
2020-06-05,Absa,9.98,9.98,47900.0,-1020.0,478042.0,-0.7,False,False
2020-06-08,Absa,9.94,9.94,171200.0,-71500.0,1701728.0,,False,False
2020-06-09,Absa,9.92,9.92,133100.0,-177540.0,1320352.0,-0.2,False,False
2020-06-10,Absa,9.9,9.9,368800.0,-1722513.0,3651120.0,-0.2,False,False
2020-06-11,Absa,9.92,9.92,100600.0,-184933.0,997952.0,0.2,False,False
2020-06-12,Absa,9.9,9.9,452600.0,-402457.0,4480740.0,-0.2,False,False
2020-06-15,Absa,9.86,9.86,442600.0,-1381545.0,4364036.0,,False,False
2020-06-16,Absa,9.88,9.88,190600.0,-649281.0,1883128.0000000002,0.2,False,False
2020-06-17,Absa,9.86,9.86,3998000.0,-19138686.0,39420280.0,-0.2,False,False
2020-06-18,Absa,9.86,9.86,820800.0,-3772661.0,8093087.999999999,0.0,False,False
2020-06-19,Absa,9.94,9.94,9197500.0,-45171047.0,91423150.0,0.81,False,False
2020-06-22,Absa,10.0,10.0,196700.0,0.0,1967000.0,,False,False
2020-06-23,Absa,10.0,10.0,9822600.0,-48267600.0,98226000.0,0.0,False,False
2020-06-24,Absa,10.1,10.1,12029500.0,-57404565.0,121497950.0,1.0,False,False
2020-06-25,Absa,10.1,10.1,763400.0,0.0,7710340.0,0.0,False,False
2020-06-26,Absa,10.1,10.1,170600.0,-32320.0,1723060.0,0.0,False,False
2020-06-29,Absa,10.0,10.0,243900.0,0.0,2439000.0,,False,False
2020-06-30,Absa,10.0,10.0,118700.0,0.0,1187000.0,0.0,False,False
2020-07-01,Absa,10.0,10.0,135800.0,0.0,1358000.0,0.0,False,False
2020-07-02,Absa,10.05,10.05,205800.0,0.0,2068290.0000000002,0.5,False,False
2020-07-03,Absa,9.98,9.98,84900.0,0.0,847302.0,-0.7,False,False
2020-07-06,Absa,9.94,9.94,177400.0,0.0,1763356.0,,False,False
2020-07-07,Absa,9.72,9.72,352400.0,0.0,3425328.0,-2.21,False,False
2020-07-08,Absa,9.42,9.42,309000.0,-125461.0,2910780.0,-3.09,False,False
2020-07-09,Absa,9.5,9.5,104100.0,-51505.0,988950.0,0.85,False,False
2020-07-10,Absa,9.2,9.2,1025000.0,-4105879.0,9430000.0,-3.16,False,False
2020-07-13,Absa,9.22,9.22,2106200.0,-1967302.0,19419164.0,,False,False
2020-07-14,Absa,9.18,9.18,1375800.0,-634389.0,12629844.0,-0.43,False,False
2020-07-15,Absa,9.12,9.12,345300.0,-1292135.0,3149135.9999999995,-0.65,False,False
2020-07-16,Absa,9.18,9.18,617200.0,-223635.0,5665896.0,0.66,False,False
2020-07-17,Absa,9.18,9.18,2941800.0,-477421.0,27005724.0,0.0,False,False
2020-07-20,Absa,9.02,9.02,194300.0,-701372.0,1752586.0,,False,False
2020-07-21,Absa,9.02,9.02,614700.0,-48400.0,5544594.0,0.0,False,False
2020-07-22,Absa,9.0,9.0,517300.0,-1130.0,4655700.0,-0.22,False,False
2020-07-23,Absa,9.06,9.06,2638000.0,-8788191.0,23900280.0,0.67,False,False
2020-07-24,Absa,9.02,9.02,68200.0,0.0,615164.0,-0.44,False,False
2020-07-27,Absa,9.36,9.36,141600.0,-4730.0,1325376.0,,False,False
2020-07-28,Absa,9.34,9.34,294600.0,-228176.0,2751564.0,-0.21,False,False
2020-07-29,Absa,9.02,9.02,252000.0,-561874.0,2273040.0,-3.43,False,False
2020-07-30,Absa,8.98,8.98,1338300.0,0.0,12017934.0,-0.44,False,False
2020-08-03,Absa,9.02,9.02,3226700.0,-13950430.0,29104834.0,,False,False
2020-08-04,Absa,9.0,9.0,282700.0,-685595.0,2544300.0,-0.22,False,False
2020-08-05,Absa,8.64,8.64,812000.0,2517088.0,7015680.0,-4.0,False,False
2020-08-06,Absa,8.62,8.62,1234700.0,-425676.0,10643113.999999998,-0.23,False,False
2020-08-07,Absa,9.0,9.0,1905600.0,-1479107.0,17150400.0,4.41,False,False
2020-08-10,Absa,8.62,8.62,164400.0,0.0,1417127.9999999998,,False,False
2020-08-11,Absa,9.06,9.06,3813100.0,-11607317.0,34546686.0,5.1,False,False
2020-08-12,Absa,9.06,9.06,95100.0,97825.0,861606.0,0.0,False,False
2020-08-13,Absa,9.06,9.06,151700.0,-29440.0,1374402.0,0.0,False,False
2020-08-14,Absa,9.2,9.2,199900.0,-257315.0,1839079.9999999998,1.55,False,False
2020-08-17,Absa,9.34,9.34,271800.0,-1007430.0,2538612.0,,False,False
2020-08-18,Absa,9.54,9.54,83300.0,-84810.0,794681.9999999999,2.14,False,False
2020-08-19,Absa,9.64,9.64,170200.0,-3716.0,1640728.0,1.05,False,False
2020-08-20,Absa,9.78,9.78,78400.0,-240.0,766752.0,1.45,False,False
2020-08-21,Absa,9.9,9.9,262400.0,-42907.0,2597760.0,1.23,False,False
2020-08-24,Absa,9.8,9.8,61600.0,-33570.0,603680.0,,False,False
2020-08-25,Absa,9.9,9.9,1087500.0,-4633440.0,10766250.0,1.02,False,False
2020-08-26,Absa,9.82,9.82,107400.0,0.0,1054668.0,-0.81,False,False
2020-08-27,Absa,9.54,9.54,2241500.0,-19700.0,21383909.999999996,-2.85,False,False
2020-08-28,Absa,9.98,9.98,786800.0,-2571746.0,7852264.0,4.61,False,False
2020-08-31,Absa,9.96,9.96,303600.0,0.0,3023856.0000000005,,False,False
2020-09-01,Absa,9.92,9.92,84000.0,-193722.0,833280.0,-0.4,False,False
2020-09-02,Absa,9.62,9.62,104400.0,-176790.0,1004327.9999999999,-3.02,False,False
2020-09-03,Absa,9.7,9.7,392100.0,39432.0,3803369.9999999995,0.83,False,False
2020-09-04,Absa,9.66,9.66,148400.0,0.0,1433544.0,-0.41,False,False
2020-09-07,Absa,9.84,9.84,94600.0,0.0,930864.0,,False,False
2020-09-08,Absa,9.6,9.6,4133900.0,-2952000.0,39685440.0,-2.44,False,False
2020-09-09,Absa,9.6,9.6,159200.0,32026.0,1528320.0,0.0,False,False
2020-09-10,Absa,9.74,9.74,587800.0,-2644800.0,5725172.0,1.46,False,False
2020-09-11,Absa,9.84,9.84,54500.0,-147000.0,536280.0,1.03,False,False
2020-09-14,Absa,9.9,9.9,211400.0,0.0,2092860.0,,False,False
2020-09-15,Absa,9.92,9.92,208000.0,0.0,2063360.0,0.2,False,False
2020-09-16,Absa,9.9,9.9,200000.0,0.0,1980000.0,-0.2,False,False
2020-09-17,Absa,9.84,9.84,67700.0,0.0,666168.0,-0.61,False,False
2020-09-18,Absa,9.84,9.84,138000.0,0.0,1357920.0,0.0,False,False
2020-09-21,Absa,9.84,9.84,196500.0,0.0,1933560.0,,False,False
2020-09-22,Absa,9.88,9.88,144700.0,0.0,1429636.0,0.41,False,False
2020-09-23,Absa,9.9,9.9,1342000.0,0.0,13285800.0,0.2,False,False
2020-09-24,Absa,10.0,10.0,1035900.0,-13966.0,10359000.0,1.01,False,False
2020-09-25,Absa,9.82,9.82,1305600.0,0.0,12820992.0,-1.8,False,False
2020-09-28,Absa,9.9,9.9,1776800.0,-8395628.0,17590320.0,,False,False
2020-09-29,Absa,9.82,9.82,16100.0,0.0,158102.0,-0.81,False,False
2020-09-30,Absa,9.82,9.82,446300.0,-1462899.0,4382666.0,0.0,False,False
2020-10-01,Absa,9.8,9.8,286200.0,-1279879.0,2804760.0,-0.2,False,False
2020-10-02,Absa,9.54,9.54,1634600.0,-7872908.0,15594083.999999998,-2.65,False,False
2020-10-05,Absa,9.56,9.56,82500.0,-205992.0,788700.0,,False,False
2020-10-06,Absa,9.5,9.5,89500.0,-344750.0,850250.0,-0.63,False,False
2020-10-07,Absa,9.44,9.44,199500.0,-261470.0,1883280.0,-0.63,False,False
2020-10-08,Absa,9.4,9.4,1525600.0,-1928274.0,14340640.0,-0.42,False,False
2020-10-09,Absa,9.5,9.5,671000.0,-546964.0,6374500.0,1.06,False,False
2020-10-12,Absa,9.48,9.48,74000.0,-68460.0,701520.0,,False,False
2020-10-13,Absa,9.62,9.62,100100.0,-369932.0,962961.9999999999,1.48,False,False
2020-10-14,Absa,9.66,9.66,65500.0,0.0,632730.0,0.42,False,False
2020-10-15,Absa,9.62,9.62,7200.0,0.0,69264.0,-0.41,False,False
2020-10-16,Absa,9.5,9.5,69300.0,0.0,658350.0,-1.25,False,False
2020-10-19,Absa,9.5,9.5,52200.0,0.0,495900.0,,False,False
2020-10-21,Absa,9.46,9.46,203900.0,-131100.0,1928894.0000000002,,False,False
2020-10-22,Absa,9.4,9.4,141700.0,-444621.0,1331980.0,-0.63,False,False
2020-10-23,Absa,9.4,9.4,24000.0,2880.0,225600.0,0.0,False,False
2020-10-26,Absa,9.4,9.4,2018400.0,-9400004.0,18972960.0,,False,False
2020-10-27,Absa,9.4,9.4,1098900.0,-4731019.0,10329660.0,0.0,False,False
2020-10-28,Absa,9.42,9.42,140700.0,0.0,1325394.0,0.21,False,False
2020-10-29,Absa,9.44,9.44,64300.0,0.0,606992.0,0.21,False,False
2020-10-30,Absa,9.28,9.28,41900.0,474.0,388832.0,-1.69,False,False
2020-11-02,Absa,9.22,9.22,60500.0,1399.0,557810.0,,False,False
2020-11-03,Absa,9.24,9.24,97300.0,0.0,899052.0,0.22,False,False
2020-11-04,Absa,9.38,9.38,33400.0,0.0,313292.0,1.52,False,False
2020-11-05,Absa,9.5,9.5,25300.0,468.0,240350.0,1.28,False,False
2020-11-06,Absa,9.56,9.56,65500.0,0.0,626180.0,0.63,False,False
2020-11-09,Absa,9.6,9.6,43200.0,0.0,414720.0,,False,False
2020-11-10,Absa,9.76,9.76,2812100.0,-2155454.0,27446096.0,1.67,False,False
2020-11-11,Absa,9.86,9.86,72700.0,27100.0,716822.0,1.02,False,False
2020-11-12,Absa,9.9,9.9,79600.0,0.0,788040.0,0.41,False,False
2020-11-13,Absa,9.78,9.78,4725800.0,-11668635.0,46218324.0,-1.21,False,False
2020-11-16,Absa,10.0,10.0,52600.0,0.0,526000.0,,False,False
2020-11-17,Absa,10.0,10.0,5375300.0,-25000000.0,53753000.0,0.0,False,False
2020-11-18,Absa,9.76,9.76,942100.0,-3150000.0,9194896.0,-2.4,False,False
2020-11-19,Absa,9.58,9.58,94900.0,35780.0,909142.0,-1.84,False,False
2020-11-20,Absa,9.54,9.54,398200.0,16800.0,3798827.9999999995,-0.42,False,False
2020-11-23,Absa,9.4,9.4,54700.0,0.0,514180.0,,False,False
2020-11-24,Absa,9.4,9.4,4094100.0,-18799050.0,38484540.0,0.0,False,False
2020-11-25,Absa,9.34,9.34,2769700.0,-12690543.0,25868998.0,-0.64,False,False
2020-11-26,Absa,9.54,9.54,83700.0,0.0,798497.9999999999,2.14,False,False
2020-11-27,Absa,9.54,9.54,49300.0,19200.0,470321.99999999994,0.0,False,False
2020-11-30,Absa,9.78,9.78,49300.0,-5700.0,482153.99999999994,,False,False
2020-12-01,Absa,9.36,9.36,480400.0,0.0,4496544.0,-4.29,False,False
2020-12-02,Absa,9.7,9.7,62700.0,0.0,608190.0,3.63,False,False
2020-12-03,Absa,9.76,9.76,1241600.0,19200.0,12118016.0,0.62,False,False
2020-12-04,Absa,9.78,9.78,220400.0,-192060.0,2155512.0,0.2,False,False
2020-12-07,Absa,9.78,9.78,122000.0,0.0,1193160.0,,False,False
2020-12-08,Absa,9.7,9.7,936400.0,0.0,9083080.0,-0.82,False,False
2020-12-09,Absa,9.72,9.72,691500.0,-3013305.0,6721380.0,0.21,False,False
2020-12-10,Absa,9.56,9.56,10400.0,0.0,99424.0,-1.65,False,False
2020-12-11,Absa,9.34,9.34,99100.0,485.0,925594.0,-2.3,False,False
2020-12-14,Absa,9.34,9.34,253400.0,-441883.0,2366756.0,,False,False
2020-12-15,Absa,9.28,9.28,2105600.0,-7102158.0,19539968.0,-0.64,False,False
2020-12-16,Absa,9.2,9.2,276300.0,6975.0,2541960.0,-0.86,False,False
2020-12-17,Absa,9.16,9.16,287200.0,0.0,2630752.0,-0.43,False,False
2020-12-18,Absa,9.2,9.2,55200.0,18860.0,507839.99999999994,0.44,False,False
2020-12-21,Absa,9.2,9.2,103600.0,460.0,953119.9999999999,,False,False
2020-12-22,Absa,9.24,9.24,75900.0,-87860.0,701316.0,0.43,False,False
2020-12-23,Absa,9.62,9.62,606500.0,0.0,5834529.999999999,4.11,False,False
2020-12-24,Absa,9.42,9.42,8200.0,0.0,77244.0,-2.08,False,False
2020-12-28,Absa,9.5,9.5,31800.0,0.0,302100.0,,False,False
2020-12-29,Absa,9.48,9.48,108500.0,470.0,1028580.0,-0.21,False,False
2020-12-30,Absa,9.66,9.66,26900.0,0.0,259854.0,1.9,False,False
2021-01-04,Absa,9.52,9.52,18500.0,950.0,176120.0,,False,False
2021-01-05,Absa,9.44,9.44,1923300.0,-15444940.0,18155952.0,-0.84,False,False
2021-01-06,Absa,9.44,9.44,233400.0,-717432.0,2203296.0,0.0,False,False
2021-01-07,Absa,9.4,9.4,194700.0,-158592.0,1830180.0,-0.42,False,False
2021-01-08,Absa,9.48,9.48,137900.0,978.0,1307292.0,0.85,False,False
2021-01-11,Absa,9.46,9.46,77900.0,0.0,736934.0000000001,,False,False
2021-01-12,Absa,9.5,9.5,40200.0,0.0,381900.0,0.42,False,False
2021-01-13,Absa,9.42,9.42,583000.0,0.0,5491860.0,-0.84,False,False
2021-01-14,Absa,9.4,9.4,195400.0,0.0,1836760.0,-0.21,False,False
2021-01-15,Absa,9.5,9.5,56100.0,0.0,532950.0,1.06,False,False
2021-01-18,Absa,9.5,9.5,148100.0,0.0,1406950.0,,False,False
2021-01-19,Absa,9.5,9.5,500200.0,0.0,4751900.0,0.0,False,False
2021-01-20,Absa,9.5,9.5,141700.0,0.0,1346150.0,0.0,False,False
2021-01-21,Absa,9.48,9.48,51000.0,0.0,483480.0,-0.21,False,False
2021-01-22,Absa,9.46,9.46,31900.0,-948.0,301774.0,-0.21,False,False
2021-01-25,Absa,9.36,9.36,66400.0,0.0,621504.0,,False,False
2021-01-26,Absa,9.34,9.34,42100.0,28140.0,393214.0,-0.21,False,False
2021-01-27,Absa,9.1,9.1,342500.0,9300.0,3116750.0,-2.57,False,False
2021-01-28,Absa,9.14,9.14,157800.0,-59220.0,1442292.0,0.44,False,False
2021-01-29,Absa,9.32,9.32,20200.0,0.0,188264.0,1.97,False,False
2021-02-01,Absa,9.04,9.04,173200.0,-936.0,1565727.9999999998,,False,False
2021-02-02,Absa,8.9,8.9,2500600.0,3983700.0,22255340.0,-1.55,False,False
2021-02-03,Absa,9.18,9.18,38700.0,0.0,355266.0,3.15,False,False
2021-02-04,Absa,9.1,9.1,1587200.0,1050230.0,14443520.0,-0.87,False,False
2021-02-05,Absa,9.26,9.26,83100.0,139500.0,769506.0,1.76,False,False
2021-02-08,Absa,9.18,9.18,511700.0,-403620.0,4697406.0,,False,False
2021-02-09,Absa,9.3,9.3,24900.0,4650.0,231570.00000000003,1.31,False,False
2021-02-10,Absa,9.36,9.36,62400.0,0.0,584064.0,0.65,False,False
2021-02-11,Absa,9.4,9.4,68800.0,0.0,646720.0,0.43,False,False
2021-02-12,Absa,9.6,9.6,2087100.0,19196690.0,20036160.0,2.13,False,False
2021-02-15,Absa,9.6,9.6,2072000.0,19200000.0,19891200.0,,False,False
2021-02-16,Absa,9.54,9.54,315000.0,2098800.0,3005099.9999999995,-0.63,False,False
2021-02-17,Absa,9.58,9.58,323600.0,1968500.0,3100088.0,0.42,False,False
2021-02-18,Absa,9.6,9.6,52200.0,0.0,501120.0,0.21,False,False
2021-02-19,Absa,9.62,9.62,156300.0,0.0,1503605.9999999998,0.21,False,False
2021-02-22,Absa,9.72,9.72,564900.0,1130220.0,5490828.0,,False,False
2021-02-23,Absa,9.78,9.78,243800.0,27272.0,2384364.0,0.62,False,False
2021-02-24,Absa,9.84,9.84,104400.0,0.0,1027296.0,0.61,False,False
2021-02-25,Absa,9.74,9.74,192000.0,0.0,1870080.0,-1.02,False,False
2021-02-26,Absa,9.72,9.72,559900.0,0.0,5442228.0,-0.21,False,False
2021-03-01,Absa,9.64,9.64,62800.0,82200.0,605392.0,,False,False
2021-03-02,Absa,9.56,9.56,140300.0,0.0,1341268.0,-0.83,False,False
2021-03-03,Absa,9.56,9.56,41400.0,0.0,395784.0,0.0,False,False
2021-03-04,Absa,9.54,9.54,45500.0,0.0,434069.99999999994,-0.21,False,False
2021-03-05,Absa,9.6,9.6,28700.0,47800.0,275520.0,0.63,False,False
2021-03-08,Absa,9.58,9.58,61200.0,11580.0,586296.0,,False,False
2021-03-09,Absa,9.5,9.5,129000.0,42300.0,1225500.0,-0.84,False,False
2021-03-10,Absa,9.44,9.44,180500.0,-321036.0,1703920.0,-0.63,False,False
2021-03-11,Absa,9.4,9.4,509200.0,-2895636.0,4786480.0,-0.42,False,False
2021-03-12,Absa,9.42,9.42,183000.0,0.0,1723860.0,0.21,False,False
2021-03-15,Absa,9.36,9.36,419900.0,0.0,3930263.9999999995,,False,False
2021-03-16,Absa,9.32,9.32,163200.0,0.0,1521024.0,-0.43,False,False
2021-03-17,Absa,9.34,9.34,408200.0,-1950560.0,3812588.0,0.21,False,False
2021-03-18,Absa,9.38,9.38,160300.0,5664.0,1503614.0000000002,0.43,False,False
2021-03-19,Absa,9.44,9.44,17200.0,0.0,162368.0,0.64,False,False
2021-03-22,Absa,9.38,9.38,618500.0,0.0,5801530.000000001,,False,False
2021-03-23,Absa,9.44,9.44,162000.0,0.0,1529280.0,0.64,False,False
2021-03-24,Absa,9.0,9.0,600500.0,301790.0,5404500.0,-4.66,False,False
2021-03-25,Absa,8.94,8.94,360600.0,0.0,3223764.0,-0.67,False,False
2021-03-26,Absa,8.86,8.86,357500.0,0.0,3167450.0,-0.89,False,False
2021-03-29,Absa,8.64,8.64,165600.0,0.0,1430784.0,,False,False
2021-03-30,Absa,8.66,8.66,219200.0,26040.0,1898272.0,0.23,False,False
2021-03-31,Absa,8.82,8.82,442900.0,-771346.0,3906378.0,1.85,False,False
2021-04-01,Absa,8.8,8.8,577900.0,0.0,5085520.0,-0.23,False,False
2021-04-06,Absa,8.82,8.82,104500.0,0.0,921690.0,,False,False
2021-04-07,Absa,8.84,8.84,207400.0,0.0,1833416.0,0.23,False,False
2021-04-08,Absa,8.86,8.86,74300.0,0.0,658298.0,0.23,False,False
2021-04-09,Absa,8.86,8.86,407100.0,-19360.0,3606906.0,0.0,False,False
2021-04-12,Absa,8.88,8.88,85200.0,0.0,756576.0000000001,,False,False
2021-04-13,Absa,8.86,8.86,47600.0,-1800.0,421736.0,-0.23,False,False
2021-04-14,Absa,8.76,8.76,109900.0,0.0,962724.0,-1.13,False,False
2021-04-15,Absa,8.84,8.84,168700.0,0.0,1491308.0,0.91,False,False
2021-04-16,Absa,8.8,8.8,34300.0,-13260.0,301840.0,-0.45,False,False
2021-04-19,Absa,8.78,8.78,63800.0,0.0,560164.0,,False,False
2021-04-20,Absa,8.8,8.8,215000.0,13200.0,1892000.0000000002,0.23,False,False
2021-04-21,Absa,8.7,8.7,50200.0,0.0,436739.99999999994,-1.14,False,False
2021-04-22,Absa,8.62,8.62,406700.0,8700.0,3505753.9999999995,-0.92,False,False
2021-04-23,Absa,8.72,8.72,238700.0,0.0,2081464.0000000002,1.16,False,False
2021-04-26,Absa,8.68,8.68,92700.0,-1744.0,804636.0,,False,False
2021-04-27,Absa,8.64,8.64,63600.0,0.0,549504.0,-0.46,False,False
2021-04-28,Absa,8.68,8.68,153800.0,462970.0,1334984.0,0.46,False,False
2021-04-29,Absa,8.74,8.74,49200.0,8720.0,430008.0,0.69,False,False
2021-04-30,Absa,8.78,8.78,457600.0,-569360.0,4017727.9999999995,0.46,False,False
2021-05-03,Absa,8.8,8.8,81800.0,-177600.0,719840.0,,False,False
2021-05-04,Absa,8.7,8.7,64700.0,-43044.0,562890.0,-1.14,False,False
2021-05-05,Absa,8.66,8.66,36400.0,0.0,315224.0,-0.46,False,False
2021-05-06,Absa,8.8,8.8,183000.0,5232.0,1610400.0000000002,1.62,False,False
2021-05-07,Absa,8.76,8.76,54500.0,-26544.0,477420.0,-0.45,False,False
2021-05-10,Absa,8.78,8.78,335300.0,-2285360.0,2943934.0,,False,False
2021-05-11,Absa,8.78,8.78,52200.0,0.0,458315.99999999994,0.0,False,False
2021-05-12,Absa,8.78,8.78,378700.0,-16682.0,3324985.9999999995,0.0,False,False
2021-05-13,Absa,8.8,8.8,40700.0,-15028.0,358160.0,0.23,False,False
2021-05-17,Absa,8.8,8.8,92400.0,-44500.0,813120.0000000001,,False,False
2021-05-18,Absa,8.84,8.84,212500.0,7120.0,1878500.0,0.45,False,False
2021-05-19,Absa,8.92,8.92,173000.0,0.0,1543160.0,0.9,False,False
2021-05-20,Absa,9.02,9.02,483900.0,0.0,4364778.0,1.12,False,False
2021-05-21,Absa,9.1,9.1,57900.0,0.0,526890.0,0.89,False,False
2021-05-24,Absa,9.1,9.1,355100.0,0.0,3231410.0,,False,False
2021-05-25,Absa,9.22,9.22,54100.0,0.0,498802.00000000006,1.32,False,False
2021-05-26,Absa,9.22,9.22,168500.0,0.0,1553570.0,0.0,False,False
2021-05-27,Absa,9.54,9.54,223700.0,0.0,2134098.0,3.47,False,False
2021-05-28,Absa,9.52,9.52,2073900.0,0.0,19743528.0,-0.21,False,False
2021-05-31,Absa,9.48,9.48,371900.0,0.0,3525612.0,,False,False
2021-06-02,Absa,9.54,9.54,164600.0,-95180.0,1570283.9999999998,,False,False
2021-06-03,Absa,9.5,9.5,2011400.0,0.0,19108300.0,-0.42,False,False
2021-06-04,Absa,9.78,9.78,999600.0,0.0,9776088.0,2.95,False,False
2021-06-07,Absa,9.86,9.86,53900.0,0.0,531454.0,,False,False
2021-06-08,Absa,9.94,9.94,205500.0,0.0,2042670.0,0.81,False,False
2021-06-09,Absa,10.0,10.0,189200.0,0.0,1892000.0,0.6,False,False
2021-06-10,Absa,10.1,10.1,78500.0,0.0,792850.0,1.0,False,False
2021-06-11,Absa,10.1,10.1,72800.0,0.0,735280.0,0.0,False,False
2021-06-14,Absa,10.25,10.25,5650400.0,-9912700.0,57916600.0,,False,False
2021-06-15,Absa,10.1,10.1,233500.0,-123415.0,2358350.0,-1.46,False,False
2021-06-16,Absa,10.05,10.05,288500.0,0.0,2899425.0,-0.5,False,False
2021-06-17,Absa,10.1,10.1,289000.0,0.0,2918900.0,0.5,False,False
2021-06-18,Absa,10.1,10.1,73100.0,15225.0,738310.0,0.0,False,False
2021-06-21,Absa,10.2,10.2,274500.0,-201990.0,2799900.0,,False,False
2021-06-22,Absa,10.15,10.15,243700.0,0.0,2473555.0,-0.49,False,False
2021-06-23,Absa,10.1,10.1,439000.0,219040.0,4433900.0,-0.49,False,False
2021-06-24,Absa,9.88,9.88,97800.0,331060.0,966264.0000000001,-2.18,False,False
2021-06-25,Absa,9.92,9.92,83600.0,0.0,829312.0,0.4,False,False
2021-06-28,Absa,10.0,10.0,27000.0,0.0,270000.0,,False,False
2021-06-29,Absa,10.0,10.0,75000.0,50000.0,750000.0,0.0,False,False
2021-06-30,Absa,9.92,9.92,134900.0,0.0,1338208.0,-0.8,False,False
2021-07-01,Absa,9.6,9.6,55100.0,0.0,528960.0,-3.23,False,False
2021-07-02,Absa,9.4,9.4,1238200.0,-10358700.0,11639080.0,-2.08,False,False
2021-07-05,Absa,9.42,9.42,3148600.0,206560.0,29659812.0,,False,False
2021-07-06,Absa,9.68,9.68,394500.0,1960.0,3818760.0,2.76,False,False
2021-07-07,Absa,10.0,10.0,222400.0,0.0,2224000.0,3.31,False,False
2021-07-08,Absa,10.0,10.0,355100.0,0.0,3551000.0,0.0,False,False
2021-07-09,Absa,10.05,10.05,2958300.0,29201000.0,29730915.000000004,0.5,False,False
2021-07-12,Absa,10.1,10.1,142200.0,0.0,1436220.0,,False,False
2021-07-13,Absa,10.0,10.0,109100.0,0.0,1091000.0,-0.99,False,False
2021-07-14,Absa,9.94,9.94,444400.0,0.0,4417336.0,-0.6,False,False
2021-07-15,Absa,10.0,10.0,49900.0,0.0,499000.0,0.6,False,False
2021-07-16,Absa,10.0,10.0,344400.0,3200658.0,3444000.0,0.0,False,False
2021-07-19,Absa,10.0,10.0,710000.0,6787000.0,7100000.0,,False,False
2021-07-21,Absa,9.98,9.98,130700.0,0.0,1304386.0,,False,False
2021-07-22,Absa,9.88,9.88,43600.0,0.0,430768.00000000006,-1.0,False,False
2021-07-23,Absa,9.86,9.86,12800.0,0.0,126208.0,-0.2,False,False
2021-07-26,Absa,9.66,9.66,70600.0,38950.0,681996.0,,False,False
2021-07-27,Absa,9.74,9.74,61700.0,0.0,600958.0,0.83,False,False
2021-07-28,Absa,9.88,9.88,642000.0,5607444.0,6342960.000000001,1.44,False,False
2021-07-29,Absa,9.94,9.94,2023800.0,0.0,20116572.0,0.61,False,False
2021-07-30,Absa,9.94,9.94,266100.0,0.0,2645034.0,0.0,False,False
2021-08-02,Absa,9.92,9.92,67700.0,0.0,671584.0,,False,False
2021-08-03,Absa,9.82,9.82,124800.0,-28748.0,1225536.0,-1.01,False,False
2021-08-04,Absa,9.76,9.76,59800.0,-45908.0,583648.0,-0.61,False,False
2021-08-05,Absa,9.82,9.82,35600.0,-52894.0,349592.0,0.61,False,False
2021-08-06,Absa,9.8,9.8,635400.0,-12974.0,6226920.0,-0.2,False,False
2021-08-09,Absa,9.8,9.8,622700.0,4836300.0,6102460.0,,False,False
2021-08-10,Absa,9.8,9.8,222500.0,1176000.0,2180500.0,0.0,False,False
2021-08-11,Absa,9.92,9.92,179000.0,-2940.0,1775680.0,1.22,False,False
2021-08-12,Absa,9.76,9.76,118300.0,30442.0,1154608.0,-1.61,False,False
2021-08-13,Absa,9.78,9.78,76300.0,0.0,746214.0,0.2,False,False
2021-08-16,Absa,9.8,9.8,84300.0,-522340.0,826140.0000000001,,False,False
2021-08-17,Absa,10.0,10.0,647000.0,111100.0,6470000.0,2.04,False,False
2021-08-18,Absa,10.15,10.15,249100.0,11205.0,2528365.0,1.5,False,False
2021-08-19,Absa,10.25,10.25,20100.0,6180.0,206025.0,0.99,False,False
2021-08-20,Absa,10.15,10.15,88600.0,0.0,899290.0,-0.98,False,False
2021-08-23,Absa,10.3,10.3,2686000.0,0.0,27665800.000000004,,False,False
2021-08-24,Absa,10.55,10.55,300000.0,0.0,3165000.0,2.43,False,False
2021-08-25,Absa,10.55,10.55,613400.0,-4482700.0,6471370.0,0.0,False,False
2021-08-26,Absa,10.95,10.95,5950600.0,32520000.0,65159069.99999999,3.79,False,False
2021-08-27,Absa,11.0,11.0,647300.0,-330000.0,7120300.0,0.46,False,False
2021-08-30,Absa,11.0,11.0,227400.0,0.0,2501400.0,,False,False
2021-08-31,Absa,10.95,10.95,285300.0,130305.0,3124035.0,-0.45,False,False
2021-09-01,Absa,10.9,10.9,644700.0,-1686300.0,7027230.0,-0.46,False,False
2021-09-02,Absa,10.5,10.5,77100.0,0.0,809550.0,-3.67,False,False
2021-09-03,Absa,10.55,10.55,94500.0,0.0,996975.0000000001,0.48,False,False
2021-09-06,Absa,10.4,10.4,61100.0,103500.0,635440.0,,False,False
2021-09-07,Absa,10.3,10.3,180800.0,0.0,1862240.0000000002,-0.96,False,False
2021-09-08,Absa,10.3,10.3,581200.0,5573330.0,5986360.0,0.0,False,False
2021-09-09,Absa,10.3,10.3,1750900.0,15355640.0,18034270.0,0.0,False,False
2021-09-10,Absa,10.4,10.4,67400.0,0.0,700960.0,0.97,False,False
2021-09-13,Absa,10.45,10.45,99900.0,0.0,1043954.9999999999,,False,False
2021-09-14,Absa,10.6,10.6,4115900.0,42874200.0,43628540.0,1.44,False,False
2021-09-15,Absa,10.6,10.6,44800.0,0.0,474880.0,0.0,False,False
2021-09-16,Absa,10.45,10.45,132100.0,-560055.0,1380445.0,-1.42,False,False
2021-09-17,Absa,10.35,10.35,68700.0,0.0,711045.0,-0.96,False,False
2021-09-20,Absa,10.35,10.35,268100.0,41400.0,2774835.0,,False,False
2021-09-21,Absa,10.5,10.5,120700.0,0.0,1267350.0,1.45,False,False
2021-09-22,Absa,10.5,10.5,50400.0,0.0,529200.0,0.0,False,False
2021-09-23,Absa,10.6,10.6,893700.0,-140980.0,9473220.0,0.95,False,False
2021-09-24,Absa,10.55,10.55,79400.0,0.0,837670.0,-0.47,False,False
2021-09-27,Absa,10.6,10.6,3063900.0,-31750.0,32477340.0,,False,False
2021-09-28,Absa,10.55,10.55,50200.0,0.0,529610.0,-0.47,False,False
2021-09-29,Absa,10.55,10.55,241400.0,0.0,2546770.0,0.0,False,False
2021-09-30,Absa,10.55,10.55,97900.0,0.0,1032845.0000000001,0.0,False,False
2021-10-01,Absa,10.5,10.5,72500.0,0.0,761250.0,-0.47,False,False
2021-10-04,Absa,10.4,10.4,52100.0,0.0,541840.0,,False,False
2021-10-05,Absa,10.25,10.25,97400.0,10400.0,998350.0,-1.44,False,False
2021-10-06,Absa,10.3,10.3,578000.0,0.0,5953400.0,0.49,False,False
2021-10-07,Absa,10.25,10.25,62600.0,0.0,641650.0,-0.49,False,False
2021-10-08,Absa,10.25,10.25,1045800.0,-3498470.0,10719450.0,0.0,False,False
2021-10-12,Absa,10.15,10.15,458700.0,4341180.0,4655805.0,,False,False
2021-10-13,Absa,10.1,10.1,78400.0,1020.0,791840.0,-0.49,False,False
2021-10-14,Absa,10.25,10.25,645900.0,4164600.0,6620475.0,1.49,False,False
2021-10-15,Absa,10.15,10.15,113800.0,32320.0,1155070.0,-0.98,False,False
2021-10-18,Absa,10.1,10.1,25100.0,17170.0,253510.0,,False,False
2021-10-19,Absa,10.2,10.2,324300.0,2934940.0,3307860.0,0.99,False,False
2021-10-21,Absa,10.05,10.05,127300.0,436000.0,1279365.0,,False,False
2021-10-22,Absa,10.05,10.05,130600.0,64000.0,1312530.0,0.0,False,False
2021-10-25,Absa,10.1,10.1,45900.0,0.0,463590.0,,False,False
2021-10-26,Absa,10.1,10.1,118100.0,1025.0,1192810.0,0.0,False,False
2021-10-27,Absa,10.15,10.15,506000.0,2575055.0,5135900.0,0.5,False,False
2021-10-28,Absa,10.2,10.2,45100.0,0.0,460019.99999999994,0.49,False,False
2021-10-29,Absa,10.2,10.2,340000.0,24740.0,3467999.9999999995,0.0,False,False
2021-11-01,Absa,10.1,10.1,117500.0,0.0,1186750.0,,False,False
2021-11-02,Absa,10.1,10.1,155600.0,5100.0,1571560.0,0.0,False,False
2021-11-03,Absa,10.15,10.15,116700.0,0.0,1184505.0,0.5,False,False
2021-11-04,Absa,10.3,10.3,29700.0,0.0,305910.0,1.48,False,False
2021-11-05,Absa,10.25,10.25,109300.0,10100.0,1120325.0,-0.49,False,False
2021-11-08,Absa,10.25,10.25,112700.0,0.0,1155175.0,,False,False
2021-11-09,Absa,10.4,10.4,1089400.0,0.0,11329760.0,1.46,False,False
2021-11-10,Absa,10.3,10.3,169300.0,0.0,1743790.0000000002,-0.96,False,False
2021-11-11,Absa,10.3,10.3,2314300.0,0.0,23837290.0,0.0,False,False
2021-11-12,Absa,10.2,10.2,3403600.0,0.0,34716720.0,-0.97,False,False
2021-11-15,Absa,10.4,10.4,158100.0,0.0,1644240.0,,False,False
2021-11-16,Absa,10.35,10.35,223100.0,0.0,2309085.0,-0.48,False,False
2021-11-17,Absa,10.35,10.35,1037600.0,0.0,10739160.0,0.0,False,False
2021-11-18,Absa,10.45,10.45,383100.0,0.0,4003394.9999999995,0.97,False,False
2021-11-19,Absa,10.5,10.5,1412700.0,0.0,14833350.0,0.48,False,False
2021-11-22,Absa,10.45,10.45,4179000.0,210000.0,43670550.0,,False,False
2021-11-23,Absa,10.75,10.75,1268000.0,-2699565.0,13631000.0,2.87,False,False
2021-11-24,Absa,10.9,10.9,4220900.0,545000.0,46007810.0,1.4,False,False
2021-11-25,Absa,10.9,10.9,660000.0,1860440.0,7194000.0,0.0,False,False
2021-11-26,Absa,10.95,10.95,1276000.0,340760.0,13972200.0,0.46,False,False
2021-11-29,Absa,11.25,11.25,10912300.0,-71893000.0,122763375.0,,False,False
2021-11-30,Absa,11.05,11.05,662800.0,0.0,7323940.000000001,-1.78,False,False
2021-12-01,Absa,10.9,10.9,661300.0,111000.0,7208170.0,-1.36,False,False
2021-12-02,Absa,10.8,10.8,213700.0,108500.0,2307960.0,-0.92,False,False
2021-12-03,Absa,11.05,11.05,301800.0,108500.0,3334890.0,2.31,False,False
2021-12-06,Absa,10.8,10.8,117000.0,108500.0,1263600.0,,False,False
2021-12-07,Absa,10.85,10.85,573700.0,113925.0,6224645.0,0.46,False,False
2021-12-08,Absa,10.95,10.95,167700.0,5475.0,1836314.9999999998,0.92,False,False
2021-12-09,Absa,10.95,10.95,213400.0,0.0,2336730.0,0.0,False,False
2021-12-10,Absa,11.05,11.05,52000.0,0.0,574600.0,0.91,False,False
2021-12-14,Absa,11.2,11.2,362000.0,0.0,4054399.9999999995,,False,False
2021-12-15,Absa,11.05,11.05,138100.0,1120.0,1526005.0,-1.34,False,False
2021-12-16,Absa,11.0,11.0,307400.0,-187000.0,3381400.0,-0.45,False,False
2021-12-17,Absa,11.2,11.2,43300.0,11250.0,484959.99999999994,1.82,False,False
2021-12-20,Absa,11.1,11.1,48700.0,0.0,540570.0,,False,False
2021-12-21,Absa,11.2,11.2,298100.0,0.0,3338720.0,0.9,False,False
2021-12-22,Absa,11.2,11.2,282400.0,0.0,3162880.0,0.0,False,False
2021-12-23,Absa,11.3,11.3,301900.0,0.0,3411470.0,0.89,False,False
2021-12-24,Absa,11.55,11.55,178300.0,0.0,2059365.0000000002,2.21,False,False
2021-12-28,Absa,11.6,11.6,265300.0,0.0,3077480.0,,False,False
2021-12-29,Absa,11.8,11.8,456200.0,35400.0,5383160.0,1.72,False,False
2021-12-30,Absa,11.7,11.7,122200.0,0.0,1429740.0,-0.85,False,False
2021-12-31,Absa,11.85,11.85,7800.0,0.0,92430.0,1.28,False,False
2022-01-03,Absa,11.75,11.75,57700.0,37120.0,677975.0,,False,False
2022-01-04,Absa,11.8,11.8,86600.0,0.0,1021880.0000000001,0.43,False,False
2022-01-05,Absa,11.75,11.75,72800.0,0.0,855400.0,-0.42,False,False
2022-01-06,Absa,11.8,11.8,128900.0,0.0,1521020.0,0.43,False,False
2022-01-07,Absa,11.8,11.8,202600.0,22325.0,2390680.0,0.0,False,False
2022-01-10,Absa,11.9,11.9,969300.0,0.0,11534670.0,,False,False
2022-01-11,Absa,11.9,11.9,55900.0,17775.0,665210.0,0.0,False,False
2022-01-12,Absa,12.0,12.0,245200.0,0.0,2942400.0,0.84,False,False
2022-01-13,Absa,11.8,11.8,645000.0,0.0,7611000.0,-1.67,False,False
2022-01-14,Absa,11.85,11.85,119800.0,0.0,1419630.0,0.42,False,False
2022-01-17,Absa,11.85,11.85,192500.0,9440.0,2281125.0,,False,False
2022-01-18,Absa,11.9,11.9,113300.0,0.0,1348270.0,0.42,False,False
2022-01-19,Absa,11.95,11.95,50000.0,10755.0,597500.0,0.42,False,False
2022-01-20,Absa,11.8,11.8,156300.0,60435.0,1844340.0,-1.26,False,False
2022-01-21,Absa,11.8,11.8,104500.0,17700.0,1233100.0,0.0,False,False
2022-01-24,Absa,11.8,11.8,80500.0,7110.0,949900.0,,False,False
2022-01-25,Absa,11.8,11.8,82400.0,17900.0,972320.0000000001,0.0,False,False
2022-01-26,Absa,11.8,11.8,130400.0,0.0,1538720.0,0.0,False,False
2022-01-27,Absa,11.8,11.8,133600.0,0.0,1576480.0,0.0,False,False
2022-01-28,Absa,11.75,11.75,406100.0,0.0,4771675.0,-0.42,False,False
2022-01-31,Absa,11.85,11.85,278400.0,0.0,3299040.0,,False,False
2022-02-01,Absa,11.8,11.8,102100.0,0.0,1204780.0,-0.42,False,False
2022-02-02,Absa,11.85,11.85,141200.0,0.0,1673220.0,0.42,False,False
2022-02-03,Absa,11.8,11.8,143400.0,0.0,1692120.0,-0.42,False,False
2022-02-04,Absa,11.9,11.9,318600.0,-1657670.0,3791340.0,0.85,False,False
2022-02-07,Absa,11.4,11.4,197300.0,0.0,2249220.0,,False,False
2022-02-08,Absa,11.4,11.4,172300.0,2280.0,1964220.0,0.0,False,False
2022-02-09,Absa,11.55,11.55,66400.0,0.0,766920.0,1.32,False,False
2022-02-10,Absa,11.6,11.6,236600.0,0.0,2744560.0,0.43,False,False
2022-02-11,Absa,11.65,11.65,251900.0,0.0,2934635.0,0.43,False,False
2022-02-14,Absa,11.75,11.75,273300.0,-870675.0,3211275.0,,False,False
2022-02-15,Absa,11.7,11.7,136300.0,4680.0,1594710.0,-0.43,False,False
2022-02-16,Absa,11.7,11.7,586900.0,0.0,6866730.0,0.0,False,False
2022-02-17,Absa,11.75,11.75,79400.0,,932950.0,0.43,False,False
2022-02-18,Absa,12.0,12.0,425400.0,0.0,5104800.0,2.13,False,False
2022-02-21,Absa,12.0,12.0,87900.0,0.0,1054800.0,,False,False
2022-02-22,Absa,11.9,11.9,6232100.0,61744605.0,74161990.0,-0.83,False,False
2022-02-23,Absa,12.2,12.2,104200.0,0.0,1271240.0,2.52,False,False
2022-02-24,Absa,12.1,12.1,1360700.0,0.0,16464470.0,-0.82,False,False
2022-02-25,Absa,12.0,12.0,3665700.0,0.0,43988400.0,-0.83,False,False
2022-02-28,Absa,11.9,11.9,260800.0,118500.0,3103520.0,,False,False
2022-03-01,Absa,11.9,11.9,24500.0,0.0,291550.0,0.0,False,False
2022-03-02,Absa,12.0,12.0,66300.0,0.0,795600.0,0.84,False,False
2022-03-03,Absa,12.0,12.0,131900.0,0.0,1582800.0,0.0,False,False
2022-03-04,Absa,11.95,11.95,75100.0,0.0,897445.0,-0.42,False,False
2022-03-07,Absa,11.85,11.85,143100.0,0.0,1695735.0,,False,False
2022-03-08,Absa,12.2,12.2,240700.0,0.0,2936540.0,2.95,False,False
2022-03-09,Absa,12.1,12.1,373000.0,0.0,4513300.0,-0.82,False,False
2022-03-10,Absa,12.15,12.15,133700.0,0.0,1624455.0,0.41,False,False
2022-03-11,Absa,12.1,12.1,64400.0,0.0,779240.0,-0.41,False,False
2022-03-14,Absa,12.15,12.15,106100.0,0.0,1289115.0,,False,False
2022-03-15,Absa,12.25,12.25,3817700.0,0.0,46766825.0,0.82,False,False
2022-03-16,Absa,12.2,12.2,889900.0,0.0,10856780.0,-0.41,False,False
2022-03-17,Absa,12.3,12.3,2380300.0,0.0,29277690.0,0.82,False,False
2022-03-18,Absa,12.4,12.4,412300.0,0.0,5112520.0,0.81,False,False
2022-03-21,Absa,12.55,12.55,108100.0,0.0,1356655.0,,False,False
2022-03-22,Absa,12.4,12.4,164100.0,0.0,2034840.0,-1.2,False,False
2022-03-23,Absa,12.35,12.35,3363500.0,0.0,41539225.0,-0.4,False,False
2022-03-24,Absa,12.35,12.35,2465800.0,5782120.0,30452630.0,0.0,False,False
2022-03-25,Absa,12.35,12.35,141900.0,0.0,1752465.0,0.0,False,False
2022-03-28,Absa,12.5,12.5,464400.0,0.0,5805000.0,,False,False
2022-03-29,Absa,12.5,12.5,305000.0,0.0,3812500.0,0.0,False,False
2022-03-30,Absa,12.35,12.35,191200.0,12225.0,2361320.0,-1.2,False,False
2022-03-31,Absa,12.45,12.45,163800.0,0.0,2039310.0,0.81,False,False
2022-04-01,Absa,12.1,12.1,141000.0,0.0,1706100.0,-2.81,False,False
2022-04-04,Absa,12.35,12.35,70000.0,0.0,864500.0,,False,False
2022-04-05,Absa,12.3,12.3,93900.0,0.0,1154970.0,-0.4,False,False
2022-04-06,Absa,12.25,12.25,80000.0,0.0,980000.0,-0.41,False,False
2022-04-07,Absa,12.35,12.35,118100.0,75950.0,1458535.0,0.82,False,False
2022-04-08,Absa,12.25,12.25,93200.0,-68880.0,1141700.0,-0.81,False,False
2022-04-11,Absa,12.25,12.25,266400.0,0.0,3263400.0,,False,False
2022-04-12,Absa,12.3,12.3,228700.0,0.0,2813010.0,0.41,False,False
2022-04-13,Absa,12.35,12.35,81400.0,-326040.0,1005290.0,0.41,False,False
2022-04-14,Absa,12.4,12.4,103300.0,18450.0,1280920.0,0.4,False,False
2022-04-19,Absa,12.55,12.55,868700.0,-8893695.0,10902185.0,,False,False
2022-04-20,Absa,12.55,12.55,700600.0,-4841125.0,8792530.0,0.0,False,False
2022-04-21,Absa,12.7,12.7,170300.0,-126000.0,2162810.0,1.2,False,False
2022-04-22,Absa,12.6,12.6,341900.0,-189000.0,4307940.0,-0.79,False,False
2022-04-25,Absa,12.6,12.6,660700.0,0.0,8324820.0,,False,False
2022-04-26,Absa,11.75,11.75,102300.0,0.0,1202025.0,-6.75,False,False
2022-04-27,Absa,10.75,10.75,140400.0,0.0,1509300.0,-8.51,False,False
2022-04-28,Absa,9.98,9.98,812500.0,1691140.0,8108750.0,-7.16,False,False
2022-05-04,Absa,9.98,9.98,123400.0,0.0,1231532.0,,False,False
2022-05-05,Absa,9.98,9.98,120200.0,0.0,1199596.0,0.0,False,False
2022-05-06,Absa,9.94,9.94,84100.0,0.0,835954.0,-0.4,False,False
2022-05-09,Absa,10.0,10.0,131600.0,0.0,1316000.0,,False,False
2022-05-10,Absa,9.86,9.86,224000.0,106000.0,2208640.0,-1.4,False,False
2022-05-11,Absa,9.96,9.96,40800.0,-59760.0,406368.00000000006,1.01,False,False
2022-05-12,Absa,9.94,9.94,99200.0,0.0,986048.0,-0.2,False,False
2022-05-13,Absa,9.7,9.7,232900.0,0.0,2259130.0,-2.41,False,False
2022-05-16,Absa,9.86,9.86,44400.0,0.0,437784.0,,False,False
2022-05-17,Absa,9.8,9.8,140000.0,0.0,1372000.0,-0.61,False,False
2022-05-18,Absa,9.78,9.78,70400.0,0.0,688512.0,-0.2,False,False
2022-05-19,Absa,9.74,9.74,28300.0,0.0,275642.0,-0.41,False,False
2022-05-20,Absa,9.76,9.76,142200.0,0.0,1387872.0,0.21,False,False
2022-05-23,Absa,9.82,9.82,81400.0,-5880.0,799348.0,,False,False
2022-05-24,Absa,9.9,9.9,216300.0,0.0,2141370.0,0.81,False,False
2022-05-25,Absa,9.96,9.96,699000.0,-435670.0,6962040.000000001,0.61,False,False
2022-05-26,Absa,10.1,10.1,78000.0,-111150.0,787800.0,1.41,False,False
2022-05-27,Absa,10.05,10.05,258500.0,0.0,2597925.0,-0.5,False,False
2022-05-30,Absa,10.2,10.2,106300.0,0.0,1084260.0,,False,False
2022-05-31,Absa,10.25,10.25,44900.0,-38760.0,460225.0,0.49,False,False
2022-06-02,Absa,10.3,10.3,75200.0,0.0,774560.0,,False,False
2022-06-03,Absa,10.5,10.5,104200.0,0.0,1094100.0,1.94,False,False
2022-06-06,Absa,10.65,10.65,127300.0,11000.0,1355745.0,,False,False
2022-06-07,Absa,10.95,10.95,218200.0,0.0,2389290.0,2.82,False,False
2022-06-08,Absa,11.0,11.0,1272900.0,10950.0,14001900.0,0.46,False,False
2022-06-09,Absa,11.45,11.45,7365600.0,0.0,84336120.0,4.09,False,False
2022-06-10,Absa,11.5,11.5,73300.0,0.0,842950.0,0.44,False,False
2022-06-13,Absa,11.45,11.45,232400.0,11450.0,2660980.0,,False,False
2022-06-14,Absa,10.9,10.9,47700.0,0.0,519930.0,-4.8,False,False
2022-06-15,Absa,10.9,10.9,62900.0,0.0,685610.0,0.0,False,False
2022-06-16,Absa,10.85,10.85,43100.0,16350.0,467635.0,-0.46,False,False
2022-06-17,Absa,10.8,10.8,54200.0,1100.0,585360.0,-0.46,False,False
2022-06-20,Absa,10.75,10.75,44600.0,0.0,479450.0,,False,False
2022-06-21,Absa,10.75,10.75,93200.0,-3135.0,1001900.0,0.0,False,False
2022-06-22,Absa,10.6,10.6,74800.0,-33390.0,792880.0,-1.4,False,False
2022-06-23,Absa,10.3,10.3,116200.0,-15775.0,1196860.0,-2.83,False,False
2022-06-24,Absa,10.2,10.2,68600.0,0.0,699720.0,-0.97,False,False
2022-06-27,Absa,10.25,10.25,87500.0,0.0,896875.0,,False,False
2022-06-28,Absa,10.25,10.25,98300.0,10450.0,1007575.0,0.0,False,False
2022-06-29,Absa,10.5,10.5,114000.0,-49450.0,1197000.0,2.44,False,False
2022-06-30,Absa,10.45,10.45,92200.0,0.0,963489.9999999999,-0.48,False,False
2022-07-01,Absa,10.6,10.6,67300.0,-2160.0,713380.0,1.44,False,False
2022-07-04,Absa,10.6,10.6,64700.0,0.0,685820.0,,False,False
2022-07-05,Absa,10.7,10.7,63100.0,0.0,675170.0,0.94,False,False
2022-07-06,Absa,10.9,10.9,38100.0,0.0,415290.0,1.87,False,False
2022-07-07,Absa,10.9,10.9,267500.0,-10900.0,2915750.0,0.0,False,False
2022-07-08,Absa,11.2,11.2,84400.0,0.0,945279.9999999999,2.75,False,False
2022-07-12,Absa,11.45,11.45,61900.0,0.0,708755.0,,False,False
2022-07-13,Absa,11.45,11.45,204700.0,0.0,2343815.0,0.0,False,False
2022-07-14,Absa,11.25,11.25,128400.0,0.0,1444500.0,-1.75,False,False
2022-07-15,Absa,10.85,10.85,183900.0,0.0,1995315.0,-3.56,False,False
2022-07-18,Absa,10.65,10.65,87800.0,-77000.0,935070.0,,False,False
2022-07-19,Absa,10.55,10.55,253600.0,771060.0,2675480.0,-0.94,False,False
2022-07-20,Absa,10.55,10.55,212900.0,2160.0,2246095.0,0.0,False,False
2022-07-21,Absa,10.5,10.5,245600.0,159900.0,2578800.0,-0.47,False,False
2022-07-22,Absa,10.45,10.45,195000.0,0.0,2037749.9999999998,-0.48,False,False
2022-07-25,Absa,10.7,10.7,71100.0,0.0,760770.0,,False,False
2022-07-26,Absa,10.5,10.5,161300.0,0.0,1693650.0,-1.87,False,False
2022-07-27,Absa,10.65,10.65,452200.0,0.0,4815930.0,1.43,False,False
2022-07-28,Absa,10.95,10.95,178300.0,0.0,1952384.9999999998,2.82,False,False
2022-07-29,Absa,11.05,11.05,114600.0,0.0,1266330.0,0.91,False,False
2022-08-01,Absa,11.25,11.25,226100.0,0.0,2543625.0,,False,False
2022-08-02,Absa,11.15,11.15,961100.0,-53280.0,10716265.0,-0.89,False,False
2022-08-03,Absa,11.2,11.2,100600.0,0.0,1126720.0,0.45,False,False
2022-08-04,Absa,11.35,11.35,109700.0,0.0,1245095.0,1.34,False,False
2022-08-05,Absa,11.4,11.4,249800.0,1140.0,2847720.0,0.44,False,False
2022-08-08,Absa,11.6,11.6,161900.0,0.0,1878040.0,,False,False
2022-08-10,Absa,11.75,11.75,581300.0,-3563365.0,6830275.0,,False,False
2022-08-11,Absa,12.0,12.0,174200.0,0.0,2090400.0,2.13,False,False
2022-08-12,Absa,12.0,12.0,144600.0,0.0,1735200.0,0.0,False,False
2022-08-15,Absa,12.1,12.1,41500.0,0.0,502150.0,,False,False
2022-08-16,Absa,12.25,12.25,72500.0,0.0,888125.0,1.24,False,False
2022-08-17,Absa,12.3,12.3,139900.0,0.0,1720770.0,0.41,False,False
2022-08-18,Absa,12.3,12.3,272700.0,-24800.0,3354210.0,0.0,False,False
2022-08-19,Absa,12.35,12.35,107000.0,0.0,1321450.0,0.41,False,False
2022-08-22,Absa,12.2,12.2,76100.0,213150.0,928420.0,,False,False
2022-08-23,Absa,12.2,12.2,125100.0,0.0,1526220.0,0.0,False,False
2022-08-24,Absa,11.6,11.6,226500.0,0.0,2627400.0,-4.92,False,False
2022-08-25,Absa,11.8,11.8,65800.0,0.0,776440.0,1.72,False,False
2022-08-26,Absa,11.7,11.7,68200.0,0.0,797940.0,-0.85,False,False
2022-08-29,Absa,11.65,11.65,102200.0,0.0,1190630.0,,False,False
2022-08-30,Absa,11.85,11.85,11800.0,0.0,139830.0,1.72,False,False
2022-08-31,Absa,11.85,11.85,18600.0,0.0,220410.0,0.0,False,False
2022-09-01,Absa,12.0,12.0,67200.0,0.0,806400.0,1.27,False,False
2022-09-02,Absa,12.0,12.0,65800.0,0.0,789600.0,0.0,False,False
2022-09-05,Absa,12.0,12.0,1407500.0,181900.0,16890000.0,,False,False
2022-09-06,Absa,12.0,12.0,294600.0,380400.0,3535200.0,0.0,False,False
2022-09-07,Absa,12.0,12.0,280600.0,301200.0,3367200.0,0.0,False,False
2022-09-08,Absa,11.95,11.95,49100.0,2380.0,586745.0,-0.42,False,False
2022-09-09,Absa,11.95,11.95,46300.0,72000.0,553285.0,0.0,False,False
2022-09-12,Absa,11.95,11.95,170300.0,0.0,2035084.9999999998,,False,False
2022-09-14,Absa,11.7,11.7,56100.0,-2380.0,656370.0,,False,False
2022-09-15,Absa,11.35,11.35,70900.0,7910.0,804715.0,-2.99,False,False
2022-09-16,Absa,11.6,11.6,60100.0,0.0,697160.0,2.2,False,False
2022-09-19,Absa,11.7,11.7,192700.0,0.0,2254590.0,,False,False
2022-09-20,Absa,11.6,11.6,188400.0,-429725.0,2185440.0,-0.85,False,False
2022-09-21,Absa,11.55,11.55,264100.0,0.0,3050355.0,-0.43,False,False
2022-09-22,Absa,11.4,11.4,546800.0,0.0,6233520.0,-1.3,False,False
2022-09-23,Absa,11.45,11.45,33500.0,0.0,383575.0,0.44,False,False
2022-09-26,Absa,11.4,11.4,2063000.0,0.0,23518200.0,,False,False
2022-09-27,Absa,11.25,11.25,53900.0,0.0,606375.0,-1.32,False,False
2022-09-28,Absa,11.3,11.3,16300.0,0.0,184190.0,0.44,False,False
2022-09-29,Absa,11.35,11.35,77500.0,-307890.0,879625.0,0.44,False,False
2022-09-30,Absa,11.45,11.45,48800.0,0.0,558760.0,0.88,False,False
2022-10-03,Absa,11.3,11.3,93100.0,0.0,1052030.0,,False,False
2022-10-04,Absa,11.05,11.05,130400.0,0.0,1440920.0,-2.21,False,False
2022-10-05,Absa,11.0,11.0,95300.0,29700.0,1048300.0,-0.45,False,False
2022-10-06,Absa,10.95,10.95,100700.0,0.0,1102665.0,-0.45,False,False
2022-10-07,Absa,10.95,10.95,62700.0,0.0,686565.0,0.0,False,False
2022-10-11,Absa,10.95,10.95,84700.0,-10515.0,927464.9999999999,,False,False
2022-10-12,Absa,10.95,10.95,68900.0,219090.0,754455.0,0.0,False,False
2022-10-13,Absa,11.1,11.1,50300.0,0.0,558330.0,1.37,False,False
2022-10-14,Absa,11.15,11.15,37000.0,0.0,412550.0,0.45,False,False
2022-10-17,Absa,11.35,11.35,111900.0,0.0,1270065.0,,False,False
2022-10-18,Absa,11.65,11.65,56900.0,0.0,662885.0,2.64,False,False
2022-10-19,Absa,11.65,11.65,101600.0,0.0,1183640.0,0.0,False,False
2022-10-21,Absa,11.6,11.6,94800.0,0.0,1099680.0,,False,False
2022-10-24,Absa,11.6,11.6,57500.0,0.0,667000.0,,False,False
2022-10-25,Absa,11.5,11.5,92300.0,0.0,1061450.0,-0.86,False,False
2022-10-26,Absa,11.35,11.35,38600.0,0.0,438110.0,-1.3,False,False
2022-10-27,Absa,11.35,11.35,35900.0,0.0,407465.0,0.0,False,False
2022-10-28,Absa,11.15,11.15,69700.0,3300.0,777155.0,-1.76,False,False
2022-10-31,Absa,11.25,11.25,111100.0,0.0,1249875.0,,False,False
2022-11-01,Absa,11.35,11.35,52400.0,0.0,594740.0,0.89,False,False
2022-11-02,Absa,11.45,11.45,77600.0,0.0,888520.0,0.88,False,False
2022-11-03,Absa,11.5,11.5,87800.0,0.0,1009700.0,0.44,False,False
2022-11-04,Absa,11.4,11.4,146500.0,0.0,1670100.0,-0.87,False,False
2022-11-07,Absa,11.7,11.7,1179400.0,0.0,13798980.0,,False,False
2022-11-08,Absa,11.7,11.7,1109000.0,12568820.0,12975300.0,0.0,False,False
2022-11-09,Absa,11.8,11.8,44700.0,0.0,527460.0,0.85,False,False
2022-11-10,Absa,11.85,11.85,55000.0,0.0,651750.0,0.42,False,False
2022-11-11,Absa,11.7,11.7,39600.0,0.0,463320.0,-1.27,False,False
2022-11-14,Absa,11.7,11.7,34100.0,-90475.0,398970.0,,False,False
2022-11-15,Absa,11.65,11.65,91800.0,0.0,1069470.0,-0.43,False,False
2022-11-16,Absa,11.7,11.7,14983400.0,98013000.0,175305780.0,0.43,False,False
2022-11-17,Absa,11.7,11.7,125500.0,-34220.0,1468350.0,0.0,False,False
2022-11-18,Absa,11.7,11.7,85500.0,-595610.0,1000349.9999999999,0.0,False,False
2022-11-21,Absa,11.75,11.75,39500.0,-136880.0,464125.0,,False,False
2022-11-22,Absa,11.6,11.6,39500.0,-119340.0,458200.0,-1.28,False,False
2022-11-23,Absa,11.6,11.6,78200.0,0.0,907120.0,0.0,False,False
2022-11-24,Absa,11.5,11.5,31800.0,0.0,365700.0,-0.86,False,False
2022-11-25,Absa,11.65,11.65,31800.0,0.0,370470.0,1.3,False,False
2022-11-28,Absa,11.4,11.4,48900.0,16875.0,557460.0,,False,False
2022-11-29,Absa,11.8,11.8,121400.0,-23100.0,1432520.0,3.51,False,False
2022-11-30,Absa,11.65,11.65,53300.0,0.0,620945.0,-1.27,False,False
2022-12-01,Absa,11.95,11.95,31500.0,31500.0,376425.0,2.58,False,False
2022-12-02,Absa,11.8,11.8,102500.0,0.0,1209500.0,-1.26,False,False
2022-12-05,Absa,12.0,12.0,118700.0,0.0,1424400.0,,False,False
2022-12-06,Absa,12.05,12.05,73200.0,0.0,882060.0,0.42,False,False
2022-12-07,Absa,11.95,11.95,42000.0,0.0,501899.99999999994,-0.83,False,False
2022-12-08,Absa,12.0,12.0,41300.0,0.0,495600.0,0.42,False,False
2022-12-09,Absa,12.0,12.0,71700.0,-72000.0,860400.0,0.0,False,False
2022-12-13,Absa,12.0,12.0,85700.0,0.0,1028400.0,,False,False
2022-12-14,Absa,12.0,12.0,149900.0,0.0,1798800.0,0.0,False,False
2022-12-15,Absa,12.05,12.05,75600.0,0.0,910980.0,0.42,False,False
2022-12-16,Absa,12.15,12.15,132100.0,0.0,1605015.0,0.83,False,False
2022-12-19,Absa,12.2,12.2,56700.0,0.0,691740.0,,False,False
2022-12-20,Absa,12.05,12.05,61200.0,0.0,737460.0,-1.23,False,False
2022-12-21,Absa,12.2,12.2,31500.0,0.0,384300.0,1.24,False,False
2022-12-22,Absa,12.05,12.05,173500.0,0.0,2090675.0000000002,-1.23,False,False
2022-12-23,Absa,12.1,12.1,20900.0,0.0,252890.0,0.41,False,False
2022-12-28,Absa,12.2,12.2,26800.0,0.0,326960.0,,False,False
2022-12-29,Absa,12.2,12.2,1041800.0,0.0,12709960.0,0.0,False,False
2022-12-30,Absa,12.3,12.3,108400.0,0.0,1333320.0,0.82,False,False
2023-01-03,Absa,12.2,12.2,134300.0,0.0,1638460.0,,False,False
2023-01-04,Absa,12.1,12.1,106300.0,0.0,1286230.0,-0.82,False,False
2023-01-05,Absa,12.05,12.05,2830100.0,0.0,34102705.0,-0.41,False,False
2023-01-06,Absa,12.05,12.05,6611900.0,39538170.0,79673395.0,0.0,False,False
2023-01-09,Absa,12.1,12.1,168200.0,0.0,2035220.0,,False,False
2023-01-10,Absa,12.05,12.05,84400.0,13200.0,1017020.0000000001,-0.41,False,False
2023-01-11,Absa,12.25,12.25,220400.0,0.0,2699900.0,1.66,False,False
2023-01-12,Absa,12.35,12.35,128300.0,0.0,1584505.0,0.82,False,False
2023-01-13,Absa,12.25,12.25,154900.0,0.0,1897525.0,-0.81,False,False
2023-01-16,Absa,12.25,12.25,111100.0,0.0,1360975.0,,False,False
2023-01-17,Absa,12.25,12.25,70600.0,0.0,864850.0,0.0,False,False
2023-01-18,Absa,12.15,12.15,65700.0,0.0,798255.0,-0.82,False,False
2023-01-19,Absa,12.2,12.2,62200.0,0.0,758840.0,0.41,False,False
2023-01-20,Absa,12.3,12.3,86900.0,0.0,1068870.0,0.82,False,False
2023-01-23,Absa,12.5,12.5,65100.0,0.0,813750.0,,False,False
2023-01-24,Absa,12.4,12.4,126200.0,0.0,1564880.0,-0.8,False,False
2023-01-25,Absa,12.4,12.4,74400.0,0.0,922560.0,0.0,False,False
2023-01-26,Absa,12.35,12.35,160900.0,-317390.0,1987115.0,-0.4,False,False
2023-01-27,Absa,12.45,12.45,225300.0,0.0,2804985.0,0.81,False,False
2023-01-30,Absa,12.5,12.5,144700.0,0.0,1808750.0,,False,False
2023-01-31,Absa,12.4,12.4,147400.0,0.0,1827760.0,-0.8,False,False
2023-02-01,Absa,12.45,12.45,121900.0,-251250.0,1517655.0,0.4,False,False
2023-02-02,Absa,12.4,12.4,70400.0,0.0,872960.0,-0.4,False,False
2023-02-03,Absa,12.4,12.4,145100.0,0.0,1799240.0,0.0,False,False
2023-02-06,Absa,12.3,12.3,106400.0,-7440.0,1308720.0,,False,False
2023-02-07,Absa,12.45,12.45,31100.0,0.0,387195.0,1.22,False,False
2023-02-08,Absa,12.55,12.55,68900.0,12700.0,864695.0,0.8,False,False
2023-02-09,Absa,12.55,12.55,90000.0,-426275.0,1129500.0,0.0,False,False
2023-02-10,Absa,12.55,12.55,63200.0,0.0,793160.0,0.0,False,False
2023-02-13,Absa,12.5,12.5,60800.0,0.0,760000.0,,False,False
2023-02-14,Absa,12.5,12.5,335200.0,-1990000.0,4190000.0,0.0,False,False
2023-02-15,Absa,12.45,12.45,45300.0,0.0,563985.0,-0.4,False,False
2023-02-16,Absa,12.5,12.5,240400.0,-100250.0,3005000.0,0.4,False,False
2023-02-17,Absa,12.55,12.55,46500.0,0.0,583575.0,0.4,False,False
2023-02-20,Absa,12.5,12.5,583500.0,6247685.0,7293750.0,,False,False
2023-02-21,Absa,12.6,12.6,357200.0,3564540.0,4500720.0,0.8,False,False
2023-02-22,Absa,12.6,12.6,170300.0,0.0,2145780.0,0.0,False,False
2023-02-23,Absa,12.6,12.6,3024400.0,28489410.0,38107440.0,0.0,False,False
2023-02-24,Absa,12.55,12.55,45100.0,0.0,566005.0,-0.4,False,False
2023-02-27,Absa,12.7,12.7,633800.0,6975875.0,8049260.0,,False,False
2023-02-28,Absa,12.5,12.5,102400.0,0.0,1280000.0,-1.57,False,False
2023-03-01,Absa,12.35,12.35,63000.0,0.0,778050.0,-1.2,False,False
2023-03-02,Absa,12.35,12.35,94200.0,0.0,1163370.0,0.0,False,False
2023-03-03,Absa,12.4,12.4,10568100.0,128177560.0,131044440.0,0.4,False,False
2023-03-06,Absa,12.45,12.45,40800.0,0.0,507960.0,,False,False
2023-03-07,Absa,12.5,12.5,342400.0,620000.0,4280000.0,0.4,False,False
2023-03-08,Absa,12.5,12.5,767500.0,0.0,9593750.0,0.0,False,False
2023-03-09,Absa,12.4,12.4,219400.0,0.0,2720560.0,-0.8,False,False
2023-03-10,Absa,12.55,12.55,54900.0,0.0,688995.0,1.21,False,False
2023-03-13,Absa,12.7,12.7,40000.0,0.0,508000.0,,False,False
2023-03-14,Absa,12.55,12.55,69100.0,0.0,867205.0,-1.18,False,False
2023-03-15,Absa,12.65,12.65,45500.0,0.0,575575.0,0.8,False,False
2023-03-16,Absa,12.2,12.2,3080900.0,0.0,37586980.0,-3.56,False,False
2023-03-17,Absa,12.0,12.0,106600.0,-666955.0,1279200.0,-1.64,False,False
2023-03-20,Absa,12.0,12.0,46200.0,-82800.0,554400.0,,False,False
2023-03-21,Absa,11.75,11.75,435108.0,-2304810.0,5112519.0,-2.08,False,False
2023-03-22,Absa,11.6,11.6,223200.0,-1925985.0,2589120.0,-1.28,False,False
2023-03-23,Absa,11.8,11.8,92200.0,0.0,1087960.0,1.72,False,False
2023-03-24,Absa,11.9,11.9,128000.0,-812520.0,1523200.0,0.85,False,False
2023-03-27,Absa,11.95,11.95,53900.0,-32400.0,644105.0,,False,False
2023-03-28,Absa,12.1,12.1,244900.0,-47500.0,2963290.0,1.26,False,False
2023-03-29,Absa,12.2,12.2,52100.0,12670.0,635620.0,0.83,False,False
2023-03-30,Absa,12.65,12.65,65900.0,0.0,833635.0,3.69,False,False
2023-03-31,Absa,12.8,12.8,96000.0,0.0,1228800.0,1.19,False,False
2023-04-03,Absa,12.9,12.9,31300.0,0.0,403770.0,,False,False
2023-04-04,Absa,12.9,12.9,36600.0,0.0,472140.0,0.0,False,False
2023-04-05,Absa,12.95,12.95,39900.0,0.0,516705.0,0.39,False,False
2023-04-06,Absa,12.85,12.85,99000.0,0.0,1272150.0,-0.77,False,False
2023-04-11,Absa,12.75,12.75,78500.0,0.0,1000875.0,,False,False
2023-04-12,Absa,12.75,12.75,30700.0,0.0,391425.0,0.0,False,False
2023-04-13,Absa,12.7,12.7,58700.0,0.0,745490.0,-0.39,False,False
2023-04-14,Absa,12.7,12.7,91000.0,0.0,1155700.0,0.0,False,False
2023-04-17,Absa,12.65,12.65,312000.0,46805.0,3946800.0,,False,False
2023-04-18,Absa,12.55,12.55,2146000.0,0.0,26932300.0,-0.79,False,False
2023-04-19,Absa,12.45,12.45,171100.0,0.0,2130195.0,-0.8,False,False
2023-04-20,Absa,12.35,12.35,352700.0,0.0,4355845.0,-0.8,False,False
2023-04-24,Absa,12.3,12.3,272800.0,0.0,3355440.0,,False,False
2023-04-25,Absa,12.2,12.2,391500.0,0.0,4776300.0,-0.81,False,False
2023-04-26,Absa,12.15,12.15,669500.0,8120.0,8134425.0,-0.41,False,False
2023-04-27,Absa,12.05,12.05,459600.0,53240.0,5538180.0,-0.82,False,False
2023-04-28,Absa,12.15,12.15,1594600.0,0.0,19374390.0,0.83,False,False
2023-05-02,Absa,10.7,10.7,97800.0,0.0,1046459.9999999999,,False,False
2023-05-03,Absa,10.5,10.5,270700.0,0.0,2842350.0,-1.87,False,False
2023-05-04,Absa,10.15,10.15,413300.0,20200.0,4194995.0,-3.33,False,False
2023-05-05,Absa,10.1,10.1,143500.0,10100.0,1449350.0,-0.49,False,False
2023-05-08,Absa,10.5,10.5,91600.0,0.0,961800.0,,False,False
2023-05-09,Absa,10.4,10.4,4654400.0,25228070.0,48405760.0,-0.95,False,False
2023-05-10,Absa,10.25,10.25,174700.0,0.0,1790675.0,-1.44,False,False
2023-05-11,Absa,10.25,10.25,132200.0,0.0,1355050.0,0.0,False,False
2023-05-12,Absa,10.2,10.2,104100.0,0.0,1061820.0,-0.49,False,False
2023-05-15,Absa,10.25,10.25,76200.0,0.0,781050.0,,False,False
2023-05-16,Absa,10.35,10.35,194600.0,0.0,2014110.0,0.98,False,False
2023-05-17,Absa,10.35,10.35,198500.0,103250.0,2054475.0,0.0,False,False
2023-05-18,Absa,10.35,10.35,1141800.0,-527850.0,11817630.0,0.0,False,False
2023-05-19,Absa,10.4,10.4,141400.0,0.0,1470560.0,0.48,False,False
2023-05-22,Absa,10.45,10.45,239800.0,-414975.0,2505910.0,0.48,False,False
2023-05-23,Absa,10.35,10.35,239800.0,2135.0,2481930.0,-0.96,False,False
2023-05-24,Absa,10.45,10.45,399700.0,0.0,4176864.9999999995,0.97,False,False
2023-05-25,Absa,10.45,10.45,235600.0,0.0,2462020.0,0.0,False,False
2023-05-26,Absa,10.8,10.8,9628900.0,0.0,103992120.0,3.35,False,False
2023-05-29,Absa,11.0,11.0,89200.0,0.0,981200.0,,False,False
2023-05-30,Absa,11.2,11.2,247400.0,0.0,2770880.0,1.82,False,False
2023-05-31,Absa,11.35,11.35,313300.0,0.0,3555955.0,1.34,False,False
2023-06-02,Absa,11.6,11.6,100200.0,0.0,1162320.0,,False,False
2023-06-05,Absa,11.8,11.8,152200.0,139230.0,1795960.0,,False,False
2023-06-06,Absa,11.8,11.8,406300.0,153425.0,4794340.0,0.0,False,False
2023-06-07,Absa,11.7,11.7,312100.0,293750.0,3651570.0,-0.85,False,False
2023-06-08,Absa,11.45,11.45,258900.0,0.0,2964405.0,-2.14,False,False
2023-06-09,Absa,11.55,11.55,49000.0,0.0,565950.0,0.87,False,False
2023-06-12,Absa,11.6,11.6,1473900.0,15736460.0,17097240.0,,False,False
2023-06-13,Absa,11.75,11.75,107200.0,0.0,1259600.0,1.29,False,False
2023-06-14,Absa,11.75,11.75,83800.0,-1175.0,984650.0,0.0,False,False
2023-06-15,Absa,11.7,11.7,75000.0,0.0,877500.0,-0.43,False,False
2023-06-16,Absa,11.55,11.55,1505500.0,0.0,17388525.0,-1.28,False,False
2023-06-19,Absa,11.6,11.6,40000.0,0.0,464000.0,,False,False
2023-06-20,Absa,11.7,11.7,95100.0,0.0,1112670.0,0.86,False,False
2023-06-21,Absa,11.75,11.75,270800.0,0.0,3181900.0,0.43,False,False
2023-06-22,Absa,11.75,11.75,19600.0,0.0,230300.0,0.0,False,False
2023-06-23,Absa,11.75,11.75,52400.0,-11650.0,615700.0,0.0,False,False
2023-06-26,Absa,11.75,11.75,72100.0,0.0,847175.0,,False,False
2023-06-27,Absa,11.7,11.7,124400.0,0.0,1455480.0,-0.43,False,False
2023-06-29,Absa,11.7,11.7,162200.0,15210.0,1897740.0,,False,False
2023-06-30,Absa,11.8,11.8,44300.0,0.0,522740.00000000006,0.85,False,False
2023-07-03,Absa,11.85,11.85,194700.0,0.0,2307195.0,,False,False
2023-07-04,Absa,12.0,12.0,206900.0,-52800.0,2482800.0,1.27,False,False
2023-07-05,Absa,12.1,12.1,6279300.0,75067095.0,75979530.0,0.83,False,False
2023-07-06,Absa,12.3,12.3,119000.0,0.0,1463700.0,1.65,False,False
2023-07-07,Absa,12.1,12.1,199200.0,-1659360.0,2410320.0,-1.63,False,False
2023-07-10,Absa,12.1,12.1,193900.0,0.0,2346190.0,,False,False
2023-07-11,Absa,12.15,12.15,100500.0,0.0,1221075.0,0.41,False,False
2023-07-12,Absa,12.15,12.15,88900.0,-637875.0,1080135.0,0.0,False,False
2023-07-13,Absa,12.2,12.2,85000.0,0.0,1036999.9999999999,0.41,False,False
2023-07-14,Absa,12.2,12.2,145800.0,0.0,1778760.0,0.0,False,False
2023-07-17,Absa,12.2,12.2,106000.0,0.0,1293200.0,,False,False
2023-07-18,Absa,12.25,12.25,427500.0,2450.0,5236875.0,0.41,False,False
2023-07-19,Absa,12.25,12.25,100300.0,0.0,1228675.0,0.0,False,False
2023-07-20,Absa,12.35,12.35,1259100.0,2460.0,15549885.0,0.82,False,False
2023-07-21,Absa,12.35,12.35,34500.0,137760.0,426075.0,0.0,False,False
2023-07-24,Absa,12.25,12.25,112500.0,0.0,1378125.0,,False,False
2023-07-25,Absa,12.2,12.2,166000.0,0.0,2025199.9999999998,-0.41,False,False
2023-07-26,Absa,12.2,12.2,201000.0,0.0,2452200.0,0.0,False,False
2023-07-27,Absa,12.25,12.25,1619900.0,3895585.0,19843775.0,0.41,False,False
2023-07-28,Absa,12.4,12.4,49200.0,0.0,610080.0,1.22,False,False
2023-07-31,Absa,12.35,12.35,188200.0,0.0,2324270.0,,False,False
2023-08-01,Absa,12.3,12.3,114200.0,2420.0,1404660.0,-0.4,False,False
2023-08-02,Absa,12.3,12.3,136900.0,2460.0,1683870.0,0.0,False,False
2023-08-03,Absa,12.35,12.35,103400.0,0.0,1276990.0,0.41,False,False
2023-08-04,Absa,12.4,12.4,11000.0,0.0,136400.0,0.4,False,False
2023-08-07,Absa,12.45,12.45,43400.0,0.0,540330.0,,False,False
2023-08-08,Absa,12.45,12.45,56800.0,0.0,707160.0,0.0,False,False
2023-08-09,Absa,12.45,12.45,139500.0,0.0,1736775.0,0.0,False,False
2023-08-10,Absa,12.45,12.45,11074600.0,135705000.0,137878770.0,0.0,False,False
2023-08-11,Absa,12.45,12.45,172400.0,0.0,2146380.0,0.0,False,False
2023-08-14,Absa,12.2,12.2,11574800.0,-6605160.0,141212560.0,,False,False
2023-08-15,Absa,12.15,12.15,69300.0,0.0,841995.0,-0.41,False,False
2023-08-16,Absa,12.05,12.05,159800.0,-915.0,1925590.0,-0.82,False,False
2023-08-17,Absa,11.95,11.95,275700.0,1185.0,3294615.0,-0.83,False,False
2023-08-18,Absa,11.9,11.9,63600.0,0.0,756840.0,-0.42,False,False
2023-08-21,Absa,11.85,11.85,96500.0,-886890.0,1143525.0,,False,False
2023-08-22,Absa,11.75,11.75,54300.0,0.0,638025.0,-0.84,False,False
2023-08-23,Absa,11.8,11.8,104900.0,0.0,1237820.0,0.43,False,False
2023-08-24,Absa,11.6,11.6,84800.0,0.0,983680.0,-1.69,False,False
2023-08-25,Absa,11.1,11.1,266300.0,0.0,2955930.0,-4.31,False,False
2023-08-28,Absa,11.2,11.2,87200.0,113000.0,976639.9999999999,,False,False
2023-08-29,Absa,11.35,11.35,40700.0,0.0,461945.0,1.34,False,False
2023-08-30,Absa,11.5,11.5,124300.0,0.0,1429450.0,1.32,False,False
2023-08-31,Absa,11.7,11.7,110500.0,0.0,1292850.0,1.74,False,False
2023-09-01,Absa,11.75,11.75,191100.0,-1021075.0,2245425.0,0.43,False,False
2023-09-04,Absa,11.75,11.75,704700.0,-1835210.0,8280225.0,,False,False
2023-09-05,Absa,11.75,11.75,862100.0,-6093550.0,10129675.0,0.0,False,False
2023-09-06,Absa,11.75,11.75,291400.0,0.0,3423950.0,0.0,False,False
2023-09-07,Absa,11.75,11.75,5213000.0,-33394675.0,61252750.0,0.0,False,False
2023-09-08,Absa,11.75,11.75,3823000.0,0.0,44920250.0,0.0,False,False
2023-09-11,Absa,11.85,11.85,96500.0,-19040.0,1143525.0,,False,False
2023-09-12,Absa,11.75,11.75,276700.0,-267750.0,3251225.0,-0.84,False,False
2023-09-13,Absa,11.75,11.75,6759800.0,0.0,79427650.0,0.0,False,False
2023-09-14,Absa,11.8,11.8,94300.0,0.0,1112740.0,0.43,False,False
2023-09-15,Absa,11.75,11.75,146000.0,0.0,1715500.0,-0.42,False,False
2023-09-18,Absa,11.75,11.75,56400.0,1180.0,662700.0,,False,False
2023-09-19,Absa,11.8,11.8,310000.0,135700.0,3658000.0,0.43,False,False
2023-09-20,Absa,11.95,11.95,1137100.0,-13090.0,13588345.0,1.27,False,False
2023-09-21,Absa,11.85,11.85,293100.0,-1585935.0,3473235.0,-0.84,False,False
2023-09-22,Absa,11.85,11.85,89800.0,2350.0,1064130.0,0.0,False,False
2023-09-25,Absa,11.85,11.85,169200.0,0.0,2005020.0,,False,False
2023-09-26,Absa,11.85,11.85,98000.0,0.0,1161300.0,0.0,False,False
2023-09-27,Absa,11.75,11.75,1958300.0,-23600.0,23010025.0,-0.84,False,False
2023-09-28,Absa,11.85,11.85,121200.0,0.0,1436220.0,0.85,False,False
2023-09-29,Absa,11.95,11.95,127500.0,0.0,1523625.0,0.84,False,False
2023-10-02,Absa,11.85,11.85,170900.0,28470.0,2025165.0,,False,False
2023-10-03,Absa,11.85,11.85,103800.0,0.0,1230030.0,0.0,False,False
2023-10-04,Absa,11.95,11.95,58000.0,-3505.0,693100.0,0.84,False,False
2023-10-05,Absa,11.9,11.9,43400.0,0.0,516460.0,-0.42,False,False
2023-10-06,Absa,11.9,11.9,179500.0,0.0,2136050.0,0.0,False,False
2023-10-09,Absa,11.9,11.9,1369400.0,0.0,16295860.0,,False,False
2023-10-11,Absa,11.95,11.95,86500.0,0.0,1033674.9999999999,,False,False
2023-10-12,Absa,11.95,11.95,42900.0,0.0,512654.99999999994,0.0,False,False
2023-10-13,Absa,11.9,11.9,124200.0,-771970.0,1477980.0,-0.42,False,False
2023-10-16,Absa,11.85,11.85,290900.0,-70505.0,3447165.0,,False,False
2023-10-17,Absa,12.0,12.0,409000.0,-340800.0,4908000.0,1.27,False,False
2023-10-18,Absa,12.0,12.0,549400.0,0.0,6592800.0,0.0,False,False
2023-10-19,Absa,11.95,11.95,464000.0,0.0,5544800.0,-0.42,False,False
2023-10-23,Absa,11.95,11.95,772600.0,0.0,9232570.0,,False,False
2023-10-24,Absa,11.95,11.95,99700.0,0.0,1191415.0,0.0,False,False
2023-10-25,Absa,11.8,11.8,39100.0,5925.0,461380.0,-1.26,False,False
2023-10-26,Absa,11.85,11.85,48000.0,17775.0,568800.0,0.42,False,False
2023-10-27,Absa,11.85,11.85,43800.0,0.0,519030.0,0.0,False,False
2023-10-30,Absa,11.7,11.7,62800.0,24360.0,734760.0,,False,False
2023-10-31,Absa,11.55,11.55,78200.0,18460.0,903210.0,-1.28,False,False
2023-11-01,Absa,11.55,11.55,90900.0,0.0,1049895.0,0.0,False,False
2023-11-02,Absa,11.4,11.4,75100.0,0.0,856140.0,-1.3,False,False
2023-11-03,Absa,11.45,11.45,40000.0,0.0,458000.0,0.44,False,False
2023-11-06,Absa,11.15,11.15,301100.0,0.0,3357265.0,,False,False
2023-11-07,Absa,11.25,11.25,41000.0,0.0,461250.0,0.9,False,False
2023-11-08,Absa,10.95,10.95,26900.0,0.0,294555.0,-2.67,False,False
2023-11-09,Absa,10.84,10.84,35800.0,0.0,388072.0,-1.0,False,False
2023-11-10,Absa,10.8,10.8,76400.0,0.0,825120.0,-0.37,False,False
2023-11-14,Absa,11.07,11.07,98600.0,0.0,1091502.0,,False,False
2023-11-15,Absa,10.93,10.93,79900.0,0.0,873307.0,-1.26,False,False
2023-11-16,Absa,11.0,11.0,67500.0,0.0,742500.0,0.64,False,False
2023-11-17,Absa,11.07,11.07,67300.0,0.0,745011.0,0.64,False,False
2023-11-20,Absa,11.1,11.1,48900.0,63450.0,542790.0,,False,False
2023-11-21,Absa,11.32,11.32,50500.0,95980.0,571660.0,1.98,False,False
2023-11-22,Absa,11.35,11.35,48100.0,8970.0,545935.0,0.27,False,False
2023-11-23,Absa,11.39,11.39,140500.0,0.0,1600295.0,0.35,False,False
2023-11-24,Absa,11.59,11.59,16600.0,0.0,192394.0,1.76,False,False
2023-11-27,Absa,11.56,11.56,65500.0,0.0,757180.0,,False,False
2023-11-28,Absa,11.4,11.4,99900.0,0.0,1138860.0,-1.38,False,False
2023-11-29,Absa,11.57,11.57,80400.0,0.0,930228.0,1.49,False,False
2023-11-30,Absa,11.08,11.08,171100.0,0.0,1895788.0,-4.24,False,False
2023-12-01,Absa,10.95,10.95,53200.0,0.0,582540.0,-1.17,False,False
2023-12-04,Absa,11.22,11.22,55400.0,0.0,621588.0,,False,False
2023-12-05,Absa,11.08,11.08,98300.0,0.0,1089164.0,-1.25,False,False
2023-12-06,Absa,11.42,11.42,156100.0,39900.0,1782662.0,3.07,False,False
2023-12-07,Absa,11.46,11.46,62300.0,0.0,713958.0,0.35,False,False
2023-12-08,Absa,11.48,11.48,28400.0,0.0,326032.0,0.17,False,False
2023-12-11,Absa,11.33,11.33,67300.0,4560.0,762509.0,,False,False
2023-12-13,Absa,11.05,11.05,126000.0,0.0,1392300.0,,False,False
2023-12-14,Absa,11.05,11.05,20500.0,-54480.0,226525.00000000003,0.0,False,False
2023-12-15,Absa,11.3,11.3,36300.0,-332555.0,410190.0,2.26,False,False
2023-12-18,Absa,11.3,11.3,120500.0,-1215465.0,1361650.0,,False,False
2023-12-19,Absa,11.25,11.25,86700.0,-768320.0,975375.0,-0.44,False,False
2023-12-20,Absa,11.3,11.3,73600.0,24150.0,831680.0,0.44,False,False
2023-12-21,Absa,11.2,11.2,252600.0,0.0,2829120.0,-0.88,False,False
2023-12-22,Absa,11.2,11.2,19000.0,0.0,212800.0,0.0,False,False
2023-12-27,Absa,11.15,11.15,81900.0,-723765.0,913185.0,,False,False
2023-12-28,Absa,11.4,11.4,22400.0,-171375.0,255360.0,2.24,False,False
2023-12-29,Absa,11.45,11.45,38700.0,-75570.0,443115.0,0.44,False,False
2024-01-02,Absa,11.55,11.55,9900.0,0.0,114345.0,,False,False
2024-01-03,Absa,11.45,11.45,92900.0,0.0,1063705.0,-0.87,False,False
2024-01-04,Absa,11.55,11.55,20000.0,27890.0,231000.0,0.87,False,False
2024-01-05,Absa,11.65,11.65,106200.0,0.0,1237230.0,0.87,False,False
2024-01-08,Absa,11.65,11.65,286700.0,0.0,3340055.0,,False,False
2024-01-09,Absa,11.5,11.5,186500.0,0.0,2144750.0,-1.29,False,False
2024-01-10,Absa,11.25,11.25,88300.0,2300.0,993375.0,-2.17,False,False
2024-01-11,Absa,11.4,11.4,289000.0,-2974260.0,3294600.0,1.33,False,False
2024-01-12,Absa,11.3,11.3,111400.0,28625.0,1258820.0,-0.88,False,False
2024-01-15,Absa,11.4,11.4,19800.0,0.0,225720.0,,False,False
2024-01-16,Absa,11.3,11.3,647600.0,-753710.0,7317880.0,-0.88,False,False
2024-01-17,Absa,11.5,11.5,55600.0,0.0,639400.0,1.77,False,False
2024-01-18,Absa,11.6,11.6,34700.0,0.0,402520.0,0.87,False,False
2024-01-19,Absa,11.5,11.5,134000.0,0.0,1541000.0,-0.86,False,False
2024-01-22,Absa,11.55,11.55,146400.0,0.0,1690920.0,,False,False
2024-01-23,Absa,11.55,11.55,36000.0,0.0,415800.0,0.0,False,False
2024-01-24,Absa,11.55,11.55,44000.0,0.0,508200.00000000006,0.0,False,False
2024-01-25,Absa,11.55,11.55,87700.0,-39810.0,1012935.0000000001,0.0,False,False
2024-01-26,Absa,11.65,11.65,460800.0,23000.0,5368320.0,0.87,False,False
2024-01-29,Absa,11.65,11.65,64400.0,0.0,750260.0,,False,False
2024-01-30,Absa,11.65,11.65,81700.0,0.0,951805.0,0.0,False,False
2024-01-31,Absa,11.7,11.7,155600.0,1170.0,1820520.0,0.43,False,False
2024-02-01,Absa,11.8,11.8,117600.0,0.0,1387680.0,0.85,False,False
2024-02-02,Absa,11.85,11.85,48200.0,0.0,571170.0,0.42,False,False
2024-02-05,Absa,12.1,12.1,52000.0,0.0,629200.0,,False,False
2024-02-06,Absa,12.0,12.0,1270100.0,48000.0,15241200.0,-0.83,False,False
2024-02-07,Absa,12.1,12.1,35500.0,0.0,429550.0,0.83,False,False
2024-02-08,Absa,12.15,12.15,28900.0,0.0,351135.0,0.41,False,False
2024-02-09,Absa,12.05,12.05,872700.0,9720.0,10516035.0,-0.82,False,False
2024-02-12,Absa,12.0,12.0,69900.0,0.0,838800.0,,False,False
2024-02-13,Absa,12.05,12.05,32800.0,-43920.0,395240.0,0.42,False,False
2024-02-14,Absa,12.1,12.1,56600.0,0.0,684860.0,0.41,False,False
2024-02-15,Absa,12.25,12.25,1006000.0,-215940.0,12323500.0,1.24,False,False
2024-02-16,Absa,12.1,12.1,26100.0,-3660.0,315810.0,-1.22,False,False
2024-02-19,Absa,12.2,12.2,427400.0,-478240.0,5214280.0,,False,False
2024-02-20,Absa,12.5,12.5,15900.0,86800.0,198750.0,2.46,False,False
2024-02-21,Absa,12.45,12.45,24800.0,0.0,308760.0,-0.4,False,False
2024-02-22,Absa,12.2,12.2,665100.0,0.0,8114219.999999999,-2.01,False,False
2024-02-23,Absa,12.25,12.25,154300.0,0.0,1890175.0,0.41,False,False
2024-02-26,Absa,12.5,12.5,75000.0,0.0,937500.0,,False,False
2024-02-27,Absa,12.55,12.55,48700.0,0.0,611185.0,0.4,False,False
2024-02-28,Absa,12.6,12.6,160200.0,1260.0,2018520.0,0.4,False,False
2024-02-29,Absa,12.85,12.85,503100.0,0.0,6464835.0,1.98,False,False
2024-03-01,Absa,12.95,12.95,586200.0,0.0,7591290.0,0.78,False,False
2024-03-04,Absa,12.85,12.85,41000.0,-87505.0,526850.0,,False,False
2024-03-05,Absa,12.95,12.95,230300.0,0.0,2982385.0,0.78,False,False
2024-03-06,Absa,12.9,12.9,42400.0,1290.0,546960.0,-0.39,False,False
2024-03-07,Absa,12.9,12.9,36000.0,0.0,464400.0,0.0,False,False
2024-03-08,Absa,12.95,12.95,195700.0,0.0,2534315.0,0.39,False,False
2024-03-11,Absa,13.0,13.0,78700.0,0.0,1023100.0,,False,False
2024-03-12,Absa,12.9,12.9,78700.0,194750.0,1015230.0,-0.77,False,False
2024-03-13,Absa,13.1,13.1,1181600.0,0.0,15478960.0,1.55,False,False
2024-03-14,Absa,13.8,13.8,203900.0,0.0,2813820.0,5.34,False,False
2024-03-15,Absa,14.0,14.0,282000.0,0.0,3948000.0,1.45,False,False
2024-03-18,Absa,13.75,13.75,104500.0,20700.0,1436875.0,,False,False
2024-03-19,Absa,14.0,14.0,1643500.0,48300.0,23009000.0,1.82,False,False
2024-03-20,Absa,13.9,13.9,165000.0,0.0,2293500.0,-0.71,False,False
2024-03-21,Absa,14.0,14.0,5415100.0,0.0,75811400.0,0.72,False,False
2024-03-22,Absa,14.0,14.0,3542000.0,0.0,49588000.0,0.0,False,False
2024-03-25,Absa,14.05,14.05,1062200.0,0.0,14923910.0,,False,False
2024-03-26,Absa,14.2,14.2,99400.0,0.0,1411480.0,1.07,False,False
2024-03-27,Absa,14.0,14.0,246200.0,240800.0,3446800.0,-1.41,False,False
2024-03-28,Absa,13.95,13.95,170600.0,204875.0,2379870.0,-0.36,False,False
2024-04-02,Absa,14.05,14.05,100000.0,-98260.0,1405000.0,,False,False
2024-04-03,Absa,14.0,14.0,87800.0,0.0,1229200.0,-0.36,False,False
2024-04-04,Absa,13.9,13.9,31600.0,5500.0,439240.0,-0.71,False,False
2024-04-05,Absa,14.0,14.0,911100.0,110970.0,12755400.0,0.72,False,False
2024-04-08,Absa,13.65,13.65,1010000.0,6296750.0,13786500.0,,False,False
2024-04-09,Absa,13.55,13.55,160700.0,28340.0,2177485.0,-0.73,False,False
2024-04-11,Absa,13.3,13.3,72500.0,1325.0,964250.0,,False,False
2024-04-12,Absa,13.55,13.55,296800.0,31250.0,4021640.0,1.88,False,False
2024-04-15,Absa,13.5,13.5,199100.0,0.0,2687850.0,,False,False
2024-04-16,Absa,13.45,13.45,684600.0,0.0,9207870.0,-0.37,False,False
2024-04-17,Absa,13.2,13.2,162400.0,0.0,2143680.0,-1.86,False,False
2024-04-18,Absa,13.0,13.0,1487700.0,-8807500.0,19340100.0,-1.52,False,False
2024-04-19,Absa,12.8,12.8,1407600.0,-492800.0,18017280.0,-1.54,False,False
2024-04-22,Absa,12.8,12.8,140700.0,-1653760.0,1800960.0,,False,False
2024-04-23,Absa,12.65,12.65,433800.0,504000.0,5487570.0,-1.17,False,False
2024-04-24,Absa,13.25,13.25,76800.0,-48600.0,1017600.0,4.74,False,False
2024-04-25,Absa,13.3,13.3,1273000.0,0.0,16930900.0,0.38,False,False
2024-04-26,Absa,13.35,13.35,69000.0,0.0,921150.0,0.38,False,False
2024-04-29,Absa,13.5,13.5,320000.0,766400.0,4320000.0,,False,False
2024-04-30,Absa,13.75,13.75,13.75,0.0,189.0625,1.85,False,False
2024-05-02,Absa,12.3,12.3,127800.0,29320.0,1571940.0,,False,False
2024-05-03,Absa,11.95,11.95,154700.0,443290.0,1848665.0,-2.85,False,False
2024-05-06,Absa,12.15,12.15,283500.0,3139410.0,3444525.0,,False,False
2024-05-07,Absa,12.3,12.3,185500.0,739165.0,2281650.0,1.23,False,False
2024-05-08,Absa,12.25,12.25,275800.0,1926380.0,3378550.0,-0.41,False,False
2024-05-09,Absa,12.35,12.35,160500.0,1235830.0,1982175.0,0.82,False,False
2024-05-13,Absa,12.3,12.3,149000.0,0.0,1832700.0,,False,False
2024-05-14,Absa,12.4,12.4,123700.0,0.0,1533880.0,0.81,False,False
2024-05-15,Absa,12.65,12.65,1061600.0,1692695.0,13429240.0,2.02,False,False
2024-05-16,Absa,12.9,12.9,453900.0,3997980.0,5855310.0,1.98,False,False
2024-05-17,Absa,12.95,12.95,254400.0,2008650.0,3294480.0,0.39,False,False
2024-05-20,Absa,13.0,13.0,1088100.0,-118300.0,14145300.0,,False,False
2024-05-21,Absa,13.25,13.25,625300.0,0.0,8285225.0,1.92,False,False
2024-05-22,Absa,13.45,13.45,1014600.0,-80400.0,13646370.0,1.51,False,False
2024-05-23,Absa,13.5,13.5,280000.0,0.0,3780000.0,0.37,False,False
2024-05-24,Absa,13.5,13.5,805000.0,0.0,10867500.0,0.0,False,False
2024-05-27,Absa,13.15,13.15,31700.0,166400.0,416855.0,,False,False
2024-05-28,Absa,12.8,12.8,2055700.0,0.0,26312960.0,-2.66,False,False
2024-05-29,Absa,13.65,13.65,2149700.0,0.0,29343405.0,6.64,False,False
2024-05-30,Absa,13.45,13.45,1629000.0,-546710.0,21910050.0,-1.47,False,False
2024-05-31,Absa,13.75,13.75,399900.0,0.0,5498625.0,2.23,False,False
2024-06-03,Absa,13.7,13.7,195000.0,2449600.0,2671500.0,,False,False
2024-06-04,Absa,13.75,13.75,58400.0,0.0,803000.0,0.36,False,False
2024-06-05,Absa,13.75,13.75,368700.0,1370.0,5069625.0,0.0,False,False
2024-06-06,Absa,13.95,13.95,243000.0,4140.0,3389850.0,1.45,False,False
2024-06-07,Absa,13.75,13.75,1049700.0,-39730.0,14433375.0,-1.43,False,False
2024-06-10,Absa,13.85,13.85,58600.0,0.0,811610.0,,False,False
2024-06-11,Absa,13.85,13.85,160500.0,0.0,2222925.0,0.0,False,False
2024-06-12,Absa,13.85,13.85,373200.0,0.0,5168820.0,0.0,False,False
2024-06-13,Absa,13.85,13.85,1544200.0,2780.0,21387170.0,0.0,False,False
2024-06-14,Absa,13.9,13.9,72100.0,13850.0,1002190.0,0.36,False,False
2024-06-18,Absa,13.95,13.95,1239000.0,0.0,17284050.0,,False,False
2024-06-19,Absa,14.0,14.0,7389200.0,0.0,103448800.0,0.36,False,False
2024-06-20,Absa,14.05,14.05,1028800.0,13962235.0,14454640.0,0.36,False,False
2024-06-21,Absa,13.95,13.95,70300.0,228925.0,980685.0,-0.71,False,False
2024-06-24,Absa,13.8,13.8,69900.0,83100.0,964620.0,,False,False
2024-06-25,Absa,13.85,13.85,75500.0,270480.0,1045675.0,0.36,False,False
2024-06-26,Absa,14.0,14.0,104700.0,0.0,1465800.0,1.08,False,False
2024-06-27,Absa,14.0,14.0,1073000.0,13959400.0,15022000.0,0.0,False,False
2024-06-28,Absa,14.0,14.0,76800.0,0.0,1075200.0,0.0,False,False
2024-07-01,Absa,14.05,14.05,52100.0,0.0,732005.0,,False,False
2024-07-02,Absa,14.05,14.05,549600.0,0.0,7721880.0,0.0,False,False
2024-07-03,Absa,14.0,14.0,6989500.0,45997000.0,97853000.0,-0.36,False,False
2024-07-04,Absa,14.0,14.0,93700.0,1186520.0,1311800.0,0.0,False,False
2024-07-05,Absa,14.05,14.05,39900.0,0.0,560595.0,0.36,False,False
2024-07-08,Absa,14.3,14.3,251300.0,41325.0,3593590.0,,False,False
2024-07-09,Absa,14.05,14.05,228500.0,0.0,3210425.0,-1.75,False,False
2024-07-10,Absa,14.05,14.05,108300.0,-41090.0,1521615.0,0.0,False,False
2024-07-11,Absa,14.05,14.05,445100.0,1414925.0,6253655.0,0.0,False,False
2024-07-12,Absa,13.9,13.9,217900.0,0.0,3028810.0,-1.07,False,False
2024-07-15,Absa,14.1,14.1,71400.0,-198800.0,1006740.0,,False,False
2024-07-16,Absa,14.0,14.0,1140200.0,14732720.0,15962800.0,-0.71,False,False
2024-07-17,Absa,14.15,14.15,15400.0,-44330.0,217910.0,1.07,False,False
2024-07-18,Absa,14.05,14.05,197800.0,1768015.0,2779090.0,-0.71,False,False
2024-07-19,Absa,14.0,14.0,728900.0,8960000.0,10204600.0,-0.36,False,False
2024-07-22,Absa,14.0,14.0,275800.0,0.0,3861200.0,,False,False
2024-07-23,Absa,14.0,14.0,99400.0,-397600.0,1391600.0,0.0,False,False
2024-07-24,Absa,14.05,14.05,202700.0,0.0,2847935.0,0.36,False,False
2024-07-25,Absa,14.05,14.05,52900.0,0.0,743245.0,0.0,False,False
2024-07-26,Absa,14.05,14.05,140500.0,0.0,1974025.0,0.0,False,False
2024-07-29,Absa,14.0,14.0,104000.0,0.0,1456000.0,,False,False
2024-07-30,Absa,14.0,14.0,73700.0,0.0,1031800.0,0.0,False,False
2024-07-31,Absa,14.05,14.05,104500.0,0.0,1468225.0,0.36,False,False
2024-08-01,Absa,14.05,14.05,224200.0,0.0,3150010.0,0.0,False,False
2024-08-02,Absa,14.0,14.0,271800.0,0.0,3805200.0,-0.36,False,False
2024-08-05,Absa,14.05,14.05,5395300.0,61516520.0,75803965.0,,False,False
2024-08-06,Absa,14.1,14.1,6643800.0,29291440.0,93677580.0,0.36,False,False
2024-08-07,Absa,14.1,14.1,1040900.0,-12022450.0,14676690.0,0.0,False,False
2024-08-08,Absa,14.05,14.05,70200.0,0.0,986310.0,-0.35,False,False
2024-08-09,Absa,14.0,14.0,4200.0,0.0,58800.0,-0.36,False,False
2024-08-12,Absa,13.95,13.95,61800.0,0.0,862110.0,,False,False
2024-08-13,Absa,13.9,13.9,77300.0,0.0,1074470.0,-0.36,False,False
2024-08-14,Absa,13.85,13.85,41200.0,0.0,570620.0,-0.36,False,False
2024-08-15,Absa,14.0,14.0,98600.0,1029835.0,1380400.0,1.08,False,False
2024-08-16,Absa,14.05,14.05,71100.0,578200.0,998955.0,0.36,False,False
2024-08-19,Absa,14.1,14.1,44600.0,0.0,628860.0,,False,False
2024-08-20,Absa,14.1,14.1,76100.0,0.0,1073010.0,0.0,False,False
2024-08-21,Absa,14.15,14.15,50900.0,-220740.0,720235.0,0.35,False,False
2024-08-22,Absa,14.15,14.15,204800.0,0.0,2897920.0,0.0,False,False
2024-08-23,Absa,14.2,14.2,50600.0,0.0,718520.0,0.35,False,False
2024-08-26,Absa,14.5,14.5,2104800.0,29705935.0,30519600.0,,False,False
2024-08-27,Absa,14.5,14.5,2884300.0,0.0,41822350.0,0.0,False,False
2024-08-28,Absa,14.45,14.45,1391600.0,19373145.0,20108620.0,-0.34,False,False
2024-08-29,Absa,14.3,14.3,70000.0,155955.0,1001000.0,-1.04,False,False
2024-08-30,Absa,14.3,14.3,102100.0,703060.0,1460030.0,0.0,False,False
2024-09-02,Absa,14.4,14.4,52200.0,0.0,751680.0,,False,False
2024-09-03,Absa,14.3,14.3,110900.0,-351975.0,1585870.0,-0.69,False,False
2024-09-04,Absa,14.15,14.15,79900.0,1410.0,1130585.0,-1.05,False,False
2024-09-05,Absa,14.15,14.15,44500.0,0.0,629675.0,0.0,False,False
2024-09-06,Absa,14.05,14.05,324500.0,1129370.0,4559225.0,-0.71,False,False
2024-09-09,Absa,14.15,14.15,115400.0,0.0,1632910.0,,False,False
2024-09-10,Absa,14.2,14.2,85700.0,509820.0,1216940.0,0.35,False,False
2024-09-11,Absa,14.2,14.2,227200.0,592200.0,3226240.0,0.0,False,False
2024-09-12,Absa,14.1,14.1,320800.0,0.0,4523280.0,-0.7,False,False
2024-09-13,Absa,14.15,14.15,74100.0,297805.0,1048515.0,0.35,False,False
2024-09-16,Absa,14.2,14.2,88300.0,0.0,1253860.0,,False,False
2024-09-17,Absa,14.2,14.2,80100.0,868170.0,1137420.0,0.0,False,False
2024-09-18,Absa,14.2,14.2,1332400.0,0.0,18920080.0,0.0,False,False
2024-09-19,Absa,14.3,14.3,36400.0,0.0,520520.0,0.7,False,False
2024-09-20,Absa,14.3,14.3,73100.0,2850.0,1045330.0,0.0,False,False
2024-09-23,Absa,14.25,14.25,1249900.0,0.0,17811075.0,,False,False
2024-09-24,Absa,14.2,14.2,338600.0,0.0,4808120.0,-0.35,False,False
2024-09-25,Absa,14.15,14.15,40700.0,0.0,575905.0,-0.35,False,False
2024-09-26,Absa,14.15,14.15,49000.0,0.0,693350.0,0.0,False,False
2024-09-27,Absa,14.1,14.1,24200.0,-83485.0,341220.0,-0.35,False,False
2024-09-30,Absa,14.05,14.05,36800.0,-39620.0,517040.0,,False,False
2024-10-01,Absa,14.05,14.05,52900.0,0.0,743245.0,0.0,False,False
2024-10-02,Absa,14.0,14.0,54400.0,-148400.0,761600.0,-0.36,False,False
2024-10-03,Absa,14.05,14.05,97000.0,-380845.0,1362850.0,0.36,False,False
2024-10-04,Absa,14.15,14.15,22600.0,-94130.0,319790.0,0.71,False,False
2024-10-07,Absa,14.1,14.1,83700.0,-11515.0,1180170.0,,False,False
2024-10-08,Absa,14.15,14.15,30200.0,0.0,427330.0,0.35,False,False
2024-10-09,Absa,14.1,14.1,127400.0,874170.0,1796340.0,-0.35,False,False
2024-10-11,Absa,14.2,14.2,92200.0,-18610.0,1309240.0,,False,False
2024-10-14,Absa,14.2,14.2,77700.0,-170495.0,1103340.0,,False,False
2024-10-15,Absa,14.25,14.25,143300.0,1415.0,2042025.0,0.35,False,False
2024-10-16,Absa,14.45,14.45,116700.0,0.0,1686315.0,1.4,False,False
2024-10-17,Absa,14.55,14.55,160800.0,37700.0,2339640.0,0.69,False,False
2024-10-18,Absa,14.9,14.9,29600.0,0.0,441040.0,2.41,False,False
2024-10-22,Absa,14.75,14.75,677900.0,305300.0,9999025.0,,False,False
2024-10-23,Absa,14.95,14.95,45200.0,14500.0,675740.0,1.36,False,False
2024-10-24,Absa,14.85,14.85,14300.0,0.0,212355.0,-0.67,False,False
2024-10-25,Absa,14.95,14.95,52400.0,0.0,783380.0,0.67,False,False
2024-10-28,Absa,15.2,15.2,62300.0,0.0,946960.0,,False,False
2024-10-29,Absa,15.55,15.55,189300.0,1258020.0,2943615.0,2.3,False,False
2024-10-30,Absa,15.1,15.1,135700.0,750000.0,2049070.0,-2.89,False,False
2024-10-31,Absa,15.3,15.3,327800.0,4377745.0,5015340.0,1.32,False,False
2024-11-04,Absa,15.1,15.1,73700.0,573000.0,1112870.0,,False,False
2024-11-05,Absa,15.1,15.1,1244700.0,1174500.0,18794970.0,0.0,False,False
2024-11-06,Absa,15.15,15.15,51100.0,0.0,774165.0,0.33,False,False
2024-11-07,Absa,14.95,14.95,205700.0,2095000.0,3075215.0,-1.32,False,False
2024-11-08,Absa,15.05,15.05,38200.0,0.0,574910.0,0.67,False,False
2024-11-11,Absa,15.15,15.15,193400.0,-376960.0,2930010.0,,False,False
2024-11-12,Absa,15.15,15.15,145700.0,71385.0,2207355.0,0.0,False,False
2024-11-13,Absa,15.3,15.3,30100.0,0.0,460530.0,0.99,False,False
2024-11-14,Absa,15.55,15.55,195700.0,221650.0,3043135.0,1.63,False,False
2024-11-15,Absa,15.45,15.45,91500.0,-313410.0,1413675.0,-0.64,False,False
2024-11-18,Absa,15.45,15.45,375900.0,-12420.0,5807655.0,,False,False
2024-11-19,Absa,15.55,15.55,325700.0,-2106450.0,5064635.0,0.65,False,False
2024-11-20,Absa,15.4,15.4,133500.0,-457055.0,2055900.0,-0.96,False,False
2024-11-21,Absa,15.4,15.4,483600.0,-1929620.0,7447440.0,0.0,False,False
2024-11-22,Absa,15.35,15.35,501600.0,6874255.0,7699560.0,-0.32,False,False
2024-11-25,Absa,15.3,15.3,65500.0,0.0,1002150.0,,False,False
2024-11-26,Absa,15.1,15.1,55500.0,1490.0,838050.0,-1.31,False,False
2024-11-27,Absa,15.3,15.3,165400.0,0.0,2530620.0,1.32,False,False
2024-11-28,Absa,15.45,15.45,166300.0,0.0,2569335.0,0.98,False,False
2024-11-29,Absa,14.95,14.95,1005000.0,13929950.0,15024750.0,-3.24,False,False
2024-12-02,Absa,14.95,14.95,27500.0,0.0,411125.0,,False,False
2024-12-03,Absa,15.0,15.0,117200.0,998660.0,1758000.0,0.33,False,False
2024-12-04,Absa,15.0,15.0,72500.0,532220.0,1087500.0,0.0,False,False
2024-12-05,Absa,15.1,15.1,210800.0,0.0,3183080.0,0.67,False,False
2024-12-06,Absa,15.1,15.1,436300.0,0.0,6588130.0,0.0,False,False
2024-12-09,Absa,15.3,15.3,107700.0,0.0,1647810.0,,False,False
2024-12-10,Absa,15.15,15.15,144100.0,0.0,2183115.0,-0.98,False,False
2024-12-11,Absa,15.3,15.3,59300.0,-34640.0,907290.0,0.99,False,False
2024-12-13,Absa,15.4,15.4,152700.0,-348345.0,2351580.0,,False,False
2024-12-16,Absa,15.4,15.4,37300.0,-43120.0,574420.0,,False,False
2024-12-17,Absa,15.55,15.55,140900.0,0.0,2190995.0,0.97,False,False
2024-12-18,Absa,15.65,15.65,72500.0,0.0,1134625.0,0.64,False,False
2024-12-19,Absa,16.65,16.65,641800.0,-1118900.0,10685970.0,6.39,False,False
2024-12-20,Absa,16.85,16.85,141800.0,-3350.0,2389330.0,1.2,False,False
2024-12-23,Absa,17.05,17.05,83800.0,0.0,1428790.0,,False,False
2024-12-24,Absa,17.2,17.2,72800.0,0.0,1252160.0,0.88,False,False
2024-12-27,Absa,17.4,17.4,67900.0,0.0,1181460.0,,False,False
2024-12-30,Absa,17.65,17.65,70100.0,0.0,1237265.0,,False,False
2024-12-31,Absa,18.05,18.05,104200.0,-183750.0,1880810.0,2.27,False,False
2025-01-02,Absa,18.85,18.85,94200.0,-14435.0,1775670.0000000002,,False,False
2025-01-03,Absa,19.0,19.0,2930600.0,0.0,55681400.0,0.8,False,False
2025-01-06,Absa,18.85,18.85,192500.0,0.0,3628625.0000000005,,False,False
2025-01-07,Absa,18.5,18.5,2052000.0,-585310.0,37962000.0,-1.86,False,False
2025-01-08,Absa,18.8,18.8,223300.0,-1890000.0,4198040.0,1.62,False,False
2025-01-09,Absa,18.8,18.8,7822900.0,0.0,147070520.0,0.0,False,False
2025-01-10,Absa,19.1,19.1,5350100.0,0.0,102186910.00000001,1.6,False,False
2025-01-13,Absa,18.7,18.7,703000.0,0.0,13146100.0,,False,False
2025-01-14,Absa,18.45,18.45,51300.0,0.0,946485.0,-1.34,False,False
2025-01-15,Absa,17.2,17.2,2178600.0,18000.0,37471920.0,-6.78,False,False
2025-01-16,Absa,17.0,17.0,138800.0,0.0,2359600.0,-1.16,False,False
2025-01-17,Absa,17.15,17.15,108900.0,0.0,1867634.9999999998,0.88,False,False
2025-01-20,Absa,17.25,17.25,37700.0,0.0,650325.0,,False,False
2025-01-21,Absa,17.2,17.2,83800.0,-345000.0,1441360.0,-0.29,False,False
2025-01-22,Absa,17.45,17.45,313000.0,-468600.0,5461850.0,1.45,False,False
2025-01-23,Absa,17.55,17.55,184600.0,176000.0,3239730.0,0.57,False,False
2025-01-24,Absa,17.9,17.9,31000.0,0.0,554900.0,1.99,False,False
2025-01-27,Absa,17.95,17.95,151600.0,0.0,2721220.0,,False,False
2025-01-28,Absa,17.9,17.9,99100.0,0.0,1773889.9999999998,-0.28,False,False
2025-01-29,Absa,17.95,17.95,124100.0,0.0,2227595.0,0.28,False,False
2025-01-30,Absa,17.95,17.95,264400.0,-901800.0,4745980.0,0.0,False,False
2025-01-31,Absa,17.95,17.95,65700.0,0.0,1179315.0,0.0,False,False
2025-02-03,Absa,18.0,18.0,170400.0,-612095.0,3067200.0,,False,False
2025-02-04,Absa,17.9,17.9,90500.0,0.0,1619949.9999999998,-0.56,False,False
2025-02-05,Absa,17.95,17.95,150200.0,50300.0,2696090.0,0.28,False,False
2025-02-06,Absa,18.0,18.0,92400.0,-331200.0,1663200.0,0.28,False,False
2025-02-07,Absa,18.25,18.25,112200.0,0.0,2047650.0,1.39,False,False
2025-02-10,Absa,18.2,18.2,362100.0,-62220.0,6590220.0,,False,False
2025-02-11,Absa,18.2,18.2,135400.0,36200.0,2464280.0,0.0,False,False
2025-02-12,Absa,18.35,18.35,164900.0,0.0,3025915.0000000005,0.82,False,False
2025-02-13,Absa,18.5,18.5,400200.0,-4532145.0,7403700.0,0.82,False,False
2025-02-14,Absa,18.5,18.5,41200.0,0.0,762200.0,0.0,False,False
2025-02-17,Absa,18.45,18.45,87800.0,29410.0,1619910.0,,False,False
2025-02-18,Absa,18.5,18.5,79500.0,-25900.0,1470750.0,0.27,False,False
2025-02-19,Absa,19.1,19.1,10521700.0,299600.0,200964470.00000003,3.24,False,False
2025-02-20,Absa,19.0,19.0,285900.0,0.0,5432100.0,-0.52,False,False
2025-02-21,Absa,18.95,18.95,82100.0,147700.0,1555795.0,-0.26,False,False
2025-02-24,Absa,18.95,18.95,49200.0,0.0,932340.0,,False,False
2025-02-25,Absa,19.0,19.0,406000.0,1900.0,7714000.0,0.26,False,False
2025-02-26,Absa,19.0,19.0,149400.0,0.0,2838600.0,0.0,False,False
2025-02-27,Absa,19.1,19.1,334900.0,0.0,6396590.000000001,0.53,False,False
2025-02-28,Absa,19.0,19.0,2199500.0,-34177200.0,41790500.0,-0.52,False,False
2025-03-03,Absa,19.05,19.05,166300.0,0.0,3168015.0,,False,False
2025-03-04,Absa,19.05,19.05,75500.0,0.0,1438275.0,0.0,False,False
2025-03-05,Absa,19.2,19.2,1634000.0,0.0,31372800.0,0.79,False,False
2025-03-06,Absa,19.1,19.1,574500.0,0.0,10972950.0,-0.52,False,False
2025-03-07,Absa,19.3,19.3,966600.0,0.0,18655380.0,1.05,False,False
2025-03-10,Absa,19.05,19.05,701000.0,3880.0,13354050.0,,False,False
2025-03-11,Absa,19.0,19.0,1262600.0,0.0,23989400.0,-0.26,False,False
2025-03-12,Absa,19.0,19.0,389900.0,0.0,7408100.0,0.0,False,False
2025-03-13,Absa,19.0,19.0,378600.0,-644100.0,7193400.0,0.0,False,False
2025-03-14,Absa,19.05,19.05,1104800.0,0.0,21046440.0,0.26,False,False
2025-03-17,Absa,19.05,19.05,154700.0,3820.0,2947035.0,,False,False
2025-03-18,Absa,19.0,19.0,158300.0,-57000.0,3007700.0,-0.26,False,False
2025-03-19,Absa,18.95,18.95,120900.0,0.0,2291055.0,-0.26,False,False
2025-03-20,Absa,18.9,18.9,356700.0,0.0,6741629.999999999,-0.26,False,False
2025-03-21,Absa,18.8,18.8,218000.0,0.0,4098400.0,-0.53,False,False
2025-03-24,Absa,18.95,18.95,107800.0,-90860.0,2042810.0,,False,False
2025-03-25,Absa,19.0,19.0,293700.0,0.0,5580300.0,0.26,False,False
2025-03-26,Absa,19.05,19.05,178700.0,0.0,3404235.0,0.26,False,False
2025-03-27,Absa,19.0,19.0,405000.0,0.0,7695000.0,-0.26,False,False
2025-03-28,Absa,19.0,19.0,248200.0,0.0,4715800.0,0.0,False,False
2025-04-01,Absa,19.0,19.0,66600.0,20900.0,1265400.0,,False,False
2025-04-02,Absa,18.8,18.8,197000.0,0.0,3703600.0,-1.05,False,False
2025-04-03,Absa,18.05,18.05,314800.0,0.0,5682140.0,-3.99,False,False
2025-04-04,Absa,18.1,18.1,83300.0,0.0,1507730.0000000002,0.28,False,False
2025-04-07,Absa,17.75,17.75,188000.0,0.0,3337000.0,,False,False
2025-04-08,Absa,17.3,17.3,166100.0,0.0,2873530.0,-2.54,False,False
2025-04-09,Absa,17.0,17.0,141000.0,0.0,2397000.0,-1.73,False,False
2025-04-10,Absa,16.85,16.85,105600.0,0.0,1779360.0000000002,-0.88,False,False
2025-04-11,Absa,17.05,17.05,157000.0,0.0,2676850.0,1.19,False,False
2025-04-14,Absa,17.4,17.4,83400.0,0.0,1451159.9999999998,,False,False
2025-04-15,Absa,17.55,17.55,42900.0,-80365.0,752895.0,0.86,False,False
2025-04-16,Absa,17.5,17.5,98400.0,0.0,1722000.0,-0.28,False,False
2025-04-17,Absa,17.3,17.3,112100.0,25650.0,1939330.0,-1.14,False,False
2025-04-22,Absa,17.4,17.4,123900.0,22540.0,2155860.0,,False,False
2025-04-23,Absa,17.5,17.5,143000.0,17500.0,2502500.0,0.57,False,False
2025-04-24,Absa,18.0,18.0,40400.0,-90000.0,727200.0,2.86,False,False
2025-04-25,Absa,18.5,18.5,62000.0,0.0,1147000.0,2.78,False,False
2025-04-28,Absa,18.6,18.6,252700.0,-38955.0,4700220.0,,False,False
2025-04-29,Absa,18.7,18.7,152000.0,45000.0,2842400.0,0.54,False,False
2025-04-30,Absa,18.15,18.15,213900.0,-72200.0,3882284.9999999995,-2.94,False,False
2025-05-02,Absa,17.2,17.2,112400.0,1730.0,1933280.0,,False,False
2025-05-05,Absa,16.45,16.45,276600.0,0.0,4550070.0,,False,False
2025-05-06,Absa,16.35,16.35,537000.0,2770600.0,8779950.0,-0.61,False,False
2025-05-07,Absa,16.45,16.45,444400.0,6326140.0,7310380.0,0.61,False,False
2025-05-08,Absa,16.55,16.55,168500.0,549450.0,2788675.0,0.61,False,False
2025-05-09,Absa,16.65,16.65,380000.0,0.0,6326999.999999999,0.6,False,False
2025-05-12,Absa,16.9,16.9,85900.0,4965.0,1451709.9999999998,,False,False
2025-05-13,Absa,16.75,16.75,54900.0,0.0,919575.0,-0.89,False,False
2025-05-14,Absa,16.95,16.95,205600.0,510000.0,3484920.0,1.19,False,False
2025-05-15,Absa,17.1,17.1,205000.0,0.0,3505500.0000000005,0.88,False,False
2025-05-16,Absa,17.1,17.1,193000.0,5175.0,3300300.0000000005,0.0,False,False
2025-05-19,Absa,17.5,17.5,289700.0,0.0,5069750.0,,False,False
2025-05-20,Absa,17.6,17.6,111700.0,0.0,1965920.0000000002,0.57,False,False
2025-05-21,Absa,17.65,17.65,91000.0,0.0,1606149.9999999998,0.28,False,False
2025-05-22,Absa,17.65,17.65,69200.0,-37170.0,1221380.0,0.0,False,False
2025-05-23,Absa,17.75,17.75,1505400.0,43925.0,26720850.0,0.57,False,False
2025-05-26,Absa,17.9,17.9,109400.0,0.0,1958259.9999999998,,False,False
2025-05-27,Absa,17.9,17.9,108400.0,0.0,1940359.9999999998,0.0,False,False
2025-05-28,Absa,18.0,18.0,5480100.0,-92651400.0,98641800.0,0.56,False,False
2025-05-29,Absa,18.0,18.0,10070200.0,-168244205.0,181263600.0,0.0,False,False
2025-05-30,Absa,18.3,18.3,184900.0,-2369850.0,3383670.0,1.67,False,False
2025-06-03,Absa,18.2,18.2,382600.0,-5678465.0,6963320.0,,False,False
2025-06-04,Absa,18.1,18.1,130300.0,18000.0,2358430.0,-0.55,False,False
2025-06-05,Absa,18.15,18.15,218100.0,0.0,3958514.9999999995,0.28,False,False
2025-06-09,Absa,18.3,18.3,92400.0,3630.0,1690920.0,,False,False
2025-06-10,Absa,18.35,18.35,281200.0,0.0,5160020.0,0.27,False,False
2025-06-11,Absa,18.5,18.5,274400.0,2754650.0,5076400.0,0.82,False,False
2025-06-12,Absa,18.75,18.75,1282900.0,-147600.0,24054375.0,1.35,False,False
2025-06-13,Absa,18.9,18.9,98500.0,0.0,1861649.9999999998,0.8,False,False
2025-06-16,Absa,18.8,18.8,86500.0,0.0,1626200.0,,False,False
2025-06-17,Absa,19.0,19.0,1087100.0,0.0,20654900.0,1.06,False,False
2025-06-18,Absa,18.95,18.95,98000.0,0.0,1857100.0,-0.26,False,False
2025-06-19,Absa,18.5,18.5,634000.0,5550.0,11729000.0,-2.37,False,False
2025-06-20,Absa,18.65,18.65,93700.0,0.0,1747504.9999999998,0.81,False,False
2025-06-23,Absa,18.7,18.7,111100.0,0.0,2077570.0,,False,False
2025-06-24,Absa,18.65,18.65,105000.0,0.0,1958249.9999999998,-0.27,False,False
2025-06-25,Absa,18.65,18.65,122300.0,0.0,2280895.0,0.0,False,False
2025-06-26,Absa,18.7,18.7,65900.0,0.0,1232330.0,0.27,False,False
2025-06-27,Absa,18.95,18.95,506300.0,-3402200.0,9594385.0,1.34,False,False
2025-06-30,Absa,19.2,19.2,105000.0,0.0,2016000.0,,False,False
2025-07-01,Absa,19.65,19.65,605800.0,0.0,11903970.0,2.34,False,False
2025-07-02,Absa,19.6,19.6,321100.0,1945.0,6293560.0,-0.25,False,False
2025-07-03,Absa,19.95,19.95,884400.0,-10742000.0,17643780.0,1.79,False,False
2025-07-04,Absa,19.95,19.95,118700.0,0.0,2368065.0,0.0,False,False
2025-07-07,Absa,19.95,19.95,95200.0,0.0,1899240.0,,False,False
2025-07-08,Absa,19.95,19.95,55800.0,0.0,1113210.0,0.0,False,False
2025-07-09,Absa,19.9,19.9,132600.0,0.0,2638740.0,-0.25,False,False
2025-07-10,Absa,19.85,19.85,131800.0,19850.0,2616230.0,-0.25,False,False
2025-07-11,Absa,19.9,19.9,191600.0,-984060.0,3812839.9999999995,0.25,False,False
2025-07-14,Absa,19.65,19.65,99800.0,0.0,1961069.9999999998,,False,False
2025-07-15,Absa,19.75,19.75,41600.0,0.0,821600.0,0.51,False,False
2025-07-16,Absa,19.8,19.8,426200.0,1980.0,8438760.0,0.25,False,False
2025-07-17,Absa,19.7,19.7,226300.0,0.0,4458110.0,-0.51,False,False
2025-07-18,Absa,19.55,19.55,145300.0,0.0,2840615.0,-0.76,False,False
2025-07-21,Absa,19.6,19.6,75100.0,1980.0,1471960.0,,False,False
2025-07-22,Absa,19.45,19.45,840300.0,0.0,16343835.0,-0.77,False,False
2025-07-23,Absa,19.55,19.55,296100.0,0.0,5788755.0,0.51,False,False
2025-07-24,Absa,19.45,19.45,78000.0,19250.0,1517100.0,-0.51,False,False
2025-07-25,Absa,19.5,19.5,265400.0,0.0,5175300.0,0.26,False,False
2025-07-28,Absa,19.35,19.35,136800.0,0.0,2647080.0,,False,False
2025-07-29,Absa,19.5,19.5,4713600.0,-29250.0,91915200.0,0.78,False,False
2025-07-30,Absa,19.5,19.5,5219700.0,-3900.0,101784150.0,0.0,False,False
2025-07-31,Absa,19.5,19.5,693500.0,0.0,13523250.0,0.0,False,False
2025-08-01,Absa,19.5,19.5,1037000.0,0.0,20221500.0,0.0,False,False
2025-08-04,Absa,19.5,19.5,489700.0,0.0,9549150.0,,False,False
2025-08-05,Absa,19.55,19.55,136200.0,0.0,2662710.0,0.26,False,False
2025-08-06,Absa,19.65,19.65,385700.0,0.0,7579004.999999999,0.51,False,False
2025-08-07,Absa,19.7,19.7,2406200.0,0.0,47402140.0,0.25,False,False
2025-08-08,Absa,19.85,19.85,728470.0,1985.0,14460129.500000002,0.76,False,False
2025-08-11,Absa,19.95,19.95,175054.0,0.0,3492327.3,,False,False
2025-08-12,Absa,19.95,19.95,136692.0,0.0,2727005.4,0.0,False,False
2025-08-13,Absa,19.8,19.8,149787.0,13930.0,2965782.6,-0.75,False,False
2025-08-14,Absa,20.0,20.0,5628771.0,1863463.4,112575420.0,1.01,False,False
2025-08-15,Absa,19.95,19.95,196583.0,1954518.3,3921830.85,-0.25,False,False
2025-08-18,Absa,19.9,19.9,209202.0,0.0,4163119.8,,False,False
2025-08-19,Absa,19.6,19.6,540614.0,-6865.85,10596034.4,-1.51,False,False
2025-08-20,Absa,19.6,19.6,843156.0,-345150.2,16525857.600000001,0.0,False,False
2025-08-21,Absa,19.9,19.9,1761873.0,0.0,35061272.699999996,1.53,False,False
2025-08-22,Absa,19.95,19.95,78363.0,0.0,1563341.8499999999,0.25,False,False
2025-08-25,Absa,19.85,19.85,53684.0,0.0,1065627.4000000001,,False,False
2025-08-26,Absa,19.9,19.9,327371.0,-7960.0,6514682.899999999,0.25,False,False
2025-08-27,Absa,20.0,20.0,756752.0,0.0,15135040.0,0.5,False,False
2025-08-28,Absa,20.0,20.0,332882.0,0.0,6657640.0,0.0,False,False
2025-08-29,Absa,20.1,20.1,293837.0,0.0,5906123.7,0.5,False,False
2025-09-01,Absa,20.5,20.5,126214.0,0.0,2587387.0,,False,False
2025-09-02,Absa,20.55,20.55,302025.0,-2300653.8,6206613.75,0.24,False,False
2025-09-03,Absa,20.65,20.65,661022.0,-1239202.8,13650104.299999999,0.49,False,False
2025-09-04,Absa,20.85,20.85,107473.0,-243652.2,2240812.0500000003,0.97,False,False
2025-09-05,Absa,20.75,20.75,89057.0,-30975.0,1847932.75,-0.48,False,False
2025-09-08,Absa,20.8,20.8,188888.0,-1259601.2,3928870.4,,False,False
2025-09-09,Absa,21.7,21.7,584170.0,-214200.0,12676489.0,4.33,False,False
2025-09-10,Absa,22.65,22.65,464188.0,-4376560.0,10513858.2,4.38,False,False
2025-09-11,Absa,23.0,23.0,408095.0,0.0,9386185.0,1.55,False,False
2025-09-12,Absa,23.05,23.05,469486.0,0.0,10821652.3,0.22,False,False
2025-09-15,Absa,23.0,23.0,289203.0,23000.0,6651669.0,-0.22,False,False
2025-09-16,Absa,23.3,23.3,629910.0,-93000.2,14676903.0,1.3,False,False
2025-09-17,Absa,23.3,23.3,18798953.0,-325791284.7,438015604.90000004,0.0,False,False
2025-09-18,Absa,22.75,22.75,129045.0,0.0,2935773.75,-2.36,False,False
2025-09-19,Absa,21.25,21.25,150634.0,5670.0,3200972.5,-6.59,False,False
2025-09-22,Absa,20.2,20.2,67567.0,0.0,1364853.4,-4.94,False,False
2025-09-23,Absa,20.0,20.0,404033.0,0.0,8080660.0,-0.99,False,False
2025-09-24,Absa,20.35,20.35,215842.0,0.0,4392384.7,1.75,False,False
2025-09-25,Absa,20.7,20.7,709145.0,-64562.0,14679301.5,1.72,False,False
2025-09-26,Absa,20.6,20.6,1077006.0,-1996396.1,22186323.6,-0.48,False,False
2025-09-29,Absa,20.75,20.75,316205.0,12420.0,6561253.75,0.73,False,False
2025-09-30,Absa,21.5,21.5,96015.0,7707.0,2064322.5,3.61,False,False
2025-10-01,Absa,21.5,21.5,116118.0,22226.25,2496537.0,0.0,False,False
2025-10-02,Absa,22.0,22.0,220968.0,0.0,4861296.0,2.33,False,False
2025-10-03,Absa,22.05,22.05,111721.0,880000.0,2463448.0500000003,0.23,False,False
2025-10-06,Absa,22.05,22.05,1675306.0,44000.0,36940497.300000004,0.0,False,False
2025-10-07,Absa,22.2,22.2,113448.0,-33067.5,2518545.6,0.68,False,False
2025-10-08,Absa,21.95,21.95,86536.0,-97320.4,1899465.2,-1.13,False,False
2025-10-09,Absa,21.9,21.9,383626.0,-1743236.25,8401409.4,-0.23,False,False
2025-10-13,Absa,21.75,21.75,104497.0,-12964.8,2272809.75,-0.68,False,False
2025-10-14,Absa,21.85,21.85,214938.0,0.0,4696395.300000001,0.46,False,False
2025-10-15,Absa,21.95,21.95,153160.0,0.0,3361862.0,0.46,False,False
2025-10-16,Absa,22.0,22.0,244306.0,-107314.8,5374732.0,0.23,False,False
2025-10-21,Absa,22.4,22.4,279030.0,0.0,6250272.0,1.82,False,False
2025-10-22,Absa,22.4,22.4,407240.0,102566.05,9122176.0,0.0,False,False
2025-10-23,Absa,22.5,22.5,419304.0,0.0,9434340.0,0.45,False,False
2025-10-24,Absa,22.5,22.5,4430304.0,-94500000.0,99681840.0,0.0,False,False
2025-10-27,Absa,22.6,22.6,215775.0,226.5,4876515.0,0.44,False,False
2025-10-28,Absa,22.8,22.8,536953.0,2260.0,12242528.4,0.88,False,False
2025-10-29,Absa,22.75,22.75,182059.0,2285.0,4141842.25,-0.22,False,False
2025-10-30,Absa,22.9,22.9,139358.0,-73275.0,3191298.1999999997,0.66,False,False
2025-10-31,Absa,23.0,23.0,215630.0,0.0,4959490.0,0.44,False,False
2025-11-03,Absa,23.4,23.4,127765.0,7005.0,2989701.0,1.74,False,False
2025-11-04,Absa,23.35,23.35,168137.0,0.0,3925998.95,-0.21,False,False
2025-11-05,Absa,23.8,23.8,599327.0,0.0,14263982.6,1.93,False,False
2025-11-06,Absa,25.25,25.25,560381.0,25650.0,14149620.25,6.09,False,False
2025-11-07,Absa,25.85,25.85,281265.0,0.0,7270700.25,2.38,False,False
2025-11-10,Absa,25.5,25.5,420258.0,6750.0,10716579.0,-1.35,False,False
2025-11-11,Absa,25.8,25.8,1722614.0,1163580.0,44443441.2,1.18,False,False
2025-11-12,Absa,25.85,25.85,1194819.0,0.0,30886071.150000002,0.19,False,False
2025-11-13,Absa,24.2,24.2,376978.0,18640.0,9122867.6,-6.38,False,False
2025-11-14,Absa,25.0,25.0,796857.0,0.0,19921425.0,3.31,False,False
2025-11-17,Absa,24.9,24.9,292306.0,16217.5,7278419.399999999,-0.4,False,False
2025-11-18,Absa,25.0,25.0,129697.0,0.0,3242425.0,0.4,False,False
2025-11-19,Absa,24.7,24.7,109743.0,0.0,2710652.1,-1.2,False,False
2025-11-20,Absa,23.3,23.3,124425.0,0.0,2899102.5,-5.67,False,False
2025-11-21,Absa,22.9,22.9,247864.0,-60927.0,5676085.6,-1.72,False,False
2025-11-24,Absa,22.55,22.55,87220.0,13500.0,1966811.0,-1.53,False,False
2025-11-25,Absa,21.95,21.95,507234.0,-39373.0,11133786.299999999,-2.66,False,False
2025-11-26,Absa,21.95,21.95,4090420.0,-86634400.0,89784719.0,0.0,False,False
2025-11-27,Absa,22.15,22.15,87374.0,0.0,1935334.0999999999,0.91,False,False
2025-11-28,Absa,21.85,21.85,2355593.0,-4272006.7,51469707.050000004,-1.35,False,False
2025-12-01,Absa,22.75,22.75,75598.0,0.0,1719854.5,4.12,False,False
2025-12-02,Absa,22.75,22.75,101139.0,0.0,2300912.25,0.0,False,False
2025-12-03,Absa,22.7,22.7,92705.0,0.0,2104403.5,-0.22,False,False
2025-12-04,Absa,22.7,22.7,133382.0,-11300.0,3027771.4,0.0,False,False
2025-12-05,Absa,22.05,22.05,574112.0,4546.9,12659169.6,-2.86,False,False
2025-12-08,Absa,22.05,22.05,404338.0,0.0,8915652.9,0.0,False,False
2025-12-09,Absa,22.0,22.0,1709733.0,-220000.0,37614126.0,-0.23,False,False
2025-12-10,Absa,21.95,21.95,210081.0,42705.0,4611277.95,-0.23,False,False
2025-12-11,Absa,22.0,22.0,45499.0,5268.0,1000978.0,0.23,False,False
2025-12-15,Absa,22.0,22.0,519755.0,-6530.25,11434610.0,0.0,False,False
2025-12-16,Absa,22.05,22.05,2417338.0,-160417.25,53302302.9,0.23,False,False
2025-12-17,Absa,22.35,22.35,109294.0,-44800.0,2442720.9000000004,1.36,False,False
2025-12-18,Absa,22.05,22.05,937669.0,-1675625.0,20675601.45,-1.34,False,False
2025-12-19,Absa,22.1,22.1,687524.0,24365.0,15194280.4,0.23,False,False
2025-12-22,Absa,22.55,22.55,247677.0,-416706.85,5585116.350000001,2.04,False,False
2025-12-23,Absa,22.8,22.8,82242.0,-121621.9,1875117.6,1.11,False,False
2025-12-24,Absa,23.0,23.0,487328.0,0.0,11208544.0,0.88,False,False
2025-12-29,Absa,23.65,23.65,76999.0,4484.0,1821026.3499999999,2.83,False,False
2025-12-30,Absa,23.75,23.75,187306.0,0.0,4448517.5,0.42,False,False
2025-12-31,Absa,24.7,24.7,145104.0,0.0,3584068.8,4.0,False,False
2026-01-02,Absa,24.85,24.85,140294.0,0.0,3486305.9000000004,0.61,False,False
2026-01-05,Absa,25.45,25.45,253463.0,26775.0,6450633.35,2.41,False,False
2026-01-06,Absa,26.05,26.05,544062.0,0.0,14172815.1,2.36,False,False
2026-01-07,Absa,25.65,25.65,345242.0,131968.5,8855457.299999999,-1.54,False,False
2026-01-08,Absa,25.5,25.5,323372.0,-50900.0,8245986.0,-0.58,False,False
2026-01-09,Absa,25.55,25.55,1961778.0,26975.0,50123427.9,0.2,False,False
2026-01-12,Absa,25.7,25.7,2483805.0,-59368328.75,63833788.5,0.59,False,False
2026-01-13,Absa,25.7,25.7,1542924.0,-19249182.2,39653146.8,0.0,False,False
2026-01-14,Absa,25.7,25.7,3073075.0,-70675000.0,78978027.5,0.0,False,False
2026-01-15,Absa,25.8,25.8,300910.0,25800.0,7763478.0,0.39,False,False
2026-01-16,Absa,25.75,25.75,149318.0,0.0,3844938.5,-0.19,False,False
2026-01-19,Absa,25.7,25.7,247587.0,0.0,6362985.899999999,-0.19,False,False
2026-01-20,Absa,25.75,25.75,235468.0,64500.0,6063301.0,0.19,False,False
2026-01-21,Absa,25.7,25.7,89609.0,25700.0,2302951.3,-0.19,False,False
2026-01-22,Absa,26.0,26.0,189270.0,-738400.0,4921020.0,1.17,False,False
2026-01-23,Absa,26.45,26.45,303082.0,15399.0,8016518.899999999,1.73,False,False
2026-01-26,Absa,27.15,27.15,1172750.0,1008351.85,31840162.5,2.65,False,False
2026-01-27,Absa,27.6,27.6,354770.0,54932.8,9791652.0,1.66,False,False
2026-01-28,Absa,28.05,28.05,245622.0,0.0,6889697.100000001,1.63,False,False
2026-01-29,Absa,27.95,27.95,272084.0,1412554.05,7604747.8,-0.36,False,False
2026-01-30,Absa,27.95,27.95,142545.0,39250.9,3984132.75,0.0,False,False
2026-02-02,Absa,27.95,27.95,236911.0,1020063.9,6621662.45,0.0,False,False
2026-02-03,Absa,27.95,27.95,166444.0,2800.0,4652109.8,0.0,False,False
2026-02-04,Absa,28.05,28.05,170195.0,0.0,4773969.75,0.36,False,False
2026-02-05,Absa,28.2,28.2,1734548.0,773360.0,48914253.6,0.53,False,False
2026-02-06,Absa,28.2,28.2,1194408.0,-7002403.2,33682305.6,0.0,False,False
2026-02-09,Absa,28.7,28.7,568631.0,164160.0,16319709.7,1.77,False,False
2026-02-10,Absa,28.75,28.75,5763354.0,-114803658.2,165696427.5,0.17,False,False
2026-02-11,Absa,29.0,29.0,2964642.0,-75074838.2,85974618.0,0.87,False,False
2026-02-12,Absa,29.35,29.35,1221142.0,206858.0,35840517.7,1.21,False,False
2026-02-13,Absa,29.55,29.55,620357.0,-854439.05,18331549.35,0.68,False,False
2026-02-16,Absa,30.0,30.0,2432878.0,-61735081.8,72986340.0,1.52,False,False
2026-02-17,Absa,29.85,29.85,418155.0,-1977270.0,12481926.75,-0.5,False,False
2026-02-18,Absa,29.85,29.85,1534920.0,2927410.15,45817362.0,0.0,False,False
2026-02-19,Absa,29.45,29.45,1800572.0,-32982015.75,53026845.4,-1.34,False,False
2026-02-20,Absa,28.45,28.45,311251.0,1539758.7,8855090.95,-3.4,False,False
2026-02-23,Absa,28.3,28.3,414021.0,6043553.85,11716794.3,-0.53,False,False
2026-02-24,Absa,29.1,29.1,564452.0,63565.0,16425553.200000001,2.83,False,False
2026-02-25,Absa,29.5,29.5,2435843.0,-66031195.5,71857368.5,1.37,False,False
2026-02-26,Absa,30.95,30.95,2435843.0,8428672.8,75389340.85,4.92,False,False
2026-02-27,Absa,32.2,32.2,1543114.0,13630104.5,49688270.800000004,4.04,False,False
2026-03-02,Absa,32.1,32.1,339794.0,0.0,10907387.4,-0.31,False,False
2026-03-03,Absa,32.05,32.05,250471.0,87098.8,8027595.549999999,-0.16,False,False
2026-03-04,Absa,30.0,30.0,5917798.0,-674303.5,177533940.0,-6.4,False,False
2026-03-05,Absa,29.55,29.55,1097815.0,-1659126.05,32440433.25,-1.5,False,False
2026-03-06,Absa,30.15,30.15,594426.0,-2946841.4,17921943.9,2.03,False,False
2026-03-09,Absa,30.05,30.05,2875690.0,225154.45,86414484.5,-0.33,False,False
2026-03-10,Absa,30.35,30.35,182406.0,450.0,5536022.100000001,1.0,False,False
2026-03-11,Absa,30.4,30.4,266154.0,-310523.0,8091081.6,0.16,False,False
2026-03-12,Absa,30.65,30.65,737082.0,-573278.55,22591563.3,0.82,False,False
2026-03-13,Absa,31.05,31.05,1260628.0,-28195665.2,39142499.4,1.31,False,False
2026-03-16,Absa,31.65,31.65,272501.0,542717.0,8624656.65,1.93,False,False
2026-03-17,Absa,31.9,31.9,161508.0,0.0,5152105.2,0.79,False,False
2026-03-18,Absa,31.95,31.95,281852.0,60700.0,9005171.4,0.16,False,False
2026-03-19,Absa,31.8,31.8,200894.0,0.0,6388429.2,-0.47,False,False
2026-03-23,Absa,30.9,30.9,391271.0,-71402.85,12090273.9,-2.83,False,False
2026-03-24,Absa,29.75,29.75,1411409.0,1715690.65,41989417.75,-3.72,False,False
2026-03-25,Absa,29.65,29.65,1334698.0,-1735519.5,39573795.699999996,-0.34,False,False
2026-03-26,Absa,27.85,27.85,1276826.0,-143413.5,35559604.1,-6.07,False,False
2026-03-27,Absa,27.2,27.2,578664.0,-373165.65,15739660.799999999,-2.33,False,False
2026-03-30,Absa,27.25,27.25,864740.0,8362.8,23564165.0,0.18,False,False
2026-03-31,Absa,28.55,28.55,385792.0,-431250.0,11014361.6,4.77,False,False
2026-04-01,Absa,28.9,28.9,305793.0,0.0,8837417.7,1.23,False,False
2026-04-02,Absa,29.6,29.6,263542.0,0.0,7800843.2,2.42,False,False
2026-04-07,Absa,29.85,29.85,183935.0,253300.0,5490459.75,0.84,False,False
2026-04-08,Absa,30.95,30.95,1357393.0,-31000000.0,42011313.35,3.69,False,False
2026-04-09,Absa,30.85,30.85,294957.0,0.0,9099423.450000001,-0.32,False,False
2026-04-10,Absa,30.9,30.9,267751.0,0.0,8273505.899999999,0.16,False,False
2026-04-13,Absa,30.85,30.85,187013.0,6050.0,5769351.05,-0.16,False,False
2026-04-14,Absa,30.95,30.95,205470.0,-290930.0,6359296.5,0.32,False,False
2026-04-15,Absa,31.1,31.1,199292.0,0.0,6197981.2,0.48,False,False
2026-04-16,Absa,31.55,31.55,81993.0,0.0,2586879.15,1.45,False,False
2026-04-17,Absa,31.45,31.45,161129.0,1575.0,5067507.05,-0.32,False,False
2026-04-20,Absa,31.05,31.05,1263597.0,-34089111.5,39234686.85,-1.27,False,False
2026-04-21,Absa,31.1,31.1,226420.0,0.0,7041662.0,0.16,False,False
2026-04-22,Absa,30.65,30.65,490609.0,-1067134.3,15037165.85,-1.45,False,False
2026-04-23,Absa,30.45,30.45,506580.0,-7604977.75,15425361.0,-0.65,False,False
2026-04-24,Absa,30.5,30.5,1181338.0,-30379691.8,36030809.0,0.16,False,False
2026-04-27,Absa,31.0,31.0,1454458.0,-20150000.0,45088198.0,1.64,False,False
2026-04-28,Absa,31.0,31.0,703418.0,9330.0,21805958.0,0.0,False,False
2026-04-29,Absa,30.85,30.85,295381.0,0.0,9112503.85,-0.48,False,False
2026-04-30,Absa,30.5,30.5,1050994.0,839030.0,32055317.0,-1.13,False,False
2026-05-04,Absa,28.45,28.45,371566.0,0.0,10571052.7,-6.72,False,False
2026-05-05,Absa,28.25,28.25,200268.0,3577.0,5657571.0,-0.7,False,False
2026-05-06,Absa,28.45,28.45,268064.0,-141750.0,7626420.8,0.71,False,False
2026-05-07,Absa,28.6,28.6,434555.0,85700.0,12428273.0,0.53,False,False
2026-05-08,Absa,28.1,28.1,213743.0,-123440.0,6006178.300000001,-1.75,False,False
2026-05-11,Absa,28.45,28.45,216159.0,14150.0,6149723.55,1.25,False,False
2026-05-12,Absa,28.75,28.75,3069692.0,-81428316.1,88253645.0,1.05,False,False
2026-05-13,Absa,29.4,29.4,79900.0,-58874.0,2349060.0,2.26,False,False
2026-05-14,Absa,29.1,29.1,141302.0,43200.0,4111888.2,-1.02,False,False
2026-05-15,Absa,28.75,28.75,54311.0,75646.35,1561441.25,-1.2,False,False
2026-05-18,Absa,28.1,28.1,1345062.0,167743.5,37796242.2,-2.26,False,False
2026-05-19,Absa,28.6,28.6,110356.0,-43460.8,3156181.6,1.78,False,False
2026-05-20,Absa,28.6,28.6,2075191.0,-45760000.0,59350462.6,0.0,False,False
2026-05-21,Absa,28.75,28.75,2930608.0,-77986243.75,84254980.0,0.52,False,False
2026-05-22,Absa,28.75,28.75,1276634.0,-31949730.5,36703227.5,0.0,False,False
2026-05-25,Absa,29.5,29.5,71923.0,0.0,2121728.5,2.61,False,False
2026-05-26,Absa,29.5,29.5,1614389.0,-31949125.0,47624475.5,0.0,False,False
2026-05-28,Absa,29.3,29.3,135155.0,102965.2,3960041.5,-0.68,False,False
2026-05-29,Absa,28.75,28.75,272842.0,-3079776.05,7844207.5,-1.88,False,False
2026-06-02,Absa,28.75,28.75,331866.0,164344.95,9541147.5,0.0,False,False
2026-06-03,Absa,29.0,29.0,712690.0,0.0,20668010.0,0.87,False,False
2026-06-04,Absa,29.05,29.05,433117.0,145000.0,12582048.85,0.17,False,False
2026-06-05,Absa,29.05,29.05,828311.0,0.0,24062434.55,0.0,False,False
2026-06-08,Absa,29.0,29.0,294990.0,1865.6,8554710.0,-0.17,False,False
2026-06-09,Absa,28.2,28.2,1536217.0,2684467.05,43321319.4,-2.76,False,False
2026-06-10,Absa,28.6,28.6,181961.0,-169625.0,5204084.600000001,1.42,False,False
2026-06-11,Absa,28.55,28.55,267325.0,284.5,7632128.75,-0.17,False,False
2026-06-12,Absa,28.2,28.2,853065.0,5665.0,24056433.0,-1.23,False,False
2026-06-15,Absa,28.8,28.8,188428.0,4560.0,5426726.4,2.13,False,False
2026-06-16,Absa,29.3,29.3,475135.0,0.0,13921455.5,1.74,False,False
2026-06-17,Absa,29.2,29.2,1929619.0,0.0,56344874.8,-0.34,False,False
2026-06-18,Absa,29.4,29.4,560572.0,77836.2,16480816.799999999,0.68,False,False
2026-06-19,Absa,30.75,30.75,3497249.0,-108340.0,107540406.75,4.59,False,False
2026-06-22,Absa,32.55,32.55,1146207.0,3450233.4,37309037.849999994,5.85,False,False
2026-06-23,Absa,32.5,32.5,3294335.0,79878941.35,107065887.5,-0.15,False,False
2026-06-24,Absa,32.2,32.2,174697.0,190294.0,5625243.4,-0.92,False,False
2026-06-25,Absa,32.3,32.3,142070.0,406044.9,4588861.0,0.31,False,False
2026-06-26,Absa,32.5,32.5,360313.0,3474537.5,11710172.5,0.62,False,False
2026-06-29,Absa,32.05,32.05,2685016.0,1186353.0,86054762.8,-1.38,False,False
2017-09-01,Co-op,16.55,16.55,368400.0,49867.5,6097020.0,0.61,False,False
2017-09-04,Co-op,16.5,16.5,771000.0,-3657992.5,12721500.0,,False,False
2017-09-05,Co-op,16.55,16.55,1328000.0,-9092250.0,21978400.0,0.3,False,False
2017-09-06,Co-op,16.65,16.65,6054200.0,-47405800.0,100802429.99999999,0.6,False,False
2017-09-07,Co-op,16.6,16.6,5858800.0,-47358412.5,97256080.00000001,-0.3,False,False
2017-09-08,Co-op,16.6,16.6,5306400.0,0.0,88086240.00000001,0.0,False,False
2017-09-11,Co-op,16.55,16.55,91200.0,0.0,1509360.0,,False,False
2017-09-12,Co-op,16.55,16.55,1689100.0,-12962470.0,27954605.0,0.0,False,False
2017-09-13,Co-op,16.8,16.8,147900.0,0.0,2484720.0,1.51,False,False
2017-09-14,Co-op,17.0,17.0,168600.0,0.0,2866200.0,1.19,False,False
2017-09-15,Co-op,17.0,17.0,972900.0,0.0,16539300.0,0.0,False,False
2017-09-18,Co-op,16.95,16.95,827200.0,-4980000.0,14021040.0,,False,False
2017-09-19,Co-op,16.95,16.95,245000.0,0.0,4152750.0,0.0,False,False
2017-09-20,Co-op,16.9,16.9,150500.0,-134077.5,2543450.0,-0.29,False,False
2017-09-21,Co-op,17.05,17.05,280000.0,0.0,4774000.0,0.89,False,False
2017-09-22,Co-op,16.95,16.95,795800.0,0.0,13488810.0,-0.59,False,False
2017-09-25,Co-op,16.85,16.85,177900.0,1700.0,2997615.0000000005,,False,False
2017-09-26,Co-op,16.7,16.7,1055500.0,-8171595.0,17626850.0,-0.89,False,False
2017-09-27,Co-op,16.65,16.65,526100.0,84750.0,8759565.0,-0.3,False,False
2017-09-28,Co-op,16.65,16.65,237900.0,0.0,3961034.9999999995,0.0,False,False
2017-09-29,Co-op,16.5,16.5,742500.0,-157250.0,12251250.0,-0.9,False,False
2017-10-02,Co-op,16.5,16.5,339700.0,-2708952.5,5605050.0,,False,False
2017-10-03,Co-op,16.5,16.5,126000.0,201270.0,2079000.0,0.0,False,False
2017-10-04,Co-op,16.5,16.5,872200.0,,14391300.0,0.0,False,False
2017-10-05,Co-op,16.5,16.5,134200.0,0.0,2214300.0,0.0,False,False
2017-10-06,Co-op,16.5,16.5,136800.0,0.0,2257200.0,0.0,False,False
2017-10-09,Co-op,16.3,16.3,71300.0,0.0,1162190.0,,False,False
2017-10-10,Co-op,16.3,16.3,2308800.0,0.0,37633440.0,0.0,False,False
2017-10-11,Co-op,16.1,16.1,705400.0,0.0,11356940.000000002,-1.23,False,False
2017-10-12,Co-op,15.9,15.9,882900.0,-412500.0,14038110.0,-1.24,False,False
2017-10-13,Co-op,15.9,15.9,79700.0,0.0,1267230.0,0.0,False,False
2017-10-18,Co-op,16.1,16.1,131700.0,0.0,2120370.0,,False,False
2017-10-19,Co-op,16.0,16.0,56600.0,0.0,905600.0,-0.62,False,False
2017-10-23,Co-op,15.95,15.95,514800.0,-1267230.0,8211060.0,,False,False
2017-10-24,Co-op,16.0,16.0,75100.0,0.0,1201600.0,0.31,False,False
2017-10-27,Co-op,16.3,16.3,250500.0,2422.5,4083150.0,,False,False
2017-10-30,Co-op,16.7,16.7,1755600.0,0.0,29318520.0,,False,False
2017-10-31,Co-op,16.5,16.5,308700.0,488000.0,5093550.0,-1.2,False,False
2017-11-01,Co-op,16.4,16.4,5842700.0,13977342.5,95820279.99999999,-0.61,False,False
2017-11-02,Co-op,16.35,16.35,197000.0,0.0,3220950.0000000005,-0.3,False,False
2017-11-03,Co-op,16.35,16.35,105100.0,0.0,1718385.0000000002,0.0,False,False
2017-11-06,Co-op,16.25,16.25,146800.0,-282150.0,2385500.0,,False,False
2017-11-07,Co-op,16.2,16.2,2176500.0,0.0,35259300.0,-0.31,False,False
2017-11-08,Co-op,16.0,16.0,4053500.0,0.0,64856000.0,-1.23,False,False
2017-11-09,Co-op,16.1,16.1,112000.0,0.0,1803200.0000000002,0.63,False,False
2017-11-10,Co-op,16.05,16.05,180300.0,-1181750.0,2893815.0,-0.31,False,False
2017-11-13,Co-op,16.05,16.05,301700.0,-1908527.5,4842285.0,,False,False
2017-11-14,Co-op,16.2,16.2,5842600.0,-323852.5,94650120.0,0.93,False,False
2017-11-15,Co-op,16.95,16.95,2621300.0,0.0,44431035.0,4.63,False,False
2017-11-16,Co-op,16.9,16.9,5103300.0,-1029602.5,86245770.0,-0.29,False,False
2017-11-17,Co-op,16.5,16.5,857000.0,0.0,14140500.0,-2.37,False,False
2017-11-20,Co-op,16.2,16.2,81800.0,0.0,1325160.0,,False,False
2017-11-21,Co-op,16.2,16.2,7530100.0,0.0,121987620.0,0.0,False,False
2017-11-23,Co-op,16.2,16.2,1213200.0,-2360650.0,19653840.0,,False,False
2017-11-24,Co-op,16.3,16.3,1524300.0,-3336420.0,24846090.0,0.62,False,False
2017-11-27,Co-op,16.3,16.3,2955900.0,-17196295.0,48181170.0,,False,False
2017-11-29,Co-op,16.15,16.15,1555000.0,-12421375.0,25113249.999999996,,False,False
2017-11-30,Co-op,16.0,16.0,1747800.0,-11034285.0,27964800.0,-0.93,False,False
2017-12-01,Co-op,16.0,16.0,401300.0,-2766110.0,6420800.0,0.0,False,False
2017-12-04,Co-op,16.0,16.0,272600.0,-4875.0,4361600.0,,False,False
2017-12-05,Co-op,16.0,16.0,578400.0,-1725915.0,9254400.0,0.0,False,False
2017-12-06,Co-op,16.0,16.0,1581000.0,-10230640.0,25296000.0,0.0,False,False
2017-12-08,Co-op,16.0,16.0,152400.0,0.0,2438400.0,,False,False
2017-12-11,Co-op,16.0,16.0,182700.0,0.0,2923200.0,,False,False
2017-12-13,Co-op,16.0,16.0,3190000.0,-20137600.0,51040000.0,,False,False
2017-12-14,Co-op,16.0,16.0,271600.0,5617.5,4345600.0,0.0,False,False
2017-12-15,Co-op,16.0,16.0,8514300.0,0.0,136228800.0,0.0,False,False
2017-12-18,Co-op,16.25,16.25,105300.0,0.0,1711125.0,,False,False
2017-12-19,Co-op,16.0,16.0,1182100.0,0.0,18913600.0,-1.54,False,False
2017-12-20,Co-op,15.9,15.9,2535300.0,0.0,40311270.0,-0.62,False,False
2017-12-21,Co-op,15.8,15.8,96600.0,0.0,1526280.0,-0.63,False,False
2017-12-22,Co-op,15.95,15.95,104600.0,-80000.0,1668370.0,0.95,False,False
2017-12-27,Co-op,16.0,16.0,70200.0,1580.0,1123200.0,,False,False
2017-12-28,Co-op,16.0,16.0,511000.0,0.0,8176000.0,0.0,False,False
2017-12-29,Co-op,16.2,16.2,707000.0,-160000.0,11453400.0,1.25,False,False
2018-01-02,Co-op,16.3,16.3,707000.0,192427.5,11524100.0,,False,False
2018-01-03,Co-op,16.3,16.3,142200.0,467930.0,2317860.0,0.0,False,False
2018-01-04,Co-op,16.3,16.3,1487000.0,481665.0,24238100.0,0.0,False,False
2018-01-05,Co-op,16.3,16.3,388400.0,991692.5,6330920.0,0.0,False,False
2018-01-08,Co-op,16.35,16.35,230300.0,523802.5,3765405.0000000005,,False,False
2018-01-09,Co-op,16.3,16.3,259900.0,0.0,4236370.0,-0.31,False,False
2018-01-10,Co-op,16.5,16.5,75300.0,0.0,1242450.0,1.23,False,False
2018-01-11,Co-op,16.4,16.4,371900.0,820.0,6099159.999999999,-0.61,False,False
2018-01-12,Co-op,16.4,16.4,475300.0,-221290.0,7794919.999999999,0.0,False,False
2018-01-15,Co-op,16.1,16.1,680500.0,-141975.0,10956050.000000002,,False,False
2018-01-16,Co-op,16.5,16.5,648600.0,0.0,10701900.0,2.48,False,False
2018-01-17,Co-op,16.75,16.75,523400.0,0.0,8766950.0,1.52,False,False
2018-01-18,Co-op,16.75,16.75,311000.0,-819210.0,5209250.0,0.0,False,False
2018-01-19,Co-op,16.75,16.75,766800.0,0.0,12843900.0,0.0,False,False
2018-01-22,Co-op,16.7,16.7,4285800.0,-35569402.5,71572860.0,,False,False
2018-01-23,Co-op,16.7,16.7,1837000.0,-14605360.0,30677900.0,0.0,False,False
2018-01-24,Co-op,16.5,16.5,4213400.0,-33048587.5,69521100.0,-1.2,False,False
2018-01-25,Co-op,16.45,16.45,3891300.0,-24449975.0,64011885.0,-0.3,False,False
2018-01-26,Co-op,16.25,16.25,122100.0,0.0,1984125.0,-1.22,False,False
2018-01-29,Co-op,16.55,16.55,175800.0,0.0,2909490.0,,False,False
2018-01-30,Co-op,16.7,16.7,178100.0,973925.0,2974270.0,0.91,False,False
2018-01-31,Co-op,16.7,16.7,169600.0,31930.0,2832320.0,0.0,False,False
2018-02-01,Co-op,16.95,16.95,399300.0,581225.0,6768135.0,1.5,False,False
2018-02-02,Co-op,17.0,17.0,267800.0,-541712.5,4552600.0,0.29,False,False
2018-02-05,Co-op,16.95,16.95,4169200.0,1334562.5,70667940.0,,False,False
2018-02-06,Co-op,16.95,16.95,5452600.0,-41178250.0,92421570.0,0.0,False,False
2018-02-07,Co-op,17.0,17.0,672300.0,-1374620.0,11429100.0,0.29,False,False
2018-02-08,Co-op,17.0,17.0,4987700.0,-787.5,84790900.0,0.0,False,False
2018-02-09,Co-op,17.05,17.05,26700.0,0.0,455235.0,0.29,False,False
2018-02-12,Co-op,17.05,17.05,337600.0,0.0,5756080.0,,False,False
2018-02-13,Co-op,17.05,17.05,1772700.0,-3204497.5,30224535.0,0.0,False,False
2018-02-14,Co-op,17.1,17.1,1480400.0,-596750.0,25314840.000000004,0.29,False,False
2018-02-15,Co-op,17.1,17.1,204700.0,-94025.0,3500370.0000000005,0.0,False,False
2018-02-16,Co-op,17.05,17.05,1930900.0,-4531500.0,32921845.0,-0.29,False,False
2018-02-19,Co-op,17.1,17.1,132700.0,0.0,2269170.0,,False,False
2018-02-20,Co-op,17.1,17.1,147900.0,1710.0,2529090.0,0.0,False,False
2018-02-21,Co-op,17.2,17.2,3133200.0,0.0,53891040.0,0.58,False,False
2018-02-22,Co-op,17.3,17.3,3550700.0,-11054230.0,61427110.0,0.58,False,False
2018-02-23,Co-op,17.4,17.4,3550700.0,-2836820.0,61782179.99999999,0.58,False,False
2018-02-26,Co-op,17.95,17.95,332600.0,-1905050.0,5970170.0,,False,False
2018-02-27,Co-op,18.4,18.4,495200.0,216250.0,9111680.0,2.51,False,False
2018-02-28,Co-op,18.6,18.6,2890900.0,805000.0,53770740.00000001,1.09,False,False
2018-03-01,Co-op,18.45,18.45,3675700.0,-3871025.0,67816665.0,-0.81,False,False
2018-03-02,Co-op,18.3,18.3,864900.0,2826652.5,15827670.0,-0.81,False,False
2018-03-05,Co-op,18.45,18.45,463500.0,1550427.5,8551575.0,,False,False
2018-03-06,Co-op,18.55,18.55,331500.0,747800.0,6149325.0,0.54,False,False
2018-03-07,Co-op,18.8,18.8,1882500.0,1117045.0,35391000.0,1.35,False,False
2018-03-08,Co-op,18.95,18.95,3043700.0,0.0,57678115.0,0.8,False,False
2018-03-09,Co-op,19.05,19.05,2104100.0,0.0,40083105.0,0.53,False,False
2018-03-12,Co-op,19.4,19.4,502100.0,0.0,9740740.0,,False,False
2018-03-13,Co-op,19.0,19.0,1673400.0,0.0,31794600.0,-2.06,False,False
2018-03-14,Co-op,19.0,19.0,751200.0,0.0,14272800.0,0.0,False,False
2018-03-15,Co-op,19.1,19.1,1746500.0,1360437.5,33358150.000000004,0.53,False,False
2018-03-16,Co-op,19.2,19.2,2168000.0,418950.0,41625600.0,0.52,False,False
2018-03-19,Co-op,19.45,19.45,3571900.0,-19121350.0,69473455.0,,False,False
2018-03-20,Co-op,19.45,19.45,1980400.0,-588957.5,38518780.0,0.0,False,False
2018-03-21,Co-op,19.5,19.5,1918100.0,202057.5,37402950.0,0.26,False,False
2018-03-22,Co-op,19.5,19.5,357200.0,0.0,6965400.0,0.0,False,False
2018-03-23,Co-op,19.5,19.5,490600.0,-1066452.5,9566700.0,0.0,False,False
2018-03-26,Co-op,19.6,19.6,831300.0,-3412530.0,16293480.000000002,,False,False
2018-03-27,Co-op,19.6,19.6,1788100.0,0.0,35046760.0,0.0,False,False
2018-03-28,Co-op,19.6,19.6,2148500.0,-14312295.0,42110600.0,0.0,False,False
2018-03-29,Co-op,19.7,19.7,321900.0,-1822252.5,6341430.0,0.51,False,False
2018-04-03,Co-op,19.95,19.95,1260900.0,301797.5,25154955.0,,False,False
2018-04-04,Co-op,19.8,19.8,1338100.0,2146817.5,26494380.0,-0.75,False,False
2018-04-05,Co-op,19.5,19.5,2324500.0,10823875.0,45327750.0,-1.52,False,False
2018-04-06,Co-op,19.7,19.7,152000.0,542897.5,2994400.0,1.03,False,False
2018-04-09,Co-op,19.75,19.75,217100.0,520080.0,4287725.0,,False,False
2018-04-10,Co-op,19.9,19.9,222300.0,1248980.0,4423770.0,0.76,False,False
2018-04-11,Co-op,19.25,19.25,613400.0,1749590.0,11807950.0,-3.27,False,False
2018-04-12,Co-op,19.4,19.4,956400.0,2127637.5,18554160.0,0.78,False,False
2018-04-13,Co-op,18.95,18.95,348000.0,0.0,6594600.0,-2.32,False,False
2018-04-16,Co-op,18.8,18.8,1609600.0,-40320.0,30260480.0,,False,False
2018-04-17,Co-op,18.5,18.5,2675800.0,0.0,49502300.0,-1.6,False,False
2018-04-18,Co-op,18.5,18.5,243500.0,-423532.5,4504750.0,0.0,False,False
2018-04-19,Co-op,18.6,18.6,91900.0,0.0,1709340.0000000002,0.54,False,False
2018-04-20,Co-op,18.55,18.55,161200.0,0.0,2990260.0,-0.27,False,False
2018-04-23,Co-op,18.4,18.4,110900.0,0.0,2040559.9999999998,,False,False
2018-04-24,Co-op,18.45,18.45,1063400.0,93205.0,19619730.0,0.27,False,False
2018-04-25,Co-op,18.5,18.5,1189700.0,5200840.0,22009450.0,0.27,False,False
2018-04-26,Co-op,18.55,18.55,726700.0,684800.0,13480285.0,0.27,False,False
2018-04-27,Co-op,18.55,18.55,249200.0,797350.0,4622660.0,0.0,False,False
2018-04-30,Co-op,18.65,18.65,101600.0,0.0,1894839.9999999998,,False,False
2018-05-02,Co-op,18.6,18.6,257800.0,545247.5,4795080.0,,False,False
2018-05-03,Co-op,17.95,17.95,544200.0,2073420.0,9768390.0,-3.49,False,False
2018-05-04,Co-op,18.45,18.45,729400.0,0.0,13457430.0,2.79,False,False
2018-05-07,Co-op,18.6,18.6,170300.0,0.0,3167580.0000000005,,False,False
2018-05-08,Co-op,18.5,18.5,1601700.0,0.0,29631450.0,-0.54,False,False
2018-05-09,Co-op,18.5,18.5,631300.0,0.0,11679050.0,0.0,False,False
2018-05-10,Co-op,18.55,18.55,586700.0,0.0,10883285.0,0.27,False,False
2018-05-11,Co-op,18.5,18.5,381400.0,0.0,7055900.0,-0.27,False,False
2018-05-14,Co-op,18.55,18.55,1412100.0,-2643375.0,26194455.0,,False,False
2018-05-15,Co-op,18.65,18.65,860600.0,-803215.0,16050189.999999998,0.54,False,False
2018-05-16,Co-op,18.7,18.7,470700.0,-1592160.0,8802090.0,0.27,False,False
2018-05-17,Co-op,18.6,18.6,1539900.0,-1266295.0,28642140.000000004,-0.53,False,False
2018-05-18,Co-op,18.55,18.55,221600.0,0.0,4110680.0,-0.27,False,False
2018-05-21,Co-op,18.55,18.55,2001900.0,-11331045.0,37135245.0,,False,False
2018-05-22,Co-op,18.25,18.25,3183300.0,-24831930.0,58095225.0,-1.62,False,False
2018-05-23,Co-op,17.55,17.55,1294800.0,-5591467.5,22723740.0,-3.84,False,False
2018-05-24,Co-op,17.55,17.55,2109500.0,-8590950.0,37021725.0,0.0,False,False
2018-05-25,Co-op,17.4,17.4,2109500.0,0.0,36705300.0,-0.85,False,False
2018-05-28,Co-op,17.5,17.5,17237300.0,0.0,301652750.0,,False,False
2018-05-29,Co-op,17.0,17.0,469900.0,-1206662.5,7988300.0,-2.86,False,False
2018-05-30,Co-op,16.5,16.5,543800.0,-1510255.0,8972700.0,-2.94,False,False
2018-05-31,Co-op,16.85,16.85,1735200.0,-10221555.0,29238120.000000004,2.12,False,False
2018-06-04,Co-op,17.3,17.3,898000.0,-6408952.5,15535400.0,,False,False
2018-06-05,Co-op,17.5,17.5,347100.0,0.0,6074250.0,1.16,False,False
2018-06-06,Co-op,17.5,17.5,6331100.0,0.0,110794250.0,0.0,False,False
2018-06-07,Co-op,17.8,17.8,108400.0,0.0,1929520.0,1.71,False,False
2018-06-08,Co-op,17.9,17.9,154200.0,0.0,2760180.0,0.56,False,False
2018-06-11,Co-op,17.5,17.5,227500.0,,3981250.0,,False,False
2018-06-12,Co-op,17.1,17.1,358900.0,-16682.5,6137190.000000001,-2.29,False,False
2018-06-13,Co-op,17.5,17.5,1205000.0,4450.0,21087500.0,2.34,False,False
2018-06-14,Co-op,17.5,17.5,93700.0,0.0,1639750.0,0.0,False,False
2018-06-18,Co-op,17.45,17.45,455700.0,-262500.0,7951965.0,,False,False
2018-06-19,Co-op,17.45,17.45,218800.0,0.0,3818060.0,0.0,False,False
2018-06-20,Co-op,17.5,17.5,302800.0,-612500.0,5299000.0,0.29,False,False
2018-06-21,Co-op,17.6,17.6,133700.0,-87500.0,2353120.0,0.57,False,False
2018-06-22,Co-op,17.55,17.55,182600.0,1209250.0,3204630.0,-0.28,False,False
2018-06-25,Co-op,17.55,17.55,378800.0,-2541535.0,6647940.0,,False,False
2018-06-26,Co-op,17.5,17.5,529800.0,-3528800.0,9271500.0,-0.28,False,False
2018-06-27,Co-op,17.5,17.5,929600.0,-5335265.0,16268000.0,0.0,False,False
2018-06-28,Co-op,17.5,17.5,67500.0,-175000.0,1181250.0,0.0,False,False
2018-06-29,Co-op,17.45,17.45,881600.0,-397250.0,15383920.0,-0.29,False,False
2018-07-02,Co-op,17.05,17.05,881600.0,1542457.5,15031280.0,,False,False
2018-07-03,Co-op,17.05,17.05,243900.0,-6073057.5,4158495.0,0.0,False,False
2018-07-04,Co-op,17.1,17.1,22500.0,0.0,384750.00000000006,0.29,False,False
2018-07-05,Co-op,17.3,17.3,79300.0,-14875.0,1371890.0,1.17,False,False
2018-07-06,Co-op,17.3,17.3,33400.0,-175000.0,577820.0,0.0,False,False
2018-07-09,Co-op,17.3,17.3,208800.0,-45240.0,3612240.0,,False,False
2018-07-10,Co-op,17.2,17.2,49600.0,0.0,853120.0,-0.58,False,False
2018-07-11,Co-op,17.0,17.0,456500.0,-3584560.0,7760500.0,-1.16,False,False
2018-07-12,Co-op,17.2,17.2,264400.0,-817712.5,4547680.0,1.18,False,False
2018-07-13,Co-op,17.1,17.1,747200.0,373600.0,12777120.000000002,-0.58,False,False
2018-07-16,Co-op,17.0,17.0,29000.0,0.0,493000.0,,False,False
2018-07-17,Co-op,16.95,16.95,535500.0,-962445.0,9076725.0,-0.29,False,False
2018-07-18,Co-op,17.0,17.0,1408100.0,-7841097.5,23937700.0,0.29,False,False
2018-07-19,Co-op,17.1,17.1,94900.0,0.0,1622790.0000000002,0.59,False,False
2018-07-20,Co-op,17.1,17.1,953400.0,0.0,16303140.000000002,0.0,False,False
2018-07-23,Co-op,17.0,17.0,60200.0,0.0,1023400.0,,False,False
2018-07-24,Co-op,17.05,17.05,145400.0,1063817.5,2479070.0,0.29,False,False
2018-07-25,Co-op,17.0,17.0,404000.0,0.0,6868000.0,-0.29,False,False
2018-07-26,Co-op,17.1,17.1,94900.0,0.0,1622790.0000000002,0.59,False,False
2018-07-27,Co-op,16.95,16.95,190400.0,-42500.0,3227280.0,-0.88,False,False
2018-07-30,Co-op,16.95,16.95,165000.0,1140655.0,2796750.0,,False,False
2018-07-31,Co-op,16.95,16.95,214100.0,-1465732.5,3628995.0,0.0,False,False
2018-08-01,Co-op,16.95,16.95,214100.0,-1569167.5,3628995.0,0.0,False,False
2018-08-02,Co-op,17.0,17.0,93800.0,0.0,1594600.0,0.29,False,False
2018-08-03,Co-op,17.05,17.05,109700.0,0.0,1870385.0,0.29,False,False
2018-08-06,Co-op,17.1,17.1,101600.0,0.0,1737360.0000000002,,False,False
2018-08-07,Co-op,17.1,17.1,101600.0,0.0,1737360.0000000002,0.0,False,False
2018-08-08,Co-op,17.2,17.2,69100.0,0.0,1188520.0,0.58,False,False
2018-08-09,Co-op,17.2,17.2,206800.0,0.0,3556960.0,0.0,False,False
2018-08-10,Co-op,17.2,17.2,121100.0,0.0,2082920.0,0.0,False,False
2018-08-13,Co-op,17.05,17.05,214400.0,-267375.0,3655520.0,,False,False
2018-08-14,Co-op,17.05,17.05,1022800.0,-171140.0,17438740.0,0.0,False,False
2018-08-15,Co-op,17.1,17.1,115300.0,0.0,1971630.0000000002,0.29,False,False
2018-08-16,Co-op,17.15,17.15,101000.0,0.0,1732149.9999999998,0.29,False,False
2018-08-17,Co-op,17.05,17.05,125800.0,0.0,2144890.0,-0.58,False,False
2018-08-20,Co-op,16.9,16.9,3597600.0,0.0,60799439.99999999,,False,False
2018-08-22,Co-op,16.6,16.6,1839600.0,-1908210.0,30537360.000000004,,False,False
2018-08-23,Co-op,16.0,16.0,144300.0,-809927.5,2308800.0,-3.61,False,False
2018-08-24,Co-op,16.35,16.35,70700.0,0.0,1155945.0,2.19,False,False
2018-08-27,Co-op,16.5,16.5,281100.0,0.0,4638150.0,,False,False
2018-08-28,Co-op,16.5,16.5,407600.0,-84505.0,6725400.0,0.0,False,False
2018-08-29,Co-op,16.5,16.5,467800.0,-2783550.0,7718700.0,0.0,False,False
2018-08-30,Co-op,16.6,16.6,193300.0,-1159950.0,3208780.0000000005,0.61,False,False
2018-08-31,Co-op,16.75,16.75,,0.0,,0.9,False,False
2018-09-03,Co-op,16.85,16.85,112800.0,33000.0,1900680.0000000002,,False,False
2018-09-04,Co-op,16.65,16.65,119600.0,463210.0,1991339.9999999998,-1.19,False,False
2018-09-05,Co-op,16.4,16.4,252000.0,435025.0,4132799.9999999995,-1.5,False,False
2018-09-06,Co-op,16.15,16.15,134500.0,513220.0,2172175.0,-1.52,False,False
2018-09-07,Co-op,16.15,16.15,31800.0,0.0,513569.99999999994,0.0,False,False
2018-09-10,Co-op,16.15,16.15,101700.0,0.0,1642454.9999999998,,False,False
2018-09-11,Co-op,16.1,16.1,200800.0,0.0,3232880.0000000005,-0.31,False,False
2018-09-12,Co-op,15.9,15.9,1333800.0,-8481980.0,21207420.0,-1.24,False,False
2018-09-13,Co-op,15.6,15.6,2720600.0,-20572677.5,42441360.0,-1.89,False,False
2018-09-14,Co-op,14.9,14.9,1642900.0,-9847440.0,24479210.0,-4.49,False,False
2018-09-17,Co-op,13.85,13.85,617500.0,-4444855.0,8552375.0,,False,False
2018-09-18,Co-op,13.85,13.85,368400.0,-727035.0,5102340.0,0.0,False,False
2018-09-19,Co-op,13.95,13.95,2224600.0,-15295880.0,31033170.0,0.72,False,False
2018-09-20,Co-op,14.55,14.55,110400.0,-395245.0,1606320.0,4.3,False,False
2018-09-21,Co-op,15.0,15.0,287400.0,0.0,4311000.0,3.09,False,False
2018-09-24,Co-op,15.1,15.1,1086900.0,0.0,16412190.0,,False,False
2018-09-25,Co-op,15.15,15.15,84900.0,108005.0,1286235.0,0.33,False,False
2018-09-26,Co-op,15.25,15.25,1354900.0,-9551250.0,20662225.0,0.66,False,False
2018-09-27,Co-op,15.25,15.25,364500.0,796485.0,5558625.0,0.0,False,False
2018-09-28,Co-op,15.5,15.5,213200.0,0.0,3304600.0,1.64,False,False
2018-10-01,Co-op,15.3,15.3,17900.0,0.0,273870.0,,False,False
2018-10-02,Co-op,15.35,15.35,310200.0,-818822.5,4761570.0,0.33,False,False
2018-10-03,Co-op,15.3,15.3,66300.0,13175.0,1014390.0,-0.33,False,False
2018-10-04,Co-op,15.4,15.4,248900.0,0.0,3833060.0,0.65,False,False
2018-10-05,Co-op,15.5,15.5,993300.0,435025.0,15396150.0,0.65,False,False
2018-10-08,Co-op,15.35,15.35,151300.0,0.0,2322455.0,,False,False
2018-10-09,Co-op,15.3,15.3,158100.0,395147.5,2418930.0,-0.33,False,False
2018-10-11,Co-op,15.25,15.25,54300.0,0.0,828075.0,,False,False
2018-10-12,Co-op,14.9,14.9,98300.0,250430.0,1464670.0,-2.3,False,False
2018-10-15,Co-op,14.75,14.75,76500.0,214975.0,1128375.0,,False,False
2018-10-16,Co-op,14.6,14.6,647100.0,-3034827.5,9447660.0,-1.02,False,False
2018-10-17,Co-op,14.45,14.45,240200.0,-398417.5,3470890.0,-1.03,False,False
2018-10-18,Co-op,14.4,14.4,66500.0,-115830.0,957600.0,-0.35,False,False
2018-10-19,Co-op,14.25,14.25,298300.0,-549550.0,4250775.0,-1.04,False,False
2018-10-22,Co-op,14.45,14.45,630100.0,-3577365.0,9104945.0,,False,False
2018-10-23,Co-op,14.55,14.55,133500.0,691390.0,1942425.0,0.69,False,False
2018-10-24,Co-op,14.4,14.4,1672800.0,-1686737.5,24088320.0,-1.03,False,False
2018-10-25,Co-op,14.2,14.2,23900.0,0.0,339380.0,-1.39,False,False
2018-10-26,Co-op,14.25,14.25,90300.0,0.0,1286775.0,0.35,False,False
2018-10-29,Co-op,14.25,14.25,39700.0,7225.0,565725.0,,False,False
2018-10-30,Co-op,14.35,14.35,586400.0,-339385.0,8414840.0,0.7,False,False
2018-10-31,Co-op,14.3,14.3,96700.0,0.0,1382810.0,-0.35,False,False
2018-11-01,Co-op,14.3,14.3,326400.0,0.0,4667520.0,0.0,False,False
2018-11-02,Co-op,14.2,14.2,73400.0,-115830.0,1042280.0,-0.7,False,False
2018-11-05,Co-op,14.2,14.2,48200.0,14400.0,684440.0,,False,False
2018-11-06,Co-op,14.2,14.2,700000.0,-1375612.5,9940000.0,0.0,False,False
2018-11-07,Co-op,14.1,14.1,205800.0,5680.0,2901780.0,-0.7,False,False
2018-11-08,Co-op,14.15,14.15,580800.0,1430.0,8218320.0,0.35,False,False
2018-11-09,Co-op,14.05,14.05,80800.0,0.0,1135240.0,-0.71,False,False
2018-11-12,Co-op,14.1,14.1,83604.0,70000.0,1178816.4,,False,False
2018-11-13,Co-op,14.1,14.1,214800.0,741885.0,3028680.0,0.0,False,False
2018-11-14,Co-op,14.1,14.1,40200.0,0.0,566820.0,0.0,False,False
2018-11-15,Co-op,14.15,14.15,61400.0,0.0,868810.0,0.35,False,False
2018-11-16,Co-op,14.1,14.1,1274800.0,0.0,17974680.0,-0.35,False,False
2018-11-19,Co-op,14.15,14.15,198100.0,0.0,2803115.0,,False,False
2018-11-20,Co-op,14.15,14.15,346100.0,0.0,4897315.0,0.0,False,False
2018-11-21,Co-op,14.15,14.15,865800.0,-96632.5,12251070.0,0.0,False,False
2018-11-22,Co-op,14.2,14.2,139900.0,0.0,1986580.0,0.35,False,False
2018-11-23,Co-op,14.6,14.6,1735100.0,-2665870.0,25332460.0,2.82,False,False
2018-11-26,Co-op,14.7,14.7,531800.0,-3083397.5,7817460.0,,False,False
2018-11-27,Co-op,14.75,14.75,41800.0,0.0,616550.0,0.34,False,False
2018-11-28,Co-op,14.65,14.65,68300.0,163905.0,1000595.0,-0.68,False,False
2018-11-29,Co-op,14.7,14.7,123800.0,0.0,1819860.0,0.34,False,False
2018-11-30,Co-op,14.8,14.8,322200.0,973242.5,4768560.0,0.68,False,False
2018-12-03,Co-op,14.75,14.75,79100.0,-15512.5,1166725.0,,False,False
2018-12-04,Co-op,14.45,14.45,79100.0,165267.5,1142995.0,-2.03,False,False
2018-12-05,Co-op,14.55,14.55,72100.0,0.0,1049055.0,0.69,False,False
2018-12-06,Co-op,14.4,14.4,682700.0,3150945.0,9830880.0,-1.03,False,False
2018-12-07,Co-op,14.35,14.35,466600.0,-2113525.0,6695710.0,-0.35,False,False
2018-12-10,Co-op,14.1,14.1,36000.0,0.0,507600.0,,False,False
2018-12-11,Co-op,14.05,14.05,49100.0,0.0,689855.0,-0.35,False,False
2018-12-13,Co-op,14.0,14.0,1283700.0,-82020.0,17971800.0,,False,False
2018-12-14,Co-op,14.05,14.05,1118100.0,-7084320.0,15709305.0,0.36,False,False
2018-12-17,Co-op,14.0,14.0,728200.0,,10194800.0,,False,False
2018-12-18,Co-op,13.9,13.9,229400.0,0.0,3188660.0,-0.71,False,False
2018-12-19,Co-op,13.65,13.65,72400.0,0.0,988260.0,-1.8,False,False
2018-12-20,Co-op,13.8,13.8,828000.0,-107100.0,11426400.0,1.1,False,False
2018-12-21,Co-op,14.05,14.05,130800.0,-730515.0,1837740.0,1.81,False,False
2018-12-24,Co-op,14.3,14.3,133900.0,6.84,1914770.0,,False,False
2018-12-27,Co-op,13.85,13.85,120100.0,-79310.0,1663385.0,,False,False
2018-12-28,Co-op,13.8,13.8,148800.0,-105325.0,2053440.0,-0.36,False,False
2019-01-02,Co-op,13.85,13.85,69300.0,-92652.5,959805.0,,False,False
2019-01-03,Co-op,13.85,13.85,24000.0,0.0,332400.0,0.0,False,False
2019-01-04,Co-op,13.85,13.85,74500.0,0.0,1031825.0,0.0,False,False
2019-01-07,Co-op,13.95,13.95,27200.0,0.0,379440.0,,False,False
2019-01-08,Co-op,13.85,13.85,14300.0,0.0,198055.0,-0.72,False,False
2019-01-09,Co-op,13.9,13.9,94100.0,0.0,1307990.0,0.36,False,False
2019-01-10,Co-op,13.9,13.9,71300.0,-57200.0,991070.0,0.0,False,False
2019-01-11,Co-op,13.85,13.85,56200.0,0.0,778370.0,-0.36,False,False
2019-01-14,Co-op,13.9,13.9,90000.0,-250247.5,1251000.0,,False,False
2019-01-15,Co-op,13.95,13.95,132800.0,0.0,1852560.0,0.36,False,False
2019-01-16,Co-op,14.5,14.5,102900.0,-408545.0,1492050.0,3.94,False,False
2019-01-17,Co-op,14.85,14.85,2099400.0,-1386110.0,31176090.0,2.41,False,False
2019-01-18,Co-op,14.95,14.95,258100.0,0.0,3858595.0,0.67,False,False
2019-01-21,Co-op,15.15,15.15,620600.0,-841725.0,9402090.0,,False,False
2019-01-22,Co-op,15.15,15.15,186600.0,812260.0,2826990.0,0.0,False,False
2019-01-23,Co-op,15.2,15.2,131500.0,0.0,1998800.0,0.33,False,False
2019-01-24,Co-op,15.85,15.85,297000.0,0.0,4707450.0,4.28,False,False
2019-01-25,Co-op,16.05,16.05,1206300.0,0.0,19361115.0,1.26,False,False
2019-01-28,Co-op,16.1,16.1,1129200.0,0.0,18180120.0,,False,False
2019-01-29,Co-op,15.75,15.75,597000.0,1554825.0,9402750.0,-2.17,False,False
2019-01-30,Co-op,15.45,15.45,2165700.0,-14490000.0,33460065.0,-1.9,False,False
2019-01-31,Co-op,15.6,15.6,793500.0,-4444065.0,12378600.0,0.97,False,False
2019-02-01,Co-op,15.9,15.9,153600.0,-489305.0,2442240.0,1.92,False,False
2019-02-05,Co-op,16.0,16.0,115200.0,-387630.0,1843200.0,,False,False
2019-02-06,Co-op,15.95,15.95,216100.0,0.0,3446795.0,-0.31,False,False
2019-02-07,Co-op,15.85,15.85,137300.0,0.0,2176205.0,-0.63,False,False
2019-02-08,Co-op,15.6,15.6,395600.0,0.0,6171360.0,-1.58,False,False
2019-02-11,Co-op,15.6,15.6,723200.0,0.0,11281920.0,,False,False
2019-02-12,Co-op,15.55,15.55,942900.0,996092.5,14662095.0,-0.32,False,False
2019-02-13,Co-op,15.3,15.3,143600.0,0.0,2197080.0,-1.61,False,False
2019-02-14,Co-op,15.2,15.2,147700.0,0.0,2245040.0,-0.65,False,False
2019-02-15,Co-op,14.95,14.95,288000.0,0.0,4305600.0,-1.64,False,False
2019-02-18,Co-op,14.75,14.75,65200.0,4680.0,961700.0,,False,False
2019-02-19,Co-op,14.6,14.6,785900.0,1475212.5,11474140.0,-1.02,False,False
2019-02-20,Co-op,14.55,14.55,1279300.0,0.0,18613815.0,-0.34,False,False
2019-02-21,Co-op,14.6,14.6,2058100.0,52895.0,30048260.0,0.34,False,False
2019-02-22,Co-op,14.45,14.45,745800.0,-4892630.0,10776810.0,-1.03,False,False
2019-02-25,Co-op,14.5,14.5,398200.0,0.0,5773900.0,,False,False
2019-02-26,Co-op,14.45,14.45,728500.0,-78840.0,10526825.0,-0.34,False,False
2019-02-27,Co-op,14.5,14.5,309100.0,0.0,4481950.0,0.35,False,False
2019-02-28,Co-op,14.6,14.6,1155900.0,-510480.0,16876140.0,0.69,False,False
2019-03-01,Co-op,14.55,14.55,523500.0,0.0,7616925.0,-0.34,False,False
2019-03-04,Co-op,14.55,14.55,106100.0,0.0,1543755.0,,False,False
2019-03-06,Co-op,14.45,14.45,70800.0,-44987.5,1023060.0,,False,False
2019-03-07,Co-op,14.45,14.45,586800.0,-45725.0,8479260.0,0.0,False,False
2019-03-08,Co-op,14.3,14.3,,-45725.0,,-1.04,False,False
2019-03-11,Co-op,14.45,14.45,218800.0,0.0,3161660.0,,False,False
2019-03-12,Co-op,14.95,14.95,212500.0,990387.5,3176875.0,3.46,False,False
2019-03-13,Co-op,15.0,15.0,2267500.0,0.0,34012500.0,0.33,False,False
2019-03-14,Co-op,14.9,14.9,106000.0,0.0,1579400.0,-0.67,False,False
2019-03-15,Co-op,15.05,15.05,328100.0,0.0,4937905.0,1.01,False,False
2019-03-18,Co-op,15.55,15.55,317800.0,0.0,4941790.0,,False,False
2019-03-19,Co-op,15.55,15.55,609900.0,1503222.5,9483945.0,0.0,False,False
2019-03-20,Co-op,15.35,15.35,1132500.0,750000.0,17383875.0,-1.29,False,False
2019-03-21,Co-op,15.2,15.2,285800.0,-717135.0,4344160.0,-0.98,False,False
2019-03-22,Co-op,15.0,15.0,1209800.0,-989137.5,18147000.0,-1.32,False,False
2019-03-25,Co-op,14.95,14.95,2240100.0,-42885.0,33489495.0,,False,False
2019-03-26,Co-op,14.95,14.95,271900.0,0.0,4064905.0,0.0,False,False
2019-03-27,Co-op,14.95,14.95,350600.0,-1415080.0,5241470.0,0.0,False,False
2019-03-28,Co-op,15.0,15.0,334500.0,0.0,5017500.0,0.33,False,False
2019-03-29,Co-op,15.0,15.0,355600.0,0.0,5334000.0,0.0,False,False
2019-04-01,Co-op,14.95,14.95,38900.0,0.0,581555.0,,False,False
2019-04-02,Co-op,14.95,14.95,273000.0,0.0,4081350.0,0.0,False,False
2019-04-03,Co-op,14.9,14.9,458700.0,-2969350.0,6834630.0,-0.33,False,False
2019-04-04,Co-op,14.65,14.65,47100.0,0.0,690015.0,-1.68,False,False
2019-04-05,Co-op,14.6,14.6,52400.0,72507.5,765040.0,-0.34,False,False
2019-04-08,Co-op,14.7,14.7,291300.0,-183885.0,4282110.0,,False,False
2019-04-09,Co-op,14.7,14.7,450400.0,-2319295.0,6620880.0,0.0,False,False
2019-04-10,Co-op,14.7,14.7,148800.0,-674677.5,2187360.0,0.0,False,False
2019-04-11,Co-op,14.5,14.5,151000.0,-539395.0,2189500.0,-1.36,False,False
2019-04-12,Co-op,14.4,14.4,289500.0,-1193775.0,4168800.0,-0.69,False,False
2019-04-15,Co-op,14.15,14.15,370800.0,-1863955.0,5246820.0,,False,False
2019-04-16,Co-op,13.95,13.95,475400.0,-2899675.0,6631830.0,-1.41,False,False
2019-04-17,Co-op,13.6,13.6,196500.0,-445290.0,2672400.0,-2.51,False,False
2019-04-18,Co-op,13.6,13.6,523300.0,-2577970.0,7116880.0,0.0,False,False
2019-04-23,Co-op,13.55,13.55,432600.0,-1011622.5,5861730.0,,False,False
2019-04-24,Co-op,13.55,13.55,1512300.0,-7934032.5,20491665.0,0.0,False,False
2019-04-25,Co-op,12.6,12.6,1480700.0,-3704057.5,18656820.0,-7.01,False,False
2019-04-30,Co-op,12.55,12.55,2471500.0,-9333697.5,31017325.0,,False,False
2019-05-02,Co-op,12.55,12.55,1962500.0,0.0,24629375.0,0.0,False,False
2019-05-03,Co-op,12.6,12.6,1962500.0,-4510170.0,24727500.0,0.4,False,False
2019-05-06,Co-op,12.55,12.55,392600.0,-2022772.5,4927130.0,,False,False
2019-05-07,Co-op,12.55,12.55,1319500.0,-2513637.5,16559725.000000002,0.0,False,False
2019-05-08,Co-op,12.5,12.5,1960400.0,-1003752.5,24505000.0,-0.4,False,False
2019-05-09,Co-op,12.25,12.25,1056800.0,-5418077.5,12945800.0,-2.0,False,False
2019-05-10,Co-op,12.0,12.0,89100.0,-10667.5,1069200.0,-2.04,False,False
2019-05-13,Co-op,12.25,12.25,203300.0,-589607.5,2490425.0,,False,False
2019-05-14,Co-op,12.0,12.0,549600.0,0.0,6595200.0,-2.04,False,False
2019-05-15,Co-op,11.9,11.9,64700.0,0.0,769930.0,-0.83,False,False
2019-05-16,Co-op,11.65,11.65,379900.0,0.0,4425835.0,-2.1,False,False
2019-05-17,Co-op,11.65,11.65,993000.0,-979165.0,11568450.0,0.0,False,False
2019-05-20,Co-op,11.5,11.5,322900.0,0.0,3713350.0,,False,False
2019-05-21,Co-op,11.55,11.55,309600.0,-1297657.5,3575880.0,0.43,False,False
2019-05-22,Co-op,11.45,11.45,5913600.0,-7278470.0,67710720.0,-0.87,False,False
2019-05-23,Co-op,11.4,11.4,523600.0,-63812.5,5969040.0,-0.44,False,False
2019-05-24,Co-op,11.4,11.4,2399300.0,-4780290.0,27352020.0,0.0,False,False
2019-05-27,Co-op,11.45,11.45,633300.0,-1736982.5,7251285.0,,False,False
2019-05-28,Co-op,11.5,11.5,1336100.0,-5045590.0,15365150.0,0.44,False,False
2019-05-29,Co-op,12.45,12.45,6196600.0,0.0,77147670.0,8.26,False,False
2019-05-30,Co-op,12.1,12.1,9398700.0,-6773392.5,113724270.0,-2.81,False,False
2019-05-31,Co-op,12.2,12.2,135600.0,0.0,1654320.0,0.83,False,False
2019-06-04,Co-op,12.35,12.35,382000.0,3050.0,4717700.0,,False,False
2019-06-06,Co-op,12.3,12.3,255700.0,0.0,3145110.0,,False,False
2019-06-10,Co-op,12.3,12.3,57800.0,-1860.0,710940.0,-0.81,False,False
2019-06-11,Co-op,12.1,12.1,89200.0,-59897.5,1079320.0,-1.63,False,False
2019-06-12,Co-op,12.3,12.3,488000.0,-2301010.0,6002400.0,1.65,False,False
2019-06-13,Co-op,12.4,12.4,785700.0,-4416930.0,9742680.0,0.81,False,False
2019-06-14,Co-op,12.35,12.35,96100.0,0.0,1186835.0,-0.4,False,False
2019-06-17,Co-op,12.4,12.4,531900.0,-2692317.5,6595560.0,,False,False
2019-06-18,Co-op,12.35,12.35,88800.0,0.0,1096680.0,-0.4,False,False
2019-06-19,Co-op,12.25,12.25,495200.0,0.0,6066200.0,-0.81,False,False
2019-06-20,Co-op,12.1,12.1,192000.0,-1067107.5,2323200.0,-1.22,False,False
2019-06-21,Co-op,12.1,12.1,139600.0,-717720.0,1689160.0,0.0,False,False
2019-06-24,Co-op,12.1,12.1,1661300.0,-432965.0,20101730.0,,False,False
2019-06-25,Co-op,12.15,12.15,401200.0,60500.0,4874580.0,0.41,False,False
2019-06-26,Co-op,12.1,12.1,151900.0,0.0,1837990.0,-0.41,False,False
2019-06-27,Co-op,12.0,12.0,150400.0,-622140.0,1804800.0,-0.83,False,False
2019-06-28,Co-op,11.95,11.95,170100.0,-688657.5,2032694.9999999998,-0.42,False,False
2019-07-01,Co-op,11.9,11.9,64500.0,-162135.0,767550.0,,False,False
2019-07-02,Co-op,12.15,12.15,1683000.0,-8623080.0,20448450.0,2.1,False,False
2019-07-03,Co-op,12.2,12.2,60600.0,0.0,739320.0,0.41,False,False
2019-07-04,Co-op,12.25,12.25,83800.0,267185.0,1026550.0,0.41,False,False
2019-07-05,Co-op,12.25,12.25,51900.0,0.0,635775.0,0.0,False,False
2019-07-08,Co-op,12.2,12.2,2076400.0,0.0,25332080.0,,False,False
2019-07-09,Co-op,12.05,12.05,158900.0,0.0,1914745.0,-1.23,False,False
2019-07-10,Co-op,12.15,12.15,284800.0,0.0,3460320.0,0.83,False,False
2019-07-11,Co-op,12.1,12.1,89500.0,0.0,1082950.0,-0.41,False,False
2019-07-12,Co-op,12.1,12.1,98700.0,6075.0,1194270.0,0.0,False,False
2019-07-15,Co-op,12.05,12.05,9262500.0,0.0,111613125.0,,False,False
2019-07-16,Co-op,12.0,12.0,944900.0,-5239577.5,11338800.0,-0.41,False,False
2019-07-17,Co-op,12.0,12.0,1754500.0,4659950.0,21054000.0,0.0,False,False
2019-07-18,Co-op,12.0,12.0,184600.0,0.0,2215200.0,0.0,False,False
2019-07-19,Co-op,12.15,12.15,139000.0,136885.0,1688850.0,1.25,False,False
2019-07-22,Co-op,12.2,12.2,44100.0,85400.0,538020.0,,False,False
2019-07-23,Co-op,12.2,12.2,92300.0,0.0,1126060.0,0.0,False,False
2019-07-24,Co-op,12.2,12.2,587700.0,0.0,7169940.0,0.0,False,False
2019-07-25,Co-op,12.1,12.1,82400.0,0.0,997040.0,-0.82,False,False
2019-07-26,Co-op,12.05,12.05,142800.0,-675342.5,1720740.0,-0.41,False,False
2019-07-29,Co-op,12.0,12.0,142800.0,-1661832.5,1713600.0,,False,False
2019-07-30,Co-op,11.95,11.95,142800.0,29983850.0,1706460.0,-0.42,False,False
2019-07-31,Co-op,11.95,11.95,142800.0,-3568765.0,1706460.0,0.0,False,False
2019-08-01,Co-op,11.95,11.95,142800.0,0.0,1706460.0,0.0,False,False
2019-08-02,Co-op,11.95,11.95,142800.0,0.0,1706460.0,0.0,False,False
2019-08-05,Co-op,11.85,11.85,83500.0,0.0,989475.0,,False,False
2019-08-06,Co-op,12.1,12.1,110900.0,0.0,1341890.0,2.11,False,False
2019-08-07,Co-op,12.1,12.1,68300.0,0.0,826430.0,0.0,False,False
2019-08-08,Co-op,12.1,12.1,4419600.0,26015000.0,53477160.0,0.0,False,False
2019-08-09,Co-op,12.05,12.05,211100.0,0.0,2543755.0,-0.41,False,False
2019-08-13,Co-op,12.0,12.0,258600.0,0.0,3103200.0,,False,False
2019-08-14,Co-op,12.0,12.0,259300.0,0.0,3111600.0,0.0,False,False
2019-08-15,Co-op,11.95,11.95,74700.0,0.0,892665.0,-0.42,False,False
2019-08-16,Co-op,11.85,11.85,57200.0,0.0,677820.0,-0.84,False,False
2019-08-19,Co-op,11.85,11.85,96900.0,11850.0,1148265.0,,False,False
2019-08-20,Co-op,11.85,11.85,58300.0,0.0,690855.0,0.0,False,False
2019-08-21,Co-op,11.5,11.5,183200.0,-601560.0,2106800.0,-2.95,False,False
2019-08-22,Co-op,11.45,11.45,2679000.0,15115210.0,30674549.999999996,-0.43,False,False
2019-08-23,Co-op,11.3,11.3,275200.0,-1294347.5,3109760.0,-1.31,False,False
2019-08-26,Co-op,11.35,11.35,209300.0,694924.34,2375555.0,,False,False
2019-08-27,Co-op,11.3,11.3,233100.0,-1294347.5,2634030.0,-0.44,False,False
2019-08-28,Co-op,11.35,11.35,308200.0,-1398815.0,3498070.0,0.44,False,False
2019-08-29,Co-op,11.4,11.4,76400.0,-270205.0,870960.0,0.44,False,False
2019-08-30,Co-op,11.45,11.45,493900.0,-2319065.0,5655155.0,0.44,False,False
2019-09-02,Co-op,11.4,11.4,493900.0,-68175.0,5630460.0,,False,False
2019-09-03,Co-op,11.35,11.35,235200.0,-437642.5,2669520.0,-0.44,False,False
2019-09-04,Co-op,11.4,11.4,179000.0,-641250.0,2040600.0,0.44,False,False
2019-09-05,Co-op,11.3,11.3,2663300.0,-2237250.0,30095290.000000004,-0.88,False,False
2019-09-06,Co-op,11.15,11.15,2395300.0,-3571690.0,26707595.0,-1.33,False,False
2019-09-09,Co-op,11.0,11.0,199200.0,-49740.0,2191200.0,,False,False
2019-09-10,Co-op,11.35,11.35,3775700.0,-3760437.5,42854195.0,3.18,False,False
2019-09-11,Co-op,11.8,11.8,6453200.0,-5229957.5,76147760.0,3.96,False,False
2019-09-12,Co-op,11.95,11.95,78700.0,0.0,940465.0,1.27,False,False
2019-09-13,Co-op,12.05,12.05,70600.0,-180607.5,850730.0,0.84,False,False
2019-09-16,Co-op,12.1,12.1,70200.0,-12200.0,849420.0,,False,False
2019-09-17,Co-op,12.1,12.1,151300.0,0.0,1830730.0,0.0,False,False
2019-09-18,Co-op,12.05,12.05,5223100.0,0.0,62938355.0,-0.41,False,False
2019-09-19,Co-op,12.1,12.1,367400.0,-605.0,4445540.0,0.41,False,False
2019-09-20,Co-op,12.0,12.0,2056900.0,0.0,24682800.0,-0.83,False,False
2019-09-23,Co-op,11.95,11.95,2476400.0,9246000.0,29592980.0,,False,False
2019-09-24,Co-op,11.9,11.9,70100.0,0.0,834190.0,-0.42,False,False
2019-09-25,Co-op,11.8,11.8,195700.0,-666995.0,2309260.0,-0.84,False,False
2019-09-26,Co-op,11.8,11.8,328000.0,-1643817.5,3870400.0000000005,0.0,False,False
2019-09-27,Co-op,11.8,11.8,1034300.0,-3405480.0,12204740.0,0.0,False,False
2019-09-30,Co-op,12.0,12.0,79700.0,0.0,956400.0,,False,False
2019-10-01,Co-op,12.0,12.0,129600.0,0.0,1555200.0,0.0,False,False
2019-10-02,Co-op,12.05,12.05,128300.0,-18000.0,1546015.0,0.42,False,False
2019-10-03,Co-op,12.05,12.05,364500.0,0.0,4392225.0,0.0,False,False
2019-10-04,Co-op,12.0,12.0,54300.0,0.0,651600.0,-0.41,False,False
2019-10-07,Co-op,12.05,12.05,278900.0,610.0,3360745.0,,False,False
2019-10-08,Co-op,12.0,12.0,1462800.0,2040710.0,17553600.0,-0.41,False,False
2019-10-09,Co-op,12.1,12.1,97900.0,-284487.5,1184590.0,0.83,False,False
2019-10-11,Co-op,12.05,12.05,885200.0,0.0,10666660.0,,False,False
2019-10-14,Co-op,12.1,12.1,212400.0,-851222.5,2570040.0,,False,False
2019-10-15,Co-op,12.05,12.05,117100.0,0.0,1411055.0,-0.41,False,False
2019-10-16,Co-op,12.45,12.45,64500.0,0.0,803025.0,3.32,False,False
2019-10-17,Co-op,12.45,12.45,681900.0,0.0,8489655.0,0.0,False,False
2019-10-18,Co-op,12.6,12.6,244700.0,0.0,3083220.0,1.2,False,False
2019-10-22,Co-op,12.5,12.5,736700.0,-4305037.5,9208750.0,,False,False
2019-10-23,Co-op,12.45,12.45,658100.0,-2628750.0,8193344.999999999,-0.4,False,False
2019-10-24,Co-op,12.5,12.5,514500.0,0.0,6431250.0,0.4,False,False
2019-10-25,Co-op,12.5,12.5,601000.0,323750.0,7512500.0,0.0,False,False
2019-10-28,Co-op,12.5,12.5,578300.0,-1665260.0,7228750.0,,False,False
2019-10-29,Co-op,13.35,13.35,1491000.0,-3758125.0,19904850.0,6.8,False,False
2019-10-30,Co-op,14.55,14.55,2803600.0,-4490847.5,40792380.0,8.99,False,False
2019-10-31,Co-op,15.8,15.8,2928800.0,18375.0,46275040.0,8.59,False,False
2019-11-01,Co-op,15.7,15.7,4758500.0,-1192500.0,74708450.0,-0.63,False,False
2019-11-04,Co-op,15.75,15.75,10955100.0,38608790.0,172542825.0,,False,False
2019-11-05,Co-op,16.0,16.0,2979500.0,-1118000.0,47672000.0,1.59,False,False
2019-11-06,Co-op,15.85,15.85,7291200.0,3725777.5,115565520.0,-0.94,False,False
2019-11-07,Co-op,15.7,15.7,672200.0,2282675.0,10553540.0,-0.95,False,False
2019-11-08,Co-op,15.4,15.4,526000.0,0.0,8100400.0,-1.91,False,False
2019-11-11,Co-op,15.0,15.0,720800.0,0.0,10812000.0,,False,False
2019-11-12,Co-op,14.5,14.5,307600.0,0.0,4460200.0,-3.33,False,False
2019-11-13,Co-op,15.0,15.0,1169700.0,2188775.0,17545500.0,3.45,False,False
2019-11-14,Co-op,15.0,15.0,2615700.0,18150167.5,39235500.0,0.0,False,False
2019-11-15,Co-op,15.1,15.1,231900.0,-404312.5,3501690.0,0.67,False,False
2019-11-18,Co-op,15.1,15.1,343500.0,0.0,5186850.0,,False,False
2019-11-19,Co-op,15.1,15.1,533200.0,-1079562.5,8051320.0,0.0,False,False
2019-11-20,Co-op,15.0,15.0,699700.0,48262.5,10495500.0,-0.66,False,False
2019-11-21,Co-op,14.95,14.95,1128500.0,257227.5,16871075.0,-0.33,False,False
2019-11-22,Co-op,14.6,14.6,194700.0,1122205.0,2842620.0,-2.34,False,False
2019-11-25,Co-op,14.65,14.65,1547900.0,1105335.0,22676735.0,,False,False
2019-11-26,Co-op,14.55,14.55,324900.0,-49245.0,4727295.0,-0.68,False,False
2019-11-27,Co-op,15.0,15.0,564600.0,-2255545.0,8469000.0,3.09,False,False
2019-11-28,Co-op,16.05,16.05,175800.0,0.0,2821590.0,7.0,False,False
2019-11-29,Co-op,15.95,15.95,1097400.0,-6480000.0,17503530.0,-0.62,False,False
2019-12-02,Co-op,16.1,16.1,908000.0,0.0,14618800.000000002,,False,False
2019-12-03,Co-op,15.95,15.95,1179100.0,0.0,18806645.0,-0.93,False,False
2019-12-04,Co-op,15.85,15.85,364500.0,0.0,5777325.0,-0.63,False,False
2019-12-05,Co-op,15.7,15.7,338900.0,2091782.5,5320730.0,-0.95,False,False
2019-12-06,Co-op,15.65,15.65,51500.0,0.0,805975.0,-0.32,False,False
2019-12-09,Co-op,15.8,15.8,73000.0,0.0,1153400.0,,False,False
2019-12-10,Co-op,15.75,15.75,265100.0,0.0,4175325.0,-0.32,False,False
2019-12-11,Co-op,15.55,15.55,213500.0,-193827.5,3319925.0,-1.27,False,False
2019-12-13,Co-op,15.45,15.45,80000.0,0.0,1236000.0,,False,False
2019-12-16,Co-op,15.5,15.5,455600.0,0.0,7061800.0,,False,False
2019-12-17,Co-op,15.5,15.5,729400.0,0.0,11305700.0,0.0,False,False
2019-12-18,Co-op,15.55,15.55,317200.0,172445.0,4932460.0,0.32,False,False
2019-12-19,Co-op,15.75,15.75,554100.0,0.0,8727075.0,1.29,False,False
2019-12-20,Co-op,15.8,15.8,144200.0,0.0,2278360.0,0.32,False,False
2019-12-23,Co-op,16.0,16.0,89500.0,0.0,1432000.0,,False,False
2019-12-24,Co-op,15.9,15.9,362900.0,0.0,5770110.0,-0.62,False,False
2019-12-27,Co-op,16.0,16.0,45600.0,-19200.0,729600.0,,False,False
2019-12-30,Co-op,16.35,16.35,380900.0,-10367.5,6227715.000000001,,False,False
2019-12-31,Co-op,16.35,16.35,595600.0,0.0,9738060.0,0.0,False,False
2020-01-02,Co-op,16.55,16.55,127400.0,0.0,2108470.0,,False,False
2020-01-03,Co-op,16.55,16.55,434000.0,-1364215.0,7182700.0,0.0,False,False
2020-01-06,Co-op,16.5,16.5,70000.0,14850.0,1155000.0,,False,False
2020-01-07,Co-op,16.45,16.45,142600.0,206250.0,2345770.0,-0.3,False,False
2020-01-08,Co-op,16.4,16.4,186200.0,0.0,3053679.9999999995,-0.3,False,False
2020-01-09,Co-op,16.5,16.5,465700.0,0.0,7684050.0,0.61,False,False
2020-01-10,Co-op,16.54,16.54,543700.0,137357.5,8992798.0,0.24,False,False
2020-01-13,Co-op,16.05,16.05,855700.0,8040.0,13733985.0,,False,False
2020-01-14,Co-op,15.9,15.9,496000.0,208597.5,7886400.0,-0.93,False,False
2020-01-15,Co-op,15.9,15.9,266600.0,0.0,4238940.0,0.0,False,False
2020-01-16,Co-op,16.0,16.0,198600.0,0.0,3177600.0,0.63,False,False
2020-01-17,Co-op,15.85,15.85,446500.0,0.0,7077025.0,-0.94,False,False
2020-01-20,Co-op,15.85,15.85,562700.0,0.0,8918795.0,,False,False
2020-01-21,Co-op,15.8,15.8,86800.0,0.0,1371440.0,-0.32,False,False
2020-01-22,Co-op,15.8,15.8,218700.0,0.0,3455460.0,0.0,False,False
2020-01-23,Co-op,15.6,15.6,5348300.0,-2596730.0,83433480.0,-1.27,False,False
2020-01-24,Co-op,15.55,15.55,122300.0,7065.0,1901765.0,-0.32,False,False
2020-01-27,Co-op,15.4,15.4,291600.0,0.0,4490640.0,,False,False
2020-01-28,Co-op,15.4,15.4,2242000.0,-3133130.0,34526800.0,0.0,False,False
2020-01-29,Co-op,15.2,15.2,1607600.0,-2318250.0,24435520.0,-1.3,False,False
2020-01-30,Co-op,15.25,15.25,155200.0,-57375.0,2366800.0,0.33,False,False
2020-01-31,Co-op,15.15,15.15,152300.0,0.0,2307345.0,-0.66,False,False
2020-02-03,Co-op,15.35,15.35,128700.0,0.0,1975545.0,,False,False
2020-02-04,Co-op,15.0,15.0,266100.0,0.0,3991500.0,-2.28,False,False
2020-02-05,Co-op,15.0,15.0,2617800.0,-4087922.5,39267000.0,0.0,False,False
2020-02-06,Co-op,14.85,14.85,1360400.0,-3712370.0,20201940.0,-1.0,False,False
2020-02-07,Co-op,14.95,14.95,4102700.0,1537832.5,61335365.0,0.67,False,False
2020-02-10,Co-op,15.0,15.0,237500.0,-949500.0,3562500.0,,False,False
2020-02-12,Co-op,15.15,15.15,1515900.0,0.0,22965885.0,,False,False
2020-02-13,Co-op,15.0,15.0,750300.0,1505.0,11254500.0,-0.99,False,False
2020-02-14,Co-op,15.0,15.0,1812800.0,-1679740.0,27192000.0,0.0,False,False
2020-02-17,Co-op,14.9,14.9,129600.0,0.0,1931040.0,,False,False
2020-02-18,Co-op,14.9,14.9,2018500.0,-14593000.0,30075650.0,0.0,False,False
2020-02-19,Co-op,14.85,14.85,867100.0,-5206730.0,12876435.0,-0.34,False,False
2020-02-20,Co-op,14.85,14.85,2235000.0,-8078400.0,33189750.0,0.0,False,False
2020-02-21,Co-op,14.85,14.85,384800.0,-376865.0,5714280.0,0.0,False,False
2020-02-24,Co-op,14.9,14.9,312200.0,-2212445.0,4651780.0,,False,False
2020-02-25,Co-op,14.8,14.8,369600.0,67567.5,5470080.0,-0.67,False,False
2020-02-26,Co-op,14.55,14.55,330800.0,-1232610.0,4813140.0,-1.69,False,False
2020-02-27,Co-op,13.55,13.55,212000.0,-309100.0,2872600.0,-6.87,False,False
2020-02-28,Co-op,13.95,13.95,1101300.0,-1414765.0,15363135.0,2.95,False,False
2020-03-02,Co-op,14.0,14.0,548900.0,-2396550.0,7684600.0,,False,False
2020-03-03,Co-op,14.8,14.8,1616000.0,-6600542.5,23916800.0,5.71,False,False
2020-03-04,Co-op,14.8,14.8,672200.0,0.0,9948560.0,0.0,False,False
2020-03-05,Co-op,14.8,14.8,2091200.0,0.0,30949760.0,0.0,False,False
2020-03-06,Co-op,14.15,14.15,427100.0,-2368050.0,6043465.0,-4.39,False,False
2020-03-09,Co-op,14.1,14.1,708900.0,-2507780.0,9995490.0,,False,False
2020-03-10,Co-op,14.6,14.6,2487500.0,-16841687.5,36317500.0,3.55,False,False
2020-03-11,Co-op,14.25,14.25,854100.0,-309655.0,12170925.0,-2.4,False,False
2020-03-12,Co-op,13.25,13.25,1273400.0,-305170.0,16872550.0,-7.02,False,False
2020-03-13,Co-op,12.8,12.8,876600.0,-36445.0,11220480.0,-3.4,False,False
2020-03-16,Co-op,12.75,12.75,367300.0,-693247.5,4683075.0,,False,False
2020-03-17,Co-op,12.65,12.65,167600.0,-208302.5,2120140.0,-0.78,False,False
2020-03-18,Co-op,12.55,12.55,344800.0,-865890.0,4327240.0,-0.79,False,False
2020-03-19,Co-op,12.75,12.75,194600.0,-486285.0,2481150.0,1.59,False,False
2020-03-20,Co-op,12.6,12.6,348900.0,-1230730.0,4396140.0,-1.18,False,False
2020-03-23,Co-op,12.1,12.1,118200.0,3025.0,1430220.0,,False,False
2020-03-24,Co-op,11.85,11.85,10195000.0,2950.0,120810750.0,-2.07,False,False
2020-03-25,Co-op,11.8,11.8,1154700.0,4175040.0,13625460.0,-0.42,False,False
2020-03-26,Co-op,12.1,12.1,544300.0,-2065177.5,6586030.0,2.54,False,False
2020-03-27,Co-op,12.85,12.85,108200.0,163200.0,1390370.0,6.2,False,False
2020-03-30,Co-op,12.85,12.85,101800.0,0.0,1308130.0,,False,False
2020-03-31,Co-op,12.95,12.95,1182100.0,-6802177.5,15308195.0,0.78,False,False
2020-04-01,Co-op,12.85,12.85,64500.0,0.0,828825.0,-0.77,False,False
2020-04-02,Co-op,12.9,12.9,226400.0,-578607.5,2920560.0,0.39,False,False
2020-04-03,Co-op,12.4,12.4,116800.0,-227272.5,1448320.0,-3.88,False,False
2020-04-06,Co-op,12.35,12.35,1662500.0,-9864675.0,20531875.0,,False,False
2020-04-07,Co-op,12.5,12.5,378200.0,-1938640.0,4727500.0,1.21,False,False
2020-04-08,Co-op,12.45,12.45,5139800.0,-857375.0,63990510.0,-0.4,False,False
2020-04-09,Co-op,12.8,12.8,277300.0,-1492532.5,3549440.0,2.81,False,False
2020-04-14,Co-op,13.3,13.3,1679900.0,-10180625.0,22342670.0,,False,False
2020-04-15,Co-op,12.45,12.45,284200.0,667.5,3538290.0,-6.39,False,False
2020-04-16,Co-op,12.4,12.4,882000.0,-2104672.5,10936800.0,-0.4,False,False
2020-04-17,Co-op,12.3,12.3,150600.0,3075.0,1852380.0,-0.81,False,False
2020-04-20,Co-op,12.25,12.25,901100.0,-5043000.0,11038475.0,,False,False
2020-04-21,Co-op,12.25,12.25,3364600.0,-11634450.0,41216350.0,0.0,False,False
2020-04-22,Co-op,12.4,12.4,660000.0,-776050.0,8184000.0,1.22,False,False
2020-04-23,Co-op,12.35,12.35,82200.0,1845.0,1015170.0,-0.4,False,False
2020-04-24,Co-op,12.2,12.2,492700.0,0.0,6010940.0,-1.21,False,False
2020-04-27,Co-op,12.45,12.45,625400.0,319270.0,7786230.0,,False,False
2020-04-28,Co-op,12.45,12.45,607500.0,0.0,7563375.0,0.0,False,False
2020-04-29,Co-op,12.6,12.6,733400.0,0.0,9240840.0,1.2,False,False
2020-04-30,Co-op,12.65,12.65,145200.0,0.0,1836780.0,0.4,False,False
2020-05-04,Co-op,12.7,12.7,198800.0,-418745.0,2524760.0,,False,False
2020-05-05,Co-op,13.15,13.15,397000.0,458130.0,5220550.0,3.54,False,False
2020-05-06,Co-op,12.95,12.95,262700.0,81662.5,3401965.0,-1.52,False,False
2020-05-07,Co-op,13.05,13.05,254100.0,774885.0,3316005.0,0.77,False,False
2020-05-08,Co-op,13.2,13.2,448400.0,-1988087.5,5918880.0,1.15,False,False
2020-05-11,Co-op,13.0,13.0,73300.0,191100.0,952900.0,,False,False
2020-05-12,Co-op,13.0,13.0,230800.0,849300.0,3000400.0,0.0,False,False
2020-05-13,Co-op,12.9,12.9,1263900.0,-13010.0,16304310.0,-0.77,False,False
2020-05-14,Co-op,12.9,12.9,507600.0,-18060.0,6548040.0,0.0,False,False
2020-05-15,Co-op,12.95,12.95,398700.0,47730.0,5163165.0,0.39,False,False
2020-05-18,Co-op,13.0,13.0,810100.0,-411065.0,10531300.0,,False,False
2020-05-19,Co-op,13.0,13.0,462100.0,2093000.0,6007300.0,0.0,False,False
2020-05-20,Co-op,12.7,12.7,36200.0,-645.0,459740.0,-2.31,False,False
2020-05-21,Co-op,12.55,12.55,110500.0,0.0,1386775.0,-1.18,False,False
2020-05-22,Co-op,12.3,12.3,170100.0,0.0,2092230.0000000002,-1.99,False,False
2020-05-26,Co-op,12.25,12.25,169600.0,0.0,2077600.0,,False,False
2020-05-27,Co-op,12.35,12.35,357600.0,151905.0,4416360.0,0.82,False,False
2020-05-28,Co-op,12.35,12.35,187800.0,463710.0,2319330.0,0.0,False,False
2020-05-29,Co-op,12.35,12.35,103200.0,0.0,1274520.0,0.0,False,False
2020-06-02,Co-op,12.4,12.4,84100.0,-254635.0,1042840.0,,False,False
2020-06-03,Co-op,12.7,12.7,554500.0,0.0,7042150.0,2.42,False,False
2020-06-04,Co-op,12.65,12.65,89300.0,0.0,1129645.0,-0.39,False,False
2020-06-05,Co-op,12.55,12.55,77500.0,0.0,972625.0,-0.79,False,False
2020-06-08,Co-op,12.4,12.4,288800.0,-1448897.5,3581120.0,,False,False
2020-06-09,Co-op,12.3,12.3,27500.0,0.0,338250.0,-0.81,False,False
2020-06-10,Co-op,12.25,12.25,54300.0,3087.5,665175.0,-0.41,False,False
2020-06-11,Co-op,12.25,12.25,1192300.0,-5670915.0,14605675.0,0.0,False,False
2020-06-12,Co-op,12.25,12.25,1938700.0,-117030.0,23749075.0,0.0,False,False
2020-06-15,Co-op,12.3,12.3,1311400.0,0.0,16130220.000000002,,False,False
2020-06-16,Co-op,12.75,12.75,278700.0,-128640.0,3553425.0,3.66,False,False
2020-06-17,Co-op,12.55,12.55,77800.0,-309760.0,976390.0,-1.57,False,False
2020-06-18,Co-op,12.5,12.5,95900.0,0.0,1198750.0,-0.4,False,False
2020-06-19,Co-op,12.5,12.5,52900.0,1250.0,661250.0,0.0,False,False
2020-06-22,Co-op,12.45,12.45,107500.0,-438750.0,1338375.0,,False,False
2020-06-23,Co-op,12.45,12.45,195700.0,-1029720.0,2436465.0,0.0,False,False
2020-06-24,Co-op,12.65,12.65,1441900.0,-4148795.0,18240035.0,1.61,False,False
2020-06-25,Co-op,12.5,12.5,122700.0,635.0,1533750.0,-1.19,False,False
2020-06-26,Co-op,12.35,12.35,113000.0,625.0,1395550.0,-1.2,False,False
2020-06-29,Co-op,12.15,12.15,143400.0,-1100.0,1742310.0,,False,False
2020-06-30,Co-op,12.15,12.15,158900.0,0.0,1930635.0,0.0,False,False
2020-07-01,Co-op,12.0,12.0,1477200.0,3037.5,17726400.0,-1.23,False,False
2020-07-02,Co-op,12.2,12.2,651200.0,-3686520.0,7944640.0,1.67,False,False
2020-07-03,Co-op,12.3,12.3,133200.0,0.0,1638360.0,0.82,False,False
2020-07-06,Co-op,12.4,12.4,51200.0,0.0,634880.0,,False,False
2020-07-07,Co-op,12.05,12.05,93500.0,-61395.0,1126675.0,-2.82,False,False
2020-07-08,Co-op,11.95,11.95,248000.0,451427.5,2963600.0,-0.83,False,False
2020-07-09,Co-op,11.85,11.85,495100.0,-267435.0,5866935.0,-0.84,False,False
2020-07-10,Co-op,11.75,11.75,126000.0,-57890.0,1480500.0,-0.84,False,False
2020-07-13,Co-op,11.9,11.9,134000.0,-77407.5,1594600.0,,False,False
2020-07-14,Co-op,11.9,11.9,57800.0,-33285.0,687820.0,0.0,False,False
2020-07-15,Co-op,12.0,12.0,103700.0,-214725.0,1244400.0,0.84,False,False
2020-07-16,Co-op,11.85,11.85,297200.0,-868655.0,3521820.0,-1.25,False,False
2020-07-17,Co-op,11.8,11.8,74700.0,-256367.5,881460.0,-0.42,False,False
2020-07-20,Co-op,11.65,11.65,13600.0,-49710.0,158440.0,,False,False
2020-07-21,Co-op,11.75,11.75,315300.0,-881377.5,3704775.0,0.86,False,False
2020-07-22,Co-op,11.45,11.45,107600.0,-356870.0,1232020.0,-2.55,False,False
2020-07-23,Co-op,11.15,11.15,428300.0,-1706895.0,4775545.0,-2.62,False,False
2020-07-24,Co-op,10.8,10.8,233800.0,-1203175.0,2525040.0,-3.14,False,False
2020-07-27,Co-op,10.8,10.8,2626300.0,-1402032.5,28364040.000000004,,False,False
2020-07-28,Co-op,10.7,10.7,631800.0,10280.0,6760260.0,-0.93,False,False
2020-07-29,Co-op,10.5,10.5,461300.0,533590.0,4843650.0,-1.87,False,False
2020-07-30,Co-op,10.55,10.55,364800.0,2637.5,3848640.0000000005,0.48,False,False
2020-08-03,Co-op,10.5,10.5,423500.0,0.0,4446750.0,,False,False
2020-08-04,Co-op,10.3,10.3,153800.0,0.0,1584140.0,-1.9,False,False
2020-08-05,Co-op,10.45,10.45,1226700.0,-22102.5,12819015.0,1.46,False,False
2020-08-06,Co-op,10.3,10.3,488400.0,0.0,5030520.0,-1.44,False,False
2020-08-07,Co-op,10.35,10.35,943200.0,2587.5,9762120.0,0.49,False,False
2020-08-10,Co-op,10.45,10.45,326700.0,18037.5,3414015.0,,False,False
2020-08-11,Co-op,10.65,10.65,407200.0,0.0,4336680.0,1.91,False,False
2020-08-12,Co-op,10.6,10.6,133700.0,0.0,1417220.0,-0.47,False,False
2020-08-13,Co-op,10.85,10.85,471300.0,0.0,5113605.0,2.36,False,False
2020-08-14,Co-op,10.5,10.5,90500.0,-145750.0,950250.0,-3.23,False,False
2020-08-17,Co-op,10.5,10.5,4477200.0,-4811937.5,47010600.0,,False,False
2020-08-18,Co-op,10.55,10.55,2813900.0,-2550450.0,29686645.000000004,0.48,False,False
2020-08-19,Co-op,10.5,10.5,656000.0,-633307.5,6888000.0,-0.47,False,False
2020-08-20,Co-op,10.5,10.5,1022600.0,-2626275.0,10737300.0,0.0,False,False
2020-08-21,Co-op,10.65,10.65,2223500.0,-3150025.0,23680275.0,1.43,False,False
2020-08-24,Co-op,10.9,10.9,808500.0,-3756800.0,8812650.0,,False,False
2020-08-25,Co-op,11.25,11.25,2002400.0,-7436847.5,22527000.0,3.21,False,False
2020-08-26,Co-op,11.5,11.5,763600.0,-3939010.0,8781400.0,2.22,False,False
2020-08-27,Co-op,11.5,11.5,1224400.0,-3636330.0,14080600.0,0.0,False,False
2020-08-28,Co-op,11.9,11.9,1165900.0,-4181975.0,13874210.0,3.48,False,False
2020-08-31,Co-op,11.85,11.85,1527900.0,-8088145.0,18105615.0,,False,False
2020-09-01,Co-op,11.9,11.9,1789700.0,-8940097.5,21297430.0,0.42,False,False
2020-09-02,Co-op,11.9,11.9,1307600.0,-3335977.5,15560440.0,0.0,False,False
2020-09-03,Co-op,11.6,11.6,1855500.0,-8217560.0,21523800.0,-2.52,False,False
2020-09-04,Co-op,11.6,11.6,293400.0,-160735.0,3403440.0,0.0,False,False
2020-09-07,Co-op,11.5,11.5,172000.0,-87140.0,1978000.0,,False,False
2020-09-08,Co-op,11.65,11.65,91800.0,-51715.0,1069470.0,1.3,False,False
2020-09-09,Co-op,11.45,11.45,55400.0,-29125.0,634330.0,-1.72,False,False
2020-09-10,Co-op,11.5,11.5,379800.0,-211292.5,4367700.0,0.44,False,False
2020-09-11,Co-op,11.65,11.65,109600.0,-63942.5,1276840.0,1.3,False,False
2020-09-14,Co-op,11.7,11.7,942600.0,-645432.5,11028420.0,,False,False
2020-09-15,Co-op,11.8,11.8,356500.0,-1732450.0,4206700.0,0.85,False,False
2020-09-16,Co-op,11.95,11.95,107000.0,0.0,1278650.0,1.27,False,False
2020-09-17,Co-op,12.0,12.0,109400.0,0.0,1312800.0,0.42,False,False
2020-09-18,Co-op,11.9,11.9,139200.0,-358220.0,1656480.0,-0.83,False,False
2020-09-21,Co-op,11.95,11.95,1992400.0,-5877070.0,23809180.0,,False,False
2020-09-22,Co-op,11.95,11.95,63000.0,-46465.0,752850.0,0.0,False,False
2020-09-23,Co-op,11.9,11.9,664100.0,-3617102.5,7902790.0,-0.42,False,False
2020-09-24,Co-op,11.9,11.9,922700.0,-1020580.0,10980130.0,0.0,False,False
2020-09-25,Co-op,11.9,11.9,157900.0,-606305.0,1879010.0,0.0,False,False
2020-09-28,Co-op,11.85,11.85,2140600.0,-3457755.0,25366110.0,,False,False
2020-09-29,Co-op,11.85,11.85,380400.0,-1604690.0,4507740.0,0.0,False,False
2020-09-30,Co-op,11.8,11.8,178400.0,-698027.5,2105120.0,-0.42,False,False
2020-10-01,Co-op,11.7,11.7,58700.0,-219057.5,686790.0,-0.85,False,False
2020-10-02,Co-op,11.7,11.7,222700.0,-947365.0,2605590.0,0.0,False,False
2020-10-05,Co-op,11.6,11.6,53600.0,-165.0,621760.0,,False,False
2020-10-06,Co-op,11.55,11.55,196800.0,-168480.0,2273040.0,-0.43,False,False
2020-10-07,Co-op,11.5,11.5,680700.0,-3429932.5,7828050.0,-0.43,False,False
2020-10-08,Co-op,11.5,11.5,659000.0,-323500.0,7578500.0,0.0,False,False
2020-10-09,Co-op,11.85,11.85,44400.0,0.0,526140.0,3.04,False,False
2020-10-12,Co-op,11.9,11.9,134600.0,0.0,1601740.0,,False,False
2020-10-13,Co-op,11.75,11.75,206600.0,0.0,2427550.0,-1.26,False,False
2020-10-14,Co-op,11.9,11.9,188800.0,-452232.5,2246720.0,1.28,False,False
2020-10-15,Co-op,11.8,11.8,44600.0,0.0,526280.0,-0.84,False,False
2020-10-16,Co-op,11.85,11.85,100100.0,0.0,1186185.0,0.42,False,False
2020-10-19,Co-op,11.45,11.45,113900.0,-118015.0,1304155.0,,False,False
2020-10-21,Co-op,11.45,11.45,65600.0,-98470.0,751120.0,,False,False
2020-10-22,Co-op,11.4,11.4,231400.0,-1140747.5,2637960.0,-0.44,False,False
2020-10-23,Co-op,11.45,11.45,133700.0,-632700.0,1530865.0,0.44,False,False
2020-10-26,Co-op,11.15,11.15,164300.0,-557345.0,1831945.0,,False,False
2020-10-27,Co-op,11.15,11.15,311800.0,-1301470.0,3476570.0,0.0,False,False
2020-10-28,Co-op,11.35,11.35,66800.0,-331540.0,758180.0,1.79,False,False
2020-10-29,Co-op,11.3,11.3,53500.0,0.0,604550.0,-0.44,False,False
2020-10-30,Co-op,11.5,11.5,21600.0,3972.5,248400.0,1.77,False,False
2020-11-02,Co-op,11.55,11.55,173700.0,0.0,2006235.0000000002,,False,False
2020-11-03,Co-op,11.7,11.7,129100.0,-513777.5,1510470.0,1.3,False,False
2020-11-04,Co-op,11.5,11.5,92400.0,-148125.0,1062600.0,-1.71,False,False
2020-11-05,Co-op,11.6,11.6,12900.0,570.0,149640.0,0.87,False,False
2020-11-06,Co-op,11.4,11.4,363300.0,-42750.0,4141620.0,-1.72,False,False
2020-11-09,Co-op,11.35,11.35,57900.0,-139150.0,657165.0,,False,False
2020-11-10,Co-op,11.4,11.4,1569700.0,-8327097.5,17894580.0,0.44,False,False
2020-11-11,Co-op,11.4,11.4,82100.0,-156750.0,935940.0,0.0,False,False
2020-11-12,Co-op,11.4,11.4,421200.0,-1852372.5,4801680.0,0.0,False,False
2020-11-13,Co-op,11.5,11.5,2288700.0,-3369145.0,26320050.0,0.88,False,False
2020-11-16,Co-op,11.5,11.5,62300.0,-276575.0,716450.0,,False,False
2020-11-17,Co-op,11.45,11.45,586500.0,-2764025.0,6715425.0,-0.43,False,False
2020-11-18,Co-op,11.65,11.65,289800.0,-1124700.0,3376170.0,1.75,False,False
2020-11-19,Co-op,11.65,11.65,189700.0,-694727.5,2210005.0,0.0,False,False
2020-11-20,Co-op,11.5,11.5,219500.0,444015.0,2524250.0,-1.29,False,False
2020-11-23,Co-op,11.5,11.5,54700.0,0.0,629050.0,,False,False
2020-11-24,Co-op,11.65,11.65,76000.0,0.0,885400.0,1.3,False,False
2020-11-25,Co-op,11.5,11.5,76500.0,2862.5,879750.0,-1.29,False,False
2020-11-26,Co-op,11.6,11.6,218700.0,-800975.0,2536920.0,0.87,False,False
2020-11-27,Co-op,11.55,11.55,55800.0,2925.0,644490.0,-0.43,False,False
2020-11-30,Co-op,11.55,11.55,55800.0,0.0,644490.0,,False,False
2020-12-01,Co-op,11.6,11.6,70000.0,0.0,812000.0,0.43,False,False
2020-12-02,Co-op,11.65,11.65,56300.0,0.0,655895.0,0.43,False,False
2020-12-03,Co-op,11.6,11.6,222900.0,0.0,2585640.0,-0.43,False,False
2020-12-04,Co-op,11.65,11.65,63900.0,0.0,744435.0,0.43,False,False
2020-12-07,Co-op,11.65,11.65,58200.0,0.0,678030.0,,False,False
2020-12-08,Co-op,11.55,11.55,2183100.0,-11958725.0,25214805.0,-0.86,False,False
2020-12-09,Co-op,11.6,11.6,47100.0,0.0,546360.0,0.43,False,False
2020-12-10,Co-op,11.7,11.7,66700.0,159020.0,780390.0,0.86,False,False
2020-12-11,Co-op,11.8,11.8,122900.0,555995.0,1450220.0,0.85,False,False
2020-12-14,Co-op,11.7,11.7,126800.0,0.0,1483560.0,,False,False
2020-12-15,Co-op,11.75,11.75,4974800.0,-5481487.5,58453900.0,0.43,False,False
2020-12-16,Co-op,11.7,11.7,23700.0,0.0,277290.0,-0.43,False,False
2020-12-17,Co-op,11.7,11.7,1789500.0,-4709510.0,20937150.0,0.0,False,False
2020-12-18,Co-op,11.75,11.75,81900.0,5297.5,962325.0,0.43,False,False
2020-12-21,Co-op,11.8,11.8,76300.0,0.0,900340.0,,False,False
2020-12-22,Co-op,11.85,11.85,63000.0,0.0,746550.0,0.42,False,False
2020-12-23,Co-op,11.9,11.9,120300.0,0.0,1431570.0,0.42,False,False
2020-12-24,Co-op,11.9,11.9,132600.0,0.0,1577940.0,0.0,False,False
2020-12-28,Co-op,12.0,12.0,2087800.0,0.0,25053600.0,,False,False
2020-12-29,Co-op,12.1,12.1,242500.0,600.0,2934250.0,0.83,False,False
2020-12-30,Co-op,12.5,12.5,99400.0,0.0,1242500.0,3.31,False,False
2021-01-04,Co-op,12.55,12.55,248100.0,0.0,3113655.0,,False,False
2021-01-05,Co-op,12.5,12.5,425500.0,0.0,5318750.0,-0.4,False,False
2021-01-06,Co-op,12.6,12.6,117100.0,0.0,1475460.0,0.8,False,False
2021-01-07,Co-op,12.85,12.85,59900.0,0.0,769715.0,1.98,False,False
2021-01-08,Co-op,13.0,13.0,134600.0,0.0,1749800.0,1.17,False,False
2021-01-11,Co-op,13.1,13.1,140700.0,0.0,1843170.0,,False,False
2021-01-12,Co-op,13.15,13.15,930300.0,-1818580.0,12233445.0,0.38,False,False
2021-01-13,Co-op,13.05,13.05,335700.0,-1606520.0,4380885.0,-0.76,False,False
2021-01-14,Co-op,12.95,12.95,200600.0,-2080.0,2597770.0,-0.77,False,False
2021-01-15,Co-op,12.9,12.9,183300.0,0.0,2364570.0,-0.39,False,False
2021-01-18,Co-op,13.0,13.0,115800.0,-1011400.0,1505400.0,,False,False
2021-01-19,Co-op,12.95,12.95,638400.0,0.0,8267280.0,-0.38,False,False
2021-01-20,Co-op,12.85,12.85,41600.0,0.0,534560.0,-0.77,False,False
2021-01-21,Co-op,12.85,12.85,106300.0,0.0,1365955.0,0.0,False,False
2021-01-22,Co-op,12.6,12.6,78300.0,0.0,986580.0,-1.95,False,False
2021-01-25,Co-op,12.65,12.65,74600.0,0.0,943690.0,,False,False
2021-01-26,Co-op,12.7,12.7,59400.0,0.0,754380.0,0.4,False,False
2021-01-27,Co-op,12.65,12.65,63900.0,6325.0,808335.0,-0.39,False,False
2021-01-28,Co-op,12.6,12.6,35800.0,0.0,451080.0,-0.4,False,False
2021-01-29,Co-op,12.6,12.6,53500.0,0.0,674100.0,0.0,False,False
2021-02-01,Co-op,12.5,12.5,2772800.0,0.0,34660000.0,,False,False
2021-02-02,Co-op,12.55,12.55,43800.0,0.0,549690.0,0.4,False,False
2021-02-03,Co-op,12.0,12.0,193800.0,5950.0,2325600.0,-4.38,False,False
2021-02-04,Co-op,12.0,12.0,294200.0,177600.0,3530400.0,0.0,False,False
2021-02-05,Co-op,12.2,12.2,259100.0,1657680.0,3161020.0,1.67,False,False
2021-02-08,Co-op,12.5,12.5,18800.0,0.0,235000.0,,False,False
2021-02-09,Co-op,12.5,12.5,62600.0,0.0,782500.0,0.0,False,False
2021-02-10,Co-op,12.55,12.55,262700.0,-2240000.0,3296885.0,0.4,False,False
2021-02-11,Co-op,12.7,12.7,342100.0,0.0,4344670.0,1.2,False,False
2021-02-12,Co-op,12.7,12.7,132200.0,0.0,1678940.0,0.0,False,False
2021-02-15,Co-op,12.7,12.7,102400.0,0.0,1300480.0,,False,False
2021-02-16,Co-op,12.45,12.45,85000.0,0.0,1058250.0,-1.97,False,False
2021-02-17,Co-op,12.45,12.45,1173200.0,-140080.0,14606340.0,0.0,False,False
2021-02-18,Co-op,12.55,12.55,911800.0,0.0,11443090.0,0.8,False,False
2021-02-19,Co-op,12.8,12.8,220300.0,0.0,2819840.0,1.99,False,False
2021-02-22,Co-op,12.8,12.8,127400.0,0.0,1630720.0,,False,False
2021-02-23,Co-op,12.8,12.8,361700.0,0.0,4629760.0,0.0,False,False
2021-02-24,Co-op,13.0,13.0,155700.0,0.0,2024100.0,1.56,False,False
2021-02-25,Co-op,12.9,12.9,109000.0,0.0,1406100.0,-0.77,False,False
2021-02-26,Co-op,13.05,13.05,102800.0,0.0,1341540.0,1.16,False,False
2021-03-01,Co-op,13.0,13.0,239600.0,0.0,3114800.0,,False,False
2021-03-02,Co-op,13.05,13.05,11015600.0,-277585.0,143753580.0,0.38,False,False
2021-03-03,Co-op,13.05,13.05,318800.0,0.0,4160340.0,0.0,False,False
2021-03-04,Co-op,13.05,13.05,41700.0,0.0,544185.0,0.0,False,False
2021-03-05,Co-op,13.0,13.0,1237400.0,0.0,16086200.0,-0.38,False,False
2021-03-08,Co-op,12.85,12.85,40400.0,0.0,519140.0,,False,False
2021-03-09,Co-op,12.65,12.65,54800.0,0.0,693220.0,-1.56,False,False
2021-03-10,Co-op,12.85,12.85,95300.0,0.0,1224605.0,1.58,False,False
2021-03-11,Co-op,12.9,12.9,68000.0,0.0,877200.0,0.39,False,False
2021-03-12,Co-op,12.95,12.95,95600.0,0.0,1238020.0,0.39,False,False
2021-03-15,Co-op,12.85,12.85,55400.0,0.0,711890.0,,False,False
2021-03-16,Co-op,12.85,12.85,366500.0,-2889440.0,4709525.0,0.0,False,False
2021-03-17,Co-op,12.8,12.8,162700.0,-1298010.0,2082560.0,-0.39,False,False
2021-03-18,Co-op,13.25,13.25,715200.0,-985505.0,9476400.0,3.52,False,False
2021-03-19,Co-op,13.9,13.9,309100.0,0.0,4296490.0,4.91,False,False
2021-03-22,Co-op,13.85,13.85,232300.0,0.0,3217355.0,,False,False
2021-03-23,Co-op,13.7,13.7,1365500.0,-2431755.0,18707350.0,-1.08,False,False
2021-03-24,Co-op,13.7,13.7,651000.0,13550.0,8918700.0,0.0,False,False
2021-03-25,Co-op,13.55,13.55,795600.0,-1307360.0,10780380.0,-1.09,False,False
2021-03-26,Co-op,13.6,13.6,227800.0,-2385540.0,3098080.0,0.37,False,False
2021-03-29,Co-op,13.15,13.15,978800.0,-5607000.0,12871220.0,,False,False
2021-03-30,Co-op,13.5,13.5,1142500.0,-5887600.0,15423750.0,2.66,False,False
2021-03-31,Co-op,13.2,13.2,1746400.0,-3822135.0,23052480.0,-2.22,False,False
2021-04-01,Co-op,11.95,11.95,352200.0,-12420.0,4208790.0,-9.47,False,False
2021-04-06,Co-op,11.95,11.95,300900.0,-1305600.0,3595755.0,,False,False
2021-04-07,Co-op,11.85,11.85,251400.0,0.0,2979090.0,-0.84,False,False
2021-04-08,Co-op,11.9,11.9,72000.0,5950.0,856800.0,0.42,False,False
2021-04-09,Co-op,11.9,11.9,273600.0,23850.0,3255840.0,0.0,False,False
2021-04-12,Co-op,11.85,11.85,281600.0,0.0,3336960.0,,False,False
2021-04-13,Co-op,11.8,11.8,429200.0,-19420.0,5064560.0,-0.42,False,False
2021-04-14,Co-op,11.8,11.8,488100.0,1707585.0,5759580.0,0.0,False,False
2021-04-15,Co-op,11.6,11.6,225200.0,5850.0,2612320.0,-1.69,False,False
2021-04-16,Co-op,11.8,11.8,119600.0,0.0,1411280.0,1.72,False,False
2021-04-19,Co-op,11.65,11.65,89000.0,0.0,1036850.0,,False,False
2021-04-20,Co-op,11.65,11.65,189600.0,5775.0,2208840.0,0.0,False,False
2021-04-21,Co-op,11.65,11.65,273400.0,6975.0,3185110.0,0.0,False,False
2021-04-22,Co-op,11.7,11.7,120800.0,0.0,1413360.0,0.43,False,False
2021-04-23,Co-op,11.9,11.9,528400.0,2868350.0,6287960.0,1.71,False,False
2021-04-26,Co-op,11.9,11.9,1496800.0,9187960.0,17811920.0,,False,False
2021-04-27,Co-op,11.9,11.9,920300.0,-142915.0,10951570.0,0.0,False,False
2021-04-28,Co-op,12.0,12.0,797600.0,-2139000.0,9571200.0,0.84,False,False
2021-04-29,Co-op,12.0,12.0,236500.0,0.0,2838000.0,0.0,False,False
2021-04-30,Co-op,12.2,12.2,72900.0,-284920.0,889380.0,1.67,False,False
2021-05-03,Co-op,12.45,12.45,59100.0,900.0,735795.0,,False,False
2021-05-04,Co-op,12.45,12.45,129900.0,0.0,1617255.0,0.0,False,False
2021-05-05,Co-op,12.65,12.65,114500.0,0.0,1448425.0,1.61,False,False
2021-05-06,Co-op,12.65,12.65,536900.0,-2721015.0,6791785.0,0.0,False,False
2021-05-07,Co-op,12.6,12.6,3198700.0,620000.0,40303620.0,-0.4,False,False
2021-05-10,Co-op,12.55,12.55,810500.0,3286385.0,10171775.0,,False,False
2021-05-11,Co-op,12.5,12.5,519800.0,850450.0,6497500.0,-0.4,False,False
2021-05-12,Co-op,12.3,12.3,559000.0,247230.0,6875700.0,-1.6,False,False
2021-05-13,Co-op,12.45,12.45,38300.0,0.0,476835.0,1.22,False,False
2021-05-17,Co-op,12.45,12.45,94700.0,0.0,1179015.0,,False,False
2021-05-18,Co-op,12.3,12.3,244100.0,-17220.0,3002430.0,-1.2,False,False
2021-05-19,Co-op,11.95,11.95,2207700.0,0.0,26382015.0,-2.85,False,False
2021-05-20,Co-op,12.05,12.05,91500.0,-25.0,1102575.0,0.84,False,False
2021-05-21,Co-op,12.25,12.25,115000.0,-564225.0,1408750.0,1.66,False,False
2021-05-24,Co-op,12.3,12.3,87700.0,-395485.0,1078710.0,,False,False
2021-05-25,Co-op,12.2,12.2,158900.0,0.0,1938580.0,-0.81,False,False
2021-05-26,Co-op,12.25,12.25,140300.0,-778590.0,1718675.0,0.41,False,False
2021-05-27,Co-op,12.15,12.15,1180100.0,-1170960.0,14338215.0,-0.82,False,False
2021-05-28,Co-op,12.15,12.15,2372400.0,-5503950.0,28824660.0,0.0,False,False
2021-05-31,Co-op,12.15,12.15,1787700.0,0.0,21720555.0,,False,False
2021-06-02,Co-op,12.2,12.2,1422800.0,-13467260.0,17358160.0,,False,False
2021-06-03,Co-op,12.25,12.25,92700.0,-504000.0,1135575.0,0.41,False,False
2021-06-04,Co-op,12.25,12.25,1690500.0,-566445.0,20708625.0,0.0,False,False
2021-06-07,Co-op,12.15,12.15,1302500.0,-8508610.0,15825375.0,,False,False
2021-06-08,Co-op,12.3,12.3,932200.0,-8486840.0,11466060.0,1.23,False,False
2021-06-09,Co-op,12.25,12.25,188900.0,218390.0,2314025.0,-0.41,False,False
2021-06-10,Co-op,12.3,12.3,220500.0,1229695.0,2712150.0,0.41,False,False
2021-06-11,Co-op,12.3,12.3,343500.0,-2953440.0,4225050.0,0.0,False,False
2021-06-14,Co-op,12.15,12.15,101300.0,0.0,1230795.0,,False,False
2021-06-15,Co-op,12.3,12.3,2393100.0,-3280400.0,29435130.0,1.23,False,False
2021-06-16,Co-op,12.3,12.3,1219400.0,0.0,14998620.0,0.0,False,False
2021-06-17,Co-op,12.25,12.25,89600.0,0.0,1097600.0,-0.41,False,False
2021-06-18,Co-op,12.25,12.25,99600.0,-659280.0,1220100.0,0.0,False,False
2021-06-21,Co-op,12.1,12.1,289900.0,-835070.0,3507790.0,,False,False
2021-06-22,Co-op,12.3,12.3,5465100.0,-7365000.0,67220730.0,1.65,False,False
2021-06-23,Co-op,12.4,12.4,827300.0,-4269530.0,10258520.0,0.81,False,False
2021-06-24,Co-op,12.7,12.7,159700.0,0.0,2028190.0,2.42,False,False
2021-06-25,Co-op,13.0,13.0,450300.0,0.0,5853900.0,2.36,False,False
2021-06-28,Co-op,13.15,13.15,193800.0,0.0,2548470.0,,False,False
2021-06-29,Co-op,13.4,13.4,824600.0,0.0,11049640.0,1.9,False,False
2021-06-30,Co-op,13.8,13.8,1746400.0,1940940.0,24100320.0,2.99,False,False
2021-07-01,Co-op,13.85,13.85,6131100.0,-165.0,84915735.0,0.36,False,False
2021-07-02,Co-op,13.4,13.4,54000.0,0.0,723600.0,-3.25,False,False
2021-07-05,Co-op,13.5,13.5,382500.0,947630.0,5163750.0,,False,False
2021-07-06,Co-op,13.5,13.5,262300.0,2337560.0,3541050.0,0.0,False,False
2021-07-07,Co-op,13.55,13.55,230800.0,704700.0,3127340.0,0.37,False,False
2021-07-08,Co-op,13.6,13.6,323300.0,626400.0,4396880.0,0.37,False,False
2021-07-09,Co-op,13.5,13.5,416500.0,-313695.0,5622750.0,-0.74,False,False
2021-07-12,Co-op,13.55,13.55,69800.0,0.0,945790.0,,False,False
2021-07-13,Co-op,13.7,13.7,53200.0,68500.0,728840.0,1.11,False,False
2021-07-14,Co-op,13.6,13.6,349400.0,0.0,4751840.0,-0.73,False,False
2021-07-15,Co-op,13.55,13.55,62000.0,0.0,840100.0,-0.37,False,False
2021-07-16,Co-op,13.5,13.5,598500.0,415800.0,8079750.0,-0.37,False,False
2021-07-19,Co-op,13.45,13.45,731900.0,0.0,9844055.0,,False,False
2021-07-21,Co-op,13.2,13.2,121100.0,0.0,1598520.0,,False,False
2021-07-22,Co-op,13.45,13.45,44300.0,0.0,595835.0,1.89,False,False
2021-07-23,Co-op,13.1,13.1,122700.0,0.0,1607370.0,-2.6,False,False
2021-07-26,Co-op,13.15,13.15,93300.0,0.0,1226895.0,,False,False
2021-07-27,Co-op,13.45,13.45,537900.0,-5707800.0,7234755.0,2.28,False,False
2021-07-28,Co-op,13.5,13.5,468600.0,-20180.0,6326100.0,0.37,False,False
2021-07-29,Co-op,13.55,13.55,1907600.0,0.0,25847980.0,0.37,False,False
2021-07-30,Co-op,13.55,13.55,74900.0,0.0,1014895.0,0.0,False,False
2021-08-02,Co-op,13.5,13.5,73000.0,10800.0,985500.0,,False,False
2021-08-03,Co-op,13.55,13.55,306000.0,15840.0,4146300.0,0.37,False,False
2021-08-04,Co-op,13.45,13.45,83500.0,585105.0,1123075.0,-0.74,False,False
2021-08-05,Co-op,13.55,13.55,129000.0,0.0,1747950.0,0.74,False,False
2021-08-06,Co-op,13.65,13.65,619900.0,697250.0,8461635.0,0.74,False,False
2021-08-09,Co-op,13.65,13.65,63400.0,0.0,865410.0,,False,False
2021-08-10,Co-op,13.8,13.8,7795300.0,11197430.0,107575140.0,1.1,False,False
2021-08-11,Co-op,13.75,13.75,127300.0,-549110.0,1750375.0,-0.36,False,False
2021-08-12,Co-op,13.7,13.7,61500.0,-127875.0,842550.0,-0.36,False,False
2021-08-13,Co-op,13.8,13.8,5360600.0,4097755.0,73976280.0,0.73,False,False
2021-08-16,Co-op,13.8,13.8,165100.0,-484380.0,2278380.0,,False,False
2021-08-17,Co-op,13.7,13.7,1002000.0,27100.0,13727400.0,-0.72,False,False
2021-08-18,Co-op,13.75,13.75,661200.0,0.0,9091500.0,0.36,False,False
2021-08-19,Co-op,13.7,13.7,158700.0,0.0,2174190.0,-0.36,False,False
2021-08-20,Co-op,13.7,13.7,152000.0,0.0,2082400.0,0.0,False,False
2021-08-23,Co-op,13.7,13.7,3787200.0,0.0,51884640.0,,False,False
2021-08-24,Co-op,13.8,13.8,183000.0,1386245.0,2525400.0,0.73,False,False
2021-08-25,Co-op,13.95,13.95,183000.0,1400000.0,2552850.0,1.09,False,False
2021-08-26,Co-op,13.85,13.85,89300.0,0.0,1236805.0,-0.72,False,False
2021-08-27,Co-op,13.8,13.8,269200.0,13800.0,3714960.0,-0.36,False,False
2021-08-30,Co-op,13.75,13.75,144100.0,0.0,1981375.0,,False,False
2021-08-31,Co-op,13.65,13.65,434900.0,231990.0,5936385.0,-0.73,False,False
2021-09-01,Co-op,13.55,13.55,1208700.0,0.0,16377885.0,-0.73,False,False
2021-09-02,Co-op,13.45,13.45,102000.0,6750.0,1371900.0,-0.74,False,False
2021-09-03,Co-op,13.4,13.4,95700.0,0.0,1282380.0,-0.37,False,False
2021-09-06,Co-op,13.55,13.55,190700.0,0.0,2583985.0,,False,False
2021-09-07,Co-op,13.45,13.45,96200.0,0.0,1293890.0,-0.74,False,False
2021-09-08,Co-op,13.45,13.45,109900.0,0.0,1478155.0,0.0,False,False
2021-09-09,Co-op,13.35,13.35,153600.0,0.0,2050560.0,-0.74,False,False
2021-09-10,Co-op,13.4,13.4,191900.0,0.0,2571460.0,0.37,False,False
2021-09-13,Co-op,13.4,13.4,93000.0,0.0,1246200.0,,False,False
2021-09-14,Co-op,13.35,13.35,521400.0,0.0,6960690.0,-0.37,False,False
2021-09-15,Co-op,13.05,13.05,2580900.0,0.0,33680745.0,-2.25,False,False
2021-09-16,Co-op,13.1,13.1,225700.0,0.0,2956670.0,0.38,False,False
2021-09-17,Co-op,13.5,13.5,1876700.0,0.0,25335450.0,3.05,False,False
2021-09-20,Co-op,13.25,13.25,140700.0,0.0,1864275.0,,False,False
2021-09-21,Co-op,13.3,13.3,85700.0,0.0,1139810.0,0.38,False,False
2021-09-22,Co-op,13.55,13.55,2816900.0,0.0,38168995.0,1.88,False,False
2021-09-23,Co-op,13.2,13.2,540500.0,19875.0,7134600.0,-2.58,False,False
2021-09-24,Co-op,13.2,13.2,42200.0,0.0,557040.0,0.0,False,False
2021-09-27,Co-op,13.25,13.25,71100.0,308370.0,942075.0,,False,False
2021-09-28,Co-op,13.1,13.1,116600.0,10545.0,1527460.0,-1.13,False,False
2021-09-29,Co-op,13.05,13.05,470300.0,0.0,6137415.0,-0.38,False,False
2021-09-30,Co-op,13.35,13.35,111900.0,0.0,1493865.0,2.3,False,False
2021-10-01,Co-op,13.4,13.4,48900.0,0.0,655260.0,0.37,False,False
2021-10-04,Co-op,13.45,13.45,46800.0,0.0,629460.0,,False,False
2021-10-05,Co-op,13.35,13.35,41100.0,13500.0,548685.0,-0.74,False,False
2021-10-06,Co-op,13.3,13.3,47600.0,0.0,633080.0,-0.37,False,False
2021-10-07,Co-op,13.2,13.2,25300.0,26400.0,333960.0,-0.75,False,False
2021-10-08,Co-op,13.15,13.15,179800.0,0.0,2364370.0,-0.38,False,False
2021-10-12,Co-op,13.1,13.1,55300.0,0.0,724430.0,,False,False
2021-10-13,Co-op,13.1,13.1,52500.0,0.0,687750.0,0.0,False,False
2021-10-14,Co-op,13.05,13.05,70200.0,0.0,916110.0,-0.38,False,False
2021-10-15,Co-op,13.0,13.0,1437200.0,328750.0,18683600.0,-0.38,False,False
2021-10-18,Co-op,12.85,12.85,2566700.0,0.0,32982095.0,,False,False
2021-10-19,Co-op,12.75,12.75,144200.0,1285.0,1838550.0,-0.78,False,False
2021-10-21,Co-op,12.7,12.7,112200.0,0.0,1424940.0,,False,False
2021-10-22,Co-op,12.75,12.75,113300.0,19050.0,1444575.0,0.39,False,False
2021-10-25,Co-op,12.6,12.6,155000.0,0.0,1953000.0,,False,False
2021-10-26,Co-op,12.55,12.55,180800.0,303790.0,2269040.0,-0.4,False,False
2021-10-27,Co-op,12.55,12.55,156100.0,12550.0,1959055.0,0.0,False,False
2021-10-28,Co-op,12.5,12.5,106000.0,62750.0,1325000.0,-0.4,False,False
2021-10-29,Co-op,12.5,12.5,177200.0,-1982055.0,2215000.0,0.0,False,False
2021-11-01,Co-op,12.65,12.65,55600.0,0.0,703340.0,,False,False
2021-11-02,Co-op,12.5,12.5,1237900.0,-14526525.0,15473750.0,-1.19,False,False
2021-11-03,Co-op,12.5,12.5,173800.0,-5050.0,2172500.0,0.0,False,False
2021-11-04,Co-op,12.5,12.5,2107100.0,-2133750.0,26338750.0,0.0,False,False
2021-11-05,Co-op,12.5,12.5,1073900.0,-625000.0,13423750.0,0.0,False,False
2021-11-08,Co-op,12.4,12.4,338400.0,-799985.0,4196160.0,,False,False
2021-11-09,Co-op,12.4,12.4,831000.0,-6184405.0,10304400.0,0.0,False,False
2021-11-10,Co-op,12.35,12.35,71500.0,0.0,883025.0,-0.4,False,False
2021-11-11,Co-op,12.45,12.45,356500.0,-1240.0,4438425.0,0.81,False,False
2021-11-12,Co-op,12.55,12.55,102300.0,0.0,1283865.0,0.8,False,False
2021-11-15,Co-op,12.5,12.5,179300.0,0.0,2241250.0,,False,False
2021-11-16,Co-op,12.5,12.5,53100.0,0.0,663750.0,0.0,False,False
2021-11-17,Co-op,12.45,12.45,45500.0,0.0,566475.0,-0.4,False,False
2021-11-18,Co-op,12.45,12.45,50100.0,0.0,623745.0,0.0,False,False
2021-11-19,Co-op,12.3,12.3,1560600.0,0.0,19195380.0,-1.2,False,False
2021-11-22,Co-op,12.45,12.45,871400.0,0.0,10848930.0,,False,False
2021-11-23,Co-op,12.35,12.35,108700.0,0.0,1342445.0,-0.8,False,False
2021-11-24,Co-op,12.3,12.3,1070000.0,0.0,13161000.0,-0.4,False,False
2021-11-25,Co-op,12.3,12.3,104000.0,-35000.0,1279200.0,0.0,False,False
2021-11-26,Co-op,12.35,12.35,448500.0,-157500.0,5538975.0,0.41,False,False
2021-11-29,Co-op,12.3,12.3,122900.0,-16250.0,1511670.0,,False,False
2021-11-30,Co-op,12.2,12.2,187400.0,0.0,2286280.0,-0.81,False,False
2021-12-01,Co-op,12.05,12.05,351600.0,0.0,4236780.0,-1.23,False,False
2021-12-02,Co-op,11.8,11.8,213300.0,0.0,2516940.0,-2.07,False,False
2021-12-03,Co-op,11.8,11.8,90600.0,5925.0,1069080.0,0.0,False,False
2021-12-06,Co-op,12.0,12.0,449000.0,23500.0,5388000.0,,False,False
2021-12-07,Co-op,11.8,11.8,349600.0,53000.0,4125280.0000000005,-1.67,False,False
2021-12-08,Co-op,11.95,11.95,41700.0,0.0,498314.99999999994,1.27,False,False
2021-12-09,Co-op,12.0,12.0,89600.0,1200.0,1075200.0,0.42,False,False
2021-12-10,Co-op,12.2,12.2,26700.0,2420.0,325740.0,1.67,False,False
2021-12-14,Co-op,12.3,12.3,120200.0,1250.0,1478460.0,,False,False
2021-12-15,Co-op,12.3,12.3,2162000.0,10209000.0,26592600.0,0.0,False,False
2021-12-16,Co-op,12.3,12.3,1306800.0,0.0,16073640.0,0.0,False,False
2021-12-17,Co-op,12.3,12.3,185800.0,1250.0,2285340.0,0.0,False,False
2021-12-20,Co-op,12.2,12.2,124900.0,0.0,1523780.0,,False,False
2021-12-21,Co-op,12.45,12.45,152600.0,0.0,1899870.0,2.05,False,False
2021-12-22,Co-op,12.5,12.5,188500.0,0.0,2356250.0,0.4,False,False
2021-12-23,Co-op,12.5,12.5,278900.0,-1524825.0,3486250.0,0.0,False,False
2021-12-24,Co-op,12.45,12.45,92500.0,0.0,1151625.0,-0.4,False,False
2021-12-28,Co-op,12.7,12.7,33800.0,0.0,429260.0,,False,False
2021-12-29,Co-op,12.9,12.9,143700.0,0.0,1853730.0,1.57,False,False
2021-12-30,Co-op,12.9,12.9,48800.0,83540.0,629520.0,0.0,False,False
2021-12-31,Co-op,12.95,12.95,58600.0,1295.0,758870.0,0.39,False,False
2022-01-03,Co-op,13.0,13.0,100000.0,2600.0,1300000.0,,False,False
2022-01-04,Co-op,12.95,12.95,53000.0,0.0,686350.0,-0.38,False,False
2022-01-05,Co-op,13.0,13.0,84600.0,0.0,1099800.0,0.39,False,False
2022-01-06,Co-op,13.0,13.0,88800.0,0.0,1154400.0,0.0,False,False
2022-01-07,Co-op,12.95,12.95,169800.0,0.0,2198910.0,-0.38,False,False
2022-01-10,Co-op,12.8,12.8,74600.0,0.0,954880.0,,False,False
2022-01-11,Co-op,12.8,12.8,217600.0,76000.0,2785280.0,0.0,False,False
2022-01-12,Co-op,12.75,12.75,75800.0,0.0,966450.0,-0.39,False,False
2022-01-13,Co-op,12.55,12.55,77100.0,0.0,967605.0,-1.57,False,False
2022-01-14,Co-op,12.95,12.95,47200.0,0.0,611240.0,3.19,False,False
2022-01-17,Co-op,12.95,12.95,343900.0,4233710.0,4453505.0,,False,False
2022-01-18,Co-op,13.0,13.0,318500.0,2246330.0,4140500.0,0.39,False,False
2022-01-19,Co-op,12.85,12.85,48700.0,3840.0,625795.0,-1.15,False,False
2022-01-20,Co-op,12.9,12.9,27200.0,0.0,350880.0,0.39,False,False
2022-01-21,Co-op,13.0,13.0,2695300.0,-162060.0,35038900.0,0.78,False,False
2022-01-24,Co-op,13.1,13.1,79700.0,0.0,1044070.0,,False,False
2022-01-25,Co-op,12.75,12.75,137700.0,26400.0,1755675.0,-2.67,False,False
2022-01-26,Co-op,13.1,13.1,86100.0,0.0,1127910.0,2.75,False,False
2022-01-27,Co-op,12.9,12.9,149100.0,0.0,1923390.0,-1.53,False,False
2022-01-28,Co-op,12.95,12.95,43800.0,0.0,567210.0,0.39,False,False
2022-01-31,Co-op,12.95,12.95,96500.0,0.0,1249675.0,,False,False
2022-02-01,Co-op,12.95,12.95,128700.0,0.0,1666665.0,0.0,False,False
2022-02-02,Co-op,13.0,13.0,483500.0,0.0,6285500.0,0.39,False,False
2022-02-03,Co-op,13.05,13.05,2768200.0,28160345.0,36125010.0,0.38,False,False
2022-02-04,Co-op,13.0,13.0,104200.0,0.0,1354600.0,-0.38,False,False
2022-02-07,Co-op,12.95,12.95,83600.0,25900.0,1082620.0,,False,False
2022-02-08,Co-op,13.0,13.0,1297600.0,12999050.0,16868800.0,0.39,False,False
2022-02-09,Co-op,12.9,12.9,672400.0,0.0,8673960.0,-0.77,False,False
2022-02-10,Co-op,12.85,12.85,135000.0,0.0,1734750.0,-0.39,False,False
2022-02-11,Co-op,12.95,12.95,1060300.0,0.0,13730885.0,0.78,False,False
2022-02-14,Co-op,13.0,13.0,95700.0,129000.0,1244100.0,,False,False
2022-02-15,Co-op,13.0,13.0,651000.0,0.0,8463000.0,0.0,False,False
2022-02-16,Co-op,13.05,13.05,853900.0,0.0,11143395.0,0.38,False,False
2022-02-17,Co-op,13.05,13.05,3254900.0,,42476445.0,0.0,False,False
2022-02-18,Co-op,13.15,13.15,37700.0,0.0,495755.0,0.77,False,False
2022-02-21,Co-op,13.15,13.15,103400.0,0.0,1359710.0,,False,False
2022-02-22,Co-op,13.15,13.15,84700.0,3945.0,1113805.0,0.0,False,False
2022-02-23,Co-op,13.15,13.15,152200.0,0.0,2001430.0,0.0,False,False
2022-02-24,Co-op,13.0,13.0,181600.0,1305.0,2360800.0,-1.14,False,False
2022-02-25,Co-op,12.85,12.85,99700.0,0.0,1281145.0,-1.15,False,False
2022-02-28,Co-op,12.9,12.9,185300.0,128500.0,2390370.0,,False,False
2022-03-01,Co-op,12.95,12.95,55000.0,0.0,712250.0,0.39,False,False
2022-03-02,Co-op,12.95,12.95,45400.0,1300.0,587930.0,0.0,False,False
2022-03-03,Co-op,13.0,13.0,80200.0,0.0,1042600.0,0.39,False,False
2022-03-04,Co-op,12.95,12.95,79400.0,0.0,1028230.0,-0.38,False,False
2022-03-07,Co-op,12.95,12.95,63300.0,0.0,819735.0,,False,False
2022-03-08,Co-op,12.9,12.9,171700.0,77400.0,2214930.0,-0.39,False,False
2022-03-09,Co-op,12.85,12.85,276600.0,0.0,3554310.0,-0.39,False,False
2022-03-10,Co-op,12.95,12.95,74500.0,0.0,964775.0,0.78,False,False
2022-03-11,Co-op,12.85,12.85,58600.0,0.0,753010.0,-0.77,False,False
2022-03-14,Co-op,12.9,12.9,1177600.0,0.0,15191040.0,,False,False
2022-03-15,Co-op,12.95,12.95,103700.0,0.0,1342915.0,0.39,False,False
2022-03-16,Co-op,12.95,12.95,39300.0,0.0,508935.0,0.0,False,False
2022-03-17,Co-op,13.05,13.05,89900.0,0.0,1173195.0,0.77,False,False
2022-03-18,Co-op,13.3,13.3,152400.0,0.0,2026920.0,1.92,False,False
2022-03-21,Co-op,13.2,13.2,201600.0,0.0,2661120.0,,False,False
2022-03-22,Co-op,13.1,13.1,112600.0,13200.0,1475060.0,-0.76,False,False
2022-03-23,Co-op,12.95,12.95,94500.0,0.0,1223775.0,-1.15,False,False
2022-03-24,Co-op,12.95,12.95,87800.0,0.0,1137010.0,0.0,False,False
2022-03-25,Co-op,12.9,12.9,195500.0,0.0,2521950.0,-0.39,False,False
2022-03-28,Co-op,12.85,12.85,235400.0,0.0,3024890.0,,False,False
2022-03-29,Co-op,12.9,12.9,72700.0,0.0,937830.0,0.39,False,False
2022-03-30,Co-op,12.85,12.85,159100.0,-133120.0,2044435.0,-0.39,False,False
2022-03-31,Co-op,12.85,12.85,97300.0,0.0,1250305.0,0.0,False,False
2022-04-01,Co-op,12.6,12.6,390900.0,0.0,4925340.0,-1.95,False,False
2022-04-04,Co-op,12.75,12.75,54800.0,-397240.0,698700.0,,False,False
2022-04-05,Co-op,12.8,12.8,158000.0,6250.0,2022400.0,0.39,False,False
2022-04-06,Co-op,12.8,12.8,76900.0,0.0,984320.0,0.0,False,False
2022-04-07,Co-op,12.75,12.75,30800.0,0.0,392700.0,-0.39,False,False
2022-04-08,Co-op,12.7,12.7,56000.0,1270.0,711200.0,-0.39,False,False
2022-04-11,Co-op,12.55,12.55,74000.0,0.0,928700.0,,False,False
2022-04-12,Co-op,12.85,12.85,55600.0,0.0,714460.0,2.39,False,False
2022-04-13,Co-op,12.85,12.85,42500.0,0.0,546125.0,0.0,False,False
2022-04-14,Co-op,12.85,12.85,76300.0,0.0,980455.0,0.0,False,False
2022-04-19,Co-op,12.8,12.8,41000.0,0.0,524800.0,,False,False
2022-04-20,Co-op,12.85,12.85,47800.0,13000.0,614230.0,0.39,False,False
2022-04-21,Co-op,12.8,12.8,52600.0,-24510.0,673280.0,-0.39,False,False
2022-04-22,Co-op,12.65,12.65,82100.0,-3870.0,1038565.0,-1.17,False,False
2022-04-25,Co-op,12.65,12.65,123000.0,-186830.0,1555950.0,,False,False
2022-04-26,Co-op,12.65,12.65,103500.0,-88900.0,1309275.0,0.0,False,False
2022-04-27,Co-op,12.6,12.6,161700.0,0.0,2037420.0,-0.4,False,False
2022-04-28,Co-op,12.7,12.7,200500.0,0.0,2546350.0,0.79,False,False
2022-05-04,Co-op,12.55,12.55,184200.0,-419170.0,2311710.0,,False,False
2022-05-05,Co-op,12.5,12.5,203600.0,-705000.0,2545000.0,-0.4,False,False
2022-05-06,Co-op,12.35,12.35,120600.0,-393775.0,1489410.0,-1.2,False,False
2022-05-09,Co-op,12.5,12.5,408100.0,-4773750.0,5101250.0,,False,False
2022-05-10,Co-op,12.5,12.5,180700.0,-1975000.0,2258750.0,0.0,False,False
2022-05-11,Co-op,12.4,12.4,135000.0,-94280.0,1674000.0,-0.8,False,False
2022-05-12,Co-op,12.25,12.25,262700.0,-1409970.0,3218075.0,-1.21,False,False
2022-05-13,Co-op,12.25,12.25,67000.0,-574305.0,820750.0,0.0,False,False
2022-05-16,Co-op,12.15,12.15,221700.0,-863665.0,2693655.0,,False,False
2022-05-17,Co-op,12.25,12.25,161400.0,-1276625.0,1977150.0,0.82,False,False
2022-05-18,Co-op,12.0,12.0,356900.0,-3080490.0,4282800.0,-2.04,False,False
2022-05-19,Co-op,11.95,11.95,268300.0,-2077275.0,3206185.0,-0.42,False,False
2022-05-20,Co-op,11.6,11.6,148500.0,-733880.0,1722600.0,-2.93,False,False
2022-05-23,Co-op,11.6,11.6,195300.0,-1800380.0,2265480.0,,False,False
2022-05-24,Co-op,11.55,11.55,270800.0,-2067365.0,3127740.0,-0.43,False,False
2022-05-25,Co-op,11.5,11.5,620000.0,-5298315.0,7130000.0,-0.43,False,False
2022-05-26,Co-op,11.45,11.45,1797000.0,-4276085.0,20575650.0,-0.43,False,False
2022-05-27,Co-op,11.95,11.95,435500.0,-4780000.0,5204225.0,4.37,False,False
2022-05-30,Co-op,12.05,12.05,1034800.0,-9241440.0,12469340.0,,False,False
2022-05-31,Co-op,11.3,11.3,543700.0,-854960.0,6143810.0,-6.22,False,False
2022-06-02,Co-op,10.8,10.8,176500.0,-2750.0,1906200.0000000002,,False,False
2022-06-03,Co-op,10.95,10.95,168600.0,-892100.0,1846169.9999999998,1.39,False,False
2022-06-06,Co-op,11.1,11.1,121100.0,-94935.0,1344210.0,,False,False
2022-06-07,Co-op,11.1,11.1,149700.0,-160900.0,1661670.0,0.0,False,False
2022-06-08,Co-op,10.95,10.95,239900.0,-411350.0,2626905.0,-1.35,False,False
2022-06-09,Co-op,10.8,10.8,215700.0,-121150.0,2329560.0,-1.37,False,False
2022-06-10,Co-op,10.9,10.9,341700.0,-46065.0,3724530.0,0.93,False,False
2022-06-13,Co-op,10.9,10.9,31700.0,0.0,345530.0,,False,False
2022-06-14,Co-op,10.85,10.85,152200.0,10800.0,1651370.0,-0.46,False,False
2022-06-15,Co-op,10.8,10.8,128700.0,0.0,1389960.0,-0.46,False,False
2022-06-16,Co-op,10.9,10.9,90100.0,-90200.0,982090.0,0.93,False,False
2022-06-17,Co-op,11.0,11.0,465800.0,-99000.0,5123800.0,0.92,False,False
2022-06-20,Co-op,10.9,10.9,73400.0,0.0,800060.0,,False,False
2022-06-21,Co-op,10.75,10.75,151300.0,32100.0,1626475.0,-1.38,False,False
2022-06-22,Co-op,10.7,10.7,89800.0,1075.0,960859.9999999999,-0.47,False,False
2022-06-23,Co-op,10.75,10.75,131300.0,0.0,1411475.0,0.47,False,False
2022-06-24,Co-op,10.85,10.85,189000.0,23970.0,2050650.0,0.93,False,False
2022-06-27,Co-op,10.8,10.8,300900.0,-269300.0,3249720.0,,False,False
2022-06-28,Co-op,10.95,10.95,737000.0,-753675.0,8070149.999999999,1.39,False,False
2022-06-29,Co-op,10.8,10.8,273700.0,-330145.0,2955960.0,-1.37,False,False
2022-06-30,Co-op,10.9,10.9,76200.0,-87750.0,830580.0,0.93,False,False
2022-07-01,Co-op,11.0,11.0,322500.0,-331725.0,3547500.0,0.92,False,False
2022-07-04,Co-op,11.0,11.0,486900.0,-532830.0,5355900.0,,False,False
2022-07-05,Co-op,11.2,11.2,139400.0,-519030.0,1561280.0,1.82,False,False
2022-07-06,Co-op,11.3,11.3,150000.0,-460480.0,1695000.0,0.89,False,False
2022-07-07,Co-op,11.4,11.4,312400.0,-583675.0,3561360.0,0.88,False,False
2022-07-08,Co-op,11.5,11.5,432100.0,-3535100.0,4969150.0,0.88,False,False
2022-07-12,Co-op,11.15,11.15,659500.0,-1131625.0,7353425.0,,False,False
2022-07-13,Co-op,11.1,11.1,385200.0,-424785.0,4275720.0,-0.45,False,False
2022-07-14,Co-op,11.0,11.0,1259100.0,-1267400.0,13850100.0,-0.9,False,False
2022-07-15,Co-op,11.05,11.05,90400.0,-104075.0,998920.0000000001,0.45,False,False
2022-07-18,Co-op,11.45,11.45,135200.0,-555075.0,1548040.0,,False,False
2022-07-19,Co-op,11.4,11.4,132900.0,-482860.0,1515060.0,-0.44,False,False
2022-07-20,Co-op,11.25,11.25,85500.0,-77850.0,961875.0,-1.32,False,False
2022-07-21,Co-op,11.15,11.15,168900.0,-177160.0,1883235.0,-0.89,False,False
2022-07-22,Co-op,11.25,11.25,27600.0,-103125.0,310500.0,0.9,False,False
2022-07-25,Co-op,11.35,11.35,61700.0,-149750.0,700295.0,,False,False
2022-07-26,Co-op,11.0,11.0,747900.0,-158650.0,8226900.0,-3.08,False,False
2022-07-27,Co-op,11.5,11.5,1623500.0,-5874190.0,18670250.0,4.55,False,False
2022-07-28,Co-op,11.5,11.5,540100.0,0.0,6211150.0,0.0,False,False
2022-07-29,Co-op,11.9,11.9,62100.0,0.0,738990.0,3.48,False,False
2022-08-01,Co-op,11.65,11.65,147200.0,0.0,1714880.0,,False,False
2022-08-02,Co-op,11.55,11.55,264500.0,-22240.0,3054975.0,-0.86,False,False
2022-08-03,Co-op,11.6,11.6,113300.0,-451585.0,1314280.0,0.43,False,False
2022-08-04,Co-op,11.55,11.55,504100.0,0.0,5822355.0,-0.43,False,False
2022-08-05,Co-op,11.9,11.9,56800.0,0.0,675920.0,3.03,False,False
2022-08-08,Co-op,12.35,12.35,120900.0,0.0,1493115.0,,False,False
2022-08-10,Co-op,12.55,12.55,64500.0,0.0,809475.0,,False,False
2022-08-11,Co-op,12.8,12.8,146300.0,0.0,1872640.0,1.99,False,False
2022-08-12,Co-op,12.8,12.8,176800.0,0.0,2263040.0,0.0,False,False
2022-08-15,Co-op,12.7,12.7,1414700.0,0.0,17966690.0,,False,False
2022-08-16,Co-op,12.65,12.65,174800.0,0.0,2211220.0,-0.39,False,False
2022-08-17,Co-op,12.65,12.65,72800.0,0.0,920920.0,0.0,False,False
2022-08-18,Co-op,12.65,12.65,49000.0,0.0,619850.0,0.0,False,False
2022-08-19,Co-op,12.6,12.6,44300.0,0.0,558180.0,-0.4,False,False
2022-08-22,Co-op,12.45,12.45,81100.0,0.0,1009695.0,,False,False
2022-08-23,Co-op,12.05,12.05,436000.0,0.0,5253800.0,-3.21,False,False
2022-08-24,Co-op,12.1,12.1,40300.0,0.0,487630.0,0.41,False,False
2022-08-25,Co-op,12.25,12.25,59800.0,2480.0,732550.0,1.24,False,False
2022-08-26,Co-op,12.05,12.05,491000.0,3454800.0,5916550.0,-1.63,False,False
2022-08-29,Co-op,12.3,12.3,125900.0,0.0,1548570.0,,False,False
2022-08-30,Co-op,12.3,12.3,248500.0,1980925.0,3056550.0,0.0,False,False
2022-08-31,Co-op,12.4,12.4,109900.0,1260.0,1362760.0,0.81,False,False
2022-09-01,Co-op,12.4,12.4,149300.0,0.0,1851320.0,0.0,False,False
2022-09-02,Co-op,12.35,12.35,617100.0,-429215.0,7621185.0,-0.4,False,False
2022-09-05,Co-op,12.05,12.05,7684000.0,9933625.0,92592200.0,,False,False
2022-09-06,Co-op,12.7,12.7,116100.0,0.0,1474470.0,5.39,False,False
2022-09-07,Co-op,12.65,12.65,68800.0,-81575.0,870320.0,-0.39,False,False
2022-09-08,Co-op,12.65,12.65,151400.0,0.0,1915210.0,0.0,False,False
2022-09-09,Co-op,12.55,12.55,268100.0,1066400.0,3364655.0,-0.79,False,False
2022-09-12,Co-op,12.45,12.45,1646000.0,6025840.0,20492700.0,,False,False
2022-09-14,Co-op,12.45,12.45,180000.0,0.0,2241000.0,,False,False
2022-09-15,Co-op,12.4,12.4,143800.0,0.0,1783120.0,-0.4,False,False
2022-09-16,Co-op,12.35,12.35,120500.0,0.0,1488175.0,-0.4,False,False
2022-09-19,Co-op,12.15,12.15,162000.0,0.0,1968300.0,,False,False
2022-09-20,Co-op,12.15,12.15,79400.0,-118030.0,964710.0,0.0,False,False
2022-09-21,Co-op,12.1,12.1,430300.0,0.0,5206630.0,-0.41,False,False
2022-09-22,Co-op,12.0,12.0,828800.0,0.0,9945600.0,-0.83,False,False
2022-09-23,Co-op,12.05,12.05,209700.0,0.0,2526885.0,0.42,False,False
2022-09-26,Co-op,12.0,12.0,222000.0,3615.0,2664000.0,,False,False
2022-09-27,Co-op,11.75,11.75,173800.0,11800.0,2042150.0,-2.08,False,False
2022-09-28,Co-op,11.7,11.7,414200.0,0.0,4846140.0,-0.43,False,False
2022-09-29,Co-op,11.65,11.65,128500.0,0.0,1497025.0,-0.43,False,False
2022-09-30,Co-op,11.85,11.85,135800.0,-630450.0,1609230.0,1.72,False,False
2022-10-03,Co-op,11.75,11.75,199000.0,-1061025.0,2338250.0,,False,False
2022-10-04,Co-op,11.75,11.75,99300.0,-445100.0,1166775.0,0.0,False,False
2022-10-05,Co-op,11.8,11.8,32600.0,0.0,384680.0,0.43,False,False
2022-10-06,Co-op,11.75,11.75,156700.0,0.0,1841225.0,-0.42,False,False
2022-10-07,Co-op,11.85,11.85,83600.0,0.0,990660.0,0.85,False,False
2022-10-11,Co-op,11.9,11.9,47200.0,-5860.0,561680.0,,False,False
2022-10-12,Co-op,11.85,11.85,155500.0,0.0,1842675.0,-0.42,False,False
2022-10-13,Co-op,11.85,11.85,139900.0,0.0,1657815.0,0.0,False,False
2022-10-14,Co-op,12.0,12.0,138200.0,-1195.0,1658400.0,1.27,False,False
2022-10-17,Co-op,12.0,12.0,88700.0,0.0,1064400.0,,False,False
2022-10-18,Co-op,12.0,12.0,229600.0,0.0,2755200.0,0.0,False,False
2022-10-19,Co-op,12.0,12.0,132300.0,36345.0,1587600.0,0.0,False,False
2022-10-21,Co-op,12.0,12.0,46000.0,0.0,552000.0,,False,False
2022-10-24,Co-op,11.95,11.95,86800.0,0.0,1037259.9999999999,,False,False
2022-10-25,Co-op,11.8,11.8,1038400.0,0.0,12253120.0,-1.26,False,False
2022-10-26,Co-op,11.9,11.9,80900.0,8400.0,962710.0,0.85,False,False
2022-10-27,Co-op,11.85,11.85,963300.0,0.0,11415105.0,-0.42,False,False
2022-10-28,Co-op,11.8,11.8,101400.0,0.0,1196520.0,-0.42,False,False
2022-10-31,Co-op,11.8,11.8,112400.0,0.0,1326320.0,,False,False
2022-11-01,Co-op,11.65,11.65,203700.0,0.0,2373105.0,-1.27,False,False
2022-11-02,Co-op,11.8,11.8,53500.0,2360.0,631300.0,1.29,False,False
2022-11-03,Co-op,11.75,11.75,190500.0,-409525.0,2238375.0,-0.42,False,False
2022-11-04,Co-op,11.75,11.75,101000.0,0.0,1186750.0,0.0,False,False
2022-11-07,Co-op,11.9,11.9,39500.0,6000.0,470050.0,,False,False
2022-11-08,Co-op,11.95,11.95,49400.0,0.0,590330.0,0.42,False,False
2022-11-09,Co-op,11.95,11.95,51800.0,0.0,619010.0,0.0,False,False
2022-11-10,Co-op,11.8,11.8,85200.0,1185.0,1005360.0000000001,-1.26,False,False
2022-11-11,Co-op,11.85,11.85,72500.0,3600.0,859125.0,0.42,False,False
2022-11-14,Co-op,11.85,11.85,255600.0,0.0,3028860.0,,False,False
2022-11-15,Co-op,12.0,12.0,484000.0,0.0,5808000.0,1.27,False,False
2022-11-16,Co-op,12.0,12.0,377800.0,-695160.0,4533600.0,0.0,False,False
2022-11-17,Co-op,11.9,11.9,1239900.0,0.0,14754810.0,-0.83,False,False
2022-11-18,Co-op,12.0,12.0,498300.0,0.0,5979600.0,0.84,False,False
2022-11-21,Co-op,12.0,12.0,343900.0,-3801660.0,4126800.0,,False,False
2022-11-22,Co-op,12.05,12.05,343900.0,-438880.0,4143995.0000000005,0.42,False,False
2022-11-23,Co-op,12.6,12.6,29700.0,0.0,374220.0,4.56,False,False
2022-11-24,Co-op,12.4,12.4,70000.0,0.0,868000.0,-1.59,False,False
2022-11-25,Co-op,12.45,12.45,70000.0,0.0,871500.0,0.4,False,False
2022-11-28,Co-op,12.45,12.45,48900.0,0.0,608805.0,,False,False
2022-11-29,Co-op,12.1,12.1,121600.0,0.0,1471360.0,-2.81,False,False
2022-11-30,Co-op,12.0,12.0,171600.0,64130.0,2059200.0,-0.83,False,False
2022-12-01,Co-op,12.0,12.0,522500.0,522500.0,6270000.0,0.0,False,False
2022-12-02,Co-op,12.05,12.05,76200.0,0.0,918210.0,0.42,False,False
2022-12-05,Co-op,11.95,11.95,113900.0,-439670.0,1361105.0,,False,False
2022-12-06,Co-op,11.85,11.85,76000.0,0.0,900600.0,-0.84,False,False
2022-12-07,Co-op,12.0,12.0,83100.0,0.0,997200.0,1.27,False,False
2022-12-08,Co-op,12.2,12.2,90500.0,0.0,1104100.0,1.67,False,False
2022-12-09,Co-op,12.1,12.1,199700.0,0.0,2416370.0,-0.82,False,False
2022-12-13,Co-op,12.1,12.1,67700.0,0.0,819170.0,,False,False
2022-12-14,Co-op,12.0,12.0,427000.0,-1038435.0,5124000.0,-0.83,False,False
2022-12-15,Co-op,11.95,11.95,527300.0,0.0,6301235.0,-0.42,False,False
2022-12-16,Co-op,12.0,12.0,395700.0,0.0,4748400.0,0.42,False,False
2022-12-19,Co-op,12.0,12.0,226000.0,0.0,2712000.0,,False,False
2022-12-20,Co-op,12.0,12.0,131900.0,0.0,1582800.0,0.0,False,False
2022-12-21,Co-op,11.95,11.95,279200.0,0.0,3336440.0,-0.42,False,False
2022-12-22,Co-op,11.95,11.95,77500.0,0.0,926125.0,0.0,False,False
2022-12-23,Co-op,12.15,12.15,33200.0,0.0,403380.0,1.67,False,False
2022-12-28,Co-op,12.25,12.25,41000.0,0.0,502250.0,,False,False
2022-12-29,Co-op,12.05,12.05,176300.0,0.0,2124415.0,-1.63,False,False
2022-12-30,Co-op,12.3,12.3,76500.0,0.0,940950.0,2.07,False,False
2023-01-03,Co-op,12.1,12.1,149800.0,0.0,1812580.0,,False,False
2023-01-04,Co-op,12.1,12.1,476600.0,11095.0,5766860.0,0.0,False,False
2023-01-05,Co-op,12.25,12.25,154500.0,-550310.0,1892625.0,1.24,False,False
2023-01-06,Co-op,12.4,12.4,61800.0,0.0,766320.0,1.22,False,False
2023-01-09,Co-op,12.4,12.4,210400.0,0.0,2608960.0,,False,False
2023-01-10,Co-op,12.3,12.3,1505700.0,0.0,18520110.0,-0.81,False,False
2023-01-11,Co-op,12.5,12.5,106500.0,91500.0,1331250.0,1.63,False,False
2023-01-12,Co-op,12.3,12.3,151000.0,0.0,1857300.0,-1.6,False,False
2023-01-13,Co-op,12.6,12.6,39300.0,0.0,495180.0,2.44,False,False
2023-01-16,Co-op,12.3,12.3,203400.0,0.0,2501820.0,,False,False
2023-01-17,Co-op,12.3,12.3,247900.0,109470.0,3049170.0,0.0,False,False
2023-01-18,Co-op,12.3,12.3,1318400.0,0.0,16216320.000000002,0.0,False,False
2023-01-19,Co-op,12.3,12.3,1864500.0,1230.0,22933350.0,0.0,False,False
2023-01-20,Co-op,12.4,12.4,94900.0,-32500.0,1176760.0,0.81,False,False
2023-01-23,Co-op,12.65,12.65,64700.0,0.0,818455.0,,False,False
2023-01-24,Co-op,12.45,12.45,242600.0,0.0,3020370.0,-1.58,False,False
2023-01-25,Co-op,12.35,12.35,154700.0,0.0,1910545.0,-0.8,False,False
2023-01-26,Co-op,12.5,12.5,2779900.0,12500.0,34748750.0,1.21,False,False
2023-01-27,Co-op,12.6,12.6,61400.0,0.0,773640.0,0.8,False,False
2023-01-30,Co-op,12.5,12.5,2228700.0,3750.0,27858750.0,,False,False
2023-01-31,Co-op,12.45,12.45,161200.0,192780.0,2006940.0,-0.4,False,False
2023-02-01,Co-op,12.4,12.4,48000.0,-22410.0,595200.0,-0.4,False,False
2023-02-02,Co-op,12.45,12.45,80500.0,0.0,1002225.0,0.4,False,False
2023-02-03,Co-op,12.45,12.45,112100.0,-67925.0,1395645.0,0.0,False,False
2023-02-06,Co-op,12.45,12.45,74200.0,0.0,923790.0,,False,False
2023-02-07,Co-op,12.5,12.5,98900.0,0.0,1236250.0,0.4,False,False
2023-02-08,Co-op,12.5,12.5,506100.0,12500.0,6326250.0,0.0,False,False
2023-02-09,Co-op,12.3,12.3,767000.0,24600.0,9434100.0,-1.6,False,False
2023-02-10,Co-op,12.6,12.6,80400.0,0.0,1013040.0,2.44,False,False
2023-02-13,Co-op,12.5,12.5,740800.0,0.0,9260000.0,,False,False
2023-02-14,Co-op,12.6,12.6,98200.0,0.0,1237320.0,0.8,False,False
2023-02-15,Co-op,12.6,12.6,436800.0,25000.0,5503680.0,0.0,False,False
2023-02-16,Co-op,12.5,12.5,1563100.0,43750.0,19538750.0,-0.79,False,False
2023-02-17,Co-op,12.6,12.6,3680100.0,15000.0,46369260.0,0.8,False,False
2023-02-20,Co-op,12.5,12.5,160000.0,0.0,2000000.0,,False,False
2023-02-21,Co-op,12.6,12.6,557900.0,0.0,7029540.0,0.8,False,False
2023-02-22,Co-op,12.7,12.7,1146400.0,0.0,14559280.0,0.79,False,False
2023-02-23,Co-op,12.65,12.65,90600.0,-106680.0,1146090.0,-0.39,False,False
2023-02-24,Co-op,12.55,12.55,207200.0,0.0,2600360.0,-0.79,False,False
2023-02-27,Co-op,12.5,12.5,213400.0,8785.0,2667500.0,,False,False
2023-02-28,Co-op,12.65,12.65,237900.0,0.0,3009435.0,1.2,False,False
2023-03-01,Co-op,12.7,12.7,57200.0,0.0,726440.0,0.4,False,False
2023-03-02,Co-op,12.7,12.7,462800.0,8820.0,5877560.0,0.0,False,False
2023-03-03,Co-op,12.75,12.75,31900.0,0.0,406725.0,0.39,False,False
2023-03-06,Co-op,12.65,12.65,373800.0,64235.0,4728570.0,,False,False
2023-03-07,Co-op,12.6,12.6,1142200.0,43750.0,14391720.0,-0.4,False,False
2023-03-08,Co-op,12.55,12.55,5489200.0,0.0,68889460.0,-0.4,False,False
2023-03-09,Co-op,12.45,12.45,104600.0,1235.0,1302270.0,-0.8,False,False
2023-03-10,Co-op,12.5,12.5,51700.0,0.0,646250.0,0.4,False,False
2023-03-13,Co-op,12.35,12.35,135800.0,0.0,1677130.0,,False,False
2023-03-14,Co-op,12.2,12.2,151400.0,52870.0,1847080.0,-1.21,False,False
2023-03-15,Co-op,12.0,12.0,600200.0,0.0,7202400.0,-1.64,False,False
2023-03-16,Co-op,12.25,12.25,1023000.0,0.0,12531750.0,2.08,False,False
2023-03-17,Co-op,12.3,12.3,739900.0,0.0,9100770.0,0.41,False,False
2023-03-20,Co-op,12.35,12.35,330900.0,1008900.0,4086615.0,,False,False
2023-03-21,Co-op,12.4,12.4,176428.0,47050.0,2187707.2,0.4,False,False
2023-03-22,Co-op,12.4,12.4,225700.0,0.0,2798680.0,0.0,False,False
2023-03-23,Co-op,12.5,12.5,1098400.0,1875000.0,13730000.0,0.81,False,False
2023-03-24,Co-op,12.6,12.6,271300.0,0.0,3418380.0,0.8,False,False
2023-03-27,Co-op,12.55,12.55,982600.0,12700.0,12331630.0,,False,False
2023-03-28,Co-op,12.65,12.65,410600.0,0.0,5194090.0,0.8,False,False
2023-03-29,Co-op,12.85,12.85,120600.0,12845.0,1549710.0,1.58,False,False
2023-03-30,Co-op,13.0,13.0,280100.0,0.0,3641300.0,1.17,False,False
2023-03-31,Co-op,13.15,13.15,264200.0,1731350.0,3474230.0,1.15,False,False
2023-04-03,Co-op,13.15,13.15,534000.0,39900.0,7022100.0,,False,False
2023-04-04,Co-op,13.15,13.15,448800.0,0.0,5901720.0,0.0,False,False
2023-04-05,Co-op,13.1,13.1,116500.0,26400.0,1526150.0,-0.38,False,False
2023-04-06,Co-op,13.05,13.05,677100.0,-607375.0,8836155.0,-0.38,False,False
2023-04-11,Co-op,13.1,13.1,166800.0,0.0,2185080.0,,False,False
2023-04-12,Co-op,13.25,13.25,538300.0,13300.0,7132475.0,1.15,False,False
2023-04-13,Co-op,13.2,13.2,1939800.0,0.0,25605360.0,-0.38,False,False
2023-04-14,Co-op,13.0,13.0,777500.0,0.0,10107500.0,-1.52,False,False
2023-04-17,Co-op,13.05,13.05,279600.0,0.0,3648780.0,,False,False
2023-04-18,Co-op,13.1,13.1,360200.0,0.0,4718620.0,0.38,False,False
2023-04-19,Co-op,13.05,13.05,264200.0,0.0,3447810.0,-0.38,False,False
2023-04-20,Co-op,13.05,13.05,312500.0,0.0,4078125.0,0.0,False,False
2023-04-24,Co-op,13.15,13.15,60000.0,0.0,789000.0,,False,False
2023-04-25,Co-op,13.15,13.15,176500.0,0.0,2320975.0,0.0,False,False
2023-04-26,Co-op,13.35,13.35,390200.0,0.0,5209170.0,1.52,False,False
2023-04-27,Co-op,13.2,13.2,831800.0,0.0,10979760.0,-1.12,False,False
2023-04-28,Co-op,13.3,13.3,176100.0,-224600.0,2342130.0,0.76,False,False
2023-05-02,Co-op,13.1,13.1,340600.0,-283605.0,4461860.0,,False,False
2023-05-03,Co-op,12.9,12.9,341200.0,-172200.0,4401480.0,-1.53,False,False
2023-05-04,Co-op,12.8,12.8,452100.0,-962400.0,5786880.0,-0.78,False,False
2023-05-05,Co-op,12.8,12.8,298800.0,-456760.0,3824640.0,0.0,False,False
2023-05-08,Co-op,12.75,12.75,489500.0,0.0,6241125.0,,False,False
2023-05-09,Co-op,12.7,12.7,433300.0,1048100.0,5502910.0,-0.39,False,False
2023-05-10,Co-op,12.25,12.25,1235500.0,-9104890.0,15134875.0,-3.54,False,False
2023-05-11,Co-op,12.0,12.0,776900.0,-3778820.0,9322800.0,-2.04,False,False
2023-05-12,Co-op,12.0,12.0,1755200.0,-6746400.0,21062400.0,0.0,False,False
2023-05-15,Co-op,12.4,12.4,1096300.0,0.0,13594120.0,,False,False
2023-05-16,Co-op,12.3,12.3,1291700.0,0.0,15887910.0,-0.81,False,False
2023-05-17,Co-op,12.3,12.3,1386500.0,0.0,17053950.0,0.0,False,False
2023-05-18,Co-op,12.3,12.3,754900.0,0.0,9285270.0,0.0,False,False
2023-05-19,Co-op,12.25,12.25,1156200.0,-6443060.0,14163450.0,-0.41,False,False
2023-05-22,Co-op,12.25,12.25,2034700.0,-5876930.0,24925075.0,0.0,False,False
2023-05-23,Co-op,12.35,12.35,2034700.0,-3264890.0,25128545.0,0.82,False,False
2023-05-24,Co-op,12.5,12.5,1169400.0,0.0,14617500.0,1.21,False,False
2023-05-25,Co-op,11.15,11.15,599100.0,131400.0,6679965.0,-10.8,False,False
2023-05-26,Co-op,11.4,11.4,803300.0,0.0,9157620.0,2.24,False,False
2023-05-29,Co-op,12.0,12.0,4079200.0,0.0,48950400.0,,False,False
2023-05-30,Co-op,12.0,12.0,3558300.0,0.0,42699600.0,0.0,False,False
2023-05-31,Co-op,12.1,12.1,2323400.0,-1200.0,28113140.0,0.83,False,False
2023-06-02,Co-op,12.1,12.1,594300.0,0.0,7191030.0,,False,False
2023-06-05,Co-op,12.1,12.1,1104700.0,3977945.0,13366870.0,,False,False
2023-06-06,Co-op,12.0,12.0,259100.0,0.0,3109200.0,-0.83,False,False
2023-06-07,Co-op,12.1,12.1,795000.0,-744000.0,9619500.0,0.83,False,False
2023-06-08,Co-op,12.25,12.25,320300.0,0.0,3923675.0,1.24,False,False
2023-06-09,Co-op,12.2,12.2,1266900.0,0.0,15456180.0,-0.41,False,False
2023-06-12,Co-op,12.2,12.2,256700.0,0.0,3131740.0,,False,False
2023-06-13,Co-op,12.25,12.25,168400.0,0.0,2062900.0,0.41,False,False
2023-06-14,Co-op,12.2,12.2,145700.0,0.0,1777540.0,-0.41,False,False
2023-06-15,Co-op,12.25,12.25,297100.0,0.0,3639475.0,0.41,False,False
2023-06-16,Co-op,12.2,12.2,5880800.0,0.0,71745760.0,-0.41,False,False
2023-06-19,Co-op,12.2,12.2,58800.0,0.0,717360.0,,False,False
2023-06-20,Co-op,12.1,12.1,87600.0,0.0,1059960.0,-0.82,False,False
2023-06-21,Co-op,12.2,12.2,262700.0,0.0,3204940.0,0.83,False,False
2023-06-22,Co-op,12.35,12.35,2108600.0,0.0,26041210.0,1.23,False,False
2023-06-23,Co-op,12.3,12.3,647900.0,-669120.0,7969170.0,-0.4,False,False
2023-06-26,Co-op,12.2,12.2,112900.0,0.0,1377380.0,,False,False
2023-06-27,Co-op,12.25,12.25,490800.0,0.0,6012300.0,0.41,False,False
2023-06-29,Co-op,12.25,12.25,43100.0,0.0,527975.0,,False,False
2023-06-30,Co-op,12.2,12.2,117000.0,36600.0,1427400.0,-0.41,False,False
2023-07-03,Co-op,12.15,12.15,50600.0,36450.0,614790.0,,False,False
2023-07-04,Co-op,12.2,12.2,127600.0,0.0,1556720.0,0.41,False,False
2023-07-05,Co-op,12.1,12.1,378400.0,2440.0,4578640.0,-0.82,False,False
2023-07-06,Co-op,12.05,12.05,182000.0,0.0,2193100.0,-0.41,False,False
2023-07-07,Co-op,12.2,12.2,100700.0,0.0,1228540.0,1.24,False,False
2023-07-10,Co-op,12.2,12.2,103100.0,10935.0,1257820.0,,False,False
2023-07-11,Co-op,12.05,12.05,267500.0,0.0,3223375.0,-1.23,False,False
2023-07-12,Co-op,12.05,12.05,191200.0,903750.0,2303960.0,0.0,False,False
2023-07-13,Co-op,12.0,12.0,344300.0,13255.0,4131600.0,-0.41,False,False
2023-07-14,Co-op,12.1,12.1,274000.0,0.0,3315400.0,0.83,False,False
2023-07-17,Co-op,12.05,12.05,202100.0,0.0,2435305.0,,False,False
2023-07-18,Co-op,12.0,12.0,289600.0,0.0,3475200.0,-0.41,False,False
2023-07-19,Co-op,11.9,11.9,423300.0,0.0,5037270.0,-0.83,False,False
2023-07-20,Co-op,11.85,11.85,113800.0,0.0,1348530.0,-0.42,False,False
2023-07-21,Co-op,11.95,11.95,107600.0,0.0,1285820.0,0.84,False,False
2023-07-24,Co-op,12.0,12.0,371500.0,0.0,4458000.0,,False,False
2023-07-25,Co-op,11.95,11.95,131900.0,0.0,1576205.0,-0.42,False,False
2023-07-26,Co-op,11.9,11.9,181800.0,0.0,2163420.0,-0.42,False,False
2023-07-27,Co-op,11.85,11.85,188100.0,-2360.0,2228985.0,-0.42,False,False
2023-07-28,Co-op,11.85,11.85,146500.0,23600.0,1736025.0,0.0,False,False
2023-07-31,Co-op,11.9,11.9,180000.0,0.0,2142000.0,,False,False
2023-08-01,Co-op,11.95,11.95,81100.0,0.0,969145.0,0.42,False,False
2023-08-02,Co-op,11.95,11.95,139600.0,2380.0,1668220.0,0.0,False,False
2023-08-03,Co-op,12.0,12.0,73000.0,0.0,876000.0,0.42,False,False
2023-08-04,Co-op,12.05,12.05,123300.0,0.0,1485765.0,0.42,False,False
2023-08-07,Co-op,12.0,12.0,162800.0,0.0,1953600.0,,False,False
2023-08-08,Co-op,12.05,12.05,243300.0,0.0,2931765.0,0.42,False,False
2023-08-09,Co-op,12.0,12.0,347400.0,0.0,4168800.0,-0.41,False,False
2023-08-10,Co-op,11.9,11.9,329600.0,35750.0,3922240.0,-0.83,False,False
2023-08-11,Co-op,11.95,11.95,535300.0,0.0,6396835.0,0.42,False,False
2023-08-14,Co-op,11.75,11.75,882100.0,-4184900.0,10364675.0,,False,False
2023-08-15,Co-op,11.7,11.7,122900.0,-1320.0,1437930.0,-0.43,False,False
2023-08-16,Co-op,11.7,11.7,342500.0,0.0,4007249.9999999995,0.0,False,False
2023-08-17,Co-op,11.6,11.6,577400.0,0.0,6697840.0,-0.85,False,False
2023-08-18,Co-op,11.45,11.45,345000.0,-1569395.0,3950249.9999999995,-1.29,False,False
2023-08-21,Co-op,11.55,11.55,174900.0,-1267880.0,2020095.0000000002,,False,False
2023-08-22,Co-op,11.5,11.5,439500.0,-3488130.0,5054250.0,-0.43,False,False
2023-08-23,Co-op,11.5,11.5,308700.0,-2502400.0,3550050.0,0.0,False,False
2023-08-24,Co-op,11.4,11.4,273800.0,-1305.0,3121320.0,-0.87,False,False
2023-08-25,Co-op,11.4,11.4,155500.0,-34050.0,1772700.0,0.0,False,False
2023-08-28,Co-op,11.4,11.4,176000.0,0.0,2006400.0,,False,False
2023-08-29,Co-op,11.3,11.3,133300.0,0.0,1506290.0,-0.88,False,False
2023-08-30,Co-op,11.6,11.6,106000.0,0.0,1229600.0,2.65,False,False
2023-08-31,Co-op,11.65,11.65,46500.0,4920.0,541725.0,0.43,False,False
2023-09-01,Co-op,11.85,11.85,213600.0,-1515100.0,2531160.0,1.72,False,False
2023-09-04,Co-op,12.0,12.0,55600.0,-427200.0,667200.0,,False,False
2023-09-05,Co-op,11.95,11.95,63700.0,-17800.0,761215.0,-0.42,False,False
2023-09-06,Co-op,11.9,11.9,229500.0,-2397100.0,2731050.0,-0.42,False,False
2023-09-07,Co-op,11.85,11.85,114100.0,-1425.0,1352085.0,-0.42,False,False
2023-09-08,Co-op,11.8,11.8,53100.0,0.0,626580.0,-0.42,False,False
2023-09-11,Co-op,11.7,11.7,104300.0,0.0,1220310.0,,False,False
2023-09-12,Co-op,11.8,11.8,69200.0,-11800.0,816560.0,0.85,False,False
2023-09-13,Co-op,11.85,11.85,81100.0,0.0,961035.0,0.42,False,False
2023-09-14,Co-op,11.8,11.8,70900.0,119180.0,836620.0,-0.42,False,False
2023-09-15,Co-op,11.95,11.95,62700.0,0.0,749265.0,1.27,False,False
2023-09-18,Co-op,11.9,11.9,57400.0,-64430.0,683060.0,,False,False
2023-09-19,Co-op,11.85,11.85,5105400.0,-59357150.0,60498990.0,-0.42,False,False
2023-09-20,Co-op,11.85,11.85,86400.0,0.0,1023840.0,0.0,False,False
2023-09-21,Co-op,11.85,11.85,1171500.0,-12819330.0,13882275.0,0.0,False,False
2023-09-22,Co-op,11.8,11.8,173400.0,-126360.0,2046120.0000000002,-0.42,False,False
2023-09-25,Co-op,11.95,11.95,94400.0,-95200.0,1128080.0,,False,False
2023-09-26,Co-op,11.9,11.9,428200.0,945.0,5095580.0,-0.42,False,False
2023-09-27,Co-op,11.85,11.85,70400.0,-84490.0,834240.0,-0.42,False,False
2023-09-28,Co-op,11.83,11.83,137500.0,0.0,1626625.0,-0.17,False,False
2023-09-29,Co-op,11.8,11.8,146900.0,0.0,1733420.0,-0.25,False,False
2023-10-02,Co-op,11.8,11.8,145500.0,35400.0,1716900.0,,False,False
2023-10-03,Co-op,11.85,11.85,10063000.0,-117631395.0,119246550.0,0.42,False,False
2023-10-04,Co-op,11.7,11.7,177700.0,0.0,2079089.9999999998,-1.27,False,False
2023-10-05,Co-op,11.55,11.55,141200.0,0.0,1630860.0,-1.28,False,False
2023-10-06,Co-op,11.6,11.6,94800.0,-58500.0,1099680.0,0.43,False,False
2023-10-09,Co-op,11.55,11.55,101100.0,-258535.0,1167705.0,,False,False
2023-10-11,Co-op,11.6,11.6,796600.0,1160000.0,9240560.0,,False,False
2023-10-12,Co-op,11.6,11.6,1291800.0,0.0,14984880.0,0.0,False,False
2023-10-13,Co-op,11.6,11.6,151600.0,0.0,1758560.0,0.0,False,False
2023-10-16,Co-op,11.55,11.55,53300.0,0.0,615615.0,,False,False
2023-10-17,Co-op,11.65,11.65,180500.0,0.0,2102825.0,0.87,False,False
2023-10-18,Co-op,11.6,11.6,69600.0,-174500.0,807360.0,-0.43,False,False
2023-10-19,Co-op,11.6,11.6,5084100.0,-39228650.0,58975560.0,0.0,False,False
2023-10-23,Co-op,11.6,11.6,105600.0,0.0,1224960.0,,False,False
2023-10-24,Co-op,11.6,11.6,135600.0,0.0,1572960.0,0.0,False,False
2023-10-25,Co-op,11.6,11.6,283700.0,1165.0,3290920.0,0.0,False,False
2023-10-26,Co-op,11.75,11.75,66900.0,0.0,786075.0,1.29,False,False
2023-10-27,Co-op,11.8,11.8,161700.0,0.0,1908060.0,0.43,False,False
2023-10-30,Co-op,11.65,11.65,81600.0,0.0,950640.0,,False,False
2023-10-31,Co-op,11.7,11.7,115200.0,0.0,1347840.0,0.43,False,False
2023-11-01,Co-op,11.65,11.65,101100.0,0.0,1177815.0,-0.43,False,False
2023-11-02,Co-op,11.55,11.55,109000.0,-601065.0,1258950.0,-0.86,False,False
2023-11-03,Co-op,11.35,11.35,250900.0,0.0,2847715.0,-1.73,False,False
2023-11-06,Co-op,11.3,11.3,120700.0,0.0,1363910.0,,False,False
2023-11-07,Co-op,10.4,10.4,1564500.0,-572090.0,16270800.0,-7.96,False,False
2023-11-08,Co-op,10.25,10.25,584100.0,-1032965.0,5987025.0,-1.44,False,False
2023-11-09,Co-op,10.18,10.18,1105600.0,-2125325.0,11255008.0,-0.68,False,False
2023-11-10,Co-op,10.7,10.7,183800.0,7740.0,1966659.9999999998,5.11,False,False
2023-11-14,Co-op,11.05,11.05,251300.0,-544855.0,2776865.0,,False,False
2023-11-15,Co-op,11.31,11.31,138100.0,220410.0,1561911.0,2.35,False,False
2023-11-16,Co-op,11.26,11.26,144800.0,-179200.0,1630448.0,-0.44,False,False
2023-11-17,Co-op,11.58,11.58,1723200.0,-451535.0,19954656.0,2.84,False,False
2023-11-20,Co-op,11.51,11.51,132400.0,-343970.0,1523924.0,,False,False
2023-11-21,Co-op,11.62,11.62,361500.0,-817580.0,4200630.0,0.96,False,False
2023-11-22,Co-op,11.52,11.52,410900.0,-769350.0,4733568.0,-0.86,False,False
2023-11-23,Co-op,11.64,11.64,76300.0,-211315.0,888132.0,1.04,False,False
2023-11-24,Co-op,11.51,11.51,234900.0,-460500.0,2703699.0,-1.12,False,False
2023-11-27,Co-op,11.44,11.44,109100.0,-228500.0,1248104.0,,False,False
2023-11-28,Co-op,11.51,11.51,146300.0,-393475.0,1683913.0,0.61,False,False
2023-11-29,Co-op,11.4,11.4,86700.0,-227215.0,988380.0,-0.96,False,False
2023-11-30,Co-op,11.39,11.39,28700.0,0.0,326893.0,-0.09,False,False
2023-12-01,Co-op,11.4,11.4,95800.0,0.0,1092120.0,0.09,False,False
2023-12-04,Co-op,11.32,11.32,66900.0,-100570.0,757308.0,,False,False
2023-12-05,Co-op,11.32,11.32,370500.0,-3560040.0,4194060.0,0.0,False,False
2023-12-06,Co-op,11.04,11.04,428300.0,-82080.0,4728432.0,-2.47,False,False
2023-12-07,Co-op,11.19,11.19,323100.0,-222860.0,3615489.0,1.36,False,False
2023-12-08,Co-op,11.12,11.12,195200.0,0.0,2170624.0,-0.63,False,False
2023-12-11,Co-op,11.22,11.22,37500.0,0.0,420750.0,,False,False
2023-12-13,Co-op,11.1,11.1,53900.0,0.0,598290.0,,False,False
2023-12-14,Co-op,11.2,11.2,91700.0,-268800.0,1027039.9999999999,0.9,False,False
2023-12-15,Co-op,11.15,11.15,354100.0,-1705000.0,3948215.0,-0.45,False,False
2023-12-18,Co-op,11.05,11.05,333400.0,0.0,3684070.0000000005,,False,False
2023-12-19,Co-op,10.95,10.95,273700.0,-2035430.0,2997015.0,-0.9,False,False
2023-12-20,Co-op,11.25,11.25,73900.0,0.0,831375.0,2.74,False,False
2023-12-21,Co-op,11.05,11.05,697800.0,-5516520.0,7710690.000000001,-1.78,False,False
2023-12-22,Co-op,11.05,11.05,789500.0,-3295310.0,8723975.0,0.0,False,False
2023-12-27,Co-op,11.2,11.2,22200.0,29250.0,248639.99999999997,,False,False
2023-12-28,Co-op,11.3,11.3,131000.0,0.0,1480300.0,0.89,False,False
2023-12-29,Co-op,11.4,11.4,72400.0,0.0,825360.0,0.88,False,False
2024-01-02,Co-op,11.35,11.35,148300.0,0.0,1683205.0,,False,False
2024-01-03,Co-op,11.2,11.2,357500.0,-880875.0,4003999.9999999995,-1.32,False,False
2024-01-04,Co-op,11.25,11.25,268100.0,-1808975.0,3016125.0,0.45,False,False
2024-01-05,Co-op,11.25,11.25,314900.0,-2455410.0,3542625.0,0.0,False,False
2024-01-08,Co-op,11.35,11.35,412600.0,-1114050.0,4683010.0,,False,False
2024-01-09,Co-op,11.3,11.3,194900.0,-564000.0,2202370.0,-0.44,False,False
2024-01-10,Co-op,11.3,11.3,156400.0,-563500.0,1767320.0,0.0,False,False
2024-01-11,Co-op,11.3,11.3,415500.0,-152810.0,4695150.0,0.0,False,False
2024-01-12,Co-op,11.25,11.25,360100.0,-3051605.0,4051125.0,-0.44,False,False
2024-01-15,Co-op,11.3,11.3,56400.0,-151875.0,637320.0,,False,False
2024-01-16,Co-op,11.2,11.2,815200.0,-5975460.0,9130240.0,-0.88,False,False
2024-01-17,Co-op,11.3,11.3,85600.0,0.0,967280.0000000001,0.89,False,False
2024-01-18,Co-op,11.35,11.35,68700.0,0.0,779745.0,0.44,False,False
2024-01-19,Co-op,11.35,11.35,175600.0,124350.0,1993060.0,0.0,False,False
2024-01-22,Co-op,11.35,11.35,328600.0,226000.0,3729610.0,,False,False
2024-01-23,Co-op,11.3,11.3,354400.0,0.0,4004720.0000000005,-0.44,False,False
2024-01-24,Co-op,11.4,11.4,129500.0,0.0,1476300.0,0.88,False,False
2024-01-25,Co-op,11.95,11.95,128100.0,0.0,1530795.0,4.82,False,False
2024-01-26,Co-op,12.0,12.0,117200.0,-745200.0,1406400.0,0.42,False,False
2024-01-29,Co-op,11.9,11.9,87400.0,0.0,1040060.0,,False,False
2024-01-30,Co-op,11.95,11.95,153900.0,0.0,1839105.0,0.42,False,False
2024-01-31,Co-op,12.1,12.1,98800.0,0.0,1195480.0,1.26,False,False
2024-02-01,Co-op,12.1,12.1,137300.0,0.0,1661330.0,0.0,False,False
2024-02-02,Co-op,12.0,12.0,129600.0,48400.0,1555200.0,-0.83,False,False
2024-02-05,Co-op,12.05,12.05,122700.0,0.0,1478535.0,,False,False
2024-02-06,Co-op,12.0,12.0,675700.0,0.0,8108400.0,-0.41,False,False
2024-02-07,Co-op,12.0,12.0,55000.0,0.0,660000.0,0.0,False,False
2024-02-08,Co-op,12.1,12.1,133400.0,0.0,1614140.0,0.83,False,False
2024-02-09,Co-op,12.2,12.2,187900.0,0.0,2292380.0,0.83,False,False
2024-02-12,Co-op,12.25,12.25,82300.0,0.0,1008175.0,,False,False
2024-02-13,Co-op,12.1,12.1,268100.0,45980.0,3244010.0,-1.22,False,False
2024-02-14,Co-op,12.05,12.05,198900.0,3640.0,2396745.0,-0.41,False,False
2024-02-15,Co-op,12.05,12.05,201400.0,0.0,2426870.0,0.0,False,False
2024-02-16,Co-op,12.1,12.1,209800.0,0.0,2538580.0,0.41,False,False
2024-02-19,Co-op,12.05,12.05,149800.0,0.0,1805090.0,,False,False
2024-02-20,Co-op,12.05,12.05,183000.0,0.0,2205150.0,0.0,False,False
2024-02-21,Co-op,12.35,12.35,1011100.0,0.0,12487085.0,2.49,False,False
2024-02-22,Co-op,12.85,12.85,63600.0,0.0,817260.0,4.05,False,False
2024-02-23,Co-op,12.9,12.9,328300.0,0.0,4235070.0,0.39,False,False
2024-02-26,Co-op,12.9,12.9,241700.0,0.0,3117930.0,,False,False
2024-02-27,Co-op,13.0,13.0,1010600.0,-104000.0,13137800.0,0.78,False,False
2024-02-28,Co-op,13.0,13.0,598400.0,0.0,7779200.0,0.0,False,False
2024-02-29,Co-op,13.0,13.0,295800.0,0.0,3845400.0,0.0,False,False
2024-03-01,Co-op,13.05,13.05,2737800.0,0.0,35728290.0,0.38,False,False
2024-03-04,Co-op,13.05,13.05,71600.0,0.0,934380.0,,False,False
2024-03-05,Co-op,13.0,13.0,82600.0,0.0,1073800.0,-0.38,False,False
2024-03-06,Co-op,12.8,12.8,819500.0,0.0,10489600.0,-1.54,False,False
2024-03-07,Co-op,12.7,12.7,1039600.0,0.0,13202920.0,-0.78,False,False
2024-03-08,Co-op,12.65,12.65,72400.0,0.0,915860.0,-0.39,False,False
2024-03-11,Co-op,12.85,12.85,396500.0,0.0,5095025.0,,False,False
2024-03-12,Co-op,12.85,12.85,396500.0,0.0,5095025.0,0.0,False,False
2024-03-13,Co-op,13.05,13.05,486000.0,-59400.0,6342300.0,1.56,False,False
2024-03-14,Co-op,13.55,13.55,128700.0,-101250.0,1743885.0,3.83,False,False
2024-03-15,Co-op,14.05,14.05,1112000.0,2520.0,15623600.0,3.69,False,False
2024-03-18,Co-op,14.0,14.0,278800.0,0.0,3903200.0,,False,False
2024-03-19,Co-op,14.0,14.0,271100.0,0.0,3795400.0,0.0,False,False
2024-03-20,Co-op,14.0,14.0,455500.0,0.0,6377000.0,0.0,False,False
2024-03-21,Co-op,14.7,14.7,2699500.0,-299000.0,39682650.0,5.0,False,False
2024-03-22,Co-op,14.9,14.9,7910600.0,0.0,117867940.0,1.36,False,False
2024-03-25,Co-op,14.9,14.9,727100.0,0.0,10833790.0,,False,False
2024-03-26,Co-op,15.05,15.05,398000.0,0.0,5989900.0,1.01,False,False
2024-03-27,Co-op,15.05,15.05,953900.0,0.0,14356195.0,0.0,False,False
2024-03-28,Co-op,15.0,15.0,875600.0,0.0,13134000.0,-0.33,False,False
2024-04-02,Co-op,14.95,14.95,200500.0,45150.0,2997475.0,,False,False
2024-04-03,Co-op,14.9,14.9,135800.0,0.0,2023420.0,-0.33,False,False
2024-04-04,Co-op,15.0,15.0,1687600.0,-150000.0,25314000.0,0.67,False,False
2024-04-05,Co-op,14.95,14.95,87100.0,-32780.0,1302145.0,-0.33,False,False
2024-04-08,Co-op,14.75,14.75,87300.0,0.0,1287675.0,,False,False
2024-04-09,Co-op,14.25,14.25,128000.0,8520.0,1824000.0,-3.39,False,False
2024-04-11,Co-op,14.4,14.4,121300.0,0.0,1746720.0,,False,False
2024-04-12,Co-op,14.2,14.2,341800.0,-136800.0,4853560.0,-1.39,False,False
2024-04-15,Co-op,14.0,14.0,297500.0,0.0,4165000.0,,False,False
2024-04-16,Co-op,13.95,13.95,181500.0,0.0,2531925.0,-0.36,False,False
2024-04-17,Co-op,13.85,13.85,143300.0,0.0,1984705.0,-0.72,False,False
2024-04-18,Co-op,13.5,13.5,462000.0,135000.0,6237000.0,-2.53,False,False
2024-04-19,Co-op,13.55,13.55,111800.0,0.0,1514890.0,0.37,False,False
2024-04-22,Co-op,13.75,13.75,129600.0,0.0,1782000.0,,False,False
2024-04-23,Co-op,13.95,13.95,401300.0,140000.0,5598135.0,1.45,False,False
2024-04-24,Co-op,13.95,13.95,248500.0,-3165715.0,3466575.0,0.0,False,False
2024-04-25,Co-op,14.0,14.0,503000.0,0.0,7042000.0,0.36,False,False
2024-04-26,Co-op,14.0,14.0,4956000.0,840000.0,69384000.0,0.0,False,False
2024-04-29,Co-op,14.05,14.05,408200.0,0.0,5735210.0,,False,False
2024-04-30,Co-op,12.45,12.45,12.45,0.0,155.00249999999997,-11.39,False,False
2024-05-02,Co-op,12.0,12.0,472700.0,36000.0,5672400.0,,False,False
2024-05-03,Co-op,12.2,12.2,126900.0,845705.0,1548180.0,1.67,False,False
2024-05-06,Co-op,12.0,12.0,151500.0,-559200.0,1818000.0,,False,False
2024-05-07,Co-op,12.0,12.0,378700.0,-278435.0,4544400.0,0.0,False,False
2024-05-08,Co-op,12.05,12.05,4094200.0,242000.0,49335110.0,0.42,False,False
2024-05-09,Co-op,12.1,12.1,982500.0,145865.0,11888250.0,0.41,False,False
2024-05-13,Co-op,12.1,12.1,315300.0,121000.0,3815130.0,,False,False
2024-05-14,Co-op,12.3,12.3,486600.0,-1734150.0,5985180.0,1.65,False,False
2024-05-15,Co-op,12.4,12.4,4228500.0,0.0,52433400.0,0.81,False,False
2024-05-16,Co-op,12.4,12.4,467100.0,0.0,5792040.0,0.0,False,False
2024-05-17,Co-op,12.75,12.75,79300.0,39260.0,1011075.0,2.82,False,False
2024-05-20,Co-op,12.7,12.7,501600.0,4267430.0,6370320.0,,False,False
2024-05-21,Co-op,13.05,13.05,645500.0,-625300.0,8423775.0,2.76,False,False
2024-05-22,Co-op,13.05,13.05,752600.0,-2178305.0,9821430.0,0.0,False,False
2024-05-23,Co-op,13.3,13.3,710800.0,0.0,9453640.0,1.92,False,False
2024-05-24,Co-op,13.3,13.3,492200.0,686790.0,6546260.0,0.0,False,False
2024-05-27,Co-op,13.2,13.2,1031600.0,3305830.0,13617120.0,,False,False
2024-05-28,Co-op,13.35,13.35,206800.0,1335275.0,2760780.0,1.14,False,False
2024-05-29,Co-op,13.9,13.9,287700.0,0.0,3999030.0,4.12,False,False
2024-05-30,Co-op,13.65,13.65,1772100.0,1378100.0,24189165.0,-1.8,False,False
2024-05-31,Co-op,13.5,13.5,2073600.0,0.0,27993600.0,-1.1,False,False
2024-06-03,Co-op,13.65,13.65,2491700.0,15180.0,34011705.0,,False,False
2024-06-04,Co-op,13.75,13.75,7925900.0,3553880.0,108981125.0,0.73,False,False
2024-06-05,Co-op,13.7,13.7,124700.0,1183680.0,1708390.0,-0.36,False,False
2024-06-06,Co-op,13.7,13.7,1665900.0,-624720.0,22822830.0,0.0,False,False
2024-06-07,Co-op,13.8,13.8,91700.0,409630.0,1265460.0,0.73,False,False
2024-06-10,Co-op,13.55,13.55,83100.0,0.0,1126005.0,,False,False
2024-06-11,Co-op,13.65,13.65,187000.0,19040.0,2552550.0,0.74,False,False
2024-06-12,Co-op,13.65,13.65,367300.0,0.0,5013645.0,0.0,False,False
2024-06-13,Co-op,13.5,13.5,388000.0,4045000.0,5238000.0,-1.1,False,False
2024-06-14,Co-op,13.4,13.4,433000.0,0.0,5802200.0,-0.74,False,False
2024-06-18,Co-op,13.05,13.05,146100.0,1305.0,1906605.0,,False,False
2024-06-19,Co-op,13.1,13.1,52900.0,0.0,692990.0,0.38,False,False
2024-06-20,Co-op,13.05,13.05,7400700.0,0.0,96579135.0,-0.38,False,False
2024-06-21,Co-op,13.0,13.0,188000.0,0.0,2444000.0,-0.38,False,False
2024-06-24,Co-op,12.8,12.8,138000.0,0.0,1766400.0,,False,False
2024-06-25,Co-op,12.8,12.8,554900.0,5487045.0,7102720.0,0.0,False,False
2024-06-26,Co-op,12.75,12.75,664400.0,0.0,8471100.0,-0.39,False,False
2024-06-27,Co-op,12.65,12.65,230000.0,0.0,2909500.0,-0.78,False,False
2024-06-28,Co-op,12.7,12.7,121200.0,0.0,1539240.0,0.4,False,False
2024-07-01,Co-op,12.8,12.8,1263000.0,0.0,16166400.0,,False,False
2024-07-02,Co-op,12.8,12.8,1105100.0,-567040.0,14145280.0,0.0,False,False
2024-07-03,Co-op,12.8,12.8,706800.0,0.0,9047040.0,0.0,False,False
2024-07-04,Co-op,12.6,12.6,3251000.0,0.0,40962600.0,-1.56,False,False
2024-07-05,Co-op,12.65,12.65,215400.0,0.0,2724810.0,0.4,False,False
2024-07-08,Co-op,12.6,12.6,357100.0,1518000.0,4499460.0,,False,False
2024-07-09,Co-op,12.7,12.7,361200.0,126500.0,4587240.0,0.79,False,False
2024-07-10,Co-op,13.5,13.5,5110600.0,0.0,68993100.0,6.3,False,False
2024-07-11,Co-op,13.0,13.0,5302100.0,-118310.0,68927300.0,-3.7,False,False
2024-07-12,Co-op,12.95,12.95,62500.0,-23270.0,809375.0,-0.38,False,False
2024-07-15,Co-op,13.0,13.0,120600.0,-143650.0,1567800.0,,False,False
2024-07-16,Co-op,13.05,13.05,5238200.0,-26330.0,68358510.0,0.38,False,False
2024-07-17,Co-op,13.1,13.1,56000.0,0.0,733600.0,0.38,False,False
2024-07-18,Co-op,13.1,13.1,48700.0,-1340.0,637970.0,0.0,False,False
2024-07-19,Co-op,12.95,12.95,62100.0,0.0,804195.0,-1.15,False,False
2024-07-22,Co-op,12.9,12.9,119600.0,0.0,1542840.0,,False,False
2024-07-23,Co-op,12.75,12.75,280700.0,0.0,3578925.0,-1.16,False,False
2024-07-24,Co-op,12.8,12.8,1205800.0,125000.0,15434240.0,0.39,False,False
2024-07-25,Co-op,12.8,12.8,1592100.0,0.0,20378880.0,0.0,False,False
2024-07-26,Co-op,12.9,12.9,1704600.0,0.0,21989340.0,0.78,False,False
2024-07-29,Co-op,12.8,12.8,539600.0,-71660.0,6906880.0,,False,False
2024-07-30,Co-op,12.85,12.85,77800.0,0.0,999730.0,0.39,False,False
2024-07-31,Co-op,12.7,12.7,3086200.0,0.0,39194740.0,-1.17,False,False
2024-08-01,Co-op,12.85,12.85,34100.0,0.0,438185.0,1.18,False,False
2024-08-02,Co-op,12.85,12.85,92200.0,0.0,1184770.0,0.0,False,False
2024-08-05,Co-op,12.7,12.7,204600.0,-185820.0,2598420.0,,False,False
2024-08-06,Co-op,12.7,12.7,5774000.0,0.0,73329800.0,0.0,False,False
2024-08-07,Co-op,12.65,12.65,2133800.0,7585.0,26992570.0,-0.39,False,False
2024-08-08,Co-op,12.5,12.5,165100.0,0.0,2063750.0,-1.19,False,False
2024-08-09,Co-op,12.65,12.65,33400.0,-106670.0,422510.0,1.2,False,False
2024-08-12,Co-op,12.55,12.55,69400.0,-53780.0,870970.0,,False,False
2024-08-13,Co-op,12.55,12.55,210400.0,75740.0,2640520.0,0.0,False,False
2024-08-14,Co-op,12.7,12.7,88100.0,0.0,1118870.0,1.2,False,False
2024-08-15,Co-op,12.8,12.8,140200.0,0.0,1794560.0,0.79,False,False
2024-08-16,Co-op,12.8,12.8,470700.0,128000.0,6024960.0,0.0,False,False
2024-08-19,Co-op,12.9,12.9,265500.0,-42735.0,3424950.0,,False,False
2024-08-20,Co-op,13.0,13.0,49000.0,-22100.0,637000.0,0.78,False,False
2024-08-21,Co-op,13.0,13.0,788900.0,-442580.0,10255700.0,0.0,False,False
2024-08-22,Co-op,13.1,13.1,620900.0,460595.0,8133790.0,0.77,False,False
2024-08-23,Co-op,13.15,13.15,189600.0,1328530.0,2493240.0,0.38,False,False
2024-08-26,Co-op,13.35,13.35,80300.0,167715.0,1072005.0,,False,False
2024-08-27,Co-op,13.45,13.45,135400.0,413420.0,1821130.0,0.75,False,False
2024-08-28,Co-op,13.6,13.6,79000.0,434250.0,1074400.0,1.12,False,False
2024-08-29,Co-op,13.4,13.4,1097600.0,428750.0,14707840.0,-1.47,False,False
2024-08-30,Co-op,13.55,13.55,134000.0,0.0,1815700.0,1.12,False,False
2024-09-02,Co-op,13.55,13.55,121800.0,0.0,1650390.0,,False,False
2024-09-03,Co-op,13.65,13.65,2182800.0,-137865.0,29795220.0,0.74,False,False
2024-09-04,Co-op,13.35,13.35,113100.0,6550.0,1509885.0,-2.2,False,False
2024-09-05,Co-op,13.25,13.25,41200.0,40350.0,545900.0,-0.75,False,False
2024-09-06,Co-op,13.1,13.1,120800.0,105200.0,1582480.0,-1.13,False,False
2024-09-09,Co-op,13.25,13.25,97700.0,0.0,1294525.0,,False,False
2024-09-10,Co-op,13.3,13.3,636300.0,0.0,8462790.0,0.38,False,False
2024-09-11,Co-op,13.35,13.35,1433600.0,0.0,19138560.0,0.38,False,False
2024-09-12,Co-op,13.25,13.25,87700.0,0.0,1162025.0,-0.75,False,False
2024-09-13,Co-op,13.1,13.1,291400.0,0.0,3817340.0,-1.13,False,False
2024-09-16,Co-op,13.2,13.2,42500.0,114840.0,561000.0,,False,False
2024-09-17,Co-op,13.2,13.2,136400.0,15660.0,1800480.0,0.0,False,False
2024-09-18,Co-op,13.2,13.2,143200.0,0.0,1890240.0,0.0,False,False
2024-09-19,Co-op,13.25,13.25,42300.0,0.0,560475.0,0.38,False,False
2024-09-20,Co-op,13.25,13.25,157600.0,0.0,2088200.0,0.0,False,False
2024-09-23,Co-op,13.15,13.15,660200.0,0.0,8681630.0,,False,False
2024-09-24,Co-op,13.1,13.1,298400.0,0.0,3909040.0,-0.38,False,False
2024-09-25,Co-op,13.15,13.15,198100.0,0.0,2605015.0,0.38,False,False
2024-09-26,Co-op,13.3,13.3,73700.0,0.0,980210.0,1.14,False,False
2024-09-27,Co-op,13.25,13.25,87900.0,18620.0,1164675.0,-0.38,False,False
2024-09-30,Co-op,13.35,13.35,78400.0,331250.0,1046640.0,,False,False
2024-10-01,Co-op,13.5,13.5,231000.0,0.0,3118500.0,1.12,False,False
2024-10-02,Co-op,13.65,13.65,117700.0,-941530.0,1606605.0,1.11,False,False
2024-10-03,Co-op,13.65,13.65,59400.0,0.0,810810.0,0.0,False,False
2024-10-04,Co-op,13.7,13.7,97700.0,0.0,1338490.0,0.37,False,False
2024-10-07,Co-op,13.7,13.7,91200.0,0.0,1249440.0,,False,False
2024-10-08,Co-op,13.65,13.65,72900.0,0.0,995085.0,-0.36,False,False
2024-10-09,Co-op,13.6,13.6,3121100.0,4120.0,42446960.0,-0.37,False,False
2024-10-11,Co-op,13.6,13.6,119100.0,40500.0,1619760.0,,False,False
2024-10-14,Co-op,13.6,13.6,150800.0,0.0,2050880.0,,False,False
2024-10-15,Co-op,13.4,13.4,319600.0,0.0,4282640.0,-1.47,False,False
2024-10-16,Co-op,13.6,13.6,244100.0,0.0,3319760.0,1.49,False,False
2024-10-17,Co-op,13.7,13.7,214800.0,0.0,2942760.0,0.74,False,False
2024-10-18,Co-op,13.9,13.9,889500.0,0.0,12364050.0,1.46,False,False
2024-10-22,Co-op,13.75,13.75,116700.0,0.0,1604625.0,,False,False
2024-10-23,Co-op,13.75,13.75,69000.0,0.0,948750.0,0.0,False,False
2024-10-24,Co-op,13.85,13.85,297000.0,0.0,4113450.0,0.73,False,False
2024-10-25,Co-op,13.8,13.8,197800.0,0.0,2729640.0,-0.36,False,False
2024-10-28,Co-op,13.95,13.95,220400.0,0.0,3074580.0,,False,False
2024-10-29,Co-op,14.1,14.1,238200.0,0.0,3358620.0,1.08,False,False
2024-10-30,Co-op,14.05,14.05,925200.0,0.0,12999060.0,-0.35,False,False
2024-10-31,Co-op,14.1,14.1,250500.0,0.0,3532050.0,0.36,False,False
2024-11-04,Co-op,14.05,14.05,504900.0,-1306770.0,7093845.0,,False,False
2024-11-05,Co-op,14.1,14.1,2716700.0,16920.0,38305470.0,0.36,False,False
2024-11-06,Co-op,14.15,14.15,252500.0,0.0,3572875.0,0.35,False,False
2024-11-07,Co-op,14.25,14.25,80400.0,0.0,1145700.0,0.71,False,False
2024-11-08,Co-op,14.2,14.2,44000.0,0.0,624800.0,-0.35,False,False
2024-11-11,Co-op,14.25,14.25,37700.0,0.0,537225.0,,False,False
2024-11-12,Co-op,14.4,14.4,237500.0,7150.0,3420000.0,1.05,False,False
2024-11-13,Co-op,14.5,14.5,167300.0,0.0,2425850.0,0.69,False,False
2024-11-14,Co-op,14.65,14.65,88400.0,0.0,1295060.0,1.03,False,False
2024-11-15,Co-op,14.5,14.5,345100.0,1082400.0,5003950.0,-1.02,False,False
2024-11-18,Co-op,14.4,14.4,663300.0,0.0,9551520.0,,False,False
2024-11-19,Co-op,14.1,14.1,512300.0,0.0,7223430.0,-2.08,False,False
2024-11-20,Co-op,14.05,14.05,618100.0,0.0,8684305.0,-0.35,False,False
2024-11-21,Co-op,14.0,14.0,1799700.0,17280.0,25195800.0,-0.36,False,False
2024-11-22,Co-op,14.05,14.05,97400.0,0.0,1368470.0,0.36,False,False
2024-11-25,Co-op,14.0,14.0,164500.0,0.0,2303000.0,,False,False
2024-11-26,Co-op,13.9,13.9,398200.0,0.0,5534980.0,-0.71,False,False
2024-11-27,Co-op,13.9,13.9,164600.0,77860.0,2287940.0,0.0,False,False
2024-11-28,Co-op,13.85,13.85,89700.0,1385.0,1242345.0,-0.36,False,False
2024-11-29,Co-op,13.8,13.8,446900.0,96950.0,6167220.0,-0.36,False,False
2024-12-02,Co-op,13.85,13.85,1059300.0,0.0,14671305.0,,False,False
2024-12-03,Co-op,13.9,13.9,323600.0,20850.0,4498040.0,0.36,False,False
2024-12-04,Co-op,13.95,13.95,71400.0,0.0,996030.0,0.36,False,False
2024-12-05,Co-op,14.0,14.0,136200.0,0.0,1906800.0,0.36,False,False
2024-12-06,Co-op,14.2,14.2,34300.0,0.0,487060.0,1.43,False,False
2024-12-09,Co-op,14.3,14.3,45500.0,0.0,650650.0,,False,False
2024-12-10,Co-op,14.2,14.2,73700.0,0.0,1046540.0,-0.7,False,False
2024-12-11,Co-op,14.45,14.45,273200.0,-15620.0,3947740.0,1.76,False,False
2024-12-13,Co-op,14.6,14.6,41200.0,0.0,601520.0,,False,False
2024-12-16,Co-op,14.55,14.55,172200.0,-48180.0,2505510.0,,False,False
2024-12-17,Co-op,14.6,14.6,2613800.0,0.0,38161480.0,0.34,False,False
2024-12-18,Co-op,14.7,14.7,153100.0,0.0,2250570.0,0.68,False,False
2024-12-19,Co-op,15.25,15.25,416400.0,56610.0,6350100.0,3.74,False,False
2024-12-20,Co-op,15.55,15.55,536200.0,15600.0,8337910.0,1.97,False,False
2024-12-23,Co-op,15.8,15.8,658700.0,-1550000.0,10407460.0,,False,False
2024-12-24,Co-op,15.7,15.7,63600.0,0.0,998520.0,-0.63,False,False
2024-12-27,Co-op,15.9,15.9,199600.0,0.0,3173640.0,,False,False
2024-12-30,Co-op,16.1,16.1,210900.0,1650.0,3395490.0000000005,,False,False
2024-12-31,Co-op,16.45,16.45,168200.0,0.0,2766890.0,2.17,False,False
2025-01-02,Co-op,17.45,17.45,831200.0,-17050.0,14504440.0,,False,False
2025-01-03,Co-op,17.65,17.65,2082100.0,0.0,36749065.0,1.15,False,False
2025-01-06,Co-op,17.65,17.65,1026500.0,-1770000.0,18117725.0,,False,False
2025-01-07,Co-op,17.8,17.8,422800.0,62680.0,7525840.0,0.85,False,False
2025-01-08,Co-op,17.8,17.8,341700.0,0.0,6082260.0,0.0,False,False
2025-01-09,Co-op,17.35,17.35,199900.0,-5195.0,3468265.0000000005,-2.53,False,False
2025-01-10,Co-op,16.6,16.6,2146500.0,-942790.0,35631900.0,-4.32,False,False
2025-01-13,Co-op,16.55,16.55,350300.0,-1985030.0,5797465.0,,False,False
2025-01-14,Co-op,16.45,16.45,268900.0,-172010.0,4423405.0,-0.6,False,False
2025-01-15,Co-op,15.85,15.85,173800.0,-399655.0,2754730.0,-3.65,False,False
2025-01-16,Co-op,15.7,15.7,124800.0,-530100.0,1959360.0,-0.95,False,False
2025-01-17,Co-op,16.2,16.2,155200.0,0.0,2514240.0,3.18,False,False
2025-01-20,Co-op,16.25,16.25,282800.0,495000.0,4595500.0,,False,False
2025-01-21,Co-op,16.05,16.05,606900.0,140125.0,9740745.0,-1.23,False,False
2025-01-22,Co-op,16.05,16.05,376300.0,296800.0,6039615.0,0.0,False,False
2025-01-23,Co-op,16.2,16.2,124900.0,105300.0,2023380.0,0.93,False,False
2025-01-24,Co-op,16.2,16.2,225600.0,494100.0,3654720.0,0.0,False,False
2025-01-27,Co-op,16.3,16.3,183500.0,0.0,2991050.0,,False,False
2025-01-28,Co-op,16.4,16.4,106300.0,0.0,1743319.9999999998,0.61,False,False
2025-01-29,Co-op,16.45,16.45,306400.0,0.0,5040280.0,0.3,False,False
2025-01-30,Co-op,16.45,16.45,230100.0,0.0,3785145.0,0.0,False,False
2025-01-31,Co-op,16.55,16.55,123600.0,0.0,2045580.0,0.61,False,False
2025-02-03,Co-op,16.5,16.5,544100.0,1732500.0,8977650.0,,False,False
2025-02-04,Co-op,16.3,16.3,2908000.0,10344440.0,47400400.0,-1.21,False,False
2025-02-05,Co-op,16.2,16.2,907500.0,0.0,14701500.0,-0.61,False,False
2025-02-06,Co-op,16.15,16.15,612000.0,0.0,9883800.0,-0.31,False,False
2025-02-07,Co-op,16.05,16.05,232700.0,0.0,3734835.0,-0.62,False,False
2025-02-10,Co-op,16.1,16.1,334500.0,553250.0,5385450.000000001,,False,False
2025-02-11,Co-op,16.0,16.0,867600.0,1804195.0,13881600.0,-0.62,False,False
2025-02-12,Co-op,16.6,16.6,108700.0,-43160.0,1804420.0000000002,3.75,False,False
2025-02-13,Co-op,16.55,16.55,175800.0,0.0,2909490.0,-0.3,False,False
2025-02-14,Co-op,16.5,16.5,327800.0,463400.0,5408700.0,-0.3,False,False
2025-02-17,Co-op,16.55,16.55,312200.0,0.0,5166910.0,,False,False
2025-02-18,Co-op,16.9,16.9,738500.0,0.0,12480649.999999998,2.11,False,False
2025-02-19,Co-op,17.05,17.05,159200.0,0.0,2714360.0,0.89,False,False
2025-02-20,Co-op,17.1,17.1,491200.0,0.0,8399520.0,0.29,False,False
2025-02-21,Co-op,17.0,17.0,294100.0,-22035.0,4999700.0,-0.58,False,False
2025-02-24,Co-op,17.0,17.0,160400.0,0.0,2726800.0,,False,False
2025-02-25,Co-op,17.0,17.0,1634000.0,0.0,27778000.0,0.0,False,False
2025-02-26,Co-op,16.95,16.95,709100.0,0.0,12019245.0,-0.29,False,False
2025-02-27,Co-op,16.75,16.75,137700.0,0.0,2306475.0,-1.18,False,False
2025-02-28,Co-op,16.85,16.85,136000.0,1690.0,2291600.0,0.6,False,False
2025-03-03,Co-op,16.9,16.9,2473300.0,1697970.0,41798770.0,,False,False
2025-03-04,Co-op,16.85,16.85,218200.0,3310.0,3676670.0000000005,-0.3,False,False
2025-03-05,Co-op,17.0,17.0,393000.0,-1771525.0,6681000.0,0.89,False,False
2025-03-06,Co-op,16.8,16.8,1348400.0,276875.0,22653120.0,-1.18,False,False
2025-03-07,Co-op,16.9,16.9,1035600.0,122625.0,17501640.0,0.6,False,False
2025-03-10,Co-op,16.6,16.6,568100.0,-23280.0,9430460.0,,False,False
2025-03-11,Co-op,16.45,16.45,430800.0,0.0,7086660.0,-0.9,False,False
2025-03-12,Co-op,15.9,15.9,1901900.0,385890.0,30240210.0,-3.34,False,False
2025-03-13,Co-op,15.45,15.45,2043000.0,-16917770.0,31564350.0,-2.83,False,False
2025-03-14,Co-op,15.05,15.05,6322200.0,-5906580.0,95149110.0,-2.59,False,False
2025-03-17,Co-op,16.55,16.55,205000.0,0.0,3392750.0,,False,False
2025-03-18,Co-op,16.45,16.45,537300.0,-52830.0,8838585.0,-0.6,False,False
2025-03-19,Co-op,16.2,16.2,1488200.0,2787000.0,24108840.0,-1.52,False,False
2025-03-20,Co-op,16.1,16.1,696600.0,998865.0,11215260.000000002,-0.62,False,False
2025-03-21,Co-op,15.95,15.95,766700.0,-1432375.0,12228865.0,-0.93,False,False
2025-03-24,Co-op,15.95,15.95,308100.0,-534610.0,4914195.0,,False,False
2025-03-25,Co-op,15.9,15.9,310600.0,31900.0,4938540.0,-0.31,False,False
2025-03-26,Co-op,15.95,15.95,344800.0,6360.0,5499560.0,0.31,False,False
2025-03-27,Co-op,15.95,15.95,405900.0,-271150.0,6474105.0,0.0,False,False
2025-03-28,Co-op,16.0,16.0,261300.0,1738140.0,4180800.0,0.31,False,False
2025-04-01,Co-op,16.15,16.15,680600.0,0.0,10991689.999999998,,False,False
2025-04-02,Co-op,16.1,16.1,533300.0,-288395.0,8586130.0,-0.31,False,False
2025-04-03,Co-op,16.1,16.1,707800.0,0.0,11395580.000000002,0.0,False,False
2025-04-04,Co-op,16.15,16.15,204500.0,147205.0,3302674.9999999995,0.31,False,False
2025-04-07,Co-op,16.15,16.15,139100.0,0.0,2246465.0,,False,False
2025-04-08,Co-op,15.9,15.9,415800.0,-135240.0,6611220.0,-1.55,False,False
2025-04-09,Co-op,15.35,15.35,545000.0,62050.0,8365750.0,-3.46,False,False
2025-04-10,Co-op,15.65,15.65,179800.0,-113635.0,2813870.0,1.95,False,False
2025-04-11,Co-op,16.0,16.0,275200.0,66990.0,4403200.0,2.24,False,False
2025-04-14,Co-op,16.0,16.0,138000.0,0.0,2208000.0,,False,False
2025-04-15,Co-op,16.0,16.0,220100.0,0.0,3521600.0,0.0,False,False
2025-04-16,Co-op,16.0,16.0,156100.0,0.0,2497600.0,0.0,False,False
2025-04-17,Co-op,15.95,15.95,321400.0,-689495.0,5126330.0,-0.31,False,False
2025-04-22,Co-op,15.95,15.95,319700.0,-477265.0,5099215.0,,False,False
2025-04-23,Co-op,16.0,16.0,388900.0,-251140.0,6222400.0,0.31,False,False
2025-04-24,Co-op,16.0,16.0,556900.0,-879000.0,8910400.0,0.0,False,False
2025-04-25,Co-op,16.0,16.0,962500.0,-1438800.0,15400000.0,0.0,False,False
2025-04-28,Co-op,16.0,16.0,1192000.0,340455.0,19072000.0,,False,False
2025-04-29,Co-op,14.65,14.65,227200.0,-367500.0,3328480.0,-8.44,False,False
2025-04-30,Co-op,14.4,14.4,193200.0,-347250.0,2782080.0,-1.71,False,False
2025-05-02,Co-op,14.4,14.4,321200.0,106585.0,4625280.0,,False,False
2025-05-05,Co-op,14.1,14.1,602200.0,-892720.0,8491020.0,,False,False
2025-05-06,Co-op,13.95,13.95,523000.0,2689365.0,7295850.0,-1.06,False,False
2025-05-07,Co-op,14.1,14.1,539500.0,2679600.0,7606950.0,1.08,False,False
2025-05-08,Co-op,14.1,14.1,492500.0,-779550.0,6944250.0,0.0,False,False
2025-05-09,Co-op,14.25,14.25,235700.0,-82960.0,3358725.0,1.06,False,False
2025-05-12,Co-op,14.2,14.2,778600.0,4819885.0,11056120.0,,False,False
2025-05-13,Co-op,14.3,14.3,16565400.0,0.0,236885220.0,0.7,False,False
2025-05-14,Co-op,15.05,15.05,207200.0,1450.0,3118360.0,5.24,False,False
2025-05-15,Co-op,15.1,15.1,281900.0,6000.0,4256690.0,0.33,False,False
2025-05-16,Co-op,15.5,15.5,1369300.0,-938850.0,21224150.0,2.65,False,False
2025-05-19,Co-op,16.45,16.45,10099400.0,-2501290.0,166135130.0,,False,False
2025-05-20,Co-op,16.45,16.45,2159500.0,0.0,35523775.0,0.0,False,False
2025-05-21,Co-op,16.05,16.05,146500.0,0.0,2351325.0,-2.43,False,False
2025-05-22,Co-op,15.85,15.85,106700.0,36800.0,1691195.0,-1.25,False,False
2025-05-23,Co-op,15.7,15.7,72200.0,4740.0,1133540.0,-0.95,False,False
2025-05-26,Co-op,15.55,15.55,185900.0,0.0,2890745.0,,False,False
2025-05-27,Co-op,15.55,15.55,149400.0,0.0,2323170.0,0.0,False,False
2025-05-28,Co-op,15.5,15.5,279100.0,2386400.0,4326050.0,-0.32,False,False
2025-05-29,Co-op,15.5,15.5,152400.0,0.0,2362200.0,0.0,False,False
2025-05-30,Co-op,15.5,15.5,194300.0,-325550.0,3011650.0,0.0,False,False
2025-06-03,Co-op,15.45,15.45,215100.0,-88350.0,3323295.0,,False,False
2025-06-04,Co-op,15.45,15.45,111400.0,3070.0,1721130.0,0.0,False,False
2025-06-05,Co-op,15.5,15.5,1240600.0,2263000.0,19229300.0,0.32,False,False
2025-06-09,Co-op,15.45,15.45,424200.0,0.0,6553890.0,,False,False
2025-06-10,Co-op,15.6,15.6,202300.0,7750.0,3155880.0,0.97,False,False
2025-06-11,Co-op,15.95,15.95,887600.0,-7950.0,14157220.0,2.24,False,False
2025-06-12,Co-op,16.15,16.15,716700.0,-132225.0,11574704.999999998,1.25,False,False
2025-06-13,Co-op,16.7,16.7,2596800.0,-20760445.0,43366560.0,3.41,False,False
2025-06-16,Co-op,16.55,16.55,501100.0,0.0,8293205.0,,False,False
2025-06-17,Co-op,16.35,16.35,1198300.0,-15036585.0,19592205.0,-1.21,False,False
2025-06-18,Co-op,16.35,16.35,194800.0,0.0,3184980.0000000005,0.0,False,False
2025-06-19,Co-op,16.5,16.5,2663100.0,-16500000.0,43941150.0,0.92,False,False
2025-06-20,Co-op,16.65,16.65,1143800.0,-1690040.0,19044270.0,0.91,False,False
2025-06-23,Co-op,16.65,16.65,1139300.0,-14996680.0,18969345.0,,False,False
2025-06-24,Co-op,17.0,17.0,1317600.0,-11647810.0,22399200.0,2.1,False,False
2025-06-25,Co-op,17.0,17.0,579600.0,-2995400.0,9853200.0,0.0,False,False
2025-06-26,Co-op,16.9,16.9,787200.0,-11174930.0,13303679.999999998,-0.59,False,False
2025-06-27,Co-op,17.35,17.35,1812000.0,-3856840.0,31438200.000000004,2.66,False,False
2025-06-30,Co-op,17.9,17.9,1322000.0,0.0,23663799.999999996,,False,False
2025-07-01,Co-op,17.55,17.55,238300.0,0.0,4182165.0,-1.96,False,False
2025-07-02,Co-op,17.05,17.05,442900.0,510000.0,7551445.0,-2.85,False,False
2025-07-03,Co-op,17.1,17.1,146000.0,35700.0,2496600.0,0.29,False,False
2025-07-04,Co-op,17.3,17.3,259300.0,26100.0,4485890.0,1.17,False,False
2025-07-07,Co-op,17.3,17.3,255700.0,292370.0,4423610.0,,False,False
2025-07-08,Co-op,17.25,17.25,138800.0,0.0,2394300.0,-0.29,False,False
2025-07-09,Co-op,17.15,17.15,229600.0,0.0,3937639.9999999995,-0.58,False,False
2025-07-10,Co-op,17.05,17.05,615200.0,24080.0,10489160.0,-0.58,False,False
2025-07-11,Co-op,17.05,17.05,221700.0,0.0,3779985.0,0.0,False,False
2025-07-14,Co-op,16.9,16.9,150800.0,-447205.0,2548520.0,,False,False
2025-07-15,Co-op,17.0,17.0,3751000.0,0.0,63767000.0,0.59,False,False
2025-07-16,Co-op,16.95,16.95,304300.0,77610.0,5157885.0,-0.29,False,False
2025-07-17,Co-op,16.85,16.85,870300.0,463060.0,14664555.000000002,-0.59,False,False
2025-07-18,Co-op,16.75,16.75,134700.0,0.0,2256225.0,-0.59,False,False
2025-07-21,Co-op,16.45,16.45,448800.0,3300.0,7382760.0,,False,False
2025-07-22,Co-op,16.45,16.45,271900.0,0.0,4472755.0,0.0,False,False
2025-07-23,Co-op,16.5,16.5,464600.0,204375.0,7665900.0,0.3,False,False
2025-07-24,Co-op,16.6,16.6,726800.0,10017830.0,12064880.000000002,0.61,False,False
2025-07-25,Co-op,16.65,16.65,161700.0,0.0,2692305.0,0.3,False,False
2025-07-28,Co-op,17.0,17.0,133500.0,0.0,2269500.0,,False,False
2025-07-29,Co-op,17.0,17.0,505000.0,340000.0,8585000.0,0.0,False,False
2025-07-30,Co-op,17.0,17.0,355500.0,0.0,6043500.0,0.0,False,False
2025-07-31,Co-op,17.0,17.0,396200.0,0.0,6735400.0,0.0,False,False
2025-08-01,Co-op,16.7,16.7,356600.0,0.0,5955220.0,-1.76,False,False
2025-08-04,Co-op,16.65,16.65,182800.0,-646015.0,3043619.9999999995,,False,False
2025-08-05,Co-op,16.6,16.6,99600.0,0.0,1653360.0000000002,-0.3,False,False
2025-08-06,Co-op,16.55,16.55,1270200.0,1711560.0,21021810.0,-0.3,False,False
2025-08-07,Co-op,16.8,16.8,599000.0,6845665.0,10063200.0,1.51,False,False
2025-08-08,Co-op,16.95,16.95,288246.0,1709910.9,4885769.7,0.89,False,False
2025-08-11,Co-op,16.9,16.9,454683.0,59651.5,7684142.699999999,,False,False
2025-08-12,Co-op,17.0,17.0,479069.0,1797665.3,8144173.0,0.59,False,False
2025-08-13,Co-op,17.35,17.35,547237.0,64981.35,9494561.950000001,2.06,False,False
2025-08-14,Co-op,17.4,17.4,299123.0,-40135.4,5204740.199999999,0.29,False,False
2025-08-15,Co-op,17.35,17.35,833992.0,-247338.6,14469761.200000001,-0.29,False,False
2025-08-18,Co-op,17.1,17.1,438901.0,-3165031.75,7505207.100000001,,False,False
2025-08-19,Co-op,17.25,17.25,303519.0,1103620.75,5235702.75,0.88,False,False
2025-08-20,Co-op,17.25,17.25,2307627.0,0.0,39806565.75,0.0,False,False
2025-08-21,Co-op,17.35,17.35,133666.0,0.0,2319105.1,0.58,False,False
2025-08-22,Co-op,17.35,17.35,606178.0,0.0,10517188.3,0.0,False,False
2025-08-25,Co-op,17.45,17.45,504796.0,0.0,8808690.2,,False,False
2025-08-26,Co-op,17.55,17.55,661787.0,0.0,11614361.85,0.57,False,False
2025-08-27,Co-op,17.55,17.55,256107.0,51295.0,4494677.850000001,0.0,False,False
2025-08-28,Co-op,17.65,17.65,836571.0,0.0,14765478.149999999,0.57,False,False
2025-08-29,Co-op,17.8,17.8,971011.0,0.0,17283995.8,0.85,False,False
2025-09-01,Co-op,17.8,17.8,1645194.0,91509.8,29284453.200000003,,False,False
2025-09-02,Co-op,18.2,18.2,9985352.0,16430.0,181733406.4,2.25,False,False
2025-09-03,Co-op,18.45,18.45,2949823.0,-495615.25,54424234.35,1.37,False,False
2025-09-04,Co-op,19.2,19.2,2975023.0,0.0,57120441.6,4.07,False,False
2025-09-05,Co-op,20.3,20.3,8399196.0,-70799.0,170503678.8,5.73,False,False
2025-09-08,Co-op,21.0,21.0,3229764.0,-424683.0,67825044.0,,False,False
2025-09-09,Co-op,21.45,21.45,8159549.0,-203175.0,175022326.04999998,2.14,False,False
2025-09-10,Co-op,21.25,21.25,2496229.0,-7055024.3,53044866.25,-0.93,False,False
2025-09-11,Co-op,21.0,21.0,4835089.0,-3324827.0,101536869.0,-1.18,False,False
2025-09-12,Co-op,19.9,19.9,119718.0,179051.25,2382388.1999999997,-5.24,False,False
2025-09-15,Co-op,20.8,20.8,1079113.0,42900.0,22445550.400000002,4.52,False,False
2025-09-16,Co-op,20.3,20.3,737029.0,46396.55,14961688.700000001,-2.4,False,False
2025-09-17,Co-op,20.35,20.35,256542.0,0.0,5220629.7,0.25,False,False
2025-09-18,Co-op,19.8,19.8,130152.0,65286.65,2577009.6,-2.7,False,False
2025-09-19,Co-op,19.15,19.15,561724.0,0.0,10757014.6,-3.28,False,False
2025-09-22,Co-op,18.95,18.95,240398.0,51165.0,4555542.1,-1.04,False,False
2025-09-23,Co-op,18.95,18.95,548640.0,0.0,10396728.0,0.0,False,False
2025-09-24,Co-op,20.35,20.35,964786.0,0.0,19633395.1,7.39,False,False
2025-09-25,Co-op,21.4,21.4,3259865.0,0.0,69761111.0,5.16,False,False
2025-09-26,Co-op,21.15,21.15,1363958.0,0.0,28847711.7,-1.17,False,False
2025-09-29,Co-op,20.95,20.95,688465.0,0.0,14423341.75,-0.95,False,False
2025-09-30,Co-op,21.4,21.4,594324.0,0.0,12718533.6,2.15,False,False
2025-10-01,Co-op,21.0,21.0,74545.0,0.0,1565445.0,-1.87,False,False
2025-10-02,Co-op,20.85,20.85,270758.0,0.0,5645304.300000001,-0.71,False,False
2025-10-03,Co-op,20.7,20.7,113242.0,0.0,2344109.4,-0.72,False,False
2025-10-06,Co-op,20.85,20.85,240466.0,41800.0,5013716.100000001,0.72,False,False
2025-10-07,Co-op,20.7,20.7,1162009.0,559302.9,24053586.3,-0.72,False,False
2025-10-08,Co-op,20.55,20.55,184608.0,2050.0,3793694.4,-0.72,False,False
2025-10-09,Co-op,20.0,20.0,1770108.0,-2345221.45,35402160.0,-2.68,False,False
2025-10-13,Co-op,19.95,19.95,196242.0,118166.55,3915027.9,-0.25,False,False
2025-10-14,Co-op,19.7,19.7,133523.0,107325.0,2630403.1,-1.25,False,False
2025-10-15,Co-op,19.7,19.7,326093.0,0.0,6424032.1,0.0,False,False
2025-10-16,Co-op,19.95,19.95,406943.0,-9850.0,8118512.85,1.27,False,False
2025-10-21,Co-op,20.0,20.0,1228337.0,68760.0,24566740.0,0.25,False,False
2025-10-22,Co-op,20.0,20.0,1726461.0,51800.0,34529220.0,0.0,False,False
2025-10-23,Co-op,20.05,20.05,838367.0,0.0,16809258.35,0.25,False,False
2025-10-24,Co-op,20.35,20.35,403883.0,498898.0,8219019.050000001,1.5,False,False
2025-10-27,Co-op,20.75,20.75,91914.0,120598.2,1907215.5,1.97,False,False
2025-10-28,Co-op,20.7,20.7,353475.0,109728.8,7316932.5,-0.24,False,False
2025-10-29,Co-op,20.75,20.75,219563.0,-13385.0,4555932.25,0.24,False,False
2025-10-30,Co-op,21.0,21.0,677411.0,114081.0,14225631.0,1.2,False,False
2025-10-31,Co-op,21.1,21.1,486694.0,-57270.7,10269243.4,0.48,False,False
2025-11-03,Co-op,21.65,21.65,226309.0,0.0,4899589.85,2.61,False,False
2025-11-04,Co-op,21.65,21.65,365824.0,-558299.35,7920089.6,0.0,False,False
2025-11-05,Co-op,21.8,21.8,1232181.0,134450.0,26861545.8,0.69,False,False
2025-11-06,Co-op,22.05,22.05,625027.0,2420.0,13781845.35,1.15,False,False
2025-11-07,Co-op,22.9,22.9,1496145.0,25244.0,34261720.5,3.85,False,False
2025-11-10,Co-op,22.95,22.95,400884.0,-1162747.5,9200287.799999999,0.22,False,False
2025-11-11,Co-op,22.8,22.8,1496514.0,-1111832.5,34120519.2,-0.65,False,False
2025-11-12,Co-op,22.75,22.75,247164.0,80848.8,5622981.0,-0.22,False,False
2025-11-13,Co-op,24.9,24.9,3494165.0,0.0,87004708.5,9.45,False,False
2025-11-14,Co-op,24.8,24.8,4528746.0,0.0,112312900.8,-0.4,False,False
2025-11-17,Co-op,24.9,24.9,1017936.0,-101347.25,25346606.4,0.4,False,False
2025-11-18,Co-op,25.0,25.0,879446.0,-13925.0,21986150.0,0.4,False,False
2025-11-19,Co-op,24.55,24.55,6722676.0,37125.0,165041695.8,-1.8,False,False
2025-11-20,Co-op,24.45,24.45,344188.0,147000.0,8415396.6,-0.41,False,False
2025-11-21,Co-op,23.95,23.95,377447.0,7200.0,9039855.65,-2.04,False,False
2025-11-24,Co-op,23.65,23.65,811340.0,13584968.45,19188191.0,-1.25,False,False
2025-11-25,Co-op,23.7,23.7,560183.0,-102522.75,13276337.1,0.21,False,False
2025-11-26,Co-op,23.35,23.35,610990.0,0.0,14266616.5,-1.48,False,False
2025-11-27,Co-op,21.65,21.65,188379.0,16960.0,4078405.3499999996,-7.28,False,False
2025-11-28,Co-op,22.9,22.9,1672520.0,0.0,38300708.0,5.77,False,False
2025-12-01,Co-op,21.85,21.85,184100.0,0.0,4022585.0000000005,-4.59,False,False
2025-12-02,Co-op,22.45,22.45,673071.0,40620.0,15110443.95,2.75,False,False
2025-12-03,Co-op,23.1,23.1,745886.0,0.0,17229966.6,2.9,False,False
2025-12-04,Co-op,23.25,23.25,583488.0,51763.0,13566096.0,0.65,False,False
2025-12-05,Co-op,22.8,22.8,2931192.0,20425.0,66831177.6,-1.94,False,False
2025-12-08,Co-op,23.15,23.15,366496.0,0.0,8484382.4,1.54,False,False
2025-12-09,Co-op,21.95,21.95,1747198.0,0.0,38350996.1,-5.18,False,False
2025-12-10,Co-op,21.8,21.8,185589.0,0.0,4045840.2,-0.68,False,False
2025-12-11,Co-op,21.8,21.8,213670.0,0.0,4658006.0,0.0,False,False
2025-12-15,Co-op,21.9,21.9,1345393.0,103788.45,29464106.7,0.46,False,False
2025-12-16,Co-op,22.0,22.0,932972.0,37360.0,20525384.0,0.46,False,False
2025-12-17,Co-op,22.7,22.7,1056842.0,135859.35,23990313.4,3.18,False,False
2025-12-18,Co-op,22.9,22.9,587953.0,27450.0,13464123.7,0.88,False,False
2025-12-19,Co-op,23.25,23.25,164691.0,82339.0,3829065.75,1.53,False,False
2025-12-22,Co-op,23.65,23.65,929664.0,-125916.75,21986553.599999998,1.72,False,False
2025-12-23,Co-op,23.8,23.8,693798.0,0.0,16512392.4,0.63,False,False
2025-12-24,Co-op,23.7,23.7,613625.0,0.0,14542912.5,-0.42,False,False
2025-12-29,Co-op,23.85,23.85,1179068.0,-439296.0,28120771.8,0.63,False,False
2025-12-30,Co-op,23.95,23.95,1117541.0,-933576.0,26765106.95,0.42,False,False
2025-12-31,Co-op,23.95,23.95,918054.0,-8904744.0,21987393.3,0.0,False,False
2026-01-02,Co-op,23.9,23.9,125042.0,-1021044.0,2988503.8,-0.21,False,False
2026-01-05,Co-op,23.75,23.75,188590.0,-1031429.7,4479012.5,-0.63,False,False
2026-01-06,Co-op,24.75,24.75,702663.0,-110180.0,17390909.25,4.21,False,False
2026-01-07,Co-op,25.75,25.75,533918.0,95810.0,13748388.5,4.04,False,False
2026-01-08,Co-op,26.1,26.1,491368.0,-88496.5,12824704.8,1.36,False,False
2026-01-09,Co-op,25.95,25.95,381773.0,0.0,9907009.35,-0.57,False,False
2026-01-12,Co-op,26.0,26.0,1441504.0,-1492062.0,37479104.0,0.19,False,False
2026-01-13,Co-op,26.45,26.45,1372754.0,-1165980.5,36309343.3,1.73,False,False
2026-01-14,Co-op,26.9,26.9,769228.0,101945.5,20692233.2,1.7,False,False
2026-01-15,Co-op,26.95,26.95,837461.0,122585.95,22569573.95,0.19,False,False
2026-01-16,Co-op,26.95,26.95,493548.0,270082.5,13301118.6,0.0,False,False
2026-01-19,Co-op,26.9,26.9,207370.0,-13450.0,5578253.0,-0.19,False,False
2026-01-20,Co-op,27.0,27.0,124023.0,250282.1,3348621.0,0.37,False,False
2026-01-21,Co-op,27.05,27.05,359336.0,27842.0,9720038.8,0.19,False,False
2026-01-22,Co-op,27.15,27.15,2053802.0,80300.5,55760724.3,0.37,False,False
2026-01-23,Co-op,27.45,27.45,358316.0,146547.5,9835774.2,1.1,False,False
2026-01-26,Co-op,27.95,27.95,478273.0,2800.0,13367730.35,1.82,False,False
2026-01-27,Co-op,28.65,28.65,638468.0,202018.0,18292108.2,2.5,False,False
2026-01-28,Co-op,28.3,28.3,463115.0,96385.55,13106154.5,-1.22,False,False
2026-01-29,Co-op,27.8,27.8,299401.0,1287112.3,8323347.8,-1.77,False,False
2026-01-30,Co-op,27.2,27.2,437643.0,391950.0,11903889.6,-2.16,False,False
2026-02-02,Co-op,27.8,27.8,1210497.0,69288.9,33651816.6,2.21,False,False
2026-02-03,Co-op,28.0,28.0,600653.0,141713.0,16818284.0,0.72,False,False
2026-02-04,Co-op,28.15,28.15,216573.0,0.0,6096529.949999999,0.54,False,False
2026-02-05,Co-op,28.45,28.45,243476.0,181545.0,6926892.2,1.07,False,False
2026-02-06,Co-op,28.35,28.35,488181.0,0.0,13839931.350000001,-0.35,False,False
2026-02-09,Co-op,28.65,28.65,311958.0,-116173.55,8937596.7,1.06,False,False
2026-02-10,Co-op,28.6,28.6,15573807.0,-1902028.25,445410880.20000005,-0.17,False,False
2026-02-11,Co-op,28.6,28.6,1244401.0,58745.8,35589868.6,0.0,False,False
2026-02-12,Co-op,28.65,28.65,1511554.0,280765.0,43306022.1,0.17,False,False
2026-02-13,Co-op,29.6,29.6,661730.0,-1984907.75,19587208.0,3.32,False,False
2026-02-16,Co-op,29.1,29.1,5839093.0,-57819662.75,169917606.3,-1.69,False,False
2026-02-17,Co-op,29.65,29.65,719762.0,0.0,21340943.3,1.89,False,False
2026-02-18,Co-op,29.5,29.5,414560.0,108619.1,12229520.0,-0.51,False,False
2026-02-19,Co-op,29.4,29.4,385613.0,498100.0,11337022.2,-0.34,False,False
2026-02-20,Co-op,29.05,29.05,1161775.0,35090.0,33749563.75,-1.19,False,False
2026-02-23,Co-op,29.2,29.2,247415.0,-1454.5,7224518.0,0.52,False,False
2026-02-24,Co-op,29.0,29.0,556511.0,139693.0,16138819.0,-0.68,False,False
2026-02-25,Co-op,29.0,29.0,3894497.0,3478336.0,112940413.0,0.0,False,False
2026-02-26,Co-op,29.0,29.0,3894497.0,822157.5,112940413.0,0.0,False,False
2026-02-27,Co-op,29.2,29.2,2900214.0,3042508.8,84686248.8,0.69,False,False
2026-03-02,Co-op,30.55,30.55,272117.0,59429.1,8313174.350000001,4.62,False,False
2026-03-03,Co-op,31.0,31.0,931615.0,114631.55,28880065.0,1.47,False,False
2026-03-04,Co-op,30.45,30.45,1262638.0,0.0,38447327.1,-1.77,False,False
2026-03-05,Co-op,29.85,29.85,835689.0,-175017.9,24945316.650000002,-1.97,False,False
2026-03-06,Co-op,30.0,30.0,392736.0,37049.55,11782080.0,0.5,False,False
2026-03-09,Co-op,29.9,29.9,496641.0,-2981363.95,14849565.899999999,-0.33,False,False
2026-03-10,Co-op,29.8,29.8,298781.0,101830.0,8903673.8,-0.33,False,False
2026-03-11,Co-op,29.9,29.9,228099.0,0.0,6820160.1,0.34,False,False
2026-03-12,Co-op,29.85,29.85,406945.0,0.0,12147308.25,-0.17,False,False
2026-03-13,Co-op,29.95,29.95,486646.0,0.0,14575047.7,0.34,False,False
2026-03-16,Co-op,30.1,30.1,303056.0,0.0,9121985.6,0.5,False,False
2026-03-17,Co-op,30.15,30.15,436288.0,14975.0,13154083.2,0.17,False,False
2026-03-18,Co-op,29.95,29.95,239207.0,0.0,7164249.649999999,-0.66,False,False
2026-03-19,Co-op,29.95,29.95,1566363.0,181638.75,46912571.85,0.0,False,False
2026-03-23,Co-op,30.05,30.05,1105943.0,-259265.5,33233587.150000002,0.33,False,False
2026-03-24,Co-op,29.45,29.45,1558640.0,-408800.0,45901948.0,-2.0,False,False
2026-03-25,Co-op,28.75,28.75,823387.0,0.0,23672376.25,-2.38,False,False
2026-03-26,Co-op,27.15,27.15,1173432.0,-748379.65,31858678.799999997,-5.57,False,False
2026-03-27,Co-op,27.0,27.0,1443104.0,5433523.7,38963808.0,-0.55,False,False
2026-03-30,Co-op,27.15,27.15,909906.0,4260.0,24703947.9,0.56,False,False
2026-03-31,Co-op,27.0,27.0,875384.0,70318.5,23635368.0,-0.55,False,False
2026-04-01,Co-op,27.5,27.5,415028.0,0.0,11413270.0,1.85,False,False
2026-04-02,Co-op,28.7,28.7,463530.0,62993.0,13303311.0,4.36,False,False
2026-04-07,Co-op,28.75,28.75,234077.0,-5586.75,6729713.75,0.17,False,False
2026-04-08,Co-op,30.0,30.0,686820.0,5886.15,20604600.0,4.35,False,False
2026-04-09,Co-op,30.75,30.75,879108.0,0.0,27032571.0,2.5,False,False
2026-04-10,Co-op,30.9,30.9,1403169.0,0.0,43357922.1,0.49,False,False
2026-04-13,Co-op,31.2,31.2,615153.0,0.0,19192773.599999998,0.97,False,False
2026-04-14,Co-op,31.9,31.9,519504.0,13504.0,16572177.6,2.24,False,False
2026-04-15,Co-op,31.95,31.95,548875.0,9750.0,17536556.25,0.16,False,False
2026-04-16,Co-op,32.4,32.4,772043.0,674375.0,25014193.2,1.41,False,False
2026-04-17,Co-op,32.5,32.5,679032.0,-3259046.6,22068540.0,0.31,False,False
2026-04-20,Co-op,32.3,32.3,483836.0,-3300000.0,15627902.799999999,-0.62,False,False
2026-04-21,Co-op,32.2,32.2,806807.0,-1647298.8,25979185.400000002,-0.31,False,False
2026-04-22,Co-op,32.9,32.9,2815492.0,-1160715.3,92629686.8,2.17,False,False
2026-04-23,Co-op,32.55,32.55,2229205.0,131234.0,72560622.75,-1.06,False,False
2026-04-24,Co-op,32.2,32.2,461433.0,30976.0,14858142.600000001,-1.08,False,False
2026-04-27,Co-op,32.3,32.3,689491.0,0.0,22270559.299999997,0.31,False,False
2026-04-28,Co-op,31.9,31.9,349588.0,3190636.0,11151857.2,-1.24,False,False
2026-04-29,Co-op,31.6,31.6,125215.0,87920.0,3956794.0,-0.94,False,False
2026-04-30,Co-op,31.3,31.3,240179.0,29011.9,7517602.7,-0.95,False,False
2026-05-04,Co-op,29.55,29.55,359327.0,2920602.45,10618112.85,-5.59,False,False
2026-05-05,Co-op,29.25,29.25,190375.0,1874.5,5568468.75,-1.02,False,False
2026-05-06,Co-op,29.3,29.3,2947888.0,-2090.95,86373118.4,0.17,False,False
2026-05-07,Co-op,29.3,29.3,187628.0,-56809.05,5497500.4,0.0,False,False
2026-05-08,Co-op,29.4,29.4,116400.0,-36875.0,3422160.0,0.34,False,False
2026-05-11,Co-op,30.0,30.0,358996.0,-66055.0,10769880.0,2.04,False,False
2026-05-12,Co-op,31.4,31.4,349729.0,-56533.0,10981490.6,4.67,False,False
2026-05-13,Co-op,31.6,31.6,1329662.0,-3196615.35,42017319.2,0.64,False,False
2026-05-14,Co-op,32.65,32.65,928927.0,6312402.5,30329466.549999997,3.32,False,False
2026-05-15,Co-op,32.5,32.5,1943944.0,6505253.5,63178180.0,-0.46,False,False
2026-05-18,Co-op,31.95,31.95,578404.0,146954.0,18480007.8,-1.69,False,False
2026-05-19,Co-op,32.45,32.45,840083.0,-37924.0,27260693.35,1.56,False,False
2026-05-20,Co-op,32.55,32.55,692639.0,0.0,22545399.45,0.31,False,False
2026-05-21,Co-op,32.35,32.35,708231.0,642.0,22911272.85,-0.61,False,False
2026-05-22,Co-op,32.25,32.25,493233.0,0.0,15906764.25,-0.31,False,False
2026-05-25,Co-op,32.25,32.25,1032194.0,1500.0,33288256.5,0.0,False,False
2026-05-26,Co-op,31.8,31.8,153982.0,-258283.55,4896627.600000001,-1.4,False,False
2026-05-28,Co-op,31.75,31.75,316072.0,28440.0,10035286.0,-0.16,False,False
2026-05-29,Co-op,32.1,32.1,570048.0,-3966234.75,18298540.8,1.1,False,False
2026-06-02,Co-op,32.0,32.0,548474.0,9600.0,17551168.0,-0.31,False,False
2026-06-03,Co-op,31.9,31.9,1001694.0,3168.0,31954038.599999998,-0.31,False,False
2026-06-04,Co-op,31.8,31.8,540768.0,1590000.0,17196422.400000002,-0.31,False,False
2026-06-05,Co-op,31.95,31.95,387226.0,3200000.0,12371870.7,0.47,False,False
2026-06-08,Co-op,31.45,31.45,790255.0,6406051.2,24853519.75,-1.56,False,False
2026-06-09,Co-op,31.25,31.25,252458.0,18278.75,7889312.5,-0.64,False,False
2026-06-10,Co-op,31.05,31.05,214702.0,0.0,6666497.100000001,-0.64,False,False
2026-06-11,Co-op,31.3,31.3,1398586.0,0.0,43775741.800000004,0.81,False,False
2026-06-12,Co-op,31.7,31.7,981116.0,0.0,31101377.2,1.28,False,False
2026-06-15,Co-op,31.9,31.9,1034455.0,0.0,32999114.5,0.63,False,False
2026-06-16,Co-op,31.35,31.35,2346287.0,-3180.0,73556097.45,-1.72,False,False
2026-06-17,Co-op,31.55,31.55,2385239.0,8277.55,75254290.45,0.64,False,False
2026-06-18,Co-op,32.7,32.7,670009.0,88145.3,21909294.3,3.65,False,False
2026-06-19,Co-op,33.3,33.3,1355896.0,196060.5,45151336.8,1.83,False,False
2026-06-22,Co-op,34.75,34.75,394701.0,4358063.2,13715859.75,4.35,False,False
2026-06-23,Co-op,35.55,35.55,950484.0,-159376.2,33789706.199999996,2.3,False,False
2026-06-24,Co-op,34.2,34.2,574972.0,272332.3,19664042.400000002,-3.8,False,False
2026-06-25,Co-op,34.8,34.8,1308502.0,119000.0,45535869.599999994,1.75,False,False
2026-06-26,Co-op,34.5,34.5,1917529.0,1605722.05,66154750.5,-0.86,False,False
2026-06-29,Co-op,34.45,34.45,425148.0,389642.95,14646348.600000001,-0.14,False,False
2017-09-01,Equity,39.25,39.25,5141800.0,-82721887.5,201815650.0,0.0,False,False
2017-09-04,Equity,39.0,39.0,1659900.0,-31557550.0,64736100.0,,False,False
2017-09-05,Equity,38.75,38.75,4702200.0,-85799775.0,182210250.0,-0.64,False,False
2017-09-06,Equity,39.0,39.0,6066400.0,-114764487.5,236589600.0,0.65,False,False
2017-09-07,Equity,39.0,39.0,5251800.0,-101329450.0,204820200.0,0.0,False,False
2017-09-08,Equity,40.0,40.0,2510500.0,0.0,100420000.0,2.56,False,False
2017-09-11,Equity,39.5,39.5,6539200.0,-63006062.5,258298400.0,,False,False
2017-09-12,Equity,39.75,39.75,3902000.0,-74575750.0,155104500.0,0.63,False,False
2017-09-13,Equity,40.0,40.0,3641100.0,-50905950.0,145644000.0,0.63,False,False
2017-09-14,Equity,39.5,39.5,403100.0,-4906187.5,15922450.0,-1.25,False,False
2017-09-15,Equity,39.0,39.0,3519700.0,-26449000.0,137268300.0,-1.27,False,False
2017-09-18,Equity,39.25,39.25,51100.0,0.0,2005675.0,,False,False
2017-09-19,Equity,39.0,39.0,694200.0,0.0,27073800.0,-0.64,False,False
2017-09-20,Equity,39.0,39.0,471400.0,-7642000.0,18384600.0,0.0,False,False
2017-09-21,Equity,38.75,38.75,1272400.0,-22822025.0,49305500.0,-0.64,False,False
2017-09-22,Equity,38.75,38.75,195900.0,-2678550.0,7591125.0,0.0,False,False
2017-09-25,Equity,38.0,38.0,366800.0,-6539262.5,13938400.0,,False,False
2017-09-26,Equity,37.0,37.0,440500.0,-6509325.0,16298500.0,-2.63,False,False
2017-09-27,Equity,37.0,37.0,495400.0,1027650.0,18329800.0,0.0,False,False
2017-09-28,Equity,37.0,37.0,384300.0,614637.5,14219100.0,0.0,False,False
2017-09-29,Equity,36.0,36.0,514800.0,-7391662.5,18532800.0,-2.7,False,False
2017-10-02,Equity,36.5,36.5,1055900.0,-20020487.5,38540350.0,,False,False
2017-10-03,Equity,35.75,35.75,29900.0,-73650.0,1068925.0,-2.05,False,False
2017-10-04,Equity,35.5,35.5,673300.0,,23902150.0,-0.7,False,False
2017-10-05,Equity,36.0,36.0,3905700.0,-39234725.0,140605200.0,1.41,False,False
2017-10-06,Equity,36.0,36.0,221300.0,2127500.0,7966800.0,0.0,False,False
2017-10-09,Equity,36.0,36.0,1632100.0,-28102262.5,58755600.0,,False,False
2017-10-10,Equity,36.25,36.25,2604200.0,0.0,94402250.0,0.69,False,False
2017-10-11,Equity,36.25,36.25,2010900.0,-4945850.0,72895125.0,0.0,False,False
2017-10-12,Equity,36.25,36.25,87500.0,0.0,3171875.0,0.0,False,False
2017-10-13,Equity,36.5,36.5,1735800.0,-12300437.5,63356700.0,0.69,False,False
2017-10-18,Equity,36.25,36.25,208300.0,3021487.5,7550875.0,,False,False
2017-10-19,Equity,36.5,36.5,6734000.0,45753475.0,245791000.0,0.69,False,False
2017-10-23,Equity,38.0,38.0,2667200.0,12929450.0,101353600.0,,False,False
2017-10-24,Equity,40.75,40.75,4501900.0,67612600.0,183452425.0,7.24,False,False
2017-10-27,Equity,40.75,40.75,2003700.0,-10929975.0,81650775.0,,False,False
2017-10-30,Equity,40.25,40.25,786900.0,-4343775.0,31672725.0,,False,False
2017-10-31,Equity,40.0,40.0,227600.0,-475187.5,9104000.0,-0.62,False,False
2017-11-01,Equity,40.0,40.0,4239700.0,57466162.5,169588000.0,0.0,False,False
2017-11-02,Equity,40.25,40.25,3092000.0,40666650.0,124453000.0,0.63,False,False
2017-11-03,Equity,40.0,40.0,1436000.0,-607975.0,57440000.0,-0.62,False,False
2017-11-06,Equity,40.0,40.0,1626200.0,30602400.0,65048000.0,,False,False
2017-11-07,Equity,39.5,39.5,2993400.0,19886225.0,118239300.0,-1.25,False,False
2017-11-08,Equity,39.0,39.0,1269200.0,21765075.0,49498800.0,-1.27,False,False
2017-11-09,Equity,40.0,40.0,144400.0,2000000.0,5776000.0,2.56,False,False
2017-11-10,Equity,40.25,40.25,515500.0,-3160462.5,20748875.0,0.63,False,False
2017-11-13,Equity,40.75,40.75,1017500.0,14354750.0,41463125.0,,False,False
2017-11-14,Equity,42.0,42.0,125400.0,46275.0,5266800.0,3.07,False,False
2017-11-15,Equity,42.5,42.5,306900.0,-162000.0,13043250.0,1.19,False,False
2017-11-16,Equity,43.25,43.25,591300.0,869162.5,25573725.0,1.76,False,False
2017-11-17,Equity,43.0,43.0,3865600.0,54144812.5,166220800.0,-0.58,False,False
2017-11-20,Equity,43.0,43.0,3138600.0,43693850.0,134959800.0,,False,False
2017-11-21,Equity,43.0,43.0,2447700.0,-3081075.0,105251100.0,0.0,False,False
2017-11-23,Equity,43.0,43.0,628200.0,-9697287.5,27012600.0,,False,False
2017-11-24,Equity,42.75,42.75,2898200.0,27973650.0,123898050.0,-0.58,False,False
2017-11-27,Equity,42.25,42.25,284200.0,1304037.5,12007450.0,,False,False
2017-11-29,Equity,42.25,42.25,2231800.0,14830700.0,94293550.0,,False,False
2017-11-30,Equity,42.0,42.0,3832800.0,39131700.0,160977600.0,-0.59,False,False
2017-12-01,Equity,41.0,41.0,2416600.0,3586300.0,99080600.0,-2.38,False,False
2017-12-04,Equity,40.5,40.5,4629900.0,-16832787.5,187510950.0,,False,False
2017-12-05,Equity,41.0,41.0,1513100.0,-977012.5,62037100.0,1.23,False,False
2017-12-06,Equity,40.75,40.75,891900.0,-4697150.0,36344925.0,-0.61,False,False
2017-12-08,Equity,40.25,40.25,2429300.0,-16830500.0,97779325.0,,False,False
2017-12-11,Equity,40.25,40.25,2261100.0,1243425.0,91009275.0,,False,False
2017-12-13,Equity,40.25,40.25,3145000.0,74212.5,126586250.0,,False,False
2017-12-14,Equity,40.0,40.0,1246300.0,-2990762.5,49852000.0,-0.62,False,False
2017-12-15,Equity,40.0,40.0,3337200.0,5673412.5,133488000.0,0.0,False,False
2017-12-18,Equity,40.25,40.25,131700.0,502125.0,5300925.0,,False,False
2017-12-19,Equity,40.25,40.25,759300.0,2991987.5,30561825.0,0.0,False,False
2017-12-20,Equity,40.25,40.25,1727500.0,9402725.0,69531875.0,0.0,False,False
2017-12-21,Equity,39.0,39.0,544400.0,-10179712.5,21231600.0,-3.11,False,False
2017-12-22,Equity,38.75,38.75,102900.0,-1679437.5,3987375.0,-0.64,False,False
2017-12-27,Equity,39.75,39.75,302400.0,-5307437.5,12020400.0,,False,False
2017-12-28,Equity,39.75,39.75,80800.0,-837000.0,3211800.0,0.0,False,False
2017-12-29,Equity,40.0,40.0,338200.0,-43487.5,13528000.0,0.63,False,False
2018-01-02,Equity,40.0,40.0,338200.0,-10754225.0,13528000.0,,False,False
2018-01-03,Equity,40.25,40.25,1654600.0,-7066000.0,66597650.0,0.63,False,False
2018-01-04,Equity,40.0,40.0,1709300.0,-29504000.0,68372000.0,-0.62,False,False
2018-01-05,Equity,40.75,40.75,424700.0,-416587.5,17306525.0,1.88,False,False
2018-01-08,Equity,41.0,41.0,349200.0,-1564312.5,14317200.0,,False,False
2018-01-09,Equity,41.75,41.75,1463900.0,337425.0,61117825.0,1.83,False,False
2018-01-10,Equity,41.5,41.5,2882000.0,1320200.0,119603000.0,-0.6,False,False
2018-01-11,Equity,42.0,42.0,2021000.0,-495450.0,84882000.0,1.2,False,False
2018-01-12,Equity,42.25,42.25,177800.0,1422437.5,7512050.0,0.6,False,False
2018-01-15,Equity,42.75,42.75,855700.0,-2309087.5,36581175.0,,False,False
2018-01-16,Equity,43.25,43.25,2297400.0,-9879950.0,99362550.0,1.17,False,False
2018-01-17,Equity,44.0,44.0,1621600.0,25874400.0,71350400.0,1.73,False,False
2018-01-18,Equity,43.75,43.75,1251000.0,17262525.0,54731250.0,-0.57,False,False
2018-01-19,Equity,43.0,43.0,846400.0,15233775.0,36395200.0,-1.71,False,False
2018-01-22,Equity,42.5,42.5,2235000.0,27412462.5,94987500.0,,False,False
2018-01-23,Equity,43.25,43.25,6802400.0,-57615250.0,294203800.0,1.76,False,False
2018-01-24,Equity,43.5,43.5,3050100.0,17166262.5,132679350.0,0.58,False,False
2018-01-25,Equity,43.75,43.75,3304000.0,-23633150.0,144550000.0,0.57,False,False
2018-01-26,Equity,43.0,43.0,213200.0,3363987.5,9167600.0,-1.71,False,False
2018-01-29,Equity,43.0,43.0,381600.0,6572975.0,16408800.0,,False,False
2018-01-30,Equity,43.25,43.25,2682800.0,-42901100.0,116031100.0,0.58,False,False
2018-01-31,Equity,43.75,43.75,4875600.0,-39125700.0,213307500.0,1.16,False,False
2018-02-01,Equity,43.75,43.75,1111800.0,-19468312.5,48641250.0,0.0,False,False
2018-02-02,Equity,43.5,43.5,2481800.0,4888400.0,107958300.0,-0.57,False,False
2018-02-05,Equity,42.75,42.75,6211800.0,-3901387.5,265554450.0,,False,False
2018-02-06,Equity,42.75,42.75,7750300.0,-146695162.5,331325325.0,0.0,False,False
2018-02-07,Equity,43.25,43.25,896300.0,-4208550.0,38764975.0,1.17,False,False
2018-02-08,Equity,43.0,43.0,4201400.0,-63476950.0,180660200.0,-0.58,False,False
2018-02-09,Equity,43.0,43.0,1631100.0,-10070762.5,70137300.0,0.0,False,False
2018-02-12,Equity,43.0,43.0,5499600.0,-95133300.0,236482800.0,,False,False
2018-02-13,Equity,42.75,42.75,1810000.0,-142850.0,77377500.0,-0.58,False,False
2018-02-14,Equity,42.75,42.75,3033400.0,-16047300.0,129677850.0,0.0,False,False
2018-02-15,Equity,42.75,42.75,569800.0,-9302400.0,24358950.0,0.0,False,False
2018-02-16,Equity,43.25,43.25,1332100.0,-12335512.5,57613325.0,1.17,False,False
2018-02-19,Equity,43.0,43.0,660900.0,9582125.0,28418700.0,,False,False
2018-02-20,Equity,42.75,42.75,10547400.0,-40294012.5,450901350.0,-0.58,False,False
2018-02-21,Equity,42.75,42.75,2148100.0,-18298875.0,91831275.0,0.0,False,False
2018-02-22,Equity,43.0,43.0,1246200.0,-3713275.0,53586600.0,0.58,False,False
2018-02-23,Equity,43.25,43.25,1246200.0,-8516712.5,53898150.0,0.58,False,False
2018-02-26,Equity,44.0,44.0,5485000.0,19046075.0,241340000.0,,False,False
2018-02-27,Equity,45.25,45.25,4491000.0,7388587.5,203217750.0,2.84,False,False
2018-02-28,Equity,46.0,46.0,1418800.0,5080337.5,65264800.0,1.66,False,False
2018-03-01,Equity,47.0,47.0,547400.0,319200.0,25727800.0,2.17,False,False
2018-03-02,Equity,46.75,46.75,2317200.0,45583125.0,108329100.0,-0.53,False,False
2018-03-05,Equity,47.75,47.75,3576900.0,58267687.5,170796975.0,,False,False
2018-03-06,Equity,47.75,47.75,3843200.0,-20517025.0,183512800.0,0.0,False,False
2018-03-07,Equity,47.75,47.75,2125600.0,49935687.5,101497400.0,0.0,False,False
2018-03-08,Equity,48.0,48.0,5424200.0,0.0,260361600.0,0.52,False,False
2018-03-09,Equity,48.75,48.75,1349500.0,15925050.0,65788125.0,1.56,False,False
2018-03-12,Equity,50.0,50.0,2436600.0,572837.5,121830000.0,,False,False
2018-03-13,Equity,49.75,49.75,2185400.0,211462.5,108723650.0,-0.5,False,False
2018-03-14,Equity,51.0,51.0,7273800.0,-61656250.0,370963800.0,2.51,False,False
2018-03-15,Equity,53.0,53.0,1793700.0,18194550.0,95066100.0,3.92,False,False
2018-03-16,Equity,52.5,52.5,2839200.0,10847500.0,149058000.0,-0.94,False,False
2018-03-19,Equity,53.5,53.5,8492700.0,-1431700.0,454359450.0,,False,False
2018-03-20,Equity,52.5,52.5,9114900.0,83911925.0,478532250.0,-1.87,False,False
2018-03-21,Equity,52.5,52.5,13066600.0,72857750.0,685996500.0,0.0,False,False
2018-03-22,Equity,53.0,53.0,9624400.0,61721375.0,510093200.0,0.95,False,False
2018-03-23,Equity,53.0,53.0,4650900.0,23901075.0,246497700.0,0.0,False,False
2018-03-26,Equity,53.5,53.5,3136000.0,64595625.0,167776000.0,,False,False
2018-03-27,Equity,54.0,54.0,3115400.0,57780600.0,168231600.0,0.93,False,False
2018-03-28,Equity,53.5,53.5,5765400.0,101292750.0,308448900.0,-0.93,False,False
2018-03-29,Equity,54.0,54.0,6001800.0,81184500.0,324097200.0,0.93,False,False
2018-04-03,Equity,54.5,54.5,1355400.0,3442525.0,73869300.0,,False,False
2018-04-04,Equity,54.5,54.5,5069800.0,-8956150.0,276304100.0,0.0,False,False
2018-04-05,Equity,54.5,54.5,1332400.0,8011650.0,72615800.0,0.0,False,False
2018-04-06,Equity,56.0,56.0,2388400.0,65145375.0,133750400.0,2.75,False,False
2018-04-09,Equity,56.0,56.0,131100.0,1419275.0,7341600.0,,False,False
2018-04-10,Equity,56.0,56.0,6594800.0,36008375.0,369308800.0,0.0,False,False
2018-04-11,Equity,55.5,55.5,1350300.0,27481200.0,74941650.0,-0.89,False,False
2018-04-12,Equity,55.5,55.5,4893700.0,57288000.0,271600350.0,0.0,False,False
2018-04-13,Equity,54.0,54.0,6946200.0,41680300.0,375094800.0,-2.7,False,False
2018-04-16,Equity,51.0,51.0,2112500.0,32761950.0,107737500.0,,False,False
2018-04-17,Equity,50.0,50.0,1598700.0,15678000.0,79935000.0,-1.96,False,False
2018-04-18,Equity,51.0,51.0,3116600.0,-291875.0,158946600.0,2.0,False,False
2018-04-19,Equity,48.0,48.0,1285000.0,-14710912.5,61680000.0,-5.88,False,False
2018-04-20,Equity,48.5,48.5,1138800.0,-11268875.0,55231800.0,1.04,False,False
2018-04-23,Equity,48.75,48.75,1034200.0,-15136675.0,50417250.0,,False,False
2018-04-24,Equity,48.75,48.75,1949600.0,-24000087.5,95043000.0,0.0,False,False
2018-04-25,Equity,48.75,48.75,2045000.0,-15047125.0,99693750.0,0.0,False,False
2018-04-26,Equity,49.25,49.25,1008000.0,-7653287.5,49644000.0,1.03,False,False
2018-04-27,Equity,49.25,49.25,2505100.0,-17146987.5,123376175.0,0.0,False,False
2018-04-30,Equity,50.0,50.0,5539400.0,-71681712.5,276970000.0,,False,False
2018-05-02,Equity,50.5,50.5,590000.0,6745100.0,29795000.0,,False,False
2018-05-03,Equity,51.0,51.0,1709300.0,3506200.0,87174300.0,0.99,False,False
2018-05-04,Equity,51.0,51.0,133700.0,-576575.0,6818700.0,0.0,False,False
2018-05-07,Equity,51.5,51.5,3367600.0,-10778850.0,173431400.0,,False,False
2018-05-08,Equity,51.5,51.5,790200.0,3270350.0,40695300.0,0.0,False,False
2018-05-09,Equity,51.0,51.0,1214900.0,-2958675.0,61959900.0,-0.97,False,False
2018-05-10,Equity,51.0,51.0,2249500.0,-22090925.0,114724500.0,0.0,False,False
2018-05-11,Equity,51.0,51.0,2297400.0,-6254400.0,117167400.0,0.0,False,False
2018-05-14,Equity,50.0,50.0,599300.0,99925.0,29965000.0,,False,False
2018-05-15,Equity,50.0,50.0,5074600.0,-39002250.0,253730000.0,0.0,False,False
2018-05-16,Equity,49.75,49.75,2372000.0,-53685000.0,118007000.0,-0.5,False,False
2018-05-17,Equity,49.5,49.5,1577500.0,-25197500.0,78086250.0,-0.5,False,False
2018-05-18,Equity,49.5,49.5,2748600.0,8218687.5,136055700.0,0.0,False,False
2018-05-21,Equity,49.75,49.75,2141000.0,2641100.0,106514750.0,,False,False
2018-05-22,Equity,49.25,49.25,569700.0,46093125.0,28057725.0,-1.01,False,False
2018-05-23,Equity,48.25,48.25,4178800.0,-62959437.5,201627100.0,-2.03,False,False
2018-05-24,Equity,48.25,48.25,103300.0,-418275.0,4984225.0,0.0,False,False
2018-05-25,Equity,48.75,48.75,103300.0,-44384612.5,5035875.0,1.04,False,False
2018-05-28,Equity,48.75,48.75,216300.0,927350.0,10544625.0,,False,False
2018-05-29,Equity,47.25,47.25,9905900.0,-33704162.5,468053775.0,-3.08,False,False
2018-05-30,Equity,47.25,47.25,4197600.0,-85141675.0,198336600.0,0.0,False,False
2018-05-31,Equity,48.25,48.25,3355600.0,-5988287.5,161907700.0,2.12,False,False
2018-06-04,Equity,49.0,49.0,2620800.0,-17288587.5,128419200.0,,False,False
2018-06-05,Equity,49.25,49.25,4538300.0,-20805600.0,223511275.0,0.51,False,False
2018-06-06,Equity,49.25,49.25,1148300.0,-31919000.0,56553775.0,0.0,False,False
2018-06-07,Equity,49.25,49.25,6994500.0,-157105587.5,344479125.0,0.0,False,False
2018-06-08,Equity,49.25,49.25,1070700.0,-9828225.0,52731975.0,0.0,False,False
2018-06-11,Equity,49.0,49.0,838800.0,,41101200.0,,False,False
2018-06-12,Equity,48.75,48.75,3862100.0,-64548037.5,188277375.0,-0.51,False,False
2018-06-13,Equity,49.0,49.0,3668800.0,-7493362.5,179771200.0,0.51,False,False
2018-06-14,Equity,48.75,48.75,4356400.0,-31814237.5,212374500.0,-0.51,False,False
2018-06-18,Equity,48.0,48.0,1624300.0,-13438250.0,77966400.0,,False,False
2018-06-19,Equity,48.25,48.25,3974500.0,-93114025.0,191769625.0,0.52,False,False
2018-06-20,Equity,48.75,48.75,6946500.0,2733712.5,338641875.0,1.04,False,False
2018-06-21,Equity,48.75,48.75,5482700.0,10146162.5,267281625.0,0.0,False,False
2018-06-22,Equity,48.5,48.5,928500.0,-8037950.0,45032250.0,-0.51,False,False
2018-06-25,Equity,48.5,48.5,237200.0,2939625.0,11504200.0,,False,False
2018-06-26,Equity,47.25,47.25,3669700.0,-27936475.0,173393325.0,-2.58,False,False
2018-06-27,Equity,46.25,46.25,1394700.0,-8167087.5,64504875.0,-2.12,False,False
2018-06-28,Equity,46.25,46.25,852900.0,-18414337.5,39446625.0,0.0,False,False
2018-06-29,Equity,46.0,46.0,2019700.0,-13659725.0,92906200.0,-0.54,False,False
2018-07-02,Equity,46.5,46.5,2019700.0,-3441700.0,93916050.0,,False,False
2018-07-03,Equity,47.25,47.25,2052800.0,-4754937.5,96994800.0,1.61,False,False
2018-07-04,Equity,47.75,47.75,49600.0,-266750.0,2368400.0,1.06,False,False
2018-07-05,Equity,48.5,48.5,1140900.0,-8905775.0,55333650.0,1.57,False,False
2018-07-06,Equity,48.75,48.75,38000.0,-18414337.5,1852500.0,0.52,False,False
2018-07-09,Equity,48.5,48.5,1508800.0,3117162.5,73176800.0,,False,False
2018-07-10,Equity,48.75,48.75,1732400.0,-13646750.0,84454500.0,0.52,False,False
2018-07-11,Equity,48.75,48.75,1332100.0,-13920862.5,64939875.0,0.0,False,False
2018-07-12,Equity,48.75,48.75,305300.0,-6304862.5,14883375.0,0.0,False,False
2018-07-13,Equity,48.5,48.5,274400.0,-6379187.5,13308400.0,-0.51,False,False
2018-07-16,Equity,49.25,49.25,1116400.0,1810387.5,54982700.0,,False,False
2018-07-17,Equity,49.25,49.25,1793900.0,10227000.0,88349575.0,0.0,False,False
2018-07-18,Equity,38.25,,355400.0,5119162.5,17503450.0,-22.34,False,True
2018-07-19,Equity,49.5,49.5,358000.0,8738237.5,17721000.0,29.41,False,False
2018-07-20,Equity,49.75,49.75,243900.0,-139000.0,12134025.0,0.51,False,False
2018-07-23,Equity,49.75,49.75,179300.0,4150575.0,8920175.0,,False,False
2018-07-24,Equity,50.0,50.0,4727500.0,3158750.0,236375000.0,0.5,False,False
2018-07-25,Equity,50.0,50.0,2229200.0,697850.0,111460000.0,0.0,False,False
2018-07-26,Equity,50.0,50.0,54900.0,1125125.0,2745000.0,0.0,False,False
2018-07-27,Equity,48.0,48.0,278900.0,407500.0,13387200.0,-4.0,False,False
2018-07-30,Equity,48.5,48.5,529300.0,410000.0,25671050.0,,False,False
2018-07-31,Equity,49.25,49.25,2166900.0,-88522062.5,106719825.0,1.55,False,False
2018-08-01,Equity,49.25,49.25,2166900.0,786100.0,106719825.0,0.0,False,False
2018-08-02,Equity,49.75,49.75,25700.0,306275.0,1278575.0,1.02,False,False
2018-08-03,Equity,50.5,50.5,121100.0,706837.5,6115550.0,1.51,False,False
2018-08-06,Equity,50.5,50.5,844300.0,10182000.0,42637150.0,,False,False
2018-08-07,Equity,51.0,51.0,1469900.0,-650800.0,74964900.0,0.99,False,False
2018-08-08,Equity,51.5,51.5,168400.0,3016650.0,8672600.0,0.98,False,False
2018-08-09,Equity,52.0,52.0,1269800.0,6557400.0,66029600.0,0.97,False,False
2018-08-10,Equity,52.5,52.5,240800.0,2680825.0,12642000.0,0.96,False,False
2018-08-13,Equity,51.5,51.5,1267600.0,4285775.0,65281400.0,,False,False
2018-08-14,Equity,49.75,49.75,6123800.0,56200.0,304659050.0,-3.4,False,False
2018-08-15,Equity,50.0,50.0,3972700.0,1016925.0,198635000.0,0.5,False,False
2018-08-16,Equity,50.0,50.0,2246100.0,-2020125.0,112305000.0,0.0,False,False
2018-08-17,Equity,50.0,50.0,103100.0,2135162.5,5155000.0,0.0,False,False
2018-08-20,Equity,50.0,50.0,693400.0,-9056975.0,34670000.0,,False,False
2018-08-22,Equity,50.0,50.0,1268500.0,-1171225.0,63425000.0,,False,False
2018-08-23,Equity,49.5,49.5,259000.0,111100.0,12820500.0,-1.0,False,False
2018-08-24,Equity,49.25,49.25,6712700.0,1277500.0,330600475.0,-0.51,False,False
2018-08-27,Equity,48.75,48.75,3154700.0,28389200.0,153791625.0,,False,False
2018-08-28,Equity,47.5,47.5,3913000.0,8985525.0,185867500.0,-2.56,False,False
2018-08-29,Equity,44.5,44.5,1946700.0,-42150100.0,86628150.0,-6.32,False,False
2018-08-30,Equity,45.5,45.5,233100.0,-3954112.5,10606050.0,2.25,False,False
2018-08-31,Equity,44.75,44.75,,-74729062.5,,-1.65,False,False
2018-09-03,Equity,44.25,44.25,2896900.0,-60941700.0,128187825.0,,False,False
2018-09-04,Equity,44.25,44.25,7670400.0,-6996262.5,339415200.0,0.0,False,False
2018-09-05,Equity,44.5,44.5,3275400.0,-41165775.0,145755300.0,0.56,False,False
2018-09-06,Equity,44.0,44.0,1993900.0,-40628950.0,87731600.0,-1.12,False,False
2018-09-07,Equity,43.5,43.5,1096200.0,-599575.0,47684700.0,-1.14,False,False
2018-09-10,Equity,42.5,42.5,943800.0,-445000.0,40111500.0,,False,False
2018-09-11,Equity,43.5,43.5,958300.0,-15474625.0,41686050.0,2.35,False,False
2018-09-12,Equity,43.25,43.25,65500.0,-107187.5,2832875.0,-0.57,False,False
2018-09-13,Equity,43.0,43.0,1042200.0,-6455975.0,44814600.0,-0.58,False,False
2018-09-14,Equity,42.25,42.25,2494300.0,13938375.0,105384175.0,-1.74,False,False
2018-09-17,Equity,39.5,39.5,307200.0,-4119612.5,12134400.0,,False,False
2018-09-18,Equity,38.75,38.75,3511900.0,-33628037.5,136086125.0,-1.9,False,False
2018-09-19,Equity,40.25,40.25,1527700.0,-18881562.5,61489925.0,3.87,False,False
2018-09-20,Equity,40.0,40.0,81600.0,-1098737.5,3264000.0,-0.62,False,False
2018-09-21,Equity,40.0,40.0,4416500.0,-29948987.5,176660000.0,0.0,False,False
2018-09-24,Equity,40.0,40.0,8396100.0,-77725037.5,335844000.0,,False,False
2018-09-25,Equity,40.0,40.0,5261400.0,-49589175.0,210456000.0,0.0,False,False
2018-09-26,Equity,39.75,39.75,8488300.0,-48182000.0,337409925.0,-0.63,False,False
2018-09-27,Equity,39.5,39.5,3173700.0,-10825637.5,125361150.0,-0.63,False,False
2018-09-28,Equity,39.75,39.75,3250100.0,-14570412.5,129191475.0,0.63,False,False
2018-10-01,Equity,40.5,40.5,813700.0,-7922962.5,32954850.0,,False,False
2018-10-02,Equity,40.5,40.5,6377500.0,-16195412.5,258288750.0,0.0,False,False
2018-10-03,Equity,40.5,40.5,1175000.0,-12489612.5,47587500.0,0.0,False,False
2018-10-04,Equity,40.75,40.75,4586700.0,-20803812.5,186908025.0,0.62,False,False
2018-10-05,Equity,39.5,39.5,1477200.0,-41165775.0,58349400.0,-3.07,False,False
2018-10-08,Equity,38.0,38.0,12500.0,-14350.0,475000.0,,False,False
2018-10-09,Equity,36.5,36.5,320000.0,-3231475.0,11680000.0,-3.95,False,False
2018-10-11,Equity,35.25,35.25,973300.0,-12581425.0,34308825.0,,False,False
2018-10-12,Equity,35.0,35.0,1994700.0,-30329587.5,69814500.0,-0.71,False,False
2018-10-15,Equity,36.5,36.5,358700.0,-3892575.0,13092550.0,,False,False
2018-10-16,Equity,38.25,38.25,928400.0,-7884862.5,35511300.0,4.79,False,False
2018-10-17,Equity,40.0,40.0,2868600.0,-28402325.0,114744000.0,4.58,False,False
2018-10-18,Equity,39.75,39.75,3075200.0,-44296012.5,122239200.0,-0.63,False,False
2018-10-19,Equity,39.75,39.75,1758700.0,26599587.5,69908325.0,0.0,False,False
2018-10-22,Equity,40.0,40.0,128600.0,762000.0,5144000.0,,False,False
2018-10-23,Equity,40.0,40.0,3182500.0,11709650.0,127300000.0,0.0,False,False
2018-10-24,Equity,40.0,40.0,2203000.0,-12802000.0,88120000.0,0.0,False,False
2018-10-25,Equity,39.75,39.75,882200.0,-6540000.0,35067450.0,-0.63,False,False
2018-10-26,Equity,39.25,39.25,3717700.0,4122075.0,145919725.0,-1.26,False,False
2018-10-29,Equity,39.25,39.25,290900.0,-1990012.5,11417825.0,,False,False
2018-10-30,Equity,39.5,39.5,979200.0,-10055450.0,38678400.0,0.64,False,False
2018-10-31,Equity,39.75,39.75,294300.0,-1348600.0,11698425.0,0.63,False,False
2018-11-01,Equity,39.0,39.0,5933300.0,412962.5,231398700.0,-1.89,False,False
2018-11-02,Equity,39.0,39.0,5347400.0,-44296012.5,208548600.0,0.0,False,False
2018-11-05,Equity,38.75,38.75,807400.0,15302925.0,31286750.0,,False,False
2018-11-06,Equity,39.0,39.0,986200.0,-8389725.0,38461800.0,0.65,False,False
2018-11-07,Equity,39.25,39.25,201500.0,-1899425.0,7908875.0,0.64,False,False
2018-11-08,Equity,39.0,39.0,871900.0,-2793862.5,34004100.0,-0.64,False,False
2018-11-09,Equity,39.0,39.0,1157300.0,10301687.5,45134700.0,0.0,False,False
2018-11-12,Equity,39.0,39.0,548091.0,249237.5,21375549.0,,False,False
2018-11-13,Equity,39.25,39.25,666300.0,-5213512.5,26152275.0,0.64,False,False
2018-11-14,Equity,39.75,39.75,1969600.0,1080300.0,78291600.0,1.27,False,False
2018-11-15,Equity,39.5,39.5,26400.0,191100.0,1042800.0,-0.63,False,False
2018-11-16,Equity,39.5,39.5,96400.0,98125.0,3807800.0,0.0,False,False
2018-11-19,Equity,39.25,39.25,1535900.0,4809837.5,60284075.0,,False,False
2018-11-20,Equity,39.0,39.0,62300.0,-159125.0,2429700.0,-0.64,False,False
2018-11-21,Equity,39.0,39.0,3540900.0,-4670800.0,138095100.0,0.0,False,False
2018-11-22,Equity,39.25,39.25,19700.0,-13987.5,773225.0,0.64,False,False
2018-11-23,Equity,39.5,39.5,413500.0,-7133575.0,16333250.0,0.64,False,False
2018-11-26,Equity,39.95,39.95,1408600.0,-4722900.0,56273570.00000001,,False,False
2018-11-27,Equity,39.5,39.5,3241600.0,-461850.0,128043200.0,-1.13,False,False
2018-11-28,Equity,39.85,39.85,354800.0,252795.0,14138780.0,0.89,False,False
2018-11-29,Equity,39.85,39.85,1792500.0,826700.0,71431125.0,0.0,False,False
2018-11-30,Equity,40.0,40.0,4567300.0,-6196957.5,182692000.0,0.38,False,False
2018-12-03,Equity,39.6,39.6,956900.0,33392440.0,37893240.0,,False,False
2018-12-04,Equity,39.4,39.4,956900.0,4368647.5,37701860.0,-0.51,False,False
2018-12-05,Equity,39.2,39.2,899300.0,-13690177.5,35252560.0,-0.51,False,False
2018-12-06,Equity,39.25,39.25,273200.0,-4281712.5,10723100.0,0.13,False,False
2018-12-07,Equity,39.2,39.2,217100.0,-3925350.0,8510320.0,-0.13,False,False
2018-12-10,Equity,38.95,38.95,362900.0,-2099455.0,14134955.000000002,,False,False
2018-12-11,Equity,38.5,38.5,1280800.0,-20710637.5,49310800.0,-1.16,False,False
2018-12-13,Equity,37.25,37.25,3385600.0,-36271022.5,126113600.0,,False,False
2018-12-14,Equity,36.7,36.7,606200.0,-11468320.0,22247540.0,-1.48,False,False
2018-12-17,Equity,36.65,36.65,2149400.0,,78775510.0,,False,False
2018-12-18,Equity,36.0,36.0,1247700.0,0.0,44917200.0,-1.77,False,False
2018-12-19,Equity,35.75,35.75,2059200.0,-22303420.0,73616400.0,-0.69,False,False
2018-12-20,Equity,35.65,35.65,516400.0,-2880735.0,18409660.0,-0.28,False,False
2018-12-21,Equity,35.2,35.2,1613200.0,-18254177.5,56784640.00000001,-1.26,False,False
2018-12-24,Equity,34.85,34.85,1267700.0,-5837007.11,44179345.0,,False,False
2018-12-27,Equity,34.65,34.65,621800.0,-10388070.0,21545370.0,,False,False
2018-12-28,Equity,34.1,34.1,1095600.0,-13959215.0,37359960.0,-1.59,False,False
2019-01-02,Equity,33.6,33.6,863000.0,-8482970.0,28996800.0,,False,False
2019-01-03,Equity,33.75,33.75,4147000.0,-23468555.0,139961250.0,0.45,False,False
2019-01-04,Equity,34.8,34.8,1817300.0,-23725112.5,63242039.99999999,3.11,False,False
2019-01-07,Equity,36.95,36.95,125400.0,-418325.0,4633530.0,,False,False
2019-01-08,Equity,36.95,36.95,3283600.0,-26949455.0,121329020.00000001,0.0,False,False
2019-01-09,Equity,36.9,36.9,1243200.0,-5323040.0,45874080.0,-0.14,False,False
2019-01-10,Equity,37.0,37.0,1207500.0,-5083737.5,44677500.0,0.27,False,False
2019-01-11,Equity,37.55,37.55,593300.0,-1928495.0,22278415.0,1.49,False,False
2019-01-14,Equity,38.05,38.05,63900.0,0.0,2431395.0,,False,False
2019-01-15,Equity,39.3,39.3,2704800.0,0.0,106298639.99999999,3.29,False,False
2019-01-16,Equity,40.55,40.55,32200.0,28875.0,1305710.0,3.18,False,False
2019-01-17,Equity,40.5,40.5,1040500.0,3977465.0,42140250.0,-0.12,False,False
2019-01-18,Equity,40.35,40.35,788800.0,6054877.5,31828080.0,-0.37,False,False
2019-01-21,Equity,39.95,39.95,1597500.0,16960122.5,63820125.00000001,,False,False
2019-01-22,Equity,39.95,39.95,3050000.0,-9953140.0,121847500.00000001,0.0,False,False
2019-01-23,Equity,40.0,40.0,1265600.0,0.0,50624000.0,0.13,False,False
2019-01-24,Equity,39.9,39.9,3123800.0,-431590.0,124639620.0,-0.25,False,False
2019-01-25,Equity,39.95,39.95,1779700.0,19465382.5,71099015.0,0.13,False,False
2019-01-28,Equity,40.9,40.9,307900.0,4767797.5,12593110.0,,False,False
2019-01-29,Equity,40.9,40.9,1451900.0,3687322.5,59382710.0,0.0,False,False
2019-01-30,Equity,41.05,41.05,5712600.0,-21616750.0,234502229.99999997,0.37,False,False
2019-01-31,Equity,42.55,42.55,6698300.0,-28124720.0,285012665.0,3.65,False,False
2019-02-01,Equity,43.05,43.05,2964200.0,-3338655.0,127608809.99999999,1.18,False,False
2019-02-05,Equity,42.3,42.3,83700.0,-243600.0,3540509.9999999995,,False,False
2019-02-06,Equity,42.85,42.85,935500.0,-12937847.5,40086175.0,1.3,False,False
2019-02-07,Equity,42.85,42.85,3195200.0,-471350.0,136914320.0,0.0,False,False
2019-02-08,Equity,42.85,42.85,15220300.0,-2760.0,652189855.0,0.0,False,False
2019-02-11,Equity,42.55,42.55,84500.0,-1325105.0,3595474.9999999995,,False,False
2019-02-12,Equity,42.5,42.5,2485000.0,-6330045.0,105612500.0,-0.12,False,False
2019-02-13,Equity,42.2,42.2,648900.0,-1479807.5,27383580.0,-0.71,False,False
2019-02-14,Equity,42.2,42.2,1913100.0,-4792315.0,80732820.0,0.0,False,False
2019-02-15,Equity,42.0,42.0,553500.0,-8019142.5,23247000.0,-0.47,False,False
2019-02-18,Equity,41.85,41.85,3748400.0,35532622.5,156870540.0,,False,False
2019-02-19,Equity,41.35,41.35,2389000.0,11167135.0,98785150.0,-1.19,False,False
2019-02-20,Equity,41.2,41.2,2071200.0,24555750.0,85333440.0,-0.36,False,False
2019-02-21,Equity,41.3,41.3,270500.0,-4416300.0,11171650.0,0.24,False,False
2019-02-22,Equity,41.5,41.5,479800.0,-8506935.0,19911700.0,0.48,False,False
2019-02-25,Equity,41.15,41.15,559800.0,-9266510.0,23035770.0,,False,False
2019-02-26,Equity,40.95,40.95,1318600.0,5706040.0,53996670.00000001,-0.49,False,False
2019-02-27,Equity,40.6,40.6,393600.0,-3072000.0,15980160.0,-0.85,False,False
2019-02-28,Equity,40.45,40.45,1936200.0,-4143747.5,78319290.0,-0.37,False,False
2019-03-01,Equity,41.1,41.1,1758400.0,-4848452.5,72270240.0,1.61,False,False
2019-03-04,Equity,41.9,41.9,252000.0,-3033730.0,10558800.0,,False,False
2019-03-06,Equity,41.05,41.05,368500.0,-1458445.0,15126924.999999998,,False,False
2019-03-07,Equity,41.55,41.55,1337600.0,-10349205.0,55577279.99999999,1.22,False,False
2019-03-08,Equity,42.0,42.0,,-10349205.0,,1.08,False,False
2019-03-11,Equity,41.95,41.95,146000.0,250787.5,6124700.0,,False,False
2019-03-12,Equity,43.0,43.0,1136400.0,4574245.0,48865200.0,2.5,False,False
2019-03-13,Equity,43.0,43.0,1572500.0,26901025.0,67617500.0,0.0,False,False
2019-03-14,Equity,43.05,43.05,1231000.0,0.0,52994550.0,0.12,False,False
2019-03-15,Equity,43.05,43.05,14709600.0,52813450.0,633248280.0,0.0,False,False
2019-03-18,Equity,43.85,43.85,4614300.0,6189950.0,202337055.0,,False,False
2019-03-19,Equity,43.5,43.5,2387700.0,7095217.5,103864950.0,-0.8,False,False
2019-03-20,Equity,42.95,42.95,1528600.0,25791705.0,65653370.00000001,-1.26,False,False
2019-03-21,Equity,42.35,42.35,365100.0,-1275522.5,15461985.0,-1.4,False,False
2019-03-22,Equity,40.45,40.45,3425800.0,-2720135.0,138573610.0,-4.49,False,False
2019-03-25,Equity,40.3,40.3,1653000.0,485987.5,66615899.99999999,,False,False
2019-03-26,Equity,41.6,41.6,661000.0,84930.0,27497600.0,3.23,False,False
2019-03-27,Equity,43.0,43.0,3198900.0,9739747.5,137552700.0,3.37,False,False
2019-03-28,Equity,43.0,43.0,7786000.0,105085430.0,334798000.0,0.0,False,False
2019-03-29,Equity,43.45,43.45,5157800.0,70476887.5,224106410.0,1.05,False,False
2019-04-01,Equity,43.3,43.3,1835400.0,18461412.5,79472820.0,,False,False
2019-04-02,Equity,43.25,43.25,12466700.0,3809927.5,539184775.0,-0.12,False,False
2019-04-03,Equity,42.55,42.55,3341800.0,5807287.5,142193590.0,-1.62,False,False
2019-04-04,Equity,41.9,41.9,638000.0,6868032.5,26732200.0,-1.53,False,False
2019-04-05,Equity,42.0,42.0,3757800.0,9521660.0,157827600.0,0.24,False,False
2019-04-08,Equity,41.95,41.95,152600.0,-2686787.5,6401570.0,,False,False
2019-04-09,Equity,42.45,42.45,147600.0,-281465.0,6265620.0,1.19,False,False
2019-04-10,Equity,42.65,42.65,4731200.0,-447042.5,201785680.0,0.47,False,False
2019-04-11,Equity,42.35,42.35,742900.0,701670.0,31461815.0,-0.7,False,False
2019-04-12,Equity,42.05,42.05,421400.0,313635.0,17719870.0,-0.71,False,False
2019-04-15,Equity,41.9,41.9,2363700.0,23932160.0,99039030.0,,False,False
2019-04-16,Equity,41.9,41.9,383200.0,-3495752.5,16056080.0,0.0,False,False
2019-04-17,Equity,41.9,41.9,27800.0,353842.5,1164820.0,0.0,False,False
2019-04-18,Equity,41.5,41.5,1199500.0,-1647800.0,49779250.0,-0.95,False,False
2019-04-23,Equity,41.5,41.5,1028900.0,2147375.0,42699350.0,,False,False
2019-04-24,Equity,39.75,39.75,2097800.0,24141717.5,83387550.0,-4.22,False,False
2019-04-25,Equity,40.9,40.9,4133600.0,60397225.0,169064240.0,2.89,False,False
2019-04-30,Equity,41.95,41.95,7801500.0,-27703220.0,327272925.0,,False,False
2019-05-02,Equity,41.15,41.15,5984600.0,546955.0,246266290.0,,False,False
2019-05-03,Equity,41.35,41.35,5984600.0,61588540.0,247463210.0,0.49,False,False
2019-05-06,Equity,41.65,41.65,1994000.0,404325.0,83050100.0,,False,False
2019-05-07,Equity,40.0,40.0,6326900.0,-4071450.0,253076000.0,-3.96,False,False
2019-05-08,Equity,39.15,39.15,1335200.0,-901077.5,52273080.0,-2.13,False,False
2019-05-09,Equity,37.7,37.7,161500.0,-1687442.5,6088550.0,-3.7,False,False
2019-05-10,Equity,36.05,36.05,2793000.0,-15636192.5,100687649.99999999,-4.38,False,False
2019-05-13,Equity,36.35,36.35,2231500.0,-4371575.0,81115025.0,,False,False
2019-05-14,Equity,36.5,36.5,7925300.0,0.0,289273450.0,0.41,False,False
2019-05-15,Equity,36.4,36.4,13440800.0,52335167.5,489245120.0,-0.27,False,False
2019-05-16,Equity,36.7,36.7,2945300.0,-3462025.0,108092510.00000001,0.82,False,False
2019-05-17,Equity,37.35,37.35,1786900.0,-16418247.5,66740715.0,1.77,False,False
2019-05-20,Equity,37.4,37.4,2297800.0,-8015280.0,85937720.0,,False,False
2019-05-21,Equity,37.35,37.35,666800.0,4907327.5,24904980.0,-0.13,False,False
2019-05-22,Equity,36.9,36.9,3225100.0,-10809960.0,119006190.0,-1.2,False,False
2019-05-23,Equity,36.9,36.9,516000.0,-2366150.0,19040400.0,0.0,False,False
2019-05-24,Equity,37.3,37.3,1487400.0,-21972132.5,55480019.99999999,1.08,False,False
2019-05-27,Equity,38.95,38.95,1189400.0,-45327.5,46327130.0,,False,False
2019-05-28,Equity,39.2,39.2,4003500.0,1329832.5,156937200.0,0.64,False,False
2019-05-29,Equity,38.85,38.85,1000.0,0.0,38850.0,-0.89,False,False
2019-05-30,Equity,38.35,38.35,5984900.0,63048602.5,229520915.0,-1.29,False,False
2019-05-31,Equity,39.45,39.45,1604300.0,5373705.0,63289635.00000001,2.87,False,False
2019-06-04,Equity,39.7,39.7,4616600.0,1178185.0,183279020.0,,False,False
2019-06-06,Equity,39.95,39.95,684400.0,6278602.5,27341780.000000004,,False,False
2019-06-10,Equity,39.8,39.8,146500.0,0.0,5830700.0,0.0,False,False
2019-06-11,Equity,40.0,40.0,1496900.0,-13085472.5,59876000.0,0.5,False,False
2019-06-12,Equity,40.0,40.0,5003500.0,-38942267.5,200140000.0,0.0,False,False
2019-06-13,Equity,40.0,40.0,5718600.0,2156000.0,228744000.0,0.0,False,False
2019-06-14,Equity,39.8,39.8,2680500.0,-198010.0,106683899.99999999,-0.5,False,False
2019-06-17,Equity,40.0,40.0,533800.0,-5301360.0,21352000.0,,False,False
2019-06-18,Equity,39.7,39.7,3668100.0,-514000.0,145623570.0,-0.75,False,False
2019-06-19,Equity,39.65,39.65,454900.0,-6813150.0,18036785.0,-0.13,False,False
2019-06-20,Equity,39.45,39.45,5355600.0,10613335.0,211278420.00000003,-0.5,False,False
2019-06-21,Equity,39.0,39.0,1686600.0,8846070.0,65777400.0,-1.14,False,False
2019-06-24,Equity,39.0,39.0,22600.0,0.0,881400.0,,False,False
2019-06-25,Equity,38.95,38.95,5977100.0,-85240350.0,232808045.00000003,-0.13,False,False
2019-06-26,Equity,38.5,38.5,547900.0,-9994200.0,21094150.0,-1.16,False,False
2019-06-27,Equity,38.95,38.95,1124100.0,977800.0,43783695.0,1.17,False,False
2019-06-28,Equity,39.2,39.2,3684400.0,-18275302.5,144428480.0,0.64,False,False
2019-07-01,Equity,39.4,39.4,357800.0,1291735.0,14097320.0,,False,False
2019-07-02,Equity,39.55,39.55,229400.0,-3182475.0,9072770.0,0.38,False,False
2019-07-03,Equity,39.95,39.95,1101000.0,-10986955.0,43984950.0,1.01,False,False
2019-07-04,Equity,40.0,40.0,1010600.0,-16190062.5,40424000.0,0.13,False,False
2019-07-05,Equity,40.0,40.0,3658400.0,-46784007.5,146336000.0,0.0,False,False
2019-07-08,Equity,40.2,40.2,622700.0,-9286950.0,25032540.0,,False,False
2019-07-09,Equity,40.5,40.5,4858500.0,9935710.0,196769250.0,0.75,False,False
2019-07-10,Equity,40.5,40.5,10423600.0,-190578825.0,422155800.0,0.0,False,False
2019-07-11,Equity,40.55,40.55,2745300.0,-5218425.0,111321914.99999999,0.12,False,False
2019-07-12,Equity,39.9,39.9,2430400.0,1160325.0,96972960.0,-1.6,False,False
2019-07-15,Equity,40.0,40.0,118600.0,-2282030.0,4744000.0,,False,False
2019-07-16,Equity,39.95,39.95,2070600.0,-23644000.0,82720470.0,-0.12,False,False
2019-07-17,Equity,40.0,40.0,3722300.0,-70394750.0,148892000.0,0.13,False,False
2019-07-18,Equity,40.45,40.45,1938100.0,-36552000.0,78396145.0,1.13,False,False
2019-07-19,Equity,40.5,40.5,3604800.0,-6001470.0,145994400.0,0.12,False,False
2019-07-22,Equity,40.6,40.6,1435700.0,1921740.0,58289420.0,,False,False
2019-07-23,Equity,40.8,40.8,920600.0,2340050.0,37560480.0,0.49,False,False
2019-07-24,Equity,40.6,40.6,1505000.0,9533395.0,61103000.0,-0.49,False,False
2019-07-25,Equity,40.35,40.35,4489200.0,-24842070.0,181139220.0,-0.62,False,False
2019-07-26,Equity,40.3,40.3,18400.0,0.0,741520.0,-0.12,False,False
2019-07-29,Equity,40.15,40.15,18400.0,4431865.0,738760.0,,False,False
2019-07-30,Equity,40.2,40.2,18400.0,5831117.5,739680.0,0.12,False,False
2019-07-31,Equity,40.0,40.0,18400.0,25358230.0,736000.0,-0.5,False,False
2019-08-01,Equity,40.45,40.45,18400.0,-1012080.0,744280.0,1.13,False,False
2019-08-02,Equity,40.0,40.0,18400.0,13913602.5,736000.0,-1.11,False,False
2019-08-05,Equity,40.0,40.0,1666900.0,5317520.0,66676000.0,,False,False
2019-08-06,Equity,40.05,40.05,149400.0,568710.0,5983470.0,0.12,False,False
2019-08-07,Equity,40.45,40.45,206700.0,3590582.5,8361015.000000001,1.0,False,False
2019-08-08,Equity,40.25,40.25,597700.0,8978452.5,24057425.0,-0.49,False,False
2019-08-09,Equity,40.2,40.2,137000.0,2498780.0,5507400.0,-0.12,False,False
2019-08-13,Equity,39.95,39.95,2437400.0,-15089512.5,97374130.0,,False,False
2019-08-14,Equity,39.65,39.65,18595900.0,-345270590.0,737327435.0,-0.75,False,False
2019-08-15,Equity,39.2,39.2,46400.0,0.0,1818880.0000000002,-1.13,False,False
2019-08-16,Equity,38.85,38.85,35000.0,0.0,1359750.0,-0.89,False,False
2019-08-19,Equity,38.15,38.15,386000.0,3632262.5,14725900.0,,False,False
2019-08-20,Equity,38.2,38.2,355300.0,4380957.5,13572460.000000002,0.13,False,False
2019-08-21,Equity,39.2,39.2,288400.0,413360.0,11305280.0,2.62,False,False
2019-08-22,Equity,39.8,39.8,404900.0,-6021830.0,16115019.999999998,1.53,False,False
2019-08-23,Equity,39.8,39.8,1386400.0,24875327.5,55178719.99999999,0.0,False,False
2019-08-26,Equity,40.35,40.35,285600.0,4688420.1,11523960.0,,False,False
2019-08-27,Equity,40.4,40.4,4134400.0,24875327.5,167029760.0,0.12,False,False
2019-08-28,Equity,40.45,40.45,1386600.0,23187512.5,56087970.00000001,0.12,False,False
2019-08-29,Equity,39.9,39.9,711200.0,4228232.5,28376880.0,-1.36,False,False
2019-08-30,Equity,39.65,39.65,639400.0,-1795130.0,25352210.0,-0.63,False,False
2019-09-02,Equity,39.5,39.5,639400.0,-173685.0,25256300.0,,False,False
2019-09-03,Equity,39.25,39.25,2156700.0,-40244205.0,84650475.0,-0.63,False,False
2019-09-04,Equity,38.1,38.1,1576500.0,-26804455.0,60064650.0,-2.93,False,False
2019-09-05,Equity,37.05,37.05,1576400.0,-19548500.0,58405619.99999999,-2.76,False,False
2019-09-06,Equity,37.95,37.95,5723300.0,-40327117.5,217199235.00000003,2.43,False,False
2019-09-09,Equity,37.95,37.95,659000.0,-413500.0,25009050.000000004,,False,False
2019-09-10,Equity,38.0,38.0,746000.0,-10730895.0,28348000.0,0.13,False,False
2019-09-11,Equity,38.1,38.1,47400.0,18900.0,1805940.0,0.26,False,False
2019-09-12,Equity,37.9,37.9,600300.0,-7091740.0,22751370.0,-0.52,False,False
2019-09-13,Equity,37.75,37.75,727800.0,3621602.5,27474450.0,-0.4,False,False
2019-09-16,Equity,37.6,37.6,59800.0,-769230.0,2248480.0,,False,False
2019-09-17,Equity,37.95,37.95,493500.0,2498437.5,18728325.0,0.93,False,False
2019-09-18,Equity,37.95,37.95,3002800.0,-112100.0,113956260.00000001,0.0,False,False
2019-09-19,Equity,37.9,37.9,3823100.0,-48083230.0,144895490.0,-0.13,False,False
2019-09-20,Equity,38.2,38.2,3907500.0,65700497.5,149266500.0,0.79,False,False
2019-09-23,Equity,38.25,38.25,639900.0,-5.0,24476175.0,,False,False
2019-09-24,Equity,38.35,38.35,1333900.0,-16361832.5,51155065.0,0.26,False,False
2019-09-25,Equity,37.95,37.95,664600.0,-8221325.0,25221570.000000004,-1.04,False,False
2019-09-26,Equity,37.45,37.45,568000.0,-6830955.0,21271600.0,-1.32,False,False
2019-09-27,Equity,37.45,37.45,6998900.0,-14601352.5,262108805.00000003,0.0,False,False
2019-09-30,Equity,37.45,37.45,2657700.0,-3730325.0,99530865.00000001,,False,False
2019-10-01,Equity,37.45,37.45,773500.0,-5934225.0,28967575.000000004,0.0,False,False
2019-10-02,Equity,37.5,37.5,2033600.0,-4435937.5,76260000.0,0.13,False,False
2019-10-03,Equity,37.9,37.9,6176300.0,-115457115.0,234081770.0,1.07,False,False
2019-10-04,Equity,37.5,37.5,158000.0,-1528677.5,5925000.0,-1.06,False,False
2019-10-07,Equity,36.25,36.25,6140900.0,-74732290.0,222607625.0,,False,False
2019-10-08,Equity,35.9,35.9,1441900.0,-15468255.0,51764210.0,-0.97,False,False
2019-10-09,Equity,36.1,36.1,2501000.0,-35826820.0,90286100.0,0.56,False,False
2019-10-11,Equity,36.3,36.3,3820200.0,-32827120.0,138673260.0,,False,False
2019-10-14,Equity,36.0,36.0,14000.0,18500.0,504000.0,,False,False
2019-10-15,Equity,36.05,36.05,297900.0,-3774687.5,10739295.0,0.14,False,False
2019-10-16,Equity,37.6,37.6,195200.0,-2799425.0,7339520.0,4.3,False,False
2019-10-17,Equity,38.0,38.0,40969500.0,2498437.5,1556841000.0,1.06,False,False
2019-10-18,Equity,38.95,38.95,18281700.0,-43192707.5,712072215.0,2.5,False,False
2019-10-22,Equity,38.95,38.95,13883900.0,-26970670.0,540777905.0,,False,False
2019-10-23,Equity,39.5,39.5,614500.0,721500.0,24272750.0,1.41,False,False
2019-10-24,Equity,39.95,39.95,14899300.0,-69490345.0,595227035.0,1.14,False,False
2019-10-25,Equity,40.5,40.5,10023700.0,-149089135.0,405959850.0,1.38,False,False
2019-10-28,Equity,40.5,40.5,3746200.0,-9180375.0,151721100.0,,False,False
2019-10-29,Equity,43.15,43.15,5604000.0,-99054737.5,241812600.0,6.54,False,False
2019-10-30,Equity,46.5,46.5,13081600.0,-163679965.0,608294400.0,7.76,False,False
2019-10-31,Equity,50.75,50.75,14401400.0,96168232.5,730871050.0,9.14,False,False
2019-11-01,Equity,49.65,49.65,23830800.0,-45714300.0,1183199220.0,-2.17,False,False
2019-11-04,Equity,47.65,47.65,2402400.0,-11427512.5,114474360.0,,False,False
2019-11-05,Equity,50.25,50.25,4293700.0,-31841162.5,215758425.0,5.46,False,False
2019-11-06,Equity,48.75,48.75,15942300.0,-96531842.5,777187125.0,-2.99,False,False
2019-11-07,Equity,48.85,48.85,2031400.0,-16690630.0,99233890.0,0.21,False,False
2019-11-08,Equity,48.5,48.5,1489900.0,2409615.0,72260150.0,-0.72,False,False
2019-11-11,Equity,48.7,48.7,3316100.0,-23201327.5,161494070.0,,False,False
2019-11-12,Equity,47.7,47.7,3016700.0,-497005.0,143896590.0,-2.05,False,False
2019-11-13,Equity,47.65,47.65,2018100.0,6243790.0,96162465.0,-0.1,False,False
2019-11-14,Equity,47.45,47.45,471000.0,6551472.5,22348950.0,-0.42,False,False
2019-11-15,Equity,47.95,47.95,580800.0,-2366895.0,27849360.0,1.05,False,False
2019-11-18,Equity,47.9,47.9,1560200.0,20203705.0,74733580.0,,False,False
2019-11-19,Equity,48.0,48.0,147200.0,2929412.5,7065600.0,0.21,False,False
2019-11-20,Equity,48.15,48.15,2560400.0,1756970.0,123283260.0,0.31,False,False
2019-11-21,Equity,48.65,48.65,3443200.0,4953125.0,167511680.0,1.04,False,False
2019-11-22,Equity,49.05,49.05,3323700.0,33513777.5,163027485.0,0.82,False,False
2019-11-25,Equity,49.0,49.0,1638800.0,6720567.5,80301200.0,,False,False
2019-11-26,Equity,49.95,49.95,4275700.0,414357.5,213571215.0,1.94,False,False
2019-11-27,Equity,50.25,50.25,1303200.0,27853517.5,65485800.0,0.6,False,False
2019-11-28,Equity,51.0,51.0,4720900.0,52463150.0,240765900.0,1.49,False,False
2019-11-29,Equity,50.5,50.5,5024600.0,76077037.5,253742300.0,-0.98,False,False
2019-12-02,Equity,51.0,51.0,1634900.0,1522825.0,83379900.0,,False,False
2019-12-03,Equity,51.75,51.75,4474000.0,4233525.0,231529500.0,1.47,False,False
2019-12-04,Equity,52.0,52.0,5782600.0,37473575.0,300695200.0,0.48,False,False
2019-12-05,Equity,52.25,52.25,2266500.0,32026875.0,118424625.0,0.48,False,False
2019-12-06,Equity,52.0,52.0,2909700.0,-1632825.0,151304400.0,-0.48,False,False
2019-12-09,Equity,52.0,52.0,1672900.0,14294800.0,86990800.0,,False,False
2019-12-10,Equity,51.5,51.5,7055500.0,-25718362.5,363358250.0,-0.96,False,False
2019-12-11,Equity,51.25,51.25,927700.0,-10562137.5,47544625.0,-0.49,False,False
2019-12-13,Equity,51.0,51.0,13727300.0,292153550.0,700092300.0,,False,False
2019-12-16,Equity,52.0,52.0,1022300.0,5508000.0,53159600.0,,False,False
2019-12-17,Equity,52.75,52.75,5814000.0,66781462.5,306688500.0,1.44,False,False
2019-12-18,Equity,53.5,53.5,2276500.0,47913050.0,121792750.0,1.42,False,False
2019-12-19,Equity,53.0,53.0,2806500.0,15856412.5,148744500.0,-0.93,False,False
2019-12-20,Equity,52.25,52.25,6917300.0,33612337.5,361428925.0,-1.42,False,False
2019-12-23,Equity,52.5,52.5,206800.0,-3211300.0,10857000.0,,False,False
2019-12-24,Equity,52.0,52.0,407700.0,1399262.5,21200400.0,-0.95,False,False
2019-12-27,Equity,52.75,52.75,747100.0,-5876675.0,39409525.0,,False,False
2019-12-30,Equity,53.5,53.5,191300.0,710775.0,10234550.0,,False,False
2019-12-31,Equity,54.25,54.25,257900.0,2369925.0,13991075.0,1.4,False,False
2020-01-02,Equity,55.0,55.0,306200.0,2208912.5,16841000.0,,False,False
2020-01-03,Equity,54.5,54.5,230400.0,5611875.0,12556800.0,-0.91,False,False
2020-01-06,Equity,54.0,54.0,1766300.0,20615612.5,95380200.0,,False,False
2020-01-07,Equity,54.0,54.0,4482000.0,18945150.0,242028000.0,0.0,False,False
2020-01-08,Equity,54.0,54.0,2444800.0,-1576775.0,132019200.0,0.0,False,False
2020-01-09,Equity,54.75,54.75,5463700.0,-21800112.5,299137575.0,1.39,False,False
2020-01-10,Equity,54.25,54.25,3775600.0,-8500462.5,204826300.0,-0.91,False,False
2020-01-13,Equity,53.0,53.0,2973900.0,543112.5,157616700.0,,False,False
2020-01-14,Equity,52.0,52.0,762500.0,14600550.0,39650000.0,-1.89,False,False
2020-01-15,Equity,51.75,51.75,5004400.0,76208950.0,258977700.0,-0.48,False,False
2020-01-16,Equity,51.25,51.25,1598700.0,39052850.0,81933375.0,-0.97,False,False
2020-01-17,Equity,51.75,51.75,1436800.0,-20069687.5,74354400.0,0.98,False,False
2020-01-20,Equity,51.0,51.0,4030700.0,39052575.0,205565700.0,,False,False
2020-01-21,Equity,51.0,51.0,1681900.0,-6138687.5,85776900.0,0.0,False,False
2020-01-22,Equity,51.25,51.25,373400.0,-3459775.0,19136750.0,0.49,False,False
2020-01-23,Equity,51.5,51.5,2986200.0,38674550.0,153789300.0,0.49,False,False
2020-01-24,Equity,51.0,51.0,1763000.0,38639375.0,89913000.0,-0.97,False,False
2020-01-27,Equity,50.75,50.75,864800.0,4689450.0,43888600.0,,False,False
2020-01-28,Equity,50.5,50.5,3395700.0,17801250.0,171482850.0,-0.49,False,False
2020-01-29,Equity,50.0,50.0,1300000.0,-4607212.5,65000000.0,-0.99,False,False
2020-01-30,Equity,50.0,50.0,7156600.0,-59515375.0,357830000.0,0.0,False,False
2020-01-31,Equity,50.25,50.25,1525600.0,12507900.0,76661400.0,0.5,False,False
2020-02-03,Equity,50.75,50.75,174900.0,378750.0,8876175.0,,False,False
2020-02-04,Equity,52.75,52.75,6850800.0,73215337.5,361379700.0,3.94,False,False
2020-02-05,Equity,53.5,53.5,1312900.0,9657637.5,70240150.0,1.42,False,False
2020-02-06,Equity,52.0,52.0,2550100.0,50532950.0,132605200.0,-2.8,False,False
2020-02-07,Equity,51.5,51.5,1187300.0,-8583875.0,61145950.0,-0.96,False,False
2020-02-10,Equity,50.5,50.5,987000.0,5632762.5,49843500.0,,False,False
2020-02-12,Equity,50.0,50.0,2424200.0,-32726412.5,121210000.0,,False,False
2020-02-13,Equity,49.95,49.95,6177800.0,-144530000.0,308581110.0,-0.1,False,False
2020-02-14,Equity,49.95,49.95,3130200.0,-67089990.0,156353490.0,0.0,False,False
2020-02-17,Equity,50.0,50.0,591300.0,0.0,29565000.0,,False,False
2020-02-18,Equity,50.25,50.25,1475700.0,-19221190.0,74153925.0,0.5,False,False
2020-02-19,Equity,49.95,49.95,58700.0,110162.5,2932065.0,-0.6,False,False
2020-02-20,Equity,49.5,49.5,866600.0,-9446950.0,42896700.0,-0.9,False,False
2020-02-21,Equity,49.45,49.45,1430300.0,-35162142.5,70728335.0,-0.1,False,False
2020-02-24,Equity,48.6,48.6,35200.0,-642875.0,1710720.0,,False,False
2020-02-25,Equity,48.15,48.15,1494300.0,-13227617.5,71950545.0,-0.93,False,False
2020-02-26,Equity,48.0,48.0,1510800.0,-1996990.0,72518400.0,-0.31,False,False
2020-02-27,Equity,45.25,45.25,1899400.0,-14591865.0,85947850.0,-5.73,False,False
2020-02-28,Equity,47.05,47.05,5565800.0,-7008125.0,261870889.99999997,3.98,False,False
2020-03-02,Equity,47.85,47.85,3371000.0,-60541725.0,161302350.0,,False,False
2020-03-03,Equity,49.1,49.1,1093600.0,-3073965.0,53695760.0,2.61,False,False
2020-03-04,Equity,49.9,49.9,1911600.0,-21120060.0,95388840.0,1.63,False,False
2020-03-05,Equity,49.05,49.05,830600.0,1942097.5,40740930.0,-1.7,False,False
2020-03-06,Equity,46.2,46.2,447900.0,-10305547.5,20692980.0,-5.81,False,False
2020-03-09,Equity,47.1,47.1,1596700.0,-27644547.5,75204570.0,,False,False
2020-03-10,Equity,47.1,47.1,470400.0,-4311877.5,22155840.0,0.0,False,False
2020-03-11,Equity,45.1,45.1,879700.0,-10104767.5,39674470.0,-4.25,False,False
2020-03-12,Equity,41.9,41.9,7387100.0,-53324127.5,309519490.0,-7.1,False,False
2020-03-13,Equity,39.85,39.85,2003900.0,-5450910.0,79855415.0,-4.89,False,False
2020-03-16,Equity,39.25,39.25,821600.0,-13935405.0,32247800.0,,False,False
2020-03-17,Equity,39.0,39.0,927700.0,-17481735.0,36180300.0,-0.64,False,False
2020-03-18,Equity,39.05,39.05,6459800.0,-103271517.5,252255189.99999997,0.13,False,False
2020-03-19,Equity,38.95,38.95,1132300.0,-19383850.0,44103085.0,-0.26,False,False
2020-03-20,Equity,35.0,35.0,7632700.0,-88728732.5,267144500.0,-10.14,False,False
2020-03-23,Equity,32.55,32.55,1388000.0,-5785877.5,45179399.99999999,,False,False
2020-03-24,Equity,32.85,32.85,15149600.0,-170035870.0,497664360.0,0.92,False,False
2020-03-25,Equity,33.15,33.15,2343900.0,-20555962.5,77700285.0,0.91,False,False
2020-03-26,Equity,33.2,33.2,5703500.0,-92517580.0,189356200.00000003,0.15,False,False
2020-03-27,Equity,34.0,34.0,7143900.0,-111550212.5,242892600.0,2.41,False,False
2020-03-30,Equity,33.95,33.95,150800.0,-2505792.5,5119660.0,,False,False
2020-03-31,Equity,33.9,33.9,789900.0,-13223465.0,26777610.0,-0.15,False,False
2020-04-01,Equity,33.85,33.85,2216700.0,-24706402.5,75035295.0,-0.15,False,False
2020-04-02,Equity,34.0,34.0,3080900.0,-21232710.0,104750600.0,0.44,False,False
2020-04-03,Equity,34.2,34.2,2356800.0,-7763840.0,80602560.0,0.59,False,False
2020-04-06,Equity,33.65,33.65,2698000.0,-8106012.5,90787700.0,,False,False
2020-04-07,Equity,33.1,33.1,6665400.0,-82132957.5,220624740.0,-1.63,False,False
2020-04-08,Equity,32.8,32.8,2428600.0,-22773842.5,79658080.0,-0.91,False,False
2020-04-09,Equity,33.05,33.05,5562700.0,-67430037.5,183847234.99999997,0.76,False,False
2020-04-14,Equity,33.55,33.55,3231700.0,-24335220.0,108423534.99999999,,False,False
2020-04-15,Equity,33.3,33.3,4612700.0,-6596172.5,153602910.0,-0.75,False,False
2020-04-16,Equity,32.95,32.95,3636800.0,-52673580.0,119832560.00000001,-1.05,False,False
2020-04-17,Equity,33.5,33.5,2471300.0,-36485007.5,82788550.0,1.67,False,False
2020-04-20,Equity,34.85,34.85,3121900.0,-48514972.5,108798215.0,,False,False
2020-04-21,Equity,35.75,35.75,2635500.0,-18674655.0,94219125.0,2.58,False,False
2020-04-22,Equity,34.95,34.95,3040200.0,-13492282.5,106254990.00000001,-2.24,False,False
2020-04-23,Equity,34.6,34.6,2472600.0,-27982880.0,85551960.0,-1.0,False,False
2020-04-24,Equity,34.65,34.65,9100800.0,-145560800.0,315342720.0,0.14,False,False
2020-04-27,Equity,35.85,35.85,4114300.0,-62835045.0,147497655.0,,False,False
2020-04-28,Equity,36.8,36.8,1270000.0,-3952347.5,46736000.0,2.65,False,False
2020-04-29,Equity,37.65,37.65,4251200.0,-10203267.5,160057680.0,2.31,False,False
2020-04-30,Equity,38.65,38.65,1078300.0,-2477375.0,41676295.0,2.66,False,False
2020-05-04,Equity,39.85,39.85,6669900.0,-38708232.5,265795515.0,,False,False
2020-05-05,Equity,42.0,42.0,1094800.0,-14780995.0,45981600.0,5.4,False,False
2020-05-06,Equity,39.75,39.75,12848700.0,-122574000.0,510735825.0,-5.36,False,False
2020-05-07,Equity,39.15,39.15,4532000.0,-21213635.0,177427800.0,-1.51,False,False
2020-05-08,Equity,38.6,38.6,1488600.0,-10856460.0,57459960.0,-1.4,False,False
2020-05-11,Equity,37.6,37.6,3918000.0,-54642755.0,147316800.0,,False,False
2020-05-12,Equity,35.9,35.9,10015700.0,-137018167.5,359563630.0,-4.52,False,False
2020-05-13,Equity,33.7,33.7,4034200.0,-60384425.0,135952540.0,-6.13,False,False
2020-05-14,Equity,33.7,33.7,1671800.0,-23583762.5,56339660.00000001,0.0,False,False
2020-05-15,Equity,35.5,35.5,12025100.0,-187839552.5,426891050.0,5.34,False,False
2020-05-18,Equity,37.0,37.0,5887700.0,-64423207.5,217844900.0,,False,False
2020-05-19,Equity,36.8,36.8,4203600.0,-41635742.5,154692480.0,-0.54,False,False
2020-05-20,Equity,35.95,35.95,232600.0,-2427462.5,8361970.000000001,-2.31,False,False
2020-05-21,Equity,36.15,36.15,3732500.0,-39151080.0,134929875.0,0.56,False,False
2020-05-22,Equity,34.2,34.2,2620700.0,-34631070.0,89627940.0,-5.39,False,False
2020-05-26,Equity,35.85,35.85,3632900.0,-17177902.5,130239465.0,,False,False
2020-05-27,Equity,35.8,35.8,77280.0,1043367.5,2766624.0,-0.14,False,False
2020-05-28,Equity,35.25,35.25,846700.0,-570305.0,29846175.0,-1.54,False,False
2020-05-29,Equity,35.05,35.05,8403800.0,-125300057.5,294553190.0,-0.57,False,False
2020-06-02,Equity,34.75,34.75,2250900.0,-20897685.0,78218775.0,,False,False
2020-06-03,Equity,34.25,34.25,2551700.0,-24006520.0,87395725.0,-1.44,False,False
2020-06-04,Equity,33.15,33.15,7082500.0,-53525815.0,234784875.0,-3.21,False,False
2020-06-05,Equity,34.6,34.6,5273600.0,-47887927.5,182466560.0,4.37,False,False
2020-06-08,Equity,34.75,34.75,1109200.0,-1517605.0,38544700.0,,False,False
2020-06-09,Equity,34.8,34.8,1541000.0,-12009337.5,53626799.99999999,0.14,False,False
2020-06-10,Equity,34.85,34.85,666100.0,-288925.0,23213585.0,0.14,False,False
2020-06-11,Equity,34.85,34.85,1779500.0,-5808997.5,62015575.0,0.0,False,False
2020-06-12,Equity,34.25,34.25,3091100.0,-21584667.5,105870175.0,-1.72,False,False
2020-06-15,Equity,34.95,34.95,1699200.0,-20131505.0,59387040.00000001,,False,False
2020-06-16,Equity,35.25,35.25,4422900.0,-48383857.5,155907225.0,0.86,False,False
2020-06-17,Equity,35.8,35.8,1619900.0,15039007.5,57992419.99999999,1.56,False,False
2020-06-18,Equity,35.85,35.85,667200.0,3644112.5,23919120.0,0.14,False,False
2020-06-19,Equity,35.65,35.65,6164700.0,-13634225.0,219771555.0,-0.56,False,False
2020-06-22,Equity,34.95,34.95,315300.0,-1396730.0,11019735.0,,False,False
2020-06-23,Equity,34.9,34.9,2025800.0,-17975070.0,70700420.0,-0.14,False,False
2020-06-24,Equity,34.95,34.95,2746700.0,-31211037.5,95997165.00000001,0.14,False,False
2020-06-25,Equity,35.05,35.05,1182400.0,-15729762.5,41443120.0,0.29,False,False
2020-06-26,Equity,35.1,35.1,713700.0,-1531155.0,25050870.0,0.14,False,False
2020-06-29,Equity,34.7,34.7,1285200.0,-6195590.0,44596440.0,,False,False
2020-06-30,Equity,34.25,34.25,235400.0,-1912787.5,8062450.0,-1.3,False,False
2020-07-01,Equity,33.0,33.0,2266000.0,-11020320.0,74778000.0,-3.65,False,False
2020-07-02,Equity,32.85,32.85,2408900.0,-30464175.0,79132365.0,-0.45,False,False
2020-07-03,Equity,32.9,32.9,2105000.0,-17669227.5,69254500.0,0.15,False,False
2020-07-06,Equity,32.85,32.85,4077900.0,-65985485.0,133959015.0,,False,False
2020-07-07,Equity,32.75,32.75,3491100.0,-49926185.0,114333525.0,-0.3,False,False
2020-07-08,Equity,31.5,31.5,1210200.0,-18577310.0,38121300.0,-3.82,False,False
2020-07-09,Equity,31.85,31.85,8562200.0,49798725.0,272706070.0,1.11,False,False
2020-07-10,Equity,33.05,33.05,1529100.0,9969800.0,50536754.99999999,3.77,False,False
2020-07-13,Equity,34.0,34.0,5255000.0,-30008437.5,178670000.0,,False,False
2020-07-14,Equity,34.4,34.4,662200.0,-1010830.0,22779680.0,1.18,False,False
2020-07-15,Equity,34.2,34.2,5090900.0,609725.0,174108780.0,-0.58,False,False
2020-07-16,Equity,34.0,34.0,6229700.0,-22708812.5,211809800.0,-0.58,False,False
2020-07-17,Equity,33.85,33.85,2023500.0,-16153720.0,68495475.0,-0.44,False,False
2020-07-20,Equity,33.0,33.0,457100.0,-309440.0,15084300.0,,False,False
2020-07-21,Equity,31.75,31.75,942100.0,-14146265.0,29911675.0,-3.79,False,False
2020-07-22,Equity,31.85,31.85,10131100.0,-89068497.5,322675535.0,0.31,False,False
2020-07-23,Equity,32.5,32.5,2077300.0,-9680642.5,67512250.0,2.04,False,False
2020-07-24,Equity,32.5,32.5,764100.0,-107952.5,24833250.0,0.0,False,False
2020-07-27,Equity,32.6,32.6,3613200.0,-896532.5,117790320.0,,False,False
2020-07-28,Equity,32.65,32.65,1142200.0,-537137.5,37292830.0,0.15,False,False
2020-07-29,Equity,32.55,32.55,1577900.0,7646682.5,51360644.99999999,-0.31,False,False
2020-07-30,Equity,32.4,32.4,300700.0,-221125.0,9742680.0,-0.46,False,False
2020-08-03,Equity,31.95,31.95,2263200.0,-1422357.5,72309240.0,,False,False
2020-08-04,Equity,31.35,31.35,189700.0,2202427.5,5947095.0,-1.88,False,False
2020-08-05,Equity,29.95,29.95,352500.0,-793120.0,10557375.0,-4.47,False,False
2020-08-06,Equity,31.5,31.5,2943000.0,9350682.5,92704500.0,5.18,False,False
2020-08-07,Equity,31.2,31.2,932700.0,1491755.0,29100240.0,-0.95,False,False
2020-08-10,Equity,29.9,29.9,54900.0,-657282.5,1641510.0,,False,False
2020-08-11,Equity,29.35,29.35,4363700.0,-10316625.0,128074595.0,-1.84,False,False
2020-08-12,Equity,28.1,28.1,3073500.0,-9906057.5,86365350.0,-4.26,False,False
2020-08-13,Equity,28.75,28.75,3273500.0,-17359350.0,94113125.0,2.31,False,False
2020-08-14,Equity,30.25,30.25,2035500.0,-12059275.0,61573875.0,5.22,False,False
2020-08-17,Equity,30.8,30.8,1548300.0,15893712.5,47687640.0,,False,False
2020-08-18,Equity,31.7,31.7,817800.0,-4237020.0,25924260.0,2.92,False,False
2020-08-19,Equity,32.7,32.7,1186800.0,-4509435.0,38808360.0,3.15,False,False
2020-08-20,Equity,32.95,32.95,83800.0,822605.0,2761210.0000000005,0.76,False,False
2020-08-21,Equity,33.65,33.65,2398400.0,-18384562.5,80706160.0,2.12,False,False
2020-08-24,Equity,34.05,34.05,2369000.0,-5237060.0,80664450.0,,False,False
2020-08-25,Equity,34.8,34.8,1682800.0,-10507967.5,58561439.99999999,2.2,False,False
2020-08-26,Equity,36.45,36.45,77660.0,1401125.0,2830707.0,4.74,False,False
2020-08-27,Equity,36.45,36.45,1494500.0,12994885.0,54474525.00000001,0.0,False,False
2020-08-28,Equity,36.65,36.65,3792000.0,15835382.5,138976800.0,0.55,False,False
2020-08-31,Equity,37.0,37.0,5885100.0,49440910.0,217748700.0,,False,False
2020-09-01,Equity,37.1,37.1,429000.0,-530807.5,15915900.0,0.27,False,False
2020-09-02,Equity,37.05,37.05,2873600.0,-2434802.5,106466879.99999999,-0.13,False,False
2020-09-03,Equity,35.65,35.65,949800.0,2710250.0,33860370.0,-3.78,False,False
2020-09-04,Equity,35.0,35.0,264800.0,-61755.0,9268000.0,-1.82,False,False
2020-09-07,Equity,35.0,35.0,348400.0,-3251662.5,12194000.0,,False,False
2020-09-08,Equity,36.0,36.0,586200.0,9156100.0,21103200.0,2.86,False,False
2020-09-09,Equity,36.9,36.9,267700.0,3028022.5,9878130.0,2.5,False,False
2020-09-10,Equity,37.0,37.0,6752200.0,-21550470.0,249831400.0,0.27,False,False
2020-09-11,Equity,36.85,36.85,3425100.0,-6923547.5,126214935.0,-0.41,False,False
2020-09-14,Equity,36.95,36.95,493600.0,-185345.0,18238520.0,,False,False
2020-09-15,Equity,36.95,36.95,1094700.0,-6670732.5,40449165.0,0.0,False,False
2020-09-16,Equity,36.05,36.05,160200.0,-1854900.0,5775210.0,-2.44,False,False
2020-09-17,Equity,36.15,36.15,2788700.0,-19428215.0,100811505.0,0.28,False,False
2020-09-18,Equity,36.0,36.0,3286100.0,-15934077.5,118299600.0,-0.41,False,False
2020-09-21,Equity,36.0,36.0,1514900.0,-920770.0,54536400.0,,False,False
2020-09-22,Equity,35.85,35.85,2417800.0,-24832800.0,86678130.0,-0.42,False,False
2020-09-23,Equity,35.65,35.65,2687500.0,-12539597.5,95809375.0,-0.56,False,False
2020-09-24,Equity,36.1,36.1,28380900.0,-43065035.0,1024550490.0,1.26,False,False
2020-09-25,Equity,37.35,37.35,691500.0,-10352365.0,25827525.0,3.46,False,False
2020-09-28,Equity,36.65,36.65,540800.0,-258722.5,19820320.0,,False,False
2020-09-29,Equity,36.7,36.7,1459000.0,-25051945.0,53545300.00000001,0.14,False,False
2020-09-30,Equity,36.5,36.5,1118000.0,-3267942.5,40807000.0,-0.54,False,False
2020-10-01,Equity,35.95,35.95,81600.0,-1361440.0,2933520.0,-1.51,False,False
2020-10-02,Equity,35.5,35.5,346300.0,-5535537.5,12293650.0,-1.25,False,False
2020-10-05,Equity,35.5,35.5,338900.0,-3958717.5,12030950.0,,False,False
2020-10-06,Equity,35.0,35.0,78600.0,-1034850.0,2751000.0,-1.41,False,False
2020-10-07,Equity,34.1,34.1,1606000.0,-10105687.5,54764600.0,-2.57,False,False
2020-10-08,Equity,34.9,34.9,2262900.0,-33453390.0,78975210.0,2.35,False,False
2020-10-09,Equity,35.0,35.0,3404500.0,-38642890.0,119157500.0,0.29,False,False
2020-10-12,Equity,35.0,35.0,829500.0,-12366677.5,29032500.0,,False,False
2020-10-13,Equity,35.0,35.0,1100300.0,-15594250.0,38510500.0,0.0,False,False
2020-10-14,Equity,34.9,34.9,1284600.0,-21218750.0,44832540.0,-0.29,False,False
2020-10-15,Equity,34.95,34.95,113200.0,-1727967.5,3956340.0000000005,0.14,False,False
2020-10-16,Equity,34.55,34.55,291000.0,-1855840.0,10054050.0,-1.14,False,False
2020-10-19,Equity,34.55,34.55,2973400.0,-2213680.0,102730969.99999999,,False,False
2020-10-21,Equity,34.5,34.5,331600.0,-1086590.0,11440200.0,,False,False
2020-10-22,Equity,34.35,34.35,412500.0,-4610925.0,14169375.0,-0.43,False,False
2020-10-23,Equity,34.5,34.5,38700.0,-386400.0,1335150.0,0.44,False,False
2020-10-26,Equity,34.4,34.4,1955000.0,-586500.0,67252000.0,,False,False
2020-10-27,Equity,34.35,34.35,873000.0,-9727647.5,29987550.0,-0.15,False,False
2020-10-28,Equity,34.0,34.0,1132500.0,-1264587.5,38505000.0,-1.02,False,False
2020-10-29,Equity,33.9,33.9,1542800.0,-24974762.5,52300920.0,-0.29,False,False
2020-10-30,Equity,33.35,33.35,1043000.0,-15651572.5,34784050.0,-1.62,False,False
2020-11-02,Equity,32.75,32.75,1092100.0,-11843890.0,35766275.0,,False,False
2020-11-03,Equity,32.8,32.8,2737600.0,-42048740.0,89793279.99999999,0.15,False,False
2020-11-04,Equity,34.65,34.65,2369200.0,-20996970.0,82092780.0,5.64,False,False
2020-11-05,Equity,35.0,35.0,1814900.0,-12340955.0,63521500.0,1.01,False,False
2020-11-06,Equity,34.4,34.4,3421800.0,-7588300.0,117709920.0,-1.71,False,False
2020-11-09,Equity,35.0,35.0,110600.0,-669900.0,3871000.0,,False,False
2020-11-10,Equity,35.95,35.95,2394200.0,-4773400.0,86071490.0,2.71,False,False
2020-11-11,Equity,36.0,36.0,436300.0,4640460.0,15706800.0,0.14,False,False
2020-11-12,Equity,36.8,36.8,2985200.0,-29619000.0,109855359.99999999,2.22,False,False
2020-11-13,Equity,36.75,36.75,1673800.0,11297300.0,61512150.0,-0.14,False,False
2020-11-16,Equity,36.55,36.55,2818200.0,706307.5,103005209.99999999,,False,False
2020-11-17,Equity,36.3,36.3,172800.0,729792.5,6272639.999999999,-0.68,False,False
2020-11-18,Equity,35.95,35.95,445600.0,7289040.0,16019320.000000002,-0.96,False,False
2020-11-19,Equity,35.35,35.35,5324700.0,-316277.5,188228145.0,-1.67,False,False
2020-11-20,Equity,35.55,35.55,3350500.0,-25174777.5,119110274.99999999,0.57,False,False
2020-11-23,Equity,35.65,35.65,669500.0,4407875.0,23867675.0,,False,False
2020-11-24,Equity,35.65,35.65,4735100.0,-61946105.0,168806315.0,0.0,False,False
2020-11-25,Equity,35.55,35.55,1232600.0,-5858020.0,43818930.0,-0.28,False,False
2020-11-26,Equity,34.4,34.4,1657800.0,-7611957.5,57028320.0,-3.23,False,False
2020-11-27,Equity,34.6,34.6,6029100.0,21187860.0,208606860.0,0.58,False,False
2020-11-30,Equity,35.05,35.05,6029100.0,-89512790.0,211319954.99999997,,False,False
2020-12-01,Equity,35.3,35.3,171900.0,-2379977.5,6068069.999999999,0.71,False,False
2020-12-02,Equity,35.4,35.4,8551000.0,-111165037.5,302705400.0,0.28,False,False
2020-12-03,Equity,35.05,35.05,3859200.0,-28740500.0,135264960.0,-0.99,False,False
2020-12-04,Equity,34.75,34.75,223900.0,-515450.0,7780525.0,-0.86,False,False
2020-12-07,Equity,34.7,34.7,81500.0,0.0,2828050.0,,False,False
2020-12-08,Equity,34.7,34.7,9017900.0,-27213835.0,312921130.0,0.0,False,False
2020-12-09,Equity,34.7,34.7,4916400.0,-53974347.5,170599080.0,0.0,False,False
2020-12-10,Equity,35.0,35.0,3749400.0,-15280047.5,131229000.0,0.86,False,False
2020-12-11,Equity,35.0,35.0,3206000.0,-35008902.5,112210000.0,0.0,False,False
2020-12-14,Equity,35.0,35.0,874900.0,-11761757.5,30621500.0,,False,False
2020-12-15,Equity,34.65,34.65,3311600.0,-10969670.0,114746940.0,-1.0,False,False
2020-12-16,Equity,34.0,34.0,4099900.0,-43101567.5,139396600.0,-1.88,False,False
2020-12-17,Equity,34.55,34.55,881700.0,-9678490.0,30462734.999999996,1.62,False,False
2020-12-18,Equity,34.6,34.6,2341100.0,5054985.0,81002060.0,0.14,False,False
2020-12-21,Equity,34.6,34.6,784300.0,-1363470.0,27136780.0,,False,False
2020-12-22,Equity,34.6,34.6,2497000.0,-32701545.0,86396200.0,0.0,False,False
2020-12-23,Equity,34.65,34.65,1069600.0,-14744790.0,37061640.0,0.14,False,False
2020-12-24,Equity,35.0,35.0,3020400.0,-35901770.0,105714000.0,1.01,False,False
2020-12-28,Equity,35.1,35.1,19900.0,-1750.0,698490.0,,False,False
2020-12-29,Equity,36.3,36.3,26900.0,1762.5,976469.9999999999,3.42,False,False
2020-12-30,Equity,36.55,36.55,580200.0,414525.0,21206310.0,0.69,False,False
2021-01-04,Equity,36.25,36.25,1955500.0,3650.0,70886875.0,,False,False
2021-01-05,Equity,36.05,36.05,879200.0,-2365620.0,31695159.999999996,-0.55,False,False
2021-01-06,Equity,36.0,36.0,4349400.0,-136393300.0,156578400.0,-0.14,False,False
2021-01-07,Equity,36.0,36.0,897100.0,-30600060.0,32295600.0,0.0,False,False
2021-01-08,Equity,36.0,36.0,884600.0,-2127600.0,31845600.0,0.0,False,False
2021-01-11,Equity,36.0,36.0,314600.0,8226000.0,11325600.0,,False,False
2021-01-12,Equity,36.1,36.1,1588200.0,27737785.0,57334020.0,0.28,False,False
2021-01-13,Equity,36.7,36.7,1671500.0,4713770.0,61344050.00000001,1.66,False,False
2021-01-14,Equity,36.95,36.95,2701000.0,-23776450.0,99801950.00000001,0.68,False,False
2021-01-15,Equity,36.9,36.9,6531200.0,-5096990.0,241001280.0,-0.14,False,False
2021-01-18,Equity,36.7,36.7,84200.0,-1693980.0,3090140.0000000005,,False,False
2021-01-19,Equity,36.55,36.55,2013500.0,30348660.0,73593425.0,-0.41,False,False
2021-01-20,Equity,37.25,37.25,3364000.0,39671370.0,125309000.0,1.92,False,False
2021-01-21,Equity,37.15,37.15,3874700.0,-7873015.0,143945105.0,-0.27,False,False
2021-01-22,Equity,37.2,37.2,3044400.0,-205835.0,113251680.00000001,0.13,False,False
2021-01-25,Equity,36.85,36.85,1644000.0,5674600.0,60581400.0,,False,False
2021-01-26,Equity,36.75,36.75,1477700.0,-4739895.0,54305475.0,-0.27,False,False
2021-01-27,Equity,36.75,36.75,5831400.0,23164020.0,214303950.0,0.0,False,False
2021-01-28,Equity,36.5,36.5,3623100.0,-29558255.0,132243150.0,-0.68,False,False
2021-01-29,Equity,36.5,36.5,6281500.0,5198955.0,229274750.0,0.0,False,False
2021-02-01,Equity,37.2,37.2,1357800.0,7138880.0,50510160.00000001,,False,False
2021-02-02,Equity,37.25,37.25,5804300.0,38124875.0,216210175.0,0.13,False,False
2021-02-03,Equity,37.2,37.2,546000.0,3758340.0,20311200.0,-0.13,False,False
2021-02-04,Equity,37.2,37.2,3033500.0,4387660.0,112846200.00000001,0.0,False,False
2021-02-05,Equity,37.25,37.25,938300.0,216825.0,34951675.0,0.13,False,False
2021-02-08,Equity,37.05,37.05,62900.0,207200.0,2330445.0,,False,False
2021-02-09,Equity,37.15,37.15,200700.0,648730.0,7456005.0,0.27,False,False
2021-02-10,Equity,37.5,37.5,1258100.0,3310830.0,47178750.0,0.94,False,False
2021-02-11,Equity,37.8,37.8,2278300.0,397330.0,86119740.0,0.8,False,False
2021-02-12,Equity,37.85,37.85,115000.0,0.0,4352750.0,0.13,False,False
2021-02-15,Equity,38.0,38.0,255600.0,-7404975.0,9712800.0,,False,False
2021-02-16,Equity,39.0,39.0,1555800.0,23387600.0,60676200.0,2.63,False,False
2021-02-17,Equity,38.55,38.55,1117200.0,-15064610.0,43068060.0,-1.15,False,False
2021-02-18,Equity,38.35,38.35,3781500.0,-14536655.0,145020525.0,-0.52,False,False
2021-02-19,Equity,38.45,38.45,335500.0,-11940740.0,12899975.000000002,0.26,False,False
2021-02-22,Equity,38.2,38.2,1028600.0,-17090690.0,39292520.0,,False,False
2021-02-23,Equity,38.2,38.2,2042300.0,-11069285.0,78015860.0,0.0,False,False
2021-02-24,Equity,37.95,37.95,198400.0,-5690740.0,7529280.000000001,-0.65,False,False
2021-02-25,Equity,37.95,37.95,420700.0,-12429655.0,15965565.000000002,0.0,False,False
2021-02-26,Equity,37.9,37.9,2037400.0,-41996445.0,77217460.0,-0.13,False,False
2021-03-01,Equity,37.9,37.9,397900.0,-306525.0,15080410.0,,False,False
2021-03-02,Equity,38.0,38.0,1657000.0,-12042200.0,62966000.0,0.26,False,False
2021-03-03,Equity,37.85,37.85,254000.0,-6046675.0,9613900.0,-0.39,False,False
2021-03-04,Equity,37.85,37.85,646700.0,12518455.0,24477595.0,0.0,False,False
2021-03-05,Equity,38.05,38.05,1257600.0,-18095490.0,47851680.0,0.53,False,False
2021-03-08,Equity,38.0,38.0,2705000.0,-70775975.0,102790000.0,,False,False
2021-03-09,Equity,38.05,38.05,1195300.0,13316510.0,45481165.0,0.13,False,False
2021-03-10,Equity,38.65,38.65,3060700.0,33164515.0,118296055.0,1.58,False,False
2021-03-11,Equity,39.35,39.35,1385700.0,467665.0,54527295.0,1.81,False,False
2021-03-12,Equity,40.0,40.0,637000.0,12823815.0,25480000.0,1.65,False,False
2021-03-15,Equity,40.0,40.0,679800.0,22359730.0,27192000.0,,False,False
2021-03-16,Equity,40.05,40.05,2015800.0,30851260.0,80732790.0,0.12,False,False
2021-03-17,Equity,40.25,40.25,174300.0,3843675.0,7015575.0,0.5,False,False
2021-03-18,Equity,41.75,41.75,1203800.0,28519970.0,50258650.0,3.73,False,False
2021-03-19,Equity,41.65,41.65,1968100.0,51137825.0,81971365.0,-0.24,False,False
2021-03-22,Equity,41.4,41.4,2273300.0,32649530.0,94114620.0,,False,False
2021-03-23,Equity,41.65,41.65,259900.0,8190235.0,10824835.0,0.6,False,False
2021-03-24,Equity,42.0,42.0,3265000.0,4975950.0,137130000.0,0.84,False,False
2021-03-25,Equity,41.85,41.85,2959300.0,693015.0,123846705.0,-0.36,False,False
2021-03-26,Equity,41.0,41.0,1196200.0,14396310.0,49044200.0,-2.03,False,False
2021-03-29,Equity,37.55,37.55,4295800.0,10977935.0,161307290.0,,False,False
2021-03-30,Equity,37.95,37.95,4844500.0,35435670.0,183848775.0,1.07,False,False
2021-03-31,Equity,37.95,37.95,1228800.0,9173770.0,46632960.0,0.0,False,False
2021-04-01,Equity,39.05,39.05,1601600.0,19119250.0,62542479.99999999,2.9,False,False
2021-04-06,Equity,39.0,39.0,301000.0,8402465.0,11739000.0,,False,False
2021-04-07,Equity,38.3,38.3,104100.0,1733650.0,3987029.9999999995,-1.79,False,False
2021-04-08,Equity,37.5,37.5,261000.0,7297760.0,9787500.0,-2.09,False,False
2021-04-09,Equity,37.7,37.7,215900.0,63975.0,8139430.000000001,0.53,False,False
2021-04-12,Equity,37.7,37.7,1379800.0,-984530.0,52018460.00000001,,False,False
2021-04-13,Equity,38.05,38.05,433900.0,-8557200.0,16509894.999999998,0.93,False,False
2021-04-14,Equity,38.3,38.3,1383600.0,-13367185.0,52991879.99999999,0.66,False,False
2021-04-15,Equity,38.55,38.55,303500.0,-9013075.0,11699925.0,0.65,False,False
2021-04-16,Equity,38.85,38.85,105000.0,0.0,4079250.0,0.78,False,False
2021-04-19,Equity,38.8,38.8,368600.0,1831720.0,14301679.999999998,,False,False
2021-04-20,Equity,39.25,39.25,1839100.0,-13841960.0,72184675.0,1.16,False,False
2021-04-21,Equity,39.25,39.25,6286600.0,-135380035.0,246749050.0,0.0,False,False
2021-04-22,Equity,37.95,37.95,1840300.0,-59891330.0,69839385.0,-3.31,False,False
2021-04-23,Equity,39.1,39.1,2922000.0,82691100.0,114250200.0,3.03,False,False
2021-04-26,Equity,39.1,39.1,1070200.0,-128455.0,41844820.0,,False,False
2021-04-27,Equity,39.15,39.15,801400.0,3003075.0,31374810.0,0.13,False,False
2021-04-28,Equity,39.45,39.45,209700.0,6240480.0,8272665.000000001,0.77,False,False
2021-04-29,Equity,39.0,39.0,1242200.0,5131170.0,48445800.0,-1.14,False,False
2021-04-30,Equity,39.15,39.15,63900.0,0.0,2501685.0,0.38,False,False
2021-05-03,Equity,39.3,39.3,485900.0,127365.0,19095870.0,,False,False
2021-05-04,Equity,39.55,39.55,237900.0,0.0,9408945.0,0.64,False,False
2021-05-05,Equity,39.85,39.85,155900.0,3985610.0,6212615.0,0.76,False,False
2021-05-06,Equity,40.3,40.3,2172700.0,82827580.0,87559810.0,1.13,False,False
2021-05-07,Equity,40.75,40.75,3490100.0,713005.0,142221575.0,1.12,False,False
2021-05-10,Equity,40.85,40.85,11701400.0,-330067920.0,478002190.0,,False,False
2021-05-11,Equity,41.05,41.05,4871100.0,14167490.0,199958655.0,0.49,False,False
2021-05-12,Equity,40.65,40.65,72300.0,384750.0,2938995.0,-0.97,False,False
2021-05-13,Equity,40.95,40.95,3482900.0,710790.0,142624755.0,0.74,False,False
2021-05-17,Equity,40.9,40.9,1215800.0,-14168715.0,49726220.0,,False,False
2021-05-18,Equity,40.95,40.95,1127200.0,-6337770.0,46158840.0,0.12,False,False
2021-05-19,Equity,41.05,41.05,711500.0,14290840.0,29207074.999999996,0.24,False,False
2021-05-20,Equity,41.05,41.05,1218700.0,2506205.0,50027635.0,0.0,False,False
2021-05-21,Equity,41.5,41.5,338300.0,13388065.0,14039450.0,1.1,False,False
2021-05-24,Equity,42.45,42.45,2597100.0,100354350.0,110246895.0,,False,False
2021-05-25,Equity,42.05,42.05,268000.0,297800.0,11269400.0,-0.94,False,False
2021-05-26,Equity,43.55,43.55,4250600.0,39000370.0,185113630.0,3.57,False,False
2021-05-27,Equity,43.5,43.5,5634200.0,5199520.0,245087700.0,-0.11,False,False
2021-05-28,Equity,43.0,43.0,1668700.0,5922895.0,71754100.0,-1.15,False,False
2021-05-31,Equity,42.2,42.2,613000.0,-3623605.0,25868600.0,,False,False
2021-06-02,Equity,42.7,42.7,2807000.0,29753185.0,119858900.00000001,,False,False
2021-06-03,Equity,42.3,42.3,5989900.0,-32451095.0,253372769.99999997,-0.94,False,False
2021-06-04,Equity,42.85,42.85,3440400.0,67329550.0,147421140.0,1.3,False,False
2021-06-07,Equity,43.0,43.0,1278600.0,-2638315.0,54979800.0,,False,False
2021-06-08,Equity,43.95,43.95,3027700.0,19404975.0,133067415.00000001,2.21,False,False
2021-06-09,Equity,44.0,44.0,2660700.0,11578655.0,117070800.0,0.11,False,False
2021-06-10,Equity,44.15,44.15,2145500.0,-6830265.0,94723825.0,0.34,False,False
2021-06-11,Equity,44.05,44.05,2649700.0,11253805.0,116719284.99999999,-0.23,False,False
2021-06-14,Equity,43.9,43.9,1413700.0,849075.0,62061430.0,,False,False
2021-06-15,Equity,44.15,44.15,1340400.0,23242705.0,59178660.0,0.57,False,False
2021-06-16,Equity,44.1,44.1,1135800.0,165555.0,50088780.0,-0.11,False,False
2021-06-17,Equity,44.35,44.35,3651900.0,4766375.0,161961765.0,0.57,False,False
2021-06-18,Equity,44.75,44.75,2226300.0,78306160.0,99626925.0,0.9,False,False
2021-06-21,Equity,45.15,45.15,991700.0,21169975.0,44775255.0,,False,False
2021-06-22,Equity,45.55,45.55,5975800.0,143450165.0,272197690.0,0.89,False,False
2021-06-23,Equity,45.55,45.55,448300.0,7066065.0,20420065.0,0.0,False,False
2021-06-24,Equity,45.7,45.7,726100.0,26480865.0,33182770.000000004,0.33,False,False
2021-06-25,Equity,46.6,46.6,3492600.0,123951480.0,162755160.0,1.97,False,False
2021-06-28,Equity,46.65,46.65,4158000.0,189431915.0,193970700.0,,False,False
2021-06-29,Equity,46.3,46.3,1547300.0,48135830.0,71639990.0,-0.75,False,False
2021-06-30,Equity,44.75,44.75,1321800.0,2616800.0,59150550.0,-3.35,False,False
2021-07-01,Equity,44.85,44.85,104500.0,4265005.0,4686825.0,0.22,False,False
2021-07-02,Equity,46.7,46.7,958500.0,-2566490.0,44761950.0,4.12,False,False
2021-07-05,Equity,46.5,46.5,842000.0,19483840.0,39153000.0,,False,False
2021-07-06,Equity,46.8,46.8,511700.0,2317005.0,23947560.0,0.65,False,False
2021-07-07,Equity,47.55,47.55,2101700.0,7364610.0,99935835.0,1.6,False,False
2021-07-08,Equity,49.0,49.0,1891000.0,1337210.0,92659000.0,3.05,False,False
2021-07-09,Equity,49.0,49.0,3436300.0,-58080030.0,168378700.0,0.0,False,False
2021-07-12,Equity,48.65,48.65,185800.0,2888140.0,9039170.0,,False,False
2021-07-13,Equity,48.0,48.0,285200.0,3527500.0,13689600.0,-1.34,False,False
2021-07-14,Equity,48.1,48.1,2559900.0,15117495.0,123131190.0,0.21,False,False
2021-07-15,Equity,48.55,48.55,102700.0,3043650.0,4986085.0,0.94,False,False
2021-07-16,Equity,48.55,48.55,1411200.0,7343945.0,68513760.0,0.0,False,False
2021-07-19,Equity,48.55,48.55,1476900.0,-12129890.0,71703495.0,,False,False
2021-07-21,Equity,48.3,48.3,2484800.0,-7101250.0,120015840.0,,False,False
2021-07-22,Equity,48.0,48.0,60200.0,115260.0,2889600.0,-0.62,False,False
2021-07-23,Equity,47.85,47.85,38900.0,-28700.0,1861365.0,-0.31,False,False
2021-07-26,Equity,48.35,48.35,176000.0,8065505.0,8509600.0,,False,False
2021-07-27,Equity,48.5,48.5,294300.0,9548225.0,14273550.0,0.31,False,False
2021-07-28,Equity,48.15,48.15,168300.0,3099190.0,8103645.0,-0.72,False,False
2021-07-29,Equity,49.1,49.1,351200.0,13823795.0,17243920.0,1.97,False,False
2021-07-30,Equity,48.9,48.9,1874000.0,14977320.0,91638600.0,-0.41,False,False
2021-08-02,Equity,48.9,48.9,215900.0,3114810.0,10557510.0,,False,False
2021-08-03,Equity,49.0,49.0,146700.0,5300790.0,7188300.0,0.2,False,False
2021-08-04,Equity,49.1,49.1,331000.0,9223990.0,16252100.0,0.2,False,False
2021-08-05,Equity,49.4,49.4,65100.0,647510.0,3215940.0,0.61,False,False
2021-08-06,Equity,50.0,50.0,1032800.0,17027480.0,51640000.0,1.21,False,False
2021-08-09,Equity,50.25,50.25,1069400.0,-6765775.0,53737350.0,,False,False
2021-08-10,Equity,50.25,50.25,549000.0,234375.0,27587250.0,0.0,False,False
2021-08-11,Equity,50.25,50.25,903800.0,-4788825.0,45415950.0,0.0,False,False
2021-08-12,Equity,50.25,50.25,1155900.0,3467250.0,58083975.0,0.0,False,False
2021-08-13,Equity,51.0,51.0,846500.0,28277475.0,43171500.0,1.49,False,False
2021-08-16,Equity,51.0,51.0,181900.0,679000.0,9276900.0,,False,False
2021-08-17,Equity,53.0,53.0,958800.0,-7244500.0,50816400.0,3.92,False,False
2021-08-18,Equity,54.0,54.0,3858700.0,4871250.0,208369800.0,1.89,False,False
2021-08-19,Equity,52.25,52.25,1142600.0,-19716125.0,59700850.0,-3.24,False,False
2021-08-20,Equity,52.5,52.5,2362400.0,56428850.0,124026000.0,0.48,False,False
2021-08-23,Equity,53.0,53.0,2471900.0,2504700.0,131010700.0,,False,False
2021-08-24,Equity,53.0,53.0,1715000.0,-31828600.0,90895000.0,0.0,False,False
2021-08-25,Equity,53.0,53.0,778500.0,3969700.0,41260500.0,0.0,False,False
2021-08-26,Equity,54.0,54.0,2646800.0,132000300.0,142927200.0,1.89,False,False
2021-08-27,Equity,54.25,54.25,2936700.0,17938300.0,159315975.0,0.46,False,False
2021-08-30,Equity,54.0,54.0,1547900.0,56633550.0,83586600.0,,False,False
2021-08-31,Equity,53.25,53.25,5330400.0,52821100.0,283843800.0,-1.39,False,False
2021-09-01,Equity,52.5,52.5,515700.0,7051525.0,27074250.0,-1.41,False,False
2021-09-02,Equity,51.5,51.5,127000.0,5234000.0,6540500.0,-1.9,False,False
2021-09-03,Equity,49.9,49.9,286800.0,5358245.0,14311320.0,-3.11,False,False
2021-09-06,Equity,49.2,49.2,1739200.0,-55113585.0,85568640.0,,False,False
2021-09-07,Equity,49.05,49.05,2193700.0,196610.0,107600985.0,-0.3,False,False
2021-09-08,Equity,49.6,49.6,123100.0,1454265.0,6105760.0,1.12,False,False
2021-09-09,Equity,49.85,49.85,2164700.0,41127850.0,107910295.0,0.5,False,False
2021-09-10,Equity,51.0,51.0,2588800.0,39762800.0,132028800.0,2.31,False,False
2021-09-13,Equity,52.0,52.0,3312200.0,31454325.0,172234400.0,,False,False
2021-09-14,Equity,51.5,51.5,558700.0,7694300.0,28773050.0,-0.96,False,False
2021-09-15,Equity,51.0,51.0,400000.0,5100.0,20400000.0,-0.97,False,False
2021-09-16,Equity,52.0,52.0,1205900.0,26192075.0,62706800.0,1.96,False,False
2021-09-17,Equity,53.25,53.25,1554000.0,3140975.0,82750500.0,2.4,False,False
2021-09-20,Equity,53.0,53.0,86800.0,0.0,4600400.0,,False,False
2021-09-21,Equity,51.75,51.75,122100.0,-1812750.0,6318675.0,-2.36,False,False
2021-09-22,Equity,51.25,51.25,3843700.0,66471800.0,196989625.0,-0.97,False,False
2021-09-23,Equity,50.75,50.75,3167500.0,-10615575.0,160750625.0,-0.98,False,False
2021-09-24,Equity,50.5,50.5,1869900.0,671650.0,94429950.0,-0.49,False,False
2021-09-27,Equity,50.5,50.5,126200.0,0.0,6373100.0,,False,False
2021-09-28,Equity,50.75,50.75,68700.0,0.0,3486525.0,0.5,False,False
2021-09-29,Equity,50.75,50.75,304100.0,-4430475.0,15433075.0,0.0,False,False
2021-09-30,Equity,50.75,50.75,1837800.0,-4268075.0,93268350.0,0.0,False,False
2021-10-01,Equity,50.5,50.5,453700.0,1057675.0,22911850.0,-0.49,False,False
2021-10-04,Equity,50.0,50.0,128600.0,-4794715.0,6430000.0,,False,False
2021-10-05,Equity,49.9,49.9,756500.0,4363500.0,37749350.0,-0.2,False,False
2021-10-06,Equity,49.45,49.45,215400.0,-7416885.0,10651530.0,-0.9,False,False
2021-10-07,Equity,49.3,49.3,81200.0,0.0,4003160.0,-0.3,False,False
2021-10-08,Equity,49.35,49.35,358700.0,-13579625.0,17701845.0,0.1,False,False
2021-10-12,Equity,49.5,49.5,2012700.0,-49082665.0,99628650.0,,False,False
2021-10-13,Equity,49.15,49.15,18000.0,0.0,884700.0,-0.71,False,False
2021-10-14,Equity,49.25,49.25,51400.0,0.0,2531450.0,0.2,False,False
2021-10-15,Equity,49.5,49.5,5142900.0,-33550540.0,254573550.0,0.51,False,False
2021-10-18,Equity,49.85,49.85,794000.0,-1082900.0,39580900.0,,False,False
2021-10-19,Equity,49.65,49.65,654100.0,-6355720.0,32476065.0,-0.4,False,False
2021-10-21,Equity,49.5,49.5,5302100.0,-150311970.0,262453950.0,,False,False
2021-10-22,Equity,49.95,49.95,5079900.0,-21543090.0,253741005.0,0.91,False,False
2021-10-25,Equity,49.5,49.5,732400.0,-8256240.0,36253800.0,,False,False
2021-10-26,Equity,49.9,49.9,265200.0,3430095.0,13233480.0,0.81,False,False
2021-10-27,Equity,49.9,49.9,1866600.0,37425000.0,93143340.0,0.0,False,False
2021-10-28,Equity,49.7,49.7,85300.0,856425.0,4239410.0,-0.4,False,False
2021-10-29,Equity,49.7,49.7,173100.0,-661110.0,8603070.0,0.0,False,False
2021-11-01,Equity,49.75,49.75,961100.0,1106830.0,47814725.0,,False,False
2021-11-02,Equity,50.0,50.0,3730700.0,25807350.0,186535000.0,0.5,False,False
2021-11-03,Equity,50.0,50.0,128700.0,1165000.0,6435000.0,0.0,False,False
2021-11-04,Equity,50.0,50.0,3235100.0,129089500.0,161755000.0,0.0,False,False
2021-11-05,Equity,49.9,49.9,306300.0,4503880.0,15284370.0,-0.2,False,False
2021-11-08,Equity,50.25,50.25,92700.0,0.0,4658175.0,,False,False
2021-11-09,Equity,51.75,51.75,2096700.0,78128625.0,108504225.0,2.99,False,False
2021-11-10,Equity,53.25,53.25,5468600.0,224646775.0,291202950.0,2.9,False,False
2021-11-11,Equity,53.0,53.0,6538500.0,94908650.0,346540500.0,-0.47,False,False
2021-11-12,Equity,52.5,52.5,727200.0,33337500.0,38178000.0,-0.94,False,False
2021-11-15,Equity,52.0,52.0,1059700.0,3213600.0,55104400.0,,False,False
2021-11-16,Equity,51.5,51.5,57300.0,2267050.0,2950950.0,-0.96,False,False
2021-11-17,Equity,51.5,51.5,2452100.0,99822600.0,126283150.0,0.0,False,False
2021-11-18,Equity,52.0,52.0,1232700.0,43240850.0,64100400.0,0.97,False,False
2021-11-19,Equity,52.0,52.0,496400.0,8583450.0,25812800.0,0.0,False,False
2021-11-22,Equity,52.0,52.0,4687300.0,183575600.0,243739600.0,,False,False
2021-11-23,Equity,51.75,51.75,55100.0,0.0,2851425.0,-0.48,False,False
2021-11-24,Equity,51.5,51.5,232900.0,1287500.0,11994350.0,-0.48,False,False
2021-11-25,Equity,51.5,51.5,6430200.0,206220125.0,331155300.0,0.0,False,False
2021-11-26,Equity,51.5,51.5,719000.0,0.0,37028500.0,0.0,False,False
2021-11-29,Equity,50.25,50.25,55700.0,0.0,2798925.0,,False,False
2021-11-30,Equity,49.0,49.0,5838500.0,-88045535.0,286086500.0,-2.49,False,False
2021-12-01,Equity,48.25,48.25,310500.0,493010.0,14981625.0,-1.53,False,False
2021-12-02,Equity,47.35,47.35,344100.0,1741520.0,16293135.0,-1.87,False,False
2021-12-03,Equity,46.6,46.6,7391200.0,-121278660.0,344429920.0,-1.58,False,False
2021-12-06,Equity,45.0,45.0,2102000.0,-89874000.0,94590000.0,,False,False
2021-12-07,Equity,45.15,45.15,7088900.0,-205771740.0,320063835.0,0.33,False,False
2021-12-08,Equity,46.95,46.95,1175200.0,-6374875.0,55175640.0,3.99,False,False
2021-12-09,Equity,47.05,47.05,1258700.0,-54217900.0,59221835.0,0.21,False,False
2021-12-10,Equity,47.5,47.5,524900.0,-16587000.0,24932750.0,0.96,False,False
2021-12-14,Equity,48.65,48.65,111800.0,3783275.0,5439070.0,,False,False
2021-12-15,Equity,48.95,48.95,616200.0,4260715.0,30162990.0,0.62,False,False
2021-12-16,Equity,49.35,49.35,132200.0,-378530.0,6524070.0,0.82,False,False
2021-12-17,Equity,48.65,48.65,843500.0,-28566200.0,41036275.0,-1.42,False,False
2021-12-20,Equity,48.75,48.75,1760800.0,-56551380.0,85839000.0,,False,False
2021-12-21,Equity,49.0,49.0,205600.0,-5423265.0,10074400.0,0.51,False,False
2021-12-22,Equity,49.15,49.15,612700.0,-10495800.0,30114205.0,0.31,False,False
2021-12-23,Equity,48.65,48.65,37900.0,0.0,1843835.0,-1.02,False,False
2021-12-24,Equity,48.5,48.5,17700.0,0.0,858450.0,-0.31,False,False
2021-12-28,Equity,49.6,49.6,89300.0,-2978250.0,4429280.0,,False,False
2021-12-29,Equity,50.0,50.0,225600.0,1539450.0,11280000.0,0.81,False,False
2021-12-30,Equity,51.0,51.0,33600.0,1424750.0,1713600.0,2.0,False,False
2021-12-31,Equity,52.75,52.75,170900.0,7630900.0,9014975.0,3.43,False,False
2022-01-03,Equity,52.75,52.75,4702000.0,165421650.0,248030500.0,,False,False
2022-01-04,Equity,53.25,53.25,2160700.0,84013900.0,115057275.0,0.95,False,False
2022-01-05,Equity,53.0,53.0,658900.0,11813700.0,34921700.0,-0.47,False,False
2022-01-06,Equity,53.0,53.0,243200.0,10292600.0,12889600.0,0.0,False,False
2022-01-07,Equity,53.0,53.0,686300.0,17786800.0,36373900.0,0.0,False,False
2022-01-10,Equity,52.75,52.75,528700.0,4606900.0,27888925.0,,False,False
2022-01-11,Equity,52.0,52.0,34700.0,-600.0,1804400.0,-1.42,False,False
2022-01-12,Equity,50.25,50.25,155000.0,-4780600.0,7788750.0,-3.37,False,False
2022-01-13,Equity,49.55,49.55,852300.0,-38626460.0,42231465.0,-1.39,False,False
2022-01-14,Equity,49.5,49.5,37100.0,0.0,1836450.0,-0.1,False,False
2022-01-17,Equity,49.5,49.5,427300.0,-1283540.0,21151350.0,,False,False
2022-01-18,Equity,50.0,50.0,1351300.0,-9974725.0,67565000.0,1.01,False,False
2022-01-19,Equity,50.25,50.25,349700.0,-4354450.0,17572425.0,0.5,False,False
2022-01-20,Equity,51.25,51.25,1546500.0,-72337250.0,79258125.0,1.99,False,False
2022-01-21,Equity,51.5,51.5,698800.0,-32876350.0,35988200.0,0.49,False,False
2022-01-24,Equity,51.5,51.5,5687400.0,286553800.0,292901100.0,,False,False
2022-01-25,Equity,51.75,51.75,1223600.0,5144800.0,63321300.0,0.49,False,False
2022-01-26,Equity,50.0,50.0,602300.0,-21371200.0,30115000.0,-3.38,False,False
2022-01-27,Equity,50.25,50.25,189300.0,125625.0,9512325.0,0.5,False,False
2022-01-28,Equity,50.25,50.25,50100.0,0.0,2517525.0,0.0,False,False
2022-01-31,Equity,50.5,50.5,1404800.0,-24344250.0,70942400.0,,False,False
2022-02-01,Equity,52.75,52.75,4721700.0,34741375.0,249069675.0,4.46,False,False
2022-02-02,Equity,53.0,53.0,2262500.0,-15370950.0,119912500.0,0.47,False,False
2022-02-03,Equity,53.0,53.0,1652000.0,87187800.0,87556000.0,0.0,False,False
2022-02-04,Equity,53.0,53.0,2081800.0,76237100.0,110335400.0,0.0,False,False
2022-02-07,Equity,53.0,53.0,1636800.0,-31789700.0,86750400.0,,False,False
2022-02-08,Equity,52.75,52.75,839500.0,41828600.0,44283625.0,-0.47,False,False
2022-02-09,Equity,52.5,52.5,6720900.0,64536850.0,352847250.0,-0.47,False,False
2022-02-10,Equity,53.0,53.0,1886800.0,83925350.0,100000400.0,0.95,False,False
2022-02-11,Equity,53.25,53.25,285200.0,,15186900.0,0.47,False,False
2022-02-14,Equity,53.5,53.5,584000.0,23013900.0,31244000.0,,False,False
2022-02-15,Equity,53.25,53.25,1838000.0,95679450.0,97873500.0,-0.47,False,False
2022-02-16,Equity,53.25,53.25,1033400.0,51142025.0,55028550.0,0.0,False,False
2022-02-17,Equity,53.0,53.0,1429200.0,9793600.0,75747600.0,-0.47,False,False
2022-02-18,Equity,52.5,52.5,997600.0,9793600.0,52374000.0,-0.94,False,False
2022-02-21,Equity,52.5,52.5,11400.0,0.0,598500.0,,False,False
2022-02-22,Equity,52.0,52.0,1534400.0,8400150.0,79788800.0,-0.95,False,False
2022-02-23,Equity,52.0,52.0,810200.0,26842250.0,42130400.0,0.0,False,False
2022-02-24,Equity,51.5,51.5,505900.0,-1676250.0,26053850.0,-0.96,False,False
2022-02-25,Equity,51.75,51.75,51300.0,0.0,2654775.0,0.49,False,False
2022-02-28,Equity,50.0,50.0,573700.0,-20329325.0,28685000.0,,False,False
2022-03-01,Equity,50.0,50.0,1472900.0,-44962500.0,73645000.0,0.0,False,False
2022-03-02,Equity,50.25,50.25,1027800.0,27852075.0,51646950.0,0.5,False,False
2022-03-03,Equity,51.0,51.0,1640800.0,-3323000.0,83680800.0,1.49,False,False
2022-03-04,Equity,51.75,51.75,311000.0,6713575.0,16094250.0,1.47,False,False
2022-03-07,Equity,50.75,50.75,424400.0,-19415075.0,21538300.0,,False,False
2022-03-08,Equity,50.5,50.5,986600.0,33108175.0,49823300.0,-0.49,False,False
2022-03-09,Equity,50.75,50.75,1417600.0,18056725.0,71943200.0,0.5,False,False
2022-03-10,Equity,51.0,51.0,2766000.0,623050.0,141066000.0,0.49,False,False
2022-03-11,Equity,51.25,51.25,102200.0,-514050.0,5237750.0,0.49,False,False
2022-03-14,Equity,51.25,51.25,367000.0,2651925.0,18808750.0,,False,False
2022-03-15,Equity,51.25,51.25,620400.0,9857450.0,31795500.0,0.0,False,False
2022-03-16,Equity,52.75,52.75,139100.0,-5674525.0,7337525.0,2.93,False,False
2022-03-17,Equity,51.75,51.75,140900.0,0.0,7291575.0,-1.9,False,False
2022-03-18,Equity,52.0,52.0,282500.0,9594000.0,14690000.0,0.48,False,False
2022-03-21,Equity,51.25,51.25,250500.0,-4386000.0,12838125.0,,False,False
2022-03-22,Equity,51.75,51.75,1713200.0,-926150.0,88658100.0,0.98,False,False
2022-03-23,Equity,51.0,51.0,1930700.0,-5078575.0,98465700.0,-1.45,False,False
2022-03-24,Equity,51.5,51.5,171200.0,-2878850.0,8816800.0,0.98,False,False
2022-03-25,Equity,51.5,51.5,1297400.0,-55171950.0,66816100.0,0.0,False,False
2022-03-28,Equity,51.0,51.0,1196900.0,-57133000.0,61041900.0,,False,False
2022-03-29,Equity,51.0,51.0,111000.0,-1720825.0,5661000.0,0.0,False,False
2022-03-30,Equity,50.75,50.75,74500.0,-1466700.0,3780875.0,-0.49,False,False
2022-03-31,Equity,50.5,50.5,258200.0,11790750.0,13039100.0,-0.49,False,False
2022-04-01,Equity,49.15,49.15,133600.0,-3228495.0,6566440.0,-2.67,False,False
2022-04-04,Equity,49.15,49.15,69100.0,0.0,3396265.0,,False,False
2022-04-05,Equity,49.5,49.5,1403800.0,-49940550.0,69488100.0,0.71,False,False
2022-04-06,Equity,49.8,49.8,1149300.0,652415.0,57235140.0,0.61,False,False
2022-04-07,Equity,49.3,49.3,845200.0,-36924010.0,41668360.0,-1.0,False,False
2022-04-08,Equity,49.3,49.3,1141700.0,802080.0,56285810.0,0.0,False,False
2022-04-11,Equity,49.75,49.75,436600.0,813860.0,21720850.0,,False,False
2022-04-12,Equity,49.85,49.85,729900.0,-6703630.0,36385515.0,0.2,False,False
2022-04-13,Equity,49.75,49.75,516900.0,-22064655.0,25715775.0,-0.2,False,False
2022-04-14,Equity,50.0,50.0,427600.0,919240.0,21380000.0,0.5,False,False
2022-04-19,Equity,49.65,49.65,719300.0,-22564030.0,35713245.0,,False,False
2022-04-20,Equity,49.65,49.65,1369400.0,8681900.0,67990710.0,0.0,False,False
2022-04-21,Equity,50.0,50.0,1983700.0,1072700.0,99185000.0,0.7,False,False
2022-04-22,Equity,49.75,49.75,2278700.0,3103230.0,113365325.0,-0.5,False,False
2022-04-25,Equity,49.95,49.95,2012200.0,1420415.0,100509390.0,,False,False
2022-04-26,Equity,49.45,49.45,3646100.0,56635110.0,180299645.0,-1.0,False,False
2022-04-27,Equity,47.8,47.8,104500.0,-1419000.0,4995100.0,-3.34,False,False
2022-04-28,Equity,47.9,47.9,100200.0,-871300.0,4799580.0,0.21,False,False
2022-05-04,Equity,47.95,47.95,2170800.0,6482280.0,104089860.0,,False,False
2022-05-05,Equity,47.5,47.5,66700.0,-1950.0,3168250.0,-0.94,False,False
2022-05-06,Equity,47.15,47.15,45500.0,-1518000.0,2145325.0,-0.74,False,False
2022-05-09,Equity,46.05,46.05,839900.0,153410.0,38677395.0,,False,False
2022-05-10,Equity,45.0,45.0,3768300.0,-148991100.0,169573500.0,-2.28,False,False
2022-05-11,Equity,44.95,44.95,958300.0,-26281250.0,43075585.0,-0.11,False,False
2022-05-12,Equity,44.6,44.6,369200.0,-11838625.0,16466320.0,-0.78,False,False
2022-05-13,Equity,45.5,45.5,2371500.0,-104353020.0,107903250.0,2.02,False,False
2022-05-16,Equity,45.6,45.6,247700.0,-6161650.0,11295120.0,,False,False
2022-05-17,Equity,46.25,46.25,90900.0,-564685.0,4204125.0,1.43,False,False
2022-05-18,Equity,45.85,45.85,366400.0,-10687930.0,16799440.0,-0.86,False,False
2022-05-19,Equity,45.6,45.6,90600.0,-2217105.0,4131360.0,-0.55,False,False
2022-05-20,Equity,44.7,44.7,1858000.0,-14549370.0,83052600.0,-1.97,False,False
2022-05-23,Equity,43.05,43.05,1477600.0,8497195.0,63610679.99999999,,False,False
2022-05-24,Equity,42.0,42.0,978800.0,13287505.0,41109600.0,-2.44,False,False
2022-05-25,Equity,42.0,42.0,4957000.0,-54397075.0,208194000.0,0.0,False,False
2022-05-26,Equity,42.9,42.9,335800.0,7041000.0,14405820.0,2.14,False,False
2022-05-27,Equity,44.0,44.0,67000.0,2622535.0,2948000.0,2.56,False,False
2022-05-30,Equity,45.2,45.2,117900.0,1134850.0,5329080.0,,False,False
2022-05-31,Equity,45.5,45.5,3292300.0,-23250.0,149799650.0,0.66,False,False
2022-06-02,Equity,45.5,45.5,9964800.0,-158872930.0,453398400.0,,False,False
2022-06-03,Equity,45.5,45.5,1946600.0,-73025500.0,88570300.0,0.0,False,False
2022-06-06,Equity,45.5,45.5,5183500.0,-172117400.0,235849250.0,,False,False
2022-06-07,Equity,45.45,45.45,2740000.0,-90044970.0,124533000.00000001,-0.11,False,False
2022-06-08,Equity,45.45,45.45,31600.0,0.0,1436220.0,0.0,False,False
2022-06-09,Equity,44.2,44.2,190300.0,-7433100.0,8411260.0,-2.75,False,False
2022-06-10,Equity,43.15,43.15,104200.0,-4074475.0,4496230.0,-2.38,False,False
2022-06-13,Equity,42.15,42.15,356600.0,-9595450.0,15030690.0,,False,False
2022-06-14,Equity,41.8,41.8,721900.0,-24045980.0,30175419.999999996,-0.83,False,False
2022-06-15,Equity,40.95,40.95,184700.0,-2217005.0,7563465.000000001,-2.03,False,False
2022-06-16,Equity,40.5,40.5,242800.0,-4816620.0,9833400.0,-1.1,False,False
2022-06-17,Equity,39.85,39.85,740200.0,-10636750.0,29496970.0,-1.6,False,False
2022-06-20,Equity,39.9,39.9,88300.0,-3016700.0,3523170.0,,False,False
2022-06-21,Equity,39.75,39.75,2033000.0,-79411415.0,80811750.0,-0.38,False,False
2022-06-22,Equity,39.0,39.0,282100.0,0.0,11001900.0,-1.89,False,False
2022-06-23,Equity,39.0,39.0,1066800.0,28540200.0,41605200.0,0.0,False,False
2022-06-24,Equity,39.0,39.0,5268200.0,-186303075.0,205459800.0,0.0,False,False
2022-06-27,Equity,39.0,39.0,1807300.0,-70176775.0,70484700.0,,False,False
2022-06-28,Equity,39.05,39.05,1128900.0,-43382290.0,44083545.0,0.13,False,False
2022-06-29,Equity,39.9,39.9,4685200.0,-96600970.0,186939480.0,2.18,False,False
2022-06-30,Equity,43.0,43.0,1017500.0,12900.0,43752500.0,7.77,False,False
2022-07-01,Equity,43.0,43.0,3507900.0,1244360.0,150839700.0,0.0,False,False
2022-07-04,Equity,43.0,43.0,3113400.0,-128262865.0,133876200.0,,False,False
2022-07-05,Equity,43.15,43.15,2115600.0,-88385700.0,91288140.0,0.35,False,False
2022-07-06,Equity,44.15,44.15,2029300.0,-34240585.0,89593595.0,2.32,False,False
2022-07-07,Equity,45.0,45.0,2378200.0,44809330.0,107019000.0,1.93,False,False
2022-07-08,Equity,46.0,46.0,923500.0,11417200.0,42481000.0,2.22,False,False
2022-07-12,Equity,45.45,45.45,1094400.0,-29276130.0,49740480.0,,False,False
2022-07-13,Equity,44.8,44.8,140600.0,-4009400.0,6298880.0,-1.43,False,False
2022-07-14,Equity,44.9,44.9,52500.0,-810940.0,2357250.0,0.22,False,False
2022-07-15,Equity,44.55,44.55,723700.0,0.0,32240834.999999996,-0.78,False,False
2022-07-18,Equity,44.5,44.5,4758100.0,-71787400.0,211735450.0,,False,False
2022-07-19,Equity,44.0,44.0,266700.0,8839175.0,11734800.0,-1.12,False,False
2022-07-20,Equity,44.5,44.5,1965500.0,39368430.0,87464750.0,1.14,False,False
2022-07-21,Equity,44.5,44.5,4685800.0,118458765.0,208518100.0,0.0,False,False
2022-07-22,Equity,45.0,45.0,305000.0,408700.0,13725000.0,1.12,False,False
2022-07-25,Equity,45.2,45.2,189200.0,-7484260.0,8551840.0,,False,False
2022-07-26,Equity,45.5,45.5,179700.0,0.0,8176350.0,0.66,False,False
2022-07-27,Equity,46.5,46.5,2197200.0,-91235220.0,102169800.0,2.2,False,False
2022-07-28,Equity,47.95,47.95,2506700.0,-1406540.0,120196265.0,3.12,False,False
2022-07-29,Equity,48.0,48.0,8554400.0,-345676550.0,410611200.0,0.1,False,False
2022-08-01,Equity,47.7,47.7,31500.0,-450700.0,1502550.0,,False,False
2022-08-02,Equity,47.7,47.7,835100.0,-1905680.0,39834270.0,0.0,False,False
2022-08-03,Equity,47.5,47.5,3131600.0,-143243650.0,148751000.0,-0.42,False,False
2022-08-04,Equity,48.0,48.0,2186800.0,-7003085.0,104966400.0,1.05,False,False
2022-08-05,Equity,48.0,48.0,360100.0,0.0,17284800.0,0.0,False,False
2022-08-08,Equity,51.5,51.5,99300.0,3276000.0,5113950.0,,False,False
2022-08-10,Equity,53.25,53.25,2252400.0,35801425.0,119940300.0,,False,False
2022-08-11,Equity,51.75,51.75,1317800.0,42101500.0,68196150.0,-2.82,False,False
2022-08-12,Equity,50.5,50.5,28400.0,42650.0,1434200.0,-2.42,False,False
2022-08-15,Equity,51.25,51.25,72000.0,0.0,3690000.0,,False,False
2022-08-16,Equity,52.25,52.25,1181500.0,0.0,61733375.0,1.95,False,False
2022-08-17,Equity,51.25,51.25,47000.0,-3625.0,2408750.0,-1.91,False,False
2022-08-18,Equity,49.45,49.45,129900.0,-4840835.0,6423555.0,-3.51,False,False
2022-08-19,Equity,48.0,48.0,296300.0,-12936070.0,14222400.0,-2.93,False,False
2022-08-22,Equity,49.0,49.0,180500.0,0.0,8844500.0,,False,False
2022-08-23,Equity,48.35,48.35,157700.0,240000.0,7624795.0,-1.33,False,False
2022-08-24,Equity,48.0,48.0,2097300.0,-93265220.0,100670400.0,-0.72,False,False
2022-08-25,Equity,48.3,48.3,26000.0,0.0,1255800.0,0.62,False,False
2022-08-26,Equity,49.2,49.2,12200.0,49000.0,600240.0,1.86,False,False
2022-08-29,Equity,48.1,48.1,622100.0,159305.0,29923010.0,,False,False
2022-08-30,Equity,48.0,48.0,59900.0,-802200.0,2875200.0,-0.21,False,False
2022-08-31,Equity,48.0,48.0,936600.0,-571250.0,44956800.0,0.0,False,False
2022-09-01,Equity,48.0,48.0,4769400.0,76795100.0,228931200.0,0.0,False,False
2022-09-02,Equity,48.15,48.15,368100.0,19240.0,17724015.0,0.31,False,False
2022-09-05,Equity,48.1,48.1,1466600.0,22946655.0,70543460.0,,False,False
2022-09-06,Equity,50.0,50.0,178300.0,-7936870.0,8915000.0,3.95,False,False
2022-09-07,Equity,49.35,49.35,116800.0,-3639765.0,5764080.0,-1.3,False,False
2022-09-08,Equity,48.85,48.85,462500.0,1150925.0,22593125.0,-1.01,False,False
2022-09-09,Equity,48.6,48.6,1013700.0,-26466980.0,49265820.0,-0.51,False,False
2022-09-12,Equity,47.85,47.85,3555100.0,-60238980.0,170111535.0,,False,False
2022-09-14,Equity,47.55,47.55,651700.0,-745835.0,30988335.0,,False,False
2022-09-15,Equity,47.5,47.5,980100.0,0.0,46554750.0,-0.11,False,False
2022-09-16,Equity,47.2,47.2,575800.0,-213375.0,27177760.0,-0.63,False,False
2022-09-19,Equity,46.85,46.85,21800.0,0.0,1021330.0,,False,False
2022-09-20,Equity,47.0,47.0,280200.0,701510.0,13169400.0,0.32,False,False
2022-09-21,Equity,47.1,47.1,123700.0,117625.0,5826270.0,0.21,False,False
2022-09-22,Equity,47.55,47.55,735800.0,-3499200.0,34987290.0,0.96,False,False
2022-09-23,Equity,47.1,47.1,3233300.0,35464235.0,152288430.0,-0.95,False,False
2022-09-26,Equity,46.7,46.7,486100.0,-296100.0,22700870.0,,False,False
2022-09-27,Equity,46.35,46.35,660600.0,682570.0,30618810.0,-0.75,False,False
2022-09-28,Equity,46.5,46.5,244200.0,7905000.0,11355300.0,0.32,False,False
2022-09-29,Equity,46.8,46.8,61400.0,0.0,2873520.0,0.65,False,False
2022-09-30,Equity,46.45,46.45,69700.0,-1335345.0,3237565.0,-0.75,False,False
2022-10-03,Equity,46.2,46.2,470900.0,13222440.0,21755580.0,,False,False
2022-10-04,Equity,46.2,46.2,421500.0,-139920.0,19473300.0,0.0,False,False
2022-10-05,Equity,46.15,46.15,193800.0,-632940.0,8943870.0,-0.11,False,False
2022-10-06,Equity,44.65,44.65,326200.0,-820150.0,14564830.0,-3.25,False,False
2022-10-07,Equity,44.5,44.5,2666100.0,-8499865.0,118641450.0,-0.34,False,False
2022-10-11,Equity,44.5,44.5,293100.0,538650.0,13042950.0,,False,False
2022-10-12,Equity,44.25,44.25,412900.0,-5597900.0,18270825.0,-0.56,False,False
2022-10-13,Equity,43.95,43.95,1541400.0,-6763820.0,67744530.0,-0.68,False,False
2022-10-14,Equity,44.1,44.1,1268500.0,36055825.0,55940850.0,0.34,False,False
2022-10-17,Equity,44.4,44.4,35500.0,0.0,1576200.0,,False,False
2022-10-18,Equity,44.2,44.2,256600.0,-5902615.0,11341720.0,-0.45,False,False
2022-10-19,Equity,45.0,45.0,112700.0,426800.0,5071500.0,1.81,False,False
2022-10-21,Equity,45.35,45.35,5200.0,135000.0,235820.0,,False,False
2022-10-24,Equity,46.75,46.75,144600.0,5626215.0,6760050.0,,False,False
2022-10-25,Equity,46.65,46.65,5022200.0,45235500.0,234285630.0,-0.21,False,False
2022-10-26,Equity,46.75,46.75,9511100.0,-444209235.0,444643925.0,0.21,False,False
2022-10-27,Equity,47.15,47.15,2181500.0,-81916725.0,102857725.0,0.86,False,False
2022-10-28,Equity,46.8,46.8,804000.0,-35808755.0,37627200.0,-0.74,False,False
2022-10-31,Equity,46.7,46.7,13600.0,0.0,635120.0,,False,False
2022-11-01,Equity,46.45,46.45,2949700.0,43940940.0,137013565.0,-0.54,False,False
2022-11-02,Equity,46.1,46.1,550800.0,-1277065.0,25391880.0,-0.75,False,False
2022-11-03,Equity,45.9,45.9,28000.0,-782000.0,1285200.0,-0.43,False,False
2022-11-04,Equity,45.7,45.7,47900.0,-1600060.0,2189030.0,-0.44,False,False
2022-11-07,Equity,45.0,45.0,514900.0,-13322500.0,23170500.0,,False,False
2022-11-08,Equity,44.5,44.5,81500.0,-1992285.0,3626750.0,-1.11,False,False
2022-11-09,Equity,44.9,44.9,33300.0,-964900.0,1495170.0,0.9,False,False
2022-11-10,Equity,45.05,45.05,1018100.0,-347505.0,45865405.0,0.33,False,False
2022-11-11,Equity,45.1,45.1,138300.0,2001715.0,6237330.0,0.11,False,False
2022-11-14,Equity,45.85,45.85,449000.0,-15741200.0,20586650.0,,False,False
2022-11-15,Equity,45.55,45.55,403300.0,1756170.0,18370315.0,-0.65,False,False
2022-11-16,Equity,45.7,45.7,19000.0,0.0,868300.0,0.33,False,False
2022-11-17,Equity,45.65,45.65,402400.0,-12534820.0,18369560.0,-0.11,False,False
2022-11-18,Equity,46.8,46.8,24500.0,-728500.0,1146600.0,2.52,False,False
2022-11-21,Equity,45.8,45.8,4288700.0,-157101820.0,196422460.0,,False,False
2022-11-22,Equity,45.05,45.05,4288700.0,180000.0,193205935.0,-1.64,False,False
2022-11-23,Equity,45.0,45.0,7754300.0,-142083000.0,348943500.0,-0.11,False,False
2022-11-24,Equity,45.45,45.45,25500.0,864395.0,1158975.0,1.0,False,False
2022-11-25,Equity,45.95,45.95,25500.0,7662900.0,1171725.0,1.1,False,False
2022-11-28,Equity,45.65,45.65,54900.0,1556665.0,2506185.0,,False,False
2022-11-29,Equity,46.95,46.95,4381500.0,178591515.0,205711425.0,2.85,False,False
2022-11-30,Equity,45.65,45.65,20000.0,0.0,913000.0,-2.77,False,False
2022-12-01,Equity,45.4,45.4,162000.0,-18000.0,7354800.0,-0.55,False,False
2022-12-02,Equity,45.05,45.05,84700.0,45100.0,3815734.9999999995,-0.77,False,False
2022-12-05,Equity,45.0,45.0,600200.0,4482000.0,27009000.0,,False,False
2022-12-06,Equity,44.95,44.95,102500.0,3817900.0,4607375.0,-0.11,False,False
2022-12-07,Equity,45.05,45.05,209100.0,0.0,9419955.0,0.22,False,False
2022-12-08,Equity,45.05,45.05,22400.0,0.0,1009119.9999999999,0.0,False,False
2022-12-09,Equity,45.0,45.0,131700.0,4608000.0,5926500.0,-0.11,False,False
2022-12-13,Equity,46.9,46.9,188800.0,8005400.0,8854720.0,,False,False
2022-12-14,Equity,45.45,45.45,521900.0,-5866220.0,23720355.0,-3.09,False,False
2022-12-15,Equity,45.5,45.5,3528500.0,-75320140.0,160546750.0,0.11,False,False
2022-12-16,Equity,45.5,45.5,472900.0,-13172925.0,21516950.0,0.0,False,False
2022-12-19,Equity,45.5,45.5,647400.0,-29287605.0,29456700.0,,False,False
2022-12-20,Equity,45.25,45.25,3327900.0,-22190235.0,150587475.0,-0.55,False,False
2022-12-21,Equity,45.25,45.25,4246800.0,-190086630.0,192167700.0,0.0,False,False
2022-12-22,Equity,45.25,45.25,135700.0,1709920.0,6140425.0,0.0,False,False
2022-12-23,Equity,45.25,45.25,3311200.0,-50120570.0,149831800.0,0.0,False,False
2022-12-28,Equity,45.25,45.25,3844300.0,-33795000.0,173954575.0,,False,False
2022-12-29,Equity,45.25,45.25,257900.0,-10315400.0,11669975.0,0.0,False,False
2022-12-30,Equity,44.5,44.5,3084600.0,-60831480.0,137264700.0,-1.66,False,False
2023-01-03,Equity,45.05,45.05,63500.0,-1572890.0,2860675.0,,False,False
2023-01-04,Equity,45.15,45.15,7582400.0,-263423400.0,342345360.0,0.22,False,False
2023-01-05,Equity,45.35,45.35,1600500.0,-4391570.0,72582675.0,0.44,False,False
2023-01-06,Equity,45.55,45.55,19300.0,-228490.0,879115.0,0.44,False,False
2023-01-09,Equity,45.5,45.5,1342400.0,-5349445.0,61079200.0,,False,False
2023-01-10,Equity,45.5,45.5,3427300.0,-1640770.0,155942150.0,0.0,False,False
2023-01-11,Equity,46.05,46.05,531900.0,22210000.0,24493995.0,1.21,False,False
2023-01-12,Equity,46.9,46.9,59000.0,-1363000.0,2767100.0,1.85,False,False
2023-01-13,Equity,46.55,46.55,465200.0,10260075.0,21655060.0,-0.75,False,False
2023-01-16,Equity,46.5,46.5,1598900.0,17097490.0,74348850.0,,False,False
2023-01-17,Equity,46.2,46.2,147200.0,-1459210.0,6800640.0,-0.65,False,False
2023-01-18,Equity,46.0,46.0,3568500.0,51023195.0,164151000.0,-0.43,False,False
2023-01-19,Equity,46.0,46.0,3028700.0,-8790600.0,139320200.0,0.0,False,False
2023-01-20,Equity,46.0,46.0,1348200.0,-9574320.0,62017200.0,0.0,False,False
2023-01-23,Equity,45.95,45.95,46900.0,120.0,2155055.0,,False,False
2023-01-24,Equity,45.75,45.75,1729900.0,-707540.0,79142925.0,-0.44,False,False
2023-01-25,Equity,45.7,45.7,2440900.0,-10601310.0,111549130.0,-0.11,False,False
2023-01-26,Equity,45.55,45.55,15200.0,4565.0,692360.0,-0.33,False,False
2023-01-27,Equity,45.4,45.4,567200.0,-5797200.0,25750880.0,-0.33,False,False
2023-01-30,Equity,44.95,44.95,178200.0,-6964225.0,8010090.000000001,,False,False
2023-01-31,Equity,44.0,44.0,1733900.0,3821335.0,76291600.0,-2.11,False,False
2023-02-01,Equity,45.05,45.05,44600.0,769350.0,2009229.9999999998,2.39,False,False
2023-02-02,Equity,45.3,45.3,67600.0,1396025.0,3062280.0,0.55,False,False
2023-02-03,Equity,45.8,45.8,34900.0,271375.0,1598420.0,1.1,False,False
2023-02-06,Equity,46.0,46.0,1803900.0,1002845.0,82979400.0,,False,False
2023-02-07,Equity,45.1,45.1,101200.0,-3459760.0,4564120.0,-1.96,False,False
2023-02-08,Equity,45.0,45.0,543100.0,-6678000.0,24439500.0,-0.22,False,False
2023-02-09,Equity,45.75,45.75,50700.0,149820.0,2319525.0,1.67,False,False
2023-02-10,Equity,45.65,45.65,1773800.0,7450530.0,80973970.0,-0.22,False,False
2023-02-13,Equity,45.55,45.55,35500.0,4600.0,1617025.0,,False,False
2023-02-14,Equity,45.95,45.95,637900.0,26875530.0,29311505.0,0.88,False,False
2023-02-15,Equity,46.15,46.15,4359300.0,-64890240.0,201181695.0,0.44,False,False
2023-02-16,Equity,46.35,46.35,275600.0,-4622605.0,12774060.0,0.43,False,False
2023-02-17,Equity,46.45,46.45,160600.0,-556940.0,7459870.0,0.22,False,False
2023-02-20,Equity,46.25,46.25,984600.0,-38211125.0,45537750.0,,False,False
2023-02-21,Equity,46.25,46.25,314900.0,-11774020.0,14564125.0,0.0,False,False
2023-02-22,Equity,46.0,46.0,196700.0,18320.0,9048200.0,-0.54,False,False
2023-02-23,Equity,45.85,45.85,38200.0,-91485.0,1751470.0,-0.33,False,False
2023-02-24,Equity,45.95,45.95,16600.0,9200.0,762770.0,0.22,False,False
2023-02-27,Equity,45.6,45.6,260200.0,0.0,11865120.0,,False,False
2023-02-28,Equity,45.5,45.5,413600.0,717620.0,18818800.0,-0.22,False,False
2023-03-01,Equity,45.5,45.5,157900.0,-729525.0,7184450.0,0.0,False,False
2023-03-02,Equity,45.4,45.4,1057300.0,-9150710.0,48001420.0,-0.22,False,False
2023-03-03,Equity,45.15,45.15,95600.0,-1352145.0,4316340.0,-0.55,False,False
2023-03-06,Equity,44.8,44.8,380300.0,-13688325.0,17037440.0,,False,False
2023-03-07,Equity,44.4,44.4,38400.0,-1421320.0,1704960.0,-0.89,False,False
2023-03-08,Equity,43.85,43.85,561300.0,-1767460.0,24613005.0,-1.24,False,False
2023-03-09,Equity,43.25,43.25,478800.0,16966565.0,20708100.0,-1.37,False,False
2023-03-10,Equity,43.0,43.0,197600.0,-8286130.0,8496800.0,-0.58,False,False
2023-03-13,Equity,42.9,42.9,125500.0,-1198185.0,5383950.0,,False,False
2023-03-14,Equity,42.25,42.25,144800.0,-1771015.0,6117800.0,-1.52,False,False
2023-03-15,Equity,41.8,41.8,79100.0,-550540.0,3306380.0,-1.07,False,False
2023-03-16,Equity,40.15,40.15,1754000.0,41248975.0,70423100.0,-3.95,False,False
2023-03-17,Equity,38.15,38.15,727600.0,2772680.0,27757940.0,-4.98,False,False
2023-03-20,Equity,38.0,38.0,1949300.0,4024200.0,74073400.0,,False,False
2023-03-21,Equity,38.05,38.05,1251131.0,-23097725.0,47605534.55,0.13,False,False
2023-03-22,Equity,38.05,38.05,10175500.0,249715345.0,387177775.0,0.0,False,False
2023-03-23,Equity,37.9,37.9,1757100.0,-50986785.0,66594090.0,-0.39,False,False
2023-03-24,Equity,38.65,38.65,259800.0,-4886310.0,10041270.0,1.98,False,False
2023-03-27,Equity,41.95,41.95,567200.0,-812175.0,23794040.0,,False,False
2023-03-28,Equity,42.65,42.65,4359400.0,110253790.0,185928410.0,1.67,False,False
2023-03-29,Equity,44.25,44.25,5411900.0,35500510.0,239476575.0,3.75,False,False
2023-03-30,Equity,44.6,44.6,271900.0,9966850.0,12126740.0,0.79,False,False
2023-03-31,Equity,45.5,45.5,347100.0,9199115.0,15793050.0,2.02,False,False
2023-04-03,Equity,45.95,45.95,63200.0,-23500.0,2904040.0,,False,False
2023-04-04,Equity,45.5,45.5,1769000.0,77022400.0,80489500.0,-0.98,False,False
2023-04-05,Equity,45.45,45.45,23100.0,13740.0,1049895.0,-0.11,False,False
2023-04-06,Equity,45.5,45.5,518300.0,-20470500.0,23582650.0,0.11,False,False
2023-04-11,Equity,45.45,45.45,198000.0,583790.0,8999100.0,,False,False
2023-04-12,Equity,45.0,45.0,1074000.0,-3803825.0,48330000.0,-0.99,False,False
2023-04-13,Equity,44.5,44.5,7848400.0,236592785.0,349253800.0,-1.11,False,False
2023-04-14,Equity,44.5,44.5,432800.0,17350550.0,19259600.0,0.0,False,False
2023-04-17,Equity,45.35,45.35,20000.0,0.0,907000.0,,False,False
2023-04-18,Equity,44.8,44.8,53400.0,0.0,2392320.0,-1.21,False,False
2023-04-19,Equity,45.05,45.05,993000.0,42853500.0,44734650.0,0.56,False,False
2023-04-20,Equity,45.15,45.15,229700.0,1196635.0,10370955.0,0.22,False,False
2023-04-24,Equity,45.3,45.3,18900.0,0.0,856170.0,,False,False
2023-04-25,Equity,46.35,46.35,185200.0,6319170.0,8584020.0,2.32,False,False
2023-04-26,Equity,46.0,46.0,1861800.0,78683175.0,85642800.0,-0.76,False,False
2023-04-27,Equity,45.9,45.9,171200.0,0.0,7858080.0,-0.22,False,False
2023-04-28,Equity,45.8,45.8,185200.0,0.0,8482160.0,-0.22,False,False
2023-05-02,Equity,45.85,45.85,51000.0,966380.0,2338350.0,,False,False
2023-05-03,Equity,45.65,45.65,67400.0,0.0,3076810.0,-0.44,False,False
2023-05-04,Equity,45.65,45.65,1467800.0,63642725.0,67005070.0,0.0,False,False
2023-05-05,Equity,45.55,45.55,35100.0,-45500.0,1598805.0,-0.22,False,False
2023-05-08,Equity,44.95,44.95,42800.0,0.0,1923860.0000000002,,False,False
2023-05-09,Equity,44.35,44.35,46200.0,0.0,2048970.0,-1.33,False,False
2023-05-10,Equity,43.3,43.3,55800.0,0.0,2416140.0,-2.37,False,False
2023-05-11,Equity,42.4,42.4,33800.0,21250.0,1433120.0,-2.08,False,False
2023-05-12,Equity,40.8,40.8,55800.0,-100.0,2276640.0,-3.77,False,False
2023-05-15,Equity,40.5,40.5,102400.0,-1619025.0,4147200.0,,False,False
2023-05-16,Equity,39.9,39.9,1690500.0,-19656815.0,67450950.0,-1.48,False,False
2023-05-17,Equity,39.45,39.45,577200.0,-13517625.0,22770540.0,-1.13,False,False
2023-05-18,Equity,38.75,38.75,1010200.0,-23583330.0,39145250.0,-1.77,False,False
2023-05-19,Equity,38.4,38.4,3468000.0,-72488975.0,133171200.0,-0.9,False,False
2023-05-22,Equity,36.55,36.55,90800.0,1043035.0,3318739.9999999995,,False,False
2023-05-23,Equity,35.8,35.8,90800.0,35750.0,3250639.9999999995,-2.05,False,False
2023-05-24,Equity,36.55,36.55,650500.0,-4258155.0,23775775.0,2.09,False,False
2023-05-25,Equity,36.8,36.8,775900.0,-3176470.0,28553119.999999996,0.68,False,False
2023-05-26,Equity,36.9,36.9,3118400.0,-3992700.0,115068960.0,0.27,False,False
2023-05-29,Equity,37.4,37.4,35100.0,66400.0,1312740.0,,False,False
2023-05-30,Equity,38.1,38.1,295600.0,7474955.0,11262360.0,1.87,False,False
2023-05-31,Equity,37.9,37.9,920500.0,-10650960.0,34886950.0,-0.52,False,False
2023-06-02,Equity,38.15,38.15,72200.0,-953800.0,2754430.0,,False,False
2023-06-05,Equity,38.4,38.4,133200.0,-3885.0,5114880.0,,False,False
2023-06-06,Equity,38.5,38.5,768200.0,38500.0,29575700.0,0.26,False,False
2023-06-07,Equity,38.25,38.25,137800.0,-579585.0,5270850.0,-0.65,False,False
2023-06-08,Equity,38.05,38.05,188200.0,-4073270.0,7161009.999999999,-0.52,False,False
2023-06-09,Equity,37.9,37.9,1007200.0,-3328710.0,38172880.0,-0.39,False,False
2023-06-12,Equity,37.85,37.85,39500.0,-576290.0,1495075.0,,False,False
2023-06-13,Equity,37.1,37.1,696600.0,-24742230.0,25843860.0,-1.98,False,False
2023-06-14,Equity,37.1,37.1,1756600.0,-1718430.0,65169860.0,0.0,False,False
2023-06-15,Equity,37.1,37.1,7078500.0,-16634295.0,262612350.0,0.0,False,False
2023-06-16,Equity,37.15,37.15,435800.0,-11853265.0,16189970.0,0.13,False,False
2023-06-19,Equity,37.5,37.5,41000.0,-1161605.0,1537500.0,,False,False
2023-06-20,Equity,37.9,37.9,26000.0,0.0,985400.0,1.07,False,False
2023-06-21,Equity,37.85,37.85,83100.0,-2445110.0,3145335.0,-0.13,False,False
2023-06-22,Equity,37.45,37.45,1310800.0,6379355.0,49089460.00000001,-1.06,False,False
2023-06-23,Equity,37.5,37.5,1154800.0,3529100.0,43305000.0,0.13,False,False
2023-06-26,Equity,37.5,37.5,1338100.0,-9933750.0,50178750.0,,False,False
2023-06-27,Equity,38.75,38.75,147900.0,0.0,5731125.0,3.33,False,False
2023-06-29,Equity,38.75,38.75,38900.0,-375.0,1507375.0,,False,False
2023-06-30,Equity,38.25,38.25,1114400.0,-9385060.0,42625800.0,-1.29,False,False
2023-07-03,Equity,38.3,38.3,1194900.0,2555950.0,45764670.0,,False,False
2023-07-04,Equity,39.2,39.2,768600.0,28384720.0,30129120.000000004,2.35,False,False
2023-07-05,Equity,39.25,39.25,414600.0,-753530.0,16273050.0,0.13,False,False
2023-07-06,Equity,39.85,39.85,1604300.0,-6411000.0,63931355.0,1.53,False,False
2023-07-07,Equity,40.0,40.0,3589900.0,-40174335.0,143596000.0,0.38,False,False
2023-07-10,Equity,40.85,40.85,394100.0,704030.0,16098985.0,,False,False
2023-07-11,Equity,41.55,41.55,1458500.0,3451350.0,60600674.99999999,1.71,False,False
2023-07-12,Equity,42.5,42.5,2045200.0,12191770.0,86921000.0,2.29,False,False
2023-07-13,Equity,43.0,43.0,1230900.0,45690450.0,52928700.0,1.18,False,False
2023-07-14,Equity,43.05,43.05,144700.0,4300000.0,6229335.0,0.12,False,False
2023-07-17,Equity,43.5,43.5,1077400.0,32125765.0,46866900.0,,False,False
2023-07-18,Equity,44.0,44.0,3094300.0,133596670.0,136149200.0,1.15,False,False
2023-07-19,Equity,44.2,44.2,118000.0,2410285.0,5215600.0,0.45,False,False
2023-07-20,Equity,44.25,44.25,3722300.0,70905725.0,164711775.0,0.11,False,False
2023-07-21,Equity,44.45,44.45,798900.0,-23084720.0,35511105.0,0.45,False,False
2023-07-24,Equity,44.5,44.5,1034100.0,43725455.0,46017450.0,,False,False
2023-07-25,Equity,44.9,44.9,986200.0,14557210.0,44280380.0,0.9,False,False
2023-07-26,Equity,42.65,42.65,420300.0,-1462110.0,17925795.0,-5.01,False,False
2023-07-27,Equity,39.7,39.7,792700.0,28127950.0,31470190.000000004,-6.92,False,False
2023-07-28,Equity,40.6,40.6,119400.0,4151250.0,4847640.0,2.27,False,False
2023-07-31,Equity,41.0,41.0,408900.0,47300.0,16764900.0,,False,False
2023-08-01,Equity,41.5,41.5,28500.0,0.0,1182750.0,1.22,False,False
2023-08-02,Equity,40.45,40.45,411000.0,-6523380.0,16624950.000000002,-2.53,False,False
2023-08-03,Equity,40.55,40.55,160700.0,-1367680.0,6516385.0,0.25,False,False
2023-08-04,Equity,41.0,41.0,79800.0,2357500.0,3271800.0,1.11,False,False
2023-08-07,Equity,41.0,41.0,1655200.0,58669500.0,67863200.0,,False,False
2023-08-08,Equity,41.0,41.0,1605800.0,64644360.0,65837800.0,0.0,False,False
2023-08-09,Equity,41.0,41.0,8048000.0,326072525.0,329968000.0,0.0,False,False
2023-08-10,Equity,41.0,41.0,3037900.0,123393600.0,124553900.0,0.0,False,False
2023-08-11,Equity,41.0,41.0,2588400.0,-1242335.0,106124400.0,0.0,False,False
2023-08-14,Equity,41.0,41.0,2848700.0,10168000.0,116796700.0,,False,False
2023-08-15,Equity,40.7,40.7,235000.0,-4728100.0,9564500.0,-0.73,False,False
2023-08-16,Equity,40.65,40.65,523500.0,14211680.0,21280275.0,-0.12,False,False
2023-08-17,Equity,40.75,40.75,162300.0,129640.0,6613725.0,0.25,False,False
2023-08-18,Equity,40.6,40.6,12200.0,4050.0,495320.0,-0.37,False,False
2023-08-21,Equity,39.05,39.05,1781000.0,-10772500.0,69548050.0,,False,False
2023-08-22,Equity,39.15,39.15,950800.0,0.0,37223820.0,0.26,False,False
2023-08-23,Equity,39.45,39.45,15900.0,0.0,627255.0,0.77,False,False
2023-08-24,Equity,39.45,39.45,854900.0,-11448830.0,33725805.0,0.0,False,False
2023-08-25,Equity,39.5,39.5,49800.0,1441750.0,1967100.0,0.13,False,False
2023-08-28,Equity,39.55,39.55,23400.0,142360.0,925469.9999999999,,False,False
2023-08-29,Equity,39.5,39.5,1013700.0,3204815.0,40041150.0,-0.13,False,False
2023-08-30,Equity,39.5,39.5,27900.0,-948000.0,1102050.0,0.0,False,False
2023-08-31,Equity,38.85,38.85,1634900.0,-42116900.0,63515865.0,-1.65,False,False
2023-09-01,Equity,38.45,38.45,430500.0,131100.0,16552725.000000002,-1.03,False,False
2023-09-04,Equity,38.1,38.1,600100.0,-21137760.0,22863810.0,,False,False
2023-09-05,Equity,38.2,38.2,29900.0,-7095.0,1142180.0,0.26,False,False
2023-09-06,Equity,38.7,38.7,54100.0,-1713410.0,2093670.0000000002,1.31,False,False
2023-09-07,Equity,37.55,37.55,1587200.0,-59281895.0,59599359.99999999,-2.97,False,False
2023-09-08,Equity,37.2,37.2,176400.0,-6546880.0,6562080.000000001,-0.93,False,False
2023-09-11,Equity,37.5,37.5,166000.0,-1323850.0,6225000.0,,False,False
2023-09-12,Equity,37.5,37.5,4216500.0,-4969020.0,158118750.0,0.0,False,False
2023-09-13,Equity,37.6,37.6,900700.0,-25674535.0,33866320.0,0.27,False,False
2023-09-14,Equity,37.7,37.7,673700.0,-15703765.0,25398490.000000004,0.27,False,False
2023-09-15,Equity,37.4,37.4,445300.0,199715.0,16654220.0,-0.8,False,False
2023-09-18,Equity,37.4,37.4,23600.0,-412750.0,882640.0,,False,False
2023-09-19,Equity,37.0,37.0,5613900.0,-5354905.0,207714300.0,-1.07,False,False
2023-09-20,Equity,37.0,37.0,212000.0,5959960.0,7844000.0,0.0,False,False
2023-09-21,Equity,37.15,37.15,110600.0,839645.0,4108790.0,0.41,False,False
2023-09-22,Equity,36.9,36.9,682900.0,-10.0,25199010.0,-0.67,False,False
2023-09-25,Equity,36.8,36.8,118100.0,-2318970.0,4346080.0,,False,False
2023-09-26,Equity,36.65,36.65,49400.0,-1572520.0,1810510.0,-0.41,False,False
2023-09-27,Equity,36.2,36.2,357700.0,-9675750.0,12948740.000000002,-1.23,False,False
2023-09-28,Equity,35.95,35.95,182300.0,-2159870.0,6553685.000000001,-0.69,False,False
2023-09-29,Equity,35.55,35.55,344800.0,-8173080.0,12257639.999999998,-1.11,False,False
2023-10-02,Equity,35.8,35.8,299300.0,7912790.0,10714940.0,,False,False
2023-10-03,Equity,36.0,36.0,1346300.0,47530800.0,48466800.0,0.56,False,False
2023-10-04,Equity,36.05,36.05,176800.0,-2805870.0,6373639.999999999,0.14,False,False
2023-10-05,Equity,36.3,36.3,40400.0,622800.0,1466520.0,0.69,False,False
2023-10-06,Equity,36.55,36.55,50600.0,-1460000.0,1849429.9999999998,0.69,False,False
2023-10-09,Equity,36.2,36.2,3432700.0,63963170.0,124263740.00000001,,False,False
2023-10-11,Equity,36.25,36.25,285400.0,1154460.0,10345750.0,,False,False
2023-10-12,Equity,36.25,36.25,258100.0,-50750.0,9356125.0,0.0,False,False
2023-10-13,Equity,36.45,36.45,54900.0,1057870.0,2001105.0000000002,0.55,False,False
2023-10-16,Equity,36.7,36.7,36600.0,0.0,1343220.0,,False,False
2023-10-17,Equity,37.0,37.0,1208300.0,41120550.0,44707100.0,0.82,False,False
2023-10-18,Equity,37.0,37.0,1552100.0,-27413900.0,57427700.0,0.0,False,False
2023-10-19,Equity,37.25,37.25,70000.0,0.0,2607500.0,0.68,False,False
2023-10-23,Equity,37.0,37.0,1709300.0,-18184435.0,63244100.0,,False,False
2023-10-24,Equity,37.05,37.05,249700.0,-6308500.0,9251385.0,0.14,False,False
2023-10-25,Equity,37.95,37.95,29700.0,-668575.0,1127115.0,2.43,False,False
2023-10-26,Equity,37.5,37.5,142400.0,2199300.0,5340000.0,-1.19,False,False
2023-10-27,Equity,38.0,38.0,2072000.0,1606700.0,78736000.0,1.33,False,False
2023-10-30,Equity,38.0,38.0,15200.0,0.0,577600.0,,False,False
2023-10-31,Equity,37.55,37.55,585700.0,20613750.0,21993035.0,-1.18,False,False
2023-11-01,Equity,37.2,37.2,1764800.0,-35348180.0,65650560.00000001,-0.93,False,False
2023-11-02,Equity,37.05,37.05,442500.0,-33260.0,16394624.999999998,-0.4,False,False
2023-11-03,Equity,37.1,37.1,171300.0,3741100.0,6355230.0,0.13,False,False
2023-11-06,Equity,37.0,37.0,833100.0,18189200.0,30824700.0,,False,False
2023-11-07,Equity,37.25,37.25,395200.0,65800.0,14721200.0,0.68,False,False
2023-11-08,Equity,37.2,37.2,22000.0,-68030.0,818400.0000000001,-0.13,False,False
2023-11-09,Equity,37.25,37.25,603200.0,-81975.0,22469200.0,0.13,False,False
2023-11-10,Equity,37.3,37.3,434900.0,11175.0,16221769.999999998,0.13,False,False
2023-11-14,Equity,37.58,37.58,279400.0,-1548790.0,10499852.0,,False,False
2023-11-15,Equity,37.84,37.84,33600.0,-428815.0,1271424.0,0.69,False,False
2023-11-16,Equity,37.94,37.94,463600.0,-313785.0,17588984.0,0.26,False,False
2023-11-17,Equity,37.99,37.99,353900.0,7880915.0,13444661.0,0.13,False,False
2023-11-20,Equity,38.0,38.0,72400.0,3800.0,2751200.0,,False,False
2023-11-21,Equity,38.14,38.14,171500.0,-620390.0,6541010.0,0.37,False,False
2023-11-22,Equity,38.31,38.31,17800.0,-19225.0,681918.0,0.45,False,False
2023-11-23,Equity,38.31,38.31,212000.0,-258540.0,8121720.000000001,0.0,False,False
2023-11-24,Equity,38.32,38.32,284500.0,-1974950.0,10902040.0,0.03,False,False
2023-11-27,Equity,37.08,37.08,185200.0,-5756000.0,6867216.0,,False,False
2023-11-28,Equity,37.11,37.11,118600.0,-3695650.0,4401246.0,0.08,False,False
2023-11-29,Equity,37.78,37.78,2417500.0,-2074265.0,91333150.0,1.81,False,False
2023-11-30,Equity,36.5,36.5,357700.0,-10151160.0,13056050.0,-3.39,False,False
2023-12-01,Equity,38.0,38.0,4498900.0,8520420.0,170958200.0,4.11,False,False
2023-12-04,Equity,37.99,37.99,1047800.0,-1009250.0,39805922.0,,False,False
2023-12-05,Equity,37.67,37.67,24400.0,0.0,919148.0,-0.84,False,False
2023-12-06,Equity,37.4,37.4,124900.0,-4238510.0,4671260.0,-0.72,False,False
2023-12-07,Equity,37.73,37.73,9200.0,-48620.0,347116.0,0.88,False,False
2023-12-08,Equity,37.91,37.91,270400.0,-7514100.0,10250864.0,0.48,False,False
2023-12-11,Equity,37.44,37.44,27400.0,-783790.0,1025855.9999999999,,False,False
2023-12-13,Equity,36.85,36.85,426300.0,-1545105.0,15709155.0,,False,False
2023-12-14,Equity,36.05,36.05,678000.0,-22988865.0,24441899.999999996,-2.17,False,False
2023-12-15,Equity,35.7,35.7,80900.0,-1827815.0,2888130.0,-0.97,False,False
2023-12-18,Equity,35.55,35.55,385100.0,-1131575.0,13690304.999999998,,False,False
2023-12-19,Equity,35.0,35.0,1405000.0,5117590.0,49175000.0,-1.55,False,False
2023-12-20,Equity,34.5,34.5,1325400.0,-28688780.0,45726300.0,-1.43,False,False
2023-12-21,Equity,34.25,34.25,130600.0,-2751545.0,4473050.0,-0.72,False,False
2023-12-22,Equity,34.0,34.0,174900.0,-4426860.0,5946600.0,-0.73,False,False
2023-12-27,Equity,33.9,33.9,1355600.0,4669860.0,45954840.0,,False,False
2023-12-28,Equity,33.85,33.85,220000.0,-973770.0,7447000.0,-0.15,False,False
2023-12-29,Equity,33.65,33.65,709200.0,558570.0,23864580.0,-0.59,False,False
2024-01-02,Equity,34.2,34.2,26100.0,574615.0,892620.0000000001,,False,False
2024-01-03,Equity,35.6,35.6,68800.0,0.0,2449280.0,4.09,False,False
2024-01-04,Equity,35.65,35.65,408000.0,8442120.0,14545200.0,0.14,False,False
2024-01-05,Equity,35.65,35.65,1387600.0,14386690.0,49467940.0,0.0,False,False
2024-01-08,Equity,35.75,35.75,141400.0,-4650320.0,5055050.0,,False,False
2024-01-09,Equity,35.6,35.6,856500.0,12947535.0,30491400.0,-0.42,False,False
2024-01-10,Equity,35.9,35.9,16700.0,0.0,599530.0,0.84,False,False
2024-01-11,Equity,35.85,35.85,1273300.0,15064415.0,45647805.0,-0.14,False,False
2024-01-12,Equity,35.8,35.8,84000.0,-1444185.0,3007199.9999999995,-0.14,False,False
2024-01-15,Equity,35.55,35.55,38800.0,24920.0,1379340.0,,False,False
2024-01-16,Equity,36.0,36.0,891400.0,-30441500.0,32090400.0,1.27,False,False
2024-01-17,Equity,36.0,36.0,2203600.0,3206240.0,79329600.0,0.0,False,False
2024-01-18,Equity,36.5,36.5,384100.0,12687270.0,14019650.0,1.39,False,False
2024-01-19,Equity,36.5,36.5,832700.0,-65700.0,30393550.0,0.0,False,False
2024-01-22,Equity,36.45,36.45,57200.0,252000.0,2084940.0000000002,,False,False
2024-01-23,Equity,36.5,36.5,688500.0,4332635.0,25130250.0,0.14,False,False
2024-01-24,Equity,36.9,36.9,3823700.0,-14360940.0,141094530.0,1.1,False,False
2024-01-25,Equity,36.9,36.9,1542200.0,1483890.0,56907180.0,0.0,False,False
2024-01-26,Equity,37.1,37.1,162200.0,4341550.0,6017620.0,0.54,False,False
2024-01-29,Equity,37.5,37.5,2530300.0,236720.0,94886250.0,,False,False
2024-01-30,Equity,37.95,37.95,1714300.0,-13848750.0,65057685.00000001,1.2,False,False
2024-01-31,Equity,38.0,38.0,791300.0,-5661885.0,30069400.0,0.13,False,False
2024-02-01,Equity,37.7,37.7,451900.0,15874910.0,17036630.0,-0.79,False,False
2024-02-02,Equity,38.15,38.15,275200.0,3562025.0,10498880.0,1.19,False,False
2024-02-05,Equity,38.2,38.2,4977400.0,38424625.0,190136680.0,,False,False
2024-02-06,Equity,38.25,38.25,4523400.0,-16116220.0,173020050.0,0.13,False,False
2024-02-07,Equity,38.2,38.2,1024300.0,-964125.0,39128260.0,-0.13,False,False
2024-02-08,Equity,37.2,37.2,454300.0,-2390115.0,16899960.0,-2.62,False,False
2024-02-09,Equity,37.45,37.45,25200.0,4070.0,943740.0000000001,0.67,False,False
2024-02-12,Equity,37.5,37.5,18900.0,0.0,708750.0,,False,False
2024-02-13,Equity,37.5,37.5,2521100.0,-74812500.0,94541250.0,0.0,False,False
2024-02-14,Equity,37.6,37.6,707200.0,-21984125.0,26590720.0,0.27,False,False
2024-02-15,Equity,37.8,37.8,717000.0,-2370535.0,27102599.999999996,0.53,False,False
2024-02-16,Equity,37.95,37.95,189300.0,-332525.0,7183935.000000001,0.4,False,False
2024-02-19,Equity,38.35,38.35,884000.0,16284440.0,33901400.0,,False,False
2024-02-20,Equity,38.55,38.55,30600.0,0.0,1179630.0,0.52,False,False
2024-02-21,Equity,38.8,38.8,1940500.0,-38436890.0,75291400.0,0.65,False,False
2024-02-22,Equity,40.85,40.85,1498600.0,9001275.0,61217810.0,5.28,False,False
2024-02-23,Equity,41.0,41.0,11021400.0,-25602350.0,451877400.0,0.37,False,False
2024-02-26,Equity,40.4,40.4,817300.0,1273920.0,33018920.0,,False,False
2024-02-27,Equity,39.85,39.85,3559900.0,-25878420.0,141862015.0,-1.36,False,False
2024-02-28,Equity,40.0,40.0,2993500.0,-18494465.0,119740000.0,0.38,False,False
2024-02-29,Equity,40.45,40.45,29100.0,4060.0,1177095.0,1.13,False,False
2024-03-01,Equity,40.0,40.0,4580800.0,-95800000.0,183232000.0,-1.11,False,False
2024-03-04,Equity,40.05,40.05,417100.0,-56000.0,16704854.999999998,,False,False
2024-03-05,Equity,40.05,40.05,474200.0,112500.0,18991710.0,0.0,False,False
2024-03-06,Equity,40.0,40.0,792800.0,-18773200.0,31712000.0,-0.12,False,False
2024-03-07,Equity,40.05,40.05,164200.0,-6288000.0,6576209.999999999,0.12,False,False
2024-03-08,Equity,40.0,40.0,1730800.0,-12004000.0,69232000.0,-0.12,False,False
2024-03-11,Equity,40.0,40.0,7854200.0,-49996680.0,314168000.0,,False,False
2024-03-12,Equity,40.0,40.0,7854200.0,2440315.0,314168000.0,0.0,False,False
2024-03-13,Equity,40.2,40.2,628100.0,22435720.0,25249620.0,0.5,False,False
2024-03-14,Equity,41.6,41.6,147200.0,1455500.0,6123520.0,3.48,False,False
2024-03-15,Equity,42.6,42.6,611300.0,-10007730.0,26041380.0,2.4,False,False
2024-03-18,Equity,42.85,42.85,187600.0,-6229580.0,8038660.0,,False,False
2024-03-19,Equity,43.2,43.2,4838900.0,-39065980.0,209040480.0,0.82,False,False
2024-03-20,Equity,44.45,44.45,4165500.0,-87432755.0,185156475.0,2.89,False,False
2024-03-21,Equity,44.65,44.65,951800.0,7389875.0,42497870.0,0.45,False,False
2024-03-22,Equity,45.35,45.35,4921800.0,7709180.0,223203630.0,1.57,False,False
2024-03-25,Equity,46.35,46.35,16061300.0,2863920.0,744441255.0,,False,False
2024-03-26,Equity,49.2,49.2,631000.0,-8470385.0,31045200.0,6.15,False,False
2024-03-27,Equity,49.15,49.15,4683300.0,1506230.0,230184195.0,-0.1,False,False
2024-03-28,Equity,47.15,47.15,1668200.0,-17206260.0,78655630.0,-4.07,False,False
2024-04-02,Equity,47.0,47.0,2138300.0,-19393755.0,100500100.0,,False,False
2024-04-03,Equity,47.95,47.95,1917700.0,5437300.0,91953715.0,2.02,False,False
2024-04-04,Equity,48.0,48.0,22728100.0,-234636000.0,1090948800.0,0.1,False,False
2024-04-05,Equity,47.85,47.85,2507100.0,71384880.0,119964735.0,-0.31,False,False
2024-04-08,Equity,47.15,47.15,1954600.0,17834645.0,92159390.0,,False,False
2024-04-09,Equity,46.7,46.7,762200.0,34975975.0,35594740.0,-0.95,False,False
2024-04-11,Equity,46.95,46.95,1843400.0,9105585.0,86547630.0,,False,False
2024-04-12,Equity,46.45,46.45,79800.0,1164680.0,3706710.0,-1.06,False,False
2024-04-15,Equity,46.75,46.75,660300.0,-478560.0,30869025.0,,False,False
2024-04-16,Equity,45.0,45.0,867100.0,-1989530.0,39019500.0,-3.74,False,False
2024-04-17,Equity,44.55,44.55,82700.0,-2414060.0,3684284.9999999995,-1.0,False,False
2024-04-18,Equity,44.4,44.4,928500.0,-6624870.0,41225400.0,-0.34,False,False
2024-04-19,Equity,42.1,42.1,976300.0,-3698950.0,41102230.0,-5.18,False,False
2024-04-22,Equity,42.05,42.05,68800.0,-808950.0,2893040.0,,False,False
2024-04-23,Equity,41.8,41.8,147400.0,84000.0,6161320.0,-0.59,False,False
2024-04-24,Equity,41.05,41.05,320400.0,-5048805.0,13152420.0,-1.79,False,False
2024-04-25,Equity,42.0,42.0,735000.0,13909245.0,30870000.0,2.31,False,False
2024-04-26,Equity,43.05,43.05,720100.0,1122300.0,31000304.999999996,2.5,False,False
2024-04-29,Equity,42.8,42.8,614900.0,-12906555.0,26317720.0,,False,False
2024-04-30,Equity,42.55,42.55,42.55,101855.0,1810.5024999999998,-0.58,False,False
2024-05-02,Equity,42.6,42.6,253400.0,-1382420.0,10794840.0,,False,False
2024-05-03,Equity,42.55,42.55,144300.0,425425.0,6139965.0,-0.12,False,False
2024-05-06,Equity,42.45,42.45,432000.0,272010.0,18338400.0,,False,False
2024-05-07,Equity,42.1,42.1,155400.0,687050.0,6542340.0,-0.82,False,False
2024-05-08,Equity,42.0,42.0,3162300.0,-8360245.0,132816600.0,-0.24,False,False
2024-05-09,Equity,41.9,41.9,3067800.0,47606125.0,128540820.0,-0.24,False,False
2024-05-13,Equity,43.25,43.25,66400.0,2292650.0,2871800.0,,False,False
2024-05-14,Equity,44.3,44.3,112200.0,-4718555.0,4970460.0,2.43,False,False
2024-05-15,Equity,44.0,44.0,3118100.0,-5562480.0,137196400.0,-0.68,False,False
2024-05-16,Equity,44.1,44.1,621100.0,-16058750.0,27390510.0,0.23,False,False
2024-05-17,Equity,44.85,44.85,1449600.0,-1725560.0,65014560.0,1.7,False,False
2024-05-20,Equity,46.1,46.1,3850500.0,98426885.0,177508050.0,,False,False
2024-05-21,Equity,47.0,47.0,1429100.0,-8077470.0,67167700.0,1.95,False,False
2024-05-22,Equity,47.05,47.05,3214700.0,57749280.0,151251635.0,0.11,False,False
2024-05-23,Equity,46.85,46.85,602800.0,10978580.0,28241180.0,-0.43,False,False
2024-05-24,Equity,46.5,46.5,1721100.0,11025150.0,80031150.0,-0.75,False,False
2024-05-27,Equity,42.55,42.55,1987600.0,-7493100.0,84572380.0,,False,False
2024-05-28,Equity,43.25,43.25,7724400.0,114817745.0,334080300.0,1.65,False,False
2024-05-29,Equity,43.55,43.55,4277700.0,-22624645.0,186293835.0,0.69,False,False
2024-05-30,Equity,43.55,43.55,7280300.0,290789525.0,317057065.0,0.0,False,False
2024-05-31,Equity,43.5,43.5,4766700.0,60158225.0,207351450.0,-0.11,False,False
2024-06-03,Equity,43.55,43.55,2158800.0,-841860.0,94015740.0,,False,False
2024-06-04,Equity,43.65,43.65,1749300.0,-34030750.0,76356945.0,0.23,False,False
2024-06-05,Equity,43.7,43.7,1079000.0,2758955.0,47152300.0,0.11,False,False
2024-06-06,Equity,43.7,43.7,2997300.0,20329895.0,130982010.00000001,0.0,False,False
2024-06-07,Equity,43.7,43.7,1392300.0,-712250.0,60843510.00000001,0.0,False,False
2024-06-10,Equity,43.45,43.45,43700.0,535200.0,1898765.0000000002,,False,False
2024-06-11,Equity,43.5,43.5,111500.0,1552510.0,4850250.0,0.12,False,False
2024-06-12,Equity,43.75,43.75,39200.0,0.0,1715000.0,0.57,False,False
2024-06-13,Equity,43.7,43.7,21600.0,0.0,943920.0000000001,-0.11,False,False
2024-06-14,Equity,43.9,43.9,59700.0,0.0,2620830.0,0.46,False,False
2024-06-18,Equity,43.65,43.65,285400.0,2100.0,12457710.0,,False,False
2024-06-19,Equity,43.5,43.5,3425000.0,84488180.0,148987500.0,-0.34,False,False
2024-06-20,Equity,43.5,43.5,578600.0,24389970.0,25169100.0,0.0,False,False
2024-06-21,Equity,43.4,43.4,777900.0,27550730.0,33760860.0,-0.23,False,False
2024-06-24,Equity,43.25,43.25,38400.0,0.0,1660800.0,,False,False
2024-06-25,Equity,43.05,43.05,12800.0,0.0,551040.0,-0.46,False,False
2024-06-26,Equity,43.0,43.0,549200.0,20949280.0,23615600.0,-0.12,False,False
2024-06-27,Equity,42.65,42.65,21800.0,0.0,929770.0,-0.81,False,False
2024-06-28,Equity,42.25,42.25,116200.0,1689190.0,4909450.0,-0.94,False,False
2024-07-01,Equity,42.25,42.25,145400.0,5479670.0,6143150.0,,False,False
2024-07-02,Equity,41.65,41.65,169800.0,277200.0,7072170.0,-1.42,False,False
2024-07-03,Equity,41.75,41.75,37200.0,24720.0,1553100.0,0.24,False,False
2024-07-04,Equity,41.8,41.8,3335900.0,137844480.0,139440620.0,0.12,False,False
2024-07-05,Equity,42.0,42.0,731300.0,29485050.0,30714600.0,0.48,False,False
2024-07-08,Equity,43.35,43.35,482700.0,1957375.0,20925045.0,,False,False
2024-07-09,Equity,43.95,43.95,663700.0,27352615.0,29169615.000000004,1.38,False,False
2024-07-10,Equity,43.85,43.85,623600.0,24906205.0,27344860.0,-0.23,False,False
2024-07-11,Equity,43.4,43.4,125200.0,-81930.0,5433680.0,-1.03,False,False
2024-07-12,Equity,43.3,43.3,41100.0,-880035.0,1779629.9999999998,-0.23,False,False
2024-07-15,Equity,43.2,43.2,642300.0,8656320.0,27747360.0,,False,False
2024-07-16,Equity,42.8,42.8,473000.0,-650550.0,20244400.0,-0.93,False,False
2024-07-17,Equity,42.55,42.55,199800.0,-5067620.0,8501490.0,-0.58,False,False
2024-07-18,Equity,42.75,42.75,25900.0,50900.0,1107225.0,0.47,False,False
2024-07-19,Equity,42.6,42.6,8300.0,0.0,353580.0,-0.35,False,False
2024-07-22,Equity,42.5,42.5,66900.0,-1700000.0,2843250.0,,False,False
2024-07-23,Equity,42.0,42.0,2689900.0,-1537205.0,112975800.0,-1.18,False,False
2024-07-24,Equity,41.5,41.5,85000.0,0.0,3527500.0,-1.19,False,False
2024-07-25,Equity,41.45,41.45,1750900.0,4376290.0,72574805.0,-0.12,False,False
2024-07-26,Equity,41.3,41.3,178700.0,-41685.0,7380309.999999999,-0.36,False,False
2024-07-29,Equity,40.85,40.85,8800800.0,-300797945.0,359512680.0,,False,False
2024-07-30,Equity,40.45,40.45,840000.0,-306795.0,33978000.0,-0.98,False,False
2024-07-31,Equity,40.5,40.5,122500.0,0.0,4961250.0,0.12,False,False
2024-08-01,Equity,40.45,40.45,356400.0,0.0,14416380.000000002,-0.12,False,False
2024-08-02,Equity,40.45,40.45,88500.0,2019950.0,3579825.0000000005,0.0,False,False
2024-08-05,Equity,39.9,39.9,513100.0,-7594640.0,20472690.0,,False,False
2024-08-06,Equity,40.0,40.0,2134800.0,-6896230.0,85392000.0,0.25,False,False
2024-08-07,Equity,38.5,38.5,4688100.0,111618920.0,180491850.0,-3.75,False,False
2024-08-08,Equity,38.5,38.5,4216100.0,-4461150.0,162319850.0,0.0,False,False
2024-08-09,Equity,39.95,39.95,21500.0,0.0,858925.0000000001,3.77,False,False
2024-08-12,Equity,39.95,39.95,254700.0,-564770.0,10175265.0,,False,False
2024-08-13,Equity,40.0,40.0,334600.0,0.0,13384000.0,0.13,False,False
2024-08-14,Equity,40.1,40.1,380300.0,0.0,15250030.0,0.25,False,False
2024-08-15,Equity,40.5,40.5,195900.0,5716860.0,7933950.0,1.0,False,False
2024-08-16,Equity,40.0,40.0,791600.0,29196000.0,31664000.0,-1.23,False,False
2024-08-19,Equity,40.45,40.45,187300.0,7519925.0,7576285.000000001,,False,False
2024-08-20,Equity,40.5,40.5,1063800.0,3477900.0,43083900.0,0.12,False,False
2024-08-21,Equity,40.75,40.75,114200.0,440100.0,4653650.0,0.62,False,False
2024-08-22,Equity,40.35,40.35,147500.0,1067645.0,5951625.0,-0.98,False,False
2024-08-23,Equity,40.5,40.5,1328600.0,-24146100.0,53808300.0,0.37,False,False
2024-08-26,Equity,40.5,40.5,14800.0,0.0,599400.0,,False,False
2024-08-27,Equity,40.5,40.5,2027300.0,-40500000.0,82105650.0,0.0,False,False
2024-08-28,Equity,40.75,40.75,78300.0,487935.0,3190725.0,0.62,False,False
2024-08-29,Equity,40.7,40.7,956100.0,16443485.0,38913270.0,-0.12,False,False
2024-08-30,Equity,41.05,41.05,281600.0,7235300.0,11559680.0,0.86,False,False
2024-09-02,Equity,41.25,41.25,16800.0,0.0,693000.0,,False,False
2024-09-03,Equity,42.15,42.15,49200.0,-845000.0,2073780.0,2.18,False,False
2024-09-04,Equity,43.0,43.0,1314200.0,50980330.0,56510600.0,2.02,False,False
2024-09-05,Equity,42.75,42.75,61200.0,2473080.0,2616300.0,-0.58,False,False
2024-09-06,Equity,43.15,43.15,51800.0,1397500.0,2235170.0,0.94,False,False
2024-09-09,Equity,43.35,43.35,2800000.0,14504900.0,121380000.0,,False,False
2024-09-10,Equity,43.5,43.5,1260700.0,11700330.0,54840450.0,0.35,False,False
2024-09-11,Equity,43.55,43.55,170100.0,222000.0,7407854.999999999,0.11,False,False
2024-09-12,Equity,43.2,43.2,72100.0,-26045.0,3114720.0,-0.8,False,False
2024-09-13,Equity,43.2,43.2,908300.0,9520225.0,39238560.0,0.0,False,False
2024-09-16,Equity,43.25,43.25,1033700.0,-233880.0,44707525.0,,False,False
2024-09-17,Equity,43.25,43.25,1486900.0,-62591680.0,64308425.0,0.0,False,False
2024-09-18,Equity,43.0,43.0,5899800.0,-33970105.0,253691400.0,-0.58,False,False
2024-09-19,Equity,43.25,43.25,135200.0,1234100.0,5847400.0,0.58,False,False
2024-09-20,Equity,42.0,42.0,1196300.0,45167670.0,50244600.0,-2.89,False,False
2024-09-23,Equity,42.0,42.0,378100.0,-14700000.0,15880200.0,,False,False
2024-09-24,Equity,42.15,42.15,409000.0,-12935985.0,17239350.0,0.36,False,False
2024-09-25,Equity,43.7,43.7,10300.0,-87900.0,450110.00000000006,3.68,False,False
2024-09-26,Equity,43.5,43.5,66700.0,-74715.0,2901450.0,-0.46,False,False
2024-09-27,Equity,43.45,43.45,121800.0,-3658350.0,5292210.0,-0.11,False,False
2024-09-30,Equity,43.85,43.85,213400.0,1305460.0,9357590.0,,False,False
2024-10-01,Equity,44.3,44.3,53900.0,1793270.0,2387770.0,1.03,False,False
2024-10-02,Equity,44.35,44.35,262200.0,5355095.0,11628570.0,0.11,False,False
2024-10-03,Equity,44.4,44.4,2914000.0,-12964100.0,129381600.0,0.11,False,False
2024-10-04,Equity,44.5,44.5,49400.0,1493740.0,2198300.0,0.23,False,False
2024-10-07,Equity,44.8,44.8,745000.0,10657605.0,33375999.999999996,,False,False
2024-10-08,Equity,45.45,45.45,197400.0,6928925.0,8971830.0,1.45,False,False
2024-10-09,Equity,45.7,45.7,123600.0,840.0,5648520.0,0.55,False,False
2024-10-11,Equity,47.3,47.3,697100.0,21544300.0,32972829.999999996,,False,False
2024-10-14,Equity,46.35,46.35,337300.0,12803700.0,15633855.0,,False,False
2024-10-15,Equity,46.7,46.7,130200.0,5992590.0,6080340.0,0.76,False,False
2024-10-16,Equity,48.3,48.3,570800.0,12697470.0,27569640.0,3.43,False,False
2024-10-17,Equity,49.2,49.2,351500.0,15498095.0,17293800.0,1.86,False,False
2024-10-18,Equity,47.4,47.4,207800.0,5301400.0,9849720.0,-3.66,False,False
2024-10-22,Equity,46.9,46.9,172600.0,-78755.0,8094940.0,,False,False
2024-10-23,Equity,46.3,46.3,45900.0,512075.0,2125170.0,-1.28,False,False
2024-10-24,Equity,45.8,45.8,20400.0,0.0,934320.0,-1.08,False,False
2024-10-25,Equity,46.85,46.85,30300.0,0.0,1419555.0,2.29,False,False
2024-10-28,Equity,47.15,47.15,37900.0,0.0,1786985.0,,False,False
2024-10-29,Equity,47.0,47.0,215400.0,-4556450.0,10123800.0,-0.32,False,False
2024-10-30,Equity,47.05,47.05,32400.0,0.0,1524420.0,0.11,False,False
2024-10-31,Equity,47.3,47.3,99400.0,950000.0,4701620.0,0.53,False,False
2024-11-04,Equity,47.25,47.25,397200.0,-5817450.0,18767700.0,,False,False
2024-11-05,Equity,47.25,47.25,1273500.0,3131210.0,60172875.0,0.0,False,False
2024-11-06,Equity,47.55,47.55,117900.0,5443155.0,5606145.0,0.63,False,False
2024-11-07,Equity,48.0,48.0,1164500.0,0.0,55896000.0,0.95,False,False
2024-11-08,Equity,48.05,48.05,445100.0,5858215.0,21387055.0,0.1,False,False
2024-11-11,Equity,48.1,48.1,92500.0,3070480.0,4449250.0,,False,False
2024-11-12,Equity,48.8,48.8,111600.0,4754085.0,5446080.0,1.46,False,False
2024-11-13,Equity,49.45,49.45,227900.0,10143030.0,11269655.0,1.33,False,False
2024-11-14,Equity,50.0,50.0,567500.0,26642440.0,28375000.0,1.11,False,False
2024-11-15,Equity,49.9,49.9,49000.0,545850.0,2445100.0,-0.2,False,False
2024-11-18,Equity,49.0,49.0,594700.0,-61170.0,29140300.0,,False,False
2024-11-19,Equity,48.95,48.95,1023300.0,219900.0,50090535.0,-0.1,False,False
2024-11-20,Equity,47.0,47.0,2048400.0,65710700.0,96274800.0,-3.98,False,False
2024-11-21,Equity,46.15,46.15,89800.0,-2595470.0,4144270.0,-1.81,False,False
2024-11-22,Equity,45.95,45.95,236700.0,-304220.0,10876365.0,-0.43,False,False
2024-11-25,Equity,45.55,45.55,1074600.0,-3059210.0,48948030.0,,False,False
2024-11-26,Equity,44.5,44.5,3863900.0,-18632600.0,171943550.0,-2.31,False,False
2024-11-27,Equity,44.25,44.25,5452400.0,-121789515.0,241268700.0,-0.56,False,False
2024-11-28,Equity,44.35,44.35,4422500.0,-105240350.0,196137875.0,0.23,False,False
2024-11-29,Equity,45.0,45.0,3179900.0,-5665500.0,143095500.0,1.47,False,False
2024-12-02,Equity,45.05,45.05,640300.0,3371600.0,28845515.0,,False,False
2024-12-03,Equity,45.5,45.5,424300.0,-13818270.0,19305650.0,1.0,False,False
2024-12-04,Equity,45.4,45.4,2392900.0,-328890.0,108637660.0,-0.22,False,False
2024-12-05,Equity,45.4,45.4,9646300.0,-427840055.0,437942020.0,0.0,False,False
2024-12-06,Equity,45.4,45.4,25800.0,9100.0,1171320.0,0.0,False,False
2024-12-09,Equity,46.0,46.0,139600.0,5210770.0,6421600.0,,False,False
2024-12-10,Equity,48.0,48.0,51700.0,2058090.0,2481600.0,4.35,False,False
2024-12-11,Equity,48.45,48.45,297300.0,344510.0,14404185.0,0.94,False,False
2024-12-13,Equity,48.0,48.0,1038900.0,27974210.0,49867200.0,,False,False
2024-12-16,Equity,47.4,47.4,178800.0,-2121765.0,8475120.0,,False,False
2024-12-17,Equity,46.4,46.4,666100.0,-12660000.0,30907040.0,-2.11,False,False
2024-12-18,Equity,46.15,46.15,1152200.0,-17026480.0,53174030.0,-0.54,False,False
2024-12-19,Equity,46.15,46.15,648500.0,-28515415.0,29928275.0,0.0,False,False
2024-12-20,Equity,45.95,45.95,821800.0,-22179405.0,37761710.0,-0.43,False,False
2024-12-23,Equity,46.35,46.35,52000.0,-1958980.0,2410200.0,,False,False
2024-12-24,Equity,46.0,46.0,2407400.0,-104498500.0,110740400.0,-0.76,False,False
2024-12-27,Equity,46.15,46.15,133600.0,0.0,6165640.0,,False,False
2024-12-30,Equity,47.0,47.0,1162300.0,-17645575.0,54628100.0,,False,False
2024-12-31,Equity,48.3,48.3,9300.0,-20.0,449190.0,2.77,False,False
2025-01-02,Equity,48.0,48.0,161900.0,-3787810.0,7771200.0,,False,False
2025-01-03,Equity,48.0,48.0,105100.0,-4353995.0,5044800.0,0.0,False,False
2025-01-06,Equity,47.8,47.8,2722400.0,-34596340.0,130130719.99999999,,False,False
2025-01-07,Equity,47.95,47.95,368600.0,-10912465.0,17674370.0,0.31,False,False
2025-01-08,Equity,47.6,47.6,1314600.0,-9490250.0,62574960.0,-0.73,False,False
2025-01-09,Equity,47.6,47.6,539600.0,-261800.0,25684960.0,0.0,False,False
2025-01-10,Equity,47.5,47.5,2212200.0,-5472505.0,105079500.0,-0.21,False,False
2025-01-13,Equity,47.8,47.8,15000.0,42930.0,717000.0,,False,False
2025-01-14,Equity,48.35,48.35,129500.0,0.0,6261325.0,1.15,False,False
2025-01-15,Equity,48.0,48.0,177200.0,-2856000.0,8505600.0,-0.72,False,False
2025-01-16,Equity,48.45,48.45,1744400.0,-2032725.0,84516180.0,0.94,False,False
2025-01-17,Equity,48.5,48.5,1810200.0,-667875.0,87794700.0,0.1,False,False
2025-01-20,Equity,48.45,48.45,463200.0,-456100.0,22442040.0,,False,False
2025-01-21,Equity,48.75,48.75,466900.0,20193440.0,22761375.0,0.62,False,False
2025-01-22,Equity,49.15,49.15,94700.0,268600.0,4654505.0,0.82,False,False
2025-01-23,Equity,48.9,48.9,156600.0,5561935.0,7657740.0,-0.51,False,False
2025-01-24,Equity,48.7,48.7,12900.0,-4945.0,628230.0,-0.41,False,False
2025-01-27,Equity,48.55,48.55,82300.0,-795400.0,3995664.9999999995,,False,False
2025-01-28,Equity,48.5,48.5,1333000.0,-38994000.0,64650500.0,-0.1,False,False
2025-01-29,Equity,48.35,48.35,1078300.0,2304305.0,52135805.0,-0.31,False,False
2025-01-30,Equity,47.65,47.65,72200.0,-470720.0,3440330.0,-1.45,False,False
2025-01-31,Equity,47.2,47.2,56300.0,-1251630.0,2657360.0,-0.94,False,False
2025-02-03,Equity,48.0,48.0,2730900.0,-88502700.0,131083200.0,,False,False
2025-02-04,Equity,48.0,48.0,2949300.0,-4056000.0,141566400.0,0.0,False,False
2025-02-05,Equity,48.65,48.65,776000.0,12269600.0,37752400.0,1.35,False,False
2025-02-06,Equity,48.35,48.35,554200.0,-2629235.0,26795570.0,-0.62,False,False
2025-02-07,Equity,48.0,48.0,1346400.0,-60720000.0,64627200.0,-0.72,False,False
2025-02-10,Equity,47.95,47.95,312000.0,11987500.0,14960400.0,,False,False
2025-02-11,Equity,47.95,47.95,42900.0,0.0,2057055.0000000002,0.0,False,False
2025-02-12,Equity,48.0,48.0,39300.0,-259200.0,1886400.0,0.1,False,False
2025-02-13,Equity,47.55,47.55,779900.0,-36838085.0,37084245.0,-0.94,False,False
2025-02-14,Equity,47.65,47.65,3102300.0,-84429070.0,147824595.0,0.21,False,False
2025-02-17,Equity,47.0,47.0,858500.0,-5524615.0,40349500.0,,False,False
2025-02-18,Equity,46.85,46.85,806900.0,-36989935.0,37803265.0,-0.32,False,False
2025-02-19,Equity,46.8,46.8,1695600.0,-48113425.0,79354080.0,-0.11,False,False
2025-02-20,Equity,46.85,46.85,652800.0,-22727355.0,30583680.0,0.11,False,False
2025-02-21,Equity,47.0,47.0,1282700.0,-53911275.0,60286900.0,0.32,False,False
2025-02-24,Equity,47.95,47.95,141600.0,1158200.0,6789720.0,,False,False
2025-02-25,Equity,48.3,48.3,620200.0,12725770.0,29955660.0,0.73,False,False
2025-02-26,Equity,48.15,48.15,142200.0,-4358570.0,6846930.0,-0.31,False,False
2025-02-27,Equity,48.45,48.45,325000.0,12837950.0,15746250.0,0.62,False,False
2025-02-28,Equity,48.7,48.7,405600.0,4549450.0,19752720.0,0.52,False,False
2025-03-03,Equity,48.65,48.65,1349500.0,577270.0,65653175.0,,False,False
2025-03-04,Equity,48.55,48.55,252800.0,0.0,12273440.0,-0.21,False,False
2025-03-05,Equity,48.5,48.5,4345200.0,-37816155.0,210742200.0,-0.1,False,False
2025-03-06,Equity,48.4,48.4,156500.0,-6974670.0,7574600.0,-0.21,False,False
2025-03-07,Equity,48.5,48.5,170500.0,933930.0,8269250.0,0.21,False,False
2025-03-10,Equity,48.5,48.5,289300.0,504160.0,14031050.0,,False,False
2025-03-11,Equity,48.5,48.5,3435200.0,0.0,166607200.0,0.0,False,False
2025-03-12,Equity,48.45,48.45,34000.0,-20.0,1647300.0,-0.1,False,False
2025-03-13,Equity,48.1,48.1,43500.0,-1755585.0,2092350.0,-0.72,False,False
2025-03-14,Equity,47.6,47.6,118100.0,-1890045.0,5621560.0,-1.04,False,False
2025-03-17,Equity,47.55,47.55,87200.0,-3325000.0,4146359.9999999995,,False,False
2025-03-18,Equity,47.4,47.4,5486500.0,-44103785.0,260060100.0,-0.32,False,False
2025-03-19,Equity,47.35,47.35,702100.0,-497550.0,33244435.0,-0.11,False,False
2025-03-20,Equity,46.9,46.9,123400.0,-540305.0,5787460.0,-0.95,False,False
2025-03-21,Equity,46.65,46.65,988300.0,-32582645.0,46104195.0,-0.53,False,False
2025-03-24,Equity,46.35,46.35,590200.0,-1904525.0,27355770.0,,False,False
2025-03-25,Equity,46.2,46.2,889100.0,-40278935.0,41076420.0,-0.32,False,False
2025-03-26,Equity,46.3,46.3,241300.0,-9787820.0,11172190.0,0.22,False,False
2025-03-27,Equity,46.95,46.95,205000.0,-2523900.0,9624750.0,1.4,False,False
2025-03-28,Equity,47.1,47.1,1087700.0,-8658380.0,51230670.0,0.32,False,False
2025-04-01,Equity,47.15,47.15,102400.0,-4138710.0,4828160.0,,False,False
2025-04-02,Equity,47.5,47.5,161300.0,3362800.0,7661750.0,0.74,False,False
2025-04-03,Equity,47.35,47.35,239600.0,1268130.0,11345060.0,-0.32,False,False
2025-04-04,Equity,47.1,47.1,356600.0,2965980.0,16795860.0,-0.53,False,False
2025-04-07,Equity,45.15,45.15,152200.0,-4256820.0,6871830.0,,False,False
2025-04-08,Equity,43.9,43.9,1659200.0,-62974125.0,72838880.0,-2.77,False,False
2025-04-09,Equity,42.55,42.55,938900.0,-12968590.0,39950195.0,-3.08,False,False
2025-04-10,Equity,44.1,44.1,1826000.0,-73860090.0,80526600.0,3.64,False,False
2025-04-11,Equity,44.6,44.6,200400.0,-6003160.0,8937840.0,1.13,False,False
2025-04-14,Equity,45.05,45.05,82400.0,-3651980.0,3712119.9999999995,,False,False
2025-04-15,Equity,44.55,44.55,636600.0,-28261060.0,28360530.0,-1.11,False,False
2025-04-16,Equity,44.1,44.1,170200.0,-3987180.0,7505820.0,-1.01,False,False
2025-04-17,Equity,44.6,44.6,97400.0,-429960.0,4344040.0,1.13,False,False
2025-04-22,Equity,44.75,44.75,27663600.0,-13172585.0,1237946100.0,,False,False
2025-04-23,Equity,45.7,45.7,59300.0,-1117800.0,2710010.0,2.12,False,False
2025-04-24,Equity,45.65,45.65,393800.0,-17326590.0,17976970.0,-0.11,False,False
2025-04-25,Equity,45.45,45.45,219600.0,-7371910.0,9980820.0,-0.44,False,False
2025-04-28,Equity,45.0,45.0,195500.0,-5752065.0,8797500.0,,False,False
2025-04-29,Equity,44.9,44.9,18000.0,-117100.0,808200.0,-0.22,False,False
2025-04-30,Equity,45.7,45.7,3129500.0,4043575.0,143018150.0,1.78,False,False
2025-05-02,Equity,46.05,46.05,387200.0,-1100595.0,17830560.0,,False,False
2025-05-05,Equity,46.4,46.4,75100.0,-665720.0,3484640.0,,False,False
2025-05-06,Equity,46.5,46.5,4046600.0,184223050.0,188166900.0,0.22,False,False
2025-05-07,Equity,47.75,47.75,57700.0,0.0,2755175.0,2.69,False,False
2025-05-08,Equity,47.85,47.85,25100.0,-9580.0,1201035.0,0.21,False,False
2025-05-09,Equity,47.4,47.4,2342700.0,-4133655.0,111043980.0,-0.94,False,False
2025-05-12,Equity,47.45,47.45,776500.0,-4018195.0,36844925.0,,False,False
2025-05-13,Equity,47.45,47.45,2764100.0,-54353540.0,131156545.00000001,0.0,False,False
2025-05-14,Equity,48.1,48.1,138600.0,-165780.0,6666660.0,1.37,False,False
2025-05-15,Equity,48.1,48.1,1807000.0,-20335130.0,86916700.0,0.0,False,False
2025-05-16,Equity,48.6,48.6,1950700.0,0.0,94804020.0,1.04,False,False
2025-05-19,Equity,48.7,48.7,41800.0,0.0,2035660.0000000002,,False,False
2025-05-20,Equity,48.9,48.9,2402900.0,4856015.0,117501810.0,0.41,False,False
2025-05-21,Equity,48.75,48.75,3185500.0,9538075.0,155293125.0,-0.31,False,False
2025-05-22,Equity,48.5,48.5,133900.0,-4071525.0,6494150.0,-0.51,False,False
2025-05-23,Equity,48.45,48.45,453600.0,7158190.0,21976920.0,-0.1,False,False
2025-05-26,Equity,44.0,44.0,465900.0,-15504470.0,20499600.0,,False,False
2025-05-27,Equity,43.55,43.55,381800.0,-7920230.0,16627389.999999998,-1.02,False,False
2025-05-28,Equity,43.55,43.55,2097800.0,-21778500.0,91359190.0,0.0,False,False
2025-05-29,Equity,43.4,43.4,882900.0,-33530375.0,38317860.0,-0.34,False,False
2025-05-30,Equity,43.05,43.05,268800.0,-7461520.0,11571840.0,-0.81,False,False
2025-06-03,Equity,42.5,42.5,3561600.0,-47458130.0,151368000.0,,False,False
2025-06-04,Equity,44.05,44.05,544800.0,2360280.0,23998440.0,3.65,False,False
2025-06-05,Equity,44.95,44.95,546700.0,-3210350.0,24574165.0,2.04,False,False
2025-06-09,Equity,44.35,44.35,1309700.0,-1855320.0,58085195.0,,False,False
2025-06-10,Equity,44.65,44.65,1047000.0,-10245240.0,46748550.0,0.68,False,False
2025-06-11,Equity,45.45,45.45,315600.0,-5566425.0,14344020.0,1.79,False,False
2025-06-12,Equity,46.0,46.0,359600.0,-464600.0,16541600.0,1.21,False,False
2025-06-13,Equity,45.35,45.35,7242700.0,22615730.0,328456445.0,-1.41,False,False
2025-06-16,Equity,46.45,46.45,572500.0,21208985.0,26592625.0,,False,False
2025-06-17,Equity,46.3,46.3,310100.0,11875085.0,14357630.0,-0.32,False,False
2025-06-18,Equity,46.1,46.1,1145400.0,3634000.0,52802940.0,-0.43,False,False
2025-06-19,Equity,46.1,46.1,555100.0,24100800.0,25590110.0,0.0,False,False
2025-06-20,Equity,46.15,46.15,917000.0,8238205.0,42319550.0,0.11,False,False
2025-06-23,Equity,46.15,46.15,17300.0,0.0,798395.0,,False,False
2025-06-24,Equity,46.5,46.5,358400.0,6267950.0,16665600.0,0.76,False,False
2025-06-25,Equity,47.1,47.1,883600.0,-6512790.0,41617560.0,1.29,False,False
2025-06-26,Equity,47.85,47.85,328300.0,4624300.0,15709155.0,1.59,False,False
2025-06-27,Equity,48.85,48.85,645700.0,30414490.0,31542445.0,2.09,False,False
2025-06-30,Equity,48.9,48.9,2009400.0,62006785.0,98259660.0,,False,False
2025-07-01,Equity,49.95,49.95,617000.0,27201515.0,30819150.0,2.15,False,False
2025-07-02,Equity,50.25,50.25,1195500.0,37913125.0,60073875.0,0.6,False,False
2025-07-03,Equity,52.0,52.0,7258600.0,281113450.0,377447200.0,3.48,False,False
2025-07-04,Equity,51.75,51.75,1748300.0,74735050.0,90474525.0,-0.48,False,False
2025-07-07,Equity,50.5,50.5,250700.0,10496675.0,12660350.0,,False,False
2025-07-08,Equity,50.5,50.5,2145100.0,3718050.0,108327550.0,0.0,False,False
2025-07-09,Equity,49.5,49.5,509500.0,21873385.0,25220250.0,-1.98,False,False
2025-07-10,Equity,49.5,49.5,1996400.0,55431925.0,98821800.0,0.0,False,False
2025-07-11,Equity,49.65,49.65,123300.0,1083670.0,6121845.0,0.3,False,False
2025-07-14,Equity,48.55,48.55,88200.0,1867815.0,4282110.0,,False,False
2025-07-15,Equity,49.45,49.45,1322000.0,2197480.0,65372900.00000001,1.85,False,False
2025-07-16,Equity,49.45,49.45,5894100.0,28338260.0,291463245.0,0.0,False,False
2025-07-17,Equity,50.0,50.0,192100.0,1338590.0,9605000.0,1.11,False,False
2025-07-18,Equity,49.5,49.5,5095600.0,2014645.0,252232200.0,-1.0,False,False
2025-07-21,Equity,49.8,49.8,28700.0,340000.0,1429260.0,,False,False
2025-07-22,Equity,49.7,49.7,148900.0,0.0,7400330.0,-0.2,False,False
2025-07-23,Equity,50.0,50.0,820200.0,40060870.0,41010000.0,0.6,False,False
2025-07-24,Equity,50.25,50.25,147900.0,6029810.0,7431975.0,0.5,False,False
2025-07-25,Equity,50.5,50.5,417400.0,676700.0,21078700.0,0.5,False,False
2025-07-28,Equity,49.8,49.8,140600.0,168360.0,7001880.0,,False,False
2025-07-29,Equity,50.25,50.25,281300.0,11439775.0,14135325.0,0.9,False,False
2025-07-30,Equity,50.25,50.25,466100.0,-15858075.0,23421525.0,0.0,False,False
2025-07-31,Equity,50.5,50.5,427200.0,5060000.0,21573600.0,0.5,False,False
2025-08-01,Equity,50.5,50.5,1866100.0,78658800.0,94238050.0,0.0,False,False
2025-08-04,Equity,50.25,50.25,1008300.0,44090655.0,50667075.0,,False,False
2025-08-05,Equity,50.5,50.5,87900.0,2236850.0,4438950.0,0.5,False,False
2025-08-06,Equity,51.5,51.5,2300800.0,252550.0,118491200.0,1.98,False,False
2025-08-07,Equity,52.0,52.0,1118000.0,3142425.0,58136000.0,0.97,False,False
2025-08-08,Equity,52.5,52.5,834962.0,16143650.0,43835505.0,0.96,False,False
2025-08-11,Equity,52.0,52.0,111652.0,2610501.5,5805904.0,,False,False
2025-08-12,Equity,52.75,52.75,2696345.0,30546303.0,142232198.75,1.44,False,False
2025-08-13,Equity,54.0,54.0,1464496.0,69713683.75,79082784.0,2.37,False,False
2025-08-14,Equity,54.75,54.75,5370265.0,263244473.25,294022008.75,1.39,False,False
2025-08-15,Equity,54.5,54.5,1561075.0,83489043.75,85078587.5,-0.46,False,False
2025-08-18,Equity,54.75,54.75,599698.0,29929318.5,32833465.5,,False,False
2025-08-19,Equity,54.75,54.75,1226064.0,50117102.25,67127004.0,0.0,False,False
2025-08-20,Equity,55.75,55.75,2119579.0,70606201.75,118166529.25,1.83,False,False
2025-08-21,Equity,55.75,55.75,1337491.0,7695017.75,74565123.25,0.0,False,False
2025-08-22,Equity,55.0,55.0,1574565.0,49471679.0,86601075.0,-1.35,False,False
2025-08-25,Equity,55.5,55.5,717262.0,37843203.75,39808041.0,,False,False
2025-08-26,Equity,56.0,56.0,710434.0,38957040.75,39784304.0,0.9,False,False
2025-08-27,Equity,56.0,56.0,356222.0,18965183.5,19948432.0,0.0,False,False
2025-08-28,Equity,56.0,56.0,1972172.0,107861489.5,110441632.0,0.0,False,False
2025-08-29,Equity,56.0,56.0,989180.0,52617001.25,55394080.0,0.0,False,False
2025-09-01,Equity,56.0,56.0,2116770.0,-12275646.25,118539120.0,,False,False
2025-09-02,Equity,56.0,56.0,4440477.0,-72678627.0,248666712.0,0.0,False,False
2025-09-03,Equity,56.0,56.0,932598.0,11637016.0,52225488.0,0.0,False,False
2025-09-04,Equity,55.5,55.5,1433762.0,7350378.0,79573791.0,-0.89,False,False
2025-09-05,Equity,55.5,55.5,1283993.0,50390842.75,71261611.5,0.0,False,False
2025-09-08,Equity,55.0,55.0,956521.0,1645598.0,52608655.0,,False,False
2025-09-09,Equity,55.25,55.25,889908.0,-2801685.0,49167417.0,0.45,False,False
2025-09-10,Equity,55.25,55.25,2493167.0,-17078989.75,137747476.75,0.0,False,False
2025-09-11,Equity,54.75,54.75,475054.0,417730.75,26009206.5,-0.9,False,False
2025-09-12,Equity,54.25,54.25,298680.0,-2497968.75,16203390.0,-0.91,False,False
2025-09-15,Equity,54.0,54.0,819241.0,-12032614.0,44239014.0,-0.46,False,False
2025-09-16,Equity,54.0,54.0,4205808.0,11380579.5,227113632.0,0.0,False,False
2025-09-17,Equity,54.0,54.0,19531140.0,-918552783.75,1054681560.0,0.0,False,False
2025-09-18,Equity,53.75,53.75,821375.0,-8700729.5,44148906.25,-0.46,False,False
2025-09-19,Equity,54.0,54.0,6216531.0,-15571801.0,335692674.0,0.47,False,False
2025-09-22,Equity,54.25,54.25,1094384.0,5307451.0,59370332.0,0.46,False,False
2025-09-23,Equity,54.75,54.75,550699.0,8134073.25,30150770.25,0.92,False,False
2025-09-24,Equity,57.0,57.0,479095.0,15328440.5,27308415.0,4.11,False,False
2025-09-25,Equity,57.0,57.0,2298350.0,52126013.25,131005950.0,0.0,False,False
2025-09-26,Equity,58.0,58.0,132610.0,26950.0,7691380.0,1.75,False,False
2025-09-29,Equity,57.75,57.75,55873.0,-645338.5,3226665.75,-0.43,False,False
2025-09-30,Equity,58.0,58.0,232003.0,11665381.5,13456174.0,0.43,False,False
2025-10-01,Equity,58.0,58.0,1459867.0,67011054.0,84672286.0,0.0,False,False
2025-10-02,Equity,58.0,58.0,525879.0,25078950.0,30500982.0,0.0,False,False
2025-10-03,Equity,58.25,58.25,673622.0,36820894.25,39238481.5,0.43,False,False
2025-10-06,Equity,58.5,58.5,348342.0,15162718.25,20378007.0,0.43,False,False
2025-10-07,Equity,58.5,58.5,683325.0,23230693.75,39974512.5,0.0,False,False
2025-10-08,Equity,58.75,58.75,86387.0,1120500.0,5075236.25,0.43,False,False
2025-10-09,Equity,59.0,59.0,205172.0,6756289.25,12105148.0,0.43,False,False
2025-10-13,Equity,59.25,59.25,50558.0,-22455.0,2995561.5,0.42,False,False
2025-10-14,Equity,59.0,59.0,232111.0,9744869.75,13694549.0,-0.42,False,False
2025-10-15,Equity,58.75,58.75,182929.0,8947621.5,10747078.75,-0.42,False,False
2025-10-16,Equity,59.25,59.25,1575219.0,32956515.0,93331725.75,0.85,False,False
2025-10-21,Equity,60.0,60.0,96439.0,530771.75,5786340.0,1.27,False,False
2025-10-22,Equity,60.0,60.0,8008213.0,31040196.0,480492780.0,0.0,False,False
2025-10-23,Equity,59.5,59.5,44018.0,0.0,2619071.0,-0.83,False,False
2025-10-24,Equity,59.5,59.5,2363987.0,-115501332.0,140657226.5,0.0,False,False
2025-10-27,Equity,59.75,59.75,61726.0,-481738.25,3688128.5,0.42,False,False
2025-10-28,Equity,60.0,60.0,761032.0,-2625830.75,45661920.0,0.42,False,False
2025-10-29,Equity,60.5,60.5,499408.0,23315059.0,30214184.0,0.83,False,False
2025-10-30,Equity,63.5,63.5,457518.0,-10870243.75,29052393.0,4.96,False,False
2025-10-31,Equity,66.25,66.25,4727964.0,131015035.75,313227615.0,4.33,False,False
2025-11-03,Equity,67.5,67.5,3720046.0,-217763.5,251103105.0,1.89,False,False
2025-11-04,Equity,68.0,68.0,868522.0,-34018238.5,59059496.0,0.74,False,False
2025-11-05,Equity,69.75,69.75,2716514.0,-90312800.75,189476851.5,2.57,False,False
2025-11-06,Equity,69.75,69.75,909216.0,-20557972.75,63417816.0,0.0,False,False
2025-11-07,Equity,69.75,69.75,2088476.0,-12910013.75,145671201.0,0.0,False,False
2025-11-10,Equity,68.75,68.75,213116.0,-7578085.75,14651725.0,-1.43,False,False
2025-11-11,Equity,67.25,67.25,562653.0,9857375.5,37838414.25,-2.18,False,False
2025-11-12,Equity,65.0,65.0,171601.0,-2367210.0,11154065.0,-3.35,False,False
2025-11-13,Equity,64.5,64.5,769911.0,-4661192.5,49659259.5,-0.77,False,False
2025-11-14,Equity,64.0,64.0,603322.0,-8676167.5,38612608.0,-0.78,False,False
2025-11-17,Equity,64.75,64.75,1578116.0,2326563.5,102183011.0,1.17,False,False
2025-11-18,Equity,65.0,65.0,2489356.0,-9492664.75,161808140.0,0.39,False,False
2025-11-19,Equity,64.0,64.0,2650059.0,1795962.5,169603776.0,-1.54,False,False
2025-11-20,Equity,64.0,64.0,1251642.0,58403584.0,80105088.0,0.0,False,False
2025-11-21,Equity,63.75,63.75,330435.0,2881375.0,21065231.25,-0.39,False,False
2025-11-24,Equity,63.25,63.25,184170.0,-3107239.75,11648752.5,-0.78,False,False
2025-11-25,Equity,63.0,63.0,184673.0,-238908.5,11634399.0,-0.4,False,False
2025-11-26,Equity,62.75,62.75,2700595.0,-66430400.0,169462336.25,-0.4,False,False
2025-11-27,Equity,62.75,62.75,194268.0,405952.75,12190317.0,0.0,False,False
2025-11-28,Equity,62.75,62.75,213776.0,0.0,13414444.0,0.0,False,False
2025-12-01,Equity,63.0,63.0,140231.0,4277850.0,8834553.0,0.4,False,False
2025-12-02,Equity,62.75,62.75,1638765.0,0.0,102832503.75,-0.4,False,False
2025-12-03,Equity,62.0,62.0,316016.0,8980236.25,19592992.0,-1.2,False,False
2025-12-04,Equity,61.75,61.75,87023.0,1468608.75,5373670.25,-0.4,False,False
2025-12-05,Equity,61.0,61.0,2792247.0,159315526.0,170327067.0,-1.21,False,False
2025-12-08,Equity,60.5,60.5,269909.0,10629075.0,16329494.5,-0.82,False,False
2025-12-09,Equity,60.0,60.0,7075567.0,38760111.25,424534020.0,-0.83,False,False
2025-12-10,Equity,60.0,60.0,10069231.0,108771118.75,604153860.0,0.0,False,False
2025-12-11,Equity,60.5,60.5,6013407.0,50229254.75,363811123.5,0.83,False,False
2025-12-15,Equity,60.5,60.5,4669156.0,25581218.0,282483938.0,0.0,False,False
2025-12-16,Equity,60.5,60.5,2261799.0,58332723.75,136838839.5,0.0,False,False
2025-12-17,Equity,60.5,60.5,4571159.0,-59217837.0,276555119.5,0.0,False,False
2025-12-18,Equity,61.5,61.5,1918428.0,-25838827.75,117983322.0,1.65,False,False
2025-12-19,Equity,62.5,62.5,21737716.0,24535829.25,1358607250.0,1.63,False,False
2025-12-22,Equity,64.25,64.25,1417428.0,683489.25,91069749.0,2.8,False,False
2025-12-23,Equity,64.75,64.75,3361904.0,-42962011.25,217683284.0,0.78,False,False
2025-12-24,Equity,65.75,65.75,189659.0,3616800.0,12470079.25,1.54,False,False
2025-12-29,Equity,66.0,66.0,496858.0,-20732244.0,32792628.0,0.38,False,False
2025-12-30,Equity,66.5,66.5,1297977.0,-22508451.25,86315470.5,0.76,False,False
2025-12-31,Equity,66.75,66.75,91634.0,-5021367.5,6116569.5,0.38,False,False
2026-01-02,Equity,67.0,67.0,52955.0,636500.0,3547985.0,0.37,False,False
2026-01-05,Equity,67.25,67.25,632144.0,3502525.75,42511684.0,0.37,False,False
2026-01-06,Equity,69.25,69.25,2266985.0,85910390.5,156988711.25,2.97,False,False
2026-01-07,Equity,69.5,69.5,3801333.0,234233003.25,264192643.5,0.36,False,False
2026-01-08,Equity,69.5,69.5,1696425.0,81860440.0,117901537.5,0.0,False,False
2026-01-09,Equity,69.5,69.5,1598732.0,99121783.25,111111874.0,0.0,False,False
2026-01-12,Equity,69.5,69.5,89540.0,1020836.5,6223030.0,0.0,False,False
2026-01-13,Equity,69.25,69.25,318775.0,-11912999.5,22075168.75,-0.36,False,False
2026-01-14,Equity,69.25,69.25,2473752.0,-162308436.5,171307326.0,0.0,False,False
2026-01-15,Equity,69.0,69.0,407883.0,-12260817.0,28143927.0,-0.36,False,False
2026-01-16,Equity,69.0,69.0,241051.0,1813295.0,16632519.0,0.0,False,False
2026-01-19,Equity,69.5,69.5,89277.0,-434719.25,6204751.5,0.72,False,False
2026-01-20,Equity,69.0,69.0,1391019.0,-34448377.75,95980311.0,-0.72,False,False
2026-01-21,Equity,69.0,69.0,1352938.0,87549365.0,93352722.0,0.0,False,False
2026-01-22,Equity,68.75,68.75,1082066.0,172067.0,74392037.5,-0.36,False,False
2026-01-23,Equity,68.75,68.75,2602658.0,105205856.25,178932737.5,0.0,False,False
2026-01-26,Equity,68.5,68.5,556225.0,8642411.0,38101412.5,-0.36,False,False
2026-01-27,Equity,68.25,68.25,2728846.0,141239717.25,186243739.5,-0.36,False,False
2026-01-28,Equity,68.25,68.25,2300908.0,80050971.0,157036971.0,0.0,False,False
2026-01-29,Equity,67.75,67.75,489642.0,-4842450.75,33173245.5,-0.73,False,False
2026-01-30,Equity,67.0,67.0,2070423.0,21995294.5,138718341.0,-1.11,False,False
2026-02-02,Equity,67.5,67.5,105529.0,3458718.75,7123207.5,0.75,False,False
2026-02-03,Equity,68.0,68.0,10291286.0,230770825.0,699807448.0,0.74,False,False
2026-02-04,Equity,68.0,68.0,2017718.0,76135336.5,137204824.0,0.0,False,False
2026-02-05,Equity,68.0,68.0,3253775.0,14060706.75,221256700.0,0.0,False,False
2026-02-06,Equity,68.0,68.0,1250863.0,-4280290.0,85058684.0,0.0,False,False
2026-02-09,Equity,68.0,68.0,2896000.0,17749360.0,196928000.0,0.0,False,False
2026-02-10,Equity,68.25,68.25,11852118.0,584570795.25,808907053.5,0.37,False,False
2026-02-11,Equity,71.75,71.75,3453916.0,-204496521.25,247818473.0,5.13,False,False
2026-02-12,Equity,73.5,73.5,1569777.0,32229574.5,115378609.5,2.44,False,False
2026-02-13,Equity,76.75,76.75,2222278.0,-112865987.0,170559836.5,4.42,False,False
2026-02-16,Equity,75.0,75.0,415562.0,-3890377.0,31167150.0,-2.28,False,False
2026-02-17,Equity,75.0,75.0,5753881.0,-56107970.75,431541075.0,0.0,False,False
2026-02-18,Equity,74.75,74.75,1025592.0,-47133912.75,76663002.0,-0.33,False,False
2026-02-19,Equity,74.25,74.25,870412.0,2093357.0,64628091.0,-0.67,False,False
2026-02-20,Equity,73.25,73.25,432171.0,-10139746.0,31656525.75,-1.35,False,False
2026-02-23,Equity,73.75,73.75,1631426.0,-600419.5,120317667.5,0.68,False,False
2026-02-24,Equity,74.5,74.5,5820316.0,-79376084.75,433613542.0,1.02,False,False
2026-02-25,Equity,76.5,76.5,6246389.0,50923351.0,477848758.5,2.68,False,False
2026-02-26,Equity,76.5,76.5,6246389.0,-210568219.75,477848758.5,0.0,False,False
2026-02-27,Equity,77.25,77.25,2978280.0,-73485241.25,230072130.0,0.98,False,False
2026-03-02,Equity,77.25,77.25,5460479.0,181954484.0,421822002.75,0.0,False,False
2026-03-03,Equity,76.75,76.75,5775493.0,79999241.25,443269087.75,-0.65,False,False
2026-03-04,Equity,74.5,74.5,4151143.0,67519362.0,309260153.5,-2.93,False,False
2026-03-05,Equity,74.5,74.5,4721493.0,-244849631.25,351751228.5,0.0,False,False
2026-03-06,Equity,74.5,74.5,4114650.0,-274902495.0,306541425.0,0.0,False,False
2026-03-09,Equity,74.0,74.0,3284476.0,-66654414.0,243051224.0,-0.67,False,False
2026-03-10,Equity,74.0,74.0,4808702.0,-203797018.5,355843948.0,0.0,False,False
2026-03-11,Equity,75.5,75.5,3652097.0,-235893759.25,275733323.5,2.03,False,False
2026-03-12,Equity,77.0,77.0,3353553.0,-203483893.0,258223581.0,1.99,False,False
2026-03-13,Equity,77.0,77.0,5366219.0,-299800225.0,413198863.0,0.0,False,False
2026-03-16,Equity,77.25,77.25,2715356.0,-171192135.25,209761251.0,0.32,False,False
2026-03-17,Equity,78.0,78.0,1632936.0,-13205472.0,127369008.0,0.97,False,False
2026-03-18,Equity,79.0,79.0,1635485.0,22579626.25,129203315.0,1.28,False,False
2026-03-19,Equity,76.5,76.5,1233215.0,10400607.75,94340947.5,-3.16,False,False
2026-03-23,Equity,73.25,73.25,2746354.0,-82475666.0,201170430.5,-4.25,False,False
2026-03-24,Equity,72.75,72.75,705824.0,-36059155.75,51348696.0,-0.68,False,False
2026-03-25,Equity,71.0,71.0,1615499.0,-47243465.5,114700429.0,-2.41,False,False
2026-03-26,Equity,67.25,67.25,4301580.0,-14202325.0,289281255.0,-5.28,False,False
2026-03-27,Equity,69.0,69.0,3456708.0,-139642922.0,238512852.0,2.6,False,False
2026-03-30,Equity,69.75,69.75,1162294.0,-36285868.25,81070006.5,1.09,False,False
2026-03-31,Equity,69.0,69.0,3220807.0,-49723596.25,222235683.0,-1.08,False,False
2026-04-01,Equity,69.0,69.0,2666536.0,-23864176.5,183990984.0,0.0,False,False
2026-04-02,Equity,69.25,69.25,1588499.0,6222301.5,110003555.75,0.36,False,False
2026-04-07,Equity,70.0,70.0,3575249.0,59574652.75,250267430.0,1.08,False,False
2026-04-08,Equity,71.5,71.5,2647989.0,-148126203.5,189331213.5,2.14,False,False
2026-04-09,Equity,73.25,73.25,4102121.0,-228120942.75,300480363.25,2.45,False,False
2026-04-10,Equity,74.25,74.25,1859347.0,-13705103.75,138056514.75,1.37,False,False
2026-04-13,Equity,74.0,74.0,1353239.0,-1189025.25,100139686.0,-0.34,False,False
2026-04-14,Equity,75.25,75.25,438029.0,-3828859.5,32961682.25,1.69,False,False
2026-04-15,Equity,74.75,74.75,2667599.0,39272279.0,199403025.25,-0.66,False,False
2026-04-16,Equity,74.75,74.75,789715.0,3112314.25,59031196.25,0.0,False,False
2026-04-17,Equity,75.0,75.0,3472438.0,99583692.75,260432850.0,0.33,False,False
2026-04-20,Equity,76.0,76.0,391337.0,-3265264.0,29741612.0,1.33,False,False
2026-04-21,Equity,76.0,76.0,536267.0,-15800905.0,40756292.0,0.0,False,False
2026-04-22,Equity,75.5,75.5,616151.0,-9836851.25,46519400.5,-0.66,False,False
2026-04-23,Equity,74.75,74.75,1103370.0,-16927662.0,82476907.5,-0.99,False,False
2026-04-24,Equity,75.0,75.0,1007398.0,-69672571.5,75554850.0,0.33,False,False
2026-04-27,Equity,74.75,74.75,1272117.0,-55557169.0,95090745.75,-0.33,False,False
2026-04-28,Equity,74.25,74.25,3653393.0,-114451142.0,271264430.25,-0.67,False,False
2026-04-29,Equity,74.0,74.0,999590.0,-646601.5,73969660.0,-0.34,False,False
2026-04-30,Equity,73.5,73.5,5710200.0,-183872276.75,419699700.0,-0.68,False,False
2026-05-04,Equity,74.5,74.5,1625344.0,-22674412.25,121088128.0,1.36,False,False
2026-05-05,Equity,74.5,74.5,970261.0,-57866799.25,72284444.5,0.0,False,False
2026-05-06,Equity,75.0,75.0,6972449.0,15033138.75,522933675.0,0.67,False,False
2026-05-07,Equity,74.5,74.5,2800539.0,-184395829.25,208640155.5,-0.67,False,False
2026-05-08,Equity,74.75,74.75,1379156.0,-83376924.75,103091911.0,0.34,False,False
2026-05-11,Equity,74.75,74.75,1416764.0,-90534712.0,105903109.0,0.0,False,False
2026-05-12,Equity,74.75,74.75,3155348.0,-187662481.25,235862263.0,0.0,False,False
2026-05-13,Equity,74.5,74.5,1964084.0,-43637192.75,146324258.0,-0.33,False,False
2026-05-14,Equity,75.0,75.0,2775516.0,-101986996.75,208163700.0,0.67,False,False
2026-05-15,Equity,75.0,75.0,1689879.0,99996500.25,126740925.0,0.0,False,False
2026-05-18,Equity,75.5,75.5,113762.0,625307.25,8589031.0,0.67,False,False
2026-05-19,Equity,75.25,75.25,2300189.0,81327223.5,173089222.25,-0.33,False,False
2026-05-20,Equity,75.25,75.25,1250752.0,-13244000.0,94119088.0,0.0,False,False
2026-05-21,Equity,75.25,75.25,3532462.0,-13593217.75,265817765.5,0.0,False,False
2026-05-22,Equity,76.0,76.0,4707390.0,-131561814.75,357761640.0,1.0,False,False
2026-05-25,Equity,71.0,71.0,1848148.0,-35757094.5,131218508.0,-6.58,False,False
2026-05-26,Equity,71.25,71.25,817490.0,89858.75,58246162.5,0.35,False,False
2026-05-28,Equity,72.5,72.5,3724669.0,117619081.25,270038502.5,1.75,False,False
2026-05-29,Equity,74.25,74.25,9797175.0,405108501.75,727440243.75,2.41,False,False
2026-06-02,Equity,75.25,75.25,1220515.0,55330135.0,91843753.75,1.35,False,False
2026-06-03,Equity,76.25,76.25,1278761.0,83877637.0,97505526.25,1.33,False,False
2026-06-04,Equity,77.5,77.5,1102037.0,37665059.0,85407867.5,1.64,False,False
2026-06-05,Equity,77.25,77.25,3162767.0,212552123.5,244323750.75,-0.32,False,False
2026-06-08,Equity,77.0,77.0,1421229.0,79417820.25,109434633.0,-0.32,False,False
2026-06-09,Equity,75.5,75.5,1705015.0,1588876.25,128728632.5,-1.95,False,False
2026-06-10,Equity,75.75,75.75,657905.0,35354786.75,49836303.75,0.33,False,False
2026-06-11,Equity,75.25,75.25,1315537.0,43135638.75,98994159.25,-0.66,False,False
2026-06-12,Equity,75.5,75.5,136221.0,-2427856.0,10284685.5,0.33,False,False
2026-06-15,Equity,76.5,76.5,2678280.0,156462258.0,204888420.0,1.32,False,False
2026-06-16,Equity,77.25,77.25,3826724.0,9584040.0,295614429.0,0.98,False,False
2026-06-17,Equity,79.0,79.0,184655.0,-5544373.5,14587745.0,2.27,False,False
2026-06-18,Equity,79.0,79.0,2021423.0,4012108.0,159692417.0,0.0,False,False
2026-06-19,Equity,80.0,80.0,976260.0,46584916.5,78100800.0,1.27,False,False
2026-06-22,Equity,79.0,79.0,28921302.0,19560880.0,2284782858.0,-1.25,False,False
2026-06-23,Equity,78.75,78.75,4677745.0,188329056.0,368372418.75,-0.32,False,False
2026-06-24,Equity,78.75,78.75,2663490.0,59016350.0,209749837.5,0.0,False,False
2026-06-25,Equity,79.0,79.0,293056.0,-15696217.75,23151424.0,0.32,False,False
2026-06-26,Equity,79.75,79.75,8802784.0,349159397.0,702022024.0,0.95,False,False
2026-06-29,Equity,79.25,79.25,35910479.0,154966942.75,2845905460.75,-0.63,False,False
2017-09-01,KCB,42.0,42.0,2217600.0,-10709400.0,93139200.0,-0.59,False,False
2017-09-04,KCB,42.0,42.0,452400.0,-3093162.5,19000800.0,,False,False
2017-09-05,KCB,42.0,42.0,1543600.0,-28307375.0,64831200.0,0.0,False,False
2017-09-06,KCB,42.0,42.0,902100.0,-16908900.0,37888200.0,0.0,False,False
2017-09-07,KCB,42.0,42.0,1981600.0,-22427500.0,83227200.0,0.0,False,False
2017-09-08,KCB,41.75,41.75,1792100.0,-24700837.5,74820175.0,-0.6,False,False
2017-09-11,KCB,42.0,42.0,458400.0,-5497212.5,19252800.0,,False,False
2017-09-12,KCB,42.75,42.75,1681000.0,-30016262.5,71862750.0,1.79,False,False
2017-09-13,KCB,43.0,43.0,794300.0,-13549825.0,34154900.0,0.58,False,False
2017-09-14,KCB,43.0,43.0,2207700.0,-15087737.5,94931100.0,0.0,False,False
2017-09-15,KCB,42.5,42.5,18931200.0,-18065787.5,804576000.0,-1.16,False,False
2017-09-18,KCB,41.75,41.75,1151100.0,-3221837.5,48058425.0,,False,False
2017-09-19,KCB,41.5,41.5,2202700.0,-4497720.0,91412050.0,-0.6,False,False
2017-09-20,KCB,41.25,41.25,702100.0,3504212.5,28961625.0,-0.6,False,False
2017-09-21,KCB,41.0,41.0,2550700.0,-20624500.0,104578700.0,-0.61,False,False
2017-09-22,KCB,41.0,41.0,1704500.0,18823062.5,69884500.0,0.0,False,False
2017-09-25,KCB,40.75,40.75,323900.0,0.0,13198925.0,,False,False
2017-09-26,KCB,40.5,40.5,1858600.0,22150550.0,75273300.0,-0.61,False,False
2017-09-27,KCB,40.25,40.25,987400.0,-167850.0,39742850.0,-0.62,False,False
2017-09-28,KCB,40.0,40.0,918300.0,7559062.5,36732000.0,-0.62,False,False
2017-09-29,KCB,39.5,39.5,888800.0,-2648900.0,35107600.0,-1.25,False,False
2017-10-02,KCB,39.0,39.0,923700.0,-18480812.5,36024300.0,,False,False
2017-10-03,KCB,37.75,37.75,3385600.0,306300.0,127806400.0,-3.21,False,False
2017-10-04,KCB,37.5,37.5,2537900.0,,95171250.0,-0.66,False,False
2017-10-05,KCB,37.0,37.0,93600.0,-324787.5,3463200.0,-1.33,False,False
2017-10-06,KCB,37.0,37.0,155000.0,-1569787.5,5735000.0,0.0,False,False
2017-10-09,KCB,37.0,37.0,174200.0,-1506612.5,6445400.0,,False,False
2017-10-10,KCB,36.5,36.5,209200.0,-1506612.5,7635800.0,-1.35,False,False
2017-10-11,KCB,36.5,36.5,377200.0,3365550.0,13767800.0,0.0,False,False
2017-10-12,KCB,36.75,36.75,101800.0,396375.0,3741150.0,0.68,False,False
2017-10-13,KCB,38.25,38.25,7964700.0,30566750.0,304649775.0,4.08,False,False
2017-10-18,KCB,38.5,38.5,1076800.0,-2816575.0,41456800.0,,False,False
2017-10-19,KCB,38.25,38.25,1466600.0,24516062.5,56097450.0,-0.65,False,False
2017-10-23,KCB,38.0,38.0,3975500.0,65130262.5,151069000.0,,False,False
2017-10-24,KCB,39.25,39.25,1731000.0,-22950962.5,67941750.0,3.29,False,False
2017-10-27,KCB,41.0,41.0,3097000.0,3368212.5,126977000.0,,False,False
2017-10-30,KCB,41.5,41.5,3055000.0,-8840187.5,126782500.0,,False,False
2017-10-31,KCB,41.25,41.25,5747000.0,7755837.5,237063750.0,-0.6,False,False
2017-11-01,KCB,40.75,40.75,5195000.0,8315625.0,211696250.0,-1.21,False,False
2017-11-02,KCB,40.75,40.75,3500200.0,10878062.5,142633150.0,0.0,False,False
2017-11-03,KCB,41.0,41.0,863900.0,-10049950.0,35419900.0,0.61,False,False
2017-11-06,KCB,40.5,40.5,1711800.0,-13512150.0,69327900.0,,False,False
2017-11-07,KCB,39.75,39.75,798700.0,-3025075.0,31748325.0,-1.85,False,False
2017-11-08,KCB,39.5,39.5,807900.0,-11551437.5,31912050.0,-0.63,False,False
2017-11-09,KCB,40.5,40.5,520000.0,-4170612.5,21060000.0,2.53,False,False
2017-11-10,KCB,40.75,40.75,993500.0,-9184775.0,40485125.0,0.62,False,False
2017-11-13,KCB,41.0,41.0,1592100.0,-983912.5,65276100.0,,False,False
2017-11-14,KCB,42.25,42.25,946000.0,937750.0,39968500.0,3.05,False,False
2017-11-15,KCB,43.25,43.25,2548200.0,31758512.5,110209650.0,2.37,False,False
2017-11-16,KCB,43.75,43.75,2240900.0,28237562.5,98039375.0,1.16,False,False
2017-11-17,KCB,43.25,43.25,5749500.0,43537687.5,248665875.0,-1.14,False,False
2017-11-20,KCB,42.75,42.75,1136400.0,896625.0,48581100.0,,False,False
2017-11-21,KCB,42.0,42.0,161700.0,1868125.0,6791400.0,-1.75,False,False
2017-11-23,KCB,41.75,41.75,1053400.0,4140237.5,43979450.0,,False,False
2017-11-24,KCB,41.25,41.25,188100.0,-2734800.0,7759125.0,-1.2,False,False
2017-11-27,KCB,40.75,40.75,2857900.0,18857575.0,116459425.0,,False,False
2017-11-29,KCB,41.0,41.0,3337400.0,33555375.0,136833400.0,,False,False
2017-11-30,KCB,41.25,41.25,3095900.0,45591487.5,127705875.0,0.61,False,False
2017-12-01,KCB,42.0,42.0,1197100.0,8883687.5,50278200.0,1.82,False,False
2017-12-04,KCB,42.25,42.25,814300.0,-7692325.0,34404175.0,,False,False
2017-12-05,KCB,42.25,42.25,2266400.0,7627125.0,95755400.0,0.0,False,False
2017-12-06,KCB,42.0,42.0,1983100.0,-37595000.0,83290200.0,-0.59,False,False
2017-12-08,KCB,42.0,42.0,933200.0,-215737.5,39194400.0,,False,False
2017-12-11,KCB,42.25,42.25,399800.0,-5704025.0,16891550.0,,False,False
2017-12-13,KCB,42.0,42.0,1606300.0,15901700.0,67464600.0,,False,False
2017-12-14,KCB,41.5,41.5,1754500.0,-864200.0,72811750.0,-1.19,False,False
2017-12-15,KCB,42.25,42.25,3799300.0,-1746350.0,160520425.0,1.81,False,False
2017-12-18,KCB,42.5,42.5,358500.0,12525.0,15236250.0,,False,False
2017-12-19,KCB,42.75,42.75,2019700.0,1553575.0,86342175.0,0.59,False,False
2017-12-20,KCB,42.75,42.75,1931300.0,-13150975.0,82563075.0,0.0,False,False
2017-12-21,KCB,42.75,42.75,264500.0,2704550.0,11307375.0,0.0,False,False
2017-12-22,KCB,42.75,42.75,1302400.0,-20803475.0,55677600.0,0.0,False,False
2017-12-27,KCB,42.75,42.75,378500.0,-2462275.0,16180875.0,,False,False
2017-12-28,KCB,42.75,42.75,691100.0,3054587.5,29544525.0,0.0,False,False
2017-12-29,KCB,42.5,42.5,624400.0,7008487.5,26537000.0,-0.58,False,False
2018-01-02,KCB,42.5,42.5,624400.0,2045575.0,26537000.0,,False,False
2018-01-03,KCB,42.75,42.75,1490500.0,-20043000.0,63718875.0,0.59,False,False
2018-01-04,KCB,42.5,42.5,41800.0,-213750.0,1776500.0,-0.58,False,False
2018-01-05,KCB,42.75,42.75,1323700.0,-26718750.0,56588175.0,0.59,False,False
2018-01-08,KCB,43.0,43.0,194300.0,-770875.0,8354900.0,,False,False
2018-01-09,KCB,43.25,43.25,762600.0,1420537.5,32982450.0,0.58,False,False
2018-01-10,KCB,44.25,44.25,1354100.0,-20341612.5,59918925.0,2.31,False,False
2018-01-11,KCB,44.75,44.75,1291000.0,-9929712.5,57772250.0,1.13,False,False
2018-01-12,KCB,44.75,44.75,1484800.0,-15649837.5,66444800.0,0.0,False,False
2018-01-15,KCB,45.25,45.25,1117900.0,4186812.5,50584975.0,,False,False
2018-01-16,KCB,45.25,45.25,1742800.0,-13883825.0,78861700.0,0.0,False,False
2018-01-17,KCB,45.25,45.25,10882700.0,12618425.0,492442175.0,0.0,False,False
2018-01-18,KCB,45.0,45.0,10807300.0,64223312.5,486328500.0,-0.55,False,False
2018-01-19,KCB,44.5,44.5,1909100.0,14356937.5,84954950.0,-1.11,False,False
2018-01-22,KCB,43.0,43.0,1216500.0,-90262.5,52309500.0,,False,False
2018-01-23,KCB,43.25,43.25,761200.0,-1277550.0,32921900.0,0.58,False,False
2018-01-24,KCB,43.75,43.75,1473200.0,2521800.0,64452500.0,1.16,False,False
2018-01-25,KCB,44.0,44.0,2157100.0,3196100.0,94912400.0,0.57,False,False
2018-01-26,KCB,44.75,44.75,1294800.0,-10171025.0,57942300.0,1.7,False,False
2018-01-29,KCB,45.25,45.25,216600.0,1426587.5,9801150.0,,False,False
2018-01-30,KCB,45.5,45.5,2977000.0,-52307337.5,135453500.0,0.55,False,False
2018-01-31,KCB,45.75,45.75,1787100.0,-28363287.5,81759825.0,0.55,False,False
2018-02-01,KCB,46.25,46.25,257600.0,-701950.0,11914000.0,1.09,False,False
2018-02-02,KCB,46.25,46.25,639400.0,-922325.0,29572250.0,0.0,False,False
2018-02-05,KCB,45.25,45.25,196300.0,0.0,8882575.0,,False,False
2018-02-06,KCB,45.5,45.5,3316800.0,-42341187.5,150914400.0,0.55,False,False
2018-02-07,KCB,45.25,45.25,5318900.0,-94900550.0,240680225.0,-0.55,False,False
2018-02-08,KCB,45.0,45.0,2098100.0,-34936725.0,94414500.0,-0.55,False,False
2018-02-09,KCB,45.5,45.5,8475800.0,-127985075.0,385648900.0,1.11,False,False
2018-02-12,KCB,45.5,45.5,2385100.0,-27057262.5,108522050.0,,False,False
2018-02-13,KCB,45.5,45.5,1088100.0,-23243675.0,49508550.0,0.0,False,False
2018-02-14,KCB,45.5,45.5,378200.0,-147437.5,17208100.0,0.0,False,False
2018-02-15,KCB,45.5,45.5,2772600.0,-50569900.0,126153300.0,0.0,False,False
2018-02-16,KCB,45.75,45.75,2658200.0,-53868350.0,121612650.0,0.55,False,False
2018-02-19,KCB,45.5,45.5,855800.0,-3068150.0,38938900.0,,False,False
2018-02-20,KCB,45.25,45.25,6307800.0,-108411487.5,285427950.0,-0.55,False,False
2018-02-21,KCB,45.5,45.5,1752900.0,7115450.0,79756950.0,0.55,False,False
2018-02-22,KCB,45.5,45.5,475300.0,6515475.0,21626150.0,0.0,False,False
2018-02-23,KCB,46.0,46.0,475300.0,-69260100.0,21863800.0,1.1,False,False
2018-02-26,KCB,47.25,47.25,212000.0,430050.0,10017000.0,,False,False
2018-02-27,KCB,47.75,47.75,1483300.0,28064650.0,70827575.0,1.06,False,False
2018-02-28,KCB,47.75,47.75,2062900.0,34143162.5,98503475.0,0.0,False,False
2018-03-01,KCB,48.0,48.0,1300300.0,837050.0,62414400.0,0.52,False,False
2018-03-02,KCB,48.75,48.75,988900.0,9075787.5,48208875.0,1.56,False,False
2018-03-05,KCB,49.25,49.25,352200.0,459712.5,17345850.0,,False,False
2018-03-06,KCB,48.25,48.25,2548500.0,-8926837.5,122965125.0,-2.03,False,False
2018-03-07,KCB,48.75,48.75,6262400.0,-64240112.5,305292000.0,1.04,False,False
2018-03-08,KCB,49.25,49.25,3120400.0,0.0,153679700.0,1.03,False,False
2018-03-09,KCB,50.0,50.0,986900.0,9303375.0,49345000.0,1.52,False,False
2018-03-12,KCB,51.0,51.0,3893200.0,5128512.5,198553200.0,,False,False
2018-03-13,KCB,51.0,51.0,10319500.0,-97329637.5,526294500.0,0.0,False,False
2018-03-14,KCB,51.0,51.0,2686100.0,-57389275.0,136991100.0,0.0,False,False
2018-03-15,KCB,52.0,52.0,3894100.0,54748050.0,202493200.0,1.96,False,False
2018-03-16,KCB,50.0,50.0,2129900.0,23994850.0,106495000.0,-3.85,False,False
2018-03-19,KCB,51.0,51.0,6487100.0,-34776375.0,330842100.0,,False,False
2018-03-20,KCB,51.5,51.5,3743300.0,-63713350.0,192779950.0,0.98,False,False
2018-03-21,KCB,51.5,51.5,7148800.0,-40436525.0,368163200.0,0.0,False,False
2018-03-22,KCB,51.0,51.0,6383500.0,-38421425.0,325558500.0,-0.97,False,False
2018-03-23,KCB,50.5,50.5,1634600.0,-25766350.0,82547300.0,-0.98,False,False
2018-03-26,KCB,51.0,51.0,826400.0,-7117600.0,42146400.0,,False,False
2018-03-27,KCB,52.0,52.0,1072700.0,3422100.0,55780400.0,1.96,False,False
2018-03-28,KCB,52.5,52.5,1197100.0,14301050.0,62847750.0,0.96,False,False
2018-03-29,KCB,53.0,53.0,7452600.0,-25463300.0,394987800.0,0.95,False,False
2018-04-03,KCB,53.5,53.5,1811000.0,-8695675.0,96888500.0,,False,False
2018-04-04,KCB,54.0,54.0,1209500.0,-11811050.0,65313000.0,0.93,False,False
2018-04-05,KCB,54.0,54.0,695000.0,-7723550.0,37530000.0,0.0,False,False
2018-04-06,KCB,54.0,54.0,377300.0,6386750.0,20374200.0,0.0,False,False
2018-04-09,KCB,54.0,54.0,341500.0,6255900.0,18441000.0,,False,False
2018-04-10,KCB,53.0,53.0,419800.0,5121275.0,22249400.0,-1.85,False,False
2018-04-11,KCB,52.5,52.5,1524600.0,-10616875.0,80041500.0,-0.94,False,False
2018-04-12,KCB,51.5,51.5,680000.0,5919775.0,35020000.0,-1.9,False,False
2018-04-13,KCB,51.5,51.5,1402100.0,26170175.0,72208150.0,0.0,False,False
2018-04-16,KCB,51.5,51.5,1768700.0,32317925.0,91088050.0,,False,False
2018-04-17,KCB,51.5,51.5,1280800.0,32296625.0,65961200.0,0.0,False,False
2018-04-18,KCB,52.0,52.0,1653600.0,1084550.0,85987200.0,0.97,False,False
2018-04-19,KCB,52.5,52.5,1033700.0,-12901450.0,54269250.0,0.96,False,False
2018-04-20,KCB,53.0,53.0,585400.0,710025.0,31026200.0,0.95,False,False
2018-04-23,KCB,52.0,52.0,2124200.0,36314525.0,110458400.0,,False,False
2018-04-24,KCB,51.0,51.0,5692100.0,-27746750.0,290297100.0,-1.92,False,False
2018-04-25,KCB,49.5,49.5,4311400.0,-49923525.0,213414300.0,-2.94,False,False
2018-04-26,KCB,50.0,50.0,500000.0,-8207375.0,25000000.0,1.01,False,False
2018-04-27,KCB,47.75,47.75,592500.0,-5265150.0,28291875.0,-4.5,False,False
2018-04-30,KCB,47.75,47.75,1763000.0,-13588450.0,84183250.0,,False,False
2018-05-02,KCB,47.75,47.75,1302300.0,-21524587.5,62184825.0,,False,False
2018-05-03,KCB,48.25,48.25,3263800.0,-57531825.0,157478350.0,1.05,False,False
2018-05-04,KCB,48.75,48.75,1330400.0,-25900487.5,64857000.0,1.04,False,False
2018-05-07,KCB,49.5,49.5,733600.0,-945762.5,36313200.0,,False,False
2018-05-08,KCB,49.75,49.75,2176400.0,-21260087.5,108275900.0,0.51,False,False
2018-05-09,KCB,50.0,50.0,368400.0,-4917325.0,18420000.0,0.5,False,False
2018-05-10,KCB,50.0,50.0,423400.0,1865800.0,21170000.0,0.0,False,False
2018-05-11,KCB,50.0,50.0,2296800.0,-20481000.0,114840000.0,0.0,False,False
2018-05-14,KCB,50.5,50.5,358500.0,-654275.0,18104250.0,,False,False
2018-05-15,KCB,50.5,50.5,1172000.0,-1955800.0,59186000.0,0.0,False,False
2018-05-16,KCB,49.75,49.75,1820700.0,-30571150.0,90579825.0,-1.49,False,False
2018-05-17,KCB,48.0,48.0,1915700.0,-30017000.0,91953600.0,-3.52,False,False
2018-05-18,KCB,47.5,47.5,2143300.0,-9504612.5,101806750.0,-1.04,False,False
2018-05-21,KCB,47.0,47.0,1275900.0,-11207337.5,59967300.0,,False,False
2018-05-22,KCB,46.75,46.75,1112500.0,-9788512.5,52009375.0,-0.53,False,False
2018-05-23,KCB,46.25,46.25,6288200.0,-116290987.5,290829250.0,-1.07,False,False
2018-05-24,KCB,46.75,46.75,2205000.0,-44207362.5,103083750.0,1.08,False,False
2018-05-25,KCB,46.75,46.75,2205000.0,-312487.5,103083750.0,0.0,False,False
2018-05-28,KCB,46.25,46.25,493100.0,-6657500.0,22805875.0,,False,False
2018-05-29,KCB,46.0,46.0,604000.0,-11279925.0,27784000.0,-0.54,False,False
2018-05-30,KCB,46.25,46.25,2155900.0,-42628125.0,99710375.0,0.54,False,False
2018-05-31,KCB,47.5,47.5,6114300.0,-16442962.5,290429250.0,2.7,False,False
2018-06-04,KCB,48.75,48.75,709900.0,930325.0,34607625.0,,False,False
2018-06-05,KCB,49.0,49.0,3353700.0,563737.5,164331300.0,0.51,False,False
2018-06-06,KCB,48.5,48.5,1009600.0,-45358975.0,48965600.0,-1.02,False,False
2018-06-07,KCB,49.0,49.0,5467100.0,-106178987.5,267887900.0,1.03,False,False
2018-06-08,KCB,48.75,48.75,474300.0,-7266350.0,23122125.0,-0.51,False,False
2018-06-11,KCB,48.5,48.5,1721700.0,,83502450.0,,False,False
2018-06-12,KCB,48.75,48.75,631200.0,-14497262.5,30771000.0,0.52,False,False
2018-06-13,KCB,48.75,48.75,543300.0,-6762687.5,26485875.0,0.0,False,False
2018-06-14,KCB,48.75,48.75,2539900.0,-59599650.0,123820125.0,0.0,False,False
2018-06-18,KCB,48.5,48.5,671100.0,-487950.0,32548350.0,,False,False
2018-06-19,KCB,48.5,48.5,1888900.0,-14206737.5,91611650.0,0.0,False,False
2018-06-20,KCB,48.25,48.25,493200.0,5033437.5,23796900.0,-0.52,False,False
2018-06-21,KCB,47.5,47.5,1537500.0,-5319812.5,73031250.0,-1.55,False,False
2018-06-22,KCB,46.75,46.75,583700.0,3708987.5,27287975.0,-1.58,False,False
2018-06-25,KCB,46.5,46.5,733000.0,4708150.0,34084500.0,,False,False
2018-06-26,KCB,45.75,45.75,1890400.0,-37097887.5,86485800.0,-1.61,False,False
2018-06-27,KCB,46.25,46.25,3343800.0,-52669362.5,154650750.0,1.09,False,False
2018-06-28,KCB,46.25,46.25,3223200.0,-60423600.0,149073000.0,0.0,False,False
2018-06-29,KCB,45.5,45.5,1511600.0,-24217287.5,68777800.0,-1.62,False,False
2018-07-02,KCB,45.25,45.25,1511600.0,-38771100.0,68399900.0,,False,False
2018-07-03,KCB,45.5,45.5,2100400.0,-15847637.5,95568200.0,0.55,False,False
2018-07-04,KCB,46.5,46.5,1620000.0,-23906875.0,75330000.0,2.2,False,False
2018-07-05,KCB,47.5,47.5,4916100.0,-29958100.0,233514750.0,2.15,False,False
2018-07-06,KCB,48.75,48.75,659600.0,-60423600.0,32155500.0,2.63,False,False
2018-07-09,KCB,48.0,48.0,1762400.0,-21205225.0,84595200.0,,False,False
2018-07-10,KCB,47.75,47.75,3916800.0,-22070850.0,187027200.0,-0.52,False,False
2018-07-11,KCB,47.75,47.75,2160000.0,-32053962.5,103140000.0,0.0,False,False
2018-07-12,KCB,47.5,47.5,204500.0,-3875162.5,9713750.0,-0.52,False,False
2018-07-13,KCB,47.5,47.5,91000.0,45500.0,4322500.0,0.0,False,False
2018-07-16,KCB,48.0,48.0,3255100.0,-74780562.5,156244800.0,,False,False
2018-07-17,KCB,48.25,48.25,1424800.0,-25910725.0,68746600.0,0.52,False,False
2018-07-18,KCB,37.0,,2988500.0,-63600000.0,144195125.0,-23.32,False,True
2018-07-19,KCB,47.5,47.5,1022500.0,-8529025.0,48568750.0,28.38,False,False
2018-07-20,KCB,47.5,47.5,744200.0,-16773850.0,35349500.0,0.0,False,False
2018-07-23,KCB,47.5,47.5,1736600.0,-40386175.0,82488500.0,,False,False
2018-07-24,KCB,47.5,47.5,859300.0,-17906887.5,40816750.0,0.0,False,False
2018-07-25,KCB,47.5,47.5,810800.0,-15917462.5,38513000.0,0.0,False,False
2018-07-26,KCB,47.5,47.5,1064000.0,-23639525.0,50540000.0,0.0,False,False
2018-07-27,KCB,47.0,47.0,1655000.0,-30687375.0,77785000.0,-1.05,False,False
2018-07-30,KCB,47.25,47.25,2361100.0,-50373750.0,111561975.0,,False,False
2018-07-31,KCB,47.75,47.75,523200.0,-7467862.5,24982800.0,1.06,False,False
2018-08-01,KCB,48.0,48.0,523200.0,-7360312.5,25113600.0,0.52,False,False
2018-08-02,KCB,48.5,48.5,1580200.0,-1868400.0,76639700.0,1.04,False,False
2018-08-03,KCB,48.75,48.75,795800.0,778325.0,38795250.0,0.52,False,False
2018-08-06,KCB,49.75,49.75,1464700.0,-7003450.0,72868825.0,,False,False
2018-08-07,KCB,50.0,50.0,697800.0,2453000.0,34890000.0,0.5,False,False
2018-08-08,KCB,51.0,51.0,3492700.0,12695462.5,178127700.0,2.0,False,False
2018-08-09,KCB,50.5,50.5,1427300.0,-6954700.0,72078650.0,-0.98,False,False
2018-08-10,KCB,50.0,50.0,2498600.0,9386900.0,124930000.0,-0.99,False,False
2018-08-13,KCB,49.5,49.5,3981600.0,-13861425.0,197089200.0,,False,False
2018-08-14,KCB,49.0,49.0,1631400.0,-16765587.5,79938600.0,-1.01,False,False
2018-08-15,KCB,49.5,49.5,1366800.0,-22115925.0,67656600.0,1.02,False,False
2018-08-16,KCB,49.0,49.0,666300.0,-2652387.5,32648700.0,-1.01,False,False
2018-08-17,KCB,48.25,48.25,185000.0,3040337.5,8926250.0,-1.53,False,False
2018-08-20,KCB,47.75,47.75,1087700.0,-23206775.0,51937675.0,,False,False
2018-08-22,KCB,48.0,48.0,371900.0,-7626175.0,17851200.0,,False,False
2018-08-23,KCB,47.5,47.5,1590500.0,-13159000.0,75548750.0,-1.04,False,False
2018-08-24,KCB,47.0,47.0,340800.0,3557625.0,16017600.0,-1.05,False,False
2018-08-27,KCB,47.0,47.0,421800.0,3581250.0,19824600.0,,False,False
2018-08-28,KCB,46.5,46.5,1308600.0,6355175.0,60849900.0,-1.06,False,False
2018-08-29,KCB,45.0,45.0,1462200.0,-18148975.0,65799000.0,-3.23,False,False
2018-08-30,KCB,44.5,44.5,491700.0,-5055450.0,21880650.0,-1.11,False,False
2018-08-31,KCB,44.5,44.5,,-37174650.0,,0.0,False,False
2018-09-03,KCB,43.5,43.5,4875600.0,-77180637.5,212088600.0,,False,False
2018-09-04,KCB,42.75,42.75,2232900.0,-27687175.0,95456475.0,-1.72,False,False
2018-09-05,KCB,42.5,42.5,716100.0,-1405187.5,30434250.0,-0.58,False,False
2018-09-06,KCB,42.0,42.0,1464500.0,-29201025.0,61509000.0,-1.18,False,False
2018-09-07,KCB,41.5,41.5,945900.0,-1521187.5,39254850.0,-1.19,False,False
2018-09-10,KCB,40.75,40.75,79500.0,-222400.0,3239625.0,,False,False
2018-09-11,KCB,41.25,41.25,2886600.0,-51517262.5,119072250.0,1.23,False,False
2018-09-12,KCB,41.0,41.0,432100.0,363225.0,17716100.0,-0.61,False,False
2018-09-13,KCB,41.0,41.0,1702300.0,-12803537.5,69794300.0,0.0,False,False
2018-09-14,KCB,40.25,40.25,8958000.0,-64866000.0,360559500.0,-1.83,False,False
2018-09-17,KCB,38.75,38.75,506800.0,-3241525.0,19638500.0,,False,False
2018-09-18,KCB,38.0,38.0,3224900.0,-39221537.5,122546200.0,-1.94,False,False
2018-09-19,KCB,39.75,39.75,944300.0,-6204037.5,37535925.0,4.61,False,False
2018-09-20,KCB,39.75,39.75,1812600.0,9127525.0,72050850.0,0.0,False,False
2018-09-21,KCB,40.75,40.75,3435100.0,-34610125.0,139980325.0,2.52,False,False
2018-09-24,KCB,40.5,40.5,3285300.0,-55608125.0,133054650.0,,False,False
2018-09-25,KCB,40.0,40.0,1821900.0,-10933700.0,72876000.0,-1.23,False,False
2018-09-26,KCB,40.5,40.5,2354100.0,-31377400.0,95341050.0,1.25,False,False
2018-09-27,KCB,40.0,40.0,3411600.0,-65495362.5,136464000.0,-1.23,False,False
2018-09-28,KCB,39.5,39.5,2651800.0,-10785250.0,104746100.0,-1.25,False,False
2018-10-01,KCB,39.25,39.25,31900.0,102500.0,1252075.0,,False,False
2018-10-02,KCB,38.75,38.75,2407900.0,-39739062.5,93306125.0,-1.27,False,False
2018-10-03,KCB,38.5,38.5,3861800.0,-46908325.0,148679300.0,-0.65,False,False
2018-10-04,KCB,38.5,38.5,1627700.0,-25319262.5,62666450.0,0.0,False,False
2018-10-05,KCB,38.0,38.0,928900.0,-1405187.5,35298200.0,-1.3,False,False
2018-10-08,KCB,36.75,36.75,298000.0,445587.5,10951500.0,,False,False
2018-10-09,KCB,36.0,36.0,228000.0,-894550.0,8208000.0,-2.04,False,False
2018-10-11,KCB,35.75,35.75,3988100.0,-67197037.5,142574575.0,,False,False
2018-10-12,KCB,36.0,36.0,1591000.0,-19480400.0,57276000.0,0.7,False,False
2018-10-15,KCB,36.75,36.75,1118200.0,-16346525.0,41093850.0,,False,False
2018-10-16,KCB,38.25,38.25,2344500.0,708525.0,89677125.0,4.08,False,False
2018-10-17,KCB,39.0,39.0,1006200.0,-13953600.0,39241800.0,1.96,False,False
2018-10-18,KCB,38.75,38.75,71400.0,0.0,2766750.0,-0.64,False,False
2018-10-19,KCB,38.75,38.75,1929600.0,-24220125.0,74772000.0,0.0,False,False
2018-10-22,KCB,38.75,38.75,172400.0,-1954825.0,6680500.0,,False,False
2018-10-23,KCB,38.5,38.5,1852200.0,-1171075.0,71309700.0,-0.65,False,False
2018-10-24,KCB,38.5,38.5,1899100.0,-31497375.0,73115350.0,0.0,False,False
2018-10-25,KCB,38.5,38.5,1466400.0,-5443975.0,56456400.0,0.0,False,False
2018-10-26,KCB,38.25,38.25,3221300.0,-26243387.5,123214725.0,-0.65,False,False
2018-10-29,KCB,38.0,38.0,1280500.0,-6997375.0,48659000.0,,False,False
2018-10-30,KCB,38.0,38.0,1946000.0,-18126062.5,73948000.0,0.0,False,False
2018-10-31,KCB,38.0,38.0,1887600.0,-20383825.0,71728800.0,0.0,False,False
2018-11-01,KCB,37.5,37.5,7911400.0,-72476987.5,296677500.0,-1.32,False,False
2018-11-02,KCB,37.5,37.5,4019100.0,0.0,150716250.0,0.0,False,False
2018-11-05,KCB,37.75,37.75,124600.0,93100.0,4703650.0,,False,False
2018-11-06,KCB,38.0,38.0,464100.0,-5037262.5,17635800.0,0.66,False,False
2018-11-07,KCB,38.0,38.0,151800.0,-1046162.5,5768400.0,0.0,False,False
2018-11-08,KCB,38.0,38.0,973600.0,-590775.0,36996800.0,0.0,False,False
2018-11-09,KCB,38.25,38.25,1357800.0,-11443700.0,51935850.0,0.66,False,False
2018-11-12,KCB,38.75,38.75,1090920.0,-484500.0,42273150.0,,False,False
2018-11-13,KCB,39.0,39.0,506700.0,5198175.0,19761300.0,0.65,False,False
2018-11-14,KCB,39.0,39.0,2442200.0,-8562137.5,95245800.0,0.0,False,False
2018-11-15,KCB,39.0,39.0,1829400.0,-10729725.0,71346600.0,0.0,False,False
2018-11-16,KCB,38.75,38.75,5097000.0,-28266000.0,197508750.0,-0.64,False,False
2018-11-19,KCB,38.75,38.75,1332000.0,-5248462.5,51615000.0,,False,False
2018-11-20,KCB,38.75,38.75,260500.0,-3026987.5,10094375.0,0.0,False,False
2018-11-21,KCB,38.95,38.95,1494700.0,-22290437.5,58218565.00000001,0.52,False,False
2018-11-22,KCB,39.25,39.25,403700.0,6151487.5,15845225.0,0.77,False,False
2018-11-23,KCB,39.45,39.45,1730000.0,-18946200.0,68248500.0,0.51,False,False
2018-11-26,KCB,39.25,39.25,4715600.0,-16659290.0,185087300.0,,False,False
2018-11-27,KCB,39.5,39.5,163100.0,485400.0,6442450.0,0.64,False,False
2018-11-28,KCB,39.8,39.8,1632800.0,520370.0,64985439.99999999,0.76,False,False
2018-11-29,KCB,40.0,40.0,230500.0,-2160460.0,9220000.0,0.5,False,False
2018-11-30,KCB,40.55,40.55,3608700.0,-4132700.0,146332785.0,1.38,False,False
2018-12-03,KCB,40.05,40.05,1281500.0,-3797597.5,51324075.0,,False,False
2018-12-04,KCB,39.95,39.95,1281500.0,2356000.0,51195925.0,-0.25,False,False
2018-12-05,KCB,39.85,39.85,624900.0,2437075.0,24902265.0,-0.25,False,False
2018-12-06,KCB,39.7,39.7,347600.0,-5157447.5,13799720.000000002,-0.38,False,False
2018-12-07,KCB,39.6,39.6,2033100.0,-32535145.0,80510760.0,-0.25,False,False
2018-12-10,KCB,39.4,39.4,1014200.0,-17704832.5,39959480.0,,False,False
2018-12-11,KCB,39.45,39.45,224500.0,650860.0,8856525.0,0.13,False,False
2018-12-13,KCB,38.8,38.8,2268200.0,-15003615.0,88006160.0,,False,False
2018-12-14,KCB,38.0,38.0,1391900.0,-14911712.5,52892200.0,-2.06,False,False
2018-12-17,KCB,38.05,38.05,292800.0,,11141040.0,,False,False
2018-12-18,KCB,37.95,37.95,494600.0,0.0,18770070.0,-0.26,False,False
2018-12-19,KCB,37.7,37.7,1454700.0,-7489105.0,54842190.00000001,-0.66,False,False
2018-12-20,KCB,37.5,37.5,1245400.0,-7136030.0,46702500.0,-0.53,False,False
2018-12-21,KCB,37.45,37.45,453600.0,-6467580.0,16987320.0,-0.13,False,False
2018-12-24,KCB,37.45,37.45,399100.0,18.86,14946295.000000002,,False,False
2018-12-27,KCB,37.1,37.1,264200.0,37500.0,9801820.0,,False,False
2018-12-28,KCB,37.05,37.05,587600.0,-4682000.0,21770580.0,-0.13,False,False
2019-01-02,KCB,37.35,37.35,876500.0,-3334757.5,32737275.0,,False,False
2019-01-03,KCB,37.4,37.4,908200.0,-11751705.0,33966680.0,0.13,False,False
2019-01-04,KCB,37.35,37.35,41900.0,0.0,1564965.0,-0.13,False,False
2019-01-07,KCB,37.0,37.0,508300.0,1128042.5,18807100.0,,False,False
2019-01-08,KCB,36.9,36.9,69100.0,-7904742.5,2549790.0,-0.27,False,False
2019-01-09,KCB,36.75,36.75,1002100.0,-16047802.5,36827175.0,-0.41,False,False
2019-01-10,KCB,36.4,36.4,2868000.0,-19235752.5,104395200.0,-0.95,False,False
2019-01-11,KCB,37.35,37.35,605000.0,-3146287.5,22596750.0,2.61,False,False
2019-01-14,KCB,37.95,37.95,639000.0,-6499587.5,24250050.0,,False,False
2019-01-15,KCB,38.8,38.8,3136700.0,0.0,121703959.99999999,2.24,False,False
2019-01-16,KCB,40.7,40.7,2491300.0,-15120767.5,101395910.0,4.9,False,False
2019-01-17,KCB,40.4,40.4,3793000.0,-11116917.5,153237200.0,-0.74,False,False
2019-01-18,KCB,40.25,40.25,588700.0,-597180.0,23695175.0,-0.37,False,False
2019-01-21,KCB,39.95,39.95,4306000.0,-9108875.0,172024700.0,,False,False
2019-01-22,KCB,39.9,39.9,1290300.0,-2117610.0,51482970.0,-0.13,False,False
2019-01-23,KCB,39.9,39.9,1119700.0,0.0,44676030.0,0.0,False,False
2019-01-24,KCB,39.9,39.9,2580400.0,14818907.5,102957960.0,0.0,False,False
2019-01-25,KCB,39.9,39.9,4906600.0,-55082770.0,195773340.0,0.0,False,False
2019-01-28,KCB,40.7,40.7,1999400.0,-5361832.5,81375580.0,,False,False
2019-01-29,KCB,40.9,40.9,1672100.0,-4162030.0,68388890.0,0.49,False,False
2019-01-30,KCB,41.05,41.05,1413200.0,3527210.0,58011859.99999999,0.37,False,False
2019-01-31,KCB,42.15,42.15,9444600.0,-34685022.5,398089890.0,2.68,False,False
2019-02-01,KCB,43.95,43.95,5775900.0,-12153697.5,253850805.00000003,4.27,False,False
2019-02-05,KCB,43.6,43.6,1611200.0,-27723542.5,70248320.0,,False,False
2019-02-06,KCB,43.6,43.6,2727800.0,-26968152.5,118932080.0,0.0,False,False
2019-02-07,KCB,43.9,43.9,363100.0,1176675.0,15940090.0,0.69,False,False
2019-02-08,KCB,43.8,43.8,525700.0,-2770950.0,23025660.0,-0.23,False,False
2019-02-11,KCB,43.75,43.75,261000.0,-365882.5,11418750.0,,False,False
2019-02-12,KCB,43.45,43.45,3247000.0,32361447.5,141082150.0,-0.69,False,False
2019-02-13,KCB,42.8,42.8,2129200.0,22331637.5,91129760.0,-1.5,False,False
2019-02-14,KCB,42.65,42.65,521800.0,-1596800.0,22254770.0,-0.35,False,False
2019-02-15,KCB,41.7,41.7,1321800.0,6465015.0,55119060.00000001,-2.23,False,False
2019-02-18,KCB,41.95,41.95,901300.0,4500430.0,37809535.0,,False,False
2019-02-19,KCB,42.0,42.0,801500.0,106642.5,33663000.0,0.12,False,False
2019-02-20,KCB,42.15,42.15,1123200.0,2339020.0,47342880.0,0.36,False,False
2019-02-21,KCB,42.15,42.15,1729400.0,31817790.0,72894210.0,0.0,False,False
2019-02-22,KCB,42.05,42.05,822200.0,4649957.5,34573510.0,-0.24,False,False
2019-02-25,KCB,41.65,41.65,1262000.0,6711215.0,52562300.0,,False,False
2019-02-26,KCB,41.65,41.65,462500.0,1808120.0,19263125.0,0.0,False,False
2019-02-27,KCB,41.45,41.45,793500.0,-6584530.0,32890575.000000004,-0.48,False,False
2019-02-28,KCB,42.2,42.2,2777300.0,-13964602.5,117202060.00000001,1.81,False,False
2019-03-01,KCB,43.05,43.05,2313700.0,-16897950.0,99604785.0,2.01,False,False
2019-03-04,KCB,43.85,43.85,78600.0,0.0,3446610.0,,False,False
2019-03-06,KCB,43.9,43.9,833600.0,92557.5,36595040.0,,False,False
2019-03-07,KCB,43.65,43.65,438300.0,-2390262.5,19131795.0,-0.57,False,False
2019-03-08,KCB,43.5,43.5,,-2390262.5,,-0.34,False,False
2019-03-11,KCB,43.3,43.3,798000.0,-9183327.5,34553400.0,,False,False
2019-03-12,KCB,44.3,44.3,517800.0,1454492.5,22938540.0,2.31,False,False
2019-03-13,KCB,44.95,44.95,293900.0,119675.0,13210805.0,1.47,False,False
2019-03-14,KCB,44.75,44.75,446100.0,0.0,19962975.0,-0.44,False,False
2019-03-15,KCB,44.8,44.8,9444400.0,48060517.5,423109120.0,0.11,False,False
2019-03-18,KCB,44.75,44.75,6549700.0,13522765.0,293099075.0,,False,False
2019-03-19,KCB,44.7,44.7,2495200.0,2249692.5,111535440.0,-0.11,False,False
2019-03-20,KCB,44.4,44.4,1706400.0,-6764637.5,75764160.0,-0.67,False,False
2019-03-21,KCB,44.35,44.35,1035600.0,-9817205.0,45928860.0,-0.11,False,False
2019-03-22,KCB,44.25,44.25,1083500.0,14026000.0,47944875.0,-0.23,False,False
2019-03-25,KCB,43.9,43.9,1451100.0,1829280.0,63703290.0,,False,False
2019-03-26,KCB,44.05,44.05,746400.0,7805177.5,32878919.999999996,0.34,False,False
2019-03-27,KCB,44.15,44.15,1249400.0,2207022.5,55161010.0,0.23,False,False
2019-03-28,KCB,44.4,44.4,419900.0,6532095.0,18643560.0,0.57,False,False
2019-03-29,KCB,44.9,44.9,3347700.0,10970632.5,150311730.0,1.13,False,False
2019-04-01,KCB,44.8,44.8,696000.0,-119410.0,31180799.999999996,,False,False
2019-04-02,KCB,44.8,44.8,4626100.0,-4053172.5,207249280.0,0.0,False,False
2019-04-03,KCB,44.75,44.75,1142900.0,-9215932.5,51144775.0,-0.11,False,False
2019-04-04,KCB,44.75,44.75,132400.0,0.0,5924900.0,0.0,False,False
2019-04-05,KCB,44.85,44.85,263600.0,1012480.0,11822460.0,0.22,False,False
2019-04-08,KCB,44.75,44.75,116200.0,286720.0,5199950.0,,False,False
2019-04-09,KCB,44.8,44.8,4432800.0,-17418350.0,198589440.0,0.11,False,False
2019-04-10,KCB,44.85,44.85,1604500.0,10130127.5,71961825.0,0.11,False,False
2019-04-11,KCB,44.9,44.9,373300.0,-2309627.5,16761170.0,0.11,False,False
2019-04-12,KCB,44.95,44.95,152900.0,-15715.0,6872855.0,0.11,False,False
2019-04-15,KCB,45.0,45.0,661300.0,775905.0,29758500.0,,False,False
2019-04-16,KCB,44.95,44.95,678400.0,13832057.5,30494080.000000004,-0.11,False,False
2019-04-17,KCB,44.9,44.9,687200.0,-10433250.0,30855280.0,-0.11,False,False
2019-04-18,KCB,45.0,45.0,4061800.0,-1462500.0,182781000.0,0.22,False,False
2019-04-23,KCB,45.2,45.2,6993500.0,-14344325.0,316106200.0,,False,False
2019-04-24,KCB,45.0,45.0,747700.0,12740102.5,33646500.0,-0.44,False,False
2019-04-25,KCB,42.4,42.4,2010700.0,26573310.0,85253680.0,-5.78,False,False
2019-04-30,KCB,41.3,41.3,3479800.0,6053492.5,143715740.0,,False,False
2019-05-02,KCB,41.3,41.3,1185800.0,-10575002.5,48973540.0,0.0,False,False
2019-05-03,KCB,41.35,41.35,1185800.0,13383265.0,49032830.0,0.12,False,False
2019-05-06,KCB,41.4,41.4,1285000.0,210360.0,53199000.0,,False,False
2019-05-07,KCB,41.15,41.15,2186600.0,-9107990.0,89978590.0,-0.6,False,False
2019-05-08,KCB,40.5,40.5,479500.0,-4708175.0,19419750.0,-1.58,False,False
2019-05-09,KCB,40.05,40.05,607600.0,84562.5,24334380.0,-1.11,False,False
2019-05-10,KCB,38.2,38.2,1585000.0,5716310.0,60547000.00000001,-4.62,False,False
2019-05-13,KCB,36.7,36.7,800100.0,-768222.5,29363670.000000004,,False,False
2019-05-14,KCB,36.45,36.45,697900.0,0.0,25438455.000000004,-0.68,False,False
2019-05-15,KCB,36.3,36.3,1735200.0,-28675250.0,62987759.99999999,-0.41,False,False
2019-05-16,KCB,36.5,36.5,1262500.0,-8530627.5,46081250.0,0.55,False,False
2019-05-17,KCB,38.6,38.6,2927000.0,-4517615.0,112982200.0,5.75,False,False
2019-05-20,KCB,38.95,38.95,4505700.0,-6853060.0,175497015.0,,False,False
2019-05-21,KCB,39.0,39.0,527100.0,1167202.5,20556900.0,0.13,False,False
2019-05-22,KCB,38.95,38.95,698200.0,578507.5,27194890.000000004,-0.13,False,False
2019-05-23,KCB,39.35,39.35,1493900.0,25645215.0,58784965.0,1.03,False,False
2019-05-24,KCB,40.45,40.45,542000.0,-4250740.0,21923900.0,2.8,False,False
2019-05-27,KCB,40.35,40.35,51200.0,33617.5,2065920.0,,False,False
2019-05-28,KCB,40.0,40.0,8270300.0,66325655.0,330812000.0,-0.87,False,False
2019-05-29,KCB,39.5,39.5,2776100.0,19711500.0,109655950.0,-1.25,False,False
2019-05-30,KCB,39.65,39.65,3072900.0,-366620.0,121840485.0,0.38,False,False
2019-05-31,KCB,39.65,39.65,538100.0,-4817270.0,21335665.0,0.0,False,False
2019-06-04,KCB,39.6,39.6,437400.0,-2783950.0,17321040.0,,False,False
2019-06-06,KCB,39.55,39.55,667500.0,-10855852.5,26399624.999999996,,False,False
2019-06-10,KCB,39.4,39.4,557000.0,4916922.5,21945800.0,0.25,False,False
2019-06-11,KCB,39.7,39.7,4905300.0,-8014655.0,194740410.0,0.76,False,False
2019-06-12,KCB,39.7,39.7,1107700.0,-21069977.5,43975690.0,0.0,False,False
2019-06-13,KCB,39.65,39.65,4182000.0,-3189945.0,165816300.0,-0.13,False,False
2019-06-14,KCB,39.5,39.5,511000.0,-9461675.0,20184500.0,-0.38,False,False
2019-06-17,KCB,39.5,39.5,440300.0,-3943710.0,17391850.0,,False,False
2019-06-18,KCB,39.45,39.45,682500.0,-3470275.0,26924625.000000004,-0.13,False,False
2019-06-19,KCB,39.05,39.05,1964100.0,-3582682.5,76698105.0,-1.01,False,False
2019-06-20,KCB,39.1,39.1,688000.0,-5778135.0,26900800.0,0.13,False,False
2019-06-21,KCB,38.95,38.95,393000.0,4058555.0,15307350.000000002,-0.38,False,False
2019-06-24,KCB,38.85,38.85,76600.0,0.0,2975910.0,,False,False
2019-06-25,KCB,38.5,38.5,2224000.0,-16661942.5,85624000.0,-0.9,False,False
2019-06-26,KCB,38.15,38.15,983900.0,-10021910.0,37535785.0,-0.91,False,False
2019-06-27,KCB,38.25,38.25,5803100.0,-36766670.0,221968575.0,0.26,False,False
2019-06-28,KCB,38.7,38.7,3655900.0,-20602502.5,141483330.0,1.18,False,False
2019-07-01,KCB,39.2,39.2,326200.0,1545367.5,12787040.0,,False,False
2019-07-02,KCB,39.45,39.45,805400.0,-12936562.5,31773030.000000004,0.64,False,False
2019-07-03,KCB,40.15,40.15,348400.0,-1670432.5,13988260.0,1.77,False,False
2019-07-04,KCB,40.0,40.0,791100.0,-7271840.0,31644000.0,-0.37,False,False
2019-07-05,KCB,40.0,40.0,626600.0,10798000.0,25064000.0,0.0,False,False
2019-07-08,KCB,39.6,39.6,161900.0,0.0,6411240.0,,False,False
2019-07-09,KCB,39.5,39.5,251100.0,0.0,9918450.0,-0.25,False,False
2019-07-10,KCB,39.45,39.45,190900.0,-1975000.0,7531005.000000001,-0.13,False,False
2019-07-11,KCB,39.25,39.25,922000.0,15699275.0,36188500.0,-0.51,False,False
2019-07-12,KCB,39.45,39.45,962900.0,-4434095.0,37986405.0,0.51,False,False
2019-07-15,KCB,39.4,39.4,99100.0,0.0,3904540.0,,False,False
2019-07-16,KCB,39.0,39.0,707700.0,-13426260.0,27600300.0,-1.02,False,False
2019-07-17,KCB,39.2,39.2,8035000.0,-8590195.0,314972000.0,0.51,False,False
2019-07-18,KCB,39.55,39.55,5623200.0,-98701835.0,222397559.99999997,0.89,False,False
2019-07-19,KCB,39.8,39.8,1018200.0,-2657257.5,40524360.0,0.63,False,False
2019-07-22,KCB,39.85,39.85,1963700.0,3894412.5,78253445.0,,False,False
2019-07-23,KCB,40.0,40.0,2367400.0,-14441692.5,94696000.0,0.38,False,False
2019-07-24,KCB,39.9,39.9,1101100.0,-13610627.5,43933890.0,-0.25,False,False
2019-07-25,KCB,39.9,39.9,1880900.0,-7251600.0,75047910.0,0.0,False,False
2019-07-26,KCB,39.9,39.9,1426700.0,10007632.5,56925330.0,0.0,False,False
2019-07-29,KCB,39.95,39.95,1426700.0,6495990.0,56996665.00000001,,False,False
2019-07-30,KCB,40.0,40.0,1426700.0,590295.0,57068000.0,0.13,False,False
2019-07-31,KCB,40.0,40.0,1426700.0,17176000.0,57068000.0,0.0,False,False
2019-08-01,KCB,40.0,40.0,1426700.0,2806975.0,57068000.0,0.0,False,False
2019-08-02,KCB,39.5,39.5,1426700.0,-3672000.0,56354650.0,-1.25,False,False
2019-08-05,KCB,39.4,39.4,958300.0,-10051450.0,37757020.0,,False,False
2019-08-06,KCB,39.25,39.25,314800.0,-3026002.5,12355900.0,-0.38,False,False
2019-08-07,KCB,39.45,39.45,425900.0,-2292200.0,16801755.0,0.51,False,False
2019-08-08,KCB,39.8,39.8,113300.0,-92090.0,4509340.0,0.89,False,False
2019-08-09,KCB,39.65,39.65,295800.0,518087.5,11728470.0,-0.38,False,False
2019-08-13,KCB,39.9,39.9,99500.0,-1140292.5,3970050.0,,False,False
2019-08-14,KCB,39.85,39.85,1262000.0,-13838297.5,50290700.0,-0.13,False,False
2019-08-15,KCB,39.8,39.8,249700.0,597395.0,9938060.0,-0.13,False,False
2019-08-16,KCB,39.75,39.75,406100.0,147475.0,16142475.0,-0.13,False,False
2019-08-19,KCB,39.85,39.85,1436100.0,-3623377.5,57228585.0,,False,False
2019-08-20,KCB,39.9,39.9,1092700.0,-15644525.0,43598730.0,0.13,False,False
2019-08-21,KCB,40.0,40.0,206600.0,-2319090.0,8264000.0,0.25,False,False
2019-08-22,KCB,40.1,40.1,2736100.0,12398800.0,109717610.0,0.25,False,False
2019-08-23,KCB,40.05,40.05,82000.0,100187.5,3284099.9999999995,-0.12,False,False
2019-08-26,KCB,40.2,40.2,392600.0,4096044.96,15782520.000000002,,False,False
2019-08-27,KCB,40.2,40.2,461300.0,100187.5,18544260.0,0.0,False,False
2019-08-28,KCB,40.4,40.4,142200.0,518475.0,5744880.0,0.5,False,False
2019-08-29,KCB,40.15,40.15,3996000.0,37062422.5,160439400.0,-0.62,False,False
2019-08-30,KCB,39.95,39.95,768300.0,-1460455.0,30693585.000000004,-0.5,False,False
2019-09-02,KCB,39.95,39.95,768300.0,0.0,30693585.000000004,,False,False
2019-09-03,KCB,40.0,40.0,1471200.0,1849840.0,58848000.0,0.13,False,False
2019-09-04,KCB,39.95,39.95,7257600.0,-22943592.5,289941120.0,-0.12,False,False
2019-09-05,KCB,38.2,38.2,511600.0,-8070532.5,19543120.0,-4.38,False,False
2019-09-06,KCB,38.0,38.0,354700.0,-6084165.0,13478600.0,-0.52,False,False
2019-09-09,KCB,37.9,37.9,1334000.0,-15678622.5,50558600.0,,False,False
2019-09-10,KCB,38.0,38.0,118800.0,95000.0,4514400.0,0.26,False,False
2019-09-11,KCB,38.45,38.45,122900.0,-190000.0,4725505.0,1.18,False,False
2019-09-12,KCB,38.5,38.5,102900.0,289250.0,3961650.0,0.13,False,False
2019-09-13,KCB,38.85,38.85,158300.0,-1105850.0,6149955.0,0.91,False,False
2019-09-16,KCB,38.9,38.9,165400.0,-1180580.0,6434060.0,,False,False
2019-09-17,KCB,39.15,39.15,65800.0,0.0,2576070.0,0.64,False,False
2019-09-18,KCB,40.05,40.05,1791000.0,-331645.0,71729550.0,2.3,False,False
2019-09-19,KCB,40.1,40.1,11804000.0,27489695.0,473340400.0,0.12,False,False
2019-09-20,KCB,40.0,40.0,2566500.0,37130922.5,102660000.0,-0.25,False,False
2019-09-23,KCB,40.5,40.5,48600.0,-56140.0,1968300.0,,False,False
2019-09-24,KCB,41.0,41.0,1140900.0,5604005.0,46776900.0,1.23,False,False
2019-09-25,KCB,41.95,41.95,2718500.0,3789600.0,114041075.00000001,2.32,False,False
2019-09-26,KCB,42.0,42.0,2910800.0,19685000.0,122253600.0,0.12,False,False
2019-09-27,KCB,42.0,42.0,740400.0,9729300.0,31096800.0,0.0,False,False
2019-09-30,KCB,42.0,42.0,476000.0,6340900.0,19992000.0,,False,False
2019-10-01,KCB,42.15,42.15,538100.0,2135350.0,22680915.0,0.36,False,False
2019-10-02,KCB,42.15,42.15,4196700.0,24550007.5,176890905.0,0.0,False,False
2019-10-03,KCB,41.85,41.85,7430600.0,21795490.0,310970610.0,-0.71,False,False
2019-10-04,KCB,40.8,40.8,1801200.0,14651020.0,73488960.0,-2.51,False,False
2019-10-07,KCB,40.9,40.9,622000.0,-3536750.0,25439800.0,,False,False
2019-10-08,KCB,41.65,41.65,1094000.0,539790.0,45565100.0,1.83,False,False
2019-10-09,KCB,41.8,41.8,817700.0,14304482.5,34179860.0,0.36,False,False
2019-10-11,KCB,41.45,41.45,2150000.0,26595650.0,89117500.0,,False,False
2019-10-14,KCB,41.7,41.7,33600.0,72362.5,1401120.0,,False,False
2019-10-15,KCB,41.4,41.4,1009400.0,10571640.0,41789160.0,-0.72,False,False
2019-10-16,KCB,42.6,42.6,552900.0,-1507122.5,23553540.0,2.9,False,False
2019-10-17,KCB,43.25,43.25,1611100.0,0.0,69680075.0,1.53,False,False
2019-10-18,KCB,43.55,43.55,3103900.0,-19050357.5,135174845.0,0.69,False,False
2019-10-22,KCB,43.3,43.3,4418000.0,-19900950.0,191299400.0,,False,False
2019-10-23,KCB,43.8,43.8,872900.0,-10301905.0,38233020.0,1.15,False,False
2019-10-24,KCB,44.1,44.1,2583900.0,-21203350.0,113949990.0,0.68,False,False
2019-10-25,KCB,45.05,45.05,1477400.0,13250402.5,66556869.99999999,2.15,False,False
2019-10-28,KCB,45.0,45.0,952000.0,942705.0,42840000.0,,False,False
2019-10-29,KCB,48.1,48.1,400200.0,1230205.0,19249620.0,6.89,False,False
2019-10-30,KCB,51.75,51.75,1514500.0,9878820.0,78375375.0,7.59,False,False
2019-10-31,KCB,53.25,53.25,15005700.0,74952975.0,799053525.0,2.9,False,False
2019-11-01,KCB,51.0,51.0,12647400.0,-16573412.5,645017400.0,-4.23,False,False
2019-11-04,KCB,50.25,50.25,3163400.0,2256000.0,158960850.0,,False,False
2019-11-05,KCB,53.25,53.25,3372700.0,47457862.5,179596275.0,5.97,False,False
2019-11-06,KCB,52.75,52.75,5885600.0,79045687.5,310465400.0,-0.94,False,False
2019-11-07,KCB,49.9,49.9,4669800.0,76183625.0,233023020.0,-5.4,False,False
2019-11-08,KCB,49.75,49.75,1098800.0,26288775.0,54665300.0,-0.3,False,False
2019-11-11,KCB,49.3,49.3,1234000.0,12387625.0,60836200.0,,False,False
2019-11-12,KCB,49.55,49.55,2898800.0,26021467.5,143635540.0,0.51,False,False
2019-11-13,KCB,49.9,49.9,2408400.0,29735855.0,120179160.0,0.71,False,False
2019-11-14,KCB,50.25,50.25,1033600.0,18271960.0,51938400.0,0.7,False,False
2019-11-15,KCB,50.25,50.25,806900.0,5338212.5,40546725.0,0.0,False,False
2019-11-18,KCB,50.25,50.25,585300.0,10653000.0,29411325.0,,False,False
2019-11-19,KCB,50.0,50.0,733000.0,10565725.0,36650000.0,-0.5,False,False
2019-11-20,KCB,49.2,49.2,1492600.0,-11811202.5,73435920.0,-1.6,False,False
2019-11-21,KCB,49.05,49.05,129100.0,-511340.0,6332355.0,-0.3,False,False
2019-11-22,KCB,48.6,48.6,1885600.0,-4607725.0,91640160.0,-0.92,False,False
2019-11-25,KCB,47.8,47.8,99000.0,-1268637.5,4732200.0,,False,False
2019-11-26,KCB,48.8,48.8,3646200.0,-49769450.0,177934560.0,2.09,False,False
2019-11-27,KCB,50.0,50.0,596900.0,-2683250.0,29845000.0,2.46,False,False
2019-11-28,KCB,50.0,50.0,1095800.0,-636725.0,54790000.0,0.0,False,False
2019-11-29,KCB,50.0,50.0,352300.0,99925.0,17615000.0,0.0,False,False
2019-12-02,KCB,51.0,51.0,358300.0,842350.0,18273300.0,,False,False
2019-12-03,KCB,51.5,51.5,2578200.0,-24941062.5,132777300.0,0.98,False,False
2019-12-04,KCB,51.5,51.5,1178900.0,-25750000.0,60713350.0,0.0,False,False
2019-12-05,KCB,51.5,51.5,2272200.0,0.0,117018300.0,0.0,False,False
2019-12-06,KCB,51.0,51.0,738200.0,0.0,37648200.0,-0.97,False,False
2019-12-09,KCB,50.75,50.75,1543900.0,26450662.5,78352925.0,,False,False
2019-12-10,KCB,51.75,51.75,1381300.0,-15301875.0,71482275.0,1.97,False,False
2019-12-11,KCB,52.25,52.25,2254500.0,-3459350.0,117797625.0,0.97,False,False
2019-12-13,KCB,52.0,52.0,807400.0,-5696725.0,41984800.0,,False,False
2019-12-16,KCB,52.5,52.5,231900.0,434012.5,12174750.0,,False,False
2019-12-17,KCB,52.5,52.5,3701100.0,18316800.0,194307750.0,0.0,False,False
2019-12-18,KCB,53.0,53.0,1694600.0,-3760100.0,89813800.0,0.95,False,False
2019-12-19,KCB,53.25,53.25,1467900.0,9523950.0,78165675.0,0.47,False,False
2019-12-20,KCB,53.5,53.5,909300.0,-1005700.0,48647550.0,0.47,False,False
2019-12-23,KCB,53.25,53.25,2713300.0,-52782100.0,144483225.0,,False,False
2019-12-24,KCB,53.25,53.25,751300.0,-2654800.0,40006725.0,0.0,False,False
2019-12-27,KCB,53.25,53.25,1520400.0,-27394462.5,80961300.0,,False,False
2019-12-30,KCB,54.0,54.0,979000.0,-9124637.5,52866000.0,,False,False
2019-12-31,KCB,54.25,54.25,935400.0,13884875.0,50745450.0,0.46,False,False
2020-01-02,KCB,55.0,55.0,225000.0,2844837.5,12375000.0,,False,False
2020-01-03,KCB,53.75,53.75,392900.0,-3228375.0,21118375.0,-2.27,False,False
2020-01-06,KCB,52.75,52.75,152700.0,147812.5,8054925.0,,False,False
2020-01-07,KCB,53.25,53.25,649000.0,-7387912.5,34559250.0,0.95,False,False
2020-01-08,KCB,54.75,54.75,925200.0,-15977925.0,50654700.0,2.82,False,False
2020-01-09,KCB,55.0,55.0,1774700.0,-3798000.0,97608500.0,0.46,False,False
2020-01-10,KCB,54.75,54.75,3199400.0,-13529325.0,175167150.0,-0.45,False,False
2020-01-13,KCB,53.75,53.75,2383300.0,8029275.0,128102375.0,,False,False
2020-01-14,KCB,51.5,51.5,6659300.0,13596287.5,342953950.0,-4.19,False,False
2020-01-15,KCB,51.75,51.75,2649800.0,-46252037.5,137127150.0,0.49,False,False
2020-01-16,KCB,51.75,51.75,2396000.0,-34625862.5,123993000.0,0.0,False,False
2020-01-17,KCB,52.0,52.0,2810500.0,-13255250.0,146146000.0,0.48,False,False
2020-01-20,KCB,51.75,51.75,1963500.0,-24096362.5,101611125.0,,False,False
2020-01-21,KCB,51.5,51.5,945000.0,-9350087.5,48667500.0,-0.48,False,False
2020-01-22,KCB,51.5,51.5,3229900.0,-50149287.5,166339850.0,0.0,False,False
2020-01-23,KCB,51.75,51.75,67000.0,12875.0,3467250.0,0.49,False,False
2020-01-24,KCB,52.0,52.0,1158500.0,-24796187.5,60242000.0,0.48,False,False
2020-01-27,KCB,52.0,52.0,1694100.0,-19439637.5,88093200.0,,False,False
2020-01-28,KCB,52.25,52.25,362500.0,-2958800.0,18940625.0,0.48,False,False
2020-01-29,KCB,52.0,52.0,1471100.0,-23409550.0,76497200.0,-0.48,False,False
2020-01-30,KCB,52.25,52.25,1162300.0,-16990762.5,60730175.0,0.48,False,False
2020-01-31,KCB,52.0,52.0,1534400.0,-25562050.0,79788800.0,-0.48,False,False
2020-02-03,KCB,51.5,51.5,259800.0,-5303950.0,13379700.0,,False,False
2020-02-04,KCB,52.25,52.25,2530600.0,-24189612.5,132223850.0,1.46,False,False
2020-02-05,KCB,52.25,52.25,1292000.0,-16997337.5,67507000.0,0.0,False,False
2020-02-06,KCB,51.25,51.25,4403300.0,-56009012.5,225669125.0,-1.91,False,False
2020-02-07,KCB,51.0,51.0,2956300.0,-42689125.0,150771300.0,-0.49,False,False
2020-02-10,KCB,51.0,51.0,648400.0,-7858925.0,33068400.0,,False,False
2020-02-12,KCB,50.5,50.5,3883400.0,-97674300.0,196111700.0,,False,False
2020-02-13,KCB,50.5,50.5,3508700.0,-25124300.0,177189350.0,0.0,False,False
2020-02-14,KCB,50.25,50.25,2556500.0,-50033887.5,128464125.0,-0.5,False,False
2020-02-17,KCB,50.5,50.5,68100.0,0.0,3439050.0,,False,False
2020-02-18,KCB,50.75,50.75,915800.0,-15773600.0,46476850.0,0.5,False,False
2020-02-19,KCB,50.5,50.5,623000.0,-13128525.0,31461500.0,-0.49,False,False
2020-02-20,KCB,50.0,50.0,665700.0,-63832350.0,33285000.0,-0.99,False,False
2020-02-21,KCB,49.75,49.75,559600.0,-11482687.5,27840100.0,-0.5,False,False
2020-02-24,KCB,49.0,49.0,163680.0,-32489095.0,8020320.0,,False,False
2020-02-25,KCB,48.55,48.55,3025300.0,-62044840.0,146878315.0,-0.92,False,False
2020-02-26,KCB,46.65,46.65,278900.0,-3125142.5,13010685.0,-3.91,False,False
2020-02-27,KCB,44.95,44.95,3107500.0,-41007312.5,139682125.0,-3.64,False,False
2020-02-28,KCB,46.65,46.65,4621800.0,4777390.0,215606970.0,3.78,False,False
2020-03-02,KCB,47.7,47.7,2253700.0,-44253170.0,107501490.0,,False,False
2020-03-03,KCB,49.5,49.5,1704700.0,-10390190.0,84382650.0,3.77,False,False
2020-03-04,KCB,50.5,50.5,737200.0,-17434350.0,37228600.0,2.02,False,False
2020-03-05,KCB,50.25,50.25,5323100.0,-21971075.0,267485775.0,-0.5,False,False
2020-03-06,KCB,46.7,46.7,3548100.0,-63179100.0,165696270.0,-7.06,False,False
2020-03-09,KCB,47.8,47.8,4596500.0,-88486540.0,219712700.0,,False,False
2020-03-10,KCB,48.65,48.65,442600.0,-4678465.0,21532490.0,1.78,False,False
2020-03-11,KCB,45.85,45.85,183400.0,0.0,8408890.0,-5.76,False,False
2020-03-12,KCB,42.65,42.65,7087200.0,-60646542.5,302269080.0,-6.98,False,False
2020-03-13,KCB,40.25,40.25,6953900.0,-130576102.5,279894475.0,-5.63,False,False
2020-03-16,KCB,41.7,41.7,6452400.0,-123284410.0,269065080.0,,False,False
2020-03-17,KCB,41.55,41.55,431100.0,-6595482.5,17912205.0,-0.36,False,False
2020-03-18,KCB,40.6,40.6,3514200.0,-43212355.0,142676520.0,-2.29,False,False
2020-03-19,KCB,40.55,40.55,1850100.0,-9425212.5,75021555.0,-0.12,False,False
2020-03-20,KCB,37.45,37.45,1190300.0,-23524625.0,44576735.0,-7.64,False,False
2020-03-23,KCB,33.9,33.9,520600.0,-6944255.0,17648340.0,,False,False
2020-03-24,KCB,35.05,35.05,5302000.0,-83032202.5,185835099.99999997,3.39,False,False
2020-03-25,KCB,35.05,35.05,3890600.0,-47347682.5,136365530.0,0.0,False,False
2020-03-26,KCB,35.0,35.0,7304400.0,-126769342.5,255654000.0,-0.14,False,False
2020-03-27,KCB,35.0,35.0,1958600.0,-24462090.0,68551000.0,0.0,False,False
2020-03-30,KCB,35.0,35.0,3028800.0,-52628420.0,106008000.0,,False,False
2020-03-31,KCB,34.9,34.9,7041300.0,-95371415.0,245741370.0,-0.29,False,False
2020-04-01,KCB,34.25,34.25,2395300.0,-20862735.0,82039025.0,-1.86,False,False
2020-04-02,KCB,34.6,34.6,1357900.0,-21407467.5,46983340.0,1.02,False,False
2020-04-03,KCB,34.8,34.8,369700.0,-3280555.0,12865559.999999998,0.58,False,False
2020-04-06,KCB,34.5,34.5,2360300.0,-4768025.0,81430350.0,,False,False
2020-04-07,KCB,34.5,34.5,2759500.0,-45229305.0,95202750.0,0.0,False,False
2020-04-08,KCB,34.5,34.5,1056800.0,-17122415.0,36459600.0,0.0,False,False
2020-04-09,KCB,35.1,35.1,8383300.0,-124197657.5,294253830.0,1.74,False,False
2020-04-14,KCB,35.0,35.0,1279300.0,-11417922.5,44775500.0,,False,False
2020-04-15,KCB,35.05,35.05,1919500.0,-33071715.0,67278475.0,0.14,False,False
2020-04-16,KCB,34.6,34.6,2405600.0,-41838215.0,83233760.0,-1.28,False,False
2020-04-17,KCB,35.95,35.95,9479700.0,-157734352.5,340795215.0,3.9,False,False
2020-04-20,KCB,37.0,37.0,777800.0,-7117350.0,28778600.0,,False,False
2020-04-21,KCB,36.75,36.75,2834300.0,-29405080.0,104160525.0,-0.68,False,False
2020-04-22,KCB,36.65,36.65,907400.0,-14421530.0,33256210.0,-0.27,False,False
2020-04-23,KCB,36.6,36.6,1014500.0,-17470020.0,37130700.0,-0.14,False,False
2020-04-24,KCB,36.95,36.95,8481200.0,-120145680.0,313380340.0,0.96,False,False
2020-04-27,KCB,35.8,35.8,2374500.0,-20498115.0,85007100.0,,False,False
2020-04-28,KCB,36.3,36.3,1259300.0,692250.0,45712590.0,1.4,False,False
2020-04-29,KCB,37.0,37.0,290700.0,0.0,10755900.0,1.93,False,False
2020-04-30,KCB,38.4,38.4,1464300.0,-5540600.0,56229120.0,3.78,False,False
2020-05-04,KCB,38.75,38.75,2704100.0,6557.5,104783875.0,,False,False
2020-05-05,KCB,41.95,41.95,1866200.0,22165870.0,78287090.0,8.26,False,False
2020-05-06,KCB,39.25,39.25,4721000.0,-31850092.5,185299250.0,-6.44,False,False
2020-05-07,KCB,39.05,39.05,2380200.0,3246152.5,92946810.0,-0.51,False,False
2020-05-08,KCB,39.05,39.05,1130400.0,-9134240.0,44142120.0,0.0,False,False
2020-05-11,KCB,38.95,38.95,260000.0,0.0,10127000.0,,False,False
2020-05-12,KCB,38.0,38.0,6169500.0,-101279710.0,234441000.0,-2.44,False,False
2020-05-13,KCB,35.9,35.9,1324900.0,-8212052.5,47563910.0,-5.53,False,False
2020-05-14,KCB,35.65,35.65,1009400.0,-13150452.5,35985110.0,-0.7,False,False
2020-05-15,KCB,36.05,36.05,4217400.0,-61844357.5,152037270.0,1.12,False,False
2020-05-18,KCB,37.6,37.6,359200.0,-300200.0,13505920.0,,False,False
2020-05-19,KCB,37.05,37.05,2338600.0,-27009940.0,86645130.0,-1.46,False,False
2020-05-20,KCB,36.0,36.0,99500.0,-1573662.5,3582000.0,-2.83,False,False
2020-05-21,KCB,36.3,36.3,3004700.0,-52597445.0,109070609.99999999,0.83,False,False
2020-05-22,KCB,35.75,35.75,8639400.0,-128320897.5,308858550.0,-1.52,False,False
2020-05-26,KCB,35.65,35.65,4317100.0,-71475450.0,153904615.0,,False,False
2020-05-27,KCB,36.2,36.2,4114100.0,-45553402.5,148930420.0,1.54,False,False
2020-05-28,KCB,35.45,35.45,715200.0,-5080730.0,25353840.000000004,-2.07,False,False
2020-05-29,KCB,35.35,35.35,3968000.0,-60674045.0,140268800.0,-0.28,False,False
2020-06-02,KCB,34.95,34.95,1611100.0,-14900965.0,56307945.00000001,,False,False
2020-06-03,KCB,34.9,34.9,1065100.0,-17283405.0,37171990.0,-0.14,False,False
2020-06-04,KCB,34.9,34.9,1303100.0,-6447895.0,45478190.0,0.0,False,False
2020-06-05,KCB,35.2,35.2,4252500.0,-64213747.5,149688000.0,0.86,False,False
2020-06-08,KCB,35.15,35.15,2311000.0,-10779312.5,81231650.0,,False,False
2020-06-09,KCB,35.0,35.0,1585900.0,-14181952.5,55506500.0,-0.43,False,False
2020-06-10,KCB,35.0,35.0,2396500.0,-8780212.5,83877500.0,0.0,False,False
2020-06-11,KCB,35.0,35.0,2580500.0,-20017425.0,90317500.0,0.0,False,False
2020-06-12,KCB,35.5,35.5,3200200.0,-7963147.5,113607100.0,1.43,False,False
2020-06-15,KCB,35.95,35.95,1503900.0,-15744925.0,54065205.00000001,,False,False
2020-06-16,KCB,36.0,36.0,540600.0,-7205130.0,19461600.0,0.14,False,False
2020-06-17,KCB,36.05,36.05,761600.0,-5727152.5,27455679.999999996,0.14,False,False
2020-06-18,KCB,36.15,36.15,1037700.0,-14578320.0,37512855.0,0.28,False,False
2020-06-19,KCB,36.1,36.1,3036400.0,-32745307.5,109614040.0,-0.14,False,False
2020-06-22,KCB,36.5,36.5,423600.0,-4778235.0,15461400.0,,False,False
2020-06-23,KCB,36.7,36.7,1013400.0,-13750292.5,37191780.0,0.55,False,False
2020-06-24,KCB,36.8,36.8,2437300.0,8547300.0,89692640.0,0.27,False,False
2020-06-25,KCB,36.4,36.4,803800.0,-6635175.0,29258320.0,-1.09,False,False
2020-06-26,KCB,36.4,36.4,464600.0,-4499352.5,16911440.0,0.0,False,False
2020-06-29,KCB,36.35,36.35,844800.0,-3638200.0,30708480.0,,False,False
2020-06-30,KCB,35.95,35.95,1258400.0,-2433525.0,45239480.0,-1.1,False,False
2020-07-01,KCB,35.0,35.0,397900.0,-2817595.0,13926500.0,-2.64,False,False
2020-07-02,KCB,35.05,35.05,1472600.0,-9721380.0,51614629.99999999,0.14,False,False
2020-07-03,KCB,34.65,34.65,864100.0,626320.0,29941065.0,-1.14,False,False
2020-07-06,KCB,34.6,34.6,1670100.0,-20249902.5,57785460.0,,False,False
2020-07-07,KCB,34.2,34.2,862700.0,-5636617.5,29504340.000000004,-1.16,False,False
2020-07-08,KCB,34.0,34.0,3063300.0,8168570.0,104152200.0,-0.58,False,False
2020-07-09,KCB,34.05,34.05,1936500.0,10007982.5,65937824.99999999,0.15,False,False
2020-07-10,KCB,34.05,34.05,877800.0,-3311277.5,29889089.999999996,0.0,False,False
2020-07-13,KCB,34.75,34.75,3156200.0,-51772090.0,109677950.0,,False,False
2020-07-14,KCB,35.4,35.4,199300.0,-914992.5,7055220.0,1.87,False,False
2020-07-15,KCB,35.1,35.1,66300.0,-696282.5,2327130.0,-0.85,False,False
2020-07-16,KCB,35.25,35.25,2085500.0,-34774812.5,73513875.0,0.43,False,False
2020-07-17,KCB,35.05,35.05,3425200.0,-17589750.0,120053259.99999999,-0.57,False,False
2020-07-20,KCB,34.8,34.8,54800.0,-120925.0,1907039.9999999998,,False,False
2020-07-21,KCB,34.25,34.25,1197000.0,-19563660.0,40997250.0,-1.58,False,False
2020-07-22,KCB,34.3,34.3,3591200.0,-58270890.0,123178159.99999999,0.15,False,False
2020-07-23,KCB,34.35,34.35,2478600.0,-27871240.0,85139910.0,0.15,False,False
2020-07-24,KCB,34.85,34.85,1996700.0,-27965505.0,69584995.0,1.46,False,False
2020-07-27,KCB,34.9,34.9,914200.0,-3534855.0,31905580.0,,False,False
2020-07-28,KCB,34.95,34.95,1909200.0,-32334670.0,66726540.00000001,0.14,False,False
2020-07-29,KCB,34.4,34.4,213700.0,-2816675.0,7351280.0,-1.57,False,False
2020-07-30,KCB,34.3,34.3,287800.0,-4649705.0,9871540.0,-0.29,False,False
2020-08-03,KCB,34.05,34.05,852800.0,-12592090.0,29037839.999999996,,False,False
2020-08-04,KCB,33.8,33.8,206800.0,-2397040.0,6989839.999999999,-0.73,False,False
2020-08-05,KCB,33.4,33.4,324600.0,-72882.5,10841640.0,-1.18,False,False
2020-08-06,KCB,32.95,32.95,536700.0,-2267890.0,17684265.0,-1.35,False,False
2020-08-07,KCB,32.95,32.95,2047900.0,-29601880.0,67478305.0,0.0,False,False
2020-08-10,KCB,32.7,32.7,235400.0,-3097927.5,7697580.000000001,,False,False
2020-08-11,KCB,32.55,32.55,718300.0,-847382.5,23380664.999999996,-0.46,False,False
2020-08-12,KCB,30.55,30.55,157500.0,-657925.0,4811625.0,-6.14,False,False
2020-08-13,KCB,30.55,30.55,1944600.0,-13456642.5,59407530.0,0.0,False,False
2020-08-14,KCB,31.0,31.0,2324600.0,-33931765.0,72062600.0,1.47,False,False
2020-08-17,KCB,31.3,31.3,3312500.0,-23241650.0,103681250.0,,False,False
2020-08-18,KCB,31.8,31.8,2978100.0,-26319327.5,94703580.0,1.6,False,False
2020-08-19,KCB,33.5,33.5,6943600.0,-51132167.5,232610600.0,5.35,False,False
2020-08-20,KCB,33.65,33.65,2173900.0,-361800.0,73151735.0,0.45,False,False
2020-08-21,KCB,34.45,34.45,1407400.0,-3561062.5,48484930.00000001,2.38,False,False
2020-08-24,KCB,34.6,34.6,384200.0,1537607.5,13293320.0,,False,False
2020-08-25,KCB,35.05,35.05,1483000.0,-15344472.5,51979149.99999999,1.3,False,False
2020-08-26,KCB,36.05,36.05,724100.0,-8781685.0,26103804.999999996,2.85,False,False
2020-08-27,KCB,36.4,36.4,476900.0,-6711605.0,17359160.0,0.97,False,False
2020-08-28,KCB,37.0,37.0,2297700.0,-16458780.0,85014900.0,1.65,False,False
2020-08-31,KCB,37.95,37.95,2045100.0,-19136327.5,77611545.0,,False,False
2020-09-01,KCB,38.55,38.55,774300.0,-431580.0,29849264.999999996,1.58,False,False
2020-09-02,KCB,38.15,38.15,890400.0,-542815.0,33968760.0,-1.04,False,False
2020-09-03,KCB,36.75,36.75,1197400.0,-207545.0,44004450.0,-3.67,False,False
2020-09-04,KCB,36.0,36.0,213300.0,-370482.5,7678800.0,-2.04,False,False
2020-09-07,KCB,36.05,36.05,1816300.0,-159175.0,65477614.99999999,,False,False
2020-09-08,KCB,36.05,36.05,157000.0,-225695.0,5659850.0,0.0,False,False
2020-09-09,KCB,36.75,36.75,506700.0,-6926115.0,18621225.0,1.94,False,False
2020-09-10,KCB,37.9,37.9,668200.0,-9279435.0,25324780.0,3.13,False,False
2020-09-11,KCB,38.0,38.0,499900.0,7598032.5,18996200.0,0.26,False,False
2020-09-14,KCB,38.0,38.0,423300.0,4086355.0,16085400.0,,False,False
2020-09-15,KCB,37.95,37.95,902100.0,4292150.0,34234695.0,-0.13,False,False
2020-09-16,KCB,37.55,37.55,526400.0,-5384600.0,19766320.0,-1.05,False,False
2020-09-17,KCB,37.9,37.9,575800.0,1286250.0,21822820.0,0.93,False,False
2020-09-18,KCB,38.0,38.0,52300.0,127300.0,1987400.0,0.26,False,False
2020-09-21,KCB,38.0,38.0,1566400.0,-564675.0,59523200.0,,False,False
2020-09-22,KCB,38.0,38.0,1451500.0,-12420475.0,55157000.0,0.0,False,False
2020-09-23,KCB,38.15,38.15,2065500.0,29001645.0,78798825.0,0.39,False,False
2020-09-24,KCB,38.9,38.9,1075900.0,-9458215.0,41852510.0,1.97,False,False
2020-09-25,KCB,39.05,39.05,1468600.0,-4141832.5,57348829.99999999,0.39,False,False
2020-09-28,KCB,39.1,39.1,778600.0,-12616330.0,30443260.0,,False,False
2020-09-29,KCB,39.1,39.1,379600.0,-3930037.5,14842360.0,0.0,False,False
2020-09-30,KCB,39.1,39.1,103700.0,-346337.5,4054670.0,0.0,False,False
2020-10-01,KCB,38.5,38.5,875600.0,1975645.0,33710600.0,-1.53,False,False
2020-10-02,KCB,38.05,38.05,244700.0,-1782082.5,9310835.0,-1.17,False,False
2020-10-05,KCB,38.0,38.0,156000.0,2380782.5,5928000.0,,False,False
2020-10-06,KCB,37.95,37.95,138000.0,0.0,5237100.0,-0.13,False,False
2020-10-07,KCB,38.0,38.0,78700.0,0.0,2990600.0,0.13,False,False
2020-10-08,KCB,38.1,38.1,458000.0,1606770.0,17449800.0,0.26,False,False
2020-10-09,KCB,38.0,38.0,73400.0,37462.5,2789200.0,-0.26,False,False
2020-10-12,KCB,38.0,38.0,28400.0,0.0,1079200.0,,False,False
2020-10-13,KCB,37.55,37.55,543500.0,-844200.0,20408425.0,-1.18,False,False
2020-10-14,KCB,37.5,37.5,4264100.0,-45262135.0,159903750.0,-0.13,False,False
2020-10-15,KCB,37.2,37.2,1589500.0,-13904975.0,59129400.00000001,-0.8,False,False
2020-10-16,KCB,37.0,37.0,125700.0,-1665505.0,4650900.0,-0.54,False,False
2020-10-19,KCB,37.1,37.1,138300.0,-1744472.5,5130930.0,,False,False
2020-10-21,KCB,37.25,37.25,59200.0,144300.0,2205200.0,,False,False
2020-10-22,KCB,37.05,37.05,4334800.0,-8038687.5,160604340.0,-0.54,False,False
2020-10-23,KCB,36.9,36.9,2374000.0,-37462705.0,87600600.0,-0.4,False,False
2020-10-26,KCB,36.6,36.6,4465500.0,-53351055.0,163437300.0,,False,False
2020-10-27,KCB,36.75,36.75,48000.0,213850.0,1764000.0,0.41,False,False
2020-10-28,KCB,36.55,36.55,86100.0,185335.0,3146954.9999999995,-0.54,False,False
2020-10-29,KCB,36.05,36.05,934000.0,-2978875.0,33670700.0,-1.37,False,False
2020-10-30,KCB,35.9,35.9,1539900.0,-26697590.0,55282410.0,-0.42,False,False
2020-11-02,KCB,35.6,35.6,159500.0,-1045812.5,5678200.0,,False,False
2020-11-03,KCB,35.4,35.4,134100.0,-839875.0,4747140.0,-0.56,False,False
2020-11-04,KCB,35.4,35.4,4699000.0,-82892307.5,166344600.0,0.0,False,False
2020-11-05,KCB,35.6,35.6,18146300.0,-301160670.0,646008280.0,0.56,False,False
2020-11-06,KCB,36.4,36.4,2056100.0,-24800905.0,74842040.0,2.25,False,False
2020-11-09,KCB,37.0,37.0,246100.0,0.0,9105700.0,,False,False
2020-11-10,KCB,37.9,37.9,1169900.0,-14293990.0,44339210.0,2.43,False,False
2020-11-11,KCB,37.4,37.4,1987700.0,-14763135.0,74339980.0,-1.32,False,False
2020-11-12,KCB,37.5,37.5,1049700.0,347800.0,39363750.0,0.27,False,False
2020-11-13,KCB,37.55,37.55,1077800.0,-13517745.0,40471390.0,0.13,False,False
2020-11-16,KCB,37.5,37.5,405200.0,429545.0,15195000.0,,False,False
2020-11-17,KCB,36.8,36.8,862700.0,-11762582.5,31747359.999999996,-1.87,False,False
2020-11-18,KCB,35.95,35.95,69900.0,165800.0,2512905.0,-2.31,False,False
2020-11-19,KCB,36.2,36.2,348700.0,-1828975.0,12622940.000000002,0.7,False,False
2020-11-20,KCB,36.8,36.8,155000.0,-1916715.0,5704000.0,1.66,False,False
2020-11-23,KCB,37.2,37.2,4407300.0,-40144597.5,163951560.0,,False,False
2020-11-24,KCB,37.6,37.6,129000.0,1529362.5,4850400.0,1.08,False,False
2020-11-25,KCB,37.8,37.8,67200.0,924480.0,2540160.0,0.53,False,False
2020-11-26,KCB,37.15,37.15,1568900.0,-6369987.5,58284635.0,-1.72,False,False
2020-11-27,KCB,37.0,37.0,3949100.0,19112165.0,146116700.0,-0.4,False,False
2020-11-30,KCB,37.2,37.2,3949100.0,326890.0,146906520.0,,False,False
2020-12-01,KCB,37.0,37.0,7834700.0,-137868917.5,289883900.0,-0.54,False,False
2020-12-02,KCB,37.0,37.0,77400.0,-692020.0,2863800.0,0.0,False,False
2020-12-03,KCB,36.7,36.7,3391500.0,-11147607.5,124468050.00000001,-0.81,False,False
2020-12-04,KCB,36.9,36.9,5248900.0,-69027120.0,193684410.0,0.54,False,False
2020-12-07,KCB,36.8,36.8,153900.0,-119995.0,5663520.0,,False,False
2020-12-08,KCB,36.95,36.95,1210800.0,-17531087.5,44739060.0,0.41,False,False
2020-12-09,KCB,37.0,37.0,158200.0,-392567.5,5853400.0,0.14,False,False
2020-12-10,KCB,37.0,37.0,1192600.0,-12833705.0,44126200.0,0.0,False,False
2020-12-11,KCB,36.95,36.95,81200.0,-1193250.0,3000340.0,-0.14,False,False
2020-12-14,KCB,36.9,36.9,200100.0,-1136522.5,7383690.0,,False,False
2020-12-15,KCB,36.85,36.85,2430200.0,-19510227.5,89552870.0,-0.14,False,False
2020-12-16,KCB,36.9,36.9,872000.0,-15007702.5,32176800.0,0.14,False,False
2020-12-17,KCB,36.8,36.8,1721400.0,0.0,63347519.99999999,-0.27,False,False
2020-12-18,KCB,36.75,36.75,641700.0,-11082665.0,23582475.0,-0.14,False,False
2020-12-21,KCB,36.9,36.9,647200.0,-1414870.0,23881680.0,,False,False
2020-12-22,KCB,36.9,36.9,1878900.0,-7734872.5,69331410.0,0.0,False,False
2020-12-23,KCB,37.0,37.0,84700.0,-464715.0,3133900.0,0.27,False,False
2020-12-24,KCB,37.55,37.55,4792500.0,-85081935.0,179958375.0,1.49,False,False
2020-12-28,KCB,37.85,37.85,139500.0,-1638750.0,5280075.0,,False,False
2020-12-29,KCB,38.1,38.1,934600.0,-59950.0,35608260.0,0.66,False,False
2020-12-30,KCB,38.1,38.1,81200.0,5750.0,3093720.0,0.0,False,False
2021-01-04,KCB,38.1,38.1,58500.0,3850.0,2228850.0,,False,False
2021-01-05,KCB,38.5,38.5,70000.0,130900.0,2695000.0,1.05,False,False
2021-01-06,KCB,38.5,38.5,2287900.0,-85027280.0,88084150.0,0.0,False,False
2021-01-07,KCB,38.0,38.0,60400.0,26580.0,2295200.0,-1.3,False,False
2021-01-08,KCB,38.3,38.3,61800.0,-947120.0,2366940.0,0.79,False,False
2021-01-11,KCB,38.0,38.0,53000.0,-114000.0,2014000.0,,False,False
2021-01-12,KCB,37.95,37.95,353700.0,-763070.0,13422915.000000002,-0.13,False,False
2021-01-13,KCB,37.9,37.9,395400.0,-440270.0,14985660.0,-0.13,False,False
2021-01-14,KCB,37.2,37.2,797800.0,-1834185.0,29678160.000000004,-1.85,False,False
2021-01-15,KCB,36.9,36.9,793100.0,15504910.0,29265390.0,-0.81,False,False
2021-01-18,KCB,36.55,36.55,2468700.0,-3402680.0,90230985.0,,False,False
2021-01-19,KCB,35.95,35.95,1350800.0,-43857395.0,48561260.00000001,-1.64,False,False
2021-01-20,KCB,35.75,35.75,5962100.0,-166549910.0,213145075.0,-0.56,False,False
2021-01-21,KCB,36.4,36.4,5453100.0,-194623940.0,198492840.0,1.82,False,False
2021-01-22,KCB,36.0,36.0,2299700.0,-27480165.0,82789200.0,-1.1,False,False
2021-01-25,KCB,35.95,35.95,1385000.0,-22433400.0,49790750.00000001,,False,False
2021-01-26,KCB,35.95,35.95,116900.0,-2547800.0,4202555.0,0.0,False,False
2021-01-27,KCB,35.9,35.9,276700.0,-7991625.0,9933530.0,-0.14,False,False
2021-01-28,KCB,35.9,35.9,193900.0,-5148410.0,6961010.0,0.0,False,False
2021-01-29,KCB,35.85,35.85,3843900.0,-125141555.0,137803815.0,-0.14,False,False
2021-02-01,KCB,35.75,35.75,1209100.0,-35555205.0,43225325.0,,False,False
2021-02-02,KCB,35.7,35.7,3247700.0,-27377330.0,115942890.00000001,-0.14,False,False
2021-02-03,KCB,36.4,36.4,5015000.0,-168646200.0,182546000.0,1.96,False,False
2021-02-04,KCB,36.5,36.5,4902200.0,-152585200.0,178930300.0,0.27,False,False
2021-02-05,KCB,37.05,37.05,4408000.0,-161225275.0,163316400.0,1.51,False,False
2021-02-08,KCB,37.45,37.45,1480700.0,-48750000.0,55452215.00000001,,False,False
2021-02-09,KCB,37.5,37.5,2497300.0,-929880.0,93648750.0,0.13,False,False
2021-02-10,KCB,37.5,37.5,394700.0,-1511250.0,14801250.0,0.0,False,False
2021-02-11,KCB,37.75,37.75,45400.0,0.0,1713850.0,0.67,False,False
2021-02-12,KCB,38.0,38.0,2705400.0,-97481400.0,102805200.0,0.66,False,False
2021-02-15,KCB,38.05,38.05,132300.0,49530.0,5034015.0,,False,False
2021-02-16,KCB,38.6,38.6,2863300.0,-40669765.0,110523380.0,1.45,False,False
2021-02-17,KCB,38.85,38.85,3171100.0,-111716810.0,123197235.0,0.65,False,False
2021-02-18,KCB,39.0,39.0,1136300.0,-27116840.0,44315700.0,0.39,False,False
2021-02-19,KCB,39.5,39.5,545600.0,-2506395.0,21551200.0,1.28,False,False
2021-02-22,KCB,39.3,39.3,90000.0,246765.0,3536999.9999999995,,False,False
2021-02-23,KCB,38.75,38.75,1318500.0,-3540260.0,51091875.0,-1.4,False,False
2021-02-24,KCB,38.4,38.4,1478200.0,-51598410.0,56762880.0,-0.9,False,False
2021-02-25,KCB,38.1,38.1,2405400.0,-28837890.0,91645740.0,-0.78,False,False
2021-02-26,KCB,38.75,38.75,564000.0,-7740655.0,21855000.0,1.71,False,False
2021-03-01,KCB,38.8,38.8,93500.0,869025.0,3627799.9999999995,,False,False
2021-03-02,KCB,38.7,38.7,880400.0,-20721195.0,34071480.0,-0.26,False,False
2021-03-03,KCB,38.35,38.35,1127600.0,-42046595.0,43243460.0,-0.9,False,False
2021-03-04,KCB,37.95,37.95,182900.0,-1876235.0,6941055.000000001,-1.04,False,False
2021-03-05,KCB,38.2,38.2,278800.0,-7151700.0,10650160.0,0.66,False,False
2021-03-08,KCB,38.15,38.15,2967600.0,-73934790.0,113213940.0,,False,False
2021-03-09,KCB,38.9,38.9,1756100.0,4826810.0,68312290.0,1.97,False,False
2021-03-10,KCB,39.15,39.15,4448400.0,-69971750.0,174154860.0,0.64,False,False
2021-03-11,KCB,39.25,39.25,98000.0,786295.0,3846500.0,0.26,False,False
2021-03-12,KCB,39.95,39.95,911100.0,1868980.0,36398445.0,1.78,False,False
2021-03-15,KCB,39.65,39.65,63200.0,0.0,2505880.0,,False,False
2021-03-16,KCB,39.95,39.95,2047900.0,29747090.0,81813605.0,0.76,False,False
2021-03-17,KCB,40.1,40.1,307200.0,-3299555.0,12318720.0,0.38,False,False
2021-03-18,KCB,40.85,40.85,989000.0,16401260.0,40400650.0,1.87,False,False
2021-03-19,KCB,41.35,41.35,438000.0,15346325.0,18111300.0,1.22,False,False
2021-03-22,KCB,40.9,40.9,445500.0,12324285.0,18220950.0,,False,False
2021-03-23,KCB,41.2,41.2,866100.0,8780845.0,35683320.0,0.73,False,False
2021-03-24,KCB,41.85,41.85,2075800.0,20678520.0,86872230.0,1.58,False,False
2021-03-25,KCB,42.0,42.0,2575200.0,69790545.0,108158400.0,0.36,False,False
2021-03-26,KCB,41.1,41.1,373800.0,-1594180.0,15363180.0,-2.14,False,False
2021-03-29,KCB,39.4,39.4,920300.0,19055000.0,36259820.0,,False,False
2021-03-30,KCB,40.35,40.35,565900.0,15534140.0,22834065.0,2.41,False,False
2021-03-31,KCB,41.3,41.3,2002700.0,53273445.0,82711510.0,2.35,False,False
2021-04-01,KCB,41.1,41.1,737200.0,1775970.0,30298920.0,-0.48,False,False
2021-04-06,KCB,40.15,40.15,115100.0,119400.0,4621265.0,,False,False
2021-04-07,KCB,39.85,39.85,95200.0,-2037450.0,3793720.0,-0.75,False,False
2021-04-08,KCB,39.8,39.8,186200.0,-1701965.0,7410759.999999999,-0.13,False,False
2021-04-09,KCB,40.0,40.0,3175100.0,-61589155.0,127004000.0,0.5,False,False
2021-04-12,KCB,40.65,40.65,690100.0,-2515620.0,28052565.0,,False,False
2021-04-13,KCB,40.9,40.9,764500.0,10111935.0,31268050.0,0.62,False,False
2021-04-14,KCB,41.35,41.35,1492900.0,3862975.0,61731415.0,1.1,False,False
2021-04-15,KCB,41.85,41.85,467500.0,12837090.0,19564875.0,1.21,False,False
2021-04-16,KCB,42.0,42.0,1079700.0,-1463000.0,45347400.0,0.36,False,False
2021-04-19,KCB,41.5,41.5,130100.0,-954500.0,5399150.0,,False,False
2021-04-20,KCB,42.05,42.05,2750900.0,8073550.0,115675344.99999999,1.33,False,False
2021-04-21,KCB,42.3,42.3,4467400.0,-127508600.0,188971020.0,0.59,False,False
2021-04-22,KCB,41.6,41.6,672200.0,0.0,27963520.0,-1.65,False,False
2021-04-23,KCB,41.6,41.6,549200.0,17382980.0,22846720.0,0.0,False,False
2021-04-26,KCB,41.8,41.8,1104500.0,16593720.0,46168100.0,,False,False
2021-04-27,KCB,39.7,39.7,1053400.0,15425280.0,41819980.0,-5.02,False,False
2021-04-28,KCB,39.95,39.95,204900.0,5674210.0,8185755.000000001,0.63,False,False
2021-04-29,KCB,40.2,40.2,94300.0,1254695.0,3790860.0000000005,0.63,False,False
2021-04-30,KCB,40.25,40.25,77200.0,2234565.0,3107300.0,0.12,False,False
2021-05-03,KCB,40.05,40.05,55400.0,-152380.0,2218770.0,,False,False
2021-05-04,KCB,40.05,40.05,684400.0,-304760.0,27410219.999999996,0.0,False,False
2021-05-05,KCB,40.4,40.4,838100.0,31601025.0,33859240.0,0.87,False,False
2021-05-06,KCB,41.5,41.5,2180600.0,2797250.0,90494900.0,2.72,False,False
2021-05-07,KCB,41.95,41.95,3221300.0,21198375.0,135133535.0,1.08,False,False
2021-05-10,KCB,42.4,42.4,13934900.0,-108420430.0,590839760.0,,False,False
2021-05-11,KCB,42.45,42.45,2468500.0,-21250.0,104787825.0,0.12,False,False
2021-05-12,KCB,41.75,41.75,2055400.0,-4506600.0,85812950.0,-1.65,False,False
2021-05-13,KCB,41.95,41.95,3428500.0,-114381260.0,143825575.0,0.48,False,False
2021-05-17,KCB,41.0,41.0,961400.0,-27177540.0,39417400.0,,False,False
2021-05-18,KCB,41.05,41.05,1439400.0,-1500705.0,59087369.99999999,0.12,False,False
2021-05-19,KCB,40.25,40.25,324000.0,0.0,13041000.0,-1.95,False,False
2021-05-20,KCB,40.55,40.55,439100.0,121560.0,17805505.0,0.75,False,False
2021-05-21,KCB,41.0,41.0,243600.0,-5580050.0,9987600.0,1.11,False,False
2021-05-24,KCB,41.85,41.85,406100.0,5580475.0,16995285.0,,False,False
2021-05-25,KCB,42.25,42.25,2357000.0,-52914000.0,99583250.0,0.96,False,False
2021-05-26,KCB,43.0,43.0,2872500.0,-40739645.0,123517500.0,1.78,False,False
2021-05-27,KCB,42.0,42.0,8340800.0,-195224055.0,350313600.0,-2.33,False,False
2021-05-28,KCB,42.4,42.4,1774400.0,0.0,75234560.0,0.95,False,False
2021-05-31,KCB,42.3,42.3,165000.0,-4250000.0,6979499.999999999,,False,False
2021-06-02,KCB,42.0,42.0,1375700.0,-52059325.0,57779400.0,,False,False
2021-06-03,KCB,42.0,42.0,1233200.0,-47943500.0,51794400.0,0.0,False,False
2021-06-04,KCB,42.25,42.25,665200.0,-8339760.0,28104700.0,0.6,False,False
2021-06-07,KCB,42.25,42.25,332200.0,-10892050.0,14035450.0,,False,False
2021-06-08,KCB,42.5,42.5,866000.0,-30853540.0,36805000.0,0.59,False,False
2021-06-09,KCB,42.95,42.95,473200.0,0.0,20323940.0,1.06,False,False
2021-06-10,KCB,42.85,42.85,438400.0,-1500700.0,18785440.0,-0.23,False,False
2021-06-11,KCB,42.6,42.6,263900.0,-3678640.0,11242140.0,-0.58,False,False
2021-06-14,KCB,42.4,42.4,230600.0,-2564765.0,9777440.0,,False,False
2021-06-15,KCB,42.4,42.4,510100.0,420255.0,21628240.0,0.0,False,False
2021-06-16,KCB,42.5,42.5,394800.0,0.0,16779000.0,0.24,False,False
2021-06-17,KCB,42.55,42.55,153500.0,187220.0,6531425.0,0.12,False,False
2021-06-18,KCB,42.55,42.55,359600.0,-12573525.0,15300979.999999998,0.0,False,False
2021-06-21,KCB,43.0,43.0,2222800.0,62632160.0,95580400.0,,False,False
2021-06-22,KCB,43.25,43.25,3252900.0,23014375.0,140687925.0,0.58,False,False
2021-06-23,KCB,43.35,43.35,1385100.0,-30714130.0,60044085.0,0.23,False,False
2021-06-24,KCB,43.65,43.65,1956600.0,32424985.0,85405590.0,0.69,False,False
2021-06-25,KCB,43.85,43.85,1749300.0,-32945155.0,76706805.0,0.46,False,False
2021-06-28,KCB,44.0,44.0,175700.0,-5680500.0,7730800.0,,False,False
2021-06-29,KCB,43.6,43.6,217400.0,-3731220.0,9478640.0,-0.91,False,False
2021-06-30,KCB,42.65,42.65,349900.0,-9089500.0,14923235.0,-2.18,False,False
2021-07-01,KCB,42.5,42.5,1257700.0,-16765330.0,53452250.0,-0.35,False,False
2021-07-02,KCB,42.5,42.5,1917400.0,-36567000.0,81489500.0,0.0,False,False
2021-07-05,KCB,42.7,42.7,51000.0,4290.0,2177700.0,,False,False
2021-07-06,KCB,42.95,42.95,90400.0,0.0,3882680.0000000005,0.59,False,False
2021-07-07,KCB,43.8,43.8,145700.0,48400.0,6381660.0,1.98,False,False
2021-07-08,KCB,45.5,45.5,1649300.0,-18465160.0,75043150.0,3.88,False,False
2021-07-09,KCB,45.5,45.5,1263400.0,-1902790.0,57484700.0,0.0,False,False
2021-07-12,KCB,44.75,44.75,328900.0,-5134530.0,14718275.0,,False,False
2021-07-13,KCB,44.75,44.75,1518300.0,41968280.0,67943925.0,0.0,False,False
2021-07-14,KCB,44.6,44.6,199400.0,2804160.0,8893240.0,-0.34,False,False
2021-07-15,KCB,44.95,44.95,378400.0,8536500.0,17009080.0,0.78,False,False
2021-07-16,KCB,44.85,44.85,52700.0,89600.0,2363595.0,-0.22,False,False
2021-07-19,KCB,44.75,44.75,137600.0,-1212775.0,6157600.0,,False,False
2021-07-21,KCB,44.75,44.75,1884100.0,-50375055.0,84313475.0,,False,False
2021-07-22,KCB,44.75,44.75,98600.0,192640.0,4412350.0,0.0,False,False
2021-07-23,KCB,44.55,44.55,476900.0,0.0,21245895.0,-0.45,False,False
2021-07-26,KCB,44.8,44.8,238700.0,22450.0,10693760.0,,False,False
2021-07-27,KCB,45.0,45.0,1537300.0,-8788485.0,69178500.0,0.45,False,False
2021-07-28,KCB,45.35,45.35,464900.0,0.0,21083215.0,0.78,False,False
2021-07-29,KCB,45.6,45.6,1882400.0,49937610.0,85837440.0,0.55,False,False
2021-07-30,KCB,45.7,45.7,1523000.0,-2029220.0,69601100.0,0.22,False,False
2021-08-02,KCB,45.7,45.7,126300.0,0.0,5771910.0,,False,False
2021-08-03,KCB,45.95,45.95,1162500.0,-11185730.0,53416875.0,0.55,False,False
2021-08-04,KCB,46.2,46.2,156300.0,873750.0,7221060.0,0.54,False,False
2021-08-05,KCB,46.45,46.45,366300.0,0.0,17014635.0,0.54,False,False
2021-08-06,KCB,46.75,46.75,1009100.0,0.0,47175425.0,0.65,False,False
2021-08-09,KCB,46.6,46.6,1406500.0,-44466870.0,65542900.0,,False,False
2021-08-10,KCB,46.45,46.45,123500.0,0.0,5736575.0,-0.32,False,False
2021-08-11,KCB,46.6,46.6,1027000.0,-14855.0,47858200.0,0.32,False,False
2021-08-12,KCB,46.9,46.9,1016700.0,-8689320.0,47683230.0,0.64,False,False
2021-08-13,KCB,47.15,47.15,915400.0,34641100.0,43161110.0,0.53,False,False
2021-08-16,KCB,48.1,48.1,1088700.0,-39508735.0,52366470.0,,False,False
2021-08-17,KCB,49.9,49.9,1081700.0,-667450.0,53976830.0,3.74,False,False
2021-08-18,KCB,49.7,49.7,540700.0,4864910.0,26872790.0,-0.4,False,False
2021-08-19,KCB,48.15,48.15,501700.0,9610.0,24156855.0,-3.12,False,False
2021-08-20,KCB,47.95,47.95,1749000.0,72000000.0,83864550.0,-0.42,False,False
2021-08-23,KCB,48.0,48.0,1049400.0,-41404115.0,50371200.0,,False,False
2021-08-24,KCB,48.15,48.15,111000.0,993750.0,5344650.0,0.31,False,False
2021-08-25,KCB,48.25,48.25,336900.0,-9095125.0,16255425.0,0.21,False,False
2021-08-26,KCB,48.3,48.3,775300.0,-19045505.0,37446990.0,0.1,False,False
2021-08-27,KCB,48.55,48.55,714400.0,-889830.0,34684120.0,0.52,False,False
2021-08-30,KCB,48.65,48.65,63800.0,-1681845.0,3103870.0,,False,False
2021-08-31,KCB,48.5,48.5,2151100.0,-16711545.0,104328350.0,-0.31,False,False
2021-09-01,KCB,48.0,48.0,1698400.0,-235200.0,81523200.0,-1.03,False,False
2021-09-02,KCB,47.15,47.15,418700.0,2537510.0,19741705.0,-1.77,False,False
2021-09-03,KCB,46.8,46.8,1129400.0,7333515.0,52855920.0,-0.74,False,False
2021-09-06,KCB,46.25,46.25,183500.0,0.0,8486875.0,,False,False
2021-09-07,KCB,46.35,46.35,226800.0,-2107875.0,10512180.0,0.22,False,False
2021-09-08,KCB,46.3,46.3,1091000.0,47278180.0,50513300.0,-0.11,False,False
2021-09-09,KCB,46.3,46.3,1308700.0,43720370.0,60592810.0,0.0,False,False
2021-09-10,KCB,46.6,46.6,885800.0,7204260.0,41278280.0,0.65,False,False
2021-09-13,KCB,46.8,46.8,522800.0,-14025.0,24467040.0,,False,False
2021-09-14,KCB,46.75,46.75,2084500.0,93453300.0,97450375.0,-0.11,False,False
2021-09-15,KCB,46.85,46.85,848400.0,21465855.0,39747540.0,0.21,False,False
2021-09-16,KCB,46.95,46.95,267700.0,-3468750.0,12568515.0,0.21,False,False
2021-09-17,KCB,48.55,48.55,1437000.0,41980675.0,69766350.0,3.41,False,False
2021-09-20,KCB,48.35,48.35,710200.0,-3166625.0,34338170.0,,False,False
2021-09-21,KCB,47.95,47.95,361100.0,-6787200.0,17314745.0,-0.83,False,False
2021-09-22,KCB,47.05,47.05,4419900.0,74671490.0,207956295.0,-1.88,False,False
2021-09-23,KCB,47.2,47.2,2714500.0,61390000.0,128124400.00000001,0.32,False,False
2021-09-24,KCB,47.1,47.1,3106900.0,7042310.0,146334990.0,-0.21,False,False
2021-09-27,KCB,47.0,47.0,550500.0,-10623000.0,25873500.0,,False,False
2021-09-28,KCB,46.9,46.9,88600.0,340180.0,4155340.0,-0.21,False,False
2021-09-29,KCB,46.7,46.7,206100.0,746960.0,9624870.0,-0.43,False,False
2021-09-30,KCB,46.75,46.75,42000.0,981750.0,1963500.0,0.11,False,False
2021-10-01,KCB,46.75,46.75,51000.0,-74880.0,2384250.0,0.0,False,False
2021-10-04,KCB,46.6,46.6,268700.0,-8947995.0,12521420.0,,False,False
2021-10-05,KCB,45.2,45.2,700500.0,-28517050.0,31662600.000000004,-3.0,False,False
2021-10-06,KCB,45.5,45.5,3901000.0,-121651905.0,177495500.0,0.66,False,False
2021-10-07,KCB,45.9,45.9,2528200.0,-111061875.0,116044380.0,0.88,False,False
2021-10-08,KCB,46.1,46.1,767400.0,-31691840.0,35377140.0,0.44,False,False
2021-10-12,KCB,45.8,45.8,1970400.0,-58546145.0,90244320.0,,False,False
2021-10-13,KCB,45.4,45.4,135200.0,0.0,6138080.0,-0.87,False,False
2021-10-14,KCB,45.05,45.05,681500.0,0.0,30701574.999999996,-0.77,False,False
2021-10-15,KCB,45.1,45.1,2715700.0,-22500000.0,122478070.0,0.11,False,False
2021-10-18,KCB,44.8,44.8,203600.0,-2681175.0,9121280.0,,False,False
2021-10-19,KCB,44.6,44.6,584600.0,-22230280.0,26073160.0,-0.45,False,False
2021-10-21,KCB,44.45,44.45,4013500.0,-54205915.0,178400075.0,,False,False
2021-10-22,KCB,44.2,44.2,132700.0,0.0,5865340.0,-0.56,False,False
2021-10-25,KCB,44.0,44.0,278400.0,8742800.0,12249600.0,,False,False
2021-10-26,KCB,43.95,43.95,4907400.0,-162527815.0,215680230.0,-0.11,False,False
2021-10-27,KCB,44.0,44.0,2958800.0,-70536400.0,130187200.0,0.11,False,False
2021-10-28,KCB,44.0,44.0,218500.0,0.0,9614000.0,0.0,False,False
2021-10-29,KCB,43.95,43.95,582900.0,-768250.0,25618455.0,-0.11,False,False
2021-11-01,KCB,43.95,43.95,606900.0,-577635.0,26673255.0,,False,False
2021-11-02,KCB,43.85,43.85,1062900.0,-13793440.0,46608165.0,-0.23,False,False
2021-11-03,KCB,43.55,43.55,64200.0,-267220.0,2795910.0,-0.68,False,False
2021-11-04,KCB,43.5,43.5,260500.0,0.0,11331750.0,-0.11,False,False
2021-11-05,KCB,43.5,43.5,363200.0,47685.0,15799200.0,0.0,False,False
2021-11-08,KCB,44.0,44.0,185300.0,105600.0,8153200.0,,False,False
2021-11-09,KCB,44.4,44.4,2979600.0,-39720875.0,132294240.0,0.91,False,False
2021-11-10,KCB,44.65,44.65,600700.0,-1370340.0,26821255.0,0.56,False,False
2021-11-11,KCB,44.65,44.65,517300.0,-12342700.0,23097445.0,0.0,False,False
2021-11-12,KCB,44.5,44.5,406500.0,-15886845.0,18089250.0,-0.34,False,False
2021-11-15,KCB,44.35,44.35,940200.0,0.0,41697870.0,,False,False
2021-11-16,KCB,44.55,44.55,151300.0,4455.0,6740415.0,0.45,False,False
2021-11-17,KCB,44.55,44.55,1055100.0,-44534155.0,47004705.0,0.0,False,False
2021-11-18,KCB,45.3,45.3,2825000.0,-110712340.0,127972499.99999999,1.68,False,False
2021-11-19,KCB,45.9,45.9,1914400.0,-2984815.0,87870960.0,1.32,False,False
2021-11-22,KCB,44.95,44.95,779500.0,-2598695.0,35038525.0,,False,False
2021-11-23,KCB,44.7,44.7,2794100.0,46769225.0,124896270.00000001,-0.56,False,False
2021-11-24,KCB,44.0,44.0,4151200.0,35334600.0,182652800.0,-1.57,False,False
2021-11-25,KCB,44.0,44.0,3365000.0,15532000.0,148060000.0,0.0,False,False
2021-11-26,KCB,43.85,43.85,431100.0,-11253870.0,18903735.0,-0.34,False,False
2021-11-29,KCB,43.55,43.55,97700.0,0.0,4254835.0,,False,False
2021-11-30,KCB,43.4,43.4,3054800.0,-127586490.0,132578320.0,-0.34,False,False
2021-12-01,KCB,42.25,42.25,114400.0,-326800.0,4833400.0,-2.65,False,False
2021-12-02,KCB,41.1,41.1,1939600.0,-486500.0,79717560.0,-2.72,False,False
2021-12-03,KCB,41.15,41.15,868700.0,-14080970.0,35747005.0,0.12,False,False
2021-12-06,KCB,41.1,41.1,668200.0,-21294930.0,27463020.0,,False,False
2021-12-07,KCB,41.0,41.0,11025200.0,21762855.0,452033200.0,-0.24,False,False
2021-12-08,KCB,42.75,42.75,1974700.0,-59850000.0,84418425.0,4.27,False,False
2021-12-09,KCB,43.15,43.15,5877700.0,-234559510.0,253622755.0,0.94,False,False
2021-12-10,KCB,43.25,43.25,8804400.0,-125713770.0,380790300.0,0.23,False,False
2021-12-14,KCB,43.2,43.2,252900.0,-3440585.0,10925280.0,,False,False
2021-12-15,KCB,43.75,43.75,461900.0,10664075.0,20208125.0,1.27,False,False
2021-12-16,KCB,44.0,44.0,7252900.0,5764140.0,319127600.0,0.57,False,False
2021-12-17,KCB,44.1,44.1,1253800.0,17036125.0,55292580.0,0.23,False,False
2021-12-20,KCB,44.5,44.5,170100.0,-57850.0,7569450.0,,False,False
2021-12-21,KCB,44.65,44.65,127800.0,-115750.0,5706270.0,0.34,False,False
2021-12-22,KCB,44.75,44.75,177900.0,0.0,7961025.0,0.22,False,False
2021-12-23,KCB,44.9,44.9,73600.0,0.0,3304640.0,0.34,False,False
2021-12-24,KCB,45.2,45.2,34600.0,-274500.0,1563920.0,0.67,False,False
2021-12-28,KCB,44.95,44.95,338800.0,-2008000.0,15229060.000000002,,False,False
2021-12-29,KCB,45.0,45.0,599500.0,8080540.0,26977500.0,0.11,False,False
2021-12-30,KCB,45.15,45.15,73300.0,-325345.0,3309495.0,0.33,False,False
2021-12-31,KCB,45.45,45.45,524300.0,-20127120.0,23829435.0,0.66,False,False
2022-01-03,KCB,45.55,45.55,174500.0,-6369450.0,7948474.999999999,,False,False
2022-01-04,KCB,45.05,45.05,1621900.0,-2074800.0,73066595.0,-1.1,False,False
2022-01-05,KCB,45.5,45.5,610500.0,-25887110.0,27777750.0,1.0,False,False
2022-01-06,KCB,45.9,45.9,67300.0,0.0,3089070.0,0.88,False,False
2022-01-07,KCB,46.0,46.0,80500.0,91800.0,3703000.0,0.22,False,False
2022-01-10,KCB,46.4,46.4,622000.0,0.0,28860800.0,,False,False
2022-01-11,KCB,45.85,45.85,3549300.0,-112382870.0,162735405.0,-1.19,False,False
2022-01-12,KCB,45.45,45.45,2249400.0,-652320.0,102235230.0,-0.87,False,False
2022-01-13,KCB,45.25,45.25,91900.0,9090.0,4158475.0,-0.44,False,False
2022-01-14,KCB,45.15,45.15,80800.0,0.0,3648120.0,-0.22,False,False
2022-01-17,KCB,45.1,45.1,214400.0,-1315415.0,9669440.0,,False,False
2022-01-18,KCB,44.55,44.55,3368500.0,-20905010.0,150066675.0,-1.22,False,False
2022-01-19,KCB,44.9,44.9,299100.0,4500000.0,13429590.0,0.79,False,False
2022-01-20,KCB,45.0,45.0,2446900.0,4500.0,110110500.0,0.22,False,False
2022-01-21,KCB,44.9,44.9,70500.0,-233740.0,3165450.0,-0.22,False,False
2022-01-24,KCB,44.95,44.95,50000.0,0.0,2247500.0,,False,False
2022-01-25,KCB,44.55,44.55,934700.0,-22369695.0,41640885.0,-0.89,False,False
2022-01-26,KCB,45.0,45.0,1463400.0,10350030.0,65853000.0,1.01,False,False
2022-01-27,KCB,44.85,44.85,5567600.0,228698835.0,249706860.0,-0.33,False,False
2022-01-28,KCB,44.8,44.8,2655800.0,-115709460.0,118979839.99999999,-0.11,False,False
2022-01-31,KCB,45.0,45.0,5582800.0,153000000.0,251226000.0,,False,False
2022-02-01,KCB,45.0,45.0,8156400.0,107347000.0,367038000.0,0.0,False,False
2022-02-02,KCB,46.25,46.25,1977200.0,37488920.0,91445500.0,2.78,False,False
2022-02-03,KCB,47.0,47.0,3276400.0,113222615.0,153990800.0,1.62,False,False
2022-02-04,KCB,47.0,47.0,351500.0,188000.0,16520500.0,0.0,False,False
2022-02-07,KCB,46.75,46.75,38300.0,0.0,1790525.0,,False,False
2022-02-08,KCB,46.45,46.45,203900.0,-4493675.0,9471155.0,-0.64,False,False
2022-02-09,KCB,46.0,46.0,1346600.0,0.0,61943600.0,-0.97,False,False
2022-02-10,KCB,46.0,46.0,1323400.0,58401140.0,60876400.0,0.0,False,False
2022-02-11,KCB,45.3,45.3,124300.0,-45500.0,5630790.0,-1.52,False,False
2022-02-14,KCB,45.65,45.65,90500.0,206030.0,4131325.0,,False,False
2022-02-15,KCB,45.95,45.95,214900.0,0.0,9874655.0,0.66,False,False
2022-02-16,KCB,45.8,45.8,2054700.0,0.0,94105260.0,-0.33,False,False
2022-02-17,KCB,45.9,45.9,683500.0,,31372650.0,0.22,False,False
2022-02-18,KCB,46.0,46.0,341100.0,-220800.0,15690600.0,0.22,False,False
2022-02-21,KCB,46.0,46.0,214200.0,-2341400.0,9853200.0,,False,False
2022-02-22,KCB,45.95,45.95,757800.0,3908120.0,34820910.0,-0.11,False,False
2022-02-23,KCB,46.0,46.0,1075400.0,-9190.0,49468400.0,0.11,False,False
2022-02-24,KCB,45.0,45.0,1151100.0,39871660.0,51799500.0,-2.17,False,False
2022-02-25,KCB,44.95,44.95,1421700.0,-6412900.0,63905415.00000001,-0.11,False,False
2022-02-28,KCB,45.0,45.0,1361600.0,13500000.0,61272000.0,,False,False
2022-03-01,KCB,44.3,44.3,1001900.0,-20253835.0,44384170.0,-1.56,False,False
2022-03-02,KCB,44.45,44.45,249000.0,4961050.0,11068050.0,0.34,False,False
2022-03-03,KCB,45.05,45.05,2205300.0,29888740.0,99348765.0,1.35,False,False
2022-03-04,KCB,45.35,45.35,1160500.0,12414410.0,52628675.0,0.67,False,False
2022-03-07,KCB,44.9,44.9,465800.0,-17993025.0,20914420.0,,False,False
2022-03-08,KCB,44.1,44.1,1813400.0,51574090.0,79970940.0,-1.78,False,False
2022-03-09,KCB,44.4,44.4,313300.0,-4151260.0,13910520.0,0.68,False,False
2022-03-10,KCB,44.7,44.7,3306000.0,11294820.0,147778200.0,0.68,False,False
2022-03-11,KCB,44.7,44.7,151100.0,-3867080.0,6754170.0,0.0,False,False
2022-03-14,KCB,45.05,45.05,388500.0,0.0,17501925.0,,False,False
2022-03-15,KCB,45.0,45.0,1954000.0,68420335.0,87930000.0,-0.11,False,False
2022-03-16,KCB,45.05,45.05,3638500.0,4722470.0,163914425.0,0.11,False,False
2022-03-17,KCB,44.6,44.6,559900.0,0.0,24971540.0,-1.0,False,False
2022-03-18,KCB,44.6,44.6,1509700.0,-2729520.0,67332620.0,0.0,False,False
2022-03-21,KCB,44.35,44.35,167000.0,-3275030.0,7406450.0,,False,False
2022-03-22,KCB,44.0,44.0,9146800.0,-2284455.0,402459200.0,-0.79,False,False
2022-03-23,KCB,44.2,44.2,945200.0,18095600.0,41777840.0,0.45,False,False
2022-03-24,KCB,44.15,44.15,923100.0,-30195785.0,40754865.0,-0.11,False,False
2022-03-25,KCB,44.0,44.0,2396100.0,-2090000.0,105428400.0,-0.34,False,False
2022-03-28,KCB,44.45,44.45,673200.0,-8837660.0,29923740.000000004,,False,False
2022-03-29,KCB,44.05,44.05,313000.0,-9292565.0,13787650.0,-0.9,False,False
2022-03-30,KCB,44.1,44.1,255700.0,-3701100.0,11276370.0,0.11,False,False
2022-03-31,KCB,44.05,44.05,7249500.0,8396620.0,319340475.0,-0.11,False,False
2022-04-01,KCB,44.0,44.0,117100.0,-2622650.0,5152400.0,-0.11,False,False
2022-04-04,KCB,43.5,43.5,250900.0,-10091680.0,10914150.0,,False,False
2022-04-05,KCB,43.55,43.55,1112200.0,-18117630.0,48436310.0,0.11,False,False
2022-04-06,KCB,43.3,43.3,334200.0,-7742220.0,14470859.999999998,-0.57,False,False
2022-04-07,KCB,43.05,43.05,281400.0,-7225450.0,12114270.0,-0.58,False,False
2022-04-08,KCB,43.0,43.0,284500.0,-10935050.0,12233500.0,-0.12,False,False
2022-04-11,KCB,43.4,43.4,496200.0,0.0,21535080.0,,False,False
2022-04-12,KCB,43.25,43.25,1638800.0,-43237500.0,70878100.0,-0.35,False,False
2022-04-13,KCB,43.2,43.2,46000.0,0.0,1987200.0000000002,-0.12,False,False
2022-04-14,KCB,43.45,43.45,213000.0,-4480500.0,9254850.0,0.58,False,False
2022-04-19,KCB,43.2,43.2,134900.0,-2420265.0,5827680.0,,False,False
2022-04-20,KCB,42.9,42.9,112600.0,0.0,4830540.0,-0.69,False,False
2022-04-21,KCB,43.15,43.15,112400.0,47190.0,4850060.0,0.58,False,False
2022-04-22,KCB,43.0,43.0,121700.0,12870.0,5233100.0,-0.35,False,False
2022-04-25,KCB,42.5,42.5,194700.0,0.0,8274750.0,,False,False
2022-04-26,KCB,39.65,39.65,604700.0,-4987505.0,23976355.0,-6.71,False,False
2022-04-27,KCB,38.9,38.9,127000.0,-1574100.0,4940300.0,-1.89,False,False
2022-04-28,KCB,37.45,37.45,224200.0,-2163320.0,8396290.0,-3.73,False,False
2022-05-04,KCB,37.3,37.3,354300.0,4858290.0,13215389.999999998,,False,False
2022-05-05,KCB,36.95,36.95,143900.0,-3453645.0,5317105.0,-0.94,False,False
2022-05-06,KCB,36.25,36.25,169000.0,-3649385.0,6126250.0,-1.89,False,False
2022-05-09,KCB,36.5,36.5,1060600.0,9410725.0,38711900.0,,False,False
2022-05-10,KCB,35.85,35.85,384000.0,-7485210.0,13766400.0,-1.78,False,False
2022-05-11,KCB,35.7,35.7,708800.0,-16097175.0,25304160.000000004,-0.42,False,False
2022-05-12,KCB,35.85,35.85,389800.0,-5327235.0,13974330.0,0.42,False,False
2022-05-13,KCB,35.75,35.75,2725800.0,-55998415.0,97447350.0,-0.28,False,False
2022-05-16,KCB,35.4,35.4,1315400.0,7276480.0,46565160.0,,False,False
2022-05-17,KCB,35.55,35.55,42100.0,-221340.0,1496654.9999999998,0.42,False,False
2022-05-18,KCB,35.0,35.0,1520700.0,-52775700.0,53224500.0,-1.55,False,False
2022-05-19,KCB,35.0,35.0,889700.0,-14979465.0,31139500.0,0.0,False,False
2022-05-20,KCB,35.3,35.3,1398900.0,-17441520.0,49381169.99999999,0.86,False,False
2022-05-23,KCB,35.55,35.55,2786100.0,-57192680.0,99045854.99999999,,False,False
2022-05-24,KCB,35.95,35.95,1436700.0,-11880805.0,51649365.00000001,1.13,False,False
2022-05-25,KCB,36.55,36.55,156100.0,-3300550.0,5705455.0,1.67,False,False
2022-05-26,KCB,37.1,37.1,627000.0,0.0,23261700.0,1.5,False,False
2022-05-27,KCB,38.0,38.0,570600.0,0.0,21682800.0,2.43,False,False
2022-05-30,KCB,38.05,38.05,64500.0,0.0,2454225.0,,False,False
2022-05-31,KCB,38.1,38.1,4032500.0,-31443065.0,153638250.0,0.13,False,False
2022-06-02,KCB,38.0,38.0,246100.0,-5810970.0,9351800.0,,False,False
2022-06-03,KCB,38.7,38.7,220300.0,-991910.0,8525610.0,1.84,False,False
2022-06-06,KCB,38.7,38.7,99800.0,-419000.0,3862260.0000000005,,False,False
2022-06-07,KCB,38.65,38.65,1174900.0,-23031635.0,45409885.0,-0.13,False,False
2022-06-08,KCB,38.8,38.8,127300.0,-564050.0,4939240.0,0.39,False,False
2022-06-09,KCB,38.95,38.95,70800.0,-486250.0,2757660.0,0.39,False,False
2022-06-10,KCB,39.0,39.0,623500.0,0.0,24316500.0,0.13,False,False
2022-06-13,KCB,39.0,39.0,698400.0,-19886150.0,27237600.0,,False,False
2022-06-14,KCB,38.8,38.8,481000.0,-9725615.0,18662800.0,-0.51,False,False
2022-06-15,KCB,38.65,38.65,292300.0,-1954115.0,11297395.0,-0.39,False,False
2022-06-16,KCB,38.05,38.05,1463700.0,-26980000.0,55693784.99999999,-1.55,False,False
2022-06-17,KCB,37.9,37.9,582100.0,16833125.0,22061590.0,-0.39,False,False
2022-06-20,KCB,36.8,36.8,54900.0,90700.0,2020319.9999999998,,False,False
2022-06-21,KCB,36.95,36.95,344100.0,-368000.0,12714495.000000002,0.41,False,False
2022-06-22,KCB,36.9,36.9,765600.0,-4870730.0,28250640.0,-0.14,False,False
2022-06-23,KCB,36.5,36.5,442500.0,-18250.0,16151250.0,-1.08,False,False
2022-06-24,KCB,36.7,36.7,1601000.0,-20111620.0,58756700.00000001,0.55,False,False
2022-06-27,KCB,36.75,36.75,37500.0,0.0,1378125.0,,False,False
2022-06-28,KCB,36.8,36.8,49200.0,0.0,1810559.9999999998,0.14,False,False
2022-06-29,KCB,37.55,37.55,60000.0,74500.0,2253000.0,2.04,False,False
2022-06-30,KCB,38.65,38.65,67700.0,0.0,2616605.0,2.93,False,False
2022-07-01,KCB,39.0,39.0,1084300.0,-17745000.0,42287700.0,0.91,False,False
2022-07-04,KCB,40.0,40.0,1782800.0,-40000000.0,71312000.0,,False,False
2022-07-05,KCB,40.6,40.6,789000.0,-23120000.0,32033400.0,1.5,False,False
2022-07-06,KCB,41.95,41.95,225200.0,-6300000.0,9447140.0,3.33,False,False
2022-07-07,KCB,42.75,42.75,6791300.0,-204035170.0,290328075.0,1.91,False,False
2022-07-08,KCB,42.4,42.4,109500.0,0.0,4642800.0,-0.82,False,False
2022-07-12,KCB,41.9,41.9,97900.0,0.0,4102010.0,,False,False
2022-07-13,KCB,40.9,40.9,110900.0,85970.0,4535810.0,-2.39,False,False
2022-07-14,KCB,40.5,40.5,4530900.0,-156843960.0,183501450.0,-0.98,False,False
2022-07-15,KCB,40.45,40.45,4046600.0,-154374130.0,163684970.0,-0.12,False,False
2022-07-18,KCB,39.95,39.95,464900.0,-12000000.0,18572755.0,,False,False
2022-07-19,KCB,38.75,38.75,394500.0,0.0,15286875.0,-3.0,False,False
2022-07-20,KCB,39.0,39.0,911000.0,-33816900.0,35529000.0,0.65,False,False
2022-07-21,KCB,38.85,38.85,1245900.0,-6166925.0,48403215.0,-0.38,False,False
2022-07-22,KCB,38.5,38.5,5466200.0,-195214255.0,210448700.0,-0.9,False,False
2022-07-25,KCB,38.85,38.85,165700.0,-5460325.0,6437445.0,,False,False
2022-07-26,KCB,39.65,39.65,14700.0,0.0,582855.0,2.06,False,False
2022-07-27,KCB,39.05,39.05,2082400.0,-62683490.0,81317720.0,-1.51,False,False
2022-07-28,KCB,40.0,40.0,1368700.0,-48830000.0,54748000.0,2.43,False,False
2022-07-29,KCB,41.15,41.15,195600.0,0.0,8048940.0,2.87,False,False
2022-08-01,KCB,40.75,40.75,1318000.0,-40950000.0,53708500.0,,False,False
2022-08-02,KCB,40.05,40.05,253100.0,-5577310.0,10136655.0,-1.72,False,False
2022-08-03,KCB,40.75,40.75,248100.0,-3307240.0,10110075.0,1.75,False,False
2022-08-04,KCB,40.6,40.6,1819200.0,-69839510.0,73859520.0,-0.37,False,False
2022-08-05,KCB,41.75,41.75,123400.0,0.0,5151950.0,2.83,False,False
2022-08-08,KCB,42.2,42.2,129300.0,62600.0,5456460.0,,False,False
2022-08-10,KCB,42.35,42.35,2029100.0,-63753155.0,85932385.0,,False,False
2022-08-11,KCB,42.8,42.8,732800.0,-27878455.0,31363839.999999996,1.06,False,False
2022-08-12,KCB,43.05,43.05,119500.0,-4280.0,5144475.0,0.58,False,False
2022-08-15,KCB,43.0,43.0,191800.0,-6071600.0,8247400.0,,False,False
2022-08-16,KCB,42.95,42.95,282700.0,-1383900.0,12141965.0,-0.12,False,False
2022-08-17,KCB,43.2,43.2,123200.0,0.0,5322240.0,0.58,False,False
2022-08-18,KCB,43.35,43.35,258100.0,287100.0,11188635.0,0.35,False,False
2022-08-19,KCB,43.25,43.25,80500.0,-300450.0,3481625.0,-0.23,False,False
2022-08-22,KCB,43.5,43.5,194100.0,-4371555.0,8443350.0,,False,False
2022-08-23,KCB,43.35,43.35,350200.0,-2275050.0,15181170.0,-0.34,False,False
2022-08-24,KCB,42.95,42.95,96300.0,0.0,4136085.0000000005,-0.92,False,False
2022-08-25,KCB,41.8,41.8,89100.0,0.0,3724379.9999999995,-2.68,False,False
2022-08-26,KCB,40.95,40.95,85300.0,0.0,3493035.0000000005,-2.03,False,False
2022-08-29,KCB,41.3,41.3,122300.0,954500.0,5050990.0,,False,False
2022-08-30,KCB,41.0,41.0,1774600.0,0.0,72758600.0,-0.73,False,False
2022-08-31,KCB,40.85,40.85,216100.0,48670.0,8827685.0,-0.37,False,False
2022-09-01,KCB,41.0,41.0,165700.0,0.0,6793700.0,0.37,False,False
2022-09-02,KCB,40.85,40.85,395200.0,371435.0,16143920.0,-0.37,False,False
2022-09-05,KCB,40.85,40.85,2490200.0,86053800.0,101724670.0,,False,False
2022-09-06,KCB,42.7,42.7,456900.0,-7052680.0,19509630.0,4.53,False,False
2022-09-07,KCB,42.25,42.25,130100.0,-620255.0,5496725.0,-1.05,False,False
2022-09-08,KCB,42.75,42.75,84900.0,-955600.0,3629475.0,1.18,False,False
2022-09-09,KCB,42.45,42.45,278900.0,-2015265.0,11839305.0,-0.7,False,False
2022-09-12,KCB,41.8,41.8,3567600.0,41723140.0,149125680.0,,False,False
2022-09-14,KCB,40.9,40.9,983000.0,26091465.0,40204700.0,,False,False
2022-09-15,KCB,40.35,40.35,1778000.0,-220725.0,71742300.0,-1.34,False,False
2022-09-16,KCB,39.05,39.05,1153400.0,-41903730.0,45040270.0,-3.22,False,False
2022-09-19,KCB,39.45,39.45,183100.0,-2785200.0,7223295.000000001,,False,False
2022-09-20,KCB,39.1,39.1,474200.0,-7543620.0,18541220.0,-0.89,False,False
2022-09-21,KCB,39.0,39.0,2563800.0,-29922400.0,99988200.0,-0.26,False,False
2022-09-22,KCB,39.0,39.0,3003100.0,-100830600.0,117120900.0,0.0,False,False
2022-09-23,KCB,39.15,39.15,639500.0,15790.0,25036425.0,0.38,False,False
2022-09-26,KCB,40.5,40.5,4410200.0,-107444160.0,178613100.0,,False,False
2022-09-27,KCB,40.8,40.8,1354400.0,-685700.0,55259519.99999999,0.74,False,False
2022-09-28,KCB,41.35,41.35,3538400.0,-72211160.0,146312840.0,1.35,False,False
2022-09-29,KCB,41.2,41.2,453000.0,-7774745.0,18663600.0,-0.36,False,False
2022-09-30,KCB,41.45,41.45,5089900.0,-124500000.0,210976355.0,0.61,False,False
2022-10-03,KCB,41.45,41.45,897700.0,209100.0,37209665.0,,False,False
2022-10-04,KCB,39.45,39.45,81100.0,0.0,3199395.0,-4.83,False,False
2022-10-05,KCB,39.2,39.2,130100.0,0.0,5099920.0,-0.63,False,False
2022-10-06,KCB,39.4,39.4,253100.0,0.0,9972140.0,0.51,False,False
2022-10-07,KCB,39.6,39.6,162800.0,-162770.0,6446880.0,0.51,False,False
2022-10-11,KCB,39.15,39.15,161800.0,612320.0,6334470.0,,False,False
2022-10-12,KCB,39.1,39.1,430600.0,-11883925.0,16836460.0,-0.13,False,False
2022-10-13,KCB,38.95,38.95,277400.0,-4741940.0,10804730.0,-0.38,False,False
2022-10-14,KCB,38.8,38.8,301500.0,-5632815.0,11698200.0,-0.39,False,False
2022-10-17,KCB,38.15,38.15,314400.0,-9974165.0,11994360.0,,False,False
2022-10-18,KCB,37.95,37.95,195800.0,-1744505.0,7430610.000000001,-0.52,False,False
2022-10-19,KCB,37.9,37.9,105900.0,-2162300.0,4013610.0,-0.13,False,False
2022-10-21,KCB,36.55,36.55,5395400.0,-245375.0,197201869.99999997,,False,False
2022-10-24,KCB,37.4,37.4,107400.0,3760.0,4016760.0,,False,False
2022-10-25,KCB,37.7,37.7,224100.0,-470740.0,8448570.0,0.8,False,False
2022-10-26,KCB,37.7,37.7,4758700.0,-34863635.0,179402990.0,0.0,False,False
2022-10-27,KCB,37.7,37.7,603100.0,754000.0,22736870.0,0.0,False,False
2022-10-28,KCB,37.7,37.7,1992700.0,3748650.0,75124790.0,0.0,False,False
2022-10-31,KCB,37.65,37.65,369800.0,-7540020.0,13922970.0,,False,False
2022-11-01,KCB,37.7,37.7,1411000.0,-1055680.0,53194700.00000001,0.13,False,False
2022-11-02,KCB,37.6,37.6,227800.0,-2916260.0,8565280.0,-0.27,False,False
2022-11-03,KCB,37.25,37.25,949600.0,-14234940.0,35372600.0,-0.93,False,False
2022-11-04,KCB,37.15,37.15,110300.0,-1921600.0,4097645.0,-0.27,False,False
2022-11-07,KCB,37.0,37.0,647200.0,-4033570.0,23946400.0,,False,False
2022-11-08,KCB,36.75,36.75,1216300.0,-27994930.0,44699025.0,-0.68,False,False
2022-11-09,KCB,36.5,36.5,349200.0,-9286445.0,12745800.0,-0.68,False,False
2022-11-10,KCB,36.5,36.5,1143500.0,-3506750.0,41737750.0,0.0,False,False
2022-11-11,KCB,36.75,36.75,189000.0,-195835.0,6945750.0,0.68,False,False
2022-11-14,KCB,37.05,37.05,138900.0,409130.0,5146245.0,,False,False
2022-11-15,KCB,37.65,37.65,226900.0,4126200.0,8542785.0,1.62,False,False
2022-11-16,KCB,39.55,39.55,54300.0,-7800.0,2147565.0,5.05,False,False
2022-11-17,KCB,39.45,39.45,217600.0,-7019350.0,8584320.0,-0.25,False,False
2022-11-18,KCB,38.8,38.8,139900.0,-2974385.0,5428120.0,-1.65,False,False
2022-11-21,KCB,38.0,38.0,125600.0,94250.0,4772800.0,,False,False
2022-11-22,KCB,37.3,37.3,125600.0,-1583420.0,4684880.0,-1.84,False,False
2022-11-23,KCB,37.45,37.45,177500.0,,6647375.000000001,0.4,False,False
2022-11-24,KCB,37.5,37.5,194900.0,-2235000.0,7308750.0,0.13,False,False
2022-11-25,KCB,37.6,37.6,194900.0,-4791670.0,7328240.0,0.27,False,False
2022-11-28,KCB,37.75,37.75,106900.0,-1282000.0,4035475.0,,False,False
2022-11-29,KCB,37.95,37.95,1603500.0,11352420.0,60852825.00000001,0.53,False,False
2022-11-30,KCB,38.0,38.0,1280300.0,11411385.0,48651400.0,0.13,False,False
2022-12-01,KCB,38.0,38.0,2019800.0,1970400.0,76752400.0,0.0,False,False
2022-12-02,KCB,37.75,37.75,175500.0,0.0,6625125.0,-0.66,False,False
2022-12-05,KCB,37.55,37.55,219500.0,45290.0,8242224.999999999,,False,False
2022-12-06,KCB,37.45,37.45,764500.0,-23815085.0,28630525.000000004,-0.27,False,False
2022-12-07,KCB,37.5,37.5,1772000.0,-13170000.0,66450000.0,0.13,False,False
2022-12-08,KCB,37.6,37.6,173300.0,-751000.0,6516080.0,0.27,False,False
2022-12-09,KCB,36.9,36.9,265400.0,-4486015.0,9793260.0,-1.86,False,False
2022-12-13,KCB,36.75,36.75,605800.0,-20135325.0,22263150.0,,False,False
2022-12-14,KCB,36.75,36.75,239000.0,11055.0,8783250.0,0.0,False,False
2022-12-15,KCB,37.15,37.15,510400.0,0.0,18961360.0,1.09,False,False
2022-12-16,KCB,37.25,37.25,124300.0,-51790.0,4630175.0,0.27,False,False
2022-12-19,KCB,37.9,37.9,77000.0,150.0,2918300.0,,False,False
2022-12-20,KCB,38.8,38.8,293400.0,-8975340.0,11383920.0,2.37,False,False
2022-12-21,KCB,38.0,38.0,2428300.0,-78847250.0,92275400.0,-2.06,False,False
2022-12-22,KCB,38.05,38.05,586800.0,0.0,22327740.0,0.13,False,False
2022-12-23,KCB,38.0,38.0,1895500.0,-10108000.0,72029000.0,-0.13,False,False
2022-12-28,KCB,38.05,38.05,88600.0,0.0,3371229.9999999995,,False,False
2022-12-29,KCB,38.05,38.05,79000.0,0.0,3005950.0,0.0,False,False
2022-12-30,KCB,38.1,38.1,175400.0,0.0,6682740.0,0.13,False,False
2023-01-03,KCB,38.35,38.35,58100.0,0.0,2228135.0,,False,False
2023-01-04,KCB,38.2,38.2,65000.0,-528210.0,2483000.0,-0.39,False,False
2023-01-05,KCB,38.35,38.35,20100.0,0.0,770835.0,0.39,False,False
2023-01-06,KCB,39.2,39.2,28500.0,-27510.0,1117200.0,2.22,False,False
2023-01-09,KCB,39.05,39.05,357900.0,-3159000.0,13975994.999999998,,False,False
2023-01-10,KCB,39.05,39.05,119700.0,0.0,4674285.0,0.0,False,False
2023-01-11,KCB,38.95,38.95,223200.0,390000.0,8693640.0,-0.26,False,False
2023-01-12,KCB,38.9,38.9,61700.0,0.0,2400130.0,-0.13,False,False
2023-01-13,KCB,38.7,38.7,80000.0,0.0,3096000.0,-0.51,False,False
2023-01-16,KCB,38.5,38.5,481600.0,19250.0,18541600.0,,False,False
2023-01-17,KCB,38.0,38.0,1149100.0,-16674400.0,43665800.0,-1.3,False,False
2023-01-18,KCB,38.25,38.25,87500.0,0.0,3346875.0,0.66,False,False
2023-01-19,KCB,38.4,38.4,1610800.0,0.0,61854720.0,0.39,False,False
2023-01-20,KCB,38.4,38.4,1100300.0,37048440.0,42251520.0,0.0,False,False
2023-01-23,KCB,38.4,38.4,106200.0,-391680.0,4078080.0,,False,False
2023-01-24,KCB,38.55,38.55,46600.0,0.0,1796429.9999999998,0.39,False,False
2023-01-25,KCB,38.55,38.55,60800.0,0.0,2343840.0,0.0,False,False
2023-01-26,KCB,38.45,38.45,107700.0,-376790.0,4141065.0000000005,-0.26,False,False
2023-01-27,KCB,38.5,38.5,155300.0,465835.0,5979050.0,0.13,False,False
2023-01-30,KCB,38.3,38.3,122400.0,-687965.0,4687920.0,,False,False
2023-01-31,KCB,38.1,38.1,141600.0,-2083570.0,5394960.0,-0.52,False,False
2023-02-01,KCB,38.1,38.1,125900.0,-1361715.0,4796790.0,0.0,False,False
2023-02-02,KCB,38.0,38.0,852300.0,-110635.0,32387400.0,-0.26,False,False
2023-02-03,KCB,38.2,38.2,1038300.0,292220.0,39663060.0,0.53,False,False
2023-02-06,KCB,38.5,38.5,2218900.0,-12966985.0,85427650.0,,False,False
2023-02-07,KCB,38.5,38.5,4759400.0,118106430.0,183236900.0,0.0,False,False
2023-02-08,KCB,38.5,38.5,828500.0,27989550.0,31897250.0,0.0,False,False
2023-02-09,KCB,38.55,38.55,777200.0,24294215.0,29961059.999999996,0.13,False,False
2023-02-10,KCB,38.75,38.75,214700.0,0.0,8319625.0,0.52,False,False
2023-02-13,KCB,38.75,38.75,242400.0,1888560.0,9393000.0,,False,False
2023-02-14,KCB,38.7,38.7,309500.0,282825.0,11977650.0,-0.13,False,False
2023-02-15,KCB,38.7,38.7,729500.0,17332670.0,28231650.000000004,0.0,False,False
2023-02-16,KCB,38.65,38.65,413900.0,-4442760.0,15997235.0,-0.13,False,False
2023-02-17,KCB,38.55,38.55,483900.0,2259950.0,18654345.0,-0.26,False,False
2023-02-20,KCB,38.5,38.5,233200.0,1975050.0,8978200.0,,False,False
2023-02-21,KCB,38.5,38.5,241800.0,0.0,9309300.0,0.0,False,False
2023-02-22,KCB,38.45,38.45,616600.0,11823375.0,23708270.0,-0.13,False,False
2023-02-23,KCB,38.4,38.4,368600.0,12484180.0,14154240.0,-0.13,False,False
2023-02-24,KCB,38.3,38.3,2266200.0,38050.0,86795460.0,-0.26,False,False
2023-02-27,KCB,38.3,38.3,154700.0,0.0,5925010.0,,False,False
2023-02-28,KCB,38.25,38.25,134700.0,152800.0,5152275.0,-0.13,False,False
2023-03-01,KCB,38.3,38.3,110800.0,766000.0,4243640.0,0.13,False,False
2023-03-02,KCB,38.25,38.25,2117900.0,0.0,81009675.0,-0.13,False,False
2023-03-03,KCB,38.35,38.35,81700.0,0.0,3133195.0,0.26,False,False
2023-03-06,KCB,38.25,38.25,214200.0,0.0,8193150.0,,False,False
2023-03-07,KCB,38.0,38.0,292100.0,442530.0,11099800.0,-0.65,False,False
2023-03-08,KCB,37.9,37.9,26600.0,0.0,1008140.0,-0.26,False,False
2023-03-09,KCB,37.5,37.5,1646900.0,41160.0,61758750.0,-1.06,False,False
2023-03-10,KCB,37.45,37.45,147900.0,-78810.0,5538855.0,-0.13,False,False
2023-03-13,KCB,37.05,37.05,116400.0,0.0,4312620.0,,False,False
2023-03-14,KCB,37.0,37.0,142200.0,0.0,5261400.0,-0.13,False,False
2023-03-15,KCB,37.05,37.05,81000.0,48100.0,3001050.0,0.14,False,False
2023-03-16,KCB,34.35,34.35,199800.0,0.0,6863130.0,-7.29,False,False
2023-03-17,KCB,31.0,31.0,379400.0,2325000.0,11761400.0,-9.75,False,False
2023-03-20,KCB,30.0,30.0,2644500.0,54828540.0,79335000.0,,False,False
2023-03-21,KCB,31.95,31.95,137926.0,3295.0,4406735.7,6.5,False,False
2023-03-22,KCB,34.95,34.95,71500.0,0.0,2498925.0,9.39,False,False
2023-03-23,KCB,35.95,35.95,225800.0,36000.0,8117510.000000001,2.86,False,False
2023-03-24,KCB,35.5,35.5,189500.0,-342080.0,6727250.0,-1.25,False,False
2023-03-27,KCB,35.5,35.5,92000.0,0.0,3266000.0,,False,False
2023-03-28,KCB,35.0,35.0,491300.0,0.0,17195500.0,-1.41,False,False
2023-03-29,KCB,35.0,35.0,7048600.0,-25277170.0,246701000.0,0.0,False,False
2023-03-30,KCB,35.0,35.0,1631500.0,0.0,57102500.0,0.0,False,False
2023-03-31,KCB,35.5,35.5,156700.0,0.0,5562850.0,1.43,False,False
2023-04-03,KCB,36.2,36.2,29800.0,0.0,1078760.0,,False,False
2023-04-04,KCB,36.15,36.15,183600.0,0.0,6637140.0,-0.14,False,False
2023-04-05,KCB,36.0,36.0,3373900.0,-16745600.0,121460400.0,-0.41,False,False
2023-04-06,KCB,35.9,35.9,370600.0,-1772000.0,13304540.0,-0.28,False,False
2023-04-11,KCB,36.35,36.35,3935800.0,6526500.0,143066330.0,,False,False
2023-04-12,KCB,35.0,35.0,859900.0,9485000.0,30096500.0,-3.71,False,False
2023-04-13,KCB,34.4,34.4,129200.0,-2438385.0,4444480.0,-1.71,False,False
2023-04-14,KCB,33.9,33.9,266400.0,-1999940.0,9030960.0,-1.45,False,False
2023-04-17,KCB,33.55,33.55,358800.0,1222655.0,12037739.999999998,,False,False
2023-04-18,KCB,34.1,34.1,110300.0,30600.0,3761230.0,1.64,False,False
2023-04-19,KCB,33.9,33.9,1070500.0,0.0,36289950.0,-0.59,False,False
2023-04-20,KCB,32.95,32.95,158500.0,-3193065.0,5222575.0,-2.8,False,False
2023-04-24,KCB,33.0,33.0,132000.0,1386000.0,4356000.0,,False,False
2023-04-25,KCB,33.4,33.4,223200.0,2092245.0,7454880.0,1.21,False,False
2023-04-26,KCB,34.0,34.0,438600.0,10812000.0,14912400.0,1.8,False,False
2023-04-27,KCB,34.1,34.1,219800.0,-4024055.0,7495180.0,0.29,False,False
2023-04-28,KCB,32.85,32.85,264300.0,-3485710.0,8682255.0,-3.67,False,False
2023-05-02,KCB,32.8,32.8,91800.0,0.0,3011039.9999999995,,False,False
2023-05-03,KCB,32.05,32.05,377600.0,32750.0,12102079.999999998,-2.29,False,False
2023-05-04,KCB,31.95,31.95,348200.0,95750.0,11124990.0,-0.31,False,False
2023-05-05,KCB,31.6,31.6,136000.0,0.0,4297600.0,-1.1,False,False
2023-05-08,KCB,31.2,31.2,233200.0,0.0,7275840.0,,False,False
2023-05-09,KCB,30.25,30.25,319400.0,-6128690.0,9661850.0,-3.04,False,False
2023-05-10,KCB,29.45,29.45,804200.0,-8891280.0,23683690.0,-2.64,False,False
2023-05-11,KCB,29.2,29.2,182100.0,-1925290.0,5317320.0,-0.85,False,False
2023-05-12,KCB,28.5,28.5,164900.0,0.0,4699650.0,-2.4,False,False
2023-05-15,KCB,29.0,29.0,656900.0,-512550.0,19050100.0,,False,False
2023-05-16,KCB,31.2,31.2,44900.0,178655.0,1400880.0,7.59,False,False
2023-05-17,KCB,31.55,31.55,2246800.0,-4208400.0,70886540.0,1.12,False,False
2023-05-18,KCB,31.0,31.0,291500.0,-373315.0,9036500.0,-1.74,False,False
2023-05-19,KCB,30.85,30.85,77200.0,92850.0,2381620.0,-0.48,False,False
2023-05-22,KCB,29.95,29.95,56800.0,29600.0,1701160.0,,False,False
2023-05-23,KCB,30.05,30.05,56800.0,900400.0,1706840.0,0.33,False,False
2023-05-24,KCB,30.05,30.05,159600.0,2082660.0,4795980.0,0.0,False,False
2023-05-25,KCB,31.0,31.0,2092100.0,24558900.0,64855100.0,3.16,False,False
2023-05-26,KCB,31.05,31.05,114200.0,0.0,3545910.0,0.16,False,False
2023-05-29,KCB,31.85,31.85,109800.0,-20695.0,3497130.0,,False,False
2023-05-30,KCB,31.85,31.85,145800.0,-630200.0,4643730.0,0.0,False,False
2023-05-31,KCB,31.8,31.8,80200.0,124570.0,2550360.0,-0.16,False,False
2023-06-02,KCB,31.9,31.9,525700.0,-47625.0,16769830.0,,False,False
2023-06-05,KCB,31.9,31.9,263900.0,353435.0,8418410.0,,False,False
2023-06-06,KCB,31.85,31.85,281000.0,-3675625.0,8949850.0,-0.16,False,False
2023-06-07,KCB,31.8,31.8,778300.0,-793750.0,24749940.0,-0.16,False,False
2023-06-08,KCB,31.9,31.9,77300.0,31850.0,2465870.0,0.31,False,False
2023-06-09,KCB,31.8,31.8,65400.0,0.0,2079720.0,-0.31,False,False
2023-06-12,KCB,31.55,31.55,170200.0,-4843170.0,5369810.0,,False,False
2023-06-13,KCB,31.0,31.0,705800.0,-21048315.0,21879800.0,-1.74,False,False
2023-06-14,KCB,31.0,31.0,2555000.0,-76343255.0,79205000.0,0.0,False,False
2023-06-15,KCB,29.5,29.5,2284600.0,50044355.0,67395700.0,-4.84,False,False
2023-06-16,KCB,29.45,29.45,379800.0,-6189890.0,11185110.0,-0.17,False,False
2023-06-19,KCB,29.5,29.5,254800.0,-2542950.0,7516600.0,,False,False
2023-06-20,KCB,29.35,29.35,254400.0,-2897830.0,7466640.0,-0.51,False,False
2023-06-21,KCB,29.45,29.45,573700.0,-10578030.0,16895465.0,0.34,False,False
2023-06-22,KCB,29.5,29.5,311600.0,-1681500.0,9192200.0,0.17,False,False
2023-06-23,KCB,29.5,29.5,376200.0,-1471380.0,11097900.0,0.0,False,False
2023-06-26,KCB,29.3,29.3,675700.0,-5784315.0,19798010.0,,False,False
2023-06-27,KCB,29.45,29.45,401100.0,-5735920.0,11812395.0,0.51,False,False
2023-06-29,KCB,29.45,29.45,119300.0,-1614070.0,3513385.0,,False,False
2023-06-30,KCB,29.3,29.3,823400.0,-14155285.0,24125620.0,-0.51,False,False
2023-07-03,KCB,29.3,29.3,164000.0,-1722850.0,4805200.0,,False,False
2023-07-04,KCB,29.45,29.45,1555900.0,-11758730.0,45821255.0,0.51,False,False
2023-07-05,KCB,29.3,29.3,389100.0,-8141790.0,11400630.0,-0.51,False,False
2023-07-06,KCB,29.15,29.15,1546900.0,-12560375.0,45092135.0,-0.51,False,False
2023-07-07,KCB,29.15,29.15,4501900.0,69760010.0,131230385.0,0.0,False,False
2023-07-10,KCB,29.05,29.05,308600.0,-1455710.0,8964830.0,,False,False
2023-07-11,KCB,29.0,29.0,434600.0,-6124735.0,12603400.0,-0.17,False,False
2023-07-12,KCB,29.1,29.1,2124400.0,-15054135.0,61820040.0,0.34,False,False
2023-07-13,KCB,29.85,29.85,763400.0,-14620030.0,22787490.0,2.58,False,False
2023-07-14,KCB,30.15,30.15,1588500.0,4514720.0,47893275.0,1.01,False,False
2023-07-17,KCB,31.6,31.6,154300.0,-1437180.0,4875880.0,,False,False
2023-07-18,KCB,31.2,31.2,561900.0,-8708475.0,17531280.0,-1.27,False,False
2023-07-19,KCB,30.25,30.25,245300.0,-3973355.0,7420325.0,-3.04,False,False
2023-07-20,KCB,29.7,29.7,727200.0,-9052450.0,21597840.0,-1.82,False,False
2023-07-21,KCB,29.55,29.55,498800.0,-4832340.0,14739540.0,-0.51,False,False
2023-07-24,KCB,29.45,29.45,647800.0,-4766510.0,19077710.0,,False,False
2023-07-25,KCB,29.0,29.0,1022200.0,-25548780.0,29643800.0,-1.53,False,False
2023-07-26,KCB,28.7,28.7,739700.0,-15931285.0,21229390.0,-1.03,False,False
2023-07-27,KCB,28.65,28.65,334200.0,-4471940.0,9574830.0,-0.17,False,False
2023-07-28,KCB,28.55,28.55,351100.0,-7693115.0,10023905.0,-0.35,False,False
2023-07-31,KCB,28.5,28.5,552000.0,-14144545.0,15732000.0,,False,False
2023-08-01,KCB,28.5,28.5,1524700.0,26918250.0,43453950.0,0.0,False,False
2023-08-02,KCB,28.6,28.6,533700.0,324610.0,15263820.0,0.35,False,False
2023-08-03,KCB,29.0,29.0,159600.0,0.0,4628400.0,1.4,False,False
2023-08-04,KCB,29.4,29.4,64200.0,-1240150.0,1887480.0,1.38,False,False
2023-08-07,KCB,30.0,30.0,120600.0,-210000.0,3618000.0,,False,False
2023-08-08,KCB,29.85,29.85,404500.0,4972560.0,12074325.0,-0.5,False,False
2023-08-09,KCB,29.25,29.25,237300.0,-923800.0,6941025.0,-2.01,False,False
2023-08-10,KCB,29.0,29.0,166300.0,-466985.0,4822700.0,-0.85,False,False
2023-08-11,KCB,28.9,28.9,214300.0,794600.0,6193270.0,-0.34,False,False
2023-08-14,KCB,28.5,28.5,334400.0,-6357600.0,9530400.0,,False,False
2023-08-15,KCB,28.1,28.1,321800.0,-7781645.0,9042580.0,-1.4,False,False
2023-08-16,KCB,27.75,27.75,518000.0,5361230.0,14374500.0,-1.25,False,False
2023-08-17,KCB,27.65,27.65,254600.0,-112530.0,7039690.0,-0.36,False,False
2023-08-18,KCB,27.5,27.5,272000.0,0.0,7480000.0,-0.54,False,False
2023-08-21,KCB,27.0,27.0,370400.0,3955460.0,10000800.0,,False,False
2023-08-22,KCB,26.95,26.95,120600.0,-796250.0,3250170.0,-0.19,False,False
2023-08-23,KCB,26.9,26.9,228000.0,-793485.0,6133200.0,-0.19,False,False
2023-08-24,KCB,25.15,25.15,715600.0,0.0,17997340.0,-6.51,False,False
2023-08-25,KCB,23.8,23.8,452500.0,0.0,10769500.0,-5.37,False,False
2023-08-28,KCB,23.8,23.8,496700.0,235840.0,11821460.0,,False,False
2023-08-29,KCB,23.75,23.75,1228700.0,-6537735.0,29181625.0,-0.21,False,False
2023-08-30,KCB,23.75,23.75,569900.0,118500.0,13535125.0,0.0,False,False
2023-08-31,KCB,23.6,23.6,965600.0,1633370.0,22788160.0,-0.63,False,False
2023-09-01,KCB,23.45,23.45,277900.0,0.0,6516755.0,-0.64,False,False
2023-09-04,KCB,23.45,23.45,231900.0,0.0,5438055.0,,False,False
2023-09-05,KCB,23.3,23.3,279000.0,359725.0,6500700.0,-0.64,False,False
2023-09-06,KCB,23.35,23.35,151700.0,0.0,3542195.0,0.21,False,False
2023-09-07,KCB,23.4,23.4,281800.0,-2767250.0,6594120.0,0.21,False,False
2023-09-08,KCB,23.35,23.35,285100.0,0.0,6657085.0,-0.21,False,False
2023-09-11,KCB,23.45,23.45,291700.0,-5197820.0,6840365.0,,False,False
2023-09-12,KCB,23.1,23.1,1257300.0,-8157555.0,29043630.0,-1.49,False,False
2023-09-13,KCB,23.05,23.05,216300.0,184250.0,4985715.0,-0.22,False,False
2023-09-14,KCB,22.65,22.65,502000.0,528640.0,11370300.0,-1.74,False,False
2023-09-15,KCB,22.3,22.3,442400.0,519020.0,9865520.0,-1.55,False,False
2023-09-18,KCB,22.4,22.4,268000.0,369600.0,6003200.0,,False,False
2023-09-19,KCB,22.35,22.35,184500.0,-321720.0,4123575.0000000005,-0.22,False,False
2023-09-20,KCB,22.35,22.35,190400.0,-3401670.0,4255440.0,0.0,False,False
2023-09-21,KCB,22.3,22.3,109000.0,-259530.0,2430700.0,-0.22,False,False
2023-09-22,KCB,22.35,22.35,119800.0,-558750.0,2677530.0,0.22,False,False
2023-09-25,KCB,22.25,22.25,538700.0,7253780.0,11986075.0,,False,False
2023-09-26,KCB,22.05,22.05,284500.0,-135925.0,6273225.0,-0.9,False,False
2023-09-27,KCB,21.95,21.95,222400.0,-2234580.0,4881680.0,-0.45,False,False
2023-09-28,KCB,20.9,20.9,354400.0,1769800.0,7406959.999999999,-4.78,False,False
2023-09-29,KCB,20.85,20.85,1413200.0,-1225120.0,29465220.000000004,-0.24,False,False
2023-10-02,KCB,21.0,21.0,271000.0,-3913350.0,5691000.0,,False,False
2023-10-03,KCB,20.95,20.95,426200.0,-2893600.0,8928890.0,-0.24,False,False
2023-10-04,KCB,20.95,20.95,414200.0,-6265795.0,8677490.0,0.0,False,False
2023-10-05,KCB,20.95,20.95,138300.0,-1965515.0,2897385.0,0.0,False,False
2023-10-06,KCB,20.95,20.95,1678900.0,19562405.0,35172955.0,0.0,False,False
2023-10-09,KCB,20.95,20.95,94700.0,-209000.0,1983965.0,,False,False
2023-10-11,KCB,20.95,20.95,316700.0,-1274315.0,6634865.0,,False,False
2023-10-12,KCB,20.9,20.9,306000.0,-300.0,6395400.0,-0.24,False,False
2023-10-13,KCB,20.9,20.9,167000.0,-67200.0,3490299.9999999995,0.0,False,False
2023-10-16,KCB,20.65,20.65,192900.0,-1013715.0,3983384.9999999995,,False,False
2023-10-17,KCB,20.4,20.4,458900.0,-773755.0,9361560.0,-1.21,False,False
2023-10-18,KCB,20.05,20.05,470300.0,0.0,9429515.0,-1.72,False,False
2023-10-19,KCB,19.9,19.9,363200.0,3990.0,7227679.999999999,-0.75,False,False
2023-10-23,KCB,19.9,19.9,252600.0,0.0,5026740.0,,False,False
2023-10-24,KCB,19.85,19.85,61000.0,-626850.0,1210850.0,-0.25,False,False
2023-10-25,KCB,19.5,19.5,309200.0,-3692155.0,6029400.0,-1.76,False,False
2023-10-26,KCB,19.15,19.15,254900.0,-401750.0,4881335.0,-1.79,False,False
2023-10-27,KCB,18.85,18.85,305500.0,-963900.0,5758675.0,-1.57,False,False
2023-10-30,KCB,18.05,18.05,498300.0,-405300.0,8994315.0,,False,False
2023-10-31,KCB,17.5,17.5,4678400.0,36299210.0,81872000.0,-3.05,False,False
2023-11-01,KCB,17.2,17.2,373800.0,0.0,6429360.0,-1.71,False,False
2023-11-02,KCB,16.5,16.5,150800.0,-10420.0,2488200.0,-4.07,False,False
2023-11-03,KCB,16.35,16.35,1036200.0,3260790.0,16941870.0,-0.91,False,False
2023-11-06,KCB,16.0,16.0,6110800.0,72922300.0,97772800.0,,False,False
2023-11-07,KCB,15.75,15.75,1024600.0,-11197360.0,16137450.0,-1.56,False,False
2023-11-08,KCB,15.95,15.95,238400.0,-1411200.0,3802480.0,1.27,False,False
2023-11-09,KCB,15.87,15.87,1697000.0,9297495.0,26931390.0,-0.5,False,False
2023-11-10,KCB,16.1,16.1,792100.0,390070.0,12752810.000000002,1.45,False,False
2023-11-14,KCB,16.95,16.95,214900.0,-2757400.0,3642555.0,,False,False
2023-11-15,KCB,18.45,18.45,487200.0,-3611520.0,8988840.0,8.85,False,False
2023-11-16,KCB,19.08,19.08,1373900.0,-12993740.0,26214011.999999996,3.41,False,False
2023-11-17,KCB,19.37,19.37,283300.0,0.0,5487521.0,1.52,False,False
2023-11-20,KCB,20.23,20.23,319700.0,18900.0,6467531.0,,False,False
2023-11-21,KCB,20.46,20.46,249800.0,-236560.0,5110908.0,1.14,False,False
2023-11-22,KCB,20.76,20.76,374000.0,393300.0,7764240.000000001,1.47,False,False
2023-11-23,KCB,20.35,20.35,2659100.0,8572860.0,54112685.00000001,-1.97,False,False
2023-11-24,KCB,19.91,19.91,238100.0,0.0,4740571.0,-2.16,False,False
2023-11-27,KCB,19.7,19.7,1129300.0,12376190.0,22247210.0,,False,False
2023-11-28,KCB,19.13,19.13,382700.0,2052000.0,7321051.0,-2.89,False,False
2023-11-29,KCB,18.61,18.61,1263100.0,15677405.0,23506291.0,-2.72,False,False
2023-11-30,KCB,18.85,18.85,468000.0,-987525.0,8821800.0,1.29,False,False
2023-12-01,KCB,19.02,19.02,1078400.0,-4436480.0,20511168.0,0.9,False,False
2023-12-04,KCB,19.08,19.08,95800.0,-1054390.0,1827863.9999999998,,False,False
2023-12-05,KCB,19.27,19.27,149200.0,0.0,2875084.0,1.0,False,False
2023-12-06,KCB,19.25,19.25,208100.0,-115200.0,4005925.0,-0.1,False,False
2023-12-07,KCB,19.29,19.29,189000.0,-2349485.0,3645810.0,0.21,False,False
2023-12-08,KCB,19.31,19.31,1780500.0,-735160.0,34381455.0,0.1,False,False
2023-12-11,KCB,19.3,19.3,149300.0,-481250.0,2881490.0,,False,False
2023-12-13,KCB,19.25,19.25,622600.0,-2918830.0,11985050.0,,False,False
2023-12-14,KCB,19.1,19.1,159900.0,-433125.0,3054090.0,-0.78,False,False
2023-12-15,KCB,19.1,19.1,154300.0,-2749420.0,2947130.0,0.0,False,False
2023-12-18,KCB,19.3,19.3,341200.0,2410780.0,6585160.0,,False,False
2023-12-19,KCB,19.65,19.65,41200.0,103350.0,809579.9999999999,1.81,False,False
2023-12-20,KCB,21.2,21.2,169500.0,547830.0,3593400.0,7.89,False,False
2023-12-21,KCB,21.95,21.95,506400.0,3993735.0,11115480.0,3.54,False,False
2023-12-22,KCB,21.85,21.85,1136000.0,-1333690.0,24821600.0,-0.46,False,False
2023-12-27,KCB,21.65,21.65,50300.0,-13200.0,1088995.0,,False,False
2023-12-28,KCB,22.0,22.0,1406900.0,3539800.0,30951800.0,1.62,False,False
2023-12-29,KCB,21.9,21.9,244700.0,-3098850.0,5358930.0,-0.45,False,False
2024-01-02,KCB,21.95,21.95,54700.0,0.0,1200665.0,,False,False
2024-01-03,KCB,22.8,22.8,172600.0,-597500.0,3935280.0,3.87,False,False
2024-01-04,KCB,22.7,22.7,275400.0,-447920.0,6251580.0,-0.44,False,False
2024-01-05,KCB,22.55,22.55,197200.0,-26750.0,4446860.0,-0.66,False,False
2024-01-08,KCB,22.45,22.45,883800.0,271620.0,19841310.0,,False,False
2024-01-09,KCB,22.0,22.0,1074700.0,14144380.0,23643400.0,-2.0,False,False
2024-01-10,KCB,22.0,22.0,1094000.0,5568795.0,24068000.0,0.0,False,False
2024-01-11,KCB,21.95,21.95,88400.0,1012860.0,1940380.0,-0.23,False,False
2024-01-12,KCB,22.0,22.0,86500.0,0.0,1903000.0,0.23,False,False
2024-01-15,KCB,21.95,21.95,57900.0,-6555.0,1270905.0,,False,False
2024-01-16,KCB,21.5,21.5,1200300.0,-4343545.0,25806450.0,-2.05,False,False
2024-01-17,KCB,21.15,21.15,186300.0,31500.0,3940244.9999999995,-1.63,False,False
2024-01-18,KCB,21.4,21.4,54600.0,0.0,1168440.0,1.18,False,False
2024-01-19,KCB,21.7,21.7,881100.0,18494830.0,19119870.0,1.4,False,False
2024-01-22,KCB,21.6,21.6,2778200.0,58390620.0,60009120.00000001,,False,False
2024-01-23,KCB,21.05,21.05,131100.0,-280865.0,2759655.0,-2.55,False,False
2024-01-24,KCB,20.95,20.95,39700.0,0.0,831715.0,-0.48,False,False
2024-01-25,KCB,20.5,20.5,161000.0,-2274195.0,3300500.0,-2.15,False,False
2024-01-26,KCB,20.4,20.4,46200.0,-358750.0,942479.9999999999,-0.49,False,False
2024-01-29,KCB,20.05,20.05,95200.0,0.0,1908760.0,,False,False
2024-01-30,KCB,20.0,20.0,2885300.0,25432735.0,57706000.0,-0.25,False,False
2024-01-31,KCB,20.1,20.1,436500.0,0.0,8773650.0,0.5,False,False
2024-02-01,KCB,19.95,19.95,564300.0,-1500975.0,11257785.0,-0.75,False,False
2024-02-02,KCB,20.4,20.4,299700.0,811020.0,6113880.0,2.26,False,False
2024-02-05,KCB,20.4,20.4,304300.0,-1360690.0,6207720.0,,False,False
2024-02-06,KCB,20.2,20.2,320400.0,-2678350.0,6472080.0,-0.98,False,False
2024-02-07,KCB,20.45,20.45,80100.0,0.0,1638045.0,1.24,False,False
2024-02-08,KCB,20.15,20.15,195600.0,-3080150.0,3941339.9999999995,-1.47,False,False
2024-02-09,KCB,19.95,19.95,70000.0,-371020.0,1396500.0,-0.99,False,False
2024-02-12,KCB,19.2,19.2,265500.0,-3196550.0,5097600.0,,False,False
2024-02-13,KCB,19.05,19.05,348300.0,-548610.0,6635115.0,-0.78,False,False
2024-02-14,KCB,19.0,19.0,234200.0,950980.0,4449800.0,-0.26,False,False
2024-02-15,KCB,19.0,19.0,393100.0,-2111860.0,7468900.0,0.0,False,False
2024-02-16,KCB,19.85,19.85,60900.0,-407500.0,1208865.0,4.47,False,False
2024-02-19,KCB,20.1,20.1,123000.0,-1365650.0,2472300.0,,False,False
2024-02-20,KCB,20.1,20.1,1928400.0,-2919270.0,38760840.0,0.0,False,False
2024-02-21,KCB,20.05,20.05,1927700.0,-4898040.0,38650385.0,-0.25,False,False
2024-02-22,KCB,20.15,20.15,1569400.0,10455150.0,31623409.999999996,0.5,False,False
2024-02-23,KCB,20.5,20.5,1517900.0,-944790.0,31116950.0,1.74,False,False
2024-02-26,KCB,20.4,20.4,1264500.0,-18676400.0,25795800.0,,False,False
2024-02-27,KCB,20.35,20.35,3969400.0,-54612590.0,80777290.0,-0.25,False,False
2024-02-28,KCB,20.5,20.5,4734400.0,-31875955.0,97055200.0,0.74,False,False
2024-02-29,KCB,20.7,20.7,978100.0,-8607310.0,20246670.0,0.98,False,False
2024-03-01,KCB,21.2,21.2,121500.0,-1394590.0,2575800.0,2.42,False,False
2024-03-04,KCB,21.5,21.5,146600.0,-369845.0,3151900.0,,False,False
2024-03-05,KCB,21.45,21.45,223200.0,-785135.0,4787640.0,-0.23,False,False
2024-03-06,KCB,21.05,21.05,289500.0,-4526440.0,6093975.0,-1.86,False,False
2024-03-07,KCB,20.75,20.75,74800.0,-751875.0,1552100.0,-1.43,False,False
2024-03-08,KCB,20.7,20.7,525300.0,-7898355.0,10873710.0,-0.24,False,False
2024-03-11,KCB,20.9,20.9,6718700.0,-3327280.0,140420830.0,,False,False
2024-03-12,KCB,21.0,21.0,6718700.0,-336000.0,141092700.0,0.48,False,False
2024-03-13,KCB,21.95,21.95,5424300.0,88288935.0,119063385.0,4.52,False,False
2024-03-14,KCB,23.05,23.05,562700.0,-5285010.0,12970235.0,5.01,False,False
2024-03-15,KCB,24.0,24.0,2848600.0,-4347630.0,68366400.0,4.12,False,False
2024-03-18,KCB,24.1,24.1,1414000.0,-6992150.0,34077400.0,,False,False
2024-03-19,KCB,24.3,24.3,3797100.0,-20552220.0,92269530.0,0.83,False,False
2024-03-20,KCB,26.55,26.55,617400.0,-157530.0,16391970.0,9.26,False,False
2024-03-21,KCB,24.15,24.15,14975400.0,11727400.0,361655910.0,-9.04,False,False
2024-03-22,KCB,25.55,25.55,5159800.0,11649405.0,131832890.0,5.8,False,False
2024-03-25,KCB,27.2,27.2,13607700.0,-26761290.0,370129440.0,,False,False
2024-03-26,KCB,29.8,29.8,6046200.0,-17814955.0,180176760.0,9.56,False,False
2024-03-27,KCB,31.25,31.25,6177900.0,147207580.0,193059375.0,4.87,False,False
2024-03-28,KCB,30.05,30.05,2680600.0,39609660.0,80552030.0,-3.84,False,False
2024-04-02,KCB,29.95,29.95,560300.0,8038400.0,16780985.0,,False,False
2024-04-03,KCB,30.0,30.0,728500.0,8835000.0,21855000.0,0.17,False,False
2024-04-04,KCB,30.0,30.0,809800.0,19625900.0,24294000.0,0.0,False,False
2024-04-05,KCB,30.1,30.1,1973000.0,38752905.0,59387300.0,0.33,False,False
2024-04-08,KCB,30.45,30.45,4027200.0,39603855.0,122628240.0,,False,False
2024-04-09,KCB,30.45,30.45,4561300.0,86019050.0,138891585.0,0.0,False,False
2024-04-11,KCB,30.3,30.3,1523200.0,13451920.0,46152960.0,,False,False
2024-04-12,KCB,30.05,30.05,3708400.0,87790920.0,111437420.0,-0.83,False,False
2024-04-15,KCB,28.95,28.95,3397700.0,52629655.0,98363415.0,,False,False
2024-04-16,KCB,27.85,27.85,847500.0,574515.0,23602875.0,-3.8,False,False
2024-04-17,KCB,27.0,27.0,1601800.0,10032425.0,43248600.0,-3.05,False,False
2024-04-18,KCB,27.15,27.15,2857100.0,55239885.0,77570265.0,0.56,False,False
2024-04-19,KCB,27.95,27.95,1620800.0,33569855.0,45301360.0,2.95,False,False
2024-04-22,KCB,28.3,28.3,46200.0,30800.0,1307460.0,,False,False
2024-04-23,KCB,29.8,29.8,1471600.0,38046585.0,43853680.0,5.3,False,False
2024-04-24,KCB,30.0,30.0,11784500.0,334459560.0,353535000.0,0.67,False,False
2024-04-25,KCB,30.0,30.0,1700600.0,26120975.0,51018000.0,0.0,False,False
2024-04-26,KCB,30.15,30.15,5861100.0,154773405.0,176712165.0,0.5,False,False
2024-04-29,KCB,29.95,29.95,3114900.0,59850000.0,93291255.0,,False,False
2024-04-30,KCB,29.95,29.95,29.95,83369920.0,897.0024999999999,0.0,False,False
2024-05-02,KCB,29.3,29.3,56300.0,0.0,1649590.0,,False,False
2024-05-03,KCB,29.5,29.5,284500.0,-2361330.0,8392750.0,0.68,False,False
2024-05-06,KCB,29.95,29.95,590200.0,7051765.0,17676490.0,,False,False
2024-05-07,KCB,30.1,30.1,717200.0,14342765.0,21587720.0,0.5,False,False
2024-05-08,KCB,30.05,30.05,5747100.0,48067465.0,172700355.0,-0.17,False,False
2024-05-09,KCB,30.05,30.05,575300.0,8161580.0,17287765.0,0.0,False,False
2024-05-13,KCB,30.05,30.05,352400.0,5792800.0,10589620.0,,False,False
2024-05-14,KCB,30.1,30.1,270200.0,-967460.0,8133020.0,0.17,False,False
2024-05-15,KCB,30.35,30.35,1750500.0,47950365.0,53127675.0,0.83,False,False
2024-05-16,KCB,30.8,30.8,1018100.0,3285600.0,31357480.0,1.48,False,False
2024-05-17,KCB,31.85,31.85,849500.0,-9006270.0,27056575.0,3.41,False,False
2024-05-20,KCB,32.05,32.05,431000.0,1484060.0,13813549.999999998,,False,False
2024-05-21,KCB,32.2,32.2,3350000.0,-80075800.0,107870000.00000001,0.47,False,False
2024-05-22,KCB,32.2,32.2,5948000.0,73812350.0,191525600.00000003,0.0,False,False
2024-05-23,KCB,35.05,35.05,2172900.0,-50720975.0,76160145.0,8.85,False,False
2024-05-24,KCB,35.15,35.15,2336900.0,-15211280.0,82142035.0,0.29,False,False
2024-05-27,KCB,36.1,36.1,3243600.0,23297305.0,117093960.0,,False,False
2024-05-28,KCB,37.95,37.95,3751900.0,46956045.0,142384605.0,5.12,False,False
2024-05-29,KCB,37.6,37.6,133100.0,-101385.0,5004560.0,-0.92,False,False
2024-05-30,KCB,36.3,36.3,2551400.0,8848975.0,92615820.0,-3.46,False,False
2024-05-31,KCB,35.55,35.55,277700.0,499300.0,9872235.0,-2.07,False,False
2024-06-03,KCB,35.3,35.3,7803700.0,4615435.0,275470610.0,,False,False
2024-06-04,KCB,35.85,35.85,543100.0,13411785.0,19470135.0,1.56,False,False
2024-06-05,KCB,36.05,36.05,546900.0,9939285.0,19715745.0,0.56,False,False
2024-06-06,KCB,36.7,36.7,169100.0,-99805.0,6205970.000000001,1.8,False,False
2024-06-07,KCB,36.45,36.45,766800.0,15279690.0,27949860.000000004,-0.68,False,False
2024-06-10,KCB,36.1,36.1,156800.0,1460660.0,5660480.0,,False,False
2024-06-11,KCB,35.95,35.95,3361300.0,116302360.0,120838735.00000001,-0.42,False,False
2024-06-12,KCB,35.45,35.45,68000.0,-66950.0,2410600.0,-1.39,False,False
2024-06-13,KCB,35.55,35.55,2118700.0,59781575.0,75319785.0,0.28,False,False
2024-06-14,KCB,35.45,35.45,162700.0,0.0,5767715.0,-0.28,False,False
2024-06-18,KCB,34.55,34.55,176500.0,1121250.0,6098074.999999999,,False,False
2024-06-19,KCB,34.05,34.05,1046500.0,22021475.0,35633325.0,-1.45,False,False
2024-06-20,KCB,34.15,34.15,329300.0,9284150.0,11245595.0,0.29,False,False
2024-06-21,KCB,34.15,34.15,1713500.0,25541600.0,58516025.0,0.0,False,False
2024-06-24,KCB,32.85,32.85,190000.0,3310260.0,6241500.0,,False,False
2024-06-25,KCB,30.85,30.85,1408600.0,8726340.0,43455310.0,-6.09,False,False
2024-06-26,KCB,31.75,31.75,190200.0,-636000.0,6038850.0,2.92,False,False
2024-06-27,KCB,31.3,31.3,218000.0,-2512585.0,6823400.0,-1.42,False,False
2024-06-28,KCB,31.25,31.25,197300.0,-1328675.0,6165625.0,-0.16,False,False
2024-07-01,KCB,31.35,31.35,48400.0,0.0,1517340.0,,False,False
2024-07-02,KCB,31.5,31.5,1323600.0,-8100.0,41693400.0,0.48,False,False
2024-07-03,KCB,31.7,31.7,241900.0,-2540125.0,7668230.0,0.63,False,False
2024-07-04,KCB,31.6,31.6,237300.0,4392400.0,7498680.0,-0.32,False,False
2024-07-05,KCB,32.0,32.0,443400.0,11134300.0,14188800.0,1.27,False,False
2024-07-08,KCB,33.45,33.45,82500.0,-358420.0,2759625.0000000005,,False,False
2024-07-09,KCB,33.9,33.9,890500.0,6857270.0,30187950.0,1.35,False,False
2024-07-10,KCB,35.6,35.6,218600.0,1605610.0,7782160.0,5.01,False,False
2024-07-11,KCB,34.9,34.9,238100.0,1508480.0,8309690.0,-1.97,False,False
2024-07-12,KCB,34.15,34.15,85600.0,0.0,2923240.0,-2.15,False,False
2024-07-15,KCB,34.65,34.65,77700.0,-1144040.0,2692305.0,,False,False
2024-07-16,KCB,34.2,34.2,90200.0,0.0,3084840.0000000005,-1.3,False,False
2024-07-17,KCB,34.45,34.45,653400.0,14633810.0,22509630.0,0.73,False,False
2024-07-18,KCB,34.3,34.3,317000.0,4442110.0,10873100.0,-0.44,False,False
2024-07-19,KCB,34.0,34.0,124800.0,115600.0,4243200.0,-0.87,False,False
2024-07-22,KCB,33.45,33.45,106000.0,0.0,3545700.0000000005,,False,False
2024-07-23,KCB,32.8,32.8,118100.0,-136400.0,3873679.9999999995,-1.94,False,False
2024-07-24,KCB,32.75,32.75,328300.0,-48450.0,10751825.0,-0.15,False,False
2024-07-25,KCB,32.1,32.1,706300.0,-720000.0,22672230.0,-1.98,False,False
2024-07-26,KCB,31.8,31.8,43100.0,0.0,1370580.0,-0.93,False,False
2024-07-29,KCB,31.7,31.7,811900.0,21818255.0,25737230.0,,False,False
2024-07-30,KCB,31.2,31.2,1711700.0,9300.0,53405040.0,-1.58,False,False
2024-07-31,KCB,30.5,30.5,292600.0,263610.0,8924300.0,-2.24,False,False
2024-08-01,KCB,30.6,30.6,43500.0,0.0,1331100.0,0.33,False,False
2024-08-02,KCB,30.8,30.8,189500.0,0.0,5836600.0,0.65,False,False
2024-08-05,KCB,30.45,30.45,123500.0,-307000.0,3760575.0,,False,False
2024-08-06,KCB,30.0,30.0,4691600.0,0.0,140748000.0,-1.48,False,False
2024-08-07,KCB,29.5,29.5,2317400.0,61710510.0,68363300.0,-1.67,False,False
2024-08-08,KCB,29.8,29.8,7194200.0,95794125.0,214387160.0,1.02,False,False
2024-08-09,KCB,30.0,30.0,319400.0,0.0,9582000.0,0.67,False,False
2024-08-12,KCB,30.0,30.0,112100.0,-107655.0,3363000.0,,False,False
2024-08-13,KCB,29.95,29.95,1069300.0,24280485.0,32025535.0,-0.17,False,False
2024-08-14,KCB,29.9,29.9,165800.0,0.0,4957420.0,-0.17,False,False
2024-08-15,KCB,29.35,29.35,241600.0,0.0,7090960.0,-1.84,False,False
2024-08-16,KCB,29.85,29.85,2638600.0,0.0,78762210.0,1.7,False,False
2024-08-19,KCB,29.4,29.4,31500.0,0.0,926100.0,,False,False
2024-08-20,KCB,29.85,29.85,1530400.0,459270.0,45682440.0,1.53,False,False
2024-08-21,KCB,29.9,29.9,1463200.0,645750.0,43749680.0,0.17,False,False
2024-08-22,KCB,32.25,32.25,1195800.0,1602500.0,38564550.0,7.86,False,False
2024-08-23,KCB,31.95,31.95,1758200.0,27571925.0,56174490.0,-0.93,False,False
2024-08-26,KCB,31.65,31.65,750700.0,2428650.0,23759655.0,,False,False
2024-08-27,KCB,31.5,31.5,3610300.0,10054800.0,113724450.0,-0.47,False,False
2024-08-28,KCB,31.2,31.2,2240500.0,441000.0,69903600.0,-0.95,False,False
2024-08-29,KCB,31.35,31.35,539700.0,976500.0,16919595.0,0.48,False,False
2024-08-30,KCB,31.75,31.75,977900.0,4801800.0,31048325.0,1.28,False,False
2024-09-02,KCB,32.3,32.3,397200.0,2016000.0,12829559.999999998,,False,False
2024-09-03,KCB,33.3,33.3,240600.0,0.0,8011979.999999999,3.1,False,False
2024-09-04,KCB,33.1,33.1,1812100.0,36374100.0,59980510.0,-0.6,False,False
2024-09-05,KCB,33.8,33.8,172600.0,2368770.0,5833879.999999999,2.11,False,False
2024-09-06,KCB,33.7,33.7,475400.0,11723490.0,16020980.000000002,-0.3,False,False
2024-09-09,KCB,34.95,34.95,3071000.0,94962125.0,107331450.00000001,,False,False
2024-09-10,KCB,34.85,34.85,97200.0,-483030.0,3387420.0,-0.29,False,False
2024-09-11,KCB,34.5,34.5,1840500.0,41096230.0,63497250.0,-1.0,False,False
2024-09-12,KCB,33.9,33.9,270100.0,0.0,9156390.0,-1.74,False,False
2024-09-13,KCB,32.4,32.4,3055300.0,82322390.0,98991720.0,-4.42,False,False
2024-09-16,KCB,32.9,32.9,174200.0,-759000.0,5731180.0,,False,False
2024-09-17,KCB,32.9,32.9,82600.0,1948380.0,2717540.0,0.0,False,False
2024-09-18,KCB,33.0,33.0,2066600.0,7273200.0,68197800.0,0.3,False,False
2024-09-19,KCB,33.35,33.35,227200.0,1435500.0,7577120.0,1.06,False,False
2024-09-20,KCB,33.85,33.85,2261400.0,41225915.0,76548390.0,1.5,False,False
2024-09-23,KCB,33.75,33.75,1637400.0,0.0,55262250.0,,False,False
2024-09-24,KCB,34.85,34.85,224400.0,341300.0,7820340.0,3.26,False,False
2024-09-25,KCB,35.3,35.3,517500.0,0.0,18267750.0,1.29,False,False
2024-09-26,KCB,35.15,35.15,1806300.0,7854200.0,63491445.0,-0.42,False,False
2024-09-27,KCB,35.0,35.0,440000.0,676750.0,15400000.0,-0.43,False,False
2024-09-30,KCB,34.7,34.7,692000.0,2678700.0,24012400.000000004,,False,False
2024-10-01,KCB,34.65,34.65,121200.0,0.0,4199580.0,-0.14,False,False
2024-10-02,KCB,35.05,35.05,3037500.0,1501500.0,106464374.99999999,1.15,False,False
2024-10-03,KCB,35.25,35.25,452900.0,1410440.0,15964725.0,0.57,False,False
2024-10-04,KCB,35.2,35.2,79900.0,0.0,2812480.0,-0.14,False,False
2024-10-07,KCB,35.3,35.3,67100.0,0.0,2368630.0,,False,False
2024-10-08,KCB,35.45,35.45,369100.0,0.0,13084595.000000002,0.42,False,False
2024-10-09,KCB,36.25,36.25,1921800.0,23793990.0,69665250.0,2.26,False,False
2024-10-11,KCB,36.65,36.65,757500.0,0.0,27762375.0,,False,False
2024-10-14,KCB,36.5,36.5,351300.0,0.0,12822450.0,,False,False
2024-10-15,KCB,36.5,36.5,201300.0,0.0,7347450.0,0.0,False,False
2024-10-16,KCB,36.8,36.8,791900.0,-16358130.0,29141919.999999996,0.82,False,False
2024-10-17,KCB,38.25,38.25,7736800.0,-65542850.0,295932600.0,3.94,False,False
2024-10-18,KCB,39.05,39.05,742400.0,-20765490.0,28990719.999999996,2.09,False,False
2024-10-22,KCB,39.05,39.05,472300.0,2054700.0,18443315.0,,False,False
2024-10-23,KCB,37.95,37.95,935800.0,-17401780.0,35513610.0,-2.82,False,False
2024-10-24,KCB,37.55,37.55,178400.0,397500.0,6698919.999999999,-1.05,False,False
2024-10-25,KCB,37.55,37.55,756500.0,-8265810.0,28406574.999999996,0.0,False,False
2024-10-28,KCB,38.6,38.6,986200.0,27689635.0,38067320.0,,False,False
2024-10-29,KCB,38.95,38.95,1753300.0,4733270.0,68291035.0,0.91,False,False
2024-10-30,KCB,38.3,38.3,230500.0,11720.0,8828150.0,-1.67,False,False
2024-10-31,KCB,38.5,38.5,622200.0,-500185.0,23954700.0,0.52,False,False
2024-11-04,KCB,37.55,37.55,317800.0,562800.0,11933390.0,,False,False
2024-11-05,KCB,38.4,38.4,3824900.0,-25132000.0,146876160.0,2.26,False,False
2024-11-06,KCB,38.5,38.5,236900.0,0.0,9120650.0,0.26,False,False
2024-11-07,KCB,38.45,38.45,77400.0,0.0,2976030.0,-0.13,False,False
2024-11-08,KCB,39.0,39.0,1705600.0,41327560.0,66518400.0,1.43,False,False
2024-11-11,KCB,39.15,39.15,134900.0,657650.0,5281335.0,,False,False
2024-11-12,KCB,39.35,39.35,168800.0,-454380.0,6642280.0,0.51,False,False
2024-11-13,KCB,39.4,39.4,1051700.0,15584240.0,41436980.0,0.13,False,False
2024-11-14,KCB,39.55,39.55,1153900.0,-26775530.0,45636745.0,0.38,False,False
2024-11-15,KCB,39.1,39.1,89700.0,639460.0,3507270.0,-1.14,False,False
2024-11-18,KCB,39.35,39.35,1913100.0,-37612310.0,75280485.0,,False,False
2024-11-19,KCB,39.25,39.25,325200.0,478510.0,12764100.0,-0.25,False,False
2024-11-20,KCB,39.15,39.15,1133300.0,-6765710.0,44368695.0,-0.25,False,False
2024-11-21,KCB,39.3,39.3,1652000.0,56109915.0,64923599.99999999,0.38,False,False
2024-11-22,KCB,39.05,39.05,240900.0,25260.0,9407145.0,-0.64,False,False
2024-11-25,KCB,39.2,39.2,294500.0,-249950.0,11544400.0,,False,False
2024-11-26,KCB,38.1,38.1,344800.0,0.0,13136880.0,-2.81,False,False
2024-11-27,KCB,38.35,38.35,115800.0,0.0,4440930.0,0.66,False,False
2024-11-28,KCB,38.5,38.5,278900.0,0.0,10737650.0,0.39,False,False
2024-11-29,KCB,38.4,38.4,164000.0,7660.0,6297600.0,-0.26,False,False
2024-12-02,KCB,38.0,38.0,161100.0,0.0,6121800.0,,False,False
2024-12-03,KCB,38.15,38.15,114500.0,38150.0,4368175.0,0.39,False,False
2024-12-04,KCB,37.9,37.9,88800.0,68960.0,3365520.0,-0.66,False,False
2024-12-05,KCB,37.95,37.95,2724600.0,-75900000.0,103398570.00000001,0.13,False,False
2024-12-06,KCB,37.95,37.95,63200.0,0.0,2398440.0,0.0,False,False
2024-12-09,KCB,37.9,37.9,172300.0,-380000.0,6530170.0,,False,False
2024-12-10,KCB,39.25,39.25,189500.0,0.0,7437875.0,3.56,False,False
2024-12-11,KCB,39.25,39.25,3126800.0,-117835910.0,122726900.0,0.0,False,False
2024-12-13,KCB,39.5,39.5,1559900.0,0.0,61616050.0,,False,False
2024-12-16,KCB,39.5,39.5,1149300.0,-5036650.0,45397350.0,,False,False
2024-12-17,KCB,39.55,39.55,161200.0,0.0,6375460.0,0.13,False,False
2024-12-18,KCB,39.6,39.6,1400700.0,-30859200.0,55467720.0,0.13,False,False
2024-12-19,KCB,39.55,39.55,71200.0,-925010.0,2815960.0,-0.13,False,False
2024-12-20,KCB,39.65,39.65,726700.0,709765.0,28813655.0,0.25,False,False
2024-12-23,KCB,39.5,39.5,1152700.0,1113900.0,45531650.0,,False,False
2024-12-24,KCB,39.55,39.55,194900.0,0.0,7708294.999999999,0.13,False,False
2024-12-27,KCB,39.95,39.95,89500.0,0.0,3575525.0000000005,,False,False
2024-12-30,KCB,40.0,40.0,959600.0,-26000000.0,38384000.0,,False,False
2024-12-31,KCB,41.6,41.6,136800.0,-20700.0,5690880.0,4.0,False,False
2025-01-02,KCB,42.4,42.4,262600.0,831600.0,11134240.0,,False,False
2025-01-03,KCB,42.8,42.8,485500.0,0.0,20779400.0,0.94,False,False
2025-01-06,KCB,42.9,42.9,1478700.0,268380.0,63436230.0,,False,False
2025-01-07,KCB,43.0,43.0,4293000.0,-126957540.0,184599000.0,0.23,False,False
2025-01-08,KCB,42.8,42.8,2043800.0,-54782460.0,87474640.0,-0.47,False,False
2025-01-09,KCB,42.9,42.9,186700.0,0.0,8009430.0,0.23,False,False
2025-01-10,KCB,43.3,43.3,201800.0,0.0,8737940.0,0.93,False,False
2025-01-13,KCB,43.45,43.45,433300.0,-4864375.0,18826885.0,,False,False
2025-01-14,KCB,43.45,43.45,1723300.0,-26913450.0,74877385.0,0.0,False,False
2025-01-15,KCB,43.3,43.3,292100.0,-942025.0,12647930.0,-0.35,False,False
2025-01-16,KCB,43.15,43.15,2374900.0,297050.0,102476935.0,-0.35,False,False
2025-01-17,KCB,42.95,42.95,2492400.0,7897725.0,107048580.0,-0.46,False,False
2025-01-20,KCB,43.1,43.1,2049400.0,-26982165.0,88329140.0,,False,False
2025-01-21,KCB,43.6,43.6,941600.0,-16965.0,41053760.0,1.16,False,False
2025-01-22,KCB,44.05,44.05,2777900.0,-59403900.0,122366494.99999999,1.03,False,False
2025-01-23,KCB,45.35,45.35,4668200.0,-68682245.0,211702870.0,2.95,False,False
2025-01-24,KCB,45.8,45.8,596200.0,-2473575.0,27305960.0,0.99,False,False
2025-01-27,KCB,45.35,45.35,1005500.0,-19970640.0,45599425.0,,False,False
2025-01-28,KCB,45.1,45.1,1386800.0,-54251250.0,62544680.0,-0.55,False,False
2025-01-29,KCB,44.65,44.65,556500.0,-8913580.0,24847725.0,-1.0,False,False
2025-01-30,KCB,43.75,43.75,355800.0,-396060.0,15566250.0,-2.02,False,False
2025-01-31,KCB,42.75,42.75,594800.0,-3481970.0,25427700.0,-2.29,False,False
2025-02-03,KCB,43.45,43.45,1201900.0,-33827110.0,52222555.0,,False,False
2025-02-04,KCB,44.55,44.55,1950400.0,-59688195.0,86890320.0,2.53,False,False
2025-02-05,KCB,45.1,45.1,4879000.0,-175444850.0,220042900.0,1.23,False,False
2025-02-06,KCB,45.1,45.1,3840800.0,-45100000.0,173220080.0,0.0,False,False
2025-02-07,KCB,45.05,45.05,416600.0,2764190.0,18767830.0,-0.11,False,False
2025-02-10,KCB,44.95,44.95,1125100.0,-7069500.0,50573245.0,,False,False
2025-02-11,KCB,45.15,45.15,1641700.0,3953715.0,74122755.0,0.44,False,False
2025-02-12,KCB,44.9,44.9,133900.0,0.0,6012110.0,-0.55,False,False
2025-02-13,KCB,45.05,45.05,297300.0,540000.0,13393365.0,0.33,False,False
2025-02-14,KCB,45.2,45.2,1254800.0,-37792315.0,56716960.0,0.33,False,False
2025-02-17,KCB,45.05,45.05,1083600.0,-45019730.0,48816180.0,,False,False
2025-02-18,KCB,45.1,45.1,1989200.0,-65159440.0,89712920.0,0.11,False,False
2025-02-19,KCB,45.0,45.0,718400.0,-40680.0,32328000.0,-0.22,False,False
2025-02-20,KCB,44.9,44.9,6831200.0,47725335.0,306720880.0,-0.22,False,False
2025-02-21,KCB,43.95,43.95,7376800.0,205098265.0,324210360.0,-2.12,False,False
2025-02-24,KCB,44.95,44.95,1090800.0,-1105.0,49031460.0,,False,False
2025-02-25,KCB,44.9,44.9,504100.0,-4089680.0,22634090.0,-0.11,False,False
2025-02-26,KCB,44.7,44.7,5055800.0,-3047680.0,225994260.0,-0.45,False,False
2025-02-27,KCB,44.8,44.8,7286700.0,-517260.0,326444160.0,0.22,False,False
2025-02-28,KCB,44.95,44.95,158400.0,-4239000.0,7120080.0,0.33,False,False
2025-03-03,KCB,44.6,44.6,1474100.0,-14137985.0,65744860.0,,False,False
2025-03-04,KCB,44.55,44.55,651400.0,-25501435.0,29019870.0,-0.11,False,False
2025-03-05,KCB,44.45,44.45,2283800.0,-22751740.0,101514910.0,-0.22,False,False
2025-03-06,KCB,44.5,44.5,4295300.0,-18929535.0,191140850.0,0.11,False,False
2025-03-07,KCB,44.75,44.75,3115500.0,-91097130.0,139418625.0,0.56,False,False
2025-03-10,KCB,44.5,44.5,922600.0,-8991950.0,41055700.0,,False,False
2025-03-11,KCB,44.45,44.45,2293800.0,-42066540.0,101959410.0,-0.11,False,False
2025-03-12,KCB,44.1,44.1,1454300.0,-51514495.0,64134630.0,-0.79,False,False
2025-03-13,KCB,40.1,40.1,5618100.0,80021435.0,225285810.0,-9.07,False,False
2025-03-14,KCB,42.15,42.15,8150500.0,18759890.0,343543575.0,5.11,False,False
2025-03-17,KCB,42.25,42.25,1719400.0,-66666275.0,72644650.0,,False,False
2025-03-18,KCB,42.45,42.45,240500.0,0.0,10209225.0,0.47,False,False
2025-03-19,KCB,42.45,42.45,4705700.0,-14162200.0,199756965.0,0.0,False,False
2025-03-20,KCB,42.5,42.5,4681400.0,-32525890.0,198959500.0,0.12,False,False
2025-03-21,KCB,42.0,42.0,2022900.0,15482080.0,84961800.0,-1.18,False,False
2025-03-24,KCB,41.7,41.7,110500.0,-369680.0,4607850.0,,False,False
2025-03-25,KCB,42.0,42.0,621400.0,7245880.0,26098800.0,0.72,False,False
2025-03-26,KCB,42.05,42.05,792200.0,-2197975.0,33312009.999999996,0.12,False,False
2025-03-27,KCB,42.05,42.05,414200.0,-126000.0,17417110.0,0.0,False,False
2025-03-28,KCB,42.15,42.15,497200.0,-1354040.0,20956980.0,0.24,False,False
2025-04-01,KCB,42.05,42.05,249000.0,2903865.0,10470450.0,,False,False
2025-04-02,KCB,41.9,41.9,948600.0,8813915.0,39746340.0,-0.36,False,False
2025-04-03,KCB,41.5,41.5,388400.0,2114000.0,16118600.0,-0.95,False,False
2025-04-04,KCB,39.75,39.75,2490900.0,5499655.0,99013275.0,-4.22,False,False
2025-04-07,KCB,38.4,38.4,347400.0,-152040.0,13340160.0,,False,False
2025-04-08,KCB,37.95,37.95,218500.0,-908370.0,8292075.000000001,-1.17,False,False
2025-04-09,KCB,35.3,35.3,1522900.0,-5678100.0,53758369.99999999,-6.98,False,False
2025-04-10,KCB,37.55,37.55,799500.0,-7957420.0,30021224.999999996,6.37,False,False
2025-04-11,KCB,38.3,38.3,5252500.0,-195124930.0,201170749.99999997,2.0,False,False
2025-04-14,KCB,39.6,39.6,2865100.0,-11799910.0,113457960.0,,False,False
2025-04-15,KCB,38.0,38.0,2664200.0,22072795.0,101239600.0,-4.04,False,False
2025-04-16,KCB,38.3,38.3,4296300.0,-134050000.0,164548290.0,0.79,False,False
2025-04-17,KCB,38.25,38.25,1370900.0,-46161965.0,52436925.0,-0.13,False,False
2025-04-22,KCB,40.55,40.55,6766600.0,-65223525.0,274385630.0,,False,False
2025-04-23,KCB,39.35,39.35,103800.0,0.0,4084530.0,-2.96,False,False
2025-04-24,KCB,38.5,38.5,555200.0,-19226900.0,21375200.0,-2.16,False,False
2025-04-25,KCB,38.5,38.5,1189700.0,-37445460.0,45803450.0,0.0,False,False
2025-04-28,KCB,38.45,38.45,55900.0,0.0,2149355.0,,False,False
2025-04-29,KCB,38.25,38.25,72400.0,3850.0,2769300.0,-0.52,False,False
2025-04-30,KCB,38.45,38.45,163900.0,1308410.0,6301955.000000001,0.52,False,False
2025-05-02,KCB,38.55,38.55,132400.0,1543280.0,5104020.0,,False,False
2025-05-05,KCB,38.4,38.4,219200.0,-437650.0,8417280.0,,False,False
2025-05-06,KCB,38.5,38.5,1169200.0,-458150.0,45014200.0,0.26,False,False
2025-05-07,KCB,38.55,38.55,389800.0,-7303520.0,15026789.999999998,0.13,False,False
2025-05-08,KCB,38.5,38.5,1990300.0,-67371175.0,76626550.0,-0.13,False,False
2025-05-09,KCB,38.5,38.5,2150100.0,-79401930.0,82778850.0,0.0,False,False
2025-05-12,KCB,38.45,38.45,331400.0,-11379915.0,12742330.000000002,,False,False
2025-05-13,KCB,39.9,39.9,1991700.0,-41258850.0,79468830.0,3.77,False,False
2025-05-14,KCB,40.9,40.9,1433100.0,-43726540.0,58613790.0,2.51,False,False
2025-05-15,KCB,42.6,42.6,1582800.0,-22580200.0,67427280.0,4.16,False,False
2025-05-16,KCB,42.85,42.85,1770200.0,-39861975.0,75853070.0,0.59,False,False
2025-05-19,KCB,42.8,42.8,3375000.0,-128550000.0,144450000.0,,False,False
2025-05-20,KCB,42.7,42.7,672200.0,0.0,28702940.000000004,-0.23,False,False
2025-05-21,KCB,42.2,42.2,347200.0,-1609725.0,14651840.000000002,-1.17,False,False
2025-05-22,KCB,41.65,41.65,391000.0,-6203940.0,16285150.0,-1.3,False,False
2025-05-23,KCB,40.8,40.8,248100.0,2367650.0,10122480.0,-2.04,False,False
2025-05-26,KCB,40.8,40.8,407500.0,2379650.0,16625999.999999998,,False,False
2025-05-27,KCB,41.35,41.35,160100.0,-468025.0,6620135.0,1.35,False,False
2025-05-28,KCB,41.85,41.85,405900.0,-8148380.0,16986915.0,1.21,False,False
2025-05-29,KCB,42.25,42.25,168700.0,-3615300.0,7127575.0,0.96,False,False
2025-05-30,KCB,42.1,42.1,802500.0,-16305955.0,33785250.0,-0.36,False,False
2025-06-03,KCB,43.4,43.4,788600.0,-13421435.0,34225240.0,,False,False
2025-06-04,KCB,43.0,43.0,476800.0,-4775665.0,20502400.0,-0.92,False,False
2025-06-05,KCB,43.35,43.35,165400.0,1744700.0,7170090.0,0.81,False,False
2025-06-09,KCB,43.2,43.2,1002700.0,-37325615.0,43316640.0,,False,False
2025-06-10,KCB,43.25,43.25,1994100.0,-58899050.0,86244825.0,0.12,False,False
2025-06-11,KCB,43.5,43.5,1559900.0,-35455065.0,67855650.0,0.58,False,False
2025-06-12,KCB,44.3,44.3,1465700.0,-22020600.0,64930509.99999999,1.84,False,False
2025-06-13,KCB,44.55,44.55,16815200.0,-7493005.0,749117160.0,0.56,False,False
2025-06-16,KCB,44.45,44.45,365100.0,0.0,16228695.000000002,,False,False
2025-06-17,KCB,43.95,43.95,825200.0,-1349265.0,36267540.0,-1.12,False,False
2025-06-18,KCB,44.15,44.15,1089700.0,-2225000.0,48110255.0,0.46,False,False
2025-06-19,KCB,43.55,43.55,2993400.0,4400.0,130362569.99999999,-1.36,False,False
2025-06-20,KCB,43.6,43.6,81000.0,0.0,3531600.0,0.11,False,False
2025-06-23,KCB,43.55,43.55,409500.0,0.0,17833725.0,,False,False
2025-06-24,KCB,44.0,44.0,891100.0,-22215600.0,39208400.0,1.03,False,False
2025-06-25,KCB,44.45,44.45,916700.0,-10289500.0,40747315.0,1.02,False,False
2025-06-26,KCB,45.3,45.3,1244200.0,-19131460.0,56362260.0,1.91,False,False
2025-06-27,KCB,46.5,46.5,3931100.0,19037455.0,182796150.0,2.65,False,False
2025-06-30,KCB,46.6,46.6,5505200.0,-8326500.0,256542320.0,,False,False
2025-07-01,KCB,46.3,46.3,1356800.0,-46341350.0,62819839.99999999,-0.64,False,False
2025-07-02,KCB,46.6,46.6,2214300.0,-6273815.0,103186380.0,0.65,False,False
2025-07-03,KCB,46.4,46.4,17187200.0,-128124435.0,797486080.0,-0.43,False,False
2025-07-04,KCB,47.0,47.0,4016200.0,-56400000.0,188761400.0,1.29,False,False
2025-07-07,KCB,47.0,47.0,3020100.0,-135900300.0,141944700.0,,False,False
2025-07-08,KCB,47.3,47.3,1225600.0,-23424660.0,57970880.0,0.64,False,False
2025-07-09,KCB,46.5,46.5,187400.0,851465.0,8714100.0,-1.69,False,False
2025-07-10,KCB,46.5,46.5,2858900.0,-105859425.0,132938850.0,0.0,False,False
2025-07-11,KCB,46.4,46.4,53800.0,0.0,2496320.0,-0.22,False,False
2025-07-14,KCB,46.15,46.15,314400.0,-923085.0,14509560.0,,False,False
2025-07-15,KCB,46.35,46.35,371300.0,2322500.0,17209755.0,0.43,False,False
2025-07-16,KCB,45.9,45.9,456700.0,-8494895.0,20962530.0,-0.97,False,False
2025-07-17,KCB,45.9,45.9,4410800.0,-185930890.0,202455720.0,0.0,False,False
2025-07-18,KCB,46.2,46.2,3153400.0,-72355940.0,145687080.0,0.65,False,False
2025-07-21,KCB,46.9,46.9,4056300.0,-99403460.0,190240470.0,,False,False
2025-07-22,KCB,47.55,47.55,6390600.0,-12508610.0,303873030.0,1.39,False,False
2025-07-23,KCB,48.25,48.25,12413200.0,-54332175.0,598936900.0,1.47,False,False
2025-07-24,KCB,47.3,47.3,480300.0,10727135.0,22718190.0,-1.97,False,False
2025-07-25,KCB,47.5,47.5,160000.0,0.0,7600000.0,0.42,False,False
2025-07-28,KCB,47.1,47.1,167900.0,0.0,7908090.0,,False,False
2025-07-29,KCB,47.3,47.3,133000.0,0.0,6290900.0,0.42,False,False
2025-07-30,KCB,47.35,47.35,1842100.0,33975455.0,87223435.0,0.11,False,False
2025-07-31,KCB,47.4,47.4,664600.0,997010.0,31502040.0,0.11,False,False
2025-08-01,KCB,47.3,47.3,933700.0,23290750.0,44164010.0,-0.21,False,False
2025-08-04,KCB,47.05,47.05,337000.0,-12216710.0,15855849.999999998,,False,False
2025-08-05,KCB,47.15,47.15,118800.0,4730.0,5601420.0,0.21,False,False
2025-08-06,KCB,47.5,47.5,932400.0,-26126000.0,44289000.0,0.74,False,False
2025-08-07,KCB,48.05,48.05,4486100.0,-67092005.0,215557105.0,1.16,False,False
2025-08-08,KCB,48.35,48.35,153659.0,0.0,7429412.65,0.62,False,False
2025-08-11,KCB,48.35,48.35,198056.0,0.0,9576007.6,,False,False
2025-08-12,KCB,48.5,48.5,1142044.0,-29367129.3,55389134.0,0.31,False,False
2025-08-13,KCB,49.35,49.35,2391164.0,-72566209.85,118003943.4,1.75,False,False
2025-08-14,KCB,52.75,52.75,2930493.0,27274163.75,154583505.75,6.89,False,False
2025-08-15,KCB,54.0,54.0,1254013.0,28135636.0,67716702.0,2.37,False,False
2025-08-18,KCB,54.5,54.5,3342604.0,88876298.0,182171918.0,,False,False
2025-08-19,KCB,54.5,54.5,2324799.0,105316750.5,126701545.5,0.0,False,False
2025-08-20,KCB,54.5,54.5,6284884.0,-1053975.5,342526178.0,0.0,False,False
2025-08-21,KCB,54.0,54.0,674881.0,0.0,36443574.0,-0.92,False,False
2025-08-22,KCB,54.0,54.0,779757.0,0.0,42106878.0,0.0,False,False
2025-08-25,KCB,54.0,54.0,446677.0,-11335868.0,24120558.0,,False,False
2025-08-26,KCB,54.0,54.0,771618.0,-17711859.0,41667372.0,0.0,False,False
2025-08-27,KCB,53.75,53.75,824327.0,-11408977.0,44307576.25,-0.46,False,False
2025-08-28,KCB,54.0,54.0,1316020.0,34194352.5,71065080.0,0.47,False,False
2025-08-29,KCB,54.25,54.25,1327226.0,27187081.5,72002010.5,0.46,False,False
2025-09-01,KCB,54.25,54.25,3097439.0,-521927.75,168036065.75,,False,False
2025-09-02,KCB,54.0,54.0,3884331.0,37976987.25,209753874.0,-0.46,False,False
2025-09-03,KCB,53.75,53.75,4324502.0,53333121.0,232441982.5,-0.46,False,False
2025-09-04,KCB,50.5,50.5,6057879.0,-734319.25,305922889.5,-6.05,False,False
2025-09-05,KCB,51.0,51.0,743163.0,2030000.0,37901313.0,0.99,False,False
2025-09-08,KCB,51.25,51.25,1970332.0,-9600157.5,100979515.0,,False,False
2025-09-09,KCB,51.75,51.75,1366206.0,-1925204.75,70701160.5,0.98,False,False
2025-09-10,KCB,52.25,52.25,2393751.0,14284086.25,125073489.75,0.97,False,False
2025-09-11,KCB,53.0,53.0,5376659.0,-1518630.5,284962927.0,1.44,False,False
2025-09-12,KCB,53.0,53.0,2331286.0,-1138529.5,123558158.0,0.0,False,False
2025-09-15,KCB,53.0,53.0,698706.0,1861520.5,37031418.0,0.0,False,False
2025-09-16,KCB,53.0,53.0,4727022.0,-2174374.25,250532166.0,0.0,False,False
2025-09-17,KCB,53.0,53.0,10596467.0,-535738494.5,561612751.0,0.0,False,False
2025-09-18,KCB,53.25,53.25,995737.0,3663428.5,53022995.25,0.47,False,False
2025-09-19,KCB,53.75,53.75,1451788.0,0.0,78033605.0,0.94,False,False
2025-09-22,KCB,54.25,54.25,1726003.0,27000.0,93635662.75,0.93,False,False
2025-09-23,KCB,55.5,55.5,11473519.0,110889772.5,636780304.5,2.3,False,False
2025-09-24,KCB,57.5,57.5,26772968.0,-37379156.5,1539445660.0,3.6,False,False
2025-09-25,KCB,57.0,57.0,11784767.0,28782568.5,671731719.0,-0.87,False,False
2025-09-26,KCB,57.0,57.0,752896.0,31993701.0,42915072.0,0.0,False,False
2025-09-29,KCB,56.75,56.75,172002.0,5633999.5,9761113.5,-0.44,False,False
2025-09-30,KCB,56.75,56.75,484280.0,3571978.0,27482890.0,0.0,False,False
2025-10-01,KCB,56.5,56.5,1747935.0,94699308.5,98758327.5,-0.44,False,False
2025-10-02,KCB,57.0,57.0,754872.0,36729478.25,43027704.0,0.88,False,False
2025-10-03,KCB,57.0,57.0,1743338.0,79501460.5,99370266.0,0.0,False,False
2025-10-06,KCB,56.5,56.5,129795.0,2646129.5,7333417.5,-0.88,False,False
2025-10-07,KCB,56.75,56.75,1175747.0,42801060.5,66723642.25,0.44,False,False
2025-10-08,KCB,56.5,56.5,1343656.0,28375000.0,75916564.0,-0.44,False,False
2025-10-09,KCB,56.5,56.5,455354.0,16848493.25,25727501.0,0.0,False,False
2025-10-13,KCB,57.25,57.25,608364.0,28697027.25,34828839.0,1.33,False,False
2025-10-14,KCB,57.5,57.5,769777.0,35290907.5,44262177.5,0.44,False,False
2025-10-15,KCB,57.0,57.0,227308.0,11392058.75,12956556.0,-0.87,False,False
2025-10-16,KCB,57.0,57.0,2329152.0,9876504.0,132761664.0,0.0,False,False
2025-10-21,KCB,57.75,57.75,779143.0,22783433.75,44995508.25,1.32,False,False
2025-10-22,KCB,58.25,58.25,1314368.0,9826529.25,76561936.0,0.87,False,False
2025-10-23,KCB,58.25,58.25,338448.0,16942467.5,19714596.0,0.0,False,False
2025-10-24,KCB,58.25,58.25,2110423.0,-2675338.25,122932139.75,0.0,False,False
2025-10-27,KCB,58.0,58.0,150796.0,4113372.0,8746168.0,-0.43,False,False
2025-10-28,KCB,58.75,58.75,446773.0,8826302.25,26247913.75,1.29,False,False
2025-10-29,KCB,59.75,59.75,2242583.0,62100474.0,133994334.25,1.7,False,False
2025-10-30,KCB,60.75,60.75,217941.0,474954.75,13239915.75,1.67,False,False
2025-10-31,KCB,61.5,61.5,809545.0,1757511.75,49787017.5,1.23,False,False
2025-11-03,KCB,61.75,61.75,177345.0,2125271.0,10951053.75,0.41,False,False
2025-11-04,KCB,62.0,62.0,456242.0,-13202728.0,28287004.0,0.4,False,False
2025-11-05,KCB,63.25,63.25,531394.0,4340247.75,33610670.5,2.02,False,False
2025-11-06,KCB,69.0,69.0,3388377.0,150061330.25,233798013.0,9.09,False,False
2025-11-07,KCB,70.0,70.0,1042890.0,11222945.5,73002300.0,1.45,False,False
2025-11-10,KCB,69.5,69.5,1414202.0,-2337898.0,98287039.0,-0.71,False,False
2025-11-11,KCB,67.75,67.75,1978600.0,93784811.5,134050150.0,-2.52,False,False
2025-11-12,KCB,65.75,65.75,2008275.0,7752158.75,132044081.25,-2.95,False,False
2025-11-13,KCB,65.0,65.0,2222519.0,96341738.0,144463735.0,-1.14,False,False
2025-11-14,KCB,65.0,65.0,589051.0,5525000.0,38288315.0,0.0,False,False
2025-11-17,KCB,65.0,65.0,626869.0,6566300.0,40746485.0,0.0,False,False
2025-11-18,KCB,65.0,65.0,1645442.0,-871825.25,106953730.0,0.0,False,False
2025-11-19,KCB,65.5,65.5,4957666.0,35080883.0,324727123.0,0.77,False,False
2025-11-20,KCB,65.0,65.0,960543.0,-43470286.5,62435295.0,-0.76,False,False
2025-11-21,KCB,64.25,64.25,459125.0,10795.0,29498781.25,-1.15,False,False
2025-11-24,KCB,61.0,61.0,437945.0,-12964665.0,26714645.0,-5.06,False,False
2025-11-25,KCB,59.5,59.5,310305.0,-7638454.5,18463147.5,-2.46,False,False
2025-11-26,KCB,60.25,60.25,3231252.0,5968001.75,194682933.0,1.26,False,False
2025-11-27,KCB,59.25,59.25,806169.0,12002794.0,47765513.25,-1.66,False,False
2025-11-28,KCB,58.75,58.75,3735546.0,-50545928.5,219463327.5,-0.84,False,False
2025-12-01,KCB,58.75,58.75,187052.0,0.0,10989305.0,0.0,False,False
2025-12-02,KCB,58.0,58.0,468445.0,-3063808.75,27169810.0,-1.28,False,False
2025-12-03,KCB,57.0,57.0,243801.0,5921.0,13896657.0,-1.72,False,False
2025-12-04,KCB,56.75,56.75,1424074.0,31290330.5,80816199.5,-0.44,False,False
2025-12-05,KCB,56.25,56.25,820436.0,-45200.0,46149525.0,-0.88,False,False
2025-12-08,KCB,56.0,56.0,5685625.0,-59039960.0,318395000.0,-0.44,False,False
2025-12-09,KCB,56.0,56.0,9797772.0,-88580878.0,548675232.0,0.0,False,False
2025-12-10,KCB,57.0,57.0,835169.0,-9864214.0,47604633.0,1.79,False,False
2025-12-11,KCB,59.75,59.75,248234.0,-3020119.0,14831981.5,4.82,False,False
2025-12-15,KCB,60.0,60.0,13077466.0,-10789176.5,784647960.0,0.42,False,False
2025-12-16,KCB,60.25,60.25,1376471.0,-8125204.5,82932377.75,0.42,False,False
2025-12-17,KCB,62.0,62.0,170600.0,554780.75,10577200.0,2.9,False,False
2025-12-18,KCB,62.0,62.0,246963.0,-3844336.0,15311706.0,0.0,False,False
2025-12-19,KCB,62.25,62.25,17361085.0,125902483.0,1080727541.25,0.4,False,False
2025-12-22,KCB,62.0,62.0,1431557.0,77319880.75,88756534.0,-0.4,False,False
2025-12-23,KCB,62.25,62.25,736851.0,-3169085.25,45868974.75,0.4,False,False
2025-12-24,KCB,62.5,62.5,909210.0,-2515000.0,56825625.0,0.4,False,False
2025-12-29,KCB,64.0,64.0,76442.0,0.0,4892288.0,2.4,False,False
2025-12-30,KCB,65.0,65.0,102892.0,0.0,6687980.0,1.56,False,False
2025-12-31,KCB,65.75,65.75,171896.0,24420.0,11302162.0,1.15,False,False
2026-01-02,KCB,65.75,65.75,199339.0,-6857067.5,13106539.25,0.0,False,False
2026-01-05,KCB,65.5,65.5,676772.0,-8704529.0,44328566.0,-0.38,False,False
2026-01-06,KCB,66.25,66.25,2390812.0,89591555.5,158391295.0,1.15,False,False
2026-01-07,KCB,66.25,66.25,1131827.0,-3959170.25,74983538.75,0.0,False,False
2026-01-08,KCB,66.5,66.5,308771.0,-4149182.25,20533271.5,0.38,False,False
2026-01-09,KCB,67.0,67.0,1992615.0,-2223040.5,133505205.0,0.75,False,False
2026-01-12,KCB,67.0,67.0,432156.0,313364.5,28954452.0,0.0,False,False
2026-01-13,KCB,67.0,67.0,384328.0,10116750.0,25749976.0,0.0,False,False
2026-01-14,KCB,67.0,67.0,1569087.0,-11221684.0,105128829.0,0.0,False,False
2026-01-15,KCB,67.25,67.25,1199452.0,-19843938.0,80663147.0,0.37,False,False
2026-01-16,KCB,67.5,67.5,546481.0,-14235452.75,36887467.5,0.37,False,False
2026-01-19,KCB,66.75,66.75,2269514.0,-133575985.75,151490059.5,-1.11,False,False
2026-01-20,KCB,67.0,67.0,455814.0,14619307.5,30539538.0,0.37,False,False
2026-01-21,KCB,66.75,66.75,1199262.0,14679483.0,80050738.5,-0.37,False,False
2026-01-22,KCB,66.75,66.75,650279.0,-7360130.5,43406123.25,0.0,False,False
2026-01-23,KCB,66.75,66.75,1100447.0,-14426653.5,73454837.25,0.0,False,False
2026-01-26,KCB,66.75,66.75,6441834.0,27013964.5,429992419.5,0.0,False,False
2026-01-27,KCB,66.75,66.75,894017.0,12043077.75,59675634.75,0.0,False,False
2026-01-28,KCB,66.75,66.75,1541578.0,63613484.25,102900331.5,0.0,False,False
2026-01-29,KCB,67.0,67.0,4408799.0,75111650.75,295389533.0,0.37,False,False
2026-01-30,KCB,66.5,66.5,1011109.0,0.0,67238748.5,-0.75,False,False
2026-02-02,KCB,67.0,67.0,2921761.0,-21523461.25,195757987.0,0.75,False,False
2026-02-03,KCB,67.0,67.0,487666.0,2002614.75,32673622.0,0.0,False,False
2026-02-04,KCB,67.0,67.0,547042.0,-2017500.0,36651814.0,0.0,False,False
2026-02-05,KCB,67.25,67.25,198988.0,5563962.0,13381943.0,0.37,False,False
2026-02-06,KCB,67.25,67.25,2439157.0,-122050796.75,164033308.25,0.0,False,False
2026-02-09,KCB,68.75,68.75,2094002.0,5880777.25,143962637.5,2.23,False,False
2026-02-10,KCB,70.0,70.0,469039.0,-621925.0,32832730.0,1.82,False,False
2026-02-11,KCB,70.75,70.75,1092905.0,3153592.0,77323028.75,1.07,False,False
2026-02-12,KCB,73.5,73.5,3766343.0,114434953.25,276826210.5,3.89,False,False
2026-02-13,KCB,75.25,75.25,4559641.0,-73814184.0,343112985.25,2.38,False,False
2026-02-16,KCB,75.25,75.25,5589173.0,-5839464.25,420585268.25,0.0,False,False
2026-02-17,KCB,75.0,75.0,1796296.0,-2819266.25,134722200.0,-0.33,False,False
2026-02-18,KCB,75.0,75.0,1609521.0,-65262614.25,120714075.0,0.0,False,False
2026-02-19,KCB,74.75,74.75,1650416.0,-4000005.25,123368596.0,-0.33,False,False
2026-02-20,KCB,74.75,74.75,1289554.0,29401811.5,96394161.5,0.0,False,False
2026-02-23,KCB,75.0,75.0,2925085.0,87562650.0,219381375.0,0.33,False,False
2026-02-24,KCB,75.0,75.0,3274656.0,24029230.5,245599200.0,0.0,False,False
2026-02-25,KCB,75.5,75.5,1286868.0,6349026.0,97158534.0,0.67,False,False
2026-02-26,KCB,77.0,77.0,1286868.0,31244414.25,99088836.0,1.99,False,False
2026-02-27,KCB,80.25,80.25,1062307.0,1459680.0,85250136.75,4.22,False,False
2026-03-02,KCB,77.75,77.75,312007.0,280215.75,24258544.25,-3.12,False,False
2026-03-03,KCB,77.5,77.5,2194884.0,20352933.5,170103510.0,-0.32,False,False
2026-03-04,KCB,75.0,75.0,1582237.0,80413779.0,118667775.0,-3.23,False,False
2026-03-05,KCB,74.25,74.25,997937.0,14119453.5,74096822.25,-1.0,False,False
2026-03-06,KCB,77.5,77.5,2782623.0,-134427389.25,215653282.5,4.38,False,False
2026-03-09,KCB,77.0,77.0,2603319.0,40033473.5,200455563.0,-0.65,False,False
2026-03-10,KCB,78.0,78.0,3951987.0,-173698793.0,308254986.0,1.3,False,False
2026-03-11,KCB,78.25,78.25,815273.0,-9711025.0,63795112.25,0.32,False,False
2026-03-12,KCB,78.75,78.75,2399263.0,-25571135.5,188941961.25,0.64,False,False
2026-03-13,KCB,79.25,79.25,2391329.0,-100819245.75,189512823.25,0.63,False,False
2026-03-16,KCB,78.75,78.75,460147.0,-6391691.25,36236576.25,-0.63,False,False
2026-03-17,KCB,78.5,78.5,409964.0,-11879857.5,32182174.0,-0.32,False,False
2026-03-18,KCB,78.25,78.25,686102.0,-1456837.5,53687481.5,-0.32,False,False
2026-03-19,KCB,76.0,76.0,1517769.0,-9711209.25,115350444.0,-2.88,False,False
2026-03-23,KCB,72.5,72.5,2690677.0,-63337829.75,195074082.5,-4.61,False,False
2026-03-24,KCB,72.0,72.0,816533.0,-35410212.25,58790376.0,-0.69,False,False
2026-03-25,KCB,70.5,70.5,471435.0,-7805797.5,33236167.5,-2.08,False,False
2026-03-26,KCB,66.5,66.5,8948389.0,-76788911.0,595067868.5,-5.67,False,False
2026-03-27,KCB,68.0,68.0,1033267.0,-18585983.0,70262156.0,2.26,False,False
2026-03-30,KCB,68.5,68.5,511564.0,-10725558.25,35042134.0,0.74,False,False
2026-03-31,KCB,67.75,67.75,869697.0,-10599844.25,58921971.75,-1.09,False,False
2026-04-01,KCB,68.75,68.75,2159779.0,-9886835.75,148484806.25,1.48,False,False
2026-04-02,KCB,68.25,68.25,1798963.0,-40282604.5,122779224.75,-0.73,False,False
2026-04-07,KCB,67.5,67.5,462103.0,5025.0,31191952.5,-1.1,False,False
2026-04-08,KCB,69.5,69.5,2909052.0,-51786721.0,202179114.0,2.96,False,False
2026-04-09,KCB,70.25,70.25,5431787.0,-164666059.75,381583036.75,1.08,False,False
2026-04-10,KCB,71.0,71.0,317275.0,-5368121.75,22526525.0,1.07,False,False
2026-04-13,KCB,70.0,70.0,1005853.0,-20566987.5,70409710.0,-1.41,False,False
2026-04-14,KCB,69.75,69.75,280531.0,-683574.75,19567037.25,-0.36,False,False
2026-04-15,KCB,69.5,69.5,1954360.0,118251017.75,135828020.0,-0.36,False,False
2026-04-16,KCB,69.0,69.0,416248.0,-664956.0,28721112.0,-0.72,False,False
2026-04-17,KCB,69.25,69.25,477142.0,18629596.5,33042083.5,0.36,False,False
2026-04-20,KCB,69.75,69.75,669360.0,33652892.0,46687860.0,0.72,False,False
2026-04-21,KCB,69.75,69.75,568587.0,16813986.0,39658943.25,0.0,False,False
2026-04-22,KCB,69.25,69.25,426270.0,-1650528.5,29519197.5,-0.72,False,False
2026-04-23,KCB,68.5,68.5,2182154.0,-8163257.5,149477549.0,-1.08,False,False
2026-04-24,KCB,68.5,68.5,530350.0,136500.0,36328975.0,0.0,False,False
2026-04-27,KCB,68.25,68.25,416783.0,458790.0,28445439.75,-0.36,False,False
2026-04-28,KCB,68.0,68.0,381172.0,-13118984.75,25919696.0,-0.37,False,False
2026-04-29,KCB,67.25,67.25,658767.0,-18979812.5,44302080.75,-1.1,False,False
2026-04-30,KCB,67.0,67.0,1722139.0,-39557417.25,115383313.0,-0.37,False,False
2026-05-04,KCB,67.5,67.5,622298.0,-392565.25,42005115.0,0.75,False,False
2026-05-05,KCB,67.5,67.5,191512.0,67162.5,12927060.0,0.0,False,False
2026-05-06,KCB,67.0,67.0,4159101.0,-63528617.5,278659767.0,-0.74,False,False
2026-05-07,KCB,67.0,67.0,1240112.0,-6653464.0,83087504.0,0.0,False,False
2026-05-08,KCB,66.75,66.75,3332140.0,26940725.0,222420345.0,-0.37,False,False
2026-05-11,KCB,66.75,66.75,832126.0,33361650.0,55544410.5,0.0,False,False
2026-05-12,KCB,66.75,66.75,416509.0,-13282799.0,27801975.75,0.0,False,False
2026-05-13,KCB,67.0,67.0,321288.0,-1401449.75,21526296.0,0.37,False,False
2026-05-14,KCB,66.75,66.75,527393.0,-3098868.0,35203482.75,-0.37,False,False
2026-05-15,KCB,66.75,66.75,146305.0,-5958323.75,9765858.75,0.0,False,False
2026-05-18,KCB,66.5,66.5,262277.0,-2077892.0,17441420.5,-0.37,False,False
2026-05-19,KCB,66.75,66.75,827649.0,39198767.5,55245570.75,0.38,False,False
2026-05-20,KCB,66.75,66.75,2742962.0,-138628350.0,183092713.5,0.0,False,False
2026-05-21,KCB,66.75,66.75,581635.0,-116750.0,38824136.25,0.0,False,False
2026-05-22,KCB,66.75,66.75,449819.0,3609972.75,30025418.25,0.0,False,False
2026-05-25,KCB,66.5,66.5,951387.0,7162425.0,63267235.5,-0.37,False,False
2026-05-26,KCB,66.5,66.5,1030806.0,2123177.75,68548599.0,0.0,False,False
2026-05-28,KCB,66.5,66.5,1404589.0,-2453717.0,93405168.5,0.0,False,False
2026-05-29,KCB,66.75,66.75,27877685.0,928243876.75,1860835473.75,0.38,False,False
2026-06-02,KCB,67.5,67.5,586413.0,-196108.0,39582877.5,1.12,False,False
2026-06-03,KCB,68.0,68.0,1457954.0,-16962260.0,99140872.0,0.74,False,False
2026-06-04,KCB,69.5,69.5,2866004.0,-28929157.75,199187278.0,2.21,False,False
2026-06-05,KCB,70.75,70.75,1629749.0,-54951470.25,115304741.75,1.8,False,False
2026-06-08,KCB,70.0,70.0,748289.0,7033998.25,52380230.0,-1.06,False,False
2026-06-09,KCB,69.5,69.5,470692.0,-1037297.5,32713094.0,-0.71,False,False
2026-06-10,KCB,69.25,69.25,476532.0,-15221820.0,32999841.0,-0.36,False,False
2026-06-11,KCB,69.25,69.25,189153.0,24237.5,13098845.25,0.0,False,False
2026-06-12,KCB,69.25,69.25,470851.0,3221597.0,32606431.75,0.0,False,False
2026-06-15,KCB,71.0,71.0,2657968.0,54146639.5,188715728.0,2.53,False,False
2026-06-16,KCB,70.75,70.75,1859550.0,-14173053.25,131563162.5,-0.35,False,False
2026-06-17,KCB,71.75,71.75,1068084.0,-1606907.0,76635027.0,1.41,False,False
2026-06-18,KCB,72.0,72.0,4037358.0,-279899737.0,290689776.0,0.35,False,False
2026-06-19,KCB,73.25,73.25,4230093.0,-82993434.0,309854312.25,1.74,False,False
2026-06-22,KCB,74.0,74.0,1931179.0,-111803528.5,142907246.0,1.02,False,False
2026-06-23,KCB,74.0,74.0,3958185.0,14501211.25,292905690.0,0.0,False,False
2026-06-24,KCB,74.0,74.0,4367057.0,-170571283.75,323162218.0,0.0,False,False
2026-06-25,KCB,74.5,74.5,1634375.0,-18388708.0,121760937.5,0.68,False,False
2026-06-26,KCB,76.0,76.0,472584.0,9964963.0,35916384.0,2.01,False,False
2026-06-29,KCB,76.75,76.75,2839430.0,-65690020.0,217926252.5,0.99,False,False
2017-09-01,NCBA,39.75,39.75,175400.0,0.0,6972150.0,1.92,False,False
2017-09-04,NCBA,39.75,39.75,1524300.0,0.0,60590925.0,,False,False
2017-09-05,NCBA,39.75,39.75,116400.0,0.0,4626900.0,0.0,False,False
2017-09-06,NCBA,40.0,40.0,13500.0,0.0,540000.0,0.63,False,False
2017-09-07,NCBA,40.0,40.0,783500.0,0.0,31340000.0,0.0,False,False
2017-09-08,NCBA,39.75,39.75,5300.0,0.0,210675.0,-0.63,False,False
2017-09-11,NCBA,39.75,39.75,1034300.0,0.0,41113425.0,,False,False
2017-09-12,NCBA,40.25,40.25,643400.0,0.0,25896850.0,1.26,False,False
2017-09-13,NCBA,40.0,40.0,20700.0,0.0,828000.0,-0.62,False,False
2017-09-14,NCBA,39.5,39.5,812500.0,28000.0,32093750.0,-1.25,False,False
2017-09-15,NCBA,39.25,39.25,25700.0,58725.0,1008725.0,-0.63,False,False
2017-09-18,NCBA,39.0,39.0,18800.0,0.0,733200.0,,False,False
2017-09-19,NCBA,38.75,38.75,230300.0,0.0,8924125.0,-0.64,False,False
2017-09-20,NCBA,38.75,38.75,380000.0,32000.0,14725000.0,0.0,False,False
2017-09-21,NCBA,38.5,38.5,36600.0,550025.0,1409100.0,-0.65,False,False
2017-09-22,NCBA,38.5,38.5,24700.0,0.0,950950.0,0.0,False,False
2017-09-25,NCBA,38.25,38.25,22300.0,0.0,852975.0,,False,False
2017-09-26,NCBA,38.25,38.25,57900.0,0.0,2214675.0,0.0,False,False
2017-09-27,NCBA,38.0,38.0,47600.0,0.0,1808800.0,-0.65,False,False
2017-09-28,NCBA,37.75,37.75,25300.0,0.0,955075.0,-0.66,False,False
2017-09-29,NCBA,38.0,38.0,2100.0,0.0,79800.0,0.66,False,False
2017-10-02,NCBA,37.25,37.25,637400.0,-11950412.5,23743150.0,,False,False
2017-10-03,NCBA,37.0,37.0,61100.0,0.0,2260700.0,-0.67,False,False
2017-10-04,NCBA,36.0,36.0,64700.0,,2329200.0,-2.7,False,False
2017-10-05,NCBA,36.25,36.25,9600.0,0.0,348000.0,0.69,False,False
2017-10-06,NCBA,36.0,36.0,2300.0,0.0,82800.0,-0.69,False,False
2017-10-09,NCBA,37.25,37.25,29700.0,0.0,1106325.0,,False,False
2017-10-10,NCBA,37.25,37.25,15300.0,0.0,569925.0,0.0,False,False
2017-10-11,NCBA,37.0,37.0,9600.0,0.0,355200.0,-0.67,False,False
2017-10-12,NCBA,36.75,36.75,29600.0,0.0,1087800.0,-0.68,False,False
2017-10-13,NCBA,36.75,36.75,92300.0,-260950.0,3392025.0,0.0,False,False
2017-10-18,NCBA,38.0,38.0,16300.0,0.0,619400.0,,False,False
2017-10-19,NCBA,38.0,38.0,148300.0,1320112.5,5635400.0,0.0,False,False
2017-10-23,NCBA,37.5,37.5,19500.0,0.0,731250.0,,False,False
2017-10-24,NCBA,37.75,37.75,17900.0,0.0,675725.0,0.67,False,False
2017-10-27,NCBA,38.0,38.0,25500.0,0.0,969000.0,,False,False
2017-10-30,NCBA,38.25,38.25,55000.0,0.0,2103750.0,,False,False
2017-10-31,NCBA,38.0,38.0,297800.0,0.0,11316400.0,-0.65,False,False
2017-11-01,NCBA,38.0,38.0,554400.0,0.0,21067200.0,0.0,False,False
2017-11-02,NCBA,38.25,38.25,193100.0,0.0,7386075.0,0.66,False,False
2017-11-03,NCBA,,,231900.0,3218600.0,8870175.0,,False,True
2017-11-06,NCBA,,,44600.0,-1912.5,1705950.0,,False,True
2017-11-07,NCBA,,,18300.0,-131100.0,699975.0,,False,True
2017-11-08,NCBA,37.75,37.75,315900.0,0.0,11925225.0,,False,False
2017-11-09,NCBA,37.5,37.5,19000.0,0.0,712500.0,-0.66,False,False
2017-11-10,NCBA,36.5,36.5,2004200.0,0.0,73153300.0,-2.67,False,False
2017-11-13,NCBA,36.25,36.25,86700.0,0.0,3142875.0,,False,False
2017-11-14,NCBA,36.5,36.5,2800.0,0.0,102200.0,0.69,False,False
2017-11-15,NCBA,37.0,37.0,242900.0,0.0,8987300.0,1.37,False,False
2017-11-16,NCBA,36.75,36.75,3200.0,0.0,117600.0,-0.68,False,False
2017-11-17,NCBA,36.5,36.5,145100.0,0.0,5296150.0,-0.68,False,False
2017-11-20,NCBA,36.75,36.75,554400.0,2713775.0,20374200.0,,False,False
2017-11-21,NCBA,39.25,39.25,174100.0,0.0,6833425.0,6.8,False,False
2017-11-23,NCBA,39.0,39.0,159700.0,0.0,6228300.0,,False,False
2017-11-24,NCBA,37.0,37.0,311100.0,0.0,11510700.0,-5.13,False,False
2017-11-27,NCBA,37.25,37.25,49200.0,0.0,1832700.0,,False,False
2017-11-29,NCBA,36.75,36.75,17500.0,0.0,643125.0,,False,False
2017-11-30,NCBA,36.75,36.75,410200.0,0.0,15074850.0,0.0,False,False
2017-12-01,NCBA,36.75,36.75,10700.0,0.0,393225.0,0.0,False,False
2017-12-04,NCBA,36.0,36.0,386500.0,0.0,13914000.0,,False,False
2017-12-05,NCBA,36.0,36.0,129800.0,0.0,4672800.0,0.0,False,False
2017-12-06,NCBA,35.75,35.75,19000.0,0.0,679250.0,-0.69,False,False
2017-12-08,NCBA,35.5,35.5,154600.0,0.0,5488300.0,,False,False
2017-12-11,NCBA,35.75,35.75,44800.0,0.0,1601600.0,,False,False
2017-12-13,NCBA,35.5,35.5,200700.0,0.0,7124850.0,,False,False
2017-12-14,NCBA,35.25,35.25,497800.0,2759900.0,17547450.0,-0.7,False,False
2017-12-15,NCBA,34.5,34.5,159500.0,0.0,5502750.0,-2.13,False,False
2017-12-18,NCBA,34.0,34.0,105500.0,0.0,3587000.0,,False,False
2017-12-19,NCBA,33.75,33.75,121100.0,0.0,4087125.0,-0.74,False,False
2017-12-20,NCBA,34.0,34.0,196600.0,0.0,6684400.0,0.74,False,False
2017-12-21,NCBA,33.75,33.75,129300.0,0.0,4363875.0,-0.74,False,False
2017-12-22,NCBA,33.75,33.75,457500.0,0.0,15440625.0,0.0,False,False
2017-12-27,NCBA,33.75,33.75,105200.0,0.0,3550500.0,,False,False
2017-12-28,NCBA,33.75,33.75,28700.0,0.0,968625.0,0.0,False,False
2017-12-29,NCBA,34.0,34.0,190500.0,102000.0,6477000.0,0.74,False,False
2018-01-02,NCBA,36.25,36.25,190500.0,0.0,6905625.0,,False,False
2018-01-03,NCBA,36.5,36.5,49700.0,-476000.0,1814050.0,0.69,False,False
2018-01-04,NCBA,36.0,36.0,39800.0,0.0,1432800.0,-1.37,False,False
2018-01-05,NCBA,35.5,35.5,46800.0,-1800.0,1661400.0,-1.39,False,False
2018-01-08,NCBA,35.5,35.5,209300.0,0.0,7430150.0,,False,False
2018-01-09,NCBA,35.25,35.25,239000.0,-23400.0,8424750.0,-0.7,False,False
2018-01-10,NCBA,35.25,35.25,137000.0,216000.0,4829250.0,0.0,False,False
2018-01-11,NCBA,35.25,35.25,415900.0,-1775.0,14660475.0,0.0,False,False
2018-01-12,NCBA,33.75,33.75,1237200.0,2224850.0,41755500.0,-4.26,False,False
2018-01-15,NCBA,34.0,34.0,162400.0,0.0,5521600.0,,False,False
2018-01-16,NCBA,34.0,34.0,682800.0,1352500.0,23215200.0,0.0,False,False
2018-01-17,NCBA,37.0,37.0,366700.0,0.0,13567900.0,8.82,False,False
2018-01-18,NCBA,36.5,36.5,566300.0,0.0,20669950.0,-1.35,False,False
2018-01-19,NCBA,35.25,35.25,68900.0,0.0,2428725.0,-3.42,False,False
2018-01-22,NCBA,35.0,35.0,409300.0,98550.0,14325500.0,,False,False
2018-01-23,NCBA,34.75,34.75,303500.0,0.0,10546625.0,-0.71,False,False
2018-01-24,NCBA,36.0,36.0,318600.0,0.0,11469600.0,3.6,False,False
2018-01-25,NCBA,36.25,36.25,1470400.0,0.0,53302000.0,0.69,False,False
2018-01-26,NCBA,36.0,36.0,13500.0,0.0,486000.0,-0.69,False,False
2018-01-29,NCBA,36.25,36.25,703300.0,367500.0,25494625.0,,False,False
2018-01-30,NCBA,36.75,36.75,88000.0,0.0,3234000.0,1.38,False,False
2018-01-31,NCBA,36.75,36.75,162400.0,0.0,5968200.0,0.0,False,False
2018-02-01,NCBA,37.5,37.5,168300.0,0.0,6311250.0,2.04,False,False
2018-02-02,NCBA,37.25,37.25,319300.0,0.0,11893925.0,-0.67,False,False
2018-02-05,NCBA,36.75,36.75,107300.0,0.0,3943275.0,,False,False
2018-02-06,NCBA,35.75,35.75,226300.0,-3337512.5,8090225.0,-2.72,False,False
2018-02-07,NCBA,35.75,35.75,318000.0,-363562.5,11368500.0,0.0,False,False
2018-02-08,NCBA,35.5,35.5,178800.0,0.0,6347400.0,-0.7,False,False
2018-02-09,NCBA,35.5,35.5,37600.0,-487800.0,1334800.0,0.0,False,False
2018-02-12,NCBA,35.25,35.25,1162400.0,0.0,40974600.0,,False,False
2018-02-13,NCBA,35.5,35.5,92400.0,0.0,3280200.0,0.71,False,False
2018-02-14,NCBA,36.0,36.0,3465300.0,0.0,124750800.0,1.41,False,False
2018-02-15,NCBA,35.5,35.5,515900.0,0.0,18314450.0,-1.39,False,False
2018-02-16,NCBA,35.25,35.25,23200.0,36000.0,817800.0,-0.7,False,False
2018-02-19,NCBA,35.5,35.5,502800.0,1242500.0,17849400.0,,False,False
2018-02-20,NCBA,35.0,35.0,229200.0,0.0,8022000.0,-1.41,False,False
2018-02-21,NCBA,35.25,35.25,278500.0,0.0,9817125.0,0.71,False,False
2018-02-22,NCBA,35.75,35.75,201600.0,176250.0,7207200.0,1.42,False,False
2018-02-23,NCBA,35.5,35.5,201600.0,-176250.0,7156800.0,-0.7,False,False
2018-02-26,NCBA,36.75,36.75,1482200.0,292875.0,54470850.0,,False,False
2018-02-27,NCBA,37.25,37.25,412800.0,2575525.0,15376800.0,1.36,False,False
2018-02-28,NCBA,37.0,37.0,497000.0,0.0,18389000.0,-0.67,False,False
2018-03-01,NCBA,36.5,36.5,1344100.0,0.0,49059650.0,-1.35,False,False
2018-03-02,NCBA,37.25,37.25,372600.0,0.0,13879350.0,2.05,False,False
2018-03-05,NCBA,38.0,38.0,65900.0,-130462.5,2504200.0,,False,False
2018-03-06,NCBA,37.75,37.75,253900.0,2486800.0,9584725.0,-0.66,False,False
2018-03-07,NCBA,37.5,37.5,1876300.0,0.0,70361250.0,-0.66,False,False
2018-03-08,NCBA,37.75,37.75,536900.0,0.0,20267975.0,0.67,False,False
2018-03-09,NCBA,37.5,37.5,250800.0,0.0,9405000.0,-0.66,False,False
2018-03-12,NCBA,36.75,36.75,188100.0,0.0,6912675.0,,False,False
2018-03-13,NCBA,36.75,36.75,306400.0,-374300.0,11260200.0,0.0,False,False
2018-03-14,NCBA,37.25,37.25,1797800.0,0.0,66968050.0,1.36,False,False
2018-03-15,NCBA,38.25,38.25,475600.0,0.0,18191700.0,2.68,False,False
2018-03-16,NCBA,38.75,38.75,1019900.0,496875.0,39521125.0,1.31,False,False
2018-03-19,NCBA,39.0,39.0,363100.0,0.0,14160900.0,,False,False
2018-03-20,NCBA,40.5,40.5,173900.0,20000.0,7042950.0,3.85,False,False
2018-03-21,NCBA,41.25,41.25,322600.0,-150150.0,13307250.0,1.85,False,False
2018-03-22,NCBA,41.75,41.75,1311400.0,412500.0,54750950.0,1.21,False,False
2018-03-23,NCBA,41.25,41.25,520600.0,0.0,21474750.0,-1.2,False,False
2018-03-26,NCBA,41.25,41.25,721300.0,-2705575.0,29753625.0,,False,False
2018-03-27,NCBA,41.25,41.25,1089600.0,-357550.0,44946000.0,0.0,False,False
2018-03-28,NCBA,41.25,41.25,128600.0,0.0,5304750.0,0.0,False,False
2018-03-29,NCBA,40.75,40.75,274700.0,-94875.0,11194025.0,-1.21,False,False
2018-04-03,NCBA,40.75,40.75,155800.0,412500.0,6348850.0,,False,False
2018-04-04,NCBA,40.75,40.75,139700.0,0.0,5692775.0,0.0,False,False
2018-04-05,NCBA,41.5,41.5,752000.0,509375.0,31208000.0,1.84,False,False
2018-04-06,NCBA,41.75,41.75,622800.0,0.0,26001900.0,0.6,False,False
2018-04-09,NCBA,43.75,43.75,85700.0,0.0,3749375.0,,False,False
2018-04-10,NCBA,44.0,44.0,79300.0,0.0,3489200.0,0.57,False,False
2018-04-11,NCBA,44.0,44.0,274800.0,25200.0,12091200.0,0.0,False,False
2018-04-12,NCBA,43.75,43.75,375900.0,-332212.5,16445625.0,-0.57,False,False
2018-04-13,NCBA,43.25,43.25,278900.0,11125.0,12062425.0,-1.14,False,False
2018-04-16,NCBA,42.25,42.25,315300.0,0.0,13321425.0,,False,False
2018-04-17,NCBA,42.25,42.25,354600.0,-1221750.0,14981850.0,0.0,False,False
2018-04-18,NCBA,42.5,42.5,206300.0,397875.0,8767750.0,0.59,False,False
2018-04-19,NCBA,42.25,42.25,304800.0,-242250.0,12877800.0,-0.59,False,False
2018-04-20,NCBA,41.75,41.75,167800.0,-414675.0,7005650.0,-1.18,False,False
2018-04-23,NCBA,41.0,41.0,206600.0,0.0,8470600.0,,False,False
2018-04-24,NCBA,41.0,41.0,181400.0,0.0,7437400.0,0.0,False,False
2018-04-25,NCBA,40.75,40.75,847900.0,7999612.5,34551925.0,-0.61,False,False
2018-04-26,NCBA,41.0,41.0,166900.0,967600.0,6842900.0,0.61,False,False
2018-04-27,NCBA,36.75,36.75,210800.0,205000.0,7746900.0,-10.37,False,False
2018-04-30,NCBA,36.5,36.5,425200.0,-1804687.5,15519800.0,,False,False
2018-05-02,NCBA,36.25,36.25,31200.0,0.0,1131000.0,,False,False
2018-05-03,NCBA,37.0,37.0,175300.0,0.0,6486100.0,2.07,False,False
2018-05-04,NCBA,37.75,37.75,50000.0,0.0,1887500.0,2.03,False,False
2018-05-07,NCBA,38.5,38.5,42700.0,18500.0,1643950.0,,False,False
2018-05-08,NCBA,38.75,38.75,860200.0,0.0,33332750.0,0.65,False,False
2018-05-09,NCBA,38.25,38.25,122200.0,158737.5,4674150.0,-1.29,False,False
2018-05-10,NCBA,37.5,37.5,911000.0,592900.0,34162500.0,-1.96,False,False
2018-05-11,NCBA,37.5,37.5,96600.0,0.0,3622500.0,0.0,False,False
2018-05-14,NCBA,37.0,37.0,27300.0,0.0,1010100.0,,False,False
2018-05-15,NCBA,36.5,36.5,68400.0,80087.5,2496600.0,-1.35,False,False
2018-05-16,NCBA,36.0,36.0,20200.0,0.0,727200.0,-1.37,False,False
2018-05-17,NCBA,36.0,36.0,252700.0,584600.0,9097200.0,0.0,False,False
2018-05-18,NCBA,36.25,36.25,54900.0,0.0,1990125.0,0.69,False,False
2018-05-21,NCBA,35.0,35.0,109200.0,0.0,3822000.0,,False,False
2018-05-22,NCBA,34.75,34.75,43300.0,0.0,1504675.0,-0.71,False,False
2018-05-23,NCBA,34.75,34.75,29100.0,166800.0,1011225.0,0.0,False,False
2018-05-24,NCBA,34.0,34.0,38500.0,2337.5,1309000.0,-2.16,False,False
2018-05-25,NCBA,34.75,34.75,38500.0,175000.0,1337875.0,2.21,False,False
2018-05-28,NCBA,34.75,34.75,12600.0,0.0,437850.0,,False,False
2018-05-29,NCBA,34.75,34.75,481400.0,176250.0,16728650.0,0.0,False,False
2018-05-30,NCBA,34.75,34.75,64900.0,0.0,2255275.0,0.0,False,False
2018-05-31,NCBA,34.75,34.75,17000.0,87500.0,590750.0,0.0,False,False
2018-06-04,NCBA,35.0,35.0,34100.0,35000.0,1193500.0,,False,False
2018-06-05,NCBA,35.0,35.0,47900.0,-17375.0,1676500.0,0.0,False,False
2018-06-06,NCBA,35.0,35.0,7100.0,0.0,248500.0,0.0,False,False
2018-06-07,NCBA,34.75,34.75,6500.0,0.0,225875.0,-0.71,False,False
2018-06-08,NCBA,34.75,34.75,67800.0,-1088500.0,2356050.0,0.0,False,False
2018-06-11,NCBA,34.75,34.75,62200.0,175000.0,2161450.0,,False,False
2018-06-12,NCBA,35.25,35.25,159200.0,175000.0,5611800.0,1.44,False,False
2018-06-13,NCBA,37.5,37.5,39200.0,0.0,1470000.0,6.38,False,False
2018-06-14,NCBA,37.25,37.25,7200.0,3600.0,268200.0,-0.67,False,False
2018-06-18,NCBA,36.0,36.0,75700.0,0.0,2725200.0,,False,False
2018-06-19,NCBA,36.25,36.25,16100.0,0.0,583625.0,0.69,False,False
2018-06-20,NCBA,36.25,36.25,210300.0,286687.5,7623375.0,0.0,False,False
2018-06-21,NCBA,36.0,36.0,60800.0,0.0,2188800.0,-0.69,False,False
2018-06-22,NCBA,35.75,35.75,27400.0,0.0,979550.0,-0.69,False,False
2018-06-25,NCBA,35.75,35.75,216300.0,0.0,7732725.0,,False,False
2018-06-26,NCBA,35.75,35.75,94600.0,169812.5,3381950.0,0.0,False,False
2018-06-27,NCBA,35.5,35.5,61100.0,0.0,2169050.0,-0.7,False,False
2018-06-28,NCBA,35.5,35.5,29500.0,90337.5,1047250.0,0.0,False,False
2018-06-29,NCBA,35.75,35.75,59200.0,0.0,2116400.0,0.7,False,False
2018-07-02,NCBA,35.5,35.5,59200.0,0.0,2101600.0,,False,False
2018-07-03,NCBA,35.5,35.5,44700.0,-1740025.0,1586850.0,0.0,False,False
2018-07-04,NCBA,36.5,36.5,81400.0,0.0,2971100.0,2.82,False,False
2018-07-05,NCBA,36.0,36.0,45600.0,-143775.0,1641600.0,-1.37,False,False
2018-07-06,NCBA,36.5,36.5,126300.0,90337.5,4609950.0,1.39,False,False
2018-07-09,NCBA,36.0,36.0,11200.0,0.0,403200.0,,False,False
2018-07-10,NCBA,35.25,35.25,359500.0,0.0,12672375.0,-2.08,False,False
2018-07-11,NCBA,34.75,34.75,363000.0,-3783600.0,12614250.0,-1.42,False,False
2018-07-12,NCBA,34.0,34.0,20300.0,10150.0,690200.0,-2.16,False,False
2018-07-13,NCBA,33.5,33.5,95400.0,47700.0,3195900.0,-1.47,False,False
2018-07-16,NCBA,33.25,33.25,446400.0,-1034950.0,14842800.0,,False,False
2018-07-17,NCBA,34.25,34.25,115000.0,-1267125.0,3938750.0,3.01,False,False
2018-07-18,NCBA,34.25,34.25,131200.0,-1016437.5,4493600.0,0.0,False,False
2018-07-19,NCBA,34.75,34.75,91100.0,0.0,3165725.0,1.46,False,False
2018-07-20,NCBA,34.5,34.5,59100.0,0.0,2038950.0,-0.72,False,False
2018-07-23,NCBA,34.5,34.5,77100.0,0.0,2659950.0,,False,False
2018-07-24,NCBA,34.25,34.25,36300.0,173750.0,1243275.0,-0.72,False,False
2018-07-25,NCBA,34.75,34.75,360900.0,20637.5,12541275.0,1.46,False,False
2018-07-26,NCBA,34.5,34.5,49100.0,1712.5,1693950.0,-0.72,False,False
2018-07-27,NCBA,34.5,34.5,45400.0,37675.0,1566300.0,0.0,False,False
2018-07-30,NCBA,33.75,33.75,14700.0,0.0,496125.0,,False,False
2018-07-31,NCBA,34.0,34.0,29500.0,30700.0,1003000.0,0.74,False,False
2018-08-01,NCBA,34.5,34.5,29500.0,0.0,1017750.0,1.47,False,False
2018-08-02,NCBA,34.25,34.25,11600.0,0.0,397300.0,-0.72,False,False
2018-08-03,NCBA,35.0,35.0,1800.0,5175.0,63000.0,2.19,False,False
2018-08-06,NCBA,34.75,34.75,60400.0,0.0,2098900.0,,False,False
2018-08-07,NCBA,34.5,34.5,34100.0,0.0,1176450.0,-0.72,False,False
2018-08-08,NCBA,34.75,34.75,24800.0,-119775.0,861800.0,0.72,False,False
2018-08-09,NCBA,34.5,34.5,176600.0,0.0,6092700.0,-0.72,False,False
2018-08-10,NCBA,34.75,34.75,103300.0,0.0,3589675.0,0.72,False,False
2018-08-13,NCBA,34.75,34.75,2800.0,0.0,97300.0,,False,False
2018-08-14,NCBA,34.75,34.75,18500.0,0.0,642875.0,0.0,False,False
2018-08-15,NCBA,34.75,34.75,33300.0,-8750.0,1157175.0,0.0,False,False
2018-08-16,NCBA,34.25,34.25,9400.0,0.0,321950.0,-1.44,False,False
2018-08-17,NCBA,34.0,34.0,22400.0,0.0,761600.0,-0.73,False,False
2018-08-20,NCBA,33.0,33.0,64400.0,0.0,2125200.0,,False,False
2018-08-22,NCBA,32.75,32.75,167100.0,0.0,5472525.0,,False,False
2018-08-23,NCBA,32.25,32.25,101900.0,3300.0,3286275.0,-1.53,False,False
2018-08-24,NCBA,31.5,31.5,49100.0,0.0,1546650.0,-2.33,False,False
2018-08-27,NCBA,31.25,31.25,21700.0,0.0,678125.0,,False,False
2018-08-28,NCBA,31.25,31.25,10500.0,0.0,328125.0,0.0,False,False
2018-08-29,NCBA,30.25,30.25,28500.0,0.0,862125.0,-3.2,False,False
2018-08-30,NCBA,29.75,29.75,128600.0,0.0,3825850.0,-1.65,False,False
2018-08-31,NCBA,29.0,29.0,,0.0,,-2.52,False,False
2018-09-03,NCBA,29.25,29.25,22700.0,0.0,663975.0,,False,False
2018-09-04,NCBA,29.5,29.5,62900.0,0.0,1855550.0,0.85,False,False
2018-09-05,NCBA,29.0,29.0,73900.0,-215512.5,2143100.0,-1.69,False,False
2018-09-06,NCBA,28.75,28.75,42700.0,0.0,1227625.0,-0.86,False,False
2018-09-07,NCBA,28.75,28.75,86200.0,0.0,2478250.0,0.0,False,False
2018-09-10,NCBA,28.75,28.75,109400.0,0.0,3145250.0,,False,False
2018-09-11,NCBA,28.5,28.5,72500.0,0.0,2066250.0,-0.87,False,False
2018-09-12,NCBA,28.5,28.5,20300.0,0.0,578550.0,0.0,False,False
2018-09-13,NCBA,28.0,28.0,127900.0,0.0,3581200.0,-1.75,False,False
2018-09-14,NCBA,27.75,27.75,67700.0,0.0,1878675.0,-0.89,False,False
2018-09-17,NCBA,26.75,26.75,400700.0,0.0,10718725.0,,False,False
2018-09-18,NCBA,26.5,26.5,101100.0,0.0,2679150.0,-0.93,False,False
2018-09-19,NCBA,26.75,26.75,70000.0,0.0,1872500.0,0.94,False,False
2018-09-20,NCBA,25.25,25.25,30900.0,132950.0,780225.0,-5.61,False,False
2018-09-21,NCBA,24.75,24.75,180900.0,0.0,4477275.0,-1.98,False,False
2018-09-24,NCBA,24.75,24.75,438400.0,0.0,10850400.0,,False,False
2018-09-25,NCBA,24.5,24.5,49300.0,0.0,1207850.0,-1.01,False,False
2018-09-26,NCBA,25.0,25.0,942500.0,140750.0,23562500.0,2.04,False,False
2018-09-27,NCBA,25.0,25.0,312300.0,375000.0,7807500.0,0.0,False,False
2018-09-28,NCBA,25.0,25.0,637700.0,0.0,15942500.0,0.0,False,False
2018-10-01,NCBA,24.5,24.5,18100.0,0.0,443450.0,,False,False
2018-10-02,NCBA,24.5,24.5,62000.0,61250.0,1519000.0,0.0,False,False
2018-10-03,NCBA,24.5,24.5,21300.0,0.0,521850.0,0.0,False,False
2018-10-04,NCBA,24.25,24.25,139900.0,0.0,3392575.0,-1.02,False,False
2018-10-05,NCBA,24.5,24.5,541400.0,-215512.5,13264300.0,1.03,False,False
2018-10-08,NCBA,24.5,24.5,177800.0,0.0,4356100.0,,False,False
2018-10-09,NCBA,24.25,24.25,1001500.0,0.0,24286375.0,-1.02,False,False
2018-10-11,NCBA,24.0,24.0,800.0,0.0,19200.0,,False,False
2018-10-12,NCBA,24.75,24.75,49100.0,0.0,1215225.0,3.13,False,False
2018-10-15,NCBA,24.25,24.25,114300.0,0.0,2771775.0,,False,False
2018-10-16,NCBA,24.75,24.75,50100.0,-120000.0,1239975.0,2.06,False,False
2018-10-17,NCBA,24.5,24.5,35800.0,0.0,877100.0,-1.01,False,False
2018-10-18,NCBA,24.25,24.25,67800.0,0.0,1644150.0,-1.02,False,False
2018-10-19,NCBA,24.5,24.5,26200.0,0.0,641900.0,1.03,False,False
2018-10-22,NCBA,24.75,24.75,30800.0,0.0,762300.0,,False,False
2018-10-23,NCBA,23.0,23.0,57800.0,0.0,1329400.0,-7.07,False,False
2018-10-24,NCBA,23.0,23.0,38700.0,0.0,890100.0,0.0,False,False
2018-10-25,NCBA,23.0,23.0,15100.0,0.0,347300.0,0.0,False,False
2018-10-26,NCBA,23.0,23.0,795400.0,-13887.5,18294200.0,0.0,False,False
2018-10-29,NCBA,23.0,23.0,1202300.0,-2475300.0,27652900.0,,False,False
2018-10-30,NCBA,23.0,23.0,277400.0,0.0,6380200.0,0.0,False,False
2018-10-31,NCBA,23.0,23.0,239800.0,115000.0,5515400.0,0.0,False,False
2018-11-01,NCBA,23.0,23.0,197300.0,0.0,4537900.0,0.0,False,False
2018-11-02,NCBA,22.75,22.75,86000.0,0.0,1956500.0,-1.09,False,False
2018-11-05,NCBA,22.75,22.75,46400.0,0.0,1055600.0,,False,False
2018-11-06,NCBA,23.0,23.0,103100.0,0.0,2371300.0,1.1,False,False
2018-11-07,NCBA,23.0,23.0,253200.0,0.0,5823600.0,0.0,False,False
2018-11-08,NCBA,23.0,23.0,61100.0,3600.0,1405300.0,0.0,False,False
2018-11-09,NCBA,23.0,23.0,96500.0,0.0,2219500.0,0.0,False,False
2018-11-12,NCBA,22.75,22.75,19620.0,0.0,446355.0,,False,False
2018-11-13,NCBA,22.75,22.75,96600.0,23000.0,2197650.0,0.0,False,False
2018-11-14,NCBA,22.75,22.75,316800.0,0.0,7207200.0,0.0,False,False
2018-11-15,NCBA,23.0,23.0,569900.0,0.0,13107700.0,1.1,False,False
2018-11-16,NCBA,22.5,22.5,16400.0,0.0,369000.0,-2.17,False,False
2018-11-19,NCBA,22.25,22.25,21300.0,0.0,473925.0,,False,False
2018-11-20,NCBA,22.0,22.0,25200.0,0.0,554400.0,-1.12,False,False
2018-11-21,NCBA,22.9,22.9,845100.0,0.0,19352790.0,4.09,False,False
2018-11-22,NCBA,22.6,22.6,2087000.0,0.0,47166200.0,-1.31,False,False
2018-11-23,NCBA,22.65,22.65,25000.0,0.0,566250.0,0.22,False,False
2018-11-26,NCBA,22.7,22.7,9800.0,0.0,222460.0,,False,False
2018-11-27,NCBA,22.75,22.75,29600.0,0.0,673400.0,0.22,False,False
2018-11-28,NCBA,22.7,22.7,47800.0,141050.0,1085060.0,-0.22,False,False
2018-11-29,NCBA,23.55,23.55,53000.0,0.0,1248150.0,3.74,False,False
2018-11-30,NCBA,22.5,22.5,40400.0,2275.0,909000.0,-4.46,False,False
2018-12-03,NCBA,22.65,22.65,3800.0,-12375.0,86070.0,,False,False
2018-12-04,NCBA,30.0,30.0,3800.0,0.0,114000.0,32.45,False,False
2018-12-05,NCBA,27.55,27.55,1611300.0,0.0,44391315.0,-8.17,False,False
2018-12-06,NCBA,25.0,25.0,217400.0,0.0,5435000.0,-9.26,False,False
2018-12-07,NCBA,26.15,26.15,591900.0,-90132.5,15478185.0,4.6,False,False
2018-12-10,NCBA,26.6,26.6,339700.0,9800.0,9036020.0,,False,False
2018-12-11,NCBA,27.1,27.1,4530100.0,-198290.0,122765710.0,1.88,False,False
2018-12-13,NCBA,28.15,28.15,167500.0,3915.0,4715125.0,,False,False
2018-12-14,NCBA,27.95,27.95,87500.0,0.0,2445625.0,-0.71,False,False
2018-12-17,NCBA,27.75,27.75,26100.0,,724275.0,,False,False
2018-12-18,NCBA,27.35,27.35,82100.0,0.0,2245435.0,-1.44,False,False
2018-12-19,NCBA,28.15,28.15,100700.0,0.0,2834705.0,2.93,False,False
2018-12-20,NCBA,27.75,27.75,114100.0,0.0,3166275.0,-1.42,False,False
2018-12-21,NCBA,27.6,27.6,22300.0,0.0,615480.0,-0.54,False,False
2018-12-24,NCBA,27.8,27.8,26600.0,14.09,739480.0,,False,False
2018-12-27,NCBA,27.65,27.65,5100.0,0.0,141015.0,,False,False
2018-12-28,NCBA,27.65,27.65,23300.0,0.0,644245.0,0.0,False,False
2019-01-02,NCBA,27.35,27.35,14900.0,0.0,407515.0,,False,False
2019-01-03,NCBA,27.5,27.5,156200.0,-1605927.5,4295500.0,0.55,False,False
2019-01-04,NCBA,27.5,27.5,20200.0,0.0,555500.0,0.0,False,False
2019-01-07,NCBA,27.45,27.45,28400.0,0.0,779580.0,,False,False
2019-01-08,NCBA,27.55,27.55,3200.0,0.0,88160.0,0.36,False,False
2019-01-09,NCBA,28.6,28.6,88300.0,0.0,2525380.0,3.81,False,False
2019-01-10,NCBA,28.2,28.2,22300.0,0.0,628860.0,-1.4,False,False
2019-01-11,NCBA,28.85,28.85,52600.0,0.0,1517510.0,2.3,False,False
2019-01-14,NCBA,29.45,29.45,24800.0,0.0,730360.0,,False,False
2019-01-15,NCBA,29.65,29.65,32000.0,0.0,948800.0,0.68,False,False
2019-01-16,NCBA,29.05,29.05,43500.0,0.0,1263675.0,-2.02,False,False
2019-01-17,NCBA,29.0,29.0,72100.0,-178500.0,2090900.0,-0.17,False,False
2019-01-18,NCBA,29.65,29.65,73600.0,148000.0,2182240.0,2.24,False,False
2019-01-21,NCBA,29.15,29.15,65500.0,0.0,1909325.0,,False,False
2019-01-22,NCBA,28.9,28.9,43500.0,0.0,1257150.0,-0.86,False,False
2019-01-23,NCBA,28.7,28.7,58900.0,0.0,1690430.0,-0.69,False,False
2019-01-24,NCBA,29.0,29.0,80800.0,0.0,2343200.0,1.05,False,False
2019-01-25,NCBA,29.1,29.1,48800.0,0.0,1420080.0,0.34,False,False
2019-01-28,NCBA,33.75,33.75,13900.0,0.0,469125.0,,False,False
2019-01-29,NCBA,34.75,34.75,16800.0,-85550.0,583800.0,2.96,False,False
2019-01-30,NCBA,34.9,34.9,135100.0,0.0,4714990.0,0.43,False,False
2019-01-31,NCBA,35.9,35.9,334400.0,0.0,12004960.0,2.87,False,False
2019-02-01,NCBA,38.5,38.5,244200.0,50850.0,9401700.0,7.24,False,False
2019-02-05,NCBA,38.25,38.25,102800.0,0.0,3932100.0,,False,False
2019-02-06,NCBA,38.0,38.0,451600.0,53550.0,17160800.0,-0.65,False,False
2019-02-07,NCBA,38.15,38.15,1483700.0,0.0,56603155.0,0.39,False,False
2019-02-08,NCBA,38.85,38.85,504500.0,0.0,19599825.0,1.83,False,False
2019-02-11,NCBA,39.0,39.0,178700.0,72675.0,6969300.0,,False,False
2019-02-12,NCBA,39.5,39.5,335800.0,0.0,13264100.0,1.28,False,False
2019-02-13,NCBA,39.85,39.85,353500.0,0.0,14086975.0,0.89,False,False
2019-02-14,NCBA,40.05,40.05,461500.0,0.0,18483075.0,0.5,False,False
2019-02-15,NCBA,40.4,40.4,77100.0,-98625.0,3114840.0,0.87,False,False
2019-02-18,NCBA,40.0,40.0,86800.0,-83940.0,3472000.0,,False,False
2019-02-19,NCBA,39.9,39.9,407700.0,-594207.5,16267230.0,-0.25,False,False
2019-02-20,NCBA,39.15,39.15,216000.0,0.0,8456400.0,-1.88,False,False
2019-02-21,NCBA,37.95,37.95,116700.0,12135.0,4428765.0,-3.07,False,False
2019-02-22,NCBA,36.25,36.25,123300.0,0.0,4469625.0,-4.48,False,False
2019-02-25,NCBA,35.7,35.7,58000.0,0.0,2070600.0000000002,,False,False
2019-02-26,NCBA,35.9,35.9,62500.0,0.0,2243750.0,0.56,False,False
2019-02-27,NCBA,36.0,36.0,97300.0,0.0,3502800.0,0.28,False,False
2019-02-28,NCBA,36.15,36.15,250000.0,1800.0,9037500.0,0.42,False,False
2019-03-01,NCBA,36.7,36.7,66100.0,1800.0,2425870.0,1.52,False,False
2019-03-04,NCBA,36.35,36.35,85200.0,0.0,3097020.0,,False,False
2019-03-06,NCBA,36.45,36.45,48300.0,-74825.0,1760535.0000000002,,False,False
2019-03-07,NCBA,36.15,36.15,66100.0,0.0,2389515.0,-0.82,False,False
2019-03-08,NCBA,36.0,36.0,,0.0,,-0.41,False,False
2019-03-11,NCBA,36.15,36.15,17300.0,12792.5,625395.0,,False,False
2019-03-12,NCBA,37.05,37.05,72800.0,0.0,2697240.0,2.49,False,False
2019-03-13,NCBA,38.25,38.25,42900.0,0.0,1640925.0,3.24,False,False
2019-03-14,NCBA,38.1,38.1,36100.0,0.0,1375410.0,-0.39,False,False
2019-03-15,NCBA,37.15,37.15,53600.0,0.0,1991240.0,-2.49,False,False
2019-03-18,NCBA,37.1,37.1,119000.0,0.0,4414900.0,,False,False
2019-03-19,NCBA,37.0,37.0,22100.0,0.0,817700.0,-0.27,False,False
2019-03-20,NCBA,36.7,36.7,1068900.0,0.0,39228630.0,-0.81,False,False
2019-03-21,NCBA,36.65,36.65,1490300.0,185750.0,54619495.0,-0.14,False,False
2019-03-22,NCBA,36.5,36.5,50800.0,0.0,1854200.0,-0.41,False,False
2019-03-25,NCBA,36.3,36.3,412000.0,0.0,14955599.999999998,,False,False
2019-03-26,NCBA,36.35,36.35,21400.0,0.0,777890.0,0.14,False,False
2019-03-27,NCBA,36.7,36.7,100700.0,0.0,3695690.0000000005,0.96,False,False
2019-03-28,NCBA,36.45,36.45,165300.0,54750.0,6025185.000000001,-0.68,False,False
2019-03-29,NCBA,36.35,36.35,334100.0,0.0,12144535.0,-0.27,False,False
2019-04-01,NCBA,36.05,36.05,23900.0,0.0,861594.9999999999,,False,False
2019-04-02,NCBA,36.25,36.25,18200.0,-109500.0,659750.0,0.55,False,False
2019-04-03,NCBA,36.35,36.35,83400.0,-1275375.0,3031590.0,0.28,False,False
2019-04-04,NCBA,36.2,36.2,36900.0,-472000.0,1335780.0,-0.41,False,False
2019-04-05,NCBA,36.3,36.3,25500.0,-252202.5,925649.9999999999,0.28,False,False
2019-04-08,NCBA,36.45,36.45,47600.0,-3695.0,1735020.0000000002,,False,False
2019-04-09,NCBA,36.45,36.45,75900.0,0.0,2766555.0,0.0,False,False
2019-04-10,NCBA,36.5,36.5,52300.0,-283152.5,1908950.0,0.14,False,False
2019-04-11,NCBA,36.5,36.5,78200.0,0.0,2854300.0,0.0,False,False
2019-04-12,NCBA,36.8,36.8,46500.0,0.0,1711199.9999999998,0.82,False,False
2019-04-15,NCBA,36.8,36.8,49500.0,0.0,1821599.9999999998,,False,False
2019-04-16,NCBA,34.1,34.1,70300.0,0.0,2397230.0,-7.34,False,False
2019-04-17,NCBA,34.05,34.05,91400.0,92000.0,3112169.9999999995,-0.15,False,False
2019-04-18,NCBA,32.95,32.95,147500.0,0.0,4860125.0,-3.23,False,False
2019-04-23,NCBA,31.3,31.3,57700.0,0.0,1806010.0,,False,False
2019-04-24,NCBA,31.85,31.85,75600.0,0.0,2407860.0,1.76,False,False
2019-04-25,NCBA,31.5,31.5,268100.0,0.0,8445150.0,-1.1,False,False
2019-04-30,NCBA,32.7,32.7,65400.0,0.0,2138580.0,,False,False
2019-05-02,NCBA,33.4,33.4,55700.0,0.0,1860380.0,2.14,False,False
2019-05-03,NCBA,33.0,33.0,55700.0,0.0,1838100.0,-1.2,False,False
2019-05-06,NCBA,32.6,32.6,57400.0,0.0,1871240.0,,False,False
2019-05-07,NCBA,32.05,32.05,196800.0,0.0,6307439.999999999,-1.69,False,False
2019-05-08,NCBA,30.95,30.95,205500.0,0.0,6360225.0,-3.43,False,False
2019-05-09,NCBA,30.4,30.4,142800.0,0.0,4341120.0,-1.78,False,False
2019-05-10,NCBA,29.0,29.0,64700.0,0.0,1876300.0,-4.61,False,False
2019-05-13,NCBA,29.1,29.1,37600.0,0.0,1094160.0,,False,False
2019-05-14,NCBA,31.6,31.6,338200.0,0.0,10687120.0,8.59,False,False
2019-05-15,NCBA,31.6,31.6,119000.0,0.0,3760400.0,0.0,False,False
2019-05-16,NCBA,31.05,31.05,3100.0,0.0,96255.0,-1.74,False,False
2019-05-17,NCBA,31.15,31.15,68800.0,0.0,2143120.0,0.32,False,False
2019-05-20,NCBA,30.45,30.45,77700.0,0.0,2365965.0,,False,False
2019-05-21,NCBA,29.7,29.7,75600.0,0.0,2245320.0,-2.46,False,False
2019-05-22,NCBA,29.85,29.85,19700.0,0.0,588045.0,0.51,False,False
2019-05-23,NCBA,29.7,29.7,32400.0,0.0,962280.0,-0.5,False,False
2019-05-24,NCBA,29.7,29.7,13600.0,0.0,403920.0,0.0,False,False
2019-05-27,NCBA,29.6,29.6,38300.0,0.0,1133680.0,,False,False
2019-05-28,NCBA,29.65,29.65,409100.0,0.0,12129815.0,0.17,False,False
2019-05-29,NCBA,29.65,29.65,114400.0,0.0,3391960.0,0.0,False,False
2019-05-30,NCBA,31.25,31.25,128500.0,0.0,4015625.0,5.4,False,False
2019-05-31,NCBA,31.8,31.8,77700.0,0.0,2470860.0,1.76,False,False
2019-06-04,NCBA,31.65,31.65,30500.0,14377.5,965325.0,,False,False
2019-06-06,NCBA,31.45,31.45,32500.0,0.0,1022125.0,,False,False
2019-06-10,NCBA,31.6,31.6,8400.0,0.0,265440.0,0.0,False,False
2019-06-11,NCBA,31.65,31.65,72400.0,79125.0,2291460.0,0.16,False,False
2019-06-12,NCBA,31.8,31.8,14600.0,175657.5,464280.0,0.47,False,False
2019-06-13,NCBA,31.6,31.6,797400.0,460775.0,25197840.0,-0.63,False,False
2019-06-14,NCBA,31.5,31.5,272000.0,23775.0,8568000.0,-0.32,False,False
2019-06-17,NCBA,31.4,31.4,24700.0,0.0,775580.0,,False,False
2019-06-18,NCBA,31.75,31.75,17000.0,0.0,539750.0,1.11,False,False
2019-06-19,NCBA,31.65,31.65,46400.0,0.0,1468560.0,-0.31,False,False
2019-06-20,NCBA,30.7,30.7,180700.0,31000.0,5547490.0,-3.0,False,False
2019-06-21,NCBA,31.2,31.2,59200.0,0.0,1847040.0,1.63,False,False
2019-06-24,NCBA,31.0,31.0,46000.0,0.0,1426000.0,,False,False
2019-06-25,NCBA,30.8,30.8,84700.0,-155000.0,2608760.0,-0.65,False,False
2019-06-26,NCBA,31.4,31.4,63500.0,-12400.0,1993900.0,1.95,False,False
2019-06-27,NCBA,30.6,30.6,13800.0,0.0,422280.0,-2.55,False,False
2019-06-28,NCBA,30.65,30.65,46800.0,0.0,1434420.0,0.16,False,False
2019-07-01,NCBA,30.25,30.25,27000.0,0.0,816750.0,,False,False
2019-07-02,NCBA,30.1,30.1,56500.0,90450.0,1700650.0,-0.5,False,False
2019-07-03,NCBA,30.1,30.1,49500.0,0.0,1489950.0,0.0,False,False
2019-07-04,NCBA,30.45,30.45,16500.0,0.0,502425.0,1.16,False,False
2019-07-05,NCBA,30.5,30.5,8900.0,0.0,271450.0,0.16,False,False
2019-07-08,NCBA,30.45,30.45,14100.0,0.0,429345.0,,False,False
2019-07-09,NCBA,30.65,30.65,9100.0,0.0,278915.0,0.66,False,False
2019-07-10,NCBA,30.55,30.55,48300.0,0.0,1475565.0,-0.33,False,False
2019-07-11,NCBA,30.5,30.5,13900.0,0.0,423950.0,-0.16,False,False
2019-07-12,NCBA,30.55,30.55,302500.0,0.0,9241375.0,0.16,False,False
2019-07-15,NCBA,30.55,30.55,31800.0,0.0,971490.0,,False,False
2019-07-16,NCBA,30.5,30.5,15300.0,0.0,466650.0,-0.16,False,False
2019-07-17,NCBA,30.15,30.15,590800.0,0.0,17812620.0,-1.15,False,False
2019-07-18,NCBA,30.05,30.05,51300.0,0.0,1541565.0,-0.33,False,False
2019-07-19,NCBA,30.9,30.9,5700.0,0.0,176130.0,2.83,False,False
2019-07-22,NCBA,30.05,30.05,16900.0,0.0,507845.0,,False,False
2019-07-23,NCBA,30.1,30.1,62800.0,0.0,1890280.0,0.17,False,False
2019-07-24,NCBA,30.0,30.0,18900.0,0.0,567000.0,-0.33,False,False
2019-07-25,NCBA,29.9,29.9,130600.0,0.0,3904940.0,-0.33,False,False
2019-07-26,NCBA,29.8,29.8,31000.0,0.0,923800.0,-0.33,False,False
2019-07-29,NCBA,29.5,29.5,31000.0,0.0,914500.0,,False,False
2019-07-30,NCBA,29.6,29.6,31000.0,0.0,917600.0,0.34,False,False
2019-07-31,NCBA,29.75,29.75,31000.0,0.0,922250.0,0.51,False,False
2019-08-01,NCBA,29.35,29.35,31000.0,0.0,909850.0,-1.34,False,False
2019-08-02,NCBA,29.2,29.2,31000.0,0.0,905200.0,-0.51,False,False
2019-08-05,NCBA,29.1,29.1,6500.0,0.0,189150.0,,False,False
2019-08-06,NCBA,29.25,29.25,9300.0,0.0,272025.0,0.52,False,False
2019-08-07,NCBA,29.45,29.45,86600.0,-16140.0,2550370.0,0.68,False,False
2019-08-08,NCBA,29.0,29.0,56800.0,0.0,1647200.0,-1.53,False,False
2019-08-09,NCBA,28.6,28.6,17400.0,0.0,497640.0,-1.38,False,False
2019-08-13,NCBA,28.25,28.25,20400.0,0.0,576300.0,,False,False
2019-08-14,NCBA,27.95,27.95,69300.0,-602367.5,1936935.0,-1.06,False,False
2019-08-15,NCBA,28.2,28.2,35500.0,-63000.0,1001100.0,0.89,False,False
2019-08-16,NCBA,28.15,28.15,103000.0,-210555.0,2899450.0,-0.18,False,False
2019-08-19,NCBA,28.05,28.05,16700.0,0.0,468435.0,,False,False
2019-08-20,NCBA,28.0,28.0,16400.0,0.0,459200.0,-0.18,False,False
2019-08-21,NCBA,27.95,27.95,28800.0,-46282.5,804960.0,-0.18,False,False
2019-08-22,NCBA,27.8,27.8,128800.0,0.0,3580640.0,-0.54,False,False
2019-08-23,NCBA,27.95,27.95,9900.0,0.0,276705.0,0.54,False,False
2019-08-26,NCBA,28.4,28.4,13300.0,-14.0,377720.0,,False,False
2019-08-27,NCBA,28.4,28.4,51200.0,0.0,1454080.0,0.0,False,False
2019-08-28,NCBA,28.55,28.55,26300.0,0.0,750865.0,0.53,False,False
2019-08-29,NCBA,28.45,28.45,11600.0,0.0,330020.0,-0.35,False,False
2019-08-30,NCBA,28.5,28.5,42200.0,0.0,1202700.0,0.18,False,False
2019-09-02,NCBA,28.35,28.35,42200.0,0.0,1196370.0,,False,False
2019-09-03,NCBA,28.2,28.2,23900.0,0.0,673980.0,-0.53,False,False
2019-09-04,NCBA,29.25,29.25,83100.0,0.0,2430675.0,3.72,False,False
2019-09-05,NCBA,28.05,28.05,2100.0,0.0,58905.0,-4.1,False,False
2019-09-06,NCBA,27.9,27.9,61300.0,0.0,1710270.0,-0.53,False,False
2019-09-09,NCBA,28.0,28.0,12600.0,0.0,352800.0,,False,False
2019-09-10,NCBA,28.2,28.2,72900.0,0.0,2055780.0,0.71,False,False
2019-09-11,NCBA,28.4,28.4,25000.0,0.0,710000.0,0.71,False,False
2019-09-12,NCBA,28.05,28.05,15800.0,-7250.0,443190.0,-1.23,False,False
2019-09-13,NCBA,28.25,28.25,32500.0,0.0,918125.0,0.71,False,False
2019-09-16,NCBA,28.3,28.3,5400.0,0.0,152820.0,,False,False
2019-09-17,NCBA,28.85,28.85,33100.0,0.0,954935.0,1.94,False,False
2019-09-18,NCBA,28.65,28.65,53900.0,0.0,1544235.0,-0.69,False,False
2019-09-19,NCBA,28.6,28.6,29800.0,-123250.0,852280.0,-0.17,False,False
2019-09-20,NCBA,28.7,28.7,59600.0,0.0,1710520.0,0.35,False,False
2019-09-23,NCBA,29.0,29.0,43000.0,0.0,1247000.0,,False,False
2019-09-24,NCBA,28.95,28.95,2832100.0,0.0,81989295.0,-0.17,False,False
2019-09-25,NCBA,28.95,28.95,97900.0,0.0,2834205.0,0.0,False,False
2019-09-26,NCBA,28.95,28.95,83500.0,0.0,2417325.0,0.0,False,False
2019-09-27,NCBA,29.95,29.95,42000.0,0.0,1257900.0,3.45,False,False
2019-09-30,NCBA,30.9,30.9,20000.0,0.0,618000.0,,False,False
2019-10-01,NCBA,31.15,31.15,3700.0,0.0,115255.0,0.81,False,False
2019-10-02,NCBA,31.1,31.1,8800.0,0.0,273680.0,-0.16,False,False
2019-10-03,NCBA,29.45,29.45,77400.0,0.0,2279430.0,-5.31,False,False
2019-10-04,NCBA,29.0,29.0,12900.0,0.0,374100.0,-1.53,False,False
2019-10-07,NCBA,29.8,29.8,404600.0,0.0,12057080.0,,False,False
2019-10-08,NCBA,29.0,29.0,82200.0,-187325.0,2383800.0,-2.68,False,False
2019-10-09,NCBA,29.0,29.0,40800.0,0.0,1183200.0,0.0,False,False
2019-10-11,NCBA,29.0,29.0,23100.0,0.0,669900.0,,False,False
2019-10-14,NCBA,29.35,29.35,0.0,0.0,0.0,,False,False
2019-10-15,NCBA,29.45,29.45,600.0,0.0,17670.0,0.34,False,False
2019-10-16,NCBA,29.15,29.15,52900.0,0.0,1542035.0,-1.02,False,False
2019-10-17,NCBA,31.95,31.95,652300.0,0.0,20840985.0,9.61,False,False
2019-10-18,NCBA,33.65,33.65,51800.0,0.0,1743070.0,5.32,False,False
2019-10-22,NCBA,33.45,33.45,97600.0,0.0,3264720.0000000005,,False,False
2019-10-23,NCBA,33.6,33.6,98800.0,0.0,3319680.0,0.45,False,False
2019-10-24,NCBA,33.6,33.6,35400.0,0.0,1189440.0,0.0,False,False
2019-10-25,NCBA,34.2,34.2,42300.0,0.0,1446660.0000000002,1.79,False,False
2019-10-28,NCBA,34.05,34.05,13200.0,0.0,449459.99999999994,,False,False
2019-10-29,NCBA,36.95,36.95,50700.0,0.0,1873365.0000000002,8.52,False,False
2019-10-30,NCBA,39.15,39.15,261900.0,2269950.0,10253385.0,5.95,False,False
2019-10-31,NCBA,39.45,39.45,422700.0,49000.0,16675515.000000002,0.77,False,False
2019-11-01,NCBA,36.85,36.85,1706600.0,-11124900.0,62888210.0,-6.59,False,False
2019-11-04,NCBA,36.45,36.45,283800.0,0.0,10344510.0,,False,False
2019-11-05,NCBA,38.35,38.35,154900.0,0.0,5940415.0,5.21,False,False
2019-11-06,NCBA,36.9,36.9,339100.0,55100.0,12512790.0,-3.78,False,False
2019-11-07,NCBA,34.85,34.85,111300.0,3800.0,3878805.0,-5.56,False,False
2019-11-08,NCBA,34.95,34.95,289200.0,258750.0,10107540.0,0.29,False,False
2019-11-11,NCBA,34.6,34.6,68800.0,176725.0,2380480.0,,False,False
2019-11-12,NCBA,33.9,33.9,108800.0,5175.0,3688320.0,-2.02,False,False
2019-11-13,NCBA,32.5,32.5,43100.0,0.0,1400750.0,-4.13,False,False
2019-11-14,NCBA,33.95,33.95,111800.0,160750.0,3795610.0000000005,4.46,False,False
2019-11-15,NCBA,34.55,34.55,77200.0,0.0,2667260.0,1.77,False,False
2019-11-18,NCBA,34.4,34.4,24600.0,0.0,846240.0,,False,False
2019-11-19,NCBA,34.8,34.8,140100.0,0.0,4875480.0,1.16,False,False
2019-11-20,NCBA,34.65,34.65,14400.0,19030.0,498960.0,-0.43,False,False
2019-11-21,NCBA,34.45,34.45,99500.0,43312.5,3427775.0000000005,-0.58,False,False
2019-11-22,NCBA,34.55,34.55,80600.0,195275.0,2784730.0,0.29,False,False
2019-11-25,NCBA,34.35,34.35,62400.0,-791925.0,2143440.0,,False,False
2019-11-26,NCBA,34.5,34.5,71500.0,0.0,2466750.0,0.44,False,False
2019-11-27,NCBA,34.7,34.7,205400.0,-903482.5,7127380.000000001,0.58,False,False
2019-11-28,NCBA,34.95,34.95,199500.0,-101065.0,6972525.000000001,0.72,False,False
2019-11-29,NCBA,34.75,34.75,49800.0,0.0,1730550.0,-0.57,False,False
2019-12-02,NCBA,34.55,34.55,20100.0,0.0,694455.0,,False,False
2019-12-03,NCBA,34.35,34.35,363900.0,0.0,12499965.0,-0.58,False,False
2019-12-04,NCBA,34.2,34.2,27000.0,171000.0,923400.0000000001,-0.44,False,False
2019-12-05,NCBA,34.0,34.0,36200.0,0.0,1230800.0,-0.58,False,False
2019-12-06,NCBA,33.75,33.75,1235800.0,0.0,41708250.0,-0.74,False,False
2019-12-09,NCBA,33.9,33.9,23100.0,0.0,783090.0,,False,False
2019-12-10,NCBA,34.0,34.0,129200.0,0.0,4392800.0,0.29,False,False
2019-12-11,NCBA,33.8,33.8,813800.0,0.0,27506439.999999996,-0.59,False,False
2019-12-13,NCBA,33.8,33.8,45300.0,0.0,1531139.9999999998,,False,False
2019-12-16,NCBA,33.7,33.7,85700.0,0.0,2888090.0000000005,,False,False
2019-12-17,NCBA,33.9,33.9,77200.0,90990.0,2617080.0,0.59,False,False
2019-12-18,NCBA,34.2,34.2,145500.0,0.0,4976100.0,0.88,False,False
2019-12-19,NCBA,34.15,34.15,443000.0,171000.0,15128450.0,-0.15,False,False
2019-12-20,NCBA,34.25,34.25,127100.0,10335.0,4353175.0,0.29,False,False
2019-12-23,NCBA,35.25,35.25,8900.0,0.0,313725.0,,False,False
2019-12-24,NCBA,36.6,36.6,30200.0,0.0,1105320.0,3.83,False,False
2019-12-27,NCBA,36.8,36.8,1369400.0,0.0,50393919.99999999,,False,False
2019-12-30,NCBA,36.85,36.85,94300.0,0.0,3474955.0,,False,False
2019-12-31,NCBA,36.85,36.85,135400.0,0.0,4989490.0,0.0,False,False
2020-01-02,NCBA,37.3,37.3,167800.0,0.0,6258939.999999999,,False,False
2020-01-03,NCBA,37.3,37.3,190400.0,-1508532.5,7101919.999999999,0.0,False,False
2020-01-06,NCBA,36.55,36.55,57700.0,0.0,2108935.0,,False,False
2020-01-07,NCBA,36.25,36.25,196100.0,0.0,7108625.0,-0.82,False,False
2020-01-08,NCBA,36.25,36.25,118100.0,0.0,4281125.0,0.0,False,False
2020-01-09,NCBA,36.5,36.5,1952300.0,-9137.5,71258950.0,0.69,False,False
2020-01-10,NCBA,36.3,36.3,1387000.0,657000.0,50348099.99999999,-0.55,False,False
2020-01-13,NCBA,36.5,36.5,452600.0,0.0,16519900.0,,False,False
2020-01-14,NCBA,36.7,36.7,1428600.0,0.0,52429620.00000001,0.55,False,False
2020-01-15,NCBA,36.5,36.5,93600.0,18250.0,3416400.0,-0.54,False,False
2020-01-16,NCBA,36.25,36.25,292000.0,470850.0,10585000.0,-0.68,False,False
2020-01-17,NCBA,36.45,36.45,72700.0,0.0,2649915.0,0.55,False,False
2020-01-20,NCBA,36.5,36.5,116200.0,195240.0,4241300.0,,False,False
2020-01-21,NCBA,36.4,36.4,1371400.0,115107.5,49918960.0,-0.27,False,False
2020-01-22,NCBA,36.4,36.4,36800.0,0.0,1339520.0,0.0,False,False
2020-01-23,NCBA,36.5,36.5,296800.0,0.0,10833200.0,0.27,False,False
2020-01-24,NCBA,36.3,36.3,91600.0,12740.0,3325079.9999999995,-0.55,False,False
2020-01-27,NCBA,36.3,36.3,202100.0,5445.0,7336229.999999999,,False,False
2020-01-28,NCBA,36.3,36.3,64900.0,0.0,2355870.0,0.0,False,False
2020-01-29,NCBA,36.15,36.15,42000.0,-112530.0,1518300.0,-0.41,False,False
2020-01-30,NCBA,36.1,36.1,19900.0,0.0,718390.0,-0.14,False,False
2020-01-31,NCBA,36.2,36.2,31200.0,0.0,1129440.0,0.28,False,False
2020-02-03,NCBA,36.05,36.05,21200.0,0.0,764259.9999999999,,False,False
2020-02-04,NCBA,36.1,36.1,156900.0,-2606280.0,5664090.0,0.14,False,False
2020-02-05,NCBA,36.4,36.4,14000.0,0.0,509600.0,0.83,False,False
2020-02-06,NCBA,36.4,36.4,442200.0,89425.0,16096080.0,0.0,False,False
2020-02-07,NCBA,36.05,36.05,168000.0,0.0,6056399.999999999,-0.96,False,False
2020-02-10,NCBA,36.05,36.05,55800.0,0.0,2011589.9999999998,,False,False
2020-02-12,NCBA,36.0,36.0,23000.0,0.0,828000.0,,False,False
2020-02-13,NCBA,35.85,35.85,91500.0,0.0,3280275.0,-0.42,False,False
2020-02-14,NCBA,35.8,35.8,62900.0,0.0,2251820.0,-0.14,False,False
2020-02-17,NCBA,36.0,36.0,91500.0,0.0,3294000.0,,False,False
2020-02-18,NCBA,35.85,35.85,88300.0,0.0,3165555.0,-0.42,False,False
2020-02-19,NCBA,35.8,35.8,21700.0,0.0,776859.9999999999,-0.14,False,False
2020-02-20,NCBA,35.8,35.8,115800.0,-1781970.0,4145639.9999999995,0.0,False,False
2020-02-21,NCBA,35.8,35.8,37800.0,0.0,1353240.0,0.0,False,False
2020-02-24,NCBA,35.65,35.65,23500.0,-8912.5,837775.0,,False,False
2020-02-25,NCBA,35.1,35.1,157500.0,0.0,5528250.0,-1.54,False,False
2020-02-26,NCBA,35.0,35.0,36400.0,0.0,1274000.0,-0.28,False,False
2020-02-27,NCBA,33.1,33.1,642300.0,0.0,21260130.0,-5.43,False,False
2020-02-28,NCBA,31.7,31.7,28600.0,0.0,906620.0,-4.23,False,False
2020-03-02,NCBA,32.65,32.65,226200.0,0.0,7385430.0,,False,False
2020-03-03,NCBA,32.7,32.7,124800.0,0.0,4080960.0000000005,0.15,False,False
2020-03-04,NCBA,34.85,34.85,1600.0,14737.5,55760.0,6.57,False,False
2020-03-05,NCBA,34.25,34.25,19600.0,0.0,671300.0,-1.72,False,False
2020-03-06,NCBA,33.8,33.8,21400.0,0.0,723319.9999999999,-1.31,False,False
2020-03-09,NCBA,33.05,33.05,74200.0,0.0,2452310.0,,False,False
2020-03-10,NCBA,33.15,33.15,19800.0,0.0,656370.0,0.3,False,False
2020-03-11,NCBA,32.2,32.2,14200.0,0.0,457240.00000000006,-2.87,False,False
2020-03-12,NCBA,29.95,29.95,423700.0,-1257950.0,12689815.0,-6.99,False,False
2020-03-13,NCBA,28.9,28.9,86100.0,-36250.0,2488290.0,-3.51,False,False
2020-03-16,NCBA,28.15,28.15,111600.0,0.0,3141540.0,,False,False
2020-03-17,NCBA,28.05,28.05,162000.0,0.0,4544100.0,-0.36,False,False
2020-03-18,NCBA,28.0,28.0,30500.0,0.0,854000.0,-0.18,False,False
2020-03-19,NCBA,2825.0,,127300.0,42150.0,3564400.0,9989.29,False,True
2020-03-20,NCBA,27.65,27.65,59100.0,0.0,1634115.0,-99.02,False,False
2020-03-23,NCBA,25.1,25.1,291700.0,-150500.0,7321670.0,,False,False
2020-03-24,NCBA,25.2,25.2,71700.0,-500285.0,1806840.0,0.4,False,False
2020-03-25,NCBA,26.0,26.0,108400.0,0.0,2818400.0,3.17,False,False
2020-03-26,NCBA,26.4,26.4,28300.0,0.0,747120.0,1.54,False,False
2020-03-27,NCBA,28.05,28.05,15300.0,11722.5,429165.0,6.25,False,False
2020-03-30,NCBA,28.4,28.4,24300.0,0.0,690120.0,,False,False
2020-03-31,NCBA,28.35,28.35,7700.0,0.0,218295.0,-0.18,False,False
2020-04-01,NCBA,28.5,28.5,40800.0,0.0,1162800.0,0.53,False,False
2020-04-02,NCBA,28.3,28.3,165500.0,-1236900.0,4683650.0,-0.7,False,False
2020-04-03,NCBA,27.9,27.9,31500.0,-57250.0,878850.0,-1.41,False,False
2020-04-06,NCBA,27.95,27.95,2700.0,-26600.0,75465.0,,False,False
2020-04-07,NCBA,27.95,27.95,24200.0,-322980.0,676390.0,0.0,False,False
2020-04-08,NCBA,27.95,27.95,31000.0,0.0,866450.0,0.0,False,False
2020-04-09,NCBA,27.6,27.6,8900.0,-102200.0,245640.0,-1.25,False,False
2020-04-14,NCBA,27.9,27.9,25300.0,-176390.0,705870.0,,False,False
2020-04-15,NCBA,28.0,28.0,62000.0,0.0,1736000.0,0.36,False,False
2020-04-16,NCBA,28.15,28.15,57300.0,0.0,1612995.0,0.54,False,False
2020-04-17,NCBA,28.5,28.5,14100.0,0.0,401850.0,1.24,False,False
2020-04-20,NCBA,29.05,29.05,7300.0,0.0,212065.0,,False,False
2020-04-21,NCBA,28.75,28.75,7800.0,-17340.0,224250.0,-1.03,False,False
2020-04-22,NCBA,28.75,28.75,437200.0,-5386707.5,12569500.0,0.0,False,False
2020-04-23,NCBA,28.75,28.75,1238300.0,1111187.5,35601125.0,0.0,False,False
2020-04-24,NCBA,28.1,28.1,147100.0,0.0,4133510.0,-2.26,False,False
2020-04-27,NCBA,27.9,27.9,93100.0,0.0,2597490.0,,False,False
2020-04-28,NCBA,28.0,28.0,124800.0,0.0,3494400.0,0.36,False,False
2020-04-29,NCBA,28.5,28.5,80100.0,0.0,2282850.0,1.79,False,False
2020-04-30,NCBA,30.95,30.95,93500.0,0.0,2893825.0,8.6,False,False
2020-05-04,NCBA,32.7,32.7,104700.0,-1007500.0,3423690.0000000005,,False,False
2020-05-05,NCBA,32.75,32.75,48800.0,0.0,1598200.0,0.15,False,False
2020-05-06,NCBA,32.75,32.75,570700.0,-9223460.0,18690425.0,0.0,False,False
2020-05-07,NCBA,31.7,31.7,14600.0,0.0,462820.0,-3.21,False,False
2020-05-08,NCBA,32.7,32.7,186800.0,0.0,6108360.000000001,3.15,False,False
2020-05-11,NCBA,32.25,32.25,152000.0,0.0,4902000.0,,False,False
2020-05-12,NCBA,28.8,28.8,142700.0,0.0,4109760.0,-10.7,False,False
2020-05-13,NCBA,28.3,28.3,89500.0,-8715.0,2532850.0,-1.74,False,False
2020-05-14,NCBA,27.2,27.2,1059600.0,0.0,28821120.0,-3.89,False,False
2020-05-15,NCBA,26.55,26.55,11600.0,0.0,307980.0,-2.39,False,False
2020-05-18,NCBA,27.1,27.1,119100.0,0.0,3227610.0,,False,False
2020-05-19,NCBA,27.55,27.55,125900.0,0.0,3468545.0,1.66,False,False
2020-05-20,NCBA,27.5,27.5,23000.0,0.0,632500.0,-0.18,False,False
2020-05-21,NCBA,27.15,27.15,509600.0,0.0,13835640.0,-1.27,False,False
2020-05-22,NCBA,27.05,27.05,15000.0,0.0,405750.0,-0.37,False,False
2020-05-26,NCBA,26.5,26.5,90200.0,0.0,2390300.0,,False,False
2020-05-27,NCBA,27.0,27.0,93100.0,1347.5,2513700.0,1.89,False,False
2020-05-28,NCBA,27.0,27.0,546100.0,0.0,14744700.0,0.0,False,False
2020-05-29,NCBA,26.9,26.9,724200.0,0.0,19480980.0,-0.37,False,False
2020-06-02,NCBA,26.65,26.65,268900.0,-818975.0,7166185.0,,False,False
2020-06-03,NCBA,27.05,27.05,23400.0,0.0,632970.0,1.5,False,False
2020-06-04,NCBA,27.8,27.8,113600.0,0.0,3158080.0,2.77,False,False
2020-06-05,NCBA,27.95,27.95,20700.0,0.0,578565.0,0.54,False,False
2020-06-08,NCBA,27.35,27.35,1400.0,0.0,38290.0,,False,False
2020-06-09,NCBA,26.8,26.8,6000.0,0.0,160800.0,-2.01,False,False
2020-06-10,NCBA,27.05,27.05,103600.0,0.0,2802380.0,0.93,False,False
2020-06-11,NCBA,27.05,27.05,1700.0,0.0,45985.0,0.0,False,False
2020-06-12,NCBA,27.0,27.0,104500.0,0.0,2821500.0,-0.18,False,False
2020-06-15,NCBA,27.5,27.5,236600.0,0.0,6506500.0,,False,False
2020-06-16,NCBA,28.0,28.0,84000.0,-1126775.0,2352000.0,1.82,False,False
2020-06-17,NCBA,27.5,27.5,71500.0,-82600.0,1966250.0,-1.79,False,False
2020-06-18,NCBA,27.5,27.5,14100.0,0.0,387750.0,0.0,False,False
2020-06-19,NCBA,27.0,27.0,5100.0,0.0,137700.0,-1.82,False,False
2020-06-22,NCBA,27.85,27.85,24800.0,0.0,690680.0,,False,False
2020-06-23,NCBA,27.9,27.9,516000.0,0.0,14396400.0,0.18,False,False
2020-06-24,NCBA,27.25,27.25,215200.0,0.0,5864200.0,-2.33,False,False
2020-06-25,NCBA,27.05,27.05,25400.0,0.0,687070.0,-0.73,False,False
2020-06-26,NCBA,26.9,26.9,25700.0,0.0,691330.0,-0.55,False,False
2020-06-29,NCBA,26.55,26.55,16900.0,1340.0,448695.0,,False,False
2020-06-30,NCBA,26.55,26.55,120100.0,0.0,3188655.0,0.0,False,False
2020-07-01,NCBA,26.5,26.5,442700.0,0.0,11731550.0,-0.19,False,False
2020-07-02,NCBA,26.5,26.5,235000.0,-494270.0,6227500.0,0.0,False,False
2020-07-03,NCBA,26.45,26.45,58400.0,0.0,1544680.0,-0.19,False,False
2020-07-06,NCBA,26.45,26.45,13300.0,-26400.0,351785.0,,False,False
2020-07-07,NCBA,26.5,26.5,8200.0,35505.0,217300.0,0.19,False,False
2020-07-08,NCBA,26.5,26.5,84100.0,0.0,2228650.0,0.0,False,False
2020-07-09,NCBA,26.4,26.4,294900.0,-52900.0,7785360.0,-0.38,False,False
2020-07-10,NCBA,26.45,26.45,23000.0,0.0,608350.0,0.19,False,False
2020-07-13,NCBA,26.05,26.05,17100.0,-39675.0,445455.0,,False,False
2020-07-14,NCBA,25.95,25.95,14700.0,0.0,381465.0,-0.38,False,False
2020-07-15,NCBA,25.85,25.85,66700.0,26000.0,1724195.0,-0.39,False,False
2020-07-16,NCBA,25.2,25.2,67700.0,0.0,1706040.0,-2.51,False,False
2020-07-17,NCBA,26.1,26.1,68200.0,0.0,1780020.0,3.57,False,False
2020-07-20,NCBA,25.7,25.7,7800.0,-36890.0,200460.0,,False,False
2020-07-21,NCBA,25.55,25.55,9500.0,0.0,242725.0,-0.58,False,False
2020-07-22,NCBA,25.15,25.15,15900.0,-5250.0,399885.0,-1.57,False,False
2020-07-23,NCBA,25.5,25.5,139000.0,0.0,3544500.0,1.39,False,False
2020-07-24,NCBA,25.6,25.6,56000.0,0.0,1433600.0,0.39,False,False
2020-07-27,NCBA,25.45,25.45,2200.0,-1347.5,55990.0,,False,False
2020-07-28,NCBA,25.0,25.0,22200.0,-15300.0,555000.0,-1.77,False,False
2020-07-29,NCBA,24.15,24.15,113800.0,0.0,2748270.0,-3.4,False,False
2020-07-30,NCBA,23.95,23.95,118800.0,0.0,2845260.0,-0.83,False,False
2020-08-03,NCBA,23.7,23.7,36700.0,0.0,869790.0,,False,False
2020-08-04,NCBA,23.5,23.5,11800.0,0.0,277300.0,-0.84,False,False
2020-08-05,NCBA,23.65,23.65,69400.0,0.0,1641310.0,0.64,False,False
2020-08-06,NCBA,23.2,23.2,45800.0,-139385.0,1062560.0,-1.9,False,False
2020-08-07,NCBA,23.3,23.3,160400.0,0.0,3737320.0,0.43,False,False
2020-08-10,NCBA,23.25,23.25,17400.0,0.0,404550.0,,False,False
2020-08-11,NCBA,23.45,23.45,11300.0,0.0,264985.0,0.86,False,False
2020-08-12,NCBA,23.15,23.15,5200.0,0.0,120379.99999999999,-1.28,False,False
2020-08-13,NCBA,22.8,22.8,35100.0,0.0,800280.0,-1.51,False,False
2020-08-14,NCBA,22.05,22.05,61700.0,0.0,1360485.0,-3.29,False,False
2020-08-17,NCBA,22.0,22.0,412500.0,-541950.0,9075000.0,,False,False
2020-08-18,NCBA,22.0,22.0,114200.0,-146300.0,2512400.0,0.0,False,False
2020-08-19,NCBA,22.0,22.0,15300.0,0.0,336600.0,0.0,False,False
2020-08-20,NCBA,20.2,20.2,54600.0,0.0,1102920.0,-8.18,False,False
2020-08-21,NCBA,21.9,21.9,3534100.0,-3692325.0,77396790.0,8.42,False,False
2020-08-24,NCBA,22.0,22.0,297500.0,-1203250.0,6545000.0,,False,False
2020-08-25,NCBA,23.0,23.0,1534300.0,-1960097.5,35288900.0,4.55,False,False
2020-08-26,NCBA,23.5,23.5,387200.0,0.0,9099200.0,2.17,False,False
2020-08-27,NCBA,23.45,23.45,160200.0,293710.0,3756690.0,-0.21,False,False
2020-08-28,NCBA,23.45,23.45,364800.0,0.0,8554560.0,0.0,False,False
2020-08-31,NCBA,23.5,23.5,44000.0,-11725.0,1034000.0,,False,False
2020-09-01,NCBA,23.5,23.5,212100.0,0.0,4984350.0,0.0,False,False
2020-09-02,NCBA,23.3,23.3,196700.0,0.0,4583110.0,-0.85,False,False
2020-09-03,NCBA,23.2,23.2,258500.0,0.0,5997200.0,-0.43,False,False
2020-09-04,NCBA,23.0,23.0,57100.0,8120.0,1313300.0,-0.86,False,False
2020-09-07,NCBA,23.0,23.0,34500.0,0.0,793500.0,,False,False
2020-09-08,NCBA,22.55,22.55,23000.0,0.0,518650.0,-1.96,False,False
2020-09-09,NCBA,22.55,22.55,67000.0,0.0,1510850.0,0.0,False,False
2020-09-10,NCBA,22.55,22.55,5600.0,0.0,126280.0,0.0,False,False
2020-09-11,NCBA,22.5,22.5,327700.0,0.0,7373250.0,-0.22,False,False
2020-09-14,NCBA,22.6,22.6,85200.0,-713422.5,1925520.0000000002,,False,False
2020-09-15,NCBA,22.15,22.15,146900.0,0.0,3253835.0,-1.99,False,False
2020-09-16,NCBA,21.8,21.8,109500.0,0.0,2387100.0,-1.58,False,False
2020-09-17,NCBA,22.2,22.2,146100.0,0.0,3243420.0,1.83,False,False
2020-09-18,NCBA,23.15,23.15,342400.0,0.0,7926559.999999999,4.28,False,False
2020-09-21,NCBA,22.85,22.85,22400.0,0.0,511840.00000000006,,False,False
2020-09-22,NCBA,23.0,23.0,171200.0,143750.0,3937600.0,0.66,False,False
2020-09-23,NCBA,23.05,23.05,30300.0,13740.0,698415.0,0.22,False,False
2020-09-24,NCBA,23.05,23.05,30800.0,0.0,709940.0,0.0,False,False
2020-09-25,NCBA,22.8,22.8,165800.0,-1592432.5,3780240.0,-1.08,False,False
2020-09-28,NCBA,22.9,22.9,59200.0,-88330.0,1355680.0,,False,False
2020-09-29,NCBA,23.0,23.0,23700.0,0.0,545100.0,0.44,False,False
2020-09-30,NCBA,23.05,23.05,172700.0,-17250.0,3980735.0,0.22,False,False
2020-10-01,NCBA,22.65,22.65,7300.0,0.0,165345.0,-1.74,False,False
2020-10-02,NCBA,22.55,22.55,89400.0,-710770.0,2015970.0,-0.44,False,False
2020-10-05,NCBA,22.55,22.55,20800.0,0.0,469040.0,,False,False
2020-10-06,NCBA,22.6,22.6,145600.0,0.0,3290560.0,0.22,False,False
2020-10-07,NCBA,22.5,22.5,18200.0,0.0,409500.0,-0.44,False,False
2020-10-08,NCBA,22.6,22.6,23600.0,14625.0,533360.0,0.44,False,False
2020-10-09,NCBA,22.7,22.7,10700.0,0.0,242890.0,0.44,False,False
2020-10-12,NCBA,22.75,22.75,333700.0,0.0,7591675.0,,False,False
2020-10-13,NCBA,22.9,22.9,3700.0,0.0,84730.0,0.66,False,False
2020-10-14,NCBA,23.25,23.25,30600.0,0.0,711450.0,1.53,False,False
2020-10-15,NCBA,22.95,22.95,13700.0,0.0,314415.0,-1.29,False,False
2020-10-16,NCBA,22.85,22.85,5600.0,-414000.0,127960.00000000001,-0.44,False,False
2020-10-19,NCBA,22.9,22.9,16700.0,0.0,382430.0,,False,False
2020-10-21,NCBA,22.9,22.9,13900.0,0.0,318310.0,,False,False
2020-10-22,NCBA,22.75,22.75,32900.0,0.0,748475.0,-0.66,False,False
2020-10-23,NCBA,22.55,22.55,9100.0,0.0,205205.0,-0.88,False,False
2020-10-26,NCBA,22.6,22.6,18700.0,0.0,422620.0,,False,False
2020-10-27,NCBA,22.65,22.65,10000.0,4560.0,226500.0,0.22,False,False
2020-10-28,NCBA,22.25,22.25,5900.0,0.0,131275.0,-1.77,False,False
2020-10-29,NCBA,22.65,22.65,79200.0,0.0,1793880.0,1.8,False,False
2020-10-30,NCBA,22.05,22.05,316400.0,0.0,6976620.0,-2.65,False,False
2020-11-02,NCBA,22.0,22.0,132900.0,9472.5,2923800.0,,False,False
2020-11-03,NCBA,21.75,21.75,20600.0,0.0,448050.0,-1.14,False,False
2020-11-04,NCBA,22.0,22.0,13900.0,0.0,305800.0,1.15,False,False
2020-11-05,NCBA,21.95,21.95,28700.0,0.0,629965.0,-0.23,False,False
2020-11-06,NCBA,22.1,22.1,5600.0,0.0,123760.00000000001,0.68,False,False
2020-11-09,NCBA,22.5,22.5,23200.0,0.0,522000.0,,False,False
2020-11-10,NCBA,22.25,22.25,8200.0,-10125.0,182450.0,-1.11,False,False
2020-11-11,NCBA,22.55,22.55,64400.0,0.0,1452220.0,1.35,False,False
2020-11-12,NCBA,22.0,22.0,2600.0,0.0,57200.0,-2.44,False,False
2020-11-13,NCBA,21.95,21.95,22700.0,0.0,498265.0,-0.23,False,False
2020-11-16,NCBA,22.4,22.4,2600.0,0.0,58239.99999999999,,False,False
2020-11-17,NCBA,22.5,22.5,400.0,0.0,9000.0,0.45,False,False
2020-11-18,NCBA,22.55,22.55,6100.0,0.0,137555.0,0.22,False,False
2020-11-19,NCBA,22.7,22.7,51500.0,0.0,1169050.0,0.67,False,False
2020-11-20,NCBA,22.6,22.6,357500.0,0.0,8079500.000000001,-0.44,False,False
2020-11-23,NCBA,22.6,22.6,10500.0,-63255.0,237300.00000000003,,False,False
2020-11-24,NCBA,22.6,22.6,17700.0,-32627.5,400020.0,0.0,False,False
2020-11-25,NCBA,23.5,23.5,2600.0,0.0,61100.0,3.98,False,False
2020-11-26,NCBA,22.95,22.95,7308800.0,-940055.0,167736960.0,-2.34,False,False
2020-11-27,NCBA,22.5,22.5,81300.0,1140.0,1829250.0,-1.96,False,False
2020-11-30,NCBA,21.5,21.5,81300.0,0.0,1747950.0,,False,False
2020-12-01,NCBA,22.0,22.0,14500.0,0.0,319000.0,2.33,False,False
2020-12-02,NCBA,22.9,22.9,2000.0,0.0,45800.0,4.09,False,False
2020-12-03,NCBA,22.9,22.9,71200.0,0.0,1630480.0,0.0,False,False
2020-12-04,NCBA,23.3,23.3,7100.0,0.0,165430.0,1.75,False,False
2020-12-07,NCBA,23.3,23.3,22400.0,0.0,521920.0,,False,False
2020-12-08,NCBA,23.15,23.15,245800.0,0.0,5690270.0,-0.64,False,False
2020-12-09,NCBA,23.15,23.15,45600.0,0.0,1055640.0,0.0,False,False
2020-12-10,NCBA,23.3,23.3,10200.0,0.0,237660.0,0.65,False,False
2020-12-11,NCBA,23.25,23.25,64000.0,0.0,1488000.0,-0.21,False,False
2020-12-14,NCBA,23.3,23.3,38200.0,-232500.0,890060.0,,False,False
2020-12-15,NCBA,23.15,23.15,444400.0,0.0,10287860.0,-0.64,False,False
2020-12-16,NCBA,23.4,23.4,7400.0,17250.0,173160.0,1.08,False,False
2020-12-17,NCBA,23.5,23.5,18900.0,0.0,444150.0,0.43,False,False
2020-12-18,NCBA,23.85,23.85,16300.0,0.0,388755.0,1.49,False,False
2020-12-21,NCBA,24.0,24.0,106500.0,0.0,2556000.0,,False,False
2020-12-22,NCBA,23.95,23.95,1900.0,0.0,45505.0,-0.21,False,False
2020-12-23,NCBA,24.5,24.5,2500.0,0.0,61250.0,2.3,False,False
2020-12-24,NCBA,24.1,24.1,53800.0,0.0,1296580.0,-1.63,False,False
2020-12-28,NCBA,24.5,24.5,21600.0,0.0,529200.0,,False,False
2020-12-29,NCBA,24.85,24.85,99500.0,0.0,2472575.0,1.43,False,False
2020-12-30,NCBA,26.75,26.75,86200.0,-125000.0,2305850.0,7.65,False,False
2021-01-04,NCBA,26.6,26.6,7700.0,0.0,204820.0,,False,False
2021-01-05,NCBA,25.75,25.75,67900.0,-26500.0,1748425.0,-3.2,False,False
2021-01-06,NCBA,25.05,25.05,89600.0,-332510.0,2244480.0,-2.72,False,False
2021-01-07,NCBA,25.55,25.55,25300.0,0.0,646415.0,2.0,False,False
2021-01-08,NCBA,25.6,25.6,39100.0,0.0,1000960.0,0.2,False,False
2021-01-11,NCBA,25.75,25.75,141900.0,-3360375.0,3653925.0,,False,False
2021-01-12,NCBA,25.5,25.5,41400.0,-399055.0,1055700.0,-0.97,False,False
2021-01-13,NCBA,25.5,25.5,28700.0,-362100.0,731850.0,0.0,False,False
2021-01-14,NCBA,25.35,25.35,47600.0,0.0,1206660.0,-0.59,False,False
2021-01-15,NCBA,25.5,25.5,39400.0,0.0,1004700.0,0.59,False,False
2021-01-18,NCBA,25.5,25.5,51700.0,0.0,1318350.0,,False,False
2021-01-19,NCBA,25.5,25.5,6800.0,0.0,173400.0,0.0,False,False
2021-01-20,NCBA,25.5,25.5,23200.0,0.0,591600.0,0.0,False,False
2021-01-21,NCBA,25.45,25.45,57400.0,0.0,1460830.0,-0.2,False,False
2021-01-22,NCBA,25.4,25.4,30300.0,0.0,769620.0,-0.2,False,False
2021-01-25,NCBA,25.35,25.35,4000.0,-40530.0,101400.0,,False,False
2021-01-26,NCBA,25.3,25.3,19200.0,0.0,485760.0,-0.2,False,False
2021-01-27,NCBA,24.75,24.75,9900.0,-237580.0,245025.0,-2.17,False,False
2021-01-28,NCBA,24.75,24.75,29900.0,0.0,740025.0,0.0,False,False
2021-01-29,NCBA,24.75,24.75,100.0,0.0,2475.0,0.0,False,False
2021-02-01,NCBA,24.75,24.75,6400.0,0.0,158400.0,,False,False
2021-02-02,NCBA,24.9,24.9,23200.0,0.0,577680.0,0.61,False,False
2021-02-03,NCBA,25.0,25.0,22200.0,-84660.0,555000.0,0.4,False,False
2021-02-04,NCBA,24.3,24.3,34200.0,0.0,831060.0,-2.8,False,False
2021-02-05,NCBA,24.5,24.5,1200.0,0.0,29400.0,0.82,False,False
2021-02-08,NCBA,24.35,24.35,17400.0,0.0,423690.0,,False,False
2021-02-09,NCBA,24.35,24.35,27100.0,0.0,659885.0,0.0,False,False
2021-02-10,NCBA,24.45,24.45,8600.0,0.0,210270.0,0.41,False,False
2021-02-11,NCBA,24.25,24.25,119100.0,0.0,2888175.0,-0.82,False,False
2021-02-12,NCBA,24.45,24.45,24300.0,0.0,594135.0,0.82,False,False
2021-02-15,NCBA,24.15,24.15,6300.0,0.0,152145.0,,False,False
2021-02-16,NCBA,24.05,24.05,77800.0,0.0,1871090.0,-0.41,False,False
2021-02-17,NCBA,24.15,24.15,65300.0,0.0,1576995.0,0.42,False,False
2021-02-18,NCBA,24.1,24.1,4400.0,0.0,106040.0,-0.21,False,False
2021-02-19,NCBA,24.05,24.05,31400.0,0.0,755170.0,-0.21,False,False
2021-02-22,NCBA,24.25,24.25,346800.0,-1326475.0,8409900.0,,False,False
2021-02-23,NCBA,23.65,23.65,1500.0,0.0,35475.0,-2.47,False,False
2021-02-24,NCBA,24.45,24.45,33100.0,0.0,809295.0,3.38,False,False
2021-02-25,NCBA,24.45,24.45,10100.0,24300.0,246945.0,0.0,False,False
2021-02-26,NCBA,24.5,24.5,29700.0,0.0,727650.0,0.2,False,False
2021-03-01,NCBA,24.45,24.45,36500.0,0.0,892425.0,,False,False
2021-03-02,NCBA,25.05,25.05,89200.0,-159250.0,2234460.0,2.45,False,False
2021-03-03,NCBA,26.5,26.5,1000.0,0.0,26500.0,5.79,False,False
2021-03-04,NCBA,24.7,24.7,55900.0,0.0,1380730.0,-6.79,False,False
2021-03-05,NCBA,25.9,25.9,10200.0,0.0,264180.0,4.86,False,False
2021-03-08,NCBA,24.85,24.85,14600.0,25500.0,362810.0,,False,False
2021-03-09,NCBA,24.4,24.4,34200.0,0.0,834480.0,-1.81,False,False
2021-03-10,NCBA,24.0,24.0,93300.0,0.0,2239200.0,-1.64,False,False
2021-03-11,NCBA,24.1,24.1,400.0,0.0,9640.0,0.42,False,False
2021-03-12,NCBA,24.85,24.85,9500.0,-142500.0,236075.0,3.11,False,False
2021-03-15,NCBA,24.25,24.25,38700.0,0.0,938475.0,,False,False
2021-03-16,NCBA,24.2,24.2,14000.0,0.0,338800.0,-0.21,False,False
2021-03-17,NCBA,24.45,24.45,12000.0,-66960.0,293400.0,1.03,False,False
2021-03-18,NCBA,25.05,25.05,27900.0,-208540.0,698895.0,2.45,False,False
2021-03-19,NCBA,24.95,24.95,32500.0,0.0,810875.0,-0.4,False,False
2021-03-22,NCBA,24.65,24.65,20800.0,0.0,512719.99999999994,,False,False
2021-03-23,NCBA,24.75,24.75,26400.0,0.0,653400.0,0.41,False,False
2021-03-24,NCBA,23.45,23.45,99000.0,0.0,2321550.0,-5.25,False,False
2021-03-25,NCBA,22.95,22.95,70600.0,-429400.0,1620270.0,-2.13,False,False
2021-03-26,NCBA,23.1,23.1,9300.0,0.0,214830.0,0.65,False,False
2021-03-29,NCBA,23.85,23.85,128400.0,0.0,3062340.0,,False,False
2021-03-30,NCBA,25.1,25.1,810100.0,-1037775.0,20333510.0,5.24,False,False
2021-03-31,NCBA,25.15,25.15,76000.0,0.0,1911400.0,0.2,False,False
2021-04-01,NCBA,25.35,25.35,67900.0,0.0,1721265.0,0.8,False,False
2021-04-06,NCBA,25.05,25.05,82700.0,-1200000.0,2071635.0,,False,False
2021-04-07,NCBA,25.25,25.25,772100.0,0.0,19495525.0,0.8,False,False
2021-04-08,NCBA,24.6,24.6,13300.0,0.0,327180.0,-2.57,False,False
2021-04-09,NCBA,25.0,25.0,53700.0,0.0,1342500.0,1.63,False,False
2021-04-12,NCBA,25.25,25.25,438500.0,-8956175.0,11072125.0,,False,False
2021-04-13,NCBA,25.5,25.5,170100.0,0.0,4337550.0,0.99,False,False
2021-04-14,NCBA,26.5,26.5,640300.0,0.0,16967950.0,3.92,False,False
2021-04-15,NCBA,26.45,26.45,90200.0,0.0,2385790.0,-0.19,False,False
2021-04-16,NCBA,26.8,26.8,422300.0,0.0,11317640.0,1.32,False,False
2021-04-19,NCBA,26.6,26.6,147400.0,-34840.0,3920840.0,,False,False
2021-04-20,NCBA,26.7,26.7,876000.0,0.0,23389200.0,0.38,False,False
2021-04-21,NCBA,24.95,24.95,1462000.0,0.0,36476900.0,-6.55,False,False
2021-04-22,NCBA,24.95,24.95,1836100.0,0.0,45810695.0,0.0,False,False
2021-04-23,NCBA,24.85,24.85,21300.0,0.0,529305.0,-0.4,False,False
2021-04-26,NCBA,25.0,25.0,16400.0,0.0,410000.0,,False,False
2021-04-27,NCBA,24.85,24.85,68800.0,2485.0,1709680.0,-0.6,False,False
2021-04-28,NCBA,24.25,24.25,1300.0,0.0,31525.0,-2.41,False,False
2021-04-29,NCBA,24.55,24.55,22400.0,0.0,549920.0,1.24,False,False
2021-04-30,NCBA,24.95,24.95,9200.0,0.0,229540.0,1.63,False,False
2021-05-03,NCBA,24.35,24.35,15600.0,0.0,379860.0,,False,False
2021-05-04,NCBA,24.45,24.45,49700.0,0.0,1215165.0,0.41,False,False
2021-05-05,NCBA,24.5,24.5,76400.0,0.0,1871800.0,0.2,False,False
2021-05-06,NCBA,24.45,24.45,18500.0,0.0,452325.0,-0.2,False,False
2021-05-07,NCBA,24.6,24.6,107400.0,0.0,2642040.0,0.61,False,False
2021-05-10,NCBA,24.7,24.7,9000.0,0.0,222300.0,,False,False
2021-05-11,NCBA,24.95,24.95,18700.0,0.0,466565.0,1.01,False,False
2021-05-12,NCBA,25.0,25.0,17300.0,4940.0,432500.0,0.2,False,False
2021-05-13,NCBA,24.65,24.65,7500.0,7410.0,184875.0,-1.4,False,False
2021-05-17,NCBA,24.9,24.9,2100.0,0.0,52290.0,,False,False
2021-05-18,NCBA,24.85,24.85,55800.0,0.0,1386630.0,-0.2,False,False
2021-05-19,NCBA,24.9,24.9,4300.0,0.0,107070.0,0.2,False,False
2021-05-20,NCBA,25.0,25.0,62800.0,7500.0,1570000.0,0.4,False,False
2021-05-21,NCBA,24.85,24.85,1600.0,0.0,39760.0,-0.6,False,False
2021-05-24,NCBA,24.9,24.9,9600.0,0.0,239040.0,,False,False
2021-05-25,NCBA,25.05,25.05,3500.0,0.0,87675.0,0.6,False,False
2021-05-26,NCBA,25.1,25.1,20400.0,0.0,512040.0,0.2,False,False
2021-05-27,NCBA,25.05,25.05,505000.0,0.0,12650250.0,-0.2,False,False
2021-05-28,NCBA,25.45,25.45,8300.0,0.0,211235.0,1.6,False,False
2021-05-31,NCBA,26.0,26.0,330800.0,0.0,8600800.0,,False,False
2021-06-02,NCBA,26.75,26.75,677300.0,0.0,18117775.0,,False,False
2021-06-03,NCBA,26.5,26.5,9088100.0,0.0,240834650.0,-0.93,False,False
2021-06-04,NCBA,26.1,26.1,65000.0,-151715.0,1696500.0,-1.51,False,False
2021-06-07,NCBA,26.1,26.1,157000.0,-260000.0,4097700.0,,False,False
2021-06-08,NCBA,26.0,26.0,445900.0,0.0,11593400.0,-0.38,False,False
2021-06-09,NCBA,26.25,26.25,10000.0,0.0,262500.0,0.96,False,False
2021-06-10,NCBA,26.0,26.0,54482600.0,0.0,1416547600.0,-0.95,False,False
2021-06-11,NCBA,26.3,26.3,6400.0,0.0,168320.0,1.15,False,False
2021-06-14,NCBA,26.4,26.4,55900.0,0.0,1475760.0,,False,False
2021-06-15,NCBA,26.25,26.25,11600.0,0.0,304500.0,-0.57,False,False
2021-06-16,NCBA,25.95,25.95,15000.0,0.0,389250.0,-1.14,False,False
2021-06-17,NCBA,25.95,25.95,209000.0,0.0,5423550.0,0.0,False,False
2021-06-18,NCBA,25.6,25.6,40400.0,0.0,1034240.0,-1.35,False,False
2021-06-21,NCBA,25.45,25.45,5100.0,0.0,129795.0,,False,False
2021-06-22,NCBA,25.45,25.45,686200.0,0.0,17463790.0,0.0,False,False
2021-06-23,NCBA,25.4,25.4,53000.0,0.0,1346200.0,-0.2,False,False
2021-06-24,NCBA,25.0,25.0,84600.0,0.0,2115000.0,-1.57,False,False
2021-06-25,NCBA,25.15,25.15,72500.0,0.0,1823375.0,0.6,False,False
2021-06-28,NCBA,25.55,25.55,32200.0,0.0,822710.0,,False,False
2021-06-29,NCBA,25.45,25.45,32900.0,0.0,837305.0,-0.39,False,False
2021-06-30,NCBA,25.5,25.5,9800.0,0.0,249900.0,0.2,False,False
2021-07-01,NCBA,25.5,25.5,283400.0,0.0,7226700.0,0.0,False,False
2021-07-02,NCBA,25.0,25.0,8800.0,0.0,220000.0,-1.96,False,False
2021-07-05,NCBA,25.3,25.3,56500.0,198900.0,1429450.0,,False,False
2021-07-06,NCBA,25.4,25.4,54100.0,0.0,1374140.0,0.4,False,False
2021-07-07,NCBA,25.5,25.5,40600.0,0.0,1035300.0,0.39,False,False
2021-07-08,NCBA,25.6,25.6,64400.0,0.0,1648640.0,0.39,False,False
2021-07-09,NCBA,26.0,26.0,25600.0,0.0,665600.0,1.56,False,False
2021-07-12,NCBA,25.5,25.5,202800.0,0.0,5171400.0,,False,False
2021-07-13,NCBA,25.75,25.75,30700.0,0.0,790525.0,0.98,False,False
2021-07-14,NCBA,25.7,25.7,18100.0,0.0,465170.0,-0.19,False,False
2021-07-15,NCBA,25.65,25.65,22000.0,0.0,564300.0,-0.19,False,False
2021-07-16,NCBA,25.95,25.95,65300.0,7875.0,1694535.0,1.17,False,False
2021-07-19,NCBA,25.65,25.65,88300.0,0.0,2264895.0,,False,False
2021-07-21,NCBA,26.0,26.0,23500.0,0.0,611000.0,,False,False
2021-07-22,NCBA,25.85,25.85,5100.0,0.0,131835.0,-0.58,False,False
2021-07-23,NCBA,26.15,26.15,29900.0,0.0,781885.0,1.16,False,False
2021-07-26,NCBA,26.1,26.1,29900.0,130000.0,780390.0,,False,False
2021-07-27,NCBA,26.4,26.4,36300.0,0.0,958320.0,1.15,False,False
2021-07-28,NCBA,26.8,26.8,56200.0,-159000.0,1506160.0,1.52,False,False
2021-07-29,NCBA,26.75,26.75,30000.0,0.0,802500.0,-0.19,False,False
2021-07-30,NCBA,26.55,26.55,34100.0,0.0,905355.0,-0.75,False,False
2021-08-02,NCBA,26.5,26.5,22300.0,0.0,590950.0,,False,False
2021-08-03,NCBA,26.65,26.65,36600.0,0.0,975390.0,0.57,False,False
2021-08-04,NCBA,26.25,26.25,16900.0,106200.0,443625.0,-1.5,False,False
2021-08-05,NCBA,26.2,26.2,6800.0,0.0,178160.0,-0.19,False,False
2021-08-06,NCBA,26.2,26.2,29400.0,2600.0,770280.0,0.0,False,False
2021-08-09,NCBA,25.85,25.85,44200.0,-31240.0,1142570.0,,False,False
2021-08-10,NCBA,25.5,25.5,318700.0,30720.0,8126850.0,-1.35,False,False
2021-08-11,NCBA,25.45,25.45,163300.0,0.0,4155985.0,-0.2,False,False
2021-08-12,NCBA,25.1,25.1,61300.0,0.0,1538630.0,-1.38,False,False
2021-08-13,NCBA,25.4,25.4,73300.0,0.0,1861820.0,1.2,False,False
2021-08-16,NCBA,25.3,25.3,79900.0,0.0,2021470.0,,False,False
2021-08-17,NCBA,25.4,25.4,394000.0,0.0,10007600.0,0.4,False,False
2021-08-18,NCBA,26.15,26.15,75800.0,15870.0,1982170.0,2.95,False,False
2021-08-19,NCBA,27.05,27.05,59900.0,2680.0,1620295.0,3.44,False,False
2021-08-20,NCBA,27.1,27.1,7100.0,0.0,192410.0,0.18,False,False
2021-08-23,NCBA,26.95,26.95,129200.0,0.0,3481940.0,,False,False
2021-08-24,NCBA,27.15,27.15,41900.0,0.0,1137585.0,0.74,False,False
2021-08-25,NCBA,26.6,26.6,31400.0,0.0,835240.0,-2.03,False,False
2021-08-26,NCBA,26.8,26.8,42900.0,0.0,1149720.0,0.75,False,False
2021-08-27,NCBA,26.45,26.45,69000.0,0.0,1825050.0,-1.31,False,False
2021-08-30,NCBA,27.6,27.6,155500.0,-831650.0,4291800.0,,False,False
2021-08-31,NCBA,28.15,28.15,193000.0,0.0,5432950.0,1.99,False,False
2021-09-01,NCBA,28.05,28.05,130900.0,69750.0,3671745.0,-0.36,False,False
2021-09-02,NCBA,27.95,27.95,27500.0,0.0,768625.0,-0.36,False,False
2021-09-03,NCBA,27.2,27.2,244200.0,0.0,6642240.0,-2.68,False,False
2021-09-06,NCBA,27.05,27.05,116500.0,0.0,3151325.0,,False,False
2021-09-07,NCBA,27.1,27.1,30100.0,0.0,815710.0,0.18,False,False
2021-09-08,NCBA,27.4,27.4,69700.0,-131120.0,1909780.0,1.11,False,False
2021-09-09,NCBA,27.65,27.65,139600.0,129990.0,3859940.0,0.91,False,False
2021-09-10,NCBA,27.65,27.65,21500.0,27500.0,594475.0,0.0,False,False
2021-09-13,NCBA,28.0,28.0,42500.0,0.0,1190000.0,,False,False
2021-09-14,NCBA,28.0,28.0,26500.0,0.0,742000.0,0.0,False,False
2021-09-15,NCBA,27.75,27.75,11900.0,0.0,330225.0,-0.89,False,False
2021-09-16,NCBA,27.65,27.65,60900.0,-314740.0,1683885.0,-0.36,False,False
2021-09-17,NCBA,27.65,27.65,479300.0,0.0,13252645.0,0.0,False,False
2021-09-20,NCBA,27.85,27.85,25800.0,0.0,718530.0,,False,False
2021-09-21,NCBA,26.95,26.95,30300.0,0.0,816585.0,-3.23,False,False
2021-09-22,NCBA,27.85,27.85,42300.0,0.0,1178055.0,3.34,False,False
2021-09-23,NCBA,28.0,28.0,263000.0,0.0,7364000.0,0.54,False,False
2021-09-24,NCBA,27.05,27.05,554400.0,0.0,14996520.0,-3.39,False,False
2021-09-27,NCBA,27.4,27.4,15800.0,0.0,432920.0,,False,False
2021-09-28,NCBA,26.7,26.7,182200.0,-61525.0,4864740.0,-2.55,False,False
2021-09-29,NCBA,25.75,25.75,100200.0,-147255.0,2580150.0,-3.56,False,False
2021-09-30,NCBA,26.0,26.0,81300.0,-57600.0,2113800.0,0.97,False,False
2021-10-01,NCBA,26.0,26.0,35400.0,0.0,920400.0,0.0,False,False
2021-10-04,NCBA,25.95,25.95,13200.0,0.0,342540.0,,False,False
2021-10-05,NCBA,25.75,25.75,36600.0,-483410.0,942450.0,-0.77,False,False
2021-10-06,NCBA,25.55,25.55,14500.0,-176295.0,370475.0,-0.78,False,False
2021-10-07,NCBA,25.2,25.2,71300.0,0.0,1796760.0,-1.37,False,False
2021-10-08,NCBA,25.25,25.25,49600.0,0.0,1252400.0,0.2,False,False
2021-10-12,NCBA,25.05,25.05,59300.0,2500.0,1485465.0,,False,False
2021-10-13,NCBA,25.35,25.35,22000.0,0.0,557700.0,1.2,False,False
2021-10-14,NCBA,25.7,25.7,6400.0,0.0,164480.0,1.38,False,False
2021-10-15,NCBA,25.75,25.75,214200.0,0.0,5515650.0,0.19,False,False
2021-10-18,NCBA,25.55,25.55,26100.0,0.0,666855.0,,False,False
2021-10-19,NCBA,25.1,25.1,34500.0,0.0,865950.0,-1.76,False,False
2021-10-21,NCBA,25.1,25.1,14100.0,0.0,353910.0,,False,False
2021-10-22,NCBA,25.0,25.0,28700.0,0.0,717500.0,-0.4,False,False
2021-10-25,NCBA,24.85,24.85,22900.0,0.0,569065.0,,False,False
2021-10-26,NCBA,24.65,24.65,116200.0,0.0,2864330.0,-0.8,False,False
2021-10-27,NCBA,24.55,24.55,157600.0,0.0,3869080.0,-0.41,False,False
2021-10-28,NCBA,24.4,24.4,37900.0,0.0,924760.0,-0.61,False,False
2021-10-29,NCBA,24.1,24.1,25300.0,0.0,609730.0,-1.23,False,False
2021-11-01,NCBA,24.1,24.1,128800.0,0.0,3104080.0,,False,False
2021-11-02,NCBA,24.1,24.1,105900.0,0.0,2552190.0,0.0,False,False
2021-11-03,NCBA,24.5,24.5,33900.0,0.0,830550.0,1.66,False,False
2021-11-04,NCBA,24.45,24.45,52900.0,0.0,1293405.0,-0.2,False,False
2021-11-05,NCBA,24.1,24.1,22800.0,0.0,549480.0,-1.43,False,False
2021-11-08,NCBA,24.15,24.15,49600.0,0.0,1197840.0,,False,False
2021-11-09,NCBA,24.15,24.15,52600.0,0.0,1270290.0,0.0,False,False
2021-11-10,NCBA,24.05,24.05,187800.0,0.0,4516590.0,-0.41,False,False
2021-11-11,NCBA,24.0,24.0,62700.0,0.0,1504800.0,-0.21,False,False
2021-11-12,NCBA,23.95,23.95,80300.0,0.0,1923185.0,-0.21,False,False
2021-11-15,NCBA,24.0,24.0,58300.0,0.0,1399200.0,,False,False
2021-11-16,NCBA,23.75,23.75,216300.0,0.0,5137125.0,-1.04,False,False
2021-11-17,NCBA,23.75,23.75,65800.0,0.0,1562750.0,0.0,False,False
2021-11-18,NCBA,23.65,23.65,29900.0,0.0,707135.0,-0.42,False,False
2021-11-19,NCBA,23.75,23.75,107100.0,4750.0,2543625.0,0.42,False,False
2021-11-22,NCBA,23.5,23.5,586100.0,0.0,13773350.0,,False,False
2021-11-23,NCBA,23.55,23.55,39900.0,0.0,939645.0,0.21,False,False
2021-11-24,NCBA,23.1,23.1,3362400.0,0.0,77671440.0,-1.91,False,False
2021-11-25,NCBA,23.25,23.25,73700.0,0.0,1713525.0,0.65,False,False
2021-11-26,NCBA,23.5,23.5,390000.0,0.0,9165000.0,1.08,False,False
2021-11-29,NCBA,24.2,24.2,89800.0,0.0,2173160.0,,False,False
2021-11-30,NCBA,24.7,24.7,32800.0,0.0,810160.0,2.07,False,False
2021-12-01,NCBA,24.6,24.6,236500.0,0.0,5817900.0,-0.4,False,False
2021-12-02,NCBA,24.25,24.25,33800.0,0.0,819650.0,-1.42,False,False
2021-12-03,NCBA,24.0,24.0,139300.0,0.0,3343200.0,-1.03,False,False
2021-12-06,NCBA,23.15,23.15,51900.0,0.0,1201485.0,,False,False
2021-12-07,NCBA,23.15,23.15,7400.0,0.0,171310.0,0.0,False,False
2021-12-08,NCBA,23.5,23.5,4624600.0,0.0,108678100.0,1.51,False,False
2021-12-09,NCBA,23.95,23.95,40200.0,0.0,962790.0,1.91,False,False
2021-12-10,NCBA,24.05,24.05,25200.0,0.0,606060.0,0.42,False,False
2021-12-14,NCBA,24.5,24.5,63800.0,0.0,1563100.0,,False,False
2021-12-15,NCBA,24.95,24.95,267700.0,0.0,6679115.0,1.84,False,False
2021-12-16,NCBA,25.05,25.05,102300.0,0.0,2562615.0,0.4,False,False
2021-12-17,NCBA,25.05,25.05,700.0,0.0,17535.0,0.0,False,False
2021-12-20,NCBA,25.0,25.0,66200.0,0.0,1655000.0,,False,False
2021-12-21,NCBA,25.05,25.05,25700.0,0.0,643785.0,0.2,False,False
2021-12-22,NCBA,25.5,25.5,58700.0,0.0,1496850.0,1.8,False,False
2021-12-23,NCBA,25.45,25.45,40200.0,-811855.0,1023090.0,-0.2,False,False
2021-12-24,NCBA,25.75,25.75,1200.0,0.0,30900.0,1.18,False,False
2021-12-28,NCBA,25.45,25.45,25000.0,0.0,636250.0,,False,False
2021-12-29,NCBA,25.3,25.3,12100.0,0.0,306130.0,-0.59,False,False
2021-12-30,NCBA,26.0,26.0,18500.0,0.0,481000.0,2.77,False,False
2021-12-31,NCBA,25.2,25.2,14700.0,0.0,370440.0,-3.08,False,False
2022-01-03,NCBA,25.45,25.45,47400.0,0.0,1206330.0,,False,False
2022-01-04,NCBA,25.45,25.45,31100.0,-2600.0,791495.0,0.0,False,False
2022-01-05,NCBA,25.55,25.55,18600.0,0.0,475230.0,0.39,False,False
2022-01-06,NCBA,25.9,25.9,20700.0,0.0,536130.0,1.37,False,False
2022-01-07,NCBA,25.95,25.95,24100.0,0.0,625395.0,0.19,False,False
2022-01-10,NCBA,25.9,25.9,6400.0,0.0,165760.0,,False,False
2022-01-11,NCBA,25.95,25.95,31200.0,23400.0,809640.0,0.19,False,False
2022-01-12,NCBA,25.95,25.95,20300.0,0.0,526785.0,0.0,False,False
2022-01-13,NCBA,25.7,25.7,116200.0,0.0,2986340.0,-0.96,False,False
2022-01-14,NCBA,26.0,26.0,25800.0,0.0,670800.0,1.17,False,False
2022-01-17,NCBA,24.45,24.45,18300.0,0.0,447435.0,,False,False
2022-01-18,NCBA,25.1,25.1,16900.0,0.0,424190.0,2.66,False,False
2022-01-19,NCBA,25.75,25.75,20400.0,0.0,525300.0,2.59,False,False
2022-01-20,NCBA,25.15,25.15,9300.0,0.0,233895.0,-2.33,False,False
2022-01-21,NCBA,25.8,25.8,7400.0,-5040.0,190920.0,2.58,False,False
2022-01-24,NCBA,25.85,25.85,32100.0,0.0,829785.0,,False,False
2022-01-25,NCBA,25.1,25.1,57600.0,0.0,1445760.0,-2.9,False,False
2022-01-26,NCBA,25.5,25.5,2900.0,0.0,73950.0,1.59,False,False
2022-01-27,NCBA,25.3,25.3,19700.0,0.0,498410.0,-0.78,False,False
2022-01-28,NCBA,25.4,25.4,45000.0,0.0,1143000.0,0.4,False,False
2022-01-31,NCBA,25.6,25.6,3100.0,0.0,79360.0,,False,False
2022-02-01,NCBA,25.55,25.55,9600.0,0.0,245280.0,-0.2,False,False
2022-02-02,NCBA,25.3,25.3,271400.0,0.0,6866420.0,-0.98,False,False
2022-02-03,NCBA,26.0,26.0,521300.0,0.0,13553800.0,2.77,False,False
2022-02-04,NCBA,25.75,25.75,27500.0,0.0,708125.0,-0.96,False,False
2022-02-07,NCBA,25.55,25.55,11500.0,0.0,293825.0,,False,False
2022-02-08,NCBA,25.5,25.5,105600.0,0.0,2692800.0,-0.2,False,False
2022-02-09,NCBA,25.6,25.6,31800.0,0.0,814080.0,0.39,False,False
2022-02-10,NCBA,25.35,25.35,34500.0,0.0,874575.0,-0.98,False,False
2022-02-11,NCBA,25.25,25.25,31600.0,0.0,797900.0,-0.39,False,False
2022-02-14,NCBA,25.5,25.5,16500.0,0.0,420750.0,,False,False
2022-02-15,NCBA,25.5,25.5,13500.0,0.0,344250.0,0.0,False,False
2022-02-16,NCBA,25.25,25.25,9400.0,0.0,237350.0,-0.98,False,False
2022-02-17,NCBA,25.2,25.2,39500.0,,995400.0,-0.2,False,False
2022-02-18,NCBA,25.05,25.05,46800.0,0.0,1172340.0,-0.6,False,False
2022-02-21,NCBA,25.05,25.05,62700.0,0.0,1570635.0,,False,False
2022-02-22,NCBA,25.2,25.2,711100.0,0.0,17919720.0,0.6,False,False
2022-02-23,NCBA,25.4,25.4,32300.0,0.0,820420.0,0.79,False,False
2022-02-24,NCBA,25.05,25.05,13600.0,0.0,340680.0,-1.38,False,False
2022-02-25,NCBA,24.2,24.2,49900.0,0.0,1207580.0,-3.39,False,False
2022-02-28,NCBA,23.85,23.85,26200.0,0.0,624870.0,,False,False
2022-03-01,NCBA,24.05,24.05,21300.0,96000.0,512265.0,0.84,False,False
2022-03-02,NCBA,23.0,23.0,916400.0,0.0,21077200.0,-4.37,False,False
2022-03-03,NCBA,24.35,24.35,19700.0,0.0,479695.0,5.87,False,False
2022-03-04,NCBA,24.7,24.7,41500.0,0.0,1025050.0,1.44,False,False
2022-03-07,NCBA,24.6,24.6,22400.0,0.0,551040.0,,False,False
2022-03-08,NCBA,24.5,24.5,17300.0,-67500.0,423850.0,-0.41,False,False
2022-03-09,NCBA,24.3,24.3,14100.0,0.0,342630.0,-0.82,False,False
2022-03-10,NCBA,24.7,24.7,12200.0,0.0,301340.0,1.65,False,False
2022-03-11,NCBA,24.55,24.55,8100.0,0.0,198855.0,-0.61,False,False
2022-03-14,NCBA,24.2,24.2,71700.0,-484050.0,1735140.0,,False,False
2022-03-15,NCBA,24.35,24.35,33900.0,0.0,825465.0,0.62,False,False
2022-03-16,NCBA,24.5,24.5,6600.0,0.0,161700.0,0.62,False,False
2022-03-17,NCBA,24.55,24.55,21800.0,0.0,535190.0,0.2,False,False
2022-03-18,NCBA,24.95,24.95,9300.0,49600.0,232035.0,1.63,False,False
2022-03-21,NCBA,24.95,24.95,41700.0,0.0,1040415.0,,False,False
2022-03-22,NCBA,24.8,24.8,14600.0,-75000.0,362080.0,-0.6,False,False
2022-03-23,NCBA,25.1,25.1,15600.0,0.0,391560.0,1.21,False,False
2022-03-24,NCBA,25.5,25.5,571900.0,112320.0,14583450.0,1.59,False,False
2022-03-25,NCBA,25.9,25.9,78600.0,0.0,2035740.0,1.57,False,False
2022-03-28,NCBA,26.0,26.0,73100.0,0.0,1900600.0,,False,False
2022-03-29,NCBA,25.7,25.7,115600.0,-744580.0,2970920.0,-1.15,False,False
2022-03-30,NCBA,26.0,26.0,104500.0,0.0,2717000.0,1.17,False,False
2022-03-31,NCBA,25.85,25.85,29500.0,0.0,762575.0,-0.58,False,False
2022-04-01,NCBA,25.9,25.9,23500.0,0.0,608650.0,0.19,False,False
2022-04-04,NCBA,25.95,25.95,124700.0,0.0,3235965.0,,False,False
2022-04-05,NCBA,26.15,26.15,71500.0,267570.0,1869725.0,0.77,False,False
2022-04-06,NCBA,26.6,26.6,52900.0,0.0,1407140.0,1.72,False,False
2022-04-07,NCBA,26.45,26.45,28800.0,0.0,761760.0,-0.56,False,False
2022-04-08,NCBA,26.85,26.85,81900.0,0.0,2199015.0,1.51,False,False
2022-04-11,NCBA,27.0,27.0,13800.0,0.0,372600.0,,False,False
2022-04-12,NCBA,26.75,26.75,19100.0,0.0,510925.0,-0.93,False,False
2022-04-13,NCBA,26.95,26.95,15700.0,0.0,423115.0,0.75,False,False
2022-04-14,NCBA,26.85,26.85,24700.0,0.0,663195.0,-0.37,False,False
2022-04-19,NCBA,26.5,26.5,10800.0,0.0,286200.0,,False,False
2022-04-20,NCBA,26.15,26.15,52800.0,53000.0,1380720.0,-1.32,False,False
2022-04-21,NCBA,26.1,26.1,50500.0,-30975.0,1318050.0,-0.19,False,False
2022-04-22,NCBA,26.2,26.2,72900.0,0.0,1909980.0,0.38,False,False
2022-04-25,NCBA,26.5,26.5,40200.0,79500.0,1065300.0,,False,False
2022-04-26,NCBA,26.35,26.35,67200.0,79500.0,1770720.0,-0.57,False,False
2022-04-27,NCBA,26.0,26.0,84800.0,117450.0,2204800.0,-1.33,False,False
2022-04-28,NCBA,26.0,26.0,2876400.0,-49115.0,74786400.0,0.0,False,False
2022-05-04,NCBA,23.85,23.85,51100.0,0.0,1218735.0,,False,False
2022-05-05,NCBA,24.3,24.3,281800.0,0.0,6847740.0,1.89,False,False
2022-05-06,NCBA,24.95,24.95,1350100.0,-12370.0,33684995.0,2.67,False,False
2022-05-09,NCBA,25.25,25.25,212900.0,0.0,5375725.0,,False,False
2022-05-10,NCBA,25.6,25.6,599000.0,0.0,15334400.0,1.39,False,False
2022-05-11,NCBA,25.95,25.95,94900.0,-15360.0,2462655.0,1.37,False,False
2022-05-12,NCBA,26.05,26.05,386800.0,0.0,10076140.0,0.39,False,False
2022-05-13,NCBA,26.5,26.5,411600.0,16170.0,10907400.0,1.73,False,False
2022-05-16,NCBA,26.5,26.5,228600.0,0.0,6057900.0,,False,False
2022-05-17,NCBA,26.1,26.1,155500.0,-3721860.0,4058550.0,-1.51,False,False
2022-05-18,NCBA,26.6,26.6,194700.0,-2665.0,5179020.0,1.92,False,False
2022-05-19,NCBA,26.5,26.5,5611400.0,0.0,148702100.0,-0.38,False,False
2022-05-20,NCBA,26.25,26.25,44400.0,-5120.0,1165500.0,-0.94,False,False
2022-05-23,NCBA,26.0,26.0,454200.0,0.0,11809200.0,,False,False
2022-05-24,NCBA,26.45,26.45,722600.0,0.0,19112770.0,1.73,False,False
2022-05-25,NCBA,26.3,26.3,148300.0,-2760845.0,3900290.0,-0.57,False,False
2022-05-26,NCBA,26.45,26.45,775700.0,0.0,20517265.0,0.57,False,False
2022-05-27,NCBA,26.85,26.85,39900.0,0.0,1071315.0,1.51,False,False
2022-05-30,NCBA,26.35,26.35,15300.0,0.0,403155.0,,False,False
2022-05-31,NCBA,25.55,25.55,29700.0,-33240.0,758835.0,-3.04,False,False
2022-06-02,NCBA,25.85,25.85,3500.0,0.0,90475.0,,False,False
2022-06-03,NCBA,26.45,26.45,50800.0,0.0,1343660.0,2.32,False,False
2022-06-06,NCBA,25.75,25.75,14900.0,0.0,383675.0,,False,False
2022-06-07,NCBA,25.75,25.75,30400.0,0.0,782800.0,0.0,False,False
2022-06-08,NCBA,25.75,25.75,26000.0,128000.0,669500.0,0.0,False,False
2022-06-09,NCBA,25.45,25.45,44400.0,123405.0,1129980.0,-1.17,False,False
2022-06-10,NCBA,25.2,25.2,10800.0,0.0,272160.0,-0.98,False,False
2022-06-13,NCBA,25.5,25.5,66800.0,0.0,1703400.0,,False,False
2022-06-14,NCBA,25.3,25.3,40600.0,0.0,1027180.0,-0.78,False,False
2022-06-15,NCBA,25.0,25.0,4000.0,0.0,100000.0,-1.19,False,False
2022-06-16,NCBA,24.75,24.75,69100.0,-1025200.0,1710225.0,-1.0,False,False
2022-06-17,NCBA,24.45,24.45,37400.0,10160.0,914430.0,-1.21,False,False
2022-06-20,NCBA,24.45,24.45,22300.0,0.0,545235.0,,False,False
2022-06-21,NCBA,24.7,24.7,32100.0,0.0,792870.0,1.02,False,False
2022-06-22,NCBA,23.95,23.95,19800.0,9440.0,474210.0,-3.04,False,False
2022-06-23,NCBA,23.85,23.85,4000.0,0.0,95400.0,-0.42,False,False
2022-06-24,NCBA,23.85,23.85,29700.0,109250.0,708345.0,0.0,False,False
2022-06-27,NCBA,23.95,23.95,6900.0,0.0,165255.0,,False,False
2022-06-28,NCBA,23.6,23.6,25500.0,0.0,601800.0,-1.46,False,False
2022-06-29,NCBA,23.65,23.65,64800.0,0.0,1532520.0,0.21,False,False
2022-06-30,NCBA,23.6,23.6,21600.0,119250.0,509760.00000000006,-0.21,False,False
2022-07-01,NCBA,23.7,23.7,110300.0,69600.0,2614110.0,0.42,False,False
2022-07-04,NCBA,23.9,23.9,56000.0,-13320.0,1338400.0,,False,False
2022-07-05,NCBA,24.0,24.0,183200.0,0.0,4396800.0,0.42,False,False
2022-07-06,NCBA,24.0,24.0,159900.0,0.0,3837600.0,0.0,False,False
2022-07-07,NCBA,24.0,24.0,216200.0,0.0,5188800.0,0.0,False,False
2022-07-08,NCBA,24.0,24.0,231700.0,0.0,5560800.0,0.0,False,False
2022-07-12,NCBA,24.0,24.0,47100.0,0.0,1130400.0,,False,False
2022-07-13,NCBA,24.0,24.0,52700.0,0.0,1264800.0,0.0,False,False
2022-07-14,NCBA,23.95,23.95,70400.0,0.0,1686080.0,-0.21,False,False
2022-07-15,NCBA,24.05,24.05,4192100.0,0.0,100820005.0,0.42,False,False
2022-07-18,NCBA,24.5,24.5,1118500.0,0.0,27403250.0,,False,False
2022-07-19,NCBA,23.95,23.95,57800.0,0.0,1384310.0,-2.24,False,False
2022-07-20,NCBA,24.05,24.05,30900.0,0.0,743145.0,0.42,False,False
2022-07-21,NCBA,24.1,24.1,94600.0,0.0,2279860.0,0.21,False,False
2022-07-22,NCBA,24.5,24.5,18200.0,0.0,445900.0,1.66,False,False
2022-07-25,NCBA,24.6,24.6,29300.0,0.0,720780.0,,False,False
2022-07-26,NCBA,24.6,24.6,0.0,0.0,0.0,0.0,False,False
2022-07-27,NCBA,24.8,24.8,43600.0,0.0,1081280.0,0.81,False,False
2022-07-28,NCBA,24.85,24.85,50300.0,0.0,1249955.0,0.2,False,False
2022-07-29,NCBA,24.95,24.95,28900.0,0.0,721055.0,0.4,False,False
2022-08-01,NCBA,24.65,24.65,6300.0,0.0,155295.0,,False,False
2022-08-02,NCBA,24.95,24.95,85100.0,0.0,2123245.0,1.22,False,False
2022-08-03,NCBA,25.25,25.25,124800.0,0.0,3151200.0,1.2,False,False
2022-08-04,NCBA,25.4,25.4,52700.0,0.0,1338580.0,0.59,False,False
2022-08-05,NCBA,25.55,25.55,157700.0,0.0,4029235.0,0.59,False,False
2022-08-08,NCBA,25.7,25.7,251100.0,0.0,6453270.0,,False,False
2022-08-10,NCBA,25.9,25.9,197800.0,0.0,5123020.0,,False,False
2022-08-11,NCBA,27.5,27.5,7700.0,0.0,211750.0,6.18,False,False
2022-08-12,NCBA,26.2,26.2,57400.0,0.0,1503880.0,-4.73,False,False
2022-08-15,NCBA,26.7,26.7,49900.0,265000.0,1332330.0,,False,False
2022-08-16,NCBA,26.7,26.7,77000.0,0.0,2055900.0,0.0,False,False
2022-08-17,NCBA,26.9,26.9,27700.0,0.0,745130.0,0.75,False,False
2022-08-18,NCBA,26.65,26.65,28800.0,0.0,767520.0,-0.93,False,False
2022-08-19,NCBA,25.8,25.8,87300.0,0.0,2252340.0,-3.19,False,False
2022-08-22,NCBA,26.15,26.15,28800.0,0.0,753120.0,,False,False
2022-08-23,NCBA,25.95,25.95,46500.0,-826975.0,1206675.0,-0.76,False,False
2022-08-24,NCBA,26.45,26.45,5700.0,0.0,150765.0,1.93,False,False
2022-08-25,NCBA,26.6,26.6,105100.0,0.0,2795660.0,0.57,False,False
2022-08-26,NCBA,28.55,28.55,315800.0,15925.0,9016090.0,7.33,False,False
2022-08-29,NCBA,28.85,28.85,139100.0,0.0,4013035.0,,False,False
2022-08-30,NCBA,29.0,29.0,95800.0,43050.0,2778200.0,0.52,False,False
2022-08-31,NCBA,29.1,29.1,82800.0,0.0,2409480.0,0.34,False,False
2022-09-01,NCBA,29.6,29.6,270600.0,0.0,8009760.0,1.72,False,False
2022-09-02,NCBA,30.2,30.2,35400.0,0.0,1069080.0,2.03,False,False
2022-09-05,NCBA,31.4,31.4,373200.0,0.0,11718480.0,,False,False
2022-09-06,NCBA,32.25,32.25,678700.0,0.0,21888075.0,2.71,False,False
2022-09-07,NCBA,33.0,33.0,2574100.0,0.0,84945300.0,2.33,False,False
2022-09-08,NCBA,33.2,33.2,1855500.0,1887600.0,61602600.00000001,0.61,False,False
2022-09-09,NCBA,33.0,33.0,554200.0,0.0,18288600.0,-0.6,False,False
2022-09-12,NCBA,33.1,33.1,444800.0,0.0,14722880.0,,False,False
2022-09-14,NCBA,32.85,32.85,1306800.0,0.0,42928380.0,,False,False
2022-09-15,NCBA,32.75,32.75,1401900.0,0.0,45912225.0,-0.3,False,False
2022-09-16,NCBA,30.45,30.45,5369900.0,0.0,163513455.0,-7.02,False,False
2022-09-19,NCBA,31.0,31.0,5144400.0,-29950.0,159476400.0,,False,False
2022-09-20,NCBA,31.0,31.0,1608700.0,-567300.0,49869700.0,0.0,False,False
2022-09-21,NCBA,30.65,30.65,268300.0,0.0,8223395.0,-1.13,False,False
2022-09-22,NCBA,30.2,30.2,9300.0,0.0,280860.0,-1.47,False,False
2022-09-23,NCBA,33.0,33.0,12203800.0,0.0,402725400.0,9.27,False,False
2022-09-26,NCBA,32.85,32.85,1198200.0,-158750.0,39360870.0,,False,False
2022-09-27,NCBA,30.05,30.05,16800.0,0.0,504840.0,-8.52,False,False
2022-09-28,NCBA,31.45,31.45,785400.0,-11520000.0,24700830.0,4.66,False,False
2022-09-29,NCBA,30.5,30.5,21600.0,0.0,658800.0,-3.02,False,False
2022-09-30,NCBA,30.3,30.3,18700.0,0.0,566610.0,-0.66,False,False
2022-10-03,NCBA,30.5,30.5,8600.0,0.0,262300.0,,False,False
2022-10-04,NCBA,31.75,31.75,753100.0,0.0,23910925.0,4.1,False,False
2022-10-05,NCBA,30.1,30.1,119800.0,0.0,3605980.0,-5.2,False,False
2022-10-06,NCBA,30.9,30.9,517200.0,-477400.0,15981480.0,2.66,False,False
2022-10-07,NCBA,31.95,31.95,311700.0,0.0,9958815.0,3.4,False,False
2022-10-11,NCBA,30.15,30.15,34200.0,0.0,1031130.0,,False,False
2022-10-12,NCBA,32.35,32.35,371500.0,0.0,12018025.0,7.3,False,False
2022-10-13,NCBA,30.25,30.25,12200.0,0.0,369050.0,-6.49,False,False
2022-10-14,NCBA,30.5,30.5,5300.0,0.0,161650.0,0.83,False,False
2022-10-17,NCBA,30.2,30.2,6300.0,0.0,190260.0,,False,False
2022-10-18,NCBA,30.05,30.05,71300.0,0.0,2142565.0,-0.5,False,False
2022-10-19,NCBA,30.15,30.15,74000.0,0.0,2231100.0,0.33,False,False
2022-10-21,NCBA,30.25,30.25,25200.0,0.0,762300.0,,False,False
2022-10-24,NCBA,30.4,30.4,3400.0,0.0,103360.0,,False,False
2022-10-25,NCBA,30.8,30.8,721600.0,0.0,22225280.0,1.32,False,False
2022-10-26,NCBA,30.95,30.95,20800.0,-285200.0,643760.0,0.49,False,False
2022-10-27,NCBA,31.4,31.4,17200.0,-50200.0,540080.0,1.45,False,False
2022-10-28,NCBA,32.25,32.25,286200.0,-232360.0,9229950.0,2.71,False,False
2022-10-31,NCBA,31.5,31.5,11800.0,0.0,371700.0,,False,False
2022-11-01,NCBA,31.35,31.35,14900.0,0.0,467115.0,-0.48,False,False
2022-11-02,NCBA,30.3,30.3,60800.0,-906470.0,1842240.0,-3.35,False,False
2022-11-03,NCBA,31.5,31.5,9500.0,0.0,299250.0,3.96,False,False
2022-11-04,NCBA,31.1,31.1,5500.0,0.0,171050.0,-1.27,False,False
2022-11-07,NCBA,31.5,31.5,432200.0,-7875000.0,13614300.0,,False,False
2022-11-08,NCBA,31.65,31.65,14400.0,-31550.0,455760.0,0.48,False,False
2022-11-09,NCBA,32.4,32.4,5900.0,0.0,191160.0,2.37,False,False
2022-11-10,NCBA,32.0,32.0,35600.0,-825600.0,1139200.0,-1.23,False,False
2022-11-11,NCBA,31.7,31.7,115700.0,-630150.0,3667690.0,-0.94,False,False
2022-11-14,NCBA,30.75,30.75,20000.0,0.0,615000.0,,False,False
2022-11-15,NCBA,30.4,30.4,119200.0,253150.0,3623680.0,-1.14,False,False
2022-11-16,NCBA,31.55,31.55,201100.0,-2510100.0,6344705.0,3.78,False,False
2022-11-17,NCBA,30.1,30.1,15000.0,0.0,451500.0,-4.6,False,False
2022-11-18,NCBA,30.6,30.6,4400.0,0.0,134640.0,1.66,False,False
2022-11-21,NCBA,30.4,30.4,42500.0,0.0,1292000.0,,False,False
2022-11-22,NCBA,30.85,30.85,42500.0,0.0,1311125.0,1.48,False,False
2022-11-23,NCBA,30.35,30.35,3200.0,,97120.0,-1.62,False,False
2022-11-24,NCBA,31.95,31.95,31900.0,-265600.0,1019205.0,5.27,False,False
2022-11-25,NCBA,32.85,32.85,31900.0,0.0,1047915.0,2.82,False,False
2022-11-28,NCBA,32.85,32.85,33900.0,0.0,1113615.0,,False,False
2022-11-29,NCBA,33.0,33.0,37100.0,-132000.0,1224300.0,0.46,False,False
2022-11-30,NCBA,33.2,33.2,9800.0,0.0,325360.0,0.61,False,False
2022-12-01,NCBA,32.65,32.65,264600.0,264600.0,8639190.0,-1.66,False,False
2022-12-02,NCBA,33.0,33.0,8300.0,0.0,273900.0,1.07,False,False
2022-12-05,NCBA,33.0,33.0,9000.0,0.0,297000.0,,False,False
2022-12-06,NCBA,33.5,33.5,68100.0,0.0,2281350.0,1.52,False,False
2022-12-07,NCBA,35.0,35.0,392700.0,0.0,13744500.0,4.48,False,False
2022-12-08,NCBA,35.0,35.0,57300.0,0.0,2005500.0,0.0,False,False
2022-12-09,NCBA,35.1,35.1,49000.0,0.0,1719900.0,0.29,False,False
2022-12-13,NCBA,34.45,34.45,1400.0,0.0,48230.00000000001,,False,False
2022-12-14,NCBA,34.6,34.6,32800.0,0.0,1134880.0,0.44,False,False
2022-12-15,NCBA,35.95,35.95,95900.0,0.0,3447605.0000000005,3.9,False,False
2022-12-16,NCBA,36.1,36.1,32900.0,0.0,1187690.0,0.42,False,False
2022-12-19,NCBA,36.05,36.05,9900.0,0.0,356895.0,,False,False
2022-12-20,NCBA,36.45,36.45,15800.0,0.0,575910.0,1.11,False,False
2022-12-21,NCBA,36.5,36.5,242000.0,-1361960.0,8833000.0,0.14,False,False
2022-12-22,NCBA,36.95,36.95,95900.0,1264615.0,3543505.0000000005,1.23,False,False
2022-12-23,NCBA,37.3,37.3,75900.0,0.0,2831070.0,0.95,False,False
2022-12-28,NCBA,39.05,39.05,88800.0,0.0,3467639.9999999995,,False,False
2022-12-29,NCBA,39.8,39.8,80200.0,0.0,3191960.0,1.92,False,False
2022-12-30,NCBA,39.35,39.35,26500.0,0.0,1042775.0,-1.13,False,False
2023-01-03,NCBA,38.95,38.95,27600.0,0.0,1075020.0,,False,False
2023-01-04,NCBA,38.8,38.8,15000.0,0.0,582000.0,-0.39,False,False
2023-01-05,NCBA,38.6,38.6,20800.0,0.0,802880.0,-0.52,False,False
2023-01-06,NCBA,39.65,39.65,442200.0,-772910.0,17533230.0,2.72,False,False
2023-01-09,NCBA,40.0,40.0,610900.0,0.0,24436000.0,,False,False
2023-01-10,NCBA,39.8,39.8,75700.0,0.0,3012860.0,-0.5,False,False
2023-01-11,NCBA,39.55,39.55,12200.0,0.0,482509.99999999994,-0.63,False,False
2023-01-12,NCBA,39.95,39.95,1183700.0,-724000.0,47288815.0,1.01,False,False
2023-01-13,NCBA,38.7,38.7,775400.0,0.0,30007980.000000004,-3.13,False,False
2023-01-16,NCBA,39.1,39.1,36900.0,0.0,1442790.0,,False,False
2023-01-17,NCBA,39.2,39.2,12300.0,0.0,482160.00000000006,0.26,False,False
2023-01-18,NCBA,38.85,38.85,45400.0,35235.0,1763790.0,-0.89,False,False
2023-01-19,NCBA,38.4,38.4,8000.0,0.0,307200.0,-1.16,False,False
2023-01-20,NCBA,38.3,38.3,51700.0,-11550.0,1980109.9999999998,-0.26,False,False
2023-01-23,NCBA,38.2,38.2,26500.0,0.0,1012300.0000000001,,False,False
2023-01-24,NCBA,36.05,36.05,39500.0,307600.0,1423975.0,-5.63,False,False
2023-01-25,NCBA,37.0,37.0,18600.0,-1803671.0,688200.0,2.64,False,False
2023-01-26,NCBA,37.0,37.0,11600.0,196100.0,429200.0,0.0,False,False
2023-01-27,NCBA,37.0,37.0,38600.0,388500.0,1428200.0,0.0,False,False
2023-01-30,NCBA,37.05,37.05,16800.0,62900.0,622440.0,,False,False
2023-01-31,NCBA,35.9,35.9,65800.0,0.0,2362220.0,-3.1,False,False
2023-02-01,NCBA,35.0,35.0,21400.0,0.0,749000.0,-2.51,False,False
2023-02-02,NCBA,34.6,34.6,16500.0,17000.0,570900.0,-1.14,False,False
2023-02-03,NCBA,35.5,35.5,140700.0,0.0,4994850.0,2.6,False,False
2023-02-06,NCBA,38.1,38.1,143100.0,-1360400.0,5452110.0,,False,False
2023-02-07,NCBA,38.1,38.1,65300.0,1755000.0,2487930.0,0.0,False,False
2023-02-08,NCBA,37.55,37.55,14800.0,0.0,555740.0,-1.44,False,False
2023-02-09,NCBA,37.5,37.5,46400.0,0.0,1740000.0,-0.13,False,False
2023-02-10,NCBA,37.55,37.55,46500.0,0.0,1746074.9999999998,0.13,False,False
2023-02-13,NCBA,37.45,37.45,20600.0,0.0,771470.0000000001,,False,False
2023-02-14,NCBA,37.25,37.25,12700.0,0.0,473075.0,-0.53,False,False
2023-02-15,NCBA,37.55,37.55,17400.0,0.0,653370.0,0.81,False,False
2023-02-16,NCBA,37.55,37.55,281600.0,0.0,10574080.0,0.0,False,False
2023-02-17,NCBA,37.35,37.35,30800.0,0.0,1150380.0,-0.53,False,False
2023-02-20,NCBA,37.45,37.45,7100.0,0.0,265895.0,,False,False
2023-02-21,NCBA,37.0,37.0,143300.0,0.0,5302100.0,-1.2,False,False
2023-02-22,NCBA,36.95,36.95,107500.0,0.0,3972125.0000000005,-0.14,False,False
2023-02-23,NCBA,36.45,36.45,30200.0,-33300.0,1100790.0,-1.35,False,False
2023-02-24,NCBA,36.2,36.2,4500.0,0.0,162900.0,-0.69,False,False
2023-02-27,NCBA,36.05,36.05,106800.0,1926000.0,3850139.9999999995,,False,False
2023-02-28,NCBA,36.7,36.7,298200.0,0.0,10943940.0,1.8,False,False
2023-03-01,NCBA,36.7,36.7,230800.0,0.0,8470360.0,0.0,False,False
2023-03-02,NCBA,37.0,37.0,14200.0,0.0,525400.0,0.82,False,False
2023-03-03,NCBA,37.05,37.05,7200.0,0.0,266760.0,0.14,False,False
2023-03-06,NCBA,37.05,37.05,25800.0,0.0,955889.9999999999,,False,False
2023-03-07,NCBA,36.65,36.65,9800.0,0.0,359170.0,-1.08,False,False
2023-03-08,NCBA,36.05,36.05,142100.0,0.0,5122705.0,-1.64,False,False
2023-03-09,NCBA,36.35,36.35,10900.0,0.0,396215.0,0.83,False,False
2023-03-10,NCBA,36.8,36.8,31000.0,0.0,1140800.0,1.24,False,False
2023-03-13,NCBA,37.0,37.0,20000.0,0.0,740000.0,,False,False
2023-03-14,NCBA,36.45,36.45,35500.0,0.0,1293975.0,-1.49,False,False
2023-03-15,NCBA,36.25,36.25,6900.0,0.0,250125.0,-0.55,False,False
2023-03-16,NCBA,36.05,36.05,41000.0,0.0,1478049.9999999998,-0.55,False,False
2023-03-17,NCBA,34.05,34.05,9400.0,0.0,320070.0,-5.55,False,False
2023-03-20,NCBA,32.95,32.95,4000.0,0.0,131800.0,,False,False
2023-03-21,NCBA,32.1,32.1,24254.0,0.0,778553.4,-2.58,False,False
2023-03-22,NCBA,32.8,32.8,19900.0,0.0,652720.0,2.18,False,False
2023-03-23,NCBA,32.1,32.1,17400.0,0.0,558540.0,-2.13,False,False
2023-03-24,NCBA,32.75,32.75,5100.0,0.0,167025.0,2.02,False,False
2023-03-27,NCBA,34.05,34.05,45700.0,0.0,1556084.9999999998,,False,False
2023-03-28,NCBA,36.05,36.05,16300.0,0.0,587615.0,5.87,False,False
2023-03-29,NCBA,35.0,35.0,36100.0,0.0,1263500.0,-2.91,False,False
2023-03-30,NCBA,35.95,35.95,132600.0,0.0,4766970.0,2.71,False,False
2023-03-31,NCBA,36.7,36.7,384200.0,0.0,14100140.000000002,2.09,False,False
2023-04-03,NCBA,36.35,36.35,13600.0,0.0,494360.0,,False,False
2023-04-04,NCBA,36.35,36.35,13600.0,0.0,494360.0,0.0,False,False
2023-04-05,NCBA,37.5,37.5,447900.0,0.0,16796250.0,3.16,False,False
2023-04-06,NCBA,36.55,36.55,9800.0,0.0,358190.0,-2.53,False,False
2023-04-11,NCBA,36.65,36.65,29500.0,0.0,1081175.0,,False,False
2023-04-12,NCBA,36.95,36.95,2800.0,0.0,103460.00000000001,0.82,False,False
2023-04-13,NCBA,36.9,36.9,24000.0,0.0,885600.0,-0.14,False,False
2023-04-14,NCBA,37.0,37.0,124700.0,0.0,4613900.0,0.27,False,False
2023-04-17,NCBA,37.5,37.5,204000.0,0.0,7650000.0,,False,False
2023-04-18,NCBA,37.95,37.95,196800.0,0.0,7468560.000000001,1.2,False,False
2023-04-19,NCBA,38.1,38.1,46300.0,0.0,1764030.0,0.4,False,False
2023-04-20,NCBA,39.0,39.0,597600.0,0.0,23306400.0,2.36,False,False
2023-04-24,NCBA,40.0,40.0,2019700.0,-177750.0,80788000.0,,False,False
2023-04-25,NCBA,40.4,40.4,1259600.0,0.0,50887840.0,1.0,False,False
2023-04-26,NCBA,40.45,40.45,679200.0,44895.0,27473640.000000004,0.12,False,False
2023-04-27,NCBA,40.9,40.9,1182700.0,0.0,48372430.0,1.11,False,False
2023-04-28,NCBA,39.5,39.5,194000.0,0.0,7663000.0,-3.42,False,False
2023-05-02,NCBA,36.5,36.5,2100.0,0.0,76650.0,,False,False
2023-05-03,NCBA,33.4,33.4,16900.0,0.0,564460.0,-8.49,False,False
2023-05-04,NCBA,33.35,33.35,62700.0,0.0,2091045.0,-0.15,False,False
2023-05-05,NCBA,33.45,33.45,9300.0,0.0,311085.0,0.3,False,False
2023-05-08,NCBA,35.0,35.0,7200.0,0.0,252000.0,,False,False
2023-05-09,NCBA,34.4,34.4,10600.0,0.0,364640.0,-1.71,False,False
2023-05-10,NCBA,34.55,34.55,1500.0,0.0,51824.99999999999,0.44,False,False
2023-05-11,NCBA,33.9,33.9,13200.0,0.0,447480.0,-1.88,False,False
2023-05-12,NCBA,32.05,32.05,10500.0,0.0,336524.99999999994,-5.46,False,False
2023-05-15,NCBA,30.7,30.7,38700.0,0.0,1188090.0,,False,False
2023-05-16,NCBA,31.4,31.4,313600.0,-2022160.0,9847040.0,2.28,False,False
2023-05-17,NCBA,32.25,32.25,12000.0,348350.0,387000.0,2.71,False,False
2023-05-18,NCBA,34.4,34.4,3300.0,0.0,113520.0,6.67,False,False
2023-05-19,NCBA,32.6,32.6,9600.0,0.0,312960.0,-5.23,False,False
2023-05-22,NCBA,33.8,33.8,7100.0,0.0,239979.99999999997,3.68,False,False
2023-05-23,NCBA,33.6,33.6,7100.0,0.0,238560.0,-0.59,False,False
2023-05-24,NCBA,33.95,33.95,95400.0,0.0,3238830.0000000005,1.04,False,False
2023-05-25,NCBA,34.15,34.15,86300.0,0.0,2947145.0,0.59,False,False
2023-05-26,NCBA,34.6,34.6,57400.0,-339015.0,1986040.0,1.32,False,False
2023-05-29,NCBA,35.0,35.0,283900.0,-9731485.0,9936500.0,,False,False
2023-05-30,NCBA,35.7,35.7,10900.0,0.0,389130.00000000006,2.0,False,False
2023-05-31,NCBA,36.0,36.0,28400.0,0.0,1022400.0,0.84,False,False
2023-06-02,NCBA,37.0,37.0,28300.0,0.0,1047100.0,,False,False
2023-06-05,NCBA,37.45,37.45,42900.0,0.0,1606605.0000000002,,False,False
2023-06-06,NCBA,37.65,37.65,51800.0,0.0,1950270.0,0.53,False,False
2023-06-07,NCBA,38.8,38.8,440700.0,0.0,17099160.0,3.05,False,False
2023-06-08,NCBA,39.75,39.75,6700.0,0.0,266325.0,2.45,False,False
2023-06-09,NCBA,39.9,39.9,27200.0,0.0,1085280.0,0.38,False,False
2023-06-12,NCBA,39.65,39.65,5200.0,0.0,206180.0,,False,False
2023-06-13,NCBA,39.6,39.6,90000.0,-199750.0,3564000.0,-0.13,False,False
2023-06-14,NCBA,39.75,39.75,218500.0,0.0,8685375.0,0.38,False,False
2023-06-15,NCBA,39.45,39.45,395000.0,-900600.0,15582750.000000002,-0.75,False,False
2023-06-16,NCBA,39.3,39.3,3500.0,0.0,137550.0,-0.38,False,False
2023-06-19,NCBA,39.45,39.45,107000.0,0.0,4221150.0,,False,False
2023-06-20,NCBA,38.65,38.65,18400.0,0.0,711160.0,-2.03,False,False
2023-06-21,NCBA,39.1,39.1,9800.0,0.0,383180.0,1.16,False,False
2023-06-22,NCBA,38.2,38.2,3340500.0,0.0,127607100.00000001,-2.3,False,False
2023-06-23,NCBA,38.95,38.95,8600.0,0.0,334970.0,1.96,False,False
2023-06-26,NCBA,39.1,39.1,51600.0,0.0,2017560.0,,False,False
2023-06-27,NCBA,38.95,38.95,85600.0,0.0,3334120.0000000005,-0.38,False,False
2023-06-29,NCBA,38.4,38.4,10200.0,0.0,391680.0,,False,False
2023-06-30,NCBA,38.85,38.85,44600.0,0.0,1732710.0,1.17,False,False
2023-07-03,NCBA,38.85,38.85,7500.0,0.0,291375.0,,False,False
2023-07-04,NCBA,38.3,38.3,5500.0,0.0,210649.99999999997,-1.42,False,False
2023-07-05,NCBA,38.95,38.95,58600.0,0.0,2282470.0,1.7,False,False
2023-07-06,NCBA,39.5,39.5,34700.0,0.0,1370650.0,1.41,False,False
2023-07-07,NCBA,39.4,39.4,30000.0,0.0,1182000.0,-0.25,False,False
2023-07-10,NCBA,39.25,39.25,17900.0,0.0,702575.0,,False,False
2023-07-11,NCBA,39.4,39.4,61000.0,0.0,2403400.0,0.38,False,False
2023-07-12,NCBA,39.5,39.5,3500.0,0.0,138250.0,0.25,False,False
2023-07-13,NCBA,39.35,39.35,30000.0,0.0,1180500.0,-0.38,False,False
2023-07-14,NCBA,39.85,39.85,5100.0,0.0,203235.0,1.27,False,False
2023-07-17,NCBA,39.85,39.85,14900.0,0.0,593765.0,,False,False
2023-07-18,NCBA,38.75,38.75,17400.0,0.0,674250.0,-2.76,False,False
2023-07-19,NCBA,38.7,38.7,9500.0,0.0,367650.0,-0.13,False,False
2023-07-20,NCBA,38.9,38.9,12800.0,0.0,497920.0,0.52,False,False
2023-07-21,NCBA,38.55,38.55,14900.0,0.0,574395.0,-0.9,False,False
2023-07-24,NCBA,38.25,38.25,31400.0,0.0,1201050.0,,False,False
2023-07-25,NCBA,38.15,38.15,26400.0,0.0,1007160.0,-0.26,False,False
2023-07-26,NCBA,38.25,38.25,16700.0,0.0,638775.0,0.26,False,False
2023-07-27,NCBA,38.3,38.3,69900.0,0.0,2677170.0,0.13,False,False
2023-07-28,NCBA,38.35,38.35,21300.0,0.0,816855.0,0.13,False,False
2023-07-31,NCBA,38.45,38.45,71600.0,0.0,2753020.0,,False,False
2023-08-01,NCBA,38.25,38.25,631500.0,0.0,24154875.0,-0.52,False,False
2023-08-02,NCBA,39.2,39.2,3900.0,3855.0,152880.0,2.48,False,False
2023-08-03,NCBA,40.1,40.1,30600.0,131175.0,1227060.0,2.3,False,False
2023-08-04,NCBA,41.7,41.7,21000.0,0.0,875700.0000000001,3.99,False,False
2023-08-07,NCBA,40.55,40.55,30500.0,-516100.0,1236775.0,,False,False
2023-08-08,NCBA,39.35,39.35,23400.0,-244000.0,920790.0,-2.96,False,False
2023-08-09,NCBA,39.0,39.0,407100.0,0.0,15876900.0,-0.89,False,False
2023-08-10,NCBA,40.0,40.0,18300.0,-728000.0,732000.0,2.56,False,False
2023-08-11,NCBA,39.25,39.25,76800.0,-156000.0,3014400.0,-1.88,False,False
2023-08-14,NCBA,39.0,39.0,267700.0,0.0,10440300.0,,False,False
2023-08-15,NCBA,38.7,38.7,48900.0,0.0,1892430.0000000002,-0.77,False,False
2023-08-16,NCBA,39.0,39.0,93600.0,-20000.0,3650400.0,0.78,False,False
2023-08-17,NCBA,38.95,38.95,25100.0,0.0,977645.0000000001,-0.13,False,False
2023-08-18,NCBA,38.7,38.7,42200.0,-92530.0,1633140.0000000002,-0.64,False,False
2023-08-21,NCBA,38.6,38.6,45700.0,0.0,1764020.0,,False,False
2023-08-22,NCBA,38.55,38.55,19700.0,0.0,759435.0,-0.13,False,False
2023-08-23,NCBA,36.35,36.35,11700.0,7200.0,425295.0,-5.71,False,False
2023-08-24,NCBA,37.45,37.45,56000.0,0.0,2097200.0,3.03,False,False
2023-08-25,NCBA,38.3,38.3,174900.0,0.0,6698669.999999999,2.27,False,False
2023-08-28,NCBA,38.45,38.45,24200.0,-173475.0,930490.0000000001,,False,False
2023-08-29,NCBA,38.8,38.8,17800.0,11535.0,690640.0,0.91,False,False
2023-08-30,NCBA,39.05,39.05,524500.0,-214500.0,20481725.0,0.64,False,False
2023-08-31,NCBA,39.7,39.7,37200.0,0.0,1476840.0,1.66,False,False
2023-09-01,NCBA,40.0,40.0,1401300.0,0.0,56052000.0,0.76,False,False
2023-09-04,NCBA,40.0,40.0,184600.0,0.0,7384000.0,,False,False
2023-09-05,NCBA,40.0,40.0,29500.0,0.0,1180000.0,0.0,False,False
2023-09-06,NCBA,39.95,39.95,45300.0,0.0,1809735.0000000002,-0.12,False,False
2023-09-07,NCBA,40.0,40.0,69800.0,0.0,2792000.0,0.13,False,False
2023-09-08,NCBA,40.0,40.0,55500.0,-1524000.0,2220000.0,0.0,False,False
2023-09-11,NCBA,40.4,40.4,7900.0,0.0,319160.0,,False,False
2023-09-12,NCBA,40.15,40.15,18800.0,0.0,754820.0,-0.62,False,False
2023-09-13,NCBA,40.3,40.3,16800.0,0.0,677040.0,0.37,False,False
2023-09-14,NCBA,40.3,40.3,553400.0,0.0,22302020.0,0.0,False,False
2023-09-15,NCBA,37.4,37.4,7200.0,0.0,269280.0,-7.2,False,False
2023-09-18,NCBA,36.9,36.9,8100.0,0.0,298890.0,,False,False
2023-09-19,NCBA,37.3,37.3,42700.0,111000.0,1592709.9999999998,1.08,False,False
2023-09-20,NCBA,37.15,37.15,9300.0,74000.0,345495.0,-0.4,False,False
2023-09-21,NCBA,37.35,37.35,1500.0,0.0,56025.0,0.54,False,False
2023-09-22,NCBA,37.25,37.25,1800.0,0.0,67050.0,-0.27,False,False
2023-09-25,NCBA,37.35,37.35,23000.0,0.0,859050.0,,False,False
2023-09-26,NCBA,37.5,37.5,44600.0,1387500.0,1672500.0,0.4,False,False
2023-09-27,NCBA,37.55,37.55,43800.0,1308750.0,1644689.9999999998,0.13,False,False
2023-09-28,NCBA,37.7,37.7,9000.0,0.0,339300.0,0.4,False,False
2023-09-29,NCBA,37.85,37.85,36100.0,221250.0,1366385.0,0.4,False,False
2023-10-02,NCBA,37.65,37.65,24800.0,157500.0,933720.0,,False,False
2023-10-03,NCBA,37.65,37.65,6800.0,0.0,256020.0,0.0,False,False
2023-10-04,NCBA,37.65,37.65,15100.0,0.0,568515.0,0.0,False,False
2023-10-05,NCBA,37.55,37.55,67000.0,0.0,2515850.0,-0.27,False,False
2023-10-06,NCBA,39.1,39.1,1900.0,0.0,74290.0,4.13,False,False
2023-10-09,NCBA,38.95,38.95,3400.0,0.0,132430.0,,False,False
2023-10-11,NCBA,38.9,38.9,105800.0,0.0,4115620.0,,False,False
2023-10-12,NCBA,38.9,38.9,314000.0,0.0,12214600.0,0.0,False,False
2023-10-13,NCBA,38.95,38.95,7800.0,0.0,303810.0,0.13,False,False
2023-10-16,NCBA,38.7,38.7,12000.0,0.0,464400.00000000006,,False,False
2023-10-17,NCBA,39.45,39.45,24600.0,0.0,970470.0000000001,1.94,False,False
2023-10-18,NCBA,39.6,39.6,35800.0,0.0,1417680.0,0.38,False,False
2023-10-19,NCBA,39.8,39.8,28600.0,0.0,1138280.0,0.51,False,False
2023-10-23,NCBA,39.8,39.8,1200.0,0.0,47760.0,,False,False
2023-10-24,NCBA,39.7,39.7,79600.0,0.0,3160120.0,-0.25,False,False
2023-10-25,NCBA,39.5,39.5,41300.0,0.0,1631350.0,-0.5,False,False
2023-10-26,NCBA,38.9,38.9,8700.0,0.0,338430.0,-1.52,False,False
2023-10-27,NCBA,39.0,39.0,9500.0,0.0,370500.0,0.26,False,False
2023-10-30,NCBA,37.3,37.3,2000.0,7500.0,74600.0,,False,False
2023-10-31,NCBA,38.55,38.55,82000.0,0.0,3161099.9999999995,3.35,False,False
2023-11-01,NCBA,39.35,39.35,11200.0,-250425.0,440720.0,2.08,False,False
2023-11-02,NCBA,39.1,39.1,48300.0,0.0,1888530.0,-0.64,False,False
2023-11-03,NCBA,37.15,37.15,4000.0,-3800.0,148600.0,-4.99,False,False
2023-11-06,NCBA,37.75,37.75,13400.0,0.0,505850.0,,False,False
2023-11-07,NCBA,36.65,36.65,70900.0,0.0,2598485.0,-2.91,False,False
2023-11-08,NCBA,35.8,35.8,6800.0,0.0,243439.99999999997,-2.32,False,False
2023-11-09,NCBA,35.37,35.37,8900.0,0.0,314793.0,-1.2,False,False
2023-11-10,NCBA,35.0,35.0,79900.0,0.0,2796500.0,-1.05,False,False
2023-11-14,NCBA,36.38,36.38,16200.0,0.0,589356.0,,False,False
2023-11-15,NCBA,35.63,35.63,11700.0,0.0,416871.00000000006,-2.06,False,False
2023-11-16,NCBA,35.46,35.46,29800.0,28120.0,1056708.0,-0.48,False,False
2023-11-17,NCBA,35.67,35.67,27300.0,0.0,973791.0,0.59,False,False
2023-11-20,NCBA,36.12,36.12,5200.0,0.0,187824.0,,False,False
2023-11-21,NCBA,35.67,35.67,0.0,0.0,0.0,-1.25,False,False
2023-11-22,NCBA,35.95,35.95,56500.0,0.0,2031175.0000000002,0.78,False,False
2023-11-23,NCBA,35.92,35.92,21600.0,0.0,775872.0,-0.08,False,False
2023-11-24,NCBA,38.12,38.12,916300.0,0.0,34929356.0,6.12,False,False
2023-11-27,NCBA,38.36,38.36,15800.0,0.0,606088.0,,False,False
2023-11-28,NCBA,38.98,38.98,89700.0,0.0,3496505.9999999995,1.62,False,False
2023-11-29,NCBA,38.84,38.84,44200.0,0.0,1716728.0000000002,-0.36,False,False
2023-11-30,NCBA,38.89,38.89,49000.0,-716625.0,1905610.0,0.13,False,False
2023-12-01,NCBA,38.98,38.98,15800.0,0.0,615884.0,0.23,False,False
2023-12-04,NCBA,38.15,38.15,5000.0,0.0,190750.0,,False,False
2023-12-05,NCBA,39.45,39.45,15000.0,0.0,591750.0,3.41,False,False
2023-12-06,NCBA,38.71,38.71,121900.0,0.0,4718749.0,-1.88,False,False
2023-12-07,NCBA,38.9,38.9,12000.0,0.0,466800.0,0.49,False,False
2023-12-08,NCBA,38.02,38.02,51000.0,0.0,1939020.0000000002,-2.26,False,False
2023-12-11,NCBA,38.03,38.03,12600.0,38300.0,479178.0,,False,False
2023-12-13,NCBA,38.2,38.2,6600.0,0.0,252120.00000000003,,False,False
2023-12-14,NCBA,38.3,38.3,69200.0,0.0,2650360.0,0.26,False,False
2023-12-15,NCBA,39.7,39.7,103300.0,0.0,4101010.0000000005,3.66,False,False
2023-12-18,NCBA,39.65,39.65,1000.0,0.0,39650.0,,False,False
2023-12-19,NCBA,39.0,39.0,13600.0,0.0,530400.0,-1.64,False,False
2023-12-20,NCBA,39.25,39.25,6100.0,0.0,239425.0,0.64,False,False
2023-12-21,NCBA,39.0,39.0,374600.0,0.0,14609400.0,-0.64,False,False
2023-12-22,NCBA,40.0,40.0,27500.0,0.0,1100000.0,2.56,False,False
2023-12-27,NCBA,40.25,40.25,700.0,0.0,28175.0,,False,False
2023-12-28,NCBA,39.45,39.45,3500.0,0.0,138075.0,-1.99,False,False
2023-12-29,NCBA,38.95,38.95,5300.0,0.0,206435.00000000003,-1.27,False,False
2024-01-02,NCBA,38.85,38.85,2200.0,0.0,85470.0,,False,False
2024-01-03,NCBA,38.05,38.05,11300.0,76000.0,429964.99999999994,-2.06,False,False
2024-01-04,NCBA,38.45,38.45,1200.0,11535.0,46140.0,1.05,False,False
2024-01-05,NCBA,38.05,38.05,4100.0,79050.0,156005.0,-1.04,False,False
2024-01-08,NCBA,37.6,37.6,5800.0,0.0,218080.0,,False,False
2024-01-09,NCBA,37.8,37.8,700.0,15120.0,26459.999999999996,0.53,False,False
2024-01-10,NCBA,37.75,37.75,2600.0,0.0,98150.0,-0.13,False,False
2024-01-11,NCBA,37.95,37.95,600.0,0.0,22770.0,0.53,False,False
2024-01-12,NCBA,37.8,37.8,8700.0,0.0,328860.0,-0.4,False,False
2024-01-15,NCBA,37.6,37.6,37500.0,0.0,1410000.0,,False,False
2024-01-16,NCBA,37.55,37.55,8700.0,0.0,326685.0,-0.13,False,False
2024-01-17,NCBA,36.6,36.6,28400.0,0.0,1039440.0,-2.53,False,False
2024-01-18,NCBA,37.65,37.65,4300.0,0.0,161895.0,2.87,False,False
2024-01-19,NCBA,38.0,38.0,2000.0,-41800.0,76000.0,0.93,False,False
2024-01-22,NCBA,37.95,37.95,4100.0,0.0,155595.0,,False,False
2024-01-23,NCBA,37.7,37.7,1700.0,0.0,64090.00000000001,-0.66,False,False
2024-01-24,NCBA,37.55,37.55,24400.0,0.0,916219.9999999999,-0.4,False,False
2024-01-25,NCBA,37.65,37.65,1600.0,0.0,60240.0,0.27,False,False
2024-01-26,NCBA,37.15,37.15,2800.0,-52500.0,104020.0,-1.33,False,False
2024-01-29,NCBA,37.65,37.65,10100.0,0.0,380265.0,,False,False
2024-01-30,NCBA,37.25,37.25,5800.0,167625.0,216050.0,-1.06,False,False
2024-01-31,NCBA,37.6,37.6,20200.0,0.0,759520.0,0.94,False,False
2024-02-01,NCBA,37.5,37.5,47100.0,210000.0,1766250.0,-0.27,False,False
2024-02-02,NCBA,37.7,37.7,14300.0,0.0,539110.0,0.53,False,False
2024-02-05,NCBA,38.05,38.05,18500.0,0.0,703925.0,,False,False
2024-02-06,NCBA,38.05,38.05,25300.0,0.0,962664.9999999999,0.0,False,False
2024-02-07,NCBA,38.55,38.55,1400.0,0.0,53969.99999999999,1.31,False,False
2024-02-08,NCBA,38.5,38.5,8300.0,0.0,319550.0,-0.13,False,False
2024-02-09,NCBA,37.6,37.6,2800.0,0.0,105280.0,-2.34,False,False
2024-02-12,NCBA,37.25,37.25,11700.0,0.0,435825.0,,False,False
2024-02-13,NCBA,38.1,38.1,2200.0,7600.0,83820.0,2.28,False,False
2024-02-14,NCBA,37.65,37.65,18500.0,0.0,696525.0,-1.18,False,False
2024-02-15,NCBA,37.6,37.6,11700.0,0.0,439920.0,-0.13,False,False
2024-02-16,NCBA,36.3,36.3,14500.0,0.0,526350.0,-3.46,False,False
2024-02-19,NCBA,36.65,36.65,16900.0,185130.0,619385.0,,False,False
2024-02-20,NCBA,37.35,37.35,29500.0,0.0,1101825.0,1.91,False,False
2024-02-21,NCBA,37.3,37.3,6600.0,0.0,246179.99999999997,-0.13,False,False
2024-02-22,NCBA,37.45,37.45,46400.0,0.0,1737680.0000000002,0.4,False,False
2024-02-23,NCBA,37.6,37.6,20600.0,26950.0,774560.0,0.4,False,False
2024-02-26,NCBA,38.7,38.7,22400.0,0.0,866880.0000000001,,False,False
2024-02-27,NCBA,38.5,38.5,39900.0,-4000.0,1536150.0,-0.52,False,False
2024-02-28,NCBA,39.15,39.15,82800.0,0.0,3241620.0,1.69,False,False
2024-02-29,NCBA,39.15,39.15,6700.0,0.0,262305.0,0.0,False,False
2024-03-01,NCBA,39.1,39.1,120300.0,0.0,4703730.0,-0.13,False,False
2024-03-04,NCBA,39.1,39.1,35300.0,0.0,1380230.0,,False,False
2024-03-05,NCBA,38.05,38.05,51200.0,0.0,1948159.9999999998,-2.69,False,False
2024-03-06,NCBA,38.2,38.2,44100.0,0.0,1684620.0000000002,0.39,False,False
2024-03-07,NCBA,39.95,39.95,18900.0,-200000.0,755055.0,4.58,False,False
2024-03-08,NCBA,39.7,39.7,5700.0,0.0,226290.00000000003,-0.63,False,False
2024-03-11,NCBA,39.3,39.3,23300.0,0.0,915689.9999999999,,False,False
2024-03-12,NCBA,40.0,40.0,23300.0,0.0,932000.0,1.78,False,False
2024-03-13,NCBA,39.7,39.7,136900.0,-47000.0,5434930.0,-0.75,False,False
2024-03-14,NCBA,41.25,41.25,1700.0,-37350.0,70125.0,3.9,False,False
2024-03-15,NCBA,41.55,41.55,41100.0,-62250.0,1707704.9999999998,0.73,False,False
2024-03-18,NCBA,42.55,42.55,27400.0,-233750.0,1165870.0,,False,False
2024-03-19,NCBA,42.1,42.1,9600.0,0.0,404160.0,-1.06,False,False
2024-03-20,NCBA,42.85,42.85,52600.0,0.0,2253910.0,1.78,False,False
2024-03-21,NCBA,42.6,42.6,64900.0,0.0,2764740.0,-0.58,False,False
2024-03-22,NCBA,41.8,41.8,12800.0,0.0,535040.0,-1.88,False,False
2024-03-25,NCBA,42.85,42.85,35400.0,0.0,1516890.0,,False,False
2024-03-26,NCBA,44.55,44.55,135800.0,0.0,6049890.0,3.97,False,False
2024-03-27,NCBA,43.3,43.3,136300.0,0.0,5901790.0,-2.81,False,False
2024-03-28,NCBA,43.8,43.8,151300.0,-1518000.0,6626940.0,1.15,False,False
2024-04-02,NCBA,43.35,43.35,30600.0,-4380.0,1326510.0,,False,False
2024-04-03,NCBA,43.5,43.5,72800.0,0.0,3166800.0,0.35,False,False
2024-04-04,NCBA,45.0,45.0,10300.0,0.0,463500.0,3.45,False,False
2024-04-05,NCBA,45.2,45.2,47000.0,-67500.0,2124400.0,0.44,False,False
2024-04-08,NCBA,44.1,44.1,17400.0,0.0,767340.0,,False,False
2024-04-09,NCBA,43.7,43.7,11400.0,0.0,498180.00000000006,-0.91,False,False
2024-04-11,NCBA,44.4,44.4,20100.0,0.0,892440.0,,False,False
2024-04-12,NCBA,44.5,44.5,376100.0,0.0,16736450.0,0.23,False,False
2024-04-15,NCBA,43.6,43.6,46400.0,0.0,2023040.0,,False,False
2024-04-16,NCBA,43.8,43.8,103900.0,21525.0,4550820.0,0.46,False,False
2024-04-17,NCBA,44.65,44.65,174600.0,0.0,7795890.0,1.94,False,False
2024-04-18,NCBA,45.0,45.0,35300.0,0.0,1588500.0,0.78,False,False
2024-04-19,NCBA,44.9,44.9,138500.0,0.0,6218650.0,-0.22,False,False
2024-04-22,NCBA,44.65,44.65,36000.0,0.0,1607400.0,,False,False
2024-04-23,NCBA,44.05,44.05,8700.0,0.0,383235.0,-1.34,False,False
2024-04-24,NCBA,44.2,44.2,3200.0,0.0,141440.0,0.34,False,False
2024-04-25,NCBA,44.0,44.0,5500.0,0.0,242000.0,-0.45,False,False
2024-04-26,NCBA,44.05,44.05,120400.0,0.0,5303620.0,0.11,False,False
2024-04-29,NCBA,43.85,43.85,23700.0,0.0,1039245.0,,False,False
2024-04-30,NCBA,44.3,44.3,44.3,0.0,1962.4899999999998,1.03,False,False
2024-05-02,NCBA,42.75,42.75,6500.0,0.0,277875.0,,False,False
2024-05-03,NCBA,39.35,39.35,11300.0,3990.0,444655.0,-7.95,False,False
2024-05-06,NCBA,38.1,38.1,28800.0,0.0,1097280.0,,False,False
2024-05-07,NCBA,37.95,37.95,47500.0,3800.0,1802625.0000000002,-0.39,False,False
2024-05-08,NCBA,38.0,38.0,15700.0,-54400.0,596600.0,0.13,False,False
2024-05-09,NCBA,38.2,38.2,34800.0,-965225.0,1329360.0,0.53,False,False
2024-05-13,NCBA,38.0,38.0,14400.0,-53290.0,547200.0,,False,False
2024-05-14,NCBA,37.85,37.85,49000.0,-494000.0,1854650.0,-0.39,False,False
2024-05-15,NCBA,37.55,37.55,17500.0,-498750.0,657125.0,-0.79,False,False
2024-05-16,NCBA,37.65,37.65,21200.0,-168750.0,798180.0,0.27,False,False
2024-05-17,NCBA,38.3,38.3,10300.0,0.0,394489.99999999994,1.73,False,False
2024-05-20,NCBA,38.4,38.4,13900.0,298350.0,533760.0,,False,False
2024-05-21,NCBA,39.65,39.65,14000.0,0.0,555100.0,3.26,False,False
2024-05-22,NCBA,39.65,39.65,20200.0,0.0,800930.0,0.0,False,False
2024-05-23,NCBA,40.0,40.0,9900.0,0.0,396000.0,0.88,False,False
2024-05-24,NCBA,41.05,41.05,14500.0,0.0,595225.0,2.62,False,False
2024-05-27,NCBA,40.6,40.6,90300.0,-319800.0,3666180.0,,False,False
2024-05-28,NCBA,41.4,41.4,24500.0,0.0,1014300.0,1.97,False,False
2024-05-29,NCBA,41.45,41.45,923700.0,14833800.0,38287365.0,0.12,False,False
2024-05-30,NCBA,41.4,41.4,321800.0,6212630.0,13322520.0,-0.12,False,False
2024-05-31,NCBA,42.0,42.0,12800.0,0.0,537600.0,1.45,False,False
2024-06-03,NCBA,42.0,42.0,260000.0,0.0,10920000.0,,False,False
2024-06-04,NCBA,43.2,43.2,3800.0,0.0,164160.0,2.86,False,False
2024-06-05,NCBA,42.05,42.05,24100.0,0.0,1013404.9999999999,-2.66,False,False
2024-06-06,NCBA,41.3,41.3,4000.0,0.0,165200.0,-1.78,False,False
2024-06-07,NCBA,41.9,41.9,10600.0,0.0,444140.0,1.45,False,False
2024-06-10,NCBA,42.0,42.0,3800.0,0.0,159600.0,,False,False
2024-06-11,NCBA,41.45,41.45,10900.0,0.0,451805.00000000006,-1.31,False,False
2024-06-12,NCBA,40.6,40.6,9800.0,0.0,397880.0,-2.05,False,False
2024-06-13,NCBA,41.95,41.95,254400.0,3600500.0,10672080.0,3.33,False,False
2024-06-14,NCBA,40.8,40.8,14100.0,0.0,575280.0,-2.74,False,False
2024-06-18,NCBA,40.6,40.6,13200.0,8160.0,535920.0,,False,False
2024-06-19,NCBA,41.0,41.0,17200.0,0.0,705200.0,0.99,False,False
2024-06-20,NCBA,41.15,41.15,13600.0,0.0,559640.0,0.37,False,False
2024-06-21,NCBA,40.9,40.9,53100.0,0.0,2171790.0,-0.61,False,False
2024-06-24,NCBA,40.8,40.8,6800.0,0.0,277440.0,,False,False
2024-06-25,NCBA,41.0,41.0,36800.0,0.0,1508800.0,0.49,False,False
2024-06-26,NCBA,40.8,40.8,4600.0,0.0,187680.0,-0.49,False,False
2024-06-27,NCBA,40.9,40.9,87500.0,0.0,3578750.0,0.25,False,False
2024-06-28,NCBA,41.1,41.1,63400.0,0.0,2605740.0,0.49,False,False
2024-07-01,NCBA,41.2,41.2,62200.0,0.0,2562640.0,,False,False
2024-07-02,NCBA,41.2,41.2,26600.0,0.0,1095920.0,0.0,False,False
2024-07-03,NCBA,40.55,40.55,9900.0,0.0,401445.0,-1.58,False,False
2024-07-04,NCBA,40.9,40.9,19700.0,0.0,805730.0,0.86,False,False
2024-07-05,NCBA,41.1,41.1,21200.0,179740.0,871320.0,0.49,False,False
2024-07-08,NCBA,41.15,41.15,9100.0,0.0,374465.0,,False,False
2024-07-09,NCBA,41.1,41.1,15500.0,159900.0,637050.0,-0.12,False,False
2024-07-10,NCBA,41.15,41.15,91800.0,288050.0,3777570.0,0.12,False,False
2024-07-11,NCBA,41.2,41.2,534100.0,41000.0,22004920.0,0.12,False,False
2024-07-12,NCBA,41.2,41.2,101500.0,0.0,4181800.0000000005,0.0,False,False
2024-07-15,NCBA,41.35,41.35,13300.0,0.0,549955.0,,False,False
2024-07-16,NCBA,41.0,41.0,1242900.0,0.0,50958900.0,-0.85,False,False
2024-07-17,NCBA,41.0,41.0,134000.0,0.0,5494000.0,0.0,False,False
2024-07-18,NCBA,40.9,40.9,144000.0,0.0,5889600.0,-0.24,False,False
2024-07-19,NCBA,40.85,40.85,63300.0,0.0,2585805.0,-0.12,False,False
2024-07-22,NCBA,40.8,40.8,4100.0,0.0,167280.0,,False,False
2024-07-23,NCBA,40.85,40.85,11300.0,82000.0,461605.0,0.12,False,False
2024-07-24,NCBA,40.7,40.7,8700.0,0.0,354090.0,-0.37,False,False
2024-07-25,NCBA,40.9,40.9,5000.0,0.0,204500.0,0.49,False,False
2024-07-26,NCBA,40.9,40.9,19900.0,0.0,813910.0,0.0,False,False
2024-07-29,NCBA,40.8,40.8,4400.0,0.0,179520.0,,False,False
2024-07-30,NCBA,40.55,40.55,18300.0,0.0,742065.0,-0.61,False,False
2024-07-31,NCBA,40.0,40.0,35700.0,0.0,1428000.0,-1.36,False,False
2024-08-01,NCBA,39.85,39.85,2100.0,15960.0,83685.0,-0.37,False,False
2024-08-02,NCBA,39.05,39.05,51800.0,0.0,2022789.9999999998,-2.01,False,False
2024-08-05,NCBA,38.8,38.8,35100.0,0.0,1361880.0,,False,False
2024-08-06,NCBA,38.55,38.55,20000.0,0.0,771000.0,-0.64,False,False
2024-08-07,NCBA,39.5,39.5,13700.0,0.0,541150.0,2.46,False,False
2024-08-08,NCBA,39.0,39.0,12900.0,0.0,503100.0,-1.27,False,False
2024-08-09,NCBA,39.45,39.45,3000.0,0.0,118350.00000000001,1.15,False,False
2024-08-12,NCBA,39.0,39.0,21800.0,0.0,850200.0,,False,False
2024-08-13,NCBA,38.95,38.95,18000.0,0.0,701100.0,-0.13,False,False
2024-08-14,NCBA,39.0,39.0,93200.0,0.0,3634800.0,0.13,False,False
2024-08-15,NCBA,39.0,39.0,276600.0,0.0,10787400.0,0.0,False,False
2024-08-16,NCBA,39.0,39.0,233000.0,78000.0,9087000.0,0.0,False,False
2024-08-19,NCBA,39.05,39.05,6900.0,0.0,269445.0,,False,False
2024-08-20,NCBA,39.0,39.0,148600.0,0.0,5795400.0,-0.13,False,False
2024-08-21,NCBA,39.0,39.0,303900.0,0.0,11852100.0,0.0,False,False
2024-08-22,NCBA,41.1,41.1,211200.0,0.0,8680320.0,5.38,False,False
2024-08-23,NCBA,42.0,42.0,282900.0,0.0,11881800.0,2.19,False,False
2024-08-26,NCBA,42.05,42.05,209000.0,0.0,8788450.0,,False,False
2024-08-27,NCBA,42.05,42.05,114500.0,0.0,4814725.0,0.0,False,False
2024-08-28,NCBA,42.45,42.45,32400.0,17130.0,1375380.0,0.95,False,False
2024-08-29,NCBA,42.55,42.55,53100.0,0.0,2259405.0,0.24,False,False
2024-08-30,NCBA,43.05,43.05,122000.0,0.0,5252100.0,1.18,False,False
2024-09-02,NCBA,44.2,44.2,5000.0,0.0,221000.0,,False,False
2024-09-03,NCBA,44.2,44.2,39700.0,-522290.0,1754740.0,0.0,False,False
2024-09-04,NCBA,44.5,44.5,8500.0,0.0,378250.0,0.68,False,False
2024-09-05,NCBA,43.1,43.1,85400.0,0.0,3680740.0,-3.15,False,False
2024-09-06,NCBA,43.7,43.7,27400.0,0.0,1197380.0,1.39,False,False
2024-09-09,NCBA,44.45,44.45,9600.0,0.0,426720.0,,False,False
2024-09-10,NCBA,44.5,44.5,318800.0,0.0,14186600.0,0.11,False,False
2024-09-11,NCBA,43.95,43.95,12100.0,0.0,531795.0,-1.24,False,False
2024-09-12,NCBA,40.55,40.55,33900.0,0.0,1374645.0,-7.74,False,False
2024-09-13,NCBA,40.25,40.25,193000.0,0.0,7768250.0,-0.74,False,False
2024-09-16,NCBA,40.2,40.2,8700.0,0.0,349740.0,,False,False
2024-09-17,NCBA,40.2,40.2,12500.0,0.0,502500.00000000006,0.0,False,False
2024-09-18,NCBA,41.0,41.0,110500.0,0.0,4530500.0,1.99,False,False
2024-09-19,NCBA,41.0,41.0,644100.0,-2665000.0,26408100.0,0.0,False,False
2024-09-20,NCBA,41.0,41.0,175300.0,-5945000.0,7187300.0,0.0,False,False
2024-09-23,NCBA,41.9,41.9,4600.0,0.0,192740.0,,False,False
2024-09-24,NCBA,41.3,41.3,12000.0,0.0,495599.99999999994,-1.43,False,False
2024-09-25,NCBA,41.55,41.55,20900.0,0.0,868394.9999999999,0.61,False,False
2024-09-26,NCBA,42.15,42.15,31700.0,0.0,1336155.0,1.44,False,False
2024-09-27,NCBA,42.6,42.6,2700.0,0.0,115020.0,1.07,False,False
2024-09-30,NCBA,42.7,42.7,3600.0,0.0,153720.0,,False,False
2024-10-01,NCBA,43.45,43.45,36500.0,0.0,1585925.0,1.76,False,False
2024-10-02,NCBA,43.65,43.65,4900.0,0.0,213885.0,0.46,False,False
2024-10-03,NCBA,44.0,44.0,6800.0,0.0,299200.0,0.8,False,False
2024-10-04,NCBA,44.15,44.15,7900.0,0.0,348785.0,0.34,False,False
2024-10-07,NCBA,44.0,44.0,29900.0,-1012000.0,1315600.0,,False,False
2024-10-08,NCBA,42.2,42.2,91900.0,0.0,3878180.0000000005,-4.09,False,False
2024-10-09,NCBA,44.0,44.0,5200.0,0.0,228800.0,4.27,False,False
2024-10-11,NCBA,43.95,43.95,8400.0,0.0,369180.0,,False,False
2024-10-14,NCBA,44.25,44.25,57500.0,0.0,2544375.0,,False,False
2024-10-15,NCBA,44.0,44.0,57300.0,0.0,2521200.0,-0.56,False,False
2024-10-16,NCBA,43.8,43.8,55800.0,0.0,2444040.0,-0.45,False,False
2024-10-17,NCBA,44.05,44.05,50700.0,0.0,2233335.0,0.57,False,False
2024-10-18,NCBA,44.15,44.15,32200.0,96800.0,1421630.0,0.23,False,False
2024-10-22,NCBA,43.3,43.3,6100.0,21500.0,264130.0,,False,False
2024-10-23,NCBA,43.95,43.95,11500.0,0.0,505425.00000000006,1.5,False,False
2024-10-24,NCBA,43.9,43.9,46800.0,0.0,2054520.0,-0.11,False,False
2024-10-25,NCBA,44.0,44.0,29300.0,0.0,1289200.0,0.23,False,False
2024-10-28,NCBA,44.0,44.0,78900.0,0.0,3471600.0,,False,False
2024-10-29,NCBA,44.1,44.1,30200.0,0.0,1331820.0,0.23,False,False
2024-10-30,NCBA,44.05,44.05,55000.0,0.0,2422750.0,-0.11,False,False
2024-10-31,NCBA,44.05,44.05,141300.0,0.0,6224265.0,0.0,False,False
2024-11-04,NCBA,43.1,43.1,80200.0,2094100.0,3456620.0,,False,False
2024-11-05,NCBA,43.8,43.8,262500.0,4400.0,11497500.0,1.62,False,False
2024-11-06,NCBA,43.8,43.8,939600.0,0.0,41154480.0,0.0,False,False
2024-11-07,NCBA,43.35,43.35,33700.0,0.0,1460895.0,-1.03,False,False
2024-11-08,NCBA,43.3,43.3,30800.0,0.0,1333640.0,-0.12,False,False
2024-11-11,NCBA,43.8,43.8,30500.0,0.0,1335900.0,,False,False
2024-11-12,NCBA,43.5,43.5,23800.0,0.0,1035300.0,-0.68,False,False
2024-11-13,NCBA,43.65,43.65,139800.0,0.0,6102270.0,0.34,False,False
2024-11-14,NCBA,43.8,43.8,49800.0,0.0,2181240.0,0.34,False,False
2024-11-15,NCBA,43.8,43.8,85800.0,0.0,3758039.9999999995,0.0,False,False
2024-11-18,NCBA,44.0,44.0,186500.0,-228800.0,8206000.0,,False,False
2024-11-19,NCBA,44.0,44.0,27100.0,0.0,1192400.0,0.0,False,False
2024-11-20,NCBA,44.0,44.0,241800.0,0.0,10639200.0,0.0,False,False
2024-11-21,NCBA,44.1,44.1,2500.0,0.0,110250.0,0.23,False,False
2024-11-22,NCBA,44.05,44.05,6300.0,0.0,277515.0,-0.11,False,False
2024-11-25,NCBA,40.45,40.45,135200.0,8100.0,5468840.0,,False,False
2024-11-26,NCBA,43.05,43.05,16900.0,0.0,727545.0,6.43,False,False
2024-11-27,NCBA,43.0,43.0,34000.0,0.0,1462000.0,-0.12,False,False
2024-11-28,NCBA,43.55,43.55,28600.0,0.0,1245530.0,1.28,False,False
2024-11-29,NCBA,43.15,43.15,95500.0,0.0,4120825.0,-0.92,False,False
2024-12-02,NCBA,42.05,42.05,18300.0,0.0,769515.0,,False,False
2024-12-03,NCBA,41.9,41.9,14800.0,0.0,620120.0,-0.36,False,False
2024-12-04,NCBA,42.1,42.1,26600.0,0.0,1119860.0,0.48,False,False
2024-12-05,NCBA,43.45,43.45,191100.0,0.0,8303295.000000001,3.21,False,False
2024-12-06,NCBA,44.6,44.6,43800.0,222250.0,1953480.0,2.65,False,False
2024-12-09,NCBA,43.0,43.0,51200.0,0.0,2201600.0,,False,False
2024-12-10,NCBA,43.3,43.3,124200.0,0.0,5377860.0,0.7,False,False
2024-12-11,NCBA,43.8,43.8,113100.0,0.0,4953780.0,1.15,False,False
2024-12-13,NCBA,44.6,44.6,24800.0,0.0,1106080.0,,False,False
2024-12-16,NCBA,44.7,44.7,157300.0,0.0,7031310.0,,False,False
2024-12-17,NCBA,45.55,45.55,74500.0,0.0,3393475.0,1.9,False,False
2024-12-18,NCBA,45.7,45.7,297100.0,-12732020.0,13577470.0,0.33,False,False
2024-12-19,NCBA,46.5,46.5,33900.0,0.0,1576350.0,1.75,False,False
2024-12-20,NCBA,46.9,46.9,96400.0,0.0,4521160.0,0.86,False,False
2024-12-23,NCBA,46.85,46.85,10700.0,0.0,501295.0,,False,False
2024-12-24,NCBA,47.4,47.4,9100.0,0.0,431340.0,1.17,False,False
2024-12-27,NCBA,47.95,47.95,22400.0,0.0,1074080.0,,False,False
2024-12-30,NCBA,47.5,47.5,6400.0,0.0,304000.0,,False,False
2024-12-31,NCBA,48.2,48.2,10700.0,-104500.0,515740.00000000006,1.47,False,False
2025-01-02,NCBA,51.0,51.0,16600.0,0.0,846600.0,,False,False
2025-01-03,NCBA,50.75,50.75,22900.0,0.0,1162175.0,-0.49,False,False
2025-01-06,NCBA,49.2,49.2,41200.0,0.0,2027040.0000000002,,False,False
2025-01-07,NCBA,49.95,49.95,202300.0,0.0,10104885.0,1.52,False,False
2025-01-08,NCBA,49.25,49.25,405400.0,0.0,19965950.0,-1.4,False,False
2025-01-09,NCBA,49.1,49.1,31100.0,0.0,1527010.0,-0.3,False,False
2025-01-10,NCBA,48.45,48.45,44800.0,43650.0,2170560.0,-1.32,False,False
2025-01-13,NCBA,47.35,47.35,21400.0,0.0,1013290.0,,False,False
2025-01-14,NCBA,47.15,47.15,14900.0,0.0,702535.0,-0.42,False,False
2025-01-15,NCBA,47.25,47.25,31600.0,-9400.0,1493100.0,0.21,False,False
2025-01-16,NCBA,47.45,47.45,59100.0,0.0,2804295.0,0.42,False,False
2025-01-17,NCBA,47.65,47.65,82800.0,-670415.0,3945420.0,0.42,False,False
2025-01-20,NCBA,48.85,48.85,9700.0,0.0,473845.0,,False,False
2025-01-21,NCBA,48.1,48.1,142700.0,0.0,6863870.0,-1.54,False,False
2025-01-22,NCBA,49.0,49.0,140600.0,-4900000.0,6889400.0,1.87,False,False
2025-01-23,NCBA,49.6,49.6,18100.0,0.0,897760.0,1.22,False,False
2025-01-24,NCBA,49.05,49.05,84900.0,0.0,4164344.9999999995,-1.11,False,False
2025-01-27,NCBA,49.75,49.75,10500.0,0.0,522375.0,,False,False
2025-01-28,NCBA,49.5,49.5,213900.0,-9900000.0,10588050.0,-0.5,False,False
2025-01-29,NCBA,48.75,48.75,18800.0,68600.0,916500.0,-1.52,False,False
2025-01-30,NCBA,48.6,48.6,4900.0,39200.0,238140.0,-0.31,False,False
2025-01-31,NCBA,48.5,48.5,47000.0,0.0,2279500.0,-0.21,False,False
2025-02-03,NCBA,48.35,48.35,10200.0,-9640.0,493170.0,,False,False
2025-02-04,NCBA,48.5,48.5,93000.0,96700.0,4510500.0,0.31,False,False
2025-02-05,NCBA,47.95,47.95,109600.0,9700.0,5255320.0,-1.13,False,False
2025-02-06,NCBA,47.9,47.9,10800.0,0.0,517320.0,-0.1,False,False
2025-02-07,NCBA,48.2,48.2,7100.0,0.0,342220.0,0.63,False,False
2025-02-10,NCBA,48.1,48.1,31600.0,100.0,1519960.0,,False,False
2025-02-11,NCBA,49.75,49.75,59100.0,0.0,2940225.0,3.43,False,False
2025-02-12,NCBA,49.8,49.8,21000.0,0.0,1045799.9999999999,0.1,False,False
2025-02-13,NCBA,49.8,49.8,136800.0,-4980000.0,6812640.0,0.0,False,False
2025-02-14,NCBA,49.8,49.8,102000.0,-355060.0,5079600.0,0.0,False,False
2025-02-17,NCBA,49.9,49.9,19000.0,0.0,948100.0,,False,False
2025-02-18,NCBA,49.05,49.05,124600.0,0.0,6111630.0,-1.7,False,False
2025-02-19,NCBA,48.9,48.9,249100.0,0.0,12180990.0,-0.31,False,False
2025-02-20,NCBA,49.1,49.1,73700.0,0.0,3618670.0,0.41,False,False
2025-02-21,NCBA,49.25,49.25,17200.0,4925.0,847100.0,0.31,False,False
2025-02-24,NCBA,48.95,48.95,17700.0,0.0,866415.0,,False,False
2025-02-25,NCBA,49.05,49.05,63400.0,0.0,3109770.0,0.2,False,False
2025-02-26,NCBA,49.75,49.75,7800.0,0.0,388050.0,1.43,False,False
2025-02-27,NCBA,50.0,50.0,304400.0,-2010000.0,15220000.0,0.5,False,False
2025-02-28,NCBA,50.25,50.25,75700.0,0.0,3803925.0,0.5,False,False
2025-03-03,NCBA,50.75,50.75,39400.0,0.0,1999550.0,,False,False
2025-03-04,NCBA,51.75,51.75,34200.0,0.0,1769850.0,1.97,False,False
2025-03-05,NCBA,51.75,51.75,22700.0,0.0,1174725.0,0.0,False,False
2025-03-06,NCBA,54.0,54.0,52500.0,0.0,2835000.0,4.35,False,False
2025-03-07,NCBA,51.75,51.75,19400.0,0.0,1003950.0,-4.17,False,False
2025-03-10,NCBA,51.25,51.25,18700.0,0.0,958375.0,,False,False
2025-03-11,NCBA,50.75,50.75,43800.0,0.0,2222850.0,-0.98,False,False
2025-03-12,NCBA,50.25,50.25,99000.0,0.0,4974750.0,-0.99,False,False
2025-03-13,NCBA,50.25,50.25,190700.0,0.0,9582675.0,0.0,False,False
2025-03-14,NCBA,51.75,51.75,4800.0,0.0,248400.0,2.99,False,False
2025-03-17,NCBA,52.25,52.25,13900.0,0.0,726275.0,,False,False
2025-03-18,NCBA,52.0,52.0,48300.0,41800.0,2511600.0,-0.48,False,False
2025-03-19,NCBA,51.5,51.5,89800.0,0.0,4624700.0,-0.96,False,False
2025-03-20,NCBA,51.75,51.75,168800.0,0.0,8735400.0,0.49,False,False
2025-03-21,NCBA,52.25,52.25,43700.0,0.0,2283325.0,0.97,False,False
2025-03-24,NCBA,53.75,53.75,21400.0,0.0,1150250.0,,False,False
2025-03-25,NCBA,52.75,52.75,8000.0,0.0,422000.0,-1.86,False,False
2025-03-26,NCBA,52.75,52.75,259000.0,5175.0,13662250.0,0.0,False,False
2025-03-27,NCBA,52.5,52.5,568400.0,0.0,29841000.0,-0.47,False,False
2025-03-28,NCBA,52.5,52.5,163800.0,0.0,8599500.0,0.0,False,False
2025-04-01,NCBA,52.5,52.5,40400.0,52500.0,2121000.0,,False,False
2025-04-02,NCBA,53.5,53.5,39200.0,0.0,2097200.0,1.9,False,False
2025-04-03,NCBA,54.0,54.0,434600.0,27250.0,23468400.0,0.93,False,False
2025-04-04,NCBA,54.0,54.0,329700.0,0.0,17803800.0,0.0,False,False
2025-04-07,NCBA,54.0,54.0,10200.0,0.0,550800.0,,False,False
2025-04-08,NCBA,52.0,52.0,52600.0,0.0,2735200.0,-3.7,False,False
2025-04-09,NCBA,51.5,51.5,79100.0,0.0,4073650.0,-0.96,False,False
2025-04-10,NCBA,53.25,53.25,27200.0,0.0,1448400.0,3.4,False,False
2025-04-11,NCBA,53.75,53.75,5100.0,0.0,274125.0,0.94,False,False
2025-04-14,NCBA,53.5,53.5,3100.0,0.0,165850.0,,False,False
2025-04-15,NCBA,54.25,54.25,20000.0,0.0,1085000.0,1.4,False,False
2025-04-16,NCBA,52.5,52.5,15200.0,0.0,798000.0,-3.23,False,False
2025-04-17,NCBA,54.0,54.0,32600.0,0.0,1760400.0,2.86,False,False
2025-04-22,NCBA,53.75,53.75,8900.0,0.0,478375.0,,False,False
2025-04-23,NCBA,53.75,53.75,24500.0,0.0,1316875.0,0.0,False,False
2025-04-24,NCBA,54.25,54.25,3100.0,-5400.0,168175.0,0.93,False,False
2025-04-25,NCBA,54.0,54.0,14100.0,0.0,761400.0,-0.46,False,False
2025-04-28,NCBA,54.75,54.75,8600.0,0.0,470850.0,,False,False
2025-04-29,NCBA,54.0,54.0,70500.0,0.0,3807000.0,-1.37,False,False
2025-04-30,NCBA,54.0,54.0,293900.0,0.0,15870600.0,0.0,False,False
2025-05-02,NCBA,49.45,49.45,8200.0,0.0,405490.0,,False,False
2025-05-05,NCBA,49.05,49.05,45200.0,0.0,2217060.0,,False,False
2025-05-06,NCBA,49.05,49.05,96100.0,0.0,4713705.0,0.0,False,False
2025-05-07,NCBA,49.1,49.1,47400.0,0.0,2327340.0,0.1,False,False
2025-05-08,NCBA,49.0,49.0,29500.0,0.0,1445500.0,-0.2,False,False
2025-05-09,NCBA,49.0,49.0,17800.0,0.0,872200.0,0.0,False,False
2025-05-12,NCBA,49.4,49.4,3800.0,0.0,187720.0,,False,False
2025-05-13,NCBA,48.8,48.8,89700.0,0.0,4377360.0,-1.21,False,False
2025-05-14,NCBA,49.5,49.5,6300.0,0.0,311850.0,1.43,False,False
2025-05-15,NCBA,50.75,50.75,9200.0,0.0,466900.0,2.53,False,False
2025-05-16,NCBA,51.0,51.0,6400.0,0.0,326400.0,0.49,False,False
2025-05-19,NCBA,50.25,50.25,21300.0,0.0,1070325.0,,False,False
2025-05-20,NCBA,51.0,51.0,71600.0,10000.0,3651600.0,1.49,False,False
2025-05-21,NCBA,51.0,51.0,64700.0,65000.0,3299700.0,0.0,False,False
2025-05-22,NCBA,52.0,52.0,66600.0,0.0,3463200.0,1.96,False,False
2025-05-23,NCBA,52.0,52.0,71400.0,0.0,3712800.0,0.0,False,False
2025-05-26,NCBA,53.75,53.75,266900.0,0.0,14345875.0,,False,False
2025-05-27,NCBA,54.25,54.25,22900.0,0.0,1242325.0,0.93,False,False
2025-05-28,NCBA,54.0,54.0,415400.0,0.0,22431600.0,-0.46,False,False
2025-05-29,NCBA,54.25,54.25,76000.0,5425.0,4123000.0,0.46,False,False
2025-05-30,NCBA,54.5,54.5,205000.0,0.0,11172500.0,0.46,False,False
2025-06-03,NCBA,55.0,55.0,230100.0,5450.0,12655500.0,,False,False
2025-06-04,NCBA,54.75,54.75,559400.0,-130800.0,30627150.0,-0.45,False,False
2025-06-05,NCBA,54.75,54.75,37900.0,0.0,2075025.0,0.0,False,False
2025-06-09,NCBA,54.0,54.0,18600.0,5350.0,1004400.0,,False,False
2025-06-10,NCBA,53.75,53.75,86900.0,0.0,4670875.0,-0.46,False,False
2025-06-11,NCBA,54.25,54.25,27600.0,-32250.0,1497300.0,0.93,False,False
2025-06-12,NCBA,55.0,55.0,55000.0,0.0,3025000.0,1.38,False,False
2025-06-13,NCBA,56.0,56.0,16200.0,0.0,907200.0,1.82,False,False
2025-06-16,NCBA,55.0,55.0,90300.0,0.0,4966500.0,,False,False
2025-06-17,NCBA,56.0,56.0,54700.0,0.0,3063200.0,1.82,False,False
2025-06-18,NCBA,56.0,56.0,135500.0,0.0,7588000.0,0.0,False,False
2025-06-19,NCBA,56.0,56.0,4800.0,0.0,268800.0,0.0,False,False
2025-06-20,NCBA,56.0,56.0,42900.0,0.0,2402400.0,0.0,False,False
2025-06-23,NCBA,56.75,56.75,67800.0,0.0,3847650.0,,False,False
2025-06-24,NCBA,57.0,57.0,76300.0,0.0,4349100.0,0.44,False,False
2025-06-25,NCBA,58.0,58.0,9800.0,0.0,568400.0,1.75,False,False
2025-06-26,NCBA,57.5,57.5,37600.0,0.0,2162000.0,-0.86,False,False
2025-06-27,NCBA,58.75,58.75,23200.0,0.0,1363000.0,2.17,False,False
2025-06-30,NCBA,59.5,59.5,121400.0,-1497500.0,7223300.0,,False,False
2025-07-01,NCBA,61.25,61.25,13600.0,-37500.0,833000.0,2.94,False,False
2025-07-02,NCBA,60.75,60.75,20200.0,-18750.0,1227150.0,-0.82,False,False
2025-07-03,NCBA,62.5,62.5,227400.0,91750.0,14212500.0,2.88,False,False
2025-07-04,NCBA,62.75,62.75,52900.0,-6350.0,3319475.0,0.4,False,False
2025-07-07,NCBA,62.75,62.75,173800.0,0.0,10905950.0,,False,False
2025-07-08,NCBA,62.75,62.75,35000.0,-38100.0,2196250.0,0.0,False,False
2025-07-09,NCBA,62.25,62.25,23600.0,-19050.0,1469100.0,-0.8,False,False
2025-07-10,NCBA,62.0,62.0,21400.0,0.0,1326800.0,-0.4,False,False
2025-07-11,NCBA,63.5,63.5,25400.0,0.0,1612900.0,2.42,False,False
2025-07-14,NCBA,63.25,63.25,8100.0,-12650.0,512325.0,,False,False
2025-07-15,NCBA,62.75,62.75,220000.0,-44100.0,13805000.0,-0.79,False,False
2025-07-16,NCBA,63.5,63.5,119600.0,0.0,7594600.0,1.2,False,False
2025-07-17,NCBA,63.0,63.0,42000.0,-330200.0,2646000.0,-0.79,False,False
2025-07-18,NCBA,63.0,63.0,150600.0,0.0,9487800.0,0.0,False,False
2025-07-21,NCBA,63.0,63.0,9700.0,0.0,611100.0,,False,False
2025-07-22,NCBA,63.0,63.0,31200.0,0.0,1965600.0,0.0,False,False
2025-07-23,NCBA,64.0,64.0,56800.0,0.0,3635200.0,1.59,False,False
2025-07-24,NCBA,64.25,64.25,39300.0,-129750.0,2525025.0,0.39,False,False
2025-07-25,NCBA,64.75,64.75,108300.0,0.0,7012425.0,0.78,False,False
2025-07-28,NCBA,65.25,65.25,44700.0,0.0,2916675.0,,False,False
2025-07-29,NCBA,65.75,65.75,16200.0,-657500.0,1065150.0,0.77,False,False
2025-07-30,NCBA,66.0,66.0,73000.0,39150.0,4818000.0,0.38,False,False
2025-07-31,NCBA,66.25,66.25,128900.0,0.0,8539625.0,0.38,False,False
2025-08-01,NCBA,62.75,62.75,338400.0,-13150.0,21234600.0,-5.28,False,False
2025-08-04,NCBA,64.75,64.75,11200.0,0.0,725200.0,,False,False
2025-08-05,NCBA,64.5,64.5,15900.0,0.0,1025550.0,-0.39,False,False
2025-08-06,NCBA,64.75,64.75,178300.0,-2303475.0,11544925.0,0.39,False,False
2025-08-07,NCBA,65.0,65.0,27600.0,-946125.0,1794000.0,0.39,False,False
2025-08-08,NCBA,66.25,66.25,164360.0,-659550.0,10888850.0,1.92,False,False
2025-08-11,NCBA,66.75,66.75,30612.0,0.0,2043351.0,,False,False
2025-08-12,NCBA,66.5,66.5,19444.0,33000.0,1293026.0,-0.37,False,False
2025-08-13,NCBA,65.25,65.25,18808.0,1980.0,1227222.0,-1.88,False,False
2025-08-14,NCBA,65.75,65.75,64329.0,0.0,4229631.75,0.77,False,False
2025-08-15,NCBA,64.75,64.75,15082.0,390768.5,976559.5,-1.52,False,False
2025-08-18,NCBA,65.0,65.0,5874.0,5075.75,381810.0,,False,False
2025-08-19,NCBA,64.5,64.5,71693.0,840192.5,4624198.5,-0.77,False,False
2025-08-20,NCBA,64.0,64.0,25806.0,-7095.0,1651584.0,-0.78,False,False
2025-08-21,NCBA,62.0,62.0,94126.0,15625.0,5835812.0,-3.13,False,False
2025-08-22,NCBA,62.25,62.25,67297.0,0.0,4189238.25,0.4,False,False
2025-08-25,NCBA,62.5,62.5,112901.0,77812.5,7056312.5,,False,False
2025-08-26,NCBA,63.5,63.5,72115.0,635000.0,4579302.5,1.6,False,False
2025-08-27,NCBA,63.75,63.75,68538.0,0.0,4369297.5,0.39,False,False
2025-08-28,NCBA,63.0,63.0,17911.0,0.0,1128393.0,-1.18,False,False
2025-08-29,NCBA,64.25,64.25,458617.0,-1253493.0,29466142.25,1.98,False,False
2025-09-01,NCBA,65.0,65.0,105509.0,0.0,6858085.0,,False,False
2025-09-02,NCBA,65.5,65.5,296816.0,0.0,19441448.0,0.77,False,False
2025-09-03,NCBA,66.0,66.0,98709.0,-30508.0,6514794.0,0.76,False,False
2025-09-04,NCBA,66.0,66.0,74267.0,0.0,4901622.0,0.0,False,False
2025-09-05,NCBA,66.0,66.0,161925.0,-1386.0,10687050.0,0.0,False,False
2025-09-08,NCBA,68.5,68.5,48849.0,0.0,3346156.5,,False,False
2025-09-09,NCBA,68.25,68.25,67361.0,0.0,4597388.25,-0.36,False,False
2025-09-10,NCBA,69.5,69.5,175377.0,0.0,12188701.5,1.83,False,False
2025-09-11,NCBA,70.0,70.0,275954.0,0.0,19316780.0,0.72,False,False
2025-09-12,NCBA,72.5,72.5,163955.0,2920.0,11886737.5,3.57,False,False
2025-09-15,NCBA,73.0,73.0,90268.0,0.0,6589564.0,0.69,False,False
2025-09-16,NCBA,74.75,74.75,196987.0,-290255.75,14724778.25,2.4,False,False
2025-09-17,NCBA,72.0,72.0,148898.0,42500.0,10720656.0,-3.68,False,False
2025-09-18,NCBA,71.0,71.0,94217.0,-328752.0,6689407.0,-1.39,False,False
2025-09-19,NCBA,68.5,68.5,46297.0,0.0,3171344.5,-3.52,False,False
2025-09-22,NCBA,70.0,70.0,80009.0,0.0,5600630.0,2.19,False,False
2025-09-23,NCBA,70.0,70.0,334660.0,0.0,23426200.0,0.0,False,False
2025-09-24,NCBA,70.0,70.0,27639.0,0.0,1934730.0,0.0,False,False
2025-09-25,NCBA,70.0,70.0,240960.0,0.0,16867200.0,0.0,False,False
2025-09-26,NCBA,69.0,69.0,117423.0,0.0,8102187.0,-1.43,False,False
2025-09-29,NCBA,69.25,69.25,6060.0,0.0,419655.0,0.36,False,False
2025-09-30,NCBA,69.0,69.0,9375.0,0.0,646875.0,-0.36,False,False
2025-10-01,NCBA,69.75,69.75,20552.0,0.0,1433502.0,1.09,False,False
2025-10-02,NCBA,70.0,70.0,11277.0,1042.5,789390.0,0.36,False,False
2025-10-03,NCBA,70.75,70.75,67728.0,21150.0,4791756.0,1.07,False,False
2025-10-06,NCBA,70.0,70.0,21867.0,189000.0,1530690.0,-1.06,False,False
2025-10-07,NCBA,70.0,70.0,158161.0,0.0,11071270.0,0.0,False,False
2025-10-08,NCBA,69.75,69.75,70671.0,0.0,4929302.25,-0.36,False,False
2025-10-09,NCBA,69.0,69.0,38840.0,-1831990.5,2679960.0,-1.08,False,False
2025-10-13,NCBA,69.5,69.5,34264.0,0.0,2381348.0,0.72,False,False
2025-10-14,NCBA,75.25,75.25,341475.0,0.0,25695993.75,8.27,False,False
2025-10-15,NCBA,81.25,81.25,592261.0,-1324512.0,48121206.25,7.97,False,False
2025-10-16,NCBA,83.25,83.25,270305.0,0.0,22502891.25,2.46,False,False
2025-10-21,NCBA,91.25,91.25,308387.0,0.0,28140313.75,9.61,False,False
2025-10-22,NCBA,96.25,96.25,200535.0,0.0,19301493.75,5.48,False,False
2025-10-23,NCBA,91.75,91.75,375211.0,0.0,34425609.25,-4.68,False,False
2025-10-24,NCBA,91.0,91.0,274975.0,0.0,25022725.0,-0.82,False,False
2025-10-27,NCBA,89.0,89.0,83592.0,0.0,7439688.0,-2.2,False,False
2025-10-28,NCBA,85.5,85.5,150904.0,4437.5,12902292.0,-3.93,False,False
2025-10-29,NCBA,82.0,82.0,70969.0,0.0,5819458.0,-4.09,False,False
2025-10-30,NCBA,81.5,81.5,350304.0,0.0,28549776.0,-0.61,False,False
2025-10-31,NCBA,88.0,88.0,170759.0,923407.5,15026792.0,7.98,False,False
2025-11-03,NCBA,87.5,87.5,57772.0,0.0,5055050.0,-0.57,False,False
2025-11-04,NCBA,88.5,88.5,84414.0,104720.0,7470639.0,1.14,False,False
2025-11-05,NCBA,83.25,83.25,435181.0,-3084454.0,36228818.25,-5.93,False,False
2025-11-06,NCBA,83.5,83.5,448461.0,0.0,37446493.5,0.3,False,False
2025-11-07,NCBA,85.0,85.0,19941.0,0.0,1694985.0,1.8,False,False
2025-11-10,NCBA,86.0,86.0,15907.0,0.0,1368002.0,1.18,False,False
2025-11-11,NCBA,85.5,85.5,426274.0,9405.0,36446427.0,-0.58,False,False
2025-11-12,NCBA,84.5,84.5,104025.0,0.0,8790112.5,-1.17,False,False
2025-11-13,NCBA,83.25,83.25,110142.0,0.0,9169321.5,-1.48,False,False
2025-11-14,NCBA,83.0,83.0,206295.0,0.0,17122485.0,-0.3,False,False
2025-11-17,NCBA,84.0,84.0,15823.0,0.0,1329132.0,1.2,False,False
2025-11-18,NCBA,83.75,83.75,38192.0,0.0,3198580.0,-0.3,False,False
2025-11-19,NCBA,83.5,83.5,1189121.0,12450.0,99291603.5,-0.3,False,False
2025-11-20,NCBA,83.25,83.25,131298.0,-843126.0,10930558.5,-0.3,False,False
2025-11-21,NCBA,84.25,84.25,80724.0,-15249.25,6800997.0,1.2,False,False
2025-11-24,NCBA,83.75,83.75,64180.0,0.0,5375075.0,-0.59,False,False
2025-11-25,NCBA,84.75,84.75,102196.0,168.5,8661111.0,1.19,False,False
2025-11-26,NCBA,84.25,84.25,786608.0,-42000.0,66271724.0,-0.59,False,False
2025-11-27,NCBA,83.0,83.0,204427.0,0.0,16967441.0,-1.48,False,False
2025-11-28,NCBA,83.0,83.0,52943.0,0.0,4394269.0,0.0,False,False
2025-12-01,NCBA,81.0,81.0,20390.0,0.0,1651590.0,-2.41,False,False
2025-12-02,NCBA,79.25,79.25,36274.0,0.0,2874714.5,-2.16,False,False
2025-12-03,NCBA,79.25,79.25,65084.0,0.0,5157907.0,0.0,False,False
2025-12-04,NCBA,78.25,78.25,111530.0,-397686.0,8727222.5,-1.26,False,False
2025-12-05,NCBA,76.5,76.5,250993.0,0.0,19200964.5,-2.24,False,False
2025-12-08,NCBA,76.5,76.5,67939.0,0.0,5197333.5,0.0,False,False
2025-12-09,NCBA,78.0,78.0,138249.0,0.0,10783422.0,1.96,False,False
2025-12-10,NCBA,78.5,78.5,76868.0,0.0,6034138.0,0.64,False,False
2025-12-11,NCBA,79.25,79.25,44538.0,-156502.75,3529636.5,0.96,False,False
2025-12-15,NCBA,79.75,79.75,76558.0,0.0,6105500.5,0.63,False,False
2025-12-16,NCBA,79.75,79.75,25043.0,0.0,1997179.25,0.0,False,False
2025-12-17,NCBA,84.75,84.75,220241.0,0.0,18665424.75,6.27,False,False
2025-12-18,NCBA,88.75,88.75,150394.0,0.0,13347467.5,4.72,False,False
2025-12-19,NCBA,89.0,89.0,197373.0,0.0,17566197.0,0.28,False,False
2025-12-22,NCBA,88.5,88.5,226666.0,0.0,20059941.0,-0.56,False,False
2025-12-23,NCBA,83.25,83.25,224672.0,0.0,18703944.0,-5.93,False,False
2025-12-24,NCBA,83.0,83.0,207246.0,3403000.0,17201418.0,-0.3,False,False
2025-12-29,NCBA,83.25,83.25,15959.0,0.0,1328586.75,0.3,False,False
2025-12-30,NCBA,84.0,84.0,36523.0,0.0,3067932.0,0.9,False,False
2025-12-31,NCBA,84.0,84.0,331740.0,-2517867.75,27866160.0,0.0,False,False
2026-01-02,NCBA,85.0,85.0,511699.0,0.0,43494415.0,1.19,False,False
2026-01-05,NCBA,86.0,86.0,12368.0,0.0,1063648.0,1.18,False,False
2026-01-06,NCBA,90.0,90.0,503028.0,39145517.5,45272520.0,4.65,False,False
2026-01-07,NCBA,88.25,88.25,134802.0,0.0,11896276.5,-1.94,False,False
2026-01-08,NCBA,89.5,89.5,269137.0,-152150.0,24087761.5,1.42,False,False
2026-01-09,NCBA,89.0,89.0,65568.0,0.0,5835552.0,-0.56,False,False
2026-01-12,NCBA,89.25,89.25,26981.0,0.0,2408054.25,0.28,False,False
2026-01-13,NCBA,88.75,88.75,229183.0,0.0,20339991.25,-0.56,False,False
2026-01-14,NCBA,90.0,90.0,924725.0,0.0,83225250.0,1.41,False,False
2026-01-15,NCBA,90.0,90.0,187070.0,894105.0,16836300.0,0.0,False,False
2026-01-16,NCBA,90.0,90.0,619525.0,8842589.5,55757250.0,0.0,False,False
2026-01-19,NCBA,90.25,90.25,31716.0,0.0,2862369.0,0.28,False,False
2026-01-20,NCBA,90.5,90.5,169643.0,0.0,15352691.5,0.28,False,False
2026-01-21,NCBA,89.75,89.75,19254.0,20362.5,1728046.5,-0.83,False,False
2026-01-22,NCBA,98.25,98.25,676795.0,-2109843.5,66495108.75,9.47,False,False
2026-01-23,NCBA,97.5,97.5,112562.0,0.0,10974795.0,-0.76,False,False
2026-01-26,NCBA,91.25,91.25,140142.0,158890.75,12787957.5,-6.41,False,False
2026-01-27,NCBA,90.0,90.0,282609.0,212490.0,25434810.0,-1.37,False,False
2026-01-28,NCBA,94.75,94.75,359728.0,4650.0,34084228.0,5.28,False,False
2026-01-29,NCBA,92.25,92.25,42782.0,249964.0,3946639.5,-2.64,False,False
2026-01-30,NCBA,92.5,92.5,31610.0,93500.0,2923925.0,0.27,False,False
2026-02-02,NCBA,91.25,91.25,37191.0,18400.0,3393678.75,-1.35,False,False
2026-02-03,NCBA,91.0,91.0,456957.0,0.0,41583087.0,-0.27,False,False
2026-02-04,NCBA,91.75,91.75,122035.0,0.0,11196711.25,0.82,False,False
2026-02-05,NCBA,92.0,92.0,733795.0,0.0,67509140.0,0.27,False,False
2026-02-06,NCBA,92.25,92.25,68693.0,0.0,6336929.25,0.27,False,False
2026-02-09,NCBA,91.25,91.25,94488.0,0.0,8622030.0,-1.08,False,False
2026-02-10,NCBA,91.75,91.75,5317998.0,-39806547.75,487926316.5,0.55,False,False
2026-02-11,NCBA,90.25,90.25,374343.0,1192477.25,33784455.75,-1.63,False,False
2026-02-12,NCBA,90.0,90.0,125550.0,0.0,11299500.0,-0.28,False,False
2026-02-13,NCBA,89.75,89.75,342787.0,-10461698.5,30765133.25,-0.28,False,False
2026-02-16,NCBA,88.5,88.5,51881.0,2298.0,4591468.5,-1.39,False,False
2026-02-17,NCBA,88.75,88.75,178689.0,-9820253.5,15858648.75,0.28,False,False
2026-02-18,NCBA,88.25,88.25,217315.0,-49367.0,19178048.75,-0.56,False,False
2026-02-19,NCBA,89.75,89.75,1617847.0,-10544108.0,145201768.25,1.7,False,False
2026-02-20,NCBA,88.25,88.25,98058.0,105950.0,8653618.5,-1.67,False,False
2026-02-23,NCBA,88.25,88.25,242328.0,8775.0,21385446.0,0.0,False,False
2026-02-24,NCBA,90.0,90.0,172836.0,180.0,15555240.0,1.98,False,False
2026-02-25,NCBA,90.25,90.25,145610.0,90000.0,13141302.5,0.28,False,False
2026-02-26,NCBA,92.25,92.25,145610.0,465257.5,13432522.5,2.22,False,False
2026-02-27,NCBA,92.5,92.5,241935.0,0.0,22378987.5,0.27,False,False
2026-03-02,NCBA,91.5,91.5,37481.0,0.0,3429511.5,-1.08,False,False
2026-03-03,NCBA,89.5,89.5,32064.0,19498.0,2869728.0,-2.19,False,False
2026-03-04,NCBA,88.25,88.25,212372.0,245679.5,18741829.0,-1.4,False,False
2026-03-05,NCBA,87.75,87.75,118790.0,-5842416.0,10423822.5,-0.57,False,False
2026-03-06,NCBA,88.0,88.0,71052.0,-5060712.5,6252576.0,0.28,False,False
2026-03-09,NCBA,87.75,87.75,75047.0,-378665.75,6585374.25,-0.28,False,False
2026-03-10,NCBA,87.5,87.5,134992.0,-1978416.0,11811800.0,-0.28,False,False
2026-03-11,NCBA,87.75,87.75,851193.0,-5280000.0,74692185.75,0.29,False,False
2026-03-12,NCBA,88.0,88.0,606792.0,0.0,53397696.0,0.28,False,False
2026-03-13,NCBA,88.0,88.0,1142986.0,0.0,100582768.0,0.0,False,False
2026-03-16,NCBA,91.25,91.25,154792.0,90138.0,14124770.0,3.69,False,False
2026-03-17,NCBA,93.75,93.75,39168.0,0.0,3672000.0,2.74,False,False
2026-03-18,NCBA,93.25,93.25,26619.0,93000.0,2482221.75,-0.53,False,False
2026-03-19,NCBA,91.25,91.25,80970.0,895.0,7388512.5,-2.14,False,False
2026-03-23,NCBA,89.75,89.75,28087.0,-112350.0,2520808.25,-1.64,False,False
2026-03-24,NCBA,89.25,89.25,77470.0,142210.0,6914197.5,-0.56,False,False
2026-03-25,NCBA,89.0,89.0,487805.0,0.0,43414645.0,-0.28,False,False
2026-03-26,NCBA,88.25,88.25,86315.0,432696.0,7617298.75,-0.84,False,False
2026-03-27,NCBA,88.75,88.75,251934.0,-43665.0,22359142.5,0.57,False,False
2026-03-30,NCBA,89.25,89.25,81739.0,-44750.0,7295205.75,0.56,False,False
2026-03-31,NCBA,90.75,90.75,24277.0,-45375.0,2203137.75,1.68,False,False
2026-04-01,NCBA,90.25,90.25,12957.0,0.0,1169369.25,-0.55,False,False
2026-04-02,NCBA,90.25,90.25,18909.0,0.0,1706537.25,0.0,False,False
2026-04-07,NCBA,90.5,90.5,25869.0,0.0,2341144.5,0.28,False,False
2026-04-08,NCBA,90.25,90.25,64805.0,2449710.0,5848651.25,-0.28,False,False
2026-04-09,NCBA,90.5,90.5,39074.0,516870.0,3536197.0,0.28,False,False
2026-04-10,NCBA,90.0,90.0,60084.0,2501522.5,5407560.0,-0.55,False,False
2026-04-13,NCBA,90.25,90.25,63553.0,3247080.75,5735658.25,0.28,False,False
2026-04-14,NCBA,89.75,89.75,142906.0,8817754.25,12825813.5,-0.55,False,False
2026-04-15,NCBA,89.75,89.75,46023.0,334054.0,4130564.25,0.0,False,False
2026-04-16,NCBA,90.0,90.0,58447.0,1178507.25,5260230.0,0.28,False,False
2026-04-17,NCBA,89.75,89.75,109222.0,4171755.5,9802674.5,-0.28,False,False
2026-04-20,NCBA,89.75,89.75,63966.0,38143.75,5740948.5,0.0,False,False
2026-04-21,NCBA,89.5,89.5,74714.0,2697904.5,6686903.0,-0.28,False,False
2026-04-22,NCBA,89.0,89.0,141641.0,4445293.75,12606049.0,-0.56,False,False
2026-04-23,NCBA,89.0,89.0,52371.0,53400.0,4661019.0,0.0,False,False
2026-04-24,NCBA,88.75,88.75,162909.0,616175.5,14458173.75,-0.28,False,False
2026-04-27,NCBA,88.0,88.0,100973.0,1312500.0,8885624.0,-0.85,False,False
2026-04-28,NCBA,88.75,88.75,98145.0,10740.0,8710368.75,0.85,False,False
2026-04-29,NCBA,88.75,88.75,39888.0,0.0,3540060.0,0.0,False,False
2026-04-30,NCBA,89.0,89.0,65358.0,19580.0,5816862.0,0.28,False,False
2026-05-04,NCBA,87.75,87.75,75604.0,9832.5,6634251.0,-1.4,False,False
2026-05-05,NCBA,86.75,86.75,104296.0,0.0,9047678.0,-1.14,False,False
2026-05-06,NCBA,86.75,86.75,116133.0,-42500.0,10074537.75,0.0,False,False
2026-05-07,NCBA,88.5,88.5,172203.0,31150.0,15239965.5,2.02,False,False
2026-05-08,NCBA,88.25,88.25,149684.0,0.0,13209613.0,-0.28,False,False
2026-05-11,NCBA,87.5,87.5,60321.0,-509546.5,5278087.5,-0.85,False,False
2026-05-12,NCBA,87.5,87.5,105968.0,51146.5,9272200.0,0.0,False,False
2026-05-13,NCBA,88.0,88.0,91832.0,0.0,8081216.0,0.57,False,False
2026-05-14,NCBA,88.5,88.5,413938.0,-880000.0,36633513.0,0.57,False,False
2026-05-15,NCBA,88.5,88.5,161408.0,264000.0,14284608.0,0.0,False,False
2026-05-18,NCBA,88.0,88.0,102795.0,-6641052.0,9045960.0,-0.56,False,False
2026-05-19,NCBA,85.25,85.25,1750342.0,0.0,149216655.5,-3.13,False,False
2026-05-20,NCBA,88.5,88.5,41551.0,0.0,3677263.5,3.81,False,False
2026-05-21,NCBA,88.25,88.25,1387153.0,48852.0,122416252.25,-0.28,False,False
2026-05-22,NCBA,88.25,88.25,71428.0,0.0,6303521.0,0.0,False,False
2026-05-25,NCBA,88.25,88.25,149106.0,0.0,13158604.5,0.0,False,False
2026-05-26,NCBA,88.75,88.75,40756.0,0.0,3617095.0,0.57,False,False
2026-05-28,NCBA,88.5,88.5,67278.0,0.0,5954103.0,-0.28,False,False
2026-05-29,NCBA,87.25,87.25,571384.0,34810.0,49853254.0,-1.41,False,False
2026-06-02,NCBA,88.0,88.0,64445.0,0.0,5671160.0,0.86,False,False
2026-06-03,NCBA,88.0,88.0,101100.0,0.0,8896800.0,0.0,False,False
2026-06-04,NCBA,88.75,88.75,3407923.0,179000.0,302453166.25,0.85,False,False
2026-06-05,NCBA,88.25,88.25,421495.0,4455335.0,37196933.75,-0.56,False,False
2026-06-08,NCBA,88.25,88.25,247405.0,-887500.0,21833491.25,0.0,False,False
2026-06-09,NCBA,88.75,88.75,173387.0,951761.5,15388096.25,0.57,False,False
2026-06-10,NCBA,88.5,88.5,51977.0,0.0,4599964.5,-0.28,False,False
2026-06-11,NCBA,89.0,89.0,70007.0,0.0,6230623.0,0.56,False,False
2026-06-12,NCBA,88.25,88.25,116359.0,36117.5,10268681.75,-0.84,False,False
2026-06-15,NCBA,88.25,88.25,494933.0,3159245.0,43677837.25,0.0,False,False
2026-06-16,NCBA,88.0,88.0,2514085.0,0.0,221239480.0,-0.28,False,False
2026-06-17,NCBA,88.25,88.25,6554687.0,0.0,578451127.75,0.28,False,False
2026-06-18,NCBA,89.0,89.0,34874.0,0.0,3103786.0,0.85,False,False
2026-06-19,NCBA,90.0,90.0,5638843.0,-1795000.0,507495870.0,1.12,False,False
2026-06-22,NCBA,91.25,91.25,97964.0,0.0,8939215.0,1.39,False,False
2026-06-23,NCBA,92.5,92.5,147611.0,598000.0,13654017.5,1.37,False,False
2026-06-24,NCBA,92.25,92.25,44163.0,276000.0,4074036.75,-0.27,False,False
2026-06-25,NCBA,91.75,91.75,28838.0,-954300.0,2645886.5,-0.54,False,False
2026-06-26,NCBA,91.75,91.75,108626.0,-365000.0,9966435.5,0.0,False,False
2026-06-29,NCBA,91.0,91.0,78133.0,238618.75,7110103.0,-0.82,False,False
