Date,Security,Price (KES),Volume,Net Foreign Flow,Change %,,
6/29/2026,KCB Group Ltd Ord 1.00,KES 76.75,2839430,-65,690,20,0.99%
6/29/2026,Absa Bank Kenya Plc Ord 0.50,KES 32.05,2685016,1,186,353,-1.38%
6/29/2026,NCBA Bank Ltd Ord 5.00,KES 91.00,78133,238,618.75,-0.82%,
6/29/2026,Equity Group Holdings Ltd Ord 0.50,KES 79.25,35910479,154,966,942.75,-0.63%
6/29/2026,The Co-operative Bank of Kenya Ltd Ord 1.00,KES 34.45,425148,389,642.95,-0.14%,
6/26/2026,Absa Bank Kenya Plc Ord 0.50,KES 32.50,360313,3,474,537.5,0.62%
6/26/2026,KCB Group Ltd Ord 1.00,KES 76.00,472584,9,964,963,2.01%
6/26/2026,The Co-operative Bank of Kenya Ltd Ord 1.00,KES 34.50,1917529,1,605,722.05,-0.86%
6/26/2026,Equity Group Holdings Ltd Ord 0.50,KES 79.75,8802784,349,159,397,0.95%
6/26/2026,NCBA Bank Ltd Ord 5.00,KES 91.75,108626,-365,0,0.00%,
6/25/2026,NCBA Bank Ltd Ord 5.00,KES 91.75,28838,-954,300,-0.54%,
6/25/2026,Absa Bank Kenya Plc Ord 0.50,KES 32.30,142070,406,44.9,0.31%,
6/25/2026,Equity Group Holdings Ltd Ord 0.50,KES 79.00,293056,-15,696,217.75,0.32%
6/25/2026,The Co-operative Bank of Kenya Ltd Ord 1.00,KES 34.80,1308502,119,0,1.75%,
6/25/2026,KCB Group Ltd Ord 1.00,KES 74.50,1634375,-18,388,708,0.68%
6/24/2026,Equity Group Holdings Ltd Ord 0.50,KES 78.75,2663490,59,16,350,0.00%
6/24/2026,The Co-operative Bank of Kenya Ltd Ord 1.00,KES 34.20,574972,272,332.3,-3.80%,
6/24/2026,Absa Bank Kenya Plc Ord 0.50,KES 32.20,174697,190,294,-0.92%,
6/24/2026,NCBA Bank Ltd Ord 5.00,KES 92.25,44163,276,0,-0.27%,
6/24/2026,KCB Group Ltd Ord 1.00,KES 74.00,4367057,-170,571,283.75,0.00%
6/23/2026,The Co-operative Bank of Kenya Ltd Ord 1.00,KES 35.55,950484,-159,376.2,2.30%,
6/23/2026,KCB Group Ltd Ord 1.00,KES 74.00,3958185,14,501,211.25,0.00%
6/23/2026,Absa Bank Kenya Plc Ord 0.50,KES 32.50,3294335,79,878,941.35,-0.15%
6/23/2026,NCBA Bank Ltd Ord 5.00,KES 92.50,147611,598,0,1.37%,
6/23/2026,Equity Group Holdings Ltd Ord 0.50,KES 78.75,4677745,188,329,56,-0.32%
6/22/2026,The Co-operative Bank of Kenya Ltd Ord 1.00,KES 34.75,394701,4,358,63.2,4.35%
6/22/2026,Absa Bank Kenya Plc Ord 0.50,KES 32.55,1146207,3,450,233.4,5.85%
6/22/2026,Equity Group Holdings Ltd Ord 0.50,KES 79.00,28921302,19,560,880,-1.25%
6/22/2026,NCBA Bank Ltd Ord 5.00,KES 91.25,97964,0,1.39%,,
6/22/2026,KCB Group Ltd Ord 1.00,KES 74.00,1931179,-111,803,528.5,1.02%
6/19/2026,The Co-operative Bank of Kenya Ltd Ord 1.00,KES 33.30,1355896,196,60.5,1.83%,
6/19/2026,KCB Group Ltd Ord 1.00,KES 73.25,4230093,-82,993,434,1.74%
6/19/2026,NCBA Bank Ltd Ord 5.00,KES 90.00,5638843,-1,795,0,1.12%
6/19/2026,Equity Group Holdings Ltd Ord 0.50,KES 80.00,976260,46,584,916.5,1.27%
6/19/2026,Absa Bank Kenya Plc Ord 0.50,KES 30.75,3497249,-108,340,4.59%,
6/18/2026,Equity Group Holdings Ltd Ord 0.50,KES 79.00,2021423,4,12,108,0.00%
6/18/2026,KCB Group Ltd Ord 1.00,KES 72.00,4037358,-279,899,737,0.35%
6/18/2026,The Co-operative Bank of Kenya Ltd Ord 1.00,KES 32.70,670009,88,145.3,3.65%,
6/18/2026,Absa Bank Kenya Plc Ord 0.50,KES 29.40,560572,77,836.2,0.68%,
6/18/2026,NCBA Bank Ltd Ord 5.00,KES 89.00,34874,0,0.85%,,
6/17/2026,The Co-operative Bank of Kenya Ltd Ord 1.00,KES 31.55,2385239,8,277.55,0.64%,
6/17/2026,Equity Group Holdings Ltd Ord 0.50,KES 79.00,184655,-5,544,373.5,2.27%
6/17/2026,KCB Group Ltd Ord 1.00,KES 71.75,1068084,-1,606,907,1.41%
6/17/2026,Absa Bank Kenya Plc Ord 0.50,KES 29.20,1929619,0,-0.34%,,
6/17/2026,NCBA Bank Ltd Ord 5.00,KES 88.25,6554687,0,0.28%,,
6/16/2026,KCB Group Ltd Ord 1.00,KES 70.75,1859550,-14,173,53.25,-0.35%
6/16/2026,The Co-operative Bank of Kenya Ltd Ord 1.00,KES 31.35,2346287,-3,180,-1.72%,
6/16/2026,Equity Group Holdings Ltd Ord 0.50,KES 77.25,3826724,9,584,40,0.98%
6/16/2026,Absa Bank Kenya Plc Ord 0.50,KES 29.30,475135,0,1.74%,,
6/16/2026,NCBA Bank Ltd Ord 5.00,KES 88.00,2514085,0,-0.28%,,
6/15/2026,Equity Group Holdings Ltd Ord 0.50,KES 76.50,2678280,156,462,258,1.32%
6/15/2026,KCB Group Ltd Ord 1.00,KES 71.00,2657968,54,146,639.5,2.53%
6/15/2026,Absa Bank Kenya Plc Ord 0.50,KES 28.80,188428,4,560,2.13%,
6/15/2026,NCBA Bank Ltd Ord 5.00,KES 88.25,494933,3,159,245,0.00%
6/15/2026,The Co-operative Bank of Kenya Ltd Ord 1.00,KES 31.90,1034455,0,0.63%,,
6/12/2026,NCBA Bank Ltd Ord 5.00,KES 88.25,116359,36,117.5,-0.84%,
6/12/2026,KCB Group Ltd Ord 1.00,KES 69.25,470851,3,221,597,0.00%
6/12/2026,Equity Group Holdings Ltd Ord 0.50,KES 75.50,136221,-2,427,856,0.33%
6/12/2026,The Co-operative Bank of Kenya Ltd Ord 1.00,KES 31.70,981116,0,1.28%,,
6/12/2026,Absa Bank Kenya Plc Ord 0.50,KES 28.20,853065,5,665,-1.23%,
6/11/2026,The Co-operative Bank of Kenya Ltd Ord 1.00,KES 31.30,1398586,0,0.81%,,
6/11/2026,Equity Group Holdings Ltd Ord 0.50,KES 75.25,1315537,43,135,638.75,-0.66%
6/11/2026,Absa Bank Kenya Plc Ord 0.50,KES 28.55,267325,284.5,-0.17%,,
6/11/2026,KCB Group Ltd Ord 1.00,KES 69.25,189153,24,237.5,0.00%,
6/11/2026,NCBA Bank Ltd Ord 5.00,KES 89.00,70007,0,0.56%,,
6/10/2026,NCBA Bank Ltd Ord 5.00,KES 88.50,51977,0,-0.28%,,
6/10/2026,KCB Group Ltd Ord 1.00,KES 69.25,476532,-15,221,820,-0.36%
6/10/2026,The Co-operative Bank of Kenya Ltd Ord 1.00,KES 31.05,214702,0,-0.64%,,
6/10/2026,Equity Group Holdings Ltd Ord 0.50,KES 75.75,657905,35,354,786.75,0.33%
6/10/2026,Absa Bank Kenya Plc Ord 0.50,KES 28.60,181961,-169,625,1.42%,
6/9/2026,NCBA Bank Ltd Ord 5.00,KES 88.75,173387,951,761.5,0.57%,
6/9/2026,KCB Group Ltd Ord 1.00,KES 69.50,470692,-1,37,297.5,-0.71%
6/9/2026,Equity Group Holdings Ltd Ord 0.50,KES 75.50,1705015,1,588,876.25,-1.95%
6/9/2026,The Co-operative Bank of Kenya Ltd Ord 1.00,KES 31.25,252458,18,278.75,-0.64%,
6/9/2026,Absa Bank Kenya Plc Ord 0.50,KES 28.20,1536217,2,684,467.05,-2.76%
6/8/2026,KCB Group Ltd Ord 1.00,KES 70.00,748289,7,33,998.25,-1.06%
6/8/2026,Absa Bank Kenya Plc Ord 0.50,KES 29.00,294990,1,865.6,-0.17%,
6/8/2026,NCBA Bank Ltd Ord 5.00,KES 88.25,247405,-887,500,0.00%,
6/8/2026,Equity Group Holdings Ltd Ord 0.50,KES 77.00,1421229,79,417,820.25,-0.32%
6/8/2026,The Co-operative Bank of Kenya Ltd Ord 1.00,KES 31.45,790255,6,406,51.2,-1.56%
6/5/2026,KCB Group Ltd Ord 1.00,KES 70.75,1629749,-54,951,470.25,1.80%
6/5/2026,Absa Bank Kenya Plc Ord 0.50,KES 29.05,828311,0,0.00%,,
6/5/2026,The Co-operative Bank of Kenya Ltd Ord 1.00,KES 31.95,387226,3,200,0,0.47%
6/5/2026,Equity Group Holdings Ltd Ord 0.50,KES 77.25,3162767,212,552,123.5,-0.32%
6/5/2026,NCBA Bank Ltd Ord 5.00,KES 88.25,421495,4,455,335,-0.56%
6/4/2026,Absa Bank Kenya Plc Ord 0.50,KES 29.05,433117,145,0,0.17%,
6/4/2026,Equity Group Holdings Ltd Ord 0.50,KES 77.50,1102037,37,665,59,1.64%
6/4/2026,NCBA Bank Ltd Ord 5.00,KES 88.75,3407923,179,0,0.85%,
6/4/2026,KCB Group Ltd Ord 1.00,KES 69.50,2866004,-28,929,157.75,2.21%
6/4/2026,The Co-operative Bank of Kenya Ltd Ord 1.00,KES 31.80,540768,1,590,0,-0.31%
6/3/2026,Equity Group Holdings Ltd Ord 0.50,KES 76.25,1278761,83,877,637,1.33%
6/3/2026,KCB Group Ltd Ord 1.00,KES 68.00,1457954,-16,962,260,0.74%
6/3/2026,NCBA Bank Ltd Ord 5.00,KES 88.00,101100,0,0.00%,,
6/3/2026,The Co-operative Bank of Kenya Ltd Ord 1.00,KES 31.90,1001694,3,168,-0.31%,
6/3/2026,Absa Bank Kenya Plc Ord 0.50,KES 29.00,712690,0,0.87%,,
6/2/2026,Absa Bank Kenya Plc Ord 0.50,KES 28.75,331866,164,344.95,0.00%,
6/2/2026,KCB Group Ltd Ord 1.00,KES 67.50,586413,-196,108,1.12%,
6/2/2026,NCBA Bank Ltd Ord 5.00,KES 88.00,64445,0,0.86%,,
6/2/2026,Equity Group Holdings Ltd Ord 0.50,KES 75.25,1220515,55,330,135,1.35%
6/2/2026,The Co-operative Bank of Kenya Ltd Ord 1.00,KES 32.00,548474,9,600,-0.31%,
5/29/2026,NCBA Bank Ltd Ord 5.00,KES 87.25,571384,34,810,-1.41%,
5/29/2026,Equity Group Holdings Ltd Ord 0.50,KES 74.25,9797175,405,108,501.75,2.41%
5/29/2026,KCB Group Ltd Ord 1.00,KES 66.75,27877685,928,243,876.75,0.38%
5/29/2026,Absa Bank Kenya Plc Ord 0.50,KES 28.75,272842,-3,79,776.05,-1.88%
5/29/2026,The Co-operative Bank of Kenya Ltd Ord 1.00,KES 32.10,570048,-3,966,234.75,1.10%
5/28/2026,Absa Bank Kenya Plc Ord 0.50,KES 29.30,135155,102,965.2,-0.68%,
5/28/2026,KCB Group Ltd Ord 1.00,KES 66.50,1404589,-2,453,717,0.00%
5/28/2026,The Co-operative Bank of Kenya Ltd Ord 1.00,KES 31.75,316072,28,440,-0.16%,
5/28/2026,NCBA Bank Ltd Ord 5.00,KES 88.50,67278,0,-0.28%,,
5/28/2026,Equity Group Holdings Ltd Ord 0.50,KES 72.50,3724669,117,619,81.25,1.75%
5/26/2026,Absa Bank Kenya Plc Ord 0.50,KES 29.50,1614389,-31,949,125,0.00%
5/26/2026,KCB Group Ltd Ord 1.00,KES 66.50,1030806,2,123,177.75,0.00%
5/26/2026,The Co-operative Bank of Kenya Ltd Ord 1.00,KES 31.80,153982,-258,283.55,-1.40%,
5/26/2026,NCBA Bank Ltd Ord 5.00,KES 88.75,40756,0,0.57%,,
5/26/2026,Equity Group Holdings Ltd Ord 0.50,KES 71.25,817490,89,858.75,0.35%,
5/25/2026,Absa Bank Kenya Plc Ord 0.50,KES 29.50,71923,0,2.61%,,
5/25/2026,The Co-operative Bank of Kenya Ltd Ord 1.00,KES 32.25,1032194,1,500,0.00%,
5/25/2026,NCBA Bank Ltd Ord 5.00,KES 88.25,149106,0,0.00%,,
5/25/2026,KCB Group Ltd Ord 1.00,KES 66.50,951387,7,162,425,-0.37%
5/25/2026,Equity Group Holdings Ltd Ord 0.50,KES 71.00,1848148,-35,757,94.5,-6.58%
5/22/2026,Equity Group Holdings Ltd Ord 0.50,KES 76.00,4707390,-131,561,814.75,1.00%
5/22/2026,KCB Group Ltd Ord 1.00,KES 66.75,449819,3,609,972.75,0.00%
5/22/2026,Absa Bank Kenya Plc Ord 0.50,KES 28.75,1276634,-31,949,730.5,0.00%
5/22/2026,The Co-operative Bank of Kenya Ltd Ord 1.00,KES 32.25,493233,0,-0.31%,,
5/22/2026,NCBA Bank Ltd Ord 5.00,KES 88.25,71428,0,0.00%,,
5/21/2026,NCBA Bank Ltd Ord 5.00,KES 88.25,1387153,48,852,-0.28%,
5/21/2026,Equity Group Holdings Ltd Ord 0.50,KES 75.25,3532462,-13,593,217.75,0.00%
5/21/2026,KCB Group Ltd Ord 1.00,KES 66.75,581635,-116,750,0.00%,
5/21/2026,The Co-operative Bank of Kenya Ltd Ord 1.00,KES 32.35,708231,642,-0.61%,,
5/21/2026,Absa Bank Kenya Plc Ord 0.50,KES 28.75,2930608,-77,986,243.75,0.52%
5/20/2026,NCBA Bank Ltd Ord 5.00,KES 88.50,41551,0,3.81%,,
5/20/2026,Equity Group Holdings Ltd Ord 0.50,KES 75.25,1250752,-13,244,0,0.00%
5/20/2026,KCB Group Ltd Ord 1.00,KES 66.75,2742962,-138,628,350,0.00%
5/20/2026,The Co-operative Bank of Kenya Ltd Ord 1.00,KES 32.55,692639,0,0.31%,,
5/20/2026,Absa Bank Kenya Plc Ord 0.50,KES 28.60,2075191,-45,760,0,0.00%
5/19/2026,KCB Group Ltd Ord 1.00,KES 66.75,827649,39,198,767.5,0.38%
5/19/2026,NCBA Bank Ltd Ord 5.00,KES 85.25,1750342,0,-3.13%,,
5/19/2026,Equity Group Holdings Ltd Ord 0.50,KES 75.25,2300189,81,327,223.5,-0.33%
5/19/2026,The Co-operative Bank of Kenya Ltd Ord 1.00,KES 32.45,840083,-37,924,1.56%,
5/19/2026,Absa Bank Kenya Plc Ord 0.50,KES 28.60,110356,-43,460.8,1.78%,
5/18/2026,Equity Group Holdings Ltd Ord 0.50,KES 75.50,113762,625,307.25,0.67%,
5/18/2026,KCB Group Ltd Ord 1.00,KES 66.50,262277,-2,77,892,-0.37%
5/18/2026,Absa Bank Kenya Plc Ord 0.50,KES 28.10,1345062,167,743.5,-2.26%,
5/18/2026,NCBA Bank Ltd Ord 5.00,KES 88.00,102795,-6,641,52,-0.56%
5/18/2026,The Co-operative Bank of Kenya Ltd Ord 1.00,KES 31.95,578404,146,954,-1.69%,
5/15/2026,NCBA Bank Ltd Ord 5.00,KES 88.50,161408,264,0,0.00%,
5/15/2026,KCB Group Ltd Ord 1.00,KES 66.75,146305,-5,958,323.75,0.00%
5/15/2026,Equity Group Holdings Ltd Ord 0.50,KES 75.00,1689879,99,996,500.25,0.00%
5/15/2026,Absa Bank Kenya Plc Ord 0.50,KES 28.75,54311,75,646.35,-1.20%,
5/15/2026,The Co-operative Bank of Kenya Ltd Ord 1.00,KES 32.50,1943944,6,505,253.5,-0.46%
5/14/2026,Absa Bank Kenya Plc Ord 0.50,KES 29.10,141302,43,200,-1.02%,
5/14/2026,The Co-operative Bank of Kenya Ltd Ord 1.00,KES 32.65,928927,6,312,402.5,3.32%
5/14/2026,KCB Group Ltd Ord 1.00,KES 66.75,527393,-3,98,868,-0.37%
5/14/2026,Equity Group Holdings Ltd Ord 0.50,KES 75.00,2775516,-101,986,996.75,0.67%
5/14/2026,NCBA Bank Ltd Ord 5.00,KES 88.50,413938,-880,0,0.57%,
5/13/2026,Absa Bank Kenya Plc Ord 0.50,KES 29.40,79900,-58,874,2.26%,
5/13/2026,The Co-operative Bank of Kenya Ltd Ord 1.00,KES 31.60,1329662,-3,196,615.35,0.64%
5/13/2026,KCB Group Ltd Ord 1.00,KES 67.00,321288,-1,401,449.75,0.37%
5/13/2026,NCBA Bank Ltd Ord 5.00,KES 88.00,91832,0,0.57%,,
5/13/2026,Equity Group Holdings Ltd Ord 0.50,KES 74.50,1964084,-43,637,192.75,-0.33%
5/12/2026,The Co-operative Bank of Kenya Ltd Ord 1.00,KES 31.40,349729,-56,533,4.67%,
5/12/2026,Equity Group Holdings Ltd Ord 0.50,KES 74.75,3155348,-187,662,481.25,0.00%
5/12/2026,NCBA Bank Ltd Ord 5.00,KES 87.50,105968,51,146.5,0.00%,
5/12/2026,KCB Group Ltd Ord 1.00,KES 66.75,416509,-13,282,799,0.00%
5/12/2026,Absa Bank Kenya Plc Ord 0.50,KES 28.75,3069692,-81,428,316.1,1.05%
5/11/2026,NCBA Bank Ltd Ord 5.00,KES 87.50,60321,-509,546.5,-0.85%,
5/11/2026,Absa Bank Kenya Plc Ord 0.50,KES 28.45,216159,14,150,1.25%,
5/11/2026,Equity Group Holdings Ltd Ord 0.50,KES 74.75,1416764,-90,534,712,0.00%
5/11/2026,KCB Group Ltd Ord 1.00,KES 66.75,832126,33,361,650,0.00%
5/11/2026,The Co-operative Bank of Kenya Ltd Ord 1.00,KES 30.00,358996,-66,55,2.04%,
5/8/2026,NCBA Bank Ltd Ord 5.00,KES 88.25,149684,0,-0.28%,,
5/8/2026,KCB Group Ltd Ord 1.00,KES 66.75,3332140,26,940,725,-0.37%
5/8/2026,Absa Bank Kenya Plc Ord 0.50,KES 28.10,213743,-123,440,-1.75%,
5/8/2026,The Co-operative Bank of Kenya Ltd Ord 1.00,KES 29.40,116400,-36,875,0.34%,
5/8/2026,Equity Group Holdings Ltd Ord 0.50,KES 74.75,1379156,-83,376,924.75,0.34%
5/7/2026,Absa Bank Kenya Plc Ord 0.50,KES 28.60,434555,85,700,0.53%,
5/7/2026,KCB Group Ltd Ord 1.00,KES 67.00,1240112,-6,653,464,0.00%
5/7/2026,NCBA Bank Ltd Ord 5.00,KES 88.50,172203,31,150,2.02%,
5/7/2026,Equity Group Holdings Ltd Ord 0.50,KES 74.50,2800539,-184,395,829.25,-0.67%
5/7/2026,The Co-operative Bank of Kenya Ltd Ord 1.00,KES 29.30,187628,-56,809.05,0.00%,
5/6/2026,Absa Bank Kenya Plc Ord 0.50,KES 28.45,268064,-141,750,0.71%,
5/6/2026,Equity Group Holdings Ltd Ord 0.50,KES 75.00,6972449,15,33,138.75,0.67%
5/6/2026,KCB Group Ltd Ord 1.00,KES 67.00,4159101,-63,528,617.5,-0.74%
5/6/2026,The Co-operative Bank of Kenya Ltd Ord 1.00,KES 29.30,2947888,-2,90.95,0.17%,
5/6/2026,NCBA Bank Ltd Ord 5.00,KES 86.75,116133,-42,500,0.00%,
5/5/2026,The Co-operative Bank of Kenya Ltd Ord 1.00,KES 29.25,190375,1,874.5,-1.02%,
5/5/2026,KCB Group Ltd Ord 1.00,KES 67.50,191512,67,162.5,0.00%,
5/5/2026,Absa Bank Kenya Plc Ord 0.50,KES 28.25,200268,3,577,-0.70%,
5/5/2026,NCBA Bank Ltd Ord 5.00,KES 86.75,104296,0,-1.14%,,
5/5/2026,Equity Group Holdings Ltd Ord 0.50,KES 74.50,970261,-57,866,799.25,0.00%
5/4/2026,Equity Group Holdings Ltd Ord 0.50,KES 74.50,1625344,-22,674,412.25,1.36%
5/4/2026,KCB Group Ltd Ord 1.00,KES 67.50,622298,-392,565.25,0.75%,
5/4/2026,The Co-operative Bank of Kenya Ltd Ord 1.00,KES 29.55,359327,2,920,602.45,-5.59%
5/4/2026,NCBA Bank Ltd Ord 5.00,KES 87.75,75604,9,832.5,-1.40%,
5/4/2026,Absa Bank Kenya Plc Ord 0.50,KES 28.45,371566,0,-6.72%,,
4/30/2026,NCBA Bank Ltd Ord 5.00,KES 89.00,65358,19,580,0.28%,
4/30/2026,KCB Group Ltd Ord 1.00,KES 67.00,1722139,-39,557,417.25,-0.37%
4/30/2026,Equity Group Holdings Ltd Ord 0.50,KES 73.50,5710200,-183,872,276.75,-0.68%
4/30/2026,Absa Bank Kenya Plc Ord 0.50,KES 30.50,1050994,839,30,-1.13%,
4/30/2026,The Co-operative Bank of Kenya Ltd Ord 1.00,KES 31.30,240179,29,11.9,-0.95%,
4/29/2026,Equity Group Holdings Ltd Ord 0.50,KES 74.00,999590,-646,601.5,-0.34%,
4/29/2026,The Co-operative Bank of Kenya Ltd Ord 1.00,KES 31.60,125215,87,920,-0.94%,
4/29/2026,Absa Bank Kenya Plc Ord 0.50,KES 30.85,295381,0,-0.48%,,
4/29/2026,NCBA Bank Ltd Ord 5.00,KES 88.75,39888,0,0.00%,,
4/29/2026,KCB Group Ltd Ord 1.00,KES 67.25,658767,-18,979,812.5,-1.10%
4/28/2026,NCBA Bank Ltd Ord 5.00,KES 88.75,98145,10,740,0.85%,
4/28/2026,Equity Group Holdings Ltd Ord 0.50,KES 74.25,3653393,-114,451,142,-0.67%
4/28/2026,KCB Group Ltd Ord 1.00,KES 68.00,381172,-13,118,984.75,-0.37%
4/28/2026,Absa Bank Kenya Plc Ord 0.50,KES 31.00,703418,9,330,0.00%,
4/28/2026,The Co-operative Bank of Kenya Ltd Ord 1.00,KES 31.90,349588,3,190,636,-1.24%
4/27/2026,NCBA Bank Ltd Ord 5.00,KES 88.00,100973,1,312,500,-0.85%
4/27/2026,The Co-operative Bank of Kenya Ltd Ord 1.00,KES 32.30,689491,0,0.31%,,
4/27/2026,KCB Group Ltd Ord 1.00,KES 68.25,416783,458,790,-0.36%,
4/27/2026,Absa Bank Kenya Plc Ord 0.50,KES 31.00,1454458,-20,150,0,1.64%
4/27/2026,Equity Group Holdings Ltd Ord 0.50,KES 74.75,1272117,-55,557,169,-0.33%
4/24/2026,Absa Bank Kenya Plc Ord 0.50,KES 30.50,1181338,-30,379,691.8,0.16%
4/24/2026,Equity Group Holdings Ltd Ord 0.50,KES 75.00,1007398,-69,672,571.5,0.33%
4/24/2026,KCB Group Ltd Ord 1.00,KES 68.50,530350,136,500,0.00%,
4/24/2026,The Co-operative Bank of Kenya Ltd Ord 1.00,KES 32.20,461433,30,976,-1.08%,
4/24/2026,NCBA Bank Ltd Ord 5.00,KES 88.75,162909,616,175.5,-0.28%,
4/23/2026,NCBA Bank Ltd Ord 5.00,KES 89.00,52371,53,400,0.00%,
4/23/2026,Equity Group Holdings Ltd Ord 0.50,KES 74.75,1103370,-16,927,662,-0.99%
4/23/2026,Absa Bank Kenya Plc Ord 0.50,KES 30.45,506580,-7,604,977.75,-0.65%
4/23/2026,KCB Group Ltd Ord 1.00,KES 68.50,2182154,-8,163,257.5,-1.08%
4/23/2026,The Co-operative Bank of Kenya Ltd Ord 1.00,KES 32.55,2229205,131,234,-1.06%,
4/22/2026,Equity Group Holdings Ltd Ord 0.50,KES 75.50,616151,-9,836,851.25,-0.66%
4/22/2026,KCB Group Ltd Ord 1.00,KES 69.25,426270,-1,650,528.5,-0.72%
4/22/2026,Absa Bank Kenya Plc Ord 0.50,KES 30.65,490609,-1,67,134.3,-1.45%
4/22/2026,NCBA Bank Ltd Ord 5.00,KES 89.00,141641,4,445,293.75,-0.56%
4/22/2026,The Co-operative Bank of Kenya Ltd Ord 1.00,KES 32.90,2815492,-1,160,715.3,2.17%
4/21/2026,KCB Group Ltd Ord 1.00,KES 69.75,568587,16,813,986,0.00%
4/21/2026,The Co-operative Bank of Kenya Ltd Ord 1.00,KES 32.20,806807,-1,647,298.8,-0.31%
4/21/2026,NCBA Bank Ltd Ord 5.00,KES 89.50,74714,2,697,904.5,-0.28%
4/21/2026,Absa Bank Kenya Plc Ord 0.50,KES 31.10,226420,0,0.16%,,
4/21/2026,Equity Group Holdings Ltd Ord 0.50,KES 76.00,536267,-15,800,905,0.00%
4/20/2026,Absa Bank Kenya Plc Ord 0.50,KES 31.05,1263597,-34,89,111.5,-1.27%
4/20/2026,NCBA Bank Ltd Ord 5.00,KES 89.75,63966,38,143.75,0.00%,
4/20/2026,KCB Group Ltd Ord 1.00,KES 69.75,669360,33,652,892,0.72%
4/20/2026,The Co-operative Bank of Kenya Ltd Ord 1.00,KES 32.30,483836,-3,300,0,-0.62%
4/20/2026,Equity Group Holdings Ltd Ord 0.50,KES 76.00,391337,-3,265,264,1.33%
4/17/2026,Equity Group Holdings Ltd Ord 0.50,KES 75.00,3472438,99,583,692.75,0.33%
4/17/2026,KCB Group Ltd Ord 1.00,KES 69.25,477142,18,629,596.5,0.36%
4/17/2026,Absa Bank Kenya Plc Ord 0.50,KES 31.45,161129,1,575,-0.32%,
4/17/2026,NCBA Bank Ltd Ord 5.00,KES 89.75,109222,4,171,755.5,-0.28%
4/17/2026,The Co-operative Bank of Kenya Ltd Ord 1.00,KES 32.50,679032,-3,259,46.6,0.31%
4/16/2026,Equity Group Holdings Ltd Ord 0.50,KES 74.75,789715,3,112,314.25,0.00%
4/16/2026,The Co-operative Bank of Kenya Ltd Ord 1.00,KES 32.40,772043,674,375,1.41%,
4/16/2026,NCBA Bank Ltd Ord 5.00,KES 90.00,58447,1,178,507.25,0.28%
4/16/2026,Absa Bank Kenya Plc Ord 0.50,KES 31.55,81993,0,1.45%,,
4/16/2026,KCB Group Ltd Ord 1.00,KES 69.00,416248,-664,956,-0.72%,
4/15/2026,NCBA Bank Ltd Ord 5.00,KES 89.75,46023,334,54,0.00%,
4/15/2026,Equity Group Holdings Ltd Ord 0.50,KES 74.75,2667599,39,272,279,-0.66%
4/15/2026,The Co-operative Bank of Kenya Ltd Ord 1.00,KES 31.95,548875,9,750,0.16%,
4/15/2026,Absa Bank Kenya Plc Ord 0.50,KES 31.10,199292,0,0.48%,,
4/15/2026,KCB Group Ltd Ord 1.00,KES 69.50,1954360,118,251,17.75,-0.36%
4/14/2026,NCBA Bank Ltd Ord 5.00,KES 89.75,142906,8,817,754.25,-0.55%
4/14/2026,KCB Group Ltd Ord 1.00,KES 69.75,280531,-683,574.75,-0.36%,
4/14/2026,Equity Group Holdings Ltd Ord 0.50,KES 75.25,438029,-3,828,859.5,1.69%
4/14/2026,Absa Bank Kenya Plc Ord 0.50,KES 30.95,205470,-290,930,0.32%,
4/14/2026,The Co-operative Bank of Kenya Ltd Ord 1.00,KES 31.90,519504,13,504,2.24%,
4/13/2026,NCBA Bank Ltd Ord 5.00,KES 90.25,63553,3,247,80.75,0.28%
4/13/2026,KCB Group Ltd Ord 1.00,KES 70.00,1005853,-20,566,987.5,-1.41%
4/13/2026,Equity Group Holdings Ltd Ord 0.50,KES 74.00,1353239,-1,189,25.25,-0.34%
4/13/2026,The Co-operative Bank of Kenya Ltd Ord 1.00,KES 31.20,615153,0,0.97%,,
4/13/2026,Absa Bank Kenya Plc Ord 0.50,KES 30.85,187013,6,50,-0.16%,
4/10/2026,Equity Group Holdings Ltd Ord 0.50,KES 74.25,1859347,-13,705,103.75,1.37%
4/10/2026,The Co-operative Bank of Kenya Ltd Ord 1.00,KES 30.90,1403169,0,0.49%,,
4/10/2026,Absa Bank Kenya Plc Ord 0.50,KES 30.90,267751,0,0.16%,,
4/10/2026,KCB Group Ltd Ord 1.00,KES 71.00,317275,-5,368,121.75,1.07%
4/10/2026,NCBA Bank Ltd Ord 5.00,KES 90.00,60084,2,501,522.5,-0.55%
4/9/2026,Absa Bank Kenya Plc Ord 0.50,KES 30.85,294957,0,-0.32%,,
4/9/2026,KCB Group Ltd Ord 1.00,KES 70.25,5431787,-164,666,59.75,1.08%
4/9/2026,Equity Group Holdings Ltd Ord 0.50,KES 73.25,4102121,-228,120,942.75,2.45%
4/9/2026,NCBA Bank Ltd Ord 5.00,KES 90.50,39074,516,870,0.28%,
4/9/2026,The Co-operative Bank of Kenya Ltd Ord 1.00,KES 30.75,879108,0,2.50%,,
4/8/2026,The Co-operative Bank of Kenya Ltd Ord 1.00,KES 30.00,686820,5,886.15,4.35%,
4/8/2026,Absa Bank Kenya Plc Ord 0.50,KES 30.95,1357393,-31,0,0,3.69%
4/8/2026,NCBA Bank Ltd Ord 5.00,KES 90.25,64805,2,449,710,-0.28%
4/8/2026,KCB Group Ltd Ord 1.00,KES 69.50,2909052,-51,786,721,2.96%
4/8/2026,Equity Group Holdings Ltd Ord 0.50,KES 71.50,2647989,-148,126,203.5,2.14%
4/7/2026,The Co-operative Bank of Kenya Ltd Ord 1.00,KES 28.75,234077,-5,586.75,0.17%,
4/7/2026,Absa Bank Kenya Plc Ord 0.50,KES 29.85,183935,253,300,0.84%,
4/7/2026,Equity Group Holdings Ltd Ord 0.50,KES 70.00,3575249,59,574,652.75,1.08%
4/7/2026,NCBA Bank Ltd Ord 5.00,KES 90.50,25869,0,0.28%,,
4/7/2026,KCB Group Ltd Ord 1.00,KES 67.50,462103,5,25,-1.10%,
4/2/2026,Equity Group Holdings Ltd Ord 0.50,KES 69.25,1588499,6,222,301.5,0.36%
4/2/2026,The Co-operative Bank of Kenya Ltd Ord 1.00,KES 28.70,463530,62,993,4.36%,
4/2/2026,KCB Group Ltd Ord 1.00,KES 68.25,1798963,-40,282,604.5,-0.73%
4/2/2026,NCBA Bank Ltd Ord 5.00,KES 90.25,18909,0,0.00%,,
4/2/2026,Absa Bank Kenya Plc Ord 0.50,KES 29.60,263542,0,2.42%,,
4/1/2026,KCB Group Ltd Ord 1.00,KES 68.75,2159779,-9,886,835.75,1.48%
4/1/2026,Equity Group Holdings Ltd Ord 0.50,KES 69.00,2666536,-23,864,176.5,0.00%
4/1/2026,Absa Bank Kenya Plc Ord 0.50,KES 28.90,305793,0,1.23%,,
4/1/2026,NCBA Bank Ltd Ord 5.00,KES 90.25,12957,0,-0.55%,,
4/1/2026,The Co-operative Bank of Kenya Ltd Ord 1.00,KES 27.50,415028,0,1.85%,,
3/31/2026,NCBA Bank Ltd Ord 5.00,KES 90.75,24277,-45,375,1.68%,
3/31/2026,The Co-operative Bank of Kenya Ltd Ord 1.00,KES 27.00,875384,70,318.5,-0.55%,
3/31/2026,Absa Bank Kenya Plc Ord 0.50,KES 28.55,385792,-431,250,4.77%,
3/31/2026,KCB Group Ltd Ord 1.00,KES 67.75,869697,-10,599,844.25,-1.09%
3/31/2026,Equity Group Holdings Ltd Ord 0.50,KES 69.00,3220807,-49,723,596.25,-1.08%
3/30/2026,Equity Group Holdings Ltd Ord 0.50,KES 69.75,1162294,-36,285,868.25,1.09%
3/30/2026,The Co-operative Bank of Kenya Ltd Ord 1.00,KES 27.15,909906,4,260,0.56%,
3/30/2026,NCBA Bank Ltd Ord 5.00,KES 89.25,81739,-44,750,0.56%,
3/30/2026,KCB Group Ltd Ord 1.00,KES 68.50,511564,-10,725,558.25,0.74%
3/30/2026,Absa Bank Kenya Plc Ord 0.50,KES 27.25,864740,8,362.8,0.18%,
3/27/2026,Absa Bank Kenya Plc Ord 0.50,KES 27.20,578664,-373,165.65,-2.33%,
3/27/2026,KCB Group Ltd Ord 1.00,KES 68.00,1033267,-18,585,983,2.26%
3/27/2026,The Co-operative Bank of Kenya Ltd Ord 1.00,KES 27.00,1443104,5,433,523.7,-0.55%
3/27/2026,Equity Group Holdings Ltd Ord 0.50,KES 69.00,3456708,-139,642,922,2.60%
3/27/2026,NCBA Bank Ltd Ord 5.00,KES 88.75,251934,-43,665,0.57%,
3/26/2026,The Co-operative Bank of Kenya Ltd Ord 1.00,KES 27.15,1173432,-748,379.65,-5.57%,
3/26/2026,Equity Group Holdings Ltd Ord 0.50,KES 67.25,4301580,-14,202,325,-5.28%
3/26/2026,NCBA Bank Ltd Ord 5.00,KES 88.25,86315,432,696,-0.84%,
3/26/2026,KCB Group Ltd Ord 1.00,KES 66.50,8948389,-76,788,911,-5.67%
3/26/2026,Absa Bank Kenya Plc Ord 0.50,KES 27.85,1276826,-143,413.5,-6.07%,
3/25/2026,Equity Group Holdings Ltd Ord 0.50,KES 71.00,1615499,-47,243,465.5,-2.41%
3/25/2026,NCBA Bank Ltd Ord 5.00,KES 89.00,487805,0,-0.28%,,
3/25/2026,Absa Bank Kenya Plc Ord 0.50,KES 29.65,1334698,-1,735,519.5,-0.34%
3/25/2026,KCB Group Ltd Ord 1.00,KES 70.50,471435,-7,805,797.5,-2.08%
3/25/2026,The Co-operative Bank of Kenya Ltd Ord 1.00,KES 28.75,823387,0,-2.38%,,
3/24/2026,Absa Bank Kenya Plc Ord 0.50,KES 29.75,1411409,1,715,690.65,-3.72%
3/24/2026,KCB Group Ltd Ord 1.00,KES 72.00,816533,-35,410,212.25,-0.69%
3/24/2026,The Co-operative Bank of Kenya Ltd Ord 1.00,KES 29.45,1558640,-408,800,-2.00%,
3/24/2026,NCBA Bank Ltd Ord 5.00,KES 89.25,77470,142,210,-0.56%,
3/24/2026,Equity Group Holdings Ltd Ord 0.50,KES 72.75,705824,-36,59,155.75,-0.68%
3/23/2026,Absa Bank Kenya Plc Ord 0.50,KES 30.90,391271,-71,402.85,-2.83%,
3/23/2026,The Co-operative Bank of Kenya Ltd Ord 1.00,KES 30.05,1105943,-259,265.5,0.33%,
3/23/2026,NCBA Bank Ltd Ord 5.00,KES 89.75,28087,-112,350,-1.64%,
3/23/2026,Equity Group Holdings Ltd Ord 0.50,KES 73.25,2746354,-82,475,666,-4.25%
3/23/2026,KCB Group Ltd Ord 1.00,KES 72.50,2690677,-63,337,829.75,-4.61%
3/19/2026,NCBA Bank Ltd Ord 5.00,KES 91.25,80970,895,-2.14%,,
3/19/2026,Equity Group Holdings Ltd Ord 0.50,KES 76.50,1233215,10,400,607.75,-3.16%
3/19/2026,The Co-operative Bank of Kenya Ltd Ord 1.00,KES 29.95,1566363,181,638.75,0.00%,
3/19/2026,KCB Group Ltd Ord 1.00,KES 76.00,1517769,-9,711,209.25,-2.88%
3/19/2026,Absa Bank Kenya Plc Ord 0.50,KES 31.80,200894,0,-0.47%,,
3/18/2026,KCB Group Ltd Ord 1.00,KES 78.25,686102,-1,456,837.5,-0.32%
3/18/2026,Equity Group Holdings Ltd Ord 0.50,KES 79.00,1635485,22,579,626.25,1.28%
3/18/2026,NCBA Bank Ltd Ord 5.00,KES 93.25,26619,93,0,-0.53%,
3/18/2026,Absa Bank Kenya Plc Ord 0.50,KES 31.95,281852,60,700,0.16%,
3/18/2026,The Co-operative Bank of Kenya Ltd Ord 1.00,KES 29.95,239207,0,-0.66%,,
3/17/2026,KCB Group Ltd Ord 1.00,KES 78.50,409964,-11,879,857.5,-0.32%
3/17/2026,Equity Group Holdings Ltd Ord 0.50,KES 78.00,1632936,-13,205,472,0.97%
3/17/2026,NCBA Bank Ltd Ord 5.00,KES 93.75,39168,0,2.74%,,
3/17/2026,Absa Bank Kenya Plc Ord 0.50,KES 31.90,161508,0,0.79%,,
3/17/2026,The Co-operative Bank of Kenya Ltd Ord 1.00,KES 30.15,436288,14,975,0.17%,
3/16/2026,KCB Group Ltd Ord 1.00,KES 78.75,460147,-6,391,691.25,-0.63%
3/16/2026,Equity Group Holdings Ltd Ord 0.50,KES 77.25,2715356,-171,192,135.25,0.32%
3/16/2026,NCBA Bank Ltd Ord 5.00,KES 91.25,154792,90,138,3.69%,
3/16/2026,The Co-operative Bank of Kenya Ltd Ord 1.00,KES 30.10,303056,0,0.50%,,
3/16/2026,Absa Bank Kenya Plc Ord 0.50,KES 31.65,272501,542,717,1.93%,
3/13/2026,NCBA Bank Ltd Ord 5.00,KES 88.00,1142986,0,0.00%,,
3/13/2026,KCB Group Ltd Ord 1.00,KES 79.25,2391329,-100,819,245.75,0.63%
3/13/2026,Equity Group Holdings Ltd Ord 0.50,KES 77.00,5366219,-299,800,225,0.00%
3/13/2026,The Co-operative Bank of Kenya Ltd Ord 1.00,KES 29.95,486646,0,0.34%,,
3/13/2026,Absa Bank Kenya Plc Ord 0.50,KES 31.05,1260628,-28,195,665.2,1.31%
3/12/2026,KCB Group Ltd Ord 1.00,KES 78.75,2399263,-25,571,135.5,0.64%
3/12/2026,NCBA Bank Ltd Ord 5.00,KES 88.00,606792,0,0.28%,,
3/12/2026,The Co-operative Bank of Kenya Ltd Ord 1.00,KES 29.85,406945,0,-0.17%,,
3/12/2026,Equity Group Holdings Ltd Ord 0.50,KES 77.00,3353553,-203,483,893,1.99%
3/12/2026,Absa Bank Kenya Plc Ord 0.50,KES 30.65,737082,-573,278.55,0.82%,
3/11/2026,NCBA Bank Ltd Ord 5.00,KES 87.75,851193,-5,280,0,0.29%
3/11/2026,Equity Group Holdings Ltd Ord 0.50,KES 75.50,3652097,-235,893,759.25,2.03%
3/11/2026,The Co-operative Bank of Kenya Ltd Ord 1.00,KES 29.90,228099,0,0.34%,,
3/11/2026,KCB Group Ltd Ord 1.00,KES 78.25,815273,-9,711,25,0.32%
3/11/2026,Absa Bank Kenya Plc Ord 0.50,KES 30.40,266154,-310,523,0.16%,
3/10/2026,NCBA Bank Ltd Ord 5.00,KES 87.50,134992,-1,978,416,-0.28%
3/10/2026,The Co-operative Bank of Kenya Ltd Ord 1.00,KES 29.80,298781,101,830,-0.33%,
3/10/2026,Equity Group Holdings Ltd Ord 0.50,KES 74.00,4808702,-203,797,18.5,0.00%
3/10/2026,KCB Group Ltd Ord 1.00,KES 78.00,3951987,-173,698,793,1.30%
3/10/2026,Absa Bank Kenya Plc Ord 0.50,KES 30.35,182406,450,1.00%,,
3/9/2026,NCBA Bank Ltd Ord 5.00,KES 87.75,75047,-378,665.75,-0.28%,
3/9/2026,Equity Group Holdings Ltd Ord 0.50,KES 74.00,3284476,-66,654,414,-0.67%
3/9/2026,KCB Group Ltd Ord 1.00,KES 77.00,2603319,40,33,473.5,-0.65%
3/9/2026,Absa Bank Kenya Plc Ord 0.50,KES 30.05,2875690,225,154.45,-0.33%,
3/9/2026,The Co-operative Bank of Kenya Ltd Ord 1.00,KES 29.90,496641,-2,981,363.95,-0.33%
3/6/2026,Equity Group Holdings Ltd Ord 0.50,KES 74.50,4114650,-274,902,495,0.00%
3/6/2026,KCB Group Ltd Ord 1.00,KES 77.50,2782623,-134,427,389.25,4.38%
3/6/2026,The Co-operative Bank of Kenya Ltd Ord 1.00,KES 30.00,392736,37,49.55,0.50%,
3/6/2026,NCBA Bank Ltd Ord 5.00,KES 88.00,71052,-5,60,712.5,0.28%
3/6/2026,Absa Bank Kenya Plc Ord 0.50,KES 30.15,594426,-2,946,841.4,2.03%
3/5/2026,Equity Group Holdings Ltd Ord 0.50,KES 74.50,4721493,-244,849,631.25,0.00%
3/5/2026,KCB Group Ltd Ord 1.00,KES 74.25,997937,14,119,453.5,-1.00%
3/5/2026,NCBA Bank Ltd Ord 5.00,KES 87.75,118790,-5,842,416,-0.57%
3/5/2026,The Co-operative Bank of Kenya Ltd Ord 1.00,KES 29.85,835689,-175,17.9,-1.97%,
3/5/2026,Absa Bank Kenya Plc Ord 0.50,KES 29.55,1097815,-1,659,126.05,-1.50%
3/4/2026,Equity Group Holdings Ltd Ord 0.50,KES 74.50,4151143,67,519,362,-2.93%
3/4/2026,The Co-operative Bank of Kenya Ltd Ord 1.00,KES 30.45,1262638,0,-1.77%,,
3/4/2026,KCB Group Ltd Ord 1.00,KES 75.00,1582237,80,413,779,-3.23%
3/4/2026,NCBA Bank Ltd Ord 5.00,KES 88.25,212372,245,679.5,-1.40%,
3/4/2026,Absa Bank Kenya Plc Ord 0.50,KES 30.00,5917798,-674,303.5,-6.40%,
3/3/2026,KCB Group Ltd Ord 1.00,KES 77.50,2194884,20,352,933.5,-0.32%
3/3/2026,Equity Group Holdings Ltd Ord 0.50,KES 76.75,5775493,79,999,241.25,-0.65%
3/3/2026,The Co-operative Bank of Kenya Ltd Ord 1.00,KES 31.00,931615,114,631.55,1.47%,
3/3/2026,NCBA Bank Ltd Ord 5.00,KES 89.50,32064,19,498,-2.19%,
3/3/2026,Absa Bank Kenya Plc Ord 0.50,KES 32.05,250471,87,98.8,-0.16%,
3/2/2026,Equity Group Holdings Ltd Ord 0.50,KES 77.25,5460479,181,954,484,0.00%
3/2/2026,NCBA Bank Ltd Ord 5.00,KES 91.50,37481,0,-1.08%,,
3/2/2026,KCB Group Ltd Ord 1.00,KES 77.75,312007,280,215.75,-3.12%,
3/2/2026,The Co-operative Bank of Kenya Ltd Ord 1.00,KES 30.55,272117,59,429.1,4.62%,
3/2/2026,Absa Bank Kenya Plc Ord 0.50,KES 32.10,339794,0,-0.31%,,
2/27/2026,Absa Bank Kenya Plc Ord 0.50,KES 32.20,1543114,13,630,104.5,4.04%
2/27/2026,The Co-operative Bank of Kenya Ltd Ord 1.00,KES 29.20,2900214,3,42,508.8,0.69%
2/27/2026,Equity Group Holdings Ltd Ord 0.50,KES 77.25,2978280,-73,485,241.25,0.98%
2/27/2026,NCBA Bank Ltd Ord 5.00,KES 92.50,241935,0,0.27%,,
2/27/2026,KCB Group Ltd Ord 1.00,KES 80.25,1062307,1,459,680,4.22%
2/26/2026,NCBA Bank Ltd Ord 5.00,KES 92.25,145610,465,257.5,2.22%,
2/26/2026,KCB Group Ltd Ord 1.00,KES 77.00,1286868,31,244,414.25,1.99%
2/26/2026,Absa Bank Kenya Plc Ord 0.50,KES 30.95,2435843,8,428,672.8,4.92%
2/26/2026,The Co-operative Bank of Kenya Ltd Ord 1.00,KES 29.00,3894497,822,157.5,0.00%,
2/26/2026,Equity Group Holdings Ltd Ord 0.50,KES 76.50,6246389,-210,568,219.75,0.00%
2/25/2026,Equity Group Holdings Ltd Ord 0.50,KES 76.50,6246389,50,923,351,2.68%
2/25/2026,KCB Group Ltd Ord 1.00,KES 75.50,1286868,6,349,26,0.67%
2/25/2026,The Co-operative Bank of Kenya Ltd Ord 1.00,KES 29.00,3894497,3,478,336,0.00%
2/25/2026,NCBA Bank Ltd Ord 5.00,KES 90.25,145610,90,0,0.28%,
2/25/2026,Absa Bank Kenya Plc Ord 0.50,KES 29.50,2435843,-66,31,195.5,1.37%
2/24/2026,KCB Group Ltd Ord 1.00,KES 75.00,3274656,24,29,230.5,0.00%
2/24/2026,Absa Bank Kenya Plc Ord 0.50,KES 29.10,564452,63,565,2.83%,
2/24/2026,NCBA Bank Ltd Ord 5.00,KES 90.00,172836,180,1.98%,,
2/24/2026,Equity Group Holdings Ltd Ord 0.50,KES 74.50,5820316,-79,376,84.75,1.02%
2/24/2026,The Co-operative Bank of Kenya Ltd Ord 1.00,KES 29.00,556511,139,693,-0.68%,
2/23/2026,KCB Group Ltd Ord 1.00,KES 75.00,2925085,87,562,650,0.33%
2/23/2026,Equity Group Holdings Ltd Ord 0.50,KES 73.75,1631426,-600,419.5,0.68%,
2/23/2026,Absa Bank Kenya Plc Ord 0.50,KES 28.30,414021,6,43,553.85,-0.53%
2/23/2026,The Co-operative Bank of Kenya Ltd Ord 1.00,KES 29.20,247415,-1,454.5,0.52%,
2/23/2026,NCBA Bank Ltd Ord 5.00,KES 88.25,242328,8,775,0.00%,
2/20/2026,The Co-operative Bank of Kenya Ltd Ord 1.00,KES 29.05,1161775,35,90,-1.19%,
2/20/2026,KCB Group Ltd Ord 1.00,KES 74.75,1289554,29,401,811.5,0.00%
2/20/2026,Absa Bank Kenya Plc Ord 0.50,KES 28.45,311251,1,539,758.7,-3.40%
2/20/2026,Equity Group Holdings Ltd Ord 0.50,KES 73.25,432171,-10,139,746,-1.35%
2/20/2026,NCBA Bank Ltd Ord 5.00,KES 88.25,98058,105,950,-1.67%,
2/19/2026,The Co-operative Bank of Kenya Ltd Ord 1.00,KES 29.40,385613,498,100,-0.34%,
2/19/2026,Equity Group Holdings Ltd Ord 0.50,KES 74.25,870412,2,93,357,-0.67%
2/19/2026,Absa Bank Kenya Plc Ord 0.50,KES 29.45,1800572,-32,982,15.75,-1.34%
2/19/2026,KCB Group Ltd Ord 1.00,KES 74.75,1650416,-4,0,5.25,-0.33%
2/19/2026,NCBA Bank Ltd Ord 5.00,KES 89.75,1617847,-10,544,108,1.70%
2/18/2026,NCBA Bank Ltd Ord 5.00,KES 88.25,217315,-49,367,-0.56%,
2/18/2026,Equity Group Holdings Ltd Ord 0.50,KES 74.75,1025592,-47,133,912.75,-0.33%
2/18/2026,Absa Bank Kenya Plc Ord 0.50,KES 29.85,1534920,2,927,410.15,0.00%
2/18/2026,KCB Group Ltd Ord 1.00,KES 75.00,1609521,-65,262,614.25,0.00%
2/18/2026,The Co-operative Bank of Kenya Ltd Ord 1.00,KES 29.50,414560,108,619.1,-0.51%,
2/17/2026,NCBA Bank Ltd Ord 5.00,KES 88.75,178689,-9,820,253.5,0.28%
2/17/2026,Absa Bank Kenya Plc Ord 0.50,KES 29.85,418155,-1,977,270,-0.50%
2/17/2026,Equity Group Holdings Ltd Ord 0.50,KES 75.00,5753881,-56,107,970.75,0.00%
2/17/2026,KCB Group Ltd Ord 1.00,KES 75.00,1796296,-2,819,266.25,-0.33%
2/17/2026,The Co-operative Bank of Kenya Ltd Ord 1.00,KES 29.65,719762,0,1.89%,,
2/16/2026,Equity Group Holdings Ltd Ord 0.50,KES 75.00,415562,-3,890,377,-2.28%
2/16/2026,Absa Bank Kenya Plc Ord 0.50,KES 30.00,2432878,-61,735,81.8,1.52%
2/16/2026,NCBA Bank Ltd Ord 5.00,KES 88.50,51881,2,298,-1.39%,
2/16/2026,The Co-operative Bank of Kenya Ltd Ord 1.00,KES 29.10,5839093,-57,819,662.75,-1.69%
2/16/2026,KCB Group Ltd Ord 1.00,KES 75.25,5589173,-5,839,464.25,0.00%
2/13/2026,KCB Group Ltd Ord 1.00,KES 75.25,4559641,-73,814,184,2.38%
2/13/2026,The Co-operative Bank of Kenya Ltd Ord 1.00,KES 29.60,661730,-1,984,907.75,3.32%
2/13/2026,Equity Group Holdings Ltd Ord 0.50,KES 76.75,2222278,-112,865,987,4.42%
2/13/2026,NCBA Bank Ltd Ord 5.00,KES 89.75,342787,-10,461,698.5,-0.28%
2/13/2026,Absa Bank Kenya Plc Ord 0.50,KES 29.55,620357,-854,439.05,0.68%,
2/12/2026,The Co-operative Bank of Kenya Ltd Ord 1.00,KES 28.65,1511554,280,765,0.17%,
2/12/2026,KCB Group Ltd Ord 1.00,KES 73.50,3766343,114,434,953.25,3.89%
2/12/2026,Absa Bank Kenya Plc Ord 0.50,KES 29.35,1221142,206,858,1.21%,
2/12/2026,NCBA Bank Ltd Ord 5.00,KES 90.00,125550,0,-0.28%,,
2/12/2026,Equity Group Holdings Ltd Ord 0.50,KES 73.50,1569777,32,229,574.5,2.44%
2/11/2026,The Co-operative Bank of Kenya Ltd Ord 1.00,KES 28.60,1244401,58,745.8,0.00%,
2/11/2026,Equity Group Holdings Ltd Ord 0.50,KES 71.75,3453916,-204,496,521.25,5.13%
2/11/2026,NCBA Bank Ltd Ord 5.00,KES 90.25,374343,1,192,477.25,-1.63%
2/11/2026,Absa Bank Kenya Plc Ord 0.50,KES 29.00,2964642,-75,74,838.2,0.87%
2/11/2026,KCB Group Ltd Ord 1.00,KES 70.75,1092905,3,153,592,1.07%
2/10/2026,Equity Group Holdings Ltd Ord 0.50,KES 68.25,11852118,584,570,795.25,0.37%
2/10/2026,NCBA Bank Ltd Ord 5.00,KES 91.75,5317998,-39,806,547.75,0.55%
2/10/2026,KCB Group Ltd Ord 1.00,KES 70.00,469039,-621,925,1.82%,
2/10/2026,Absa Bank Kenya Plc Ord 0.50,KES 28.75,5763354,-114,803,658.2,0.17%
2/10/2026,The Co-operative Bank of Kenya Ltd Ord 1.00,KES 28.60,15573807,-1,902,28.25,-0.17%
2/9/2026,NCBA Bank Ltd Ord 5.00,KES 91.25,94488,0,-1.08%,,
2/9/2026,The Co-operative Bank of Kenya Ltd Ord 1.00,KES 28.65,311958,-116,173.55,1.06%,
2/9/2026,Equity Group Holdings Ltd Ord 0.50,KES 68.00,2896000,17,749,360,0.00%
2/9/2026,Absa Bank Kenya Plc Ord 0.50,KES 28.70,568631,164,160,1.77%,
2/9/2026,KCB Group Ltd Ord 1.00,KES 68.75,2094002,5,880,777.25,2.23%
2/6/2026,The Co-operative Bank of Kenya Ltd Ord 1.00,KES 28.35,488181,0,-0.35%,,
2/6/2026,NCBA Bank Ltd Ord 5.00,KES 92.25,68693,0,0.27%,,
2/6/2026,Absa Bank Kenya Plc Ord 0.50,KES 28.20,1194408,-7,2,403.2,0.00%
2/6/2026,KCB Group Ltd Ord 1.00,KES 67.25,2439157,-122,50,796.75,0.00%
2/6/2026,Equity Group Holdings Ltd Ord 0.50,KES 68.00,1250863,-4,280,290,0.00%
2/5/2026,KCB Group Ltd Ord 1.00,KES 67.25,198988,5,563,962,0.37%
2/5/2026,Equity Group Holdings Ltd Ord 0.50,KES 68.00,3253775,14,60,706.75,0.00%
2/5/2026,Absa Bank Kenya Plc Ord 0.50,KES 28.20,1734548,773,360,0.53%,
2/5/2026,NCBA Bank Ltd Ord 5.00,KES 92.00,733795,0,0.27%,,
2/5/2026,The Co-operative Bank of Kenya Ltd Ord 1.00,KES 28.45,243476,181,545,1.07%,
2/4/2026,KCB Group Ltd Ord 1.00,KES 67.00,547042,-2,17,500,0.00%
2/4/2026,NCBA Bank Ltd Ord 5.00,KES 91.75,122035,0,0.82%,,
2/4/2026,Absa Bank Kenya Plc Ord 0.50,KES 28.05,170195,0,0.36%,,
2/4/2026,The Co-operative Bank of Kenya Ltd Ord 1.00,KES 28.15,216573,0,0.54%,,
2/4/2026,Equity Group Holdings Ltd Ord 0.50,KES 68.00,2017718,76,135,336.5,0.00%
2/3/2026,KCB Group Ltd Ord 1.00,KES 67.00,487666,2,2,614.75,0.00%
2/3/2026,Absa Bank Kenya Plc Ord 0.50,KES 27.95,166444,2,800,0.00%,
2/3/2026,Equity Group Holdings Ltd Ord 0.50,KES 68.00,10291286,230,770,825,0.74%
2/3/2026,NCBA Bank Ltd Ord 5.00,KES 91.00,456957,0,-0.27%,,
2/3/2026,The Co-operative Bank of Kenya Ltd Ord 1.00,KES 28.00,600653,141,713,0.72%,
2/2/2026,NCBA Bank Ltd Ord 5.00,KES 91.25,37191,18,400,-1.35%,
2/2/2026,KCB Group Ltd Ord 1.00,KES 67.00,2921761,-21,523,461.25,0.75%
2/2/2026,Absa Bank Kenya Plc Ord 0.50,KES 27.95,236911,1,20,63.9,0.00%
2/2/2026,Equity Group Holdings Ltd Ord 0.50,KES 67.50,105529,3,458,718.75,0.75%
2/2/2026,The Co-operative Bank of Kenya Ltd Ord 1.00,KES 27.80,1210497,69,288.9,2.21%,
1/30/2026,Equity Group Holdings Ltd Ord 0.50,KES 67.00,2070423,21,995,294.5,-1.11%
1/30/2026,The Co-operative Bank of Kenya Ltd Ord 1.00,KES 27.20,437643,391,950,-2.16%,
1/30/2026,Absa Bank Kenya Plc Ord 0.50,KES 27.95,142545,39,250.9,0.00%,
1/30/2026,NCBA Bank Ltd Ord 5.00,KES 92.50,31610,93,500,0.27%,
1/30/2026,KCB Group Ltd Ord 1.00,KES 66.50,1011109,0,-0.75%,,
1/29/2026,NCBA Bank Ltd Ord 5.00,KES 92.25,42782,249,964,-2.64%,
1/29/2026,The Co-operative Bank of Kenya Ltd Ord 1.00,KES 27.80,299401,1,287,112.3,-1.77%
1/29/2026,Equity Group Holdings Ltd Ord 0.50,KES 67.75,489642,-4,842,450.75,-0.73%
1/29/2026,KCB Group Ltd Ord 1.00,KES 67.00,4408799,75,111,650.75,0.37%
1/29/2026,Absa Bank Kenya Plc Ord 0.50,KES 27.95,272084,1,412,554.05,-0.36%
1/28/2026,Equity Group Holdings Ltd Ord 0.50,KES 68.25,2300908,80,50,971,0.00%
1/28/2026,NCBA Bank Ltd Ord 5.00,KES 94.75,359728,4,650,5.28%,
1/28/2026,KCB Group Ltd Ord 1.00,KES 66.75,1541578,63,613,484.25,0.00%
1/28/2026,Absa Bank Kenya Plc Ord 0.50,KES 28.05,245622,0,1.63%,,
1/28/2026,The Co-operative Bank of Kenya Ltd Ord 1.00,KES 28.30,463115,96,385.55,-1.22%,
1/27/2026,Equity Group Holdings Ltd Ord 0.50,KES 68.25,2728846,141,239,717.25,-0.36%
1/27/2026,Absa Bank Kenya Plc Ord 0.50,KES 27.60,354770,54,932.8,1.66%,
1/27/2026,The Co-operative Bank of Kenya Ltd Ord 1.00,KES 28.65,638468,202,18,2.50%,
1/27/2026,NCBA Bank Ltd Ord 5.00,KES 90.00,282609,212,490,-1.37%,
1/27/2026,KCB Group Ltd Ord 1.00,KES 66.75,894017,12,43,77.75,0.00%
1/26/2026,The Co-operative Bank of Kenya Ltd Ord 1.00,KES 27.95,478273,2,800,1.82%,
1/26/2026,KCB Group Ltd Ord 1.00,KES 66.75,6441834,27,13,964.5,0.00%
1/26/2026,NCBA Bank Ltd Ord 5.00,KES 91.25,140142,158,890.75,-6.41%,
1/26/2026,Equity Group Holdings Ltd Ord 0.50,KES 68.50,556225,8,642,411,-0.36%
1/26/2026,Absa Bank Kenya Plc Ord 0.50,KES 27.15,1172750,1,8,351.85,2.65%
1/23/2026,KCB Group Ltd Ord 1.00,KES 66.75,1100447,-14,426,653.5,0.00%
1/23/2026,NCBA Bank Ltd Ord 5.00,KES 97.50,112562,0,-0.76%,,
1/23/2026,The Co-operative Bank of Kenya Ltd Ord 1.00,KES 27.45,358316,146,547.5,1.10%,
1/23/2026,Absa Bank Kenya Plc Ord 0.50,KES 26.45,303082,15,399,1.73%,
1/23/2026,Equity Group Holdings Ltd Ord 0.50,KES 68.75,2602658,105,205,856.25,0.00%
1/22/2026,The Co-operative Bank of Kenya Ltd Ord 1.00,KES 27.15,2053802,80,300.5,0.37%,
1/22/2026,NCBA Bank Ltd Ord 5.00,KES 98.25,676795,-2,109,843.5,9.47%
1/22/2026,Equity Group Holdings Ltd Ord 0.50,KES 68.75,1082066,172,67,-0.36%,
1/22/2026,Absa Bank Kenya Plc Ord 0.50,KES 26.00,189270,-738,400,1.17%,
1/22/2026,KCB Group Ltd Ord 1.00,KES 66.75,650279,-7,360,130.5,0.00%
1/21/2026,NCBA Bank Ltd Ord 5.00,KES 89.75,19254,20,362.5,-0.83%,
1/21/2026,Absa Bank Kenya Plc Ord 0.50,KES 25.70,89609,25,700,-0.19%,
1/21/2026,KCB Group Ltd Ord 1.00,KES 66.75,1199262,14,679,483,-0.37%
1/21/2026,The Co-operative Bank of Kenya Ltd Ord 1.00,KES 27.05,359336,27,842,0.19%,
1/21/2026,Equity Group Holdings Ltd Ord 0.50,KES 69.00,1352938,87,549,365,0.00%
1/20/2026,Equity Group Holdings Ltd Ord 0.50,KES 69.00,1391019,-34,448,377.75,-0.72%
1/20/2026,Absa Bank Kenya Plc Ord 0.50,KES 25.75,235468,64,500,0.19%,
1/20/2026,The Co-operative Bank of Kenya Ltd Ord 1.00,KES 27.00,124023,250,282.1,0.37%,
1/20/2026,NCBA Bank Ltd Ord 5.00,KES 90.50,169643,0,0.28%,,
1/20/2026,KCB Group Ltd Ord 1.00,KES 67.00,455814,14,619,307.5,0.37%
1/19/2026,KCB Group Ltd Ord 1.00,KES 66.75,2269514,-133,575,985.75,-1.11%
1/19/2026,NCBA Bank Ltd Ord 5.00,KES 90.25,31716,0,0.28%,,
1/19/2026,Equity Group Holdings Ltd Ord 0.50,KES 69.50,89277,-434,719.25,0.72%,
1/19/2026,Absa Bank Kenya Plc Ord 0.50,KES 25.70,247587,0,-0.19%,,
1/19/2026,The Co-operative Bank of Kenya Ltd Ord 1.00,KES 26.90,207370,-13,450,-0.19%,
1/16/2026,Equity Group Holdings Ltd Ord 0.50,KES 69.00,241051,1,813,295,0.00%
1/16/2026,NCBA Bank Ltd Ord 5.00,KES 90.00,619525,8,842,589.5,0.00%
1/16/2026,Absa Bank Kenya Plc Ord 0.50,KES 25.75,149318,0,-0.19%,,
1/16/2026,KCB Group Ltd Ord 1.00,KES 67.50,546481,-14,235,452.75,0.37%
1/16/2026,The Co-operative Bank of Kenya Ltd Ord 1.00,KES 26.95,493548,270,82.5,0.00%,
1/15/2026,Equity Group Holdings Ltd Ord 0.50,KES 69.00,407883,-12,260,817,-0.36%
1/15/2026,KCB Group Ltd Ord 1.00,KES 67.25,1199452,-19,843,938,0.37%
1/15/2026,NCBA Bank Ltd Ord 5.00,KES 90.00,187070,894,105,0.00%,
1/15/2026,Absa Bank Kenya Plc Ord 0.50,KES 25.80,300910,25,800,0.39%,
1/15/2026,The Co-operative Bank of Kenya Ltd Ord 1.00,KES 26.95,837461,122,585.95,0.19%,
1/14/2026,The Co-operative Bank of Kenya Ltd Ord 1.00,KES 26.90,769228,101,945.5,1.70%,
1/14/2026,Equity Group Holdings Ltd Ord 0.50,KES 69.25,2473752,-162,308,436.5,0.00%
1/14/2026,KCB Group Ltd Ord 1.00,KES 67.00,1569087,-11,221,684,0.00%
1/14/2026,Absa Bank Kenya Plc Ord 0.50,KES 25.70,3073075,-70,675,0,0.00%
1/14/2026,NCBA Bank Ltd Ord 5.00,KES 90.00,924725,0,1.41%,,
1/13/2026,Equity Group Holdings Ltd Ord 0.50,KES 69.25,318775,-11,912,999.5,-0.36%
1/13/2026,NCBA Bank Ltd Ord 5.00,KES 88.75,229183,0,-0.56%,,
1/13/2026,Absa Bank Kenya Plc Ord 0.50,KES 25.70,1542924,-19,249,182.2,0.00%
1/13/2026,KCB Group Ltd Ord 1.00,KES 67.00,384328,10,116,750,0.00%
1/13/2026,The Co-operative Bank of Kenya Ltd Ord 1.00,KES 26.45,1372754,-1,165,980.5,1.73%
1/12/2026,NCBA Bank Ltd Ord 5.00,KES 89.25,26981,0,0.28%,,
1/12/2026,Equity Group Holdings Ltd Ord 0.50,KES 69.50,89540,1,20,836.5,0.00%
1/12/2026,Absa Bank Kenya Plc Ord 0.50,KES 25.70,2483805,-59,368,328.75,0.59%
1/12/2026,The Co-operative Bank of Kenya Ltd Ord 1.00,KES 26.00,1441504,-1,492,62,0.19%
1/12/2026,KCB Group Ltd Ord 1.00,KES 67.00,432156,313,364.5,0.00%,
1/9/2026,KCB Group Ltd Ord 1.00,KES 67.00,1992615,-2,223,40.5,0.75%
1/9/2026,Equity Group Holdings Ltd Ord 0.50,KES 69.50,1598732,99,121,783.25,0.00%
1/9/2026,The Co-operative Bank of Kenya Ltd Ord 1.00,KES 25.95,381773,0,-0.57%,,
1/9/2026,Absa Bank Kenya Plc Ord 0.50,KES 25.55,1961778,26,975,0.20%,
1/9/2026,NCBA Bank Ltd Ord 5.00,KES 89.00,65568,0,-0.56%,,
1/8/2026,The Co-operative Bank of Kenya Ltd Ord 1.00,KES 26.10,491368,-88,496.5,1.36%,
1/8/2026,NCBA Bank Ltd Ord 5.00,KES 89.50,269137,-152,150,1.42%,
1/8/2026,Equity Group Holdings Ltd Ord 0.50,KES 69.50,1696425,81,860,440,0.00%
1/8/2026,KCB Group Ltd Ord 1.00,KES 66.50,308771,-4,149,182.25,0.38%
1/8/2026,Absa Bank Kenya Plc Ord 0.50,KES 25.50,323372,-50,900,-0.58%,
1/7/2026,NCBA Bank Ltd Ord 5.00,KES 88.25,134802,0,-1.94%,,
1/7/2026,Equity Group Holdings Ltd Ord 0.50,KES 69.50,3801333,234,233,3.25,0.36%
1/7/2026,KCB Group Ltd Ord 1.00,KES 66.25,1131827,-3,959,170.25,0.00%
1/7/2026,Absa Bank Kenya Plc Ord 0.50,KES 25.65,345242,131,968.5,-1.54%,
1/7/2026,The Co-operative Bank of Kenya Ltd Ord 1.00,KES 25.75,533918,95,810,4.04%,
1/6/2026,Equity Group Holdings Ltd Ord 0.50,KES 69.25,2266985,85,910,390.5,2.97%
1/6/2026,KCB Group Ltd Ord 1.00,KES 66.25,2390812,89,591,555.5,1.15%
1/6/2026,NCBA Bank Ltd Ord 5.00,KES 90.00,503028,39,145,517.5,4.65%
1/6/2026,Absa Bank Kenya Plc Ord 0.50,KES 26.05,544062,0,2.36%,,
1/6/2026,The Co-operative Bank of Kenya Ltd Ord 1.00,KES 24.75,702663,-110,180,4.21%,
1/5/2026,Equity Group Holdings Ltd Ord 0.50,KES 67.25,632144,3,502,525.75,0.37%
1/5/2026,KCB Group Ltd Ord 1.00,KES 65.50,676772,-8,704,529,-0.38%
1/5/2026,Absa Bank Kenya Plc Ord 0.50,KES 25.45,253463,26,775,2.41%,
1/5/2026,The Co-operative Bank of Kenya Ltd Ord 1.00,KES 23.75,188590,-1,31,429.7,-0.63%
1/5/2026,NCBA Bank Ltd Ord 5.00,KES 86.00,12368,0,1.18%,,
1/2/2026,KCB Group Ltd Ord 1.00,KES 65.75,199339,-6,857,67.5,0.00%
1/2/2026,Equity Group Holdings Ltd Ord 0.50,KES 67.00,52955,636,500,0.37%,
1/2/2026,The Co-operative Bank of Kenya Ltd Ord 1.00,KES 23.90,125042,-1,21,44,-0.21%
1/2/2026,NCBA Bank Ltd Ord 5.00,KES 85.00,511699,0,1.19%,,
1/2/2026,Absa Bank Kenya Plc Ord 0.50,KES 24.85,140294,0,0.61%,,
12/31/2025,NCBA Bank Ltd Ord 5.00,KES 84.00,331740,-2,517,867.75,0.00%
12/31/2025,The Co-operative Bank of Kenya Ltd Ord 1.00,KES 23.95,918054,-8,904,744,0.00%
12/31/2025,Equity Group Holdings Ltd Ord 0.50,KES 66.75,91634,-5,21,367.5,0.38%
12/31/2025,KCB Group Ltd Ord 1.00,KES 65.75,171896,24,420,1.15%,
12/31/2025,Absa Bank Kenya Plc Ord 0.50,KES 24.70,145104,0,4.00%,,
12/30/2025,The Co-operative Bank of Kenya Ltd Ord 1.00,KES 23.95,1117541,-933,576,0.42%,
12/30/2025,Equity Group Holdings Ltd Ord 0.50,KES 66.50,1297977,-22,508,451.25,0.76%
12/30/2025,NCBA Bank Ltd Ord 5.00,KES 84.00,36523,0,0.90%,,
12/30/2025,Absa Bank Kenya Plc Ord 0.50,KES 23.75,187306,0,0.42%,,
12/30/2025,KCB Group Ltd Ord 1.00,KES 65.00,102892,0,1.56%,,
12/29/2025,KCB Group Ltd Ord 1.00,KES 64.00,76442,0,2.40%,,
12/29/2025,Equity Group Holdings Ltd Ord 0.50,KES 66.00,496858,-20,732,244,0.38%
12/29/2025,Absa Bank Kenya Plc Ord 0.50,KES 23.65,76999,4,484,2.83%,
12/29/2025,NCBA Bank Ltd Ord 5.00,KES 83.25,15959,0,0.30%,,
12/29/2025,The Co-operative Bank of Kenya Ltd Ord 1.00,KES 23.85,1179068,-439,296,0.63%,
12/24/2025,KCB Group Ltd Ord 1.00,KES 62.50,909210,-2,515,0,0.40%
12/24/2025,Equity Group Holdings Ltd Ord 0.50,KES 65.75,189659,3,616,800,1.54%
12/24/2025,NCBA Bank Ltd Ord 5.00,KES 83.00,207246,3,403,0,-0.30%
12/24/2025,Absa Bank Kenya Plc Ord 0.50,KES 23.00,487328,0,0.88%,,
12/24/2025,The Co-operative Bank of Kenya Ltd Ord 1.00,KES 23.70,613625,0,-0.42%,,
12/23/2025,Equity Group Holdings Ltd Ord 0.50,KES 64.75,3361904,-42,962,11.25,0.78%
12/23/2025,NCBA Bank Ltd Ord 5.00,KES 83.25,224672,0,-5.93%,,
12/23/2025,The Co-operative Bank of Kenya Ltd Ord 1.00,KES 23.80,693798,0,0.63%,,
12/23/2025,KCB Group Ltd Ord 1.00,KES 62.25,736851,-3,169,85.25,0.40%
12/23/2025,Absa Bank Kenya Plc Ord 0.50,KES 22.80,82242,-121,621.9,1.11%,
12/22/2025,The Co-operative Bank of Kenya Ltd Ord 1.00,KES 23.65,929664,-125,916.75,1.72%,
12/22/2025,NCBA Bank Ltd Ord 5.00,KES 88.50,226666,0,-0.56%,,
12/22/2025,KCB Group Ltd Ord 1.00,KES 62.00,1431557,77,319,880.75,-0.40%
12/22/2025,Equity Group Holdings Ltd Ord 0.50,KES 64.25,1417428,683,489.25,2.80%,
12/22/2025,Absa Bank Kenya Plc Ord 0.50,KES 22.55,247677,-416,706.85,2.04%,
12/19/2025,Equity Group Holdings Ltd Ord 0.50,KES 62.50,21737716,24,535,829.25,1.63%
12/19/2025,KCB Group Ltd Ord 1.00,KES 62.25,17361085,125,902,483,0.40%
12/19/2025,Absa Bank Kenya Plc Ord 0.50,KES 22.10,687524,24,365,0.23%,
12/19/2025,NCBA Bank Ltd Ord 5.00,KES 89.00,197373,0,0.28%,,
12/19/2025,The Co-operative Bank of Kenya Ltd Ord 1.00,KES 23.25,164691,82,339,1.53%,
12/18/2025,KCB Group Ltd Ord 1.00,KES 62.00,246963,-3,844,336,0.00%
12/18/2025,NCBA Bank Ltd Ord 5.00,KES 88.75,150394,0,4.72%,,
12/18/2025,The Co-operative Bank of Kenya Ltd Ord 1.00,KES 22.90,587953,27,450,0.88%,
12/18/2025,Absa Bank Kenya Plc Ord 0.50,KES 22.05,937669,-1,675,625,-1.34%
12/18/2025,Equity Group Holdings Ltd Ord 0.50,KES 61.50,1918428,-25,838,827.75,1.65%
12/17/2025,KCB Group Ltd Ord 1.00,KES 62.00,170600,554,780.75,2.90%,
12/17/2025,NCBA Bank Ltd Ord 5.00,KES 84.75,220241,0,6.27%,,
12/17/2025,Equity Group Holdings Ltd Ord 0.50,KES 60.50,4571159,-59,217,837,0.00%
12/17/2025,The Co-operative Bank of Kenya Ltd Ord 1.00,KES 22.70,1056842,135,859.35,3.18%,
12/17/2025,Absa Bank Kenya Plc Ord 0.50,KES 22.35,109294,-44,800,1.36%,
12/16/2025,Equity Group Holdings Ltd Ord 0.50,KES 60.50,2261799,58,332,723.75,0.00%
12/16/2025,NCBA Bank Ltd Ord 5.00,KES 79.75,25043,0,0.00%,,
12/16/2025,The Co-operative Bank of Kenya Ltd Ord 1.00,KES 22.00,932972,37,360,0.46%,
12/16/2025,KCB Group Ltd Ord 1.00,KES 60.25,1376471,-8,125,204.5,0.42%
12/16/2025,Absa Bank Kenya Plc Ord 0.50,KES 22.05,2417338,-160,417.25,0.23%,
12/15/2025,The Co-operative Bank of Kenya Ltd Ord 1.00,KES 21.90,1345393,103,788.45,0.46%,
12/15/2025,Equity Group Holdings Ltd Ord 0.50,KES 60.50,4669156,25,581,218,0.00%
12/15/2025,KCB Group Ltd Ord 1.00,KES 60.00,13077466,-10,789,176.5,0.42%
12/15/2025,NCBA Bank Ltd Ord 5.00,KES 79.75,76558,0,0.63%,,
12/15/2025,Absa Bank Kenya Plc Ord 0.50,KES 22.00,519755,-6,530.25,0.00%,
12/11/2025,Equity Group Holdings Ltd Ord 0.50,KES 60.50,6013407,50,229,254.75,0.83%
12/11/2025,KCB Group Ltd Ord 1.00,KES 59.75,248234,-3,20,119,4.82%
12/11/2025,NCBA Bank Ltd Ord 5.00,KES 79.25,44538,-156,502.75,0.96%,
12/11/2025,Absa Bank Kenya Plc Ord 0.50,KES 22.00,45499,5,268,0.23%,
12/11/2025,The Co-operative Bank of Kenya Ltd Ord 1.00,KES 21.80,213670,0,0.00%,,
12/10/2025,KCB Group Ltd Ord 1.00,KES 57.00,835169,-9,864,214,1.79%
12/10/2025,NCBA Bank Ltd Ord 5.00,KES 78.50,76868,0,0.64%,,
12/10/2025,The Co-operative Bank of Kenya Ltd Ord 1.00,KES 21.80,185589,0,-0.68%,,
12/10/2025,Absa Bank Kenya Plc Ord 0.50,KES 21.95,210081,42,705,-0.23%,
12/10/2025,Equity Group Holdings Ltd Ord 0.50,KES 60.00,10069231,108,771,118.75,0.00%
12/9/2025,NCBA Bank Ltd Ord 5.00,KES 78.00,138249,0,1.96%,,
12/9/2025,KCB Group Ltd Ord 1.00,KES 56.00,9797772,-88,580,878,0.00%
12/9/2025,Equity Group Holdings Ltd Ord 0.50,KES 60.00,7075567,38,760,111.25,-0.83%
12/9/2025,The Co-operative Bank of Kenya Ltd Ord 1.00,KES 21.95,1747198,0,-5.18%,,
12/9/2025,Absa Bank Kenya Plc Ord 0.50,KES 22.00,1709733,-220,0,-0.23%,
12/8/2025,NCBA Bank Ltd Ord 5.00,KES 76.50,67939,0,0.00%,,
12/8/2025,KCB Group Ltd Ord 1.00,KES 56.00,5685625,-59,39,960,-0.44%
12/8/2025,The Co-operative Bank of Kenya Ltd Ord 1.00,KES 23.15,366496,0,1.54%,,
12/8/2025,Absa Bank Kenya Plc Ord 0.50,KES 22.05,404338,0,0.00%,,
12/8/2025,Equity Group Holdings Ltd Ord 0.50,KES 60.50,269909,10,629,75,-0.82%
12/5/2025,KCB Group Ltd Ord 1.00,KES 56.25,820436,-45,200,-0.88%,
12/5/2025,Equity Group Holdings Ltd Ord 0.50,KES 61.00,2792247,159,315,526,-1.21%
12/5/2025,Absa Bank Kenya Plc Ord 0.50,KES 22.05,574112,4,546.9,-2.86%,
12/5/2025,NCBA Bank Ltd Ord 5.00,KES 76.50,250993,0,-2.24%,,
12/5/2025,The Co-operative Bank of Kenya Ltd Ord 1.00,KES 22.80,2931192,20,425,-1.94%,
12/4/2025,Equity Group Holdings Ltd Ord 0.50,KES 61.75,87023,1,468,608.75,-0.40%
12/4/2025,NCBA Bank Ltd Ord 5.00,KES 78.25,111530,-397,686,-1.26%,
12/4/2025,KCB Group Ltd Ord 1.00,KES 56.75,1424074,31,290,330.5,-0.44%
12/4/2025,The Co-operative Bank of Kenya Ltd Ord 1.00,KES 23.25,583488,51,763,0.65%,
12/4/2025,Absa Bank Kenya Plc Ord 0.50,KES 22.70,133382,-11,300,0.00%,
12/3/2025,NCBA Bank Ltd Ord 5.00,KES 79.25,65084,0,0.00%,,
12/3/2025,Equity Group Holdings Ltd Ord 0.50,KES 62.00,316016,8,980,236.25,-1.20%
12/3/2025,KCB Group Ltd Ord 1.00,KES 57.00,243801,5,921,-1.72%,
12/3/2025,Absa Bank Kenya Plc Ord 0.50,KES 22.70,92705,0,-0.22%,,
12/3/2025,The Co-operative Bank of Kenya Ltd Ord 1.00,KES 23.10,745886,0,2.90%,,
12/2/2025,KCB Group Ltd Ord 1.00,KES 58.00,468445,-3,63,808.75,-1.28%
12/2/2025,Equity Group Holdings Ltd Ord 0.50,KES 62.75,1638765,0,-0.40%,,
12/2/2025,Absa Bank Kenya Plc Ord 0.50,KES 22.75,101139,0,0.00%,,
12/2/2025,NCBA Bank Ltd Ord 5.00,KES 79.25,36274,0,-2.16%,,
12/2/2025,The Co-operative Bank of Kenya Ltd Ord 1.00,KES 22.45,673071,40,620,2.75%,
12/1/2025,Equity Group Holdings Ltd Ord 0.50,KES 63.00,140231,4,277,850,0.40%
12/1/2025,The Co-operative Bank of Kenya Ltd Ord 1.00,KES 21.85,184100,0,-4.59%,,
12/1/2025,NCBA Bank Ltd Ord 5.00,KES 81.00,20390,0,-2.41%,,
12/1/2025,KCB Group Ltd Ord 1.00,KES 58.75,187052,0,0.00%,,
12/1/2025,Absa Bank Kenya Plc Ord 0.50,KES 22.75,75598,0,4.12%,,
11/28/2025,The Co-operative Bank of Kenya Ltd Ord 1.00,KES 22.90,1672520,0,5.77%,,
11/28/2025,KCB Group Ltd Ord 1.00,KES 58.75,3735546,-50,545,928.5,-0.84%
11/28/2025,Equity Group Holdings Ltd Ord 0.50,KES 62.75,213776,0,0.00%,,
11/28/2025,Absa Bank Kenya Plc Ord 0.50,KES 21.85,2355593,-4,272,6.7,-1.35%
11/28/2025,NCBA Bank Ltd Ord 5.00,KES 83.00,52943,0,0.00%,,
11/27/2025,NCBA Bank Ltd Ord 5.00,KES 83.00,204427,0,-1.48%,,
11/27/2025,Equity Group Holdings Ltd Ord 0.50,KES 62.75,194268,405,952.75,0.00%,
11/27/2025,KCB Group Ltd Ord 1.00,KES 59.25,806169,12,2,794,-1.66%
11/27/2025,Absa Bank Kenya Plc Ord 0.50,KES 22.15,87374,0,0.91%,,
11/27/2025,The Co-operative Bank of Kenya Ltd Ord 1.00,KES 21.65,188379,16,960,-7.28%,
11/26/2025,NCBA Bank Ltd Ord 5.00,KES 84.25,786608,-42,0,-0.59%,
11/26/2025,KCB Group Ltd Ord 1.00,KES 60.25,3231252,5,968,1.75,1.26%
11/26/2025,The Co-operative Bank of Kenya Ltd Ord 1.00,KES 23.35,610990,0,-1.48%,,
11/26/2025,Absa Bank Kenya Plc Ord 0.50,KES 21.95,4090420,-86,634,400,0.00%
11/26/2025,Equity Group Holdings Ltd Ord 0.50,KES 62.75,2700595,-66,430,400,-0.40%
11/25/2025,NCBA Bank Ltd Ord 5.00,KES 84.75,102196,168.5,1.19%,,
11/25/2025,Equity Group Holdings Ltd Ord 0.50,KES 63.00,184673,-238,908.5,-0.40%,
11/25/2025,Absa Bank Kenya Plc Ord 0.50,KES 21.95,507234,-39,373,-2.66%,
11/25/2025,KCB Group Ltd Ord 1.00,KES 59.50,310305,-7,638,454.5,-2.46%
11/25/2025,The Co-operative Bank of Kenya Ltd Ord 1.00,KES 23.70,560183,-102,522.75,0.21%,
11/24/2025,KCB Group Ltd Ord 1.00,KES 61.00,437945,-12,964,665,-5.06%
11/24/2025,The Co-operative Bank of Kenya Ltd Ord 1.00,KES 23.65,811340,13,584,968.45,-1.25%
11/24/2025,NCBA Bank Ltd Ord 5.00,KES 83.75,64180,0,-0.59%,,
11/24/2025,Absa Bank Kenya Plc Ord 0.50,KES 22.55,87220,13,500,-1.53%,
11/24/2025,Equity Group Holdings Ltd Ord 0.50,KES 63.25,184170,-3,107,239.75,-0.78%
11/21/2025,The Co-operative Bank of Kenya Ltd Ord 1.00,KES 23.95,377447,7,200,-2.04%,
11/21/2025,NCBA Bank Ltd Ord 5.00,KES 84.25,80724,-15,249.25,1.20%,
11/21/2025,Equity Group Holdings Ltd Ord 0.50,KES 63.75,330435,2,881,375,-0.39%
11/21/2025,KCB Group Ltd Ord 1.00,KES 64.25,459125,10,795,-1.15%,
11/21/2025,Absa Bank Kenya Plc Ord 0.50,KES 22.90,247864,-60,927,-1.72%,
11/20/2025,The Co-operative Bank of Kenya Ltd Ord 1.00,KES 24.45,344188,147,0,-0.41%,
11/20/2025,NCBA Bank Ltd Ord 5.00,KES 83.25,131298,-843,126,-0.30%,
11/20/2025,KCB Group Ltd Ord 1.00,KES 65.00,960543,-43,470,286.5,-0.76%
11/20/2025,Equity Group Holdings Ltd Ord 0.50,KES 64.00,1251642,58,403,584,0.00%
11/20/2025,Absa Bank Kenya Plc Ord 0.50,KES 23.30,124425,0,-5.67%,,
11/19/2025,KCB Group Ltd Ord 1.00,KES 65.50,4957666,35,80,883,0.77%
11/19/2025,The Co-operative Bank of Kenya Ltd Ord 1.00,KES 24.55,6722676,37,125,-1.80%,
11/19/2025,Equity Group Holdings Ltd Ord 0.50,KES 64.00,2650059,1,795,962.5,-1.54%
11/19/2025,Absa Bank Kenya Plc Ord 0.50,KES 24.70,109743,0,-1.20%,,
11/19/2025,NCBA Bank Ltd Ord 5.00,KES 83.50,1189121,12,450,-0.30%,
11/18/2025,Equity Group Holdings Ltd Ord 0.50,KES 65.00,2489356,-9,492,664.75,0.39%
11/18/2025,NCBA Bank Ltd Ord 5.00,KES 83.75,38192,0,-0.30%,,
11/18/2025,KCB Group Ltd Ord 1.00,KES 65.00,1645442,-871,825.25,0.00%,
11/18/2025,Absa Bank Kenya Plc Ord 0.50,KES 25.00,129697,0,0.40%,,
11/18/2025,The Co-operative Bank of Kenya Ltd Ord 1.00,KES 25.00,879446,-13,925,0.40%,
11/17/2025,NCBA Bank Ltd Ord 5.00,KES 84.00,15823,0,1.20%,,
11/17/2025,Equity Group Holdings Ltd Ord 0.50,KES 64.75,1578116,2,326,563.5,1.17%
11/17/2025,The Co-operative Bank of Kenya Ltd Ord 1.00,KES 24.90,1017936,-101,347.25,0.40%,
11/17/2025,KCB Group Ltd Ord 1.00,KES 65.00,626869,6,566,300,0.00%
11/17/2025,Absa Bank Kenya Plc Ord 0.50,KES 24.90,292306,16,217.5,-0.40%,
11/14/2025,The Co-operative Bank of Kenya Ltd Ord 1.00,KES 24.80,4528746,0,-0.40%,,
11/14/2025,KCB Group Ltd Ord 1.00,KES 65.00,589051,5,525,0,0.00%
11/14/2025,NCBA Bank Ltd Ord 5.00,KES 83.00,206295,0,-0.30%,,
11/14/2025,Equity Group Holdings Ltd Ord 0.50,KES 64.00,603322,-8,676,167.5,-0.78%
11/14/2025,Absa Bank Kenya Plc Ord 0.50,KES 25.00,796857,0,3.31%,,
11/13/2025,The Co-operative Bank of Kenya Ltd Ord 1.00,KES 24.90,3494165,0,9.45%,,
11/13/2025,KCB Group Ltd Ord 1.00,KES 65.00,2222519,96,341,738,-1.14%
11/13/2025,Equity Group Holdings Ltd Ord 0.50,KES 64.50,769911,-4,661,192.5,-0.77%
11/13/2025,NCBA Bank Ltd Ord 5.00,KES 83.25,110142,0,-1.48%,,
11/13/2025,Absa Bank Kenya Plc Ord 0.50,KES 24.20,376978,18,640,-6.38%,
11/12/2025,The Co-operative Bank of Kenya Ltd Ord 1.00,KES 22.75,247164,80,848.8,-0.22%,
11/12/2025,NCBA Bank Ltd Ord 5.00,KES 84.50,104025,0,-1.17%,,
11/12/2025,Absa Bank Kenya Plc Ord 0.50,KES 25.85,1194819,0,0.19%,,
11/12/2025,KCB Group Ltd Ord 1.00,KES 65.75,2008275,7,752,158.75,-2.95%
11/12/2025,Equity Group Holdings Ltd Ord 0.50,KES 65.00,171601,-2,367,210,-3.35%
11/11/2025,NCBA Bank Ltd Ord 5.00,KES 85.50,426274,9,405,-0.58%,
11/11/2025,KCB Group Ltd Ord 1.00,KES 67.75,1978600,93,784,811.5,-2.52%
11/11/2025,Equity Group Holdings Ltd Ord 0.50,KES 67.25,562653,9,857,375.5,-2.18%
11/11/2025,The Co-operative Bank of Kenya Ltd Ord 1.00,KES 22.80,1496514,-1,111,832.5,-0.65%
11/11/2025,Absa Bank Kenya Plc Ord 0.50,KES 25.80,1722614,1,163,580,1.18%
11/10/2025,Equity Group Holdings Ltd Ord 0.50,KES 68.75,213116,-7,578,85.75,-1.43%
11/10/2025,KCB Group Ltd Ord 1.00,KES 69.50,1414202,-2,337,898,-0.71%
11/10/2025,The Co-operative Bank of Kenya Ltd Ord 1.00,KES 22.95,400884,-1,162,747.5,0.22%
11/10/2025,NCBA Bank Ltd Ord 5.00,KES 86.00,15907,0,1.18%,,
11/10/2025,Absa Bank Kenya Plc Ord 0.50,KES 25.50,420258,6,750,-1.35%,
11/7/2025,The Co-operative Bank of Kenya Ltd Ord 1.00,KES 22.90,1496145,25,244,3.85%,
11/7/2025,Equity Group Holdings Ltd Ord 0.50,KES 69.75,2088476,-12,910,13.75,0.00%
11/7/2025,KCB Group Ltd Ord 1.00,KES 70.00,1042890,11,222,945.5,1.45%
11/7/2025,NCBA Bank Ltd Ord 5.00,KES 85.00,19941,0,1.80%,,
11/7/2025,Absa Bank Kenya Plc Ord 0.50,KES 25.85,281265,0,2.38%,,
11/6/2025,The Co-operative Bank of Kenya Ltd Ord 1.00,KES 22.05,625027,2,420,1.15%,
11/6/2025,NCBA Bank Ltd Ord 5.00,KES 83.50,448461,0,0.30%,,
11/6/2025,KCB Group Ltd Ord 1.00,KES 69.00,3388377,150,61,330.25,9.09%
11/6/2025,Equity Group Holdings Ltd Ord 0.50,KES 69.75,909216,-20,557,972.75,0.00%
11/6/2025,Absa Bank Kenya Plc Ord 0.50,KES 25.25,560381,25,650,6.09%,
11/5/2025,NCBA Bank Ltd Ord 5.00,KES 83.25,435181,-3,84,454,-5.93%
11/5/2025,Equity Group Holdings Ltd Ord 0.50,KES 69.75,2716514,-90,312,800.75,2.57%
11/5/2025,KCB Group Ltd Ord 1.00,KES 63.25,531394,4,340,247.75,2.02%
11/5/2025,Absa Bank Kenya Plc Ord 0.50,KES 23.80,599327,0,1.93%,,
11/5/2025,The Co-operative Bank of Kenya Ltd Ord 1.00,KES 21.80,1232181,134,450,0.69%,
11/4/2025,NCBA Bank Ltd Ord 5.00,KES 88.50,84414,104,720,1.14%,
11/4/2025,Absa Bank Kenya Plc Ord 0.50,KES 23.35,168137,0,-0.21%,,
11/4/2025,KCB Group Ltd Ord 1.00,KES 62.00,456242,-13,202,728,0.40%
11/4/2025,Equity Group Holdings Ltd Ord 0.50,KES 68.00,868522,-34,18,238.5,0.74%
11/4/2025,The Co-operative Bank of Kenya Ltd Ord 1.00,KES 21.65,365824,-558,299.35,0.00%,
11/3/2025,KCB Group Ltd Ord 1.00,KES 61.75,177345,2,125,271,0.41%
11/3/2025,The Co-operative Bank of Kenya Ltd Ord 1.00,KES 21.65,226309,0,2.61%,,
11/3/2025,Equity Group Holdings Ltd Ord 0.50,KES 67.50,3720046,-217,763.5,1.89%,
11/3/2025,NCBA Bank Ltd Ord 5.00,KES 87.50,57772,0,-0.57%,,
11/3/2025,Absa Bank Kenya Plc Ord 0.50,KES 23.40,127765,7,5,1.74%,
10/31/2025,Equity Group Holdings Ltd Ord 0.50,KES 66.25,4727964,131,15,35.75,4.33%
10/31/2025,The Co-operative Bank of Kenya Ltd Ord 1.00,KES 21.10,486694,-57,270.7,0.48%,
10/31/2025,KCB Group Ltd Ord 1.00,KES 61.50,809545,1,757,511.75,1.23%
10/31/2025,NCBA Bank Ltd Ord 5.00,KES 88.00,170759,923,407.5,7.98%,
10/31/2025,Absa Bank Kenya Plc Ord 0.50,KES 23.00,215630,0,0.44%,,
10/30/2025,The Co-operative Bank of Kenya Ltd Ord 1.00,KES 21.00,677411,114,81,1.20%,
10/30/2025,NCBA Bank Ltd Ord 5.00,KES 81.50,350304,0,-0.61%,,
10/30/2025,Equity Group Holdings Ltd Ord 0.50,KES 63.50,457518,-10,870,243.75,4.96%
10/30/2025,KCB Group Ltd Ord 1.00,KES 60.75,217941,474,954.75,1.67%,
10/30/2025,Absa Bank Kenya Plc Ord 0.50,KES 22.90,139358,-73,275,0.66%,
10/29/2025,The Co-operative Bank of Kenya Ltd Ord 1.00,KES 20.75,219563,-13,385,0.24%,
10/29/2025,KCB Group Ltd Ord 1.00,KES 59.75,2242583,62,100,474,1.70%
10/29/2025,NCBA Bank Ltd Ord 5.00,KES 82.00,70969,0,-4.09%,,
10/29/2025,Equity Group Holdings Ltd Ord 0.50,KES 60.50,499408,23,315,59,0.83%
10/29/2025,Absa Bank Kenya Plc Ord 0.50,KES 22.75,182059,2,285,-0.22%,
10/28/2025,KCB Group Ltd Ord 1.00,KES 58.75,446773,8,826,302.25,1.29%
10/28/2025,Equity Group Holdings Ltd Ord 0.50,KES 60.00,761032,-2,625,830.75,0.42%
10/28/2025,NCBA Bank Ltd Ord 5.00,KES 85.50,150904,4,437.5,-3.93%,
10/28/2025,The Co-operative Bank of Kenya Ltd Ord 1.00,KES 20.70,353475,109,728.8,-0.24%,
10/28/2025,Absa Bank Kenya Plc Ord 0.50,KES 22.80,536953,2,260,0.88%,
10/27/2025,NCBA Bank Ltd Ord 5.00,KES 89.00,83592,0,-2.20%,,
10/27/2025,The Co-operative Bank of Kenya Ltd Ord 1.00,KES 20.75,91914,120,598.2,1.97%,
10/27/2025,Absa Bank Kenya Plc Ord 0.50,KES 22.60,215775,226.5,0.44%,,
10/27/2025,KCB Group Ltd Ord 1.00,KES 58.00,150796,4,113,372,-0.43%
10/27/2025,Equity Group Holdings Ltd Ord 0.50,KES 59.75,61726,-481,738.25,0.42%,
10/24/2025,The Co-operative Bank of Kenya Ltd Ord 1.00,KES 20.35,403883,498,898,1.50%,
10/24/2025,NCBA Bank Ltd Ord 5.00,KES 91.00,274975,0,-0.82%,,
10/24/2025,KCB Group Ltd Ord 1.00,KES 58.25,2110423,-2,675,338.25,0.00%
10/24/2025,Equity Group Holdings Ltd Ord 0.50,KES 59.50,2363987,-115,501,332,0.00%
10/24/2025,Absa Bank Kenya Plc Ord 0.50,KES 22.50,4430304,-94,500,0,0.00%
10/23/2025,KCB Group Ltd Ord 1.00,KES 58.25,338448,16,942,467.5,0.00%
10/23/2025,The Co-operative Bank of Kenya Ltd Ord 1.00,KES 20.05,838367,0,0.25%,,
10/23/2025,NCBA Bank Ltd Ord 5.00,KES 91.75,375211,0,-4.68%,,
10/23/2025,Equity Group Holdings Ltd Ord 0.50,KES 59.50,44018,0,-0.83%,,
10/23/2025,Absa Bank Kenya Plc Ord 0.50,KES 22.50,419304,0,0.45%,,
10/22/2025,NCBA Bank Ltd Ord 5.00,KES 96.25,200535,0,5.48%,,
10/22/2025,The Co-operative Bank of Kenya Ltd Ord 1.00,KES 20.00,1726461,51,800,0.00%,
10/22/2025,Equity Group Holdings Ltd Ord 0.50,KES 60.00,8008213,31,40,196,0.00%
10/22/2025,KCB Group Ltd Ord 1.00,KES 58.25,1314368,9,826,529.25,0.87%
10/22/2025,Absa Bank Kenya Plc Ord 0.50,KES 22.40,407240,102,566.05,0.00%,
10/21/2025,NCBA Bank Ltd Ord 5.00,KES 91.25,308387,0,9.61%,,
10/21/2025,KCB Group Ltd Ord 1.00,KES 57.75,779143,22,783,433.75,1.32%
10/21/2025,The Co-operative Bank of Kenya Ltd Ord 1.00,KES 20.00,1228337,68,760,0.25%,
10/21/2025,Absa Bank Kenya Plc Ord 0.50,KES 22.40,279030,0,1.82%,,
10/21/2025,Equity Group Holdings Ltd Ord 0.50,KES 60.00,96439,530,771.75,1.27%,
10/16/2025,KCB Group Ltd Ord 1.00,KES 57.00,2329152,9,876,504,0.00%
10/16/2025,Equity Group Holdings Ltd Ord 0.50,KES 59.25,1575219,32,956,515,0.85%
10/16/2025,The Co-operative Bank of Kenya Ltd Ord 1.00,KES 19.95,406943,-9,850,1.27%,
10/16/2025,NCBA Bank Ltd Ord 5.00,KES 83.25,270305,0,2.46%,,
10/16/2025,Absa Bank Kenya Plc Ord 0.50,KES 22.00,244306,-107,314.8,0.23%,
10/15/2025,The Co-operative Bank of Kenya Ltd Ord 1.00,KES 19.70,326093,0,0.00%,,
10/15/2025,Equity Group Holdings Ltd Ord 0.50,KES 58.75,182929,8,947,621.5,-0.42%
10/15/2025,NCBA Bank Ltd Ord 5.00,KES 81.25,592261,-1,324,512,7.97%
10/15/2025,Absa Bank Kenya Plc Ord 0.50,KES 21.95,153160,0,0.46%,,
10/15/2025,KCB Group Ltd Ord 1.00,KES 57.00,227308,11,392,58.75,-0.87%
10/14/2025,The Co-operative Bank of Kenya Ltd Ord 1.00,KES 19.70,133523,107,325,-1.25%,
10/14/2025,KCB Group Ltd Ord 1.00,KES 57.50,769777,35,290,907.5,0.44%
10/14/2025,Equity Group Holdings Ltd Ord 0.50,KES 59.00,232111,9,744,869.75,-0.42%
10/14/2025,NCBA Bank Ltd Ord 5.00,KES 75.25,341475,0,8.27%,,
10/14/2025,Absa Bank Kenya Plc Ord 0.50,KES 21.85,214938,0,0.46%,,
10/13/2025,KCB Group Ltd Ord 1.00,KES 57.25,608364,28,697,27.25,1.33%
10/13/2025,NCBA Bank Ltd Ord 5.00,KES 69.50,34264,0,0.72%,,
10/13/2025,Equity Group Holdings Ltd Ord 0.50,KES 59.25,50558,-22,455,0.42%,
10/13/2025,Absa Bank Kenya Plc Ord 0.50,KES 21.75,104497,-12,964.8,-0.68%,
10/13/2025,The Co-operative Bank of Kenya Ltd Ord 1.00,KES 19.95,196242,118,166.55,-0.25%,
10/9/2025,Equity Group Holdings Ltd Ord 0.50,KES 59.00,205172,6,756,289.25,0.43%
10/9/2025,NCBA Bank Ltd Ord 5.00,KES 69.00,38840,-1,831,990.5,-1.08%
10/9/2025,KCB Group Ltd Ord 1.00,KES 56.50,455354,16,848,493.25,0.00%
10/9/2025,The Co-operative Bank of Kenya Ltd Ord 1.00,KES 20.00,1770108,-2,345,221.45,-2.68%
10/9/2025,Absa Bank Kenya Plc Ord 0.50,KES 21.90,383626,-1,743,236.25,-0.23%
10/8/2025,The Co-operative Bank of Kenya Ltd Ord 1.00,KES 20.55,184608,2,50,-0.72%,
10/8/2025,KCB Group Ltd Ord 1.00,KES 56.50,1343656,28,375,0,-0.44%
10/8/2025,NCBA Bank Ltd Ord 5.00,KES 69.75,70671,0,-0.36%,,
10/8/2025,Equity Group Holdings Ltd Ord 0.50,KES 58.75,86387,1,120,500,0.43%
10/8/2025,Absa Bank Kenya Plc Ord 0.50,KES 21.95,86536,-97,320.4,-1.13%,
10/7/2025,The Co-operative Bank of Kenya Ltd Ord 1.00,KES 20.70,1162009,559,302.9,-0.72%,
10/7/2025,KCB Group Ltd Ord 1.00,KES 56.75,1175747,42,801,60.5,0.44%
10/7/2025,Equity Group Holdings Ltd Ord 0.50,KES 58.50,683325,23,230,693.75,0.00%
10/7/2025,NCBA Bank Ltd Ord 5.00,KES 70.00,158161,0,0.00%,,
10/7/2025,Absa Bank Kenya Plc Ord 0.50,KES 22.20,113448,-33,67.5,0.68%,
10/6/2025,The Co-operative Bank of Kenya Ltd Ord 1.00,KES 20.85,240466,41,800,0.72%,
10/6/2025,NCBA Bank Ltd Ord 5.00,KES 70.00,21867,189,0,-1.06%,
10/6/2025,KCB Group Ltd Ord 1.00,KES 56.50,129795,2,646,129.5,-0.88%
10/6/2025,Equity Group Holdings Ltd Ord 0.50,KES 58.50,348342,15,162,718.25,0.43%
10/6/2025,Absa Bank Kenya Plc Ord 0.50,KES 22.05,1675306,44,0,0.00%,
10/3/2025,NCBA Bank Ltd Ord 5.00,KES 70.75,67728,21,150,1.07%,
10/3/2025,KCB Group Ltd Ord 1.00,KES 57.00,1743338,79,501,460.5,0.00%
10/3/2025,The Co-operative Bank of Kenya Ltd Ord 1.00,KES 20.70,113242,0,-0.72%,,
10/3/2025,Equity Group Holdings Ltd Ord 0.50,KES 58.25,673622,36,820,894.25,0.43%
10/3/2025,Absa Bank Kenya Plc Ord 0.50,KES 22.05,111721,880,0,0.23%,
10/2/2025,KCB Group Ltd Ord 1.00,KES 57.00,754872,36,729,478.25,0.88%
10/2/2025,Equity Group Holdings Ltd Ord 0.50,KES 58.00,525879,25,78,950,0.00%
10/2/2025,NCBA Bank Ltd Ord 5.00,KES 70.00,11277,1,42.5,0.36%,
10/2/2025,Absa Bank Kenya Plc Ord 0.50,KES 22.00,220968,0,2.33%,,
10/2/2025,The Co-operative Bank of Kenya Ltd Ord 1.00,KES 20.85,270758,0,-0.71%,,
10/1/2025,The Co-operative Bank of Kenya Ltd Ord 1.00,KES 21.00,74545,0,-1.87%,,
10/1/2025,Equity Group Holdings Ltd Ord 0.50,KES 58.00,1459867,67,11,54,0.00%
10/1/2025,KCB Group Ltd Ord 1.00,KES 56.50,1747935,94,699,308.5,-0.44%
10/1/2025,Absa Bank Kenya Plc Ord 0.50,KES 21.50,116118,22,226.25,0.00%,
10/1/2025,NCBA Bank Ltd Ord 5.00,KES 69.75,20552,0,1.09%,,
9/30/2025,The Co-operative Bank of Kenya Ltd Ord 1.00,KES 21.40,594324,0,2.15%,,
9/30/2025,KCB Group Ltd Ord 1.00,KES 56.75,484280,3,571,978,0.00%
9/30/2025,NCBA Bank Ltd Ord 5.00,KES 69.00,9375,0,-0.36%,,
9/30/2025,Equity Group Holdings Ltd Ord 0.50,KES 58.00,232003,11,665,381.5,0.43%
9/30/2025,Absa Bank Kenya Plc Ord 0.50,KES 21.50,96015,7,707,3.61%,
9/29/2025,KCB Group Ltd Ord 1.00,KES 56.75,172002,5,633,999.5,-0.44%
9/29/2025,The Co-operative Bank of Kenya Ltd Ord 1.00,KES 20.95,688465,0,-0.95%,,
9/29/2025,NCBA Bank Ltd Ord 5.00,KES 69.25,6060,0,0.36%,,
9/29/2025,Equity Group Holdings Ltd Ord 0.50,KES 57.75,55873,-645,338.5,-0.43%,
9/29/2025,Absa Bank Kenya Plc Ord 0.50,KES 20.75,316205,12,420,0.73%,
9/26/2025,NCBA Bank Ltd Ord 5.00,KES 69.00,117423,0,-1.43%,,
9/26/2025,The Co-operative Bank of Kenya Ltd Ord 1.00,KES 21.15,1363958,0,-1.17%,,
9/26/2025,KCB Group Ltd Ord 1.00,KES 57.00,752896,31,993,701,0.00%
9/26/2025,Absa Bank Kenya Plc Ord 0.50,KES 20.60,1077006,-1,996,396.1,-0.48%
9/26/2025,Equity Group Holdings Ltd Ord 0.50,KES 58.00,132610,26,950,1.75%,
9/25/2025,NCBA Bank Ltd Ord 5.00,KES 70.00,240960,0,0.00%,,
9/25/2025,KCB Group Ltd Ord 1.00,KES 57.00,11784767,28,782,568.5,-0.87%
9/25/2025,Equity Group Holdings Ltd Ord 0.50,KES 57.00,2298350,52,126,13.25,0.00%
9/25/2025,The Co-operative Bank of Kenya Ltd Ord 1.00,KES 21.40,3259865,0,5.16%,,
9/25/2025,Absa Bank Kenya Plc Ord 0.50,KES 20.70,709145,-64,562,1.72%,
9/24/2025,Equity Group Holdings Ltd Ord 0.50,KES 57.00,479095,15,328,440.5,4.11%
9/24/2025,NCBA Bank Ltd Ord 5.00,KES 70.00,27639,0,0.00%,,
9/24/2025,KCB Group Ltd Ord 1.00,KES 57.50,26772968,-37,379,156.5,3.60%
9/24/2025,The Co-operative Bank of Kenya Ltd Ord 1.00,KES 20.35,964786,0,7.39%,,
9/24/2025,Absa Bank Kenya Plc Ord 0.50,KES 20.35,215842,0,1.75%,,
9/23/2025,The Co-operative Bank of Kenya Ltd Ord 1.00,KES 18.95,548640,0,0.00%,,
9/23/2025,Equity Group Holdings Ltd Ord 0.50,KES 54.75,550699,8,134,73.25,0.92%
9/23/2025,KCB Group Ltd Ord 1.00,KES 55.50,11473519,110,889,772.5,2.30%
9/23/2025,NCBA Bank Ltd Ord 5.00,KES 70.00,334660,0,0.00%,,
9/23/2025,Absa Bank Kenya Plc Ord 0.50,KES 20.00,404033,0,-0.99%,,
9/22/2025,KCB Group Ltd Ord 1.00,KES 54.25,1726003,27,0,0.93%,
9/22/2025,Equity Group Holdings Ltd Ord 0.50,KES 54.25,1094384,5,307,451,0.46%
9/22/2025,NCBA Bank Ltd Ord 5.00,KES 70.00,80009,0,2.19%,,
9/22/2025,The Co-operative Bank of Kenya Ltd Ord 1.00,KES 18.95,240398,51,165,-1.04%,
9/22/2025,Absa Bank Kenya Plc Ord 0.50,KES 20.20,67567,0,-4.94%,,
9/19/2025,KCB Group Ltd Ord 1.00,KES 53.75,1451788,0,0.94%,,
9/19/2025,Equity Group Holdings Ltd Ord 0.50,KES 54.00,6216531,-15,571,801,0.47%
9/19/2025,NCBA Bank Ltd Ord 5.00,KES 68.50,46297,0,-3.52%,,
9/19/2025,The Co-operative Bank of Kenya Ltd Ord 1.00,KES 19.15,561724,0,-3.28%,,
9/19/2025,Absa Bank Kenya Plc Ord 0.50,KES 21.25,150634,5,670,-6.59%,
9/18/2025,NCBA Bank Ltd Ord 5.00,KES 71.00,94217,-328,752,-1.39%,
9/18/2025,KCB Group Ltd Ord 1.00,KES 53.25,995737,3,663,428.5,0.47%
9/18/2025,Absa Bank Kenya Plc Ord 0.50,KES 22.75,129045,0,-2.36%,,
9/18/2025,Equity Group Holdings Ltd Ord 0.50,KES 53.75,821375,-8,700,729.5,-0.46%
9/18/2025,The Co-operative Bank of Kenya Ltd Ord 1.00,KES 19.80,130152,65,286.65,-2.70%,
9/17/2025,NCBA Bank Ltd Ord 5.00,KES 72.00,148898,42,500,-3.68%,
9/17/2025,KCB Group Ltd Ord 1.00,KES 53.00,10596467,-535,738,494.5,0.00%
9/17/2025,The Co-operative Bank of Kenya Ltd Ord 1.00,KES 20.35,256542,0,0.25%,,
9/17/2025,Equity Group Holdings Ltd Ord 0.50,KES 54.00,19531140,-918,552,783.75,0.00%
9/17/2025,Absa Bank Kenya Plc Ord 0.50,KES 23.30,18798953,-325,791,284.7,0.00%
9/16/2025,The Co-operative Bank of Kenya Ltd Ord 1.00,KES 20.30,737029,46,396.55,-2.40%,
9/16/2025,NCBA Bank Ltd Ord 5.00,KES 74.75,196987,-290,255.75,2.40%,
9/16/2025,KCB Group Ltd Ord 1.00,KES 53.00,4727022,-2,174,374.25,0.00%
9/16/2025,Equity Group Holdings Ltd Ord 0.50,KES 54.00,4205808,11,380,579.5,0.00%
9/16/2025,Absa Bank Kenya Plc Ord 0.50,KES 23.30,629910,-93,0.2,1.30%,
9/15/2025,The Co-operative Bank of Kenya Ltd Ord 1.00,KES 20.80,1079113,42,900,4.52%,
9/15/2025,NCBA Bank Ltd Ord 5.00,KES 73.00,90268,0,0.69%,,
9/15/2025,KCB Group Ltd Ord 1.00,KES 53.00,698706,1,861,520.5,0.00%
9/15/2025,Absa Bank Kenya Plc Ord 0.50,KES 23.00,289203,23,0,-0.22%,
9/15/2025,Equity Group Holdings Ltd Ord 0.50,KES 54.00,819241,-12,32,614,-0.46%
9/12/2025,KCB Group Ltd Ord 1.00,KES 53.00,2331286,-1,138,529.5,0.00%
9/12/2025,NCBA Bank Ltd Ord 5.00,KES 72.50,163955,2,920,3.57%,
9/12/2025,Equity Group Holdings Ltd Ord 0.50,KES 54.25,298680,-2,497,968.75,-0.91%
9/12/2025,The Co-operative Bank of Kenya Ltd Ord 1.00,KES 19.90,119718,179,51.25,-5.24%,
9/12/2025,Absa Bank Kenya Plc Ord 0.50,KES 23.05,469486,0,0.22%,,
9/11/2025,NCBA Bank Ltd Ord 5.00,KES 70.00,275954,0,0.72%,,
9/11/2025,KCB Group Ltd Ord 1.00,KES 53.00,5376659,-1,518,630.5,1.44%
9/11/2025,Equity Group Holdings Ltd Ord 0.50,KES 54.75,475054,417,730.75,-0.90%,
9/11/2025,The Co-operative Bank of Kenya Ltd Ord 1.00,KES 21.00,4835089,-3,324,827,-1.18%
9/11/2025,Absa Bank Kenya Plc Ord 0.50,KES 23.00,408095,0,1.55%,,
9/10/2025,NCBA Bank Ltd Ord 5.00,KES 69.50,175377,0,1.83%,,
9/10/2025,The Co-operative Bank of Kenya Ltd Ord 1.00,KES 21.25,2496229,-7,55,24.3,-0.93%
9/10/2025,KCB Group Ltd Ord 1.00,KES 52.25,2393751,14,284,86.25,0.97%
9/10/2025,Absa Bank Kenya Plc Ord 0.50,KES 22.65,464188,-4,376,560,4.38%
9/10/2025,Equity Group Holdings Ltd Ord 0.50,KES 55.25,2493167,-17,78,989.75,0.00%
9/9/2025,The Co-operative Bank of Kenya Ltd Ord 1.00,KES 21.45,8159549,-203,175,2.14%,
9/9/2025,KCB Group Ltd Ord 1.00,KES 51.75,1366206,-1,925,204.75,0.98%
9/9/2025,Equity Group Holdings Ltd Ord 0.50,KES 55.25,889908,-2,801,685,0.45%
9/9/2025,NCBA Bank Ltd Ord 5.00,KES 68.25,67361,0,-0.36%,,
9/9/2025,Absa Bank Kenya Plc Ord 0.50,KES 21.70,584170,-214,200,4.33%,
9/8/2025,The Co-operative Bank of Kenya Ltd Ord 1.00,KES 21.00,3229764,-424,683,-,
9/8/2025,NCBA Bank Ltd Ord 5.00,KES 68.50,48849,0,-,,
9/8/2025,Equity Group Holdings Ltd Ord 0.50,KES 55.00,956521,1,645,598,-
9/8/2025,KCB Group Ltd Ord 1.00,KES 51.25,1970332,-9,600,157.5,-
9/8/2025,Absa Bank Kenya Plc Ord 0.50,KES 20.80,188888,-1,259,601.2,-
9/7/2025,KCB Group Ltd Ord 1.00,-,1970332,-9,600,157.5,-
9/7/2025,The Co-operative Bank of Kenya Ltd Ord 1.00,-,3229764,-424,683,-,
9/7/2025,NCBA Bank Ltd Ord 5.00,-,48849,0,-,,
9/7/2025,Absa Bank Kenya Plc Ord 0.50,-,188888,-1,259,601.2,-
9/7/2025,Equity Group Holdings Ltd Ord 0.50,-,956521,1,645,598,-
9/5/2025,The Co-operative Bank of Kenya Ltd Ord 1.00,KES 20.30,8399196,-70,799,5.73%,
9/5/2025,NCBA Bank Ltd Ord 5.00,KES 66.00,161925,-1,386,0.00%,
9/5/2025,Equity Group Holdings Ltd Ord 0.50,KES 55.50,1283993,50,390,842.75,0.00%
9/5/2025,KCB Group Ltd Ord 1.00,KES 51.00,743163,2,30,0,0.99%
9/5/2025,Absa Bank Kenya Plc Ord 0.50,KES 20.75,89057,-30,975,-0.48%,
9/4/2025,KCB Group Ltd Ord 1.00,KES 50.50,6057879,-734,319.25,-6.05%,
9/4/2025,NCBA Bank Ltd Ord 5.00,KES 66.00,74267,0,0.00%,,
9/4/2025,The Co-operative Bank of Kenya Ltd Ord 1.00,KES 19.20,2975023,0,4.07%,,
9/4/2025,Equity Group Holdings Ltd Ord 0.50,KES 55.50,1433762,7,350,378,-0.89%
9/4/2025,Absa Bank Kenya Plc Ord 0.50,KES 20.85,107473,-243,652.2,0.97%,
9/3/2025,Equity Group Holdings Ltd Ord 0.50,KES 56.00,932598,11,637,16,0.00%
9/3/2025,The Co-operative Bank of Kenya Ltd Ord 1.00,KES 18.45,2949823,-495,615.25,1.37%,
9/3/2025,Absa Bank Kenya Plc Ord 0.50,KES 20.65,661022,-1,239,202.8,0.49%
9/3/2025,NCBA Bank Ltd Ord 5.00,KES 66.00,98709,-30,508,0.76%,
9/3/2025,KCB Group Ltd Ord 1.00,KES 53.75,4324502,53,333,121,-0.46%
9/2/2025,Absa Bank Kenya Plc Ord 0.50,KES 20.55,302025,-2,300,653.8,0.24%
9/2/2025,KCB Group Ltd Ord 1.00,KES 54.00,3884331,37,976,987.25,-0.46%
9/2/2025,NCBA Bank Ltd Ord 5.00,KES 65.50,296816,0,0.77%,,
9/2/2025,The Co-operative Bank of Kenya Ltd Ord 1.00,KES 18.20,9985352,16,430,2.25%,
9/2/2025,Equity Group Holdings Ltd Ord 0.50,KES 56.00,4440477,-72,678,627,0.00%
9/1/2025,Absa Bank Kenya Plc Ord 0.50,KES 20.50,126214,0,-,,
9/1/2025,Equity Group Holdings Ltd Ord 0.50,KES 56.00,2116770,-12,275,646.25,-
9/1/2025,The Co-operative Bank of Kenya Ltd Ord 1.00,KES 17.80,1645194,91,509.8,-,
9/1/2025,NCBA Bank Ltd Ord 5.00,KES 65.00,105509,0,-,,
9/1/2025,KCB Group Ltd Ord 1.00,KES 54.25,3097439,-521,927.75,-,
8/31/2025,Equity Group Holdings Ltd Ord 0.50,-,2116770,-12,275,646.25,-
8/31/2025,KCB Group Ltd Ord 1.00,-,3097439,-521,927.75,-,
8/31/2025,Absa Bank Kenya Plc Ord 0.50,-,126214,0,-,,
8/31/2025,The Co-operative Bank of Kenya Ltd Ord 1.00,-,1645194,91,509.8,-,
8/31/2025,NCBA Bank Ltd Ord 5.00,-,105509,0,-,,
8/29/2025,Equity Group Holdings Ltd Ord 0.50,KES 56.00,989180,52,617,1.25,0.00%
8/29/2025,NCBA Bank Ltd Ord 5.00,KES 64.25,458617,-1,253,493,1.98%
8/29/2025,Absa Bank Kenya Plc Ord 0.50,KES 20.10,293837,0,0.50%,,
8/29/2025,The Co-operative Bank of Kenya Ltd Ord 1.00,KES 17.80,971011,0,0.85%,,
8/29/2025,KCB Group Ltd Ord 1.00,KES 54.25,1327226,27,187,81.5,0.46%
8/28/2025,Absa Bank Kenya Plc Ord 0.50,KES 20.00,332882,0,0.00%,,
8/28/2025,KCB Group Ltd Ord 1.00,KES 54.00,1316020,34,194,352.5,0.47%
8/28/2025,NCBA Bank Ltd Ord 5.00,KES 63.00,17911,0,-1.18%,,
8/28/2025,The Co-operative Bank of Kenya Ltd Ord 1.00,KES 17.65,836571,0,0.57%,,
8/28/2025,Equity Group Holdings Ltd Ord 0.50,KES 56.00,1972172,107,861,489.5,0.00%
8/27/2025,NCBA Bank Ltd Ord 5.00,KES 63.75,68538,0,0.39%,,
8/27/2025,The Co-operative Bank of Kenya Ltd Ord 1.00,KES 17.55,256107,51,295,0.00%,
8/27/2025,Absa Bank Kenya Plc Ord 0.50,KES 20.00,756752,0,0.50%,,
8/27/2025,Equity Group Holdings Ltd Ord 0.50,KES 56.00,356222,18,965,183.5,0.00%
8/27/2025,KCB Group Ltd Ord 1.00,KES 53.75,824327,-11,408,977,-0.46%
8/26/2025,The Co-operative Bank of Kenya Ltd Ord 1.00,KES 17.55,661787,0,0.57%,,
8/26/2025,Absa Bank Kenya Plc Ord 0.50,KES 19.90,327371,-7,960,0.25%,
8/26/2025,KCB Group Ltd Ord 1.00,KES 54.00,771618,-17,711,859,0.00%
8/26/2025,Equity Group Holdings Ltd Ord 0.50,KES 56.00,710434,38,957,40.75,0.90%
8/26/2025,NCBA Bank Ltd Ord 5.00,KES 63.50,72115,635,0,1.60%,
8/25/2025,KCB Group Ltd Ord 1.00,KES 54.00,446677,-11,335,868,-
8/25/2025,Absa Bank Kenya Plc Ord 0.50,KES 19.85,53684,0,-,,
8/25/2025,Equity Group Holdings Ltd Ord 0.50,KES 55.50,717262,37,843,203.75,-
8/25/2025,NCBA Bank Ltd Ord 5.00,KES 62.50,112901,77,812.5,-,
8/25/2025,The Co-operative Bank of Kenya Ltd Ord 1.00,KES 17.45,504796,0,-,,
8/24/2025,KCB Group Ltd Ord 1.00,-,446677,-11,335,868,-
8/24/2025,Absa Bank Kenya Plc Ord 0.50,-,53684,0,-,,
8/24/2025,Equity Group Holdings Ltd Ord 0.50,-,717262,37,843,203.75,-
8/24/2025,The Co-operative Bank of Kenya Ltd Ord 1.00,-,504796,0,-,,
8/24/2025,NCBA Bank Ltd Ord 5.00,-,112901,77,812.5,-,
8/22/2025,Equity Group Holdings Ltd Ord 0.50,KES 55.00,1574565,49,471,679,-1.35%
8/22/2025,Absa Bank Kenya Plc Ord 0.50,KES 19.95,78363,0,0.25%,,
8/22/2025,The Co-operative Bank of Kenya Ltd Ord 1.00,KES 17.35,606178,0,0.00%,,
8/22/2025,NCBA Bank Ltd Ord 5.00,KES 62.25,67297,0,0.40%,,
8/22/2025,KCB Group Ltd Ord 1.00,KES 54.00,779757,0,0.00%,,
8/21/2025,Equity Group Holdings Ltd Ord 0.50,KES 55.75,1337491,7,695,17.75,0.00%
8/21/2025,Absa Bank Kenya Plc Ord 0.50,KES 19.90,1761873,0,1.53%,,
8/21/2025,NCBA Bank Ltd Ord 5.00,KES 62.00,94126,15,625,-3.13%,
8/21/2025,The Co-operative Bank of Kenya Ltd Ord 1.00,KES 17.35,133666,0,0.58%,,
8/21/2025,KCB Group Ltd Ord 1.00,KES 54.00,674881,0,-0.92%,,
8/20/2025,The Co-operative Bank of Kenya Ltd Ord 1.00,KES 17.25,2307627,0,0.00%,,
8/20/2025,KCB Group Ltd Ord 1.00,KES 54.50,6284884,-1,53,975.5,0.00%
8/20/2025,Absa Bank Kenya Plc Ord 0.50,KES 19.60,843156,-345,150.2,0.00%,
8/20/2025,Equity Group Holdings Ltd Ord 0.50,KES 55.75,2119579,70,606,201.75,1.83%
8/20/2025,NCBA Bank Ltd Ord 5.00,KES 64.00,25806,-7,95,-0.78%,
8/19/2025,The Co-operative Bank of Kenya Ltd Ord 1.00,KES 17.25,303519,1,103,620.75,0.88%
8/19/2025,Absa Bank Kenya Plc Ord 0.50,KES 19.60,540614,-6,865.85,-1.51%,
8/19/2025,Equity Group Holdings Ltd Ord 0.50,KES 54.75,1226064,50,117,102.25,0.00%
8/19/2025,NCBA Bank Ltd Ord 5.00,KES 64.50,71693,840,192.5,-0.77%,
8/19/2025,KCB Group Ltd Ord 1.00,KES 54.50,2324799,105,316,750.5,0.00%
8/18/2025,The Co-operative Bank of Kenya Ltd Ord 1.00,KES 17.10,438901,-3,165,31.75,-
8/18/2025,Absa Bank Kenya Plc Ord 0.50,KES 19.90,209202,0,-,,
8/18/2025,NCBA Bank Ltd Ord 5.00,KES 65.00,5874,5,75.75,-,
8/18/2025,KCB Group Ltd Ord 1.00,KES 54.50,3342604,88,876,298,-
8/18/2025,Equity Group Holdings Ltd Ord 0.50,KES 54.75,599698,29,929,318.5,-
8/17/2025,KCB Group Ltd Ord 1.00,-,3342604,88,876,298,-
8/17/2025,Absa Bank Kenya Plc Ord 0.50,-,209202,0,-,,
8/17/2025,Equity Group Holdings Ltd Ord 0.50,-,599698,29,929,318.5,-
8/17/2025,The Co-operative Bank of Kenya Ltd Ord 1.00,-,438901,-3,165,31.75,-
8/17/2025,NCBA Bank Ltd Ord 5.00,-,5874,5,75.75,-,
8/15/2025,KCB Group Ltd Ord 1.00,KES 54.00,1254013,28,135,636,2.37%
8/15/2025,Absa Bank Kenya Plc Ord 0.50,KES 19.95,196583,1,954,518.3,-0.25%
8/15/2025,Equity Group Holdings Ltd Ord 0.50,KES 54.50,1561075,83,489,43.75,-0.46%
8/15/2025,NCBA Bank Ltd Ord 5.00,KES 64.75,15082,390,768.5,-1.52%,
8/15/2025,The Co-operative Bank of Kenya Ltd Ord 1.00,KES 17.35,833992,-247,338.6,-0.29%,
8/14/2025,KCB Group Ltd Ord 1.00,KES 52.75,2930493,27,274,163.75,6.89%
8/14/2025,Absa Bank Kenya Plc Ord 0.50,KES 20.00,5628771,1,863,463.4,1.01%
8/14/2025,The Co-operative Bank of Kenya Ltd Ord 1.00,KES 17.40,299123,-40,135.4,0.29%,
8/14/2025,NCBA Bank Ltd Ord 5.00,KES 65.75,64329,0,0.77%,,
8/14/2025,Equity Group Holdings Ltd Ord 0.50,KES 54.75,5370265,263,244,473.25,1.39%
8/13/2025,Equity Group Holdings Ltd Ord 0.50,KES 54.00,1464496,69,713,683.75,2.37%
8/13/2025,The Co-operative Bank of Kenya Ltd Ord 1.00,KES 17.35,547237,64,981.35,2.06%,
8/13/2025,Absa Bank Kenya Plc Ord 0.50,KES 19.80,149787,13,930,-0.75%,
8/13/2025,NCBA Bank Ltd Ord 5.00,KES 65.25,18808,1,980,-1.88%,
8/13/2025,KCB Group Ltd Ord 1.00,KES 49.35,2391164,-72,566,209.85,1.75%
8/12/2025,The Co-operative Bank of Kenya Ltd Ord 1.00,KES 17.00,479069,1,797,665.3,0.59%
8/12/2025,Absa Bank Kenya Plc Ord 0.50,KES 19.95,136692,0,0.00%,,
8/12/2025,NCBA Bank Ltd Ord 5.00,KES 66.50,19444,33,0,-0.37%,
8/12/2025,Equity Group Holdings Ltd Ord 0.50,KES 52.75,2696345,30,546,303,1.44%
8/12/2025,KCB Group Ltd Ord 1.00,KES 48.50,1142044,-29,367,129.3,0.31%
8/11/2025,The Co-operative Bank of Kenya Ltd Ord 1.00,KES 16.90,454683,59,651.5,-,
8/11/2025,NCBA Bank Ltd Ord 5.00,KES 66.75,30612,0,-,,
8/11/2025,Absa Bank Kenya Plc Ord 0.50,KES 19.95,175054,0,-,,
8/11/2025,Equity Group Holdings Ltd Ord 0.50,KES 52.00,111652,2,610,501.5,-
8/11/2025,KCB Group Ltd Ord 1.00,KES 48.35,198056,0,-,,
8/10/2025,KCB Group Ltd Ord 1.00,-,198056,0,-,,
8/10/2025,Absa Bank Kenya Plc Ord 0.50,-,175054,0,-,,
8/10/2025,Equity Group Holdings Ltd Ord 0.50,-,111652,2,610,501.5,-
8/10/2025,The Co-operative Bank of Kenya Ltd Ord 1.00,-,454683,59,651.5,-,
8/10/2025,NCBA Bank Ltd Ord 5.00,-,30612,0,-,,
8/8/2025,Absa Bank Kenya Plc Ord 0.50,KES 19.85,728470,1,985,0.76%,
8/8/2025,The Co-operative Bank of Kenya Ltd Ord 1.00,KES 16.95,288246,1,709,910.9,0.89%
8/8/2025,NCBA Bank Ltd Ord 5.00,KES 66.25,164360,-659,550,1.92%,
8/8/2025,Equity Group Holdings Ltd Ord 0.50,KES 52.50,834962,16,143,650,0.96%
8/8/2025,KCB Group Ltd Ord 1.00,KES 48.35,153659,0,0.62%,,
8/7/2025,Absa Bank Kenya Plc Ord 0.50,KES 19.70,2406200,0,0.25%,,
8/7/2025,The Co-operative Bank of Kenya Ltd Ord 1.00,KES 16.80,599000,6,845,665,1.51%
8/7/2025,KCB Group Ltd Ord 1.00,KES 48.05,4486100,-67,92,5,1.16%
8/7/2025,NCBA Bank Ltd Ord 5.00,KES 65.00,27600,-946,125,0.39%,
8/7/2025,Equity Group Holdings Ltd Ord 0.50,KES 52.00,1118000,3,142,425,0.97%
8/6/2025,Equity Group Holdings Ltd Ord 0.50,KES 51.50,2300800,252,550,1.98%,
8/6/2025,Absa Bank Kenya Plc Ord 0.50,KES 19.65,385700,0,0.51%,,
8/6/2025,The Co-operative Bank of Kenya Ltd Ord 1.00,KES 16.55,1270200,1,711,560,-0.30%
8/6/2025,NCBA Bank Ltd Ord 5.00,KES 64.75,178300,-2,303,475,0.39%
8/6/2025,KCB Group Ltd Ord 1.00,KES 47.50,932400,-26,126,0,0.74%
8/5/2025,The Co-operative Bank of Kenya Ltd Ord 1.00,KES 16.60,99600,0,-0.30%,,
8/5/2025,Absa Bank Kenya Plc Ord 0.50,KES 19.55,136200,0,0.26%,,
8/5/2025,Equity Group Holdings Ltd Ord 0.50,KES 50.50,87900,2,236,850,0.50%
8/5/2025,KCB Group Ltd Ord 1.00,KES 47.15,118800,4,730,0.21%,
8/5/2025,NCBA Bank Ltd Ord 5.00,KES 64.50,15900,0,-0.39%,,
8/4/2025,KCB Group Ltd Ord 1.00,KES 47.05,337000,-12,216,710,-
8/4/2025,The Co-operative Bank of Kenya Ltd Ord 1.00,KES 16.65,182800,-646,15,-,
8/4/2025,Absa Bank Kenya Plc Ord 0.50,KES 19.50,489700,0,-,,
8/4/2025,NCBA Bank Ltd Ord 5.00,KES 64.75,11200,0,-,,
8/4/2025,Equity Group Holdings Ltd Ord 0.50,KES 50.25,1008300,44,90,655,-
8/3/2025,The Co-operative Bank of Kenya Ltd Ord 1.00,-,182800,-646,15,-,
8/3/2025,Absa Bank Kenya Plc Ord 0.50,-,489700,0,-,,
8/3/2025,KCB Group Ltd Ord 1.00,-,337000,-12,216,710,-
8/3/2025,Equity Group Holdings Ltd Ord 0.50,-,1008300,44,90,655,-
8/3/2025,NCBA Bank Ltd Ord 5.00,-,11200,0,-,,
8/1/2025,The Co-operative Bank of Kenya Ltd Ord 1.00,KES 16.70,356600,0,-1.76%,,
8/1/2025,Absa Bank Kenya Plc Ord 0.50,KES 19.50,1037000,0,0.00%,,
8/1/2025,Equity Group Holdings Ltd Ord 0.50,KES 50.50,1866100,78,658,800,0.00%
8/1/2025,NCBA Bank Ltd Ord 5.00,KES 62.75,338400,-13,150,-5.28%,
8/1/2025,KCB Group Ltd Ord 1.00,KES 47.30,933700,23,290,750,-0.21%
7/31/2025,The Co-operative Bank of Kenya Ltd Ord 1.00,KES 17.00,396200,0,0.00%,,
7/31/2025,Absa Bank Kenya Plc Ord 0.50,KES 19.50,693500,0,0.00%,,
7/31/2025,KCB Group Ltd Ord 1.00,KES 47.40,664600,997,10,0.11%,
7/31/2025,NCBA Bank Ltd Ord 5.00,KES 66.25,128900,0,0.38%,,
7/31/2025,Equity Group Holdings Ltd Ord 0.50,KES 50.50,427200,5,60,0,0.50%
7/30/2025,Equity Group Holdings Ltd Ord 0.50,KES 50.25,466100,-15,858,75,0.00%
7/30/2025,NCBA Bank Ltd Ord 5.00,KES 66.00,73000,39,150,0.38%,
7/30/2025,The Co-operative Bank of Kenya Ltd Ord 1.00,KES 17.00,355500,0,0.00%,,
7/30/2025,Absa Bank Kenya Plc Ord 0.50,KES 19.50,5219700,-3,900,0.00%,
7/30/2025,KCB Group Ltd Ord 1.00,KES 47.35,1842100,33,975,455,0.11%
7/29/2025,Absa Bank Kenya Plc Ord 0.50,KES 19.50,4713600,-29,250,0.78%,
7/29/2025,Equity Group Holdings Ltd Ord 0.50,KES 50.25,281300,11,439,775,0.90%
7/29/2025,The Co-operative Bank of Kenya Ltd Ord 1.00,KES 17.00,505000,340,0,0.00%,
7/29/2025,NCBA Bank Ltd Ord 5.00,KES 65.75,16200,-657,500,0.77%,
7/29/2025,KCB Group Ltd Ord 1.00,KES 47.30,133000,0,0.42%,,
7/28/2025,Absa Bank Kenya Plc Ord 0.50,KES 19.35,136800,0,-,,
7/28/2025,Equity Group Holdings Ltd Ord 0.50,KES 49.80,140600,168,360,-,
7/28/2025,NCBA Bank Ltd Ord 5.00,KES 65.25,44700,0,-,,
7/28/2025,The Co-operative Bank of Kenya Ltd Ord 1.00,KES 17.00,133500,0,-,,
7/28/2025,KCB Group Ltd Ord 1.00,KES 47.10,167900,0,-,,
7/27/2025,KCB Group Ltd Ord 1.00,-,167900,0,-,,
7/27/2025,Absa Bank Kenya Plc Ord 0.50,-,136800,0,-,,
7/27/2025,Equity Group Holdings Ltd Ord 0.50,-,140600,168,360,-,
7/27/2025,The Co-operative Bank of Kenya Ltd Ord 1.00,-,133500,0,-,,
7/27/2025,NCBA Bank Ltd Ord 5.00,-,44700,0,-,,
7/25/2025,Absa Bank Kenya Plc Ord 0.50,KES 19.50,265400,0,0.26%,,
7/25/2025,NCBA Bank Ltd Ord 5.00,KES 64.75,108300,0,0.78%,,
7/25/2025,KCB Group Ltd Ord 1.00,KES 47.50,160000,0,0.42%,,
7/25/2025,Equity Group Holdings Ltd Ord 0.50,KES 50.50,417400,676,700,0.50%,
7/25/2025,The Co-operative Bank of Kenya Ltd Ord 1.00,KES 16.65,161700,0,0.30%,,
7/24/2025,Absa Bank Kenya Plc Ord 0.50,KES 19.45,78000,19,250,-0.51%,
7/24/2025,Equity Group Holdings Ltd Ord 0.50,KES 50.25,147900,6,29,810,0.50%
7/24/2025,KCB Group Ltd Ord 1.00,KES 47.30,480300,10,727,135,-1.97%
7/24/2025,The Co-operative Bank of Kenya Ltd Ord 1.00,KES 16.60,726800,10,17,830,0.61%
7/24/2025,NCBA Bank Ltd Ord 5.00,KES 64.25,39300,-129,750,0.39%,
7/23/2025,The Co-operative Bank of Kenya Ltd Ord 1.00,KES 16.50,464600,204,375,0.30%,
7/23/2025,Absa Bank Kenya Plc Ord 0.50,KES 19.55,296100,0,0.51%,,
7/23/2025,Equity Group Holdings Ltd Ord 0.50,KES 50.00,820200,40,60,870,0.60%
7/23/2025,KCB Group Ltd Ord 1.00,KES 48.25,12413200,-54,332,175,1.47%
7/23/2025,NCBA Bank Ltd Ord 5.00,KES 64.00,56800,0,1.59%,,
7/22/2025,The Co-operative Bank of Kenya Ltd Ord 1.00,KES 16.45,271900,0,0.00%,,
7/22/2025,KCB Group Ltd Ord 1.00,KES 47.55,6390600,-12,508,610,1.39%
7/22/2025,Absa Bank Kenya Plc Ord 0.50,KES 19.45,840300,0,-0.77%,,
7/22/2025,Equity Group Holdings Ltd Ord 0.50,KES 49.70,148900,0,-0.20%,,
7/22/2025,NCBA Bank Ltd Ord 5.00,KES 63.00,31200,0,0.00%,,
7/21/2025,Equity Group Holdings Ltd Ord 0.50,KES 49.80,28700,340,0,-,
7/21/2025,Absa Bank Kenya Plc Ord 0.50,KES 19.60,75100,1,980,-,
7/21/2025,NCBA Bank Ltd Ord 5.00,KES 63.00,9700,0,-,,
7/21/2025,The Co-operative Bank of Kenya Ltd Ord 1.00,KES 16.45,448800,3,300,-,
7/21/2025,KCB Group Ltd Ord 1.00,KES 46.90,4056300,-99,403,460,-
7/20/2025,KCB Group Ltd Ord 1.00,-,4056300,-99,403,460,-
7/20/2025,Absa Bank Kenya Plc Ord 0.50,-,75100,1,980,-,
7/20/2025,The Co-operative Bank of Kenya Ltd Ord 1.00,-,448800,3,300,-,
7/20/2025,Equity Group Holdings Ltd Ord 0.50,-,28700,340,0,-,
7/20/2025,NCBA Bank Ltd Ord 5.00,-,9700,0,-,,
7/18/2025,NCBA Bank Ltd Ord 5.00,KES 63.00,150600,0,0.00%,,
7/18/2025,Absa Bank Kenya Plc Ord 0.50,KES 19.55,145300,0,-0.76%,,
7/18/2025,Equity Group Holdings Ltd Ord 0.50,KES 49.50,5095600,2,14,645,-1.00%
7/18/2025,The Co-operative Bank of Kenya Ltd Ord 1.00,KES 16.75,134700,0,-0.59%,,
7/18/2025,KCB Group Ltd Ord 1.00,KES 46.20,3153400,-72,355,940,0.65%
7/17/2025,KCB Group Ltd Ord 1.00,KES 45.90,4410800,-185,930,890,0.00%
7/17/2025,Absa Bank Kenya Plc Ord 0.50,KES 19.70,226300,0,-0.51%,,
7/17/2025,The Co-operative Bank of Kenya Ltd Ord 1.00,KES 16.85,870300,463,60,-0.59%,
7/17/2025,NCBA Bank Ltd Ord 5.00,KES 63.00,42000,-330,200,-0.79%,
7/17/2025,Equity Group Holdings Ltd Ord 0.50,KES 50.00,192100,1,338,590,1.11%
7/16/2025,Equity Group Holdings Ltd Ord 0.50,KES 49.45,5894100,28,338,260,0.00%
7/16/2025,Absa Bank Kenya Plc Ord 0.50,KES 19.80,426200,1,980,0.25%,
7/16/2025,The Co-operative Bank of Kenya Ltd Ord 1.00,KES 16.95,304300,77,610,-0.29%,
7/16/2025,NCBA Bank Ltd Ord 5.00,KES 63.50,119600,0,1.20%,,
7/16/2025,KCB Group Ltd Ord 1.00,KES 45.90,456700,-8,494,895,-0.97%
7/15/2025,Absa Bank Kenya Plc Ord 0.50,KES 19.75,41600,0,0.51%,,
7/15/2025,KCB Group Ltd Ord 1.00,KES 46.35,371300,2,322,500,0.43%
7/15/2025,NCBA Bank Ltd Ord 5.00,KES 62.75,220000,-44,100,-0.79%,
7/15/2025,The Co-operative Bank of Kenya Ltd Ord 1.00,KES 17.00,3751000,0,0.59%,,
7/15/2025,Equity Group Holdings Ltd Ord 0.50,KES 49.45,1322000,2,197,480,1.85%
7/14/2025,KCB Group Ltd Ord 1.00,KES 46.15,314400,-923,85,-,
7/14/2025,Absa Bank Kenya Plc Ord 0.50,KES 19.65,99800,0,-,,
7/14/2025,Equity Group Holdings Ltd Ord 0.50,KES 48.55,88200,1,867,815,-
7/14/2025,NCBA Bank Ltd Ord 5.00,KES 63.25,8100,-12,650,-,
7/14/2025,The Co-operative Bank of Kenya Ltd Ord 1.00,KES 16.90,150800,-447,205,-,
7/13/2025,KCB Group Ltd Ord 1.00,-,314400,-923,85,-,
7/13/2025,Absa Bank Kenya Plc Ord 0.50,-,99800,0,-,,
7/13/2025,The Co-operative Bank of Kenya Ltd Ord 1.00,-,150800,-447,205,-,
7/13/2025,Equity Group Holdings Ltd Ord 0.50,-,88200,1,867,815,-
7/13/2025,NCBA Bank Ltd Ord 5.00,-,8100,-12,650,-,
7/11/2025,Absa Bank Kenya Plc Ord 0.50,KES 19.90,191600,-984,60,0.25%,
7/11/2025,NCBA Bank Ltd Ord 5.00,KES 63.50,25400,0,2.42%,,
7/11/2025,KCB Group Ltd Ord 1.00,KES 46.40,53800,0,-0.22%,,
7/11/2025,The Co-operative Bank of Kenya Ltd Ord 1.00,KES 17.05,221700,0,0.00%,,
7/11/2025,Equity Group Holdings Ltd Ord 0.50,KES 49.65,123300,1,83,670,0.30%
7/10/2025,Equity Group Holdings Ltd Ord 0.50,KES 49.50,1996400,55,431,925,0.00%
7/10/2025,Absa Bank Kenya Plc Ord 0.50,KES 19.85,131800,19,850,-0.25%,
7/10/2025,KCB Group Ltd Ord 1.00,KES 46.50,2858900,-105,859,425,0.00%
7/10/2025,NCBA Bank Ltd Ord 5.00,KES 62.00,21400,0,-0.40%,,
7/10/2025,The Co-operative Bank of Kenya Ltd Ord 1.00,KES 17.05,615200,24,80,-0.58%,
7/9/2025,KCB Group Ltd Ord 1.00,KES 46.50,187400,851,465,-1.69%,
7/9/2025,The Co-operative Bank of Kenya Ltd Ord 1.00,KES 17.15,229600,0,-0.58%,,
7/9/2025,Absa Bank Kenya Plc Ord 0.50,KES 19.90,132600,0,-0.25%,,
7/9/2025,Equity Group Holdings Ltd Ord 0.50,KES 49.50,509500,21,873,385,-1.98%
7/9/2025,NCBA Bank Ltd Ord 5.00,KES 62.25,23600,-19,50,-0.80%,
7/8/2025,KCB Group Ltd Ord 1.00,KES 47.30,1225600,-23,424,660,0.64%
7/8/2025,The Co-operative Bank of Kenya Ltd Ord 1.00,KES 17.25,138800,0,-0.29%,,
7/8/2025,NCBA Bank Ltd Ord 5.00,KES 62.75,35000,-38,100,0.00%,
7/8/2025,Absa Bank Kenya Plc Ord 0.50,KES 19.95,55800,0,0.00%,,
7/8/2025,Equity Group Holdings Ltd Ord 0.50,KES 50.50,2145100,3,718,50,0.00%
7/7/2025,The Co-operative Bank of Kenya Ltd Ord 1.00,KES 17.30,255700,292,370,-,
7/7/2025,KCB Group Ltd Ord 1.00,KES 47.00,3020100,-135,900,300,-
7/7/2025,Absa Bank Kenya Plc Ord 0.50,KES 19.95,95200,0,-,,
7/7/2025,Equity Group Holdings Ltd Ord 0.50,KES 50.50,250700,10,496,675,-
7/7/2025,NCBA Bank Ltd Ord 5.00,KES 62.75,173800,0,-,,
7/6/2025,KCB Group Ltd Ord 1.00,-,3020100,-135,900,300,-
7/6/2025,Absa Bank Kenya Plc Ord 0.50,-,95200,0,-,,
7/6/2025,The Co-operative Bank of Kenya Ltd Ord 1.00,-,255700,292,370,-,
7/6/2025,Equity Group Holdings Ltd Ord 0.50,-,250700,10,496,675,-
7/6/2025,NCBA Bank Ltd Ord 5.00,-,173800,0,-,,
7/4/2025,KCB Group Ltd Ord 1.00,KES 47.00,4016200,-56,400,0,1.29%
7/4/2025,The Co-operative Bank of Kenya Ltd Ord 1.00,KES 17.30,259300,26,100,1.17%,
7/4/2025,NCBA Bank Ltd Ord 5.00,KES 62.75,52900,-6,350,0.40%,
7/4/2025,Absa Bank Kenya Plc Ord 0.50,KES 19.95,118700,0,0.00%,,
7/4/2025,Equity Group Holdings Ltd Ord 0.50,KES 51.75,1748300,74,735,50,-0.48%
7/3/2025,Absa Bank Kenya Plc Ord 0.50,KES 19.95,884400,-10,742,0,1.79%
7/3/2025,Equity Group Holdings Ltd Ord 0.50,KES 52.00,7258600,281,113,450,3.48%
7/3/2025,The Co-operative Bank of Kenya Ltd Ord 1.00,KES 17.10,146000,35,700,0.29%,
7/3/2025,NCBA Bank Ltd Ord 5.00,KES 62.50,227400,91,750,2.88%,
7/3/2025,KCB Group Ltd Ord 1.00,KES 46.40,17187200,-128,124,435,-0.43%
7/2/2025,Absa Bank Kenya Plc Ord 0.50,KES 19.60,321100,1,945,-0.25%,
7/2/2025,NCBA Bank Ltd Ord 5.00,KES 60.75,20200,-18,750,-0.82%,
7/2/2025,Equity Group Holdings Ltd Ord 0.50,KES 50.25,1195500,37,913,125,0.60%
7/2/2025,The Co-operative Bank of Kenya Ltd Ord 1.00,KES 17.05,442900,510,0,-2.85%,
7/2/2025,KCB Group Ltd Ord 1.00,KES 46.60,2214300,-6,273,815,0.65%
7/1/2025,The Co-operative Bank of Kenya Ltd Ord 1.00,KES 17.55,238300,0,-1.96%,,
7/1/2025,KCB Group Ltd Ord 1.00,KES 46.30,1356800,-46,341,350,-0.64%
7/1/2025,Equity Group Holdings Ltd Ord 0.50,KES 49.95,617000,27,201,515,2.15%
7/1/2025,Absa Bank Kenya Plc Ord 0.50,KES 19.65,605800,0,2.34%,,
7/1/2025,NCBA Bank Ltd Ord 5.00,KES 61.25,13600,-37,500,2.94%,
6/30/2025,Equity Group Holdings Ltd Ord 0.50,KES 48.90,2009400,62,6,785,-
6/30/2025,Absa Bank Kenya Plc Ord 0.50,KES 19.20,105000,0,-,,
6/30/2025,NCBA Bank Ltd Ord 5.00,KES 59.50,121400,-1,497,500,-
6/30/2025,KCB Group Ltd Ord 1.00,KES 46.60,5505200,-8,326,500,-
6/30/2025,The Co-operative Bank of Kenya Ltd Ord 1.00,KES 17.90,1322000,0,-,,
6/29/2025,KCB Group Ltd Ord 1.00,-,5505200,-8,326,500,-
6/29/2025,Absa Bank Kenya Plc Ord 0.50,-,105000,0,-,,
6/29/2025,The Co-operative Bank of Kenya Ltd Ord 1.00,-,1322000,0,-,,
6/29/2025,Equity Group Holdings Ltd Ord 0.50,-,2009400,62,6,785,-
6/29/2025,NCBA Bank Ltd Ord 5.00,-,121400,-1,497,500,-
6/27/2025,Equity Group Holdings Ltd Ord 0.50,KES 48.85,645700,30,414,490,2.09%
6/27/2025,KCB Group Ltd Ord 1.00,KES 46.50,3931100,19,37,455,2.65%
6/27/2025,Absa Bank Kenya Plc Ord 0.50,KES 18.95,506300,-3,402,200,1.34%
6/27/2025,The Co-operative Bank of Kenya Ltd Ord 1.00,KES 17.35,1812000,-3,856,840,2.66%
6/27/2025,NCBA Bank Ltd Ord 5.00,KES 58.75,23200,0,2.17%,,
6/26/2025,KCB Group Ltd Ord 1.00,KES 45.30,1244200,-19,131,460,1.91%
6/26/2025,NCBA Bank Ltd Ord 5.00,KES 57.50,37600,0,-0.86%,,
6/26/2025,Absa Bank Kenya Plc Ord 0.50,KES 18.70,65900,0,0.27%,,
6/26/2025,Equity Group Holdings Ltd Ord 0.50,KES 47.85,328300,4,624,300,1.59%
6/26/2025,The Co-operative Bank of Kenya Ltd Ord 1.00,KES 16.90,787200,-11,174,930,-0.59%
6/25/2025,The Co-operative Bank of Kenya Ltd Ord 1.00,KES 17.00,579600,-2,995,400,0.00%
6/25/2025,Absa Bank Kenya Plc Ord 0.50,KES 18.65,122300,0,0.00%,,
6/25/2025,KCB Group Ltd Ord 1.00,KES 44.45,916700,-10,289,500,1.02%
6/25/2025,NCBA Bank Ltd Ord 5.00,KES 58.00,9800,0,1.75%,,
6/25/2025,Equity Group Holdings Ltd Ord 0.50,KES 47.10,883600,-6,512,790,1.29%
6/24/2025,Absa Bank Kenya Plc Ord 0.50,KES 18.65,105000,0,-0.27%,,
6/24/2025,The Co-operative Bank of Kenya Ltd Ord 1.00,KES 17.00,1317600,-11,647,810,2.10%
6/24/2025,Equity Group Holdings Ltd Ord 0.50,KES 46.50,358400,6,267,950,0.76%
6/24/2025,KCB Group Ltd Ord 1.00,KES 44.00,891100,-22,215,600,1.03%
6/24/2025,NCBA Bank Ltd Ord 5.00,KES 57.00,76300,0,0.44%,,
6/23/2025,Absa Bank Kenya Plc Ord 0.50,KES 18.70,111100,0,-,,
6/23/2025,KCB Group Ltd Ord 1.00,KES 43.55,409500,0,-,,
6/23/2025,The Co-operative Bank of Kenya Ltd Ord 1.00,KES 16.65,1139300,-14,996,680,-
6/23/2025,Equity Group Holdings Ltd Ord 0.50,KES 46.15,17300,0,-,,
6/23/2025,NCBA Bank Ltd Ord 5.00,KES 56.75,67800,0,-,,
6/22/2025,KCB Group Ltd Ord 1.00,-,409500,0,-,,
6/22/2025,Absa Bank Kenya Plc Ord 0.50,-,111100,0,-,,
6/22/2025,The Co-operative Bank of Kenya Ltd Ord 1.00,-,1139300,-14,996,680,-
6/22/2025,Equity Group Holdings Ltd Ord 0.50,-,17300,0,-,,
6/22/2025,NCBA Bank Ltd Ord 5.00,-,67800,0,-,,
6/20/2025,KCB Group Ltd Ord 1.00,KES 43.60,81000,0,0.11%,,
6/20/2025,Absa Bank Kenya Plc Ord 0.50,KES 18.65,93700,0,0.81%,,
6/20/2025,The Co-operative Bank of Kenya Ltd Ord 1.00,KES 16.65,1143800,-1,690,40,0.91%
6/20/2025,Equity Group Holdings Ltd Ord 0.50,KES 46.15,917000,8,238,205,0.11%
6/20/2025,NCBA Bank Ltd Ord 5.00,KES 56.00,42900,0,0.00%,,
6/19/2025,NCBA Bank Ltd Ord 5.00,KES 56.00,4800,0,0.00%,,
6/19/2025,Equity Group Holdings Ltd Ord 0.50,KES 46.10,555100,24,100,800,0.00%
6/19/2025,The Co-operative Bank of Kenya Ltd Ord 1.00,KES 16.50,2663100,-16,500,0,0.92%
6/19/2025,Absa Bank Kenya Plc Ord 0.50,KES 18.50,634000,5,550,-2.37%,
6/19/2025,KCB Group Ltd Ord 1.00,KES 43.55,2993400,4,400,-1.36%,
6/18/2025,KCB Group Ltd Ord 1.00,KES 44.15,1089700,-2,225,0,0.46%
6/18/2025,Equity Group Holdings Ltd Ord 0.50,KES 46.10,1145400,3,634,0,-0.43%
6/18/2025,Absa Bank Kenya Plc Ord 0.50,KES 18.95,98000,0,-0.26%,,
6/18/2025,The Co-operative Bank of Kenya Ltd Ord 1.00,KES 16.35,194800,0,0.00%,,
6/18/2025,NCBA Bank Ltd Ord 5.00,KES 56.00,135500,0,0.00%,,
6/17/2025,KCB Group Ltd Ord 1.00,KES 43.95,825200,-1,349,265,-1.12%
6/17/2025,The Co-operative Bank of Kenya Ltd Ord 1.00,KES 16.35,1198300,-15,36,585,-1.21%
6/17/2025,Absa Bank Kenya Plc Ord 0.50,KES 19.00,1087100,0,1.06%,,
6/17/2025,NCBA Bank Ltd Ord 5.00,KES 56.00,54700,0,1.82%,,
6/17/2025,Equity Group Holdings Ltd Ord 0.50,KES 46.30,310100,11,875,85,-0.32%
6/16/2025,Equity Group Holdings Ltd Ord 0.50,KES 46.45,572500,21,208,985,-
6/16/2025,Absa Bank Kenya Plc Ord 0.50,KES 18.80,86500,0,-,,
6/16/2025,NCBA Bank Ltd Ord 5.00,KES 55.00,90300,0,-,,
6/16/2025,KCB Group Ltd Ord 1.00,KES 44.45,365100,0,-,,
6/16/2025,The Co-operative Bank of Kenya Ltd Ord 1.00,KES 16.55,501100,0,-,,
6/15/2025,KCB Group Ltd Ord 1.00,-,365100,0,-,,
6/15/2025,Absa Bank Kenya Plc Ord 0.50,-,86500,0,-,,
6/15/2025,The Co-operative Bank of Kenya Ltd Ord 1.00,-,501100,0,-,,
6/15/2025,Equity Group Holdings Ltd Ord 0.50,-,572500,21,208,985,-
6/15/2025,NCBA Bank Ltd Ord 5.00,-,90300,0,-,,
6/13/2025,KCB Group Ltd Ord 1.00,KES 44.55,16815200,-7,493,5,0.56%
6/13/2025,Absa Bank Kenya Plc Ord 0.50,KES 18.90,98500,0,0.80%,,
6/13/2025,NCBA Bank Ltd Ord 5.00,KES 56.00,16200,0,1.82%,,
6/13/2025,The Co-operative Bank of Kenya Ltd Ord 1.00,KES 16.70,2596800,-20,760,445,3.41%
6/13/2025,Equity Group Holdings Ltd Ord 0.50,KES 45.35,7242700,22,615,730,-1.41%
6/12/2025,Equity Group Holdings Ltd Ord 0.50,KES 46.00,359600,-464,600,1.21%,
6/12/2025,Absa Bank Kenya Plc Ord 0.50,KES 18.75,1282900,-147,600,1.35%,
6/12/2025,NCBA Bank Ltd Ord 5.00,KES 55.00,55000,0,1.38%,,
6/12/2025,The Co-operative Bank of Kenya Ltd Ord 1.00,KES 16.15,716700,-132,225,1.25%,
6/12/2025,KCB Group Ltd Ord 1.00,KES 44.30,1465700,-22,20,600,1.84%
6/11/2025,The Co-operative Bank of Kenya Ltd Ord 1.00,KES 15.95,887600,-7,950,2.24%,
6/11/2025,Absa Bank Kenya Plc Ord 0.50,KES 18.50,274400,2,754,650,0.82%
6/11/2025,KCB Group Ltd Ord 1.00,KES 43.50,1559900,-35,455,65,0.58%
6/11/2025,Equity Group Holdings Ltd Ord 0.50,KES 45.45,315600,-5,566,425,1.79%
6/11/2025,NCBA Bank Ltd Ord 5.00,KES 54.25,27600,-32,250,0.93%,
6/10/2025,The Co-operative Bank of Kenya Ltd Ord 1.00,KES 15.60,202300,7,750,0.97%,
6/10/2025,Equity Group Holdings Ltd Ord 0.50,KES 44.65,1047000,-10,245,240,0.68%
6/10/2025,Absa Bank Kenya Plc Ord 0.50,KES 18.35,281200,0,0.27%,,
6/10/2025,KCB Group Ltd Ord 1.00,KES 43.25,1994100,-58,899,50,0.12%
6/10/2025,NCBA Bank Ltd Ord 5.00,KES 53.75,86900,0,-0.46%,,
6/9/2025,Absa Bank Kenya Plc Ord 0.50,KES 18.30,92400,3,630,-,
6/9/2025,The Co-operative Bank of Kenya Ltd Ord 1.00,KES 15.45,424200,0,-,,
6/9/2025,NCBA Bank Ltd Ord 5.00,KES 54.00,18600,5,350,-,
6/9/2025,KCB Group Ltd Ord 1.00,KES 43.20,1002700,-37,325,615,-
6/9/2025,Equity Group Holdings Ltd Ord 0.50,KES 44.35,1309700,-1,855,320,-
6/8/2025,KCB Group Ltd Ord 1.00,-,1002700,-37,325,615,-
6/8/2025,Absa Bank Kenya Plc Ord 0.50,-,92400,3,630,-,
6/8/2025,The Co-operative Bank of Kenya Ltd Ord 1.00,-,424200,0,-,,
6/8/2025,Equity Group Holdings Ltd Ord 0.50,-,1309700,-1,855,320,-
6/8/2025,NCBA Bank Ltd Ord 5.00,-,18600,5,350,-,
6/5/2025,Equity Group Holdings Ltd Ord 0.50,KES 44.95,546700,-3,210,350,2.04%
6/5/2025,Absa Bank Kenya Plc Ord 0.50,KES 18.15,218100,0,0.28%,,
6/5/2025,NCBA Bank Ltd Ord 5.00,KES 54.75,37900,0,0.00%,,
6/5/2025,KCB Group Ltd Ord 1.00,KES 43.35,165400,1,744,700,0.81%
6/5/2025,The Co-operative Bank of Kenya Ltd Ord 1.00,KES 15.50,1240600,2,263,0,0.32%
6/4/2025,Equity Group Holdings Ltd Ord 0.50,KES 44.05,544800,2,360,280,3.65%
6/4/2025,Absa Bank Kenya Plc Ord 0.50,KES 18.10,130300,18,0,-0.55%,
6/4/2025,KCB Group Ltd Ord 1.00,KES 43.00,476800,-4,775,665,-0.92%
6/4/2025,The Co-operative Bank of Kenya Ltd Ord 1.00,KES 15.45,111400,3,70,0.00%,
6/4/2025,NCBA Bank Ltd Ord 5.00,KES 54.75,559400,-130,800,-0.45%,
6/3/2025,The Co-operative Bank of Kenya Ltd Ord 1.00,KES 15.45,215100,-88,350,-,
6/3/2025,NCBA Bank Ltd Ord 5.00,KES 55.00,230100,5,450,-,
6/3/2025,Equity Group Holdings Ltd Ord 0.50,KES 42.50,3561600,-47,458,130,-
6/3/2025,Absa Bank Kenya Plc Ord 0.50,KES 18.20,382600,-5,678,465,-
6/3/2025,KCB Group Ltd Ord 1.00,KES 43.40,788600,-13,421,435,-
6/2/2025,KCB Group Ltd Ord 1.00,-,788600,-13,421,435,-
6/2/2025,Absa Bank Kenya Plc Ord 0.50,-,382600,-5,678,465,-
6/2/2025,The Co-operative Bank of Kenya Ltd Ord 1.00,-,215100,-88,350,-,
6/2/2025,Equity Group Holdings Ltd Ord 0.50,-,3561600,-47,458,130,-
6/2/2025,NCBA Bank Ltd Ord 5.00,-,230100,5,450,-,
5/30/2025,The Co-operative Bank of Kenya Ltd Ord 1.00,KES 15.50,194300,-325,550,0.00%,
5/30/2025,Absa Bank Kenya Plc Ord 0.50,KES 18.30,184900,-2,369,850,1.67%
5/30/2025,KCB Group Ltd Ord 1.00,KES 42.10,802500,-16,305,955,-0.36%
5/30/2025,Equity Group Holdings Ltd Ord 0.50,KES 43.05,268800,-7,461,520,-0.81%
5/30/2025,NCBA Bank Ltd Ord 5.00,KES 54.50,205000,0,0.46%,,
5/29/2025,KCB Group Ltd Ord 1.00,KES 42.25,168700,-3,615,300,0.96%
5/29/2025,Equity Group Holdings Ltd Ord 0.50,KES 43.40,882900,-33,530,375,-0.34%
5/29/2025,Absa Bank Kenya Plc Ord 0.50,KES 18.00,10070200,-168,244,205,0.00%
5/29/2025,The Co-operative Bank of Kenya Ltd Ord 1.00,KES 15.50,152400,0,0.00%,,
5/29/2025,NCBA Bank Ltd Ord 5.00,KES 54.25,76000,5,425,0.46%,
5/28/2025,KCB Group Ltd Ord 1.00,KES 41.85,405900,-8,148,380,1.21%
5/28/2025,Absa Bank Kenya Plc Ord 0.50,KES 18.00,5480100,-92,651,400,0.56%
5/28/2025,NCBA Bank Ltd Ord 5.00,KES 54.00,415400,0,-0.46%,,
5/28/2025,Equity Group Holdings Ltd Ord 0.50,KES 43.55,2097800,-21,778,500,0.00%
5/28/2025,The Co-operative Bank of Kenya Ltd Ord 1.00,KES 15.50,279100,2,386,400,-0.32%
5/27/2025,Equity Group Holdings Ltd Ord 0.50,KES 43.55,381800,-7,920,230,-1.02%
5/27/2025,Absa Bank Kenya Plc Ord 0.50,KES 17.90,108400,0,0.00%,,
5/27/2025,The Co-operative Bank of Kenya Ltd Ord 1.00,KES 15.55,149400,0,0.00%,,
5/27/2025,NCBA Bank Ltd Ord 5.00,KES 54.25,22900,0,0.93%,,
5/27/2025,KCB Group Ltd Ord 1.00,KES 41.35,160100,-468,25,1.35%,
5/26/2025,KCB Group Ltd Ord 1.00,KES 40.80,407500,2,379,650,-
5/26/2025,The Co-operative Bank of Kenya Ltd Ord 1.00,KES 15.55,185900,0,-,,
5/26/2025,Absa Bank Kenya Plc Ord 0.50,KES 17.90,109400,0,-,,
5/26/2025,NCBA Bank Ltd Ord 5.00,KES 53.75,266900,0,-,,
5/26/2025,Equity Group Holdings Ltd Ord 0.50,KES 44.00,465900,-15,504,470,-
5/25/2025,KCB Group Ltd Ord 1.00,-,407500,2,379,650,-
5/25/2025,Absa Bank Kenya Plc Ord 0.50,-,109400,0,-,,
5/25/2025,The Co-operative Bank of Kenya Ltd Ord 1.00,-,185900,0,-,,
5/25/2025,Equity Group Holdings Ltd Ord 0.50,-,465900,-15,504,470,-
5/25/2025,NCBA Bank Ltd Ord 5.00,-,266900,0,-,,
5/23/2025,KCB Group Ltd Ord 1.00,KES 40.80,248100,2,367,650,-2.04%
5/23/2025,The Co-operative Bank of Kenya Ltd Ord 1.00,KES 15.70,72200,4,740,-0.95%,
5/23/2025,Equity Group Holdings Ltd Ord 0.50,KES 48.45,453600,7,158,190,-0.10%
5/23/2025,Absa Bank Kenya Plc Ord 0.50,KES 17.75,1505400,43,925,0.57%,
5/23/2025,NCBA Bank Ltd Ord 5.00,KES 52.00,71400,0,0.00%,,
5/22/2025,The Co-operative Bank of Kenya Ltd Ord 1.00,KES 15.85,106700,36,800,-1.25%,
5/22/2025,Absa Bank Kenya Plc Ord 0.50,KES 17.65,69200,-37,170,0.00%,
5/22/2025,KCB Group Ltd Ord 1.00,KES 41.65,391000,-6,203,940,-1.30%
5/22/2025,Equity Group Holdings Ltd Ord 0.50,KES 48.50,133900,-4,71,525,-0.51%
5/22/2025,NCBA Bank Ltd Ord 5.00,KES 52.00,66600,0,1.96%,,
5/21/2025,The Co-operative Bank of Kenya Ltd Ord 1.00,KES 16.05,146500,0,-2.43%,,
5/21/2025,KCB Group Ltd Ord 1.00,KES 42.20,347200,-1,609,725,-1.17%
5/21/2025,Equity Group Holdings Ltd Ord 0.50,KES 48.75,3185500,9,538,75,-0.31%
5/21/2025,Absa Bank Kenya Plc Ord 0.50,KES 17.65,91000,0,0.28%,,
5/21/2025,NCBA Bank Ltd Ord 5.00,KES 51.00,64700,65,0,0.00%,
5/20/2025,Absa Bank Kenya Plc Ord 0.50,KES 17.60,111700,0,0.57%,,
5/20/2025,KCB Group Ltd Ord 1.00,KES 42.70,672200,0,-0.23%,,
5/20/2025,NCBA Bank Ltd Ord 5.00,KES 51.00,71600,10,0,1.49%,
5/20/2025,The Co-operative Bank of Kenya Ltd Ord 1.00,KES 16.45,2159500,0,0.00%,,
5/20/2025,Equity Group Holdings Ltd Ord 0.50,KES 48.90,2402900,4,856,15,0.41%
5/19/2025,The Co-operative Bank of Kenya Ltd Ord 1.00,KES 16.45,10099400,-2,501,290,-
5/19/2025,Equity Group Holdings Ltd Ord 0.50,KES 48.70,41800,0,-,,
5/19/2025,Absa Bank Kenya Plc Ord 0.50,KES 17.50,289700,0,-,,
5/19/2025,KCB Group Ltd Ord 1.00,KES 42.80,3375000,-128,550,0,-
5/19/2025,NCBA Bank Ltd Ord 5.00,KES 50.25,21300,0,-,,
5/18/2025,KCB Group Ltd Ord 1.00,-,3375000,-128,550,0,-
5/18/2025,Absa Bank Kenya Plc Ord 0.50,-,289700,0,-,,
5/18/2025,The Co-operative Bank of Kenya Ltd Ord 1.00,-,10099400,-2,501,290,-
5/18/2025,Equity Group Holdings Ltd Ord 0.50,-,41800,0,-,,
5/18/2025,NCBA Bank Ltd Ord 5.00,-,21300,0,-,,
5/16/2025,KCB Group Ltd Ord 1.00,KES 42.85,1770200,-39,861,975,0.59%
5/16/2025,Absa Bank Kenya Plc Ord 0.50,KES 17.10,193000,5,175,0.00%,
5/16/2025,The Co-operative Bank of Kenya Ltd Ord 1.00,KES 15.50,1369300,-938,850,2.65%,
5/16/2025,Equity Group Holdings Ltd Ord 0.50,KES 48.60,1950700,0,1.04%,,
5/16/2025,NCBA Bank Ltd Ord 5.00,KES 51.00,6400,0,0.49%,,
5/15/2025,KCB Group Ltd Ord 1.00,KES 42.60,1582800,-22,580,200,4.16%
5/15/2025,NCBA Bank Ltd Ord 5.00,KES 50.75,9200,0,2.53%,,
5/15/2025,Absa Bank Kenya Plc Ord 0.50,KES 17.10,205000,0,0.88%,,
5/15/2025,The Co-operative Bank of Kenya Ltd Ord 1.00,KES 15.10,281900,6,0,0.33%,
5/15/2025,Equity Group Holdings Ltd Ord 0.50,KES 48.10,1807000,-20,335,130,0.00%
5/14/2025,Absa Bank Kenya Plc Ord 0.50,KES 16.95,205600,510,0,1.19%,
5/14/2025,NCBA Bank Ltd Ord 5.00,KES 49.50,6300,0,1.43%,,
5/14/2025,The Co-operative Bank of Kenya Ltd Ord 1.00,KES 15.05,207200,1,450,5.24%,
5/14/2025,Equity Group Holdings Ltd Ord 0.50,KES 48.10,138600,-165,780,1.37%,
5/14/2025,KCB Group Ltd Ord 1.00,KES 40.90,1433100,-43,726,540,2.51%
5/13/2025,KCB Group Ltd Ord 1.00,KES 39.90,1991700,-41,258,850,3.77%
5/13/2025,Equity Group Holdings Ltd Ord 0.50,KES 47.45,2764100,-54,353,540,0.00%
5/13/2025,Absa Bank Kenya Plc Ord 0.50,KES 16.75,54900,0,-0.89%,,
5/13/2025,NCBA Bank Ltd Ord 5.00,KES 48.80,89700,0,-1.21%,,
5/13/2025,The Co-operative Bank of Kenya Ltd Ord 1.00,KES 14.30,16565400,0,0.70%,,
5/12/2025,The Co-operative Bank of Kenya Ltd Ord 1.00,KES 14.20,778600,4,819,885,-
5/12/2025,Equity Group Holdings Ltd Ord 0.50,KES 47.45,776500,-4,18,195,-
5/12/2025,Absa Bank Kenya Plc Ord 0.50,KES 16.90,85900,4,965,-,
5/12/2025,KCB Group Ltd Ord 1.00,KES 38.45,331400,-11,379,915,-
5/12/2025,NCBA Bank Ltd Ord 5.00,KES 49.40,3800,0,-,,
5/11/2025,KCB Group Ltd Ord 1.00,-,331400,-11,379,915,-
5/11/2025,Absa Bank Kenya Plc Ord 0.50,-,85900,4,965,-,
5/11/2025,The Co-operative Bank of Kenya Ltd Ord 1.00,-,778600,4,819,885,-
5/11/2025,Equity Group Holdings Ltd Ord 0.50,-,776500,-4,18,195,-
5/11/2025,NCBA Bank Ltd Ord 5.00,-,3800,0,-,,
5/9/2025,The Co-operative Bank of Kenya Ltd Ord 1.00,KES 14.25,235700,-82,960,1.06%,
5/9/2025,NCBA Bank Ltd Ord 5.00,KES 49.00,17800,0,0.00%,,
5/9/2025,Equity Group Holdings Ltd Ord 0.50,KES 47.40,2342700,-4,133,655,-0.94%
5/9/2025,Absa Bank Kenya Plc Ord 0.50,KES 16.65,380000,0,0.60%,,
5/9/2025,KCB Group Ltd Ord 1.00,KES 38.50,2150100,-79,401,930,0.00%
5/8/2025,KCB Group Ltd Ord 1.00,KES 38.50,1990300,-67,371,175,-0.13%
5/8/2025,NCBA Bank Ltd Ord 5.00,KES 49.00,29500,0,-0.20%,,
5/8/2025,The Co-operative Bank of Kenya Ltd Ord 1.00,KES 14.10,492500,-779,550,0.00%,
5/8/2025,Absa Bank Kenya Plc Ord 0.50,KES 16.55,168500,549,450,0.61%,
5/8/2025,Equity Group Holdings Ltd Ord 0.50,KES 47.85,25100,-9,580,0.21%,
5/7/2025,Absa Bank Kenya Plc Ord 0.50,KES 16.45,444400,6,326,140,0.61%
5/7/2025,Equity Group Holdings Ltd Ord 0.50,KES 47.75,57700,0,2.69%,,
5/7/2025,NCBA Bank Ltd Ord 5.00,KES 49.10,47400,0,0.10%,,
5/7/2025,KCB Group Ltd Ord 1.00,KES 38.55,389800,-7,303,520,0.13%
5/7/2025,The Co-operative Bank of Kenya Ltd Ord 1.00,KES 14.10,539500,2,679,600,1.08%
5/6/2025,Absa Bank Kenya Plc Ord 0.50,KES 16.35,537000,2,770,600,-0.61%
5/6/2025,The Co-operative Bank of Kenya Ltd Ord 1.00,KES 13.95,523000,2,689,365,-1.06%
5/6/2025,KCB Group Ltd Ord 1.00,KES 38.50,1169200,-458,150,0.26%,
5/6/2025,Equity Group Holdings Ltd Ord 0.50,KES 46.50,4046600,184,223,50,0.22%
5/6/2025,NCBA Bank Ltd Ord 5.00,KES 49.05,96100,0,0.00%,,
5/5/2025,NCBA Bank Ltd Ord 5.00,KES 49.05,45200,0,-,,
5/5/2025,KCB Group Ltd Ord 1.00,KES 38.40,219200,-437,650,-,
5/5/2025,The Co-operative Bank of Kenya Ltd Ord 1.00,KES 14.10,602200,-892,720,-,
5/5/2025,Equity Group Holdings Ltd Ord 0.50,KES 46.40,75100,-665,720,-,
5/5/2025,Absa Bank Kenya Plc Ord 0.50,KES 16.45,276600,0,-,,
5/4/2025,KCB Group Ltd Ord 1.00,-,219200,-437,650,-,
5/4/2025,Absa Bank Kenya Plc Ord 0.50,-,276600,0,-,,
5/4/2025,The Co-operative Bank of Kenya Ltd Ord 1.00,-,602200,-892,720,-,
5/4/2025,Equity Group Holdings Ltd Ord 0.50,-,75100,-665,720,-,
5/4/2025,NCBA Bank Ltd Ord 5.00,-,45200,0,-,,
5/2/2025,KCB Group Ltd Ord 1.00,KES 38.55,132400,1,543,280,-
5/2/2025,Equity Group Holdings Ltd Ord 0.50,KES 46.05,387200,-1,100,595,-
5/2/2025,NCBA Bank Ltd Ord 5.00,KES 49.45,8200,0,-,,
5/2/2025,The Co-operative Bank of Kenya Ltd Ord 1.00,KES 14.40,321200,106,585,-,
5/2/2025,Absa Bank Kenya Plc Ord 0.50,KES 17.20,112400,1,730,-,
5/1/2025,KCB Group Ltd Ord 1.00,-,132400,1,543,280,-
5/1/2025,Absa Bank Kenya Plc Ord 0.50,-,112400,1,730,-,
5/1/2025,The Co-operative Bank of Kenya Ltd Ord 1.00,-,321200,106,585,-,
5/1/2025,Equity Group Holdings Ltd Ord 0.50,-,387200,-1,100,595,-
5/1/2025,NCBA Bank Ltd Ord 5.00,-,8200,0,-,,
4/30/2025,Absa Bank Kenya Plc Ord 0.50,KES 18.15,213900,-72,200,-2.94%,
4/30/2025,Equity Group Holdings Ltd Ord 0.50,KES 45.70,3129500,4,43,575,1.78%
4/30/2025,NCBA Bank Ltd Ord 5.00,KES 54.00,293900,0,0.00%,,
4/30/2025,KCB Group Ltd Ord 1.00,KES 38.45,163900,1,308,410,0.52%
4/30/2025,The Co-operative Bank of Kenya Ltd Ord 1.00,KES 14.40,193200,-347,250,-1.71%,
4/29/2025,KCB Group Ltd Ord 1.00,KES 38.25,72400,3,850,-0.52%,
4/29/2025,The Co-operative Bank of Kenya Ltd Ord 1.00,KES 14.65,227200,-367,500,-8.44%,
4/29/2025,Absa Bank Kenya Plc Ord 0.50,KES 18.70,152000,45,0,0.54%,
4/29/2025,Equity Group Holdings Ltd Ord 0.50,KES 44.90,18000,-117,100,-0.22%,
4/29/2025,NCBA Bank Ltd Ord 5.00,KES 54.00,70500,0,-1.37%,,
4/28/2025,KCB Group Ltd Ord 1.00,KES 38.45,55900,0,-,,
4/28/2025,NCBA Bank Ltd Ord 5.00,KES 54.75,8600,0,-,,
4/28/2025,Equity Group Holdings Ltd Ord 0.50,KES 45.00,195500,-5,752,65,-
4/28/2025,Absa Bank Kenya Plc Ord 0.50,KES 18.60,252700,-38,955,-,
4/28/2025,The Co-operative Bank of Kenya Ltd Ord 1.00,KES 16.00,1192000,340,455,-,
4/27/2025,KCB Group Ltd Ord 1.00,-,55900,0,-,,
4/27/2025,Absa Bank Kenya Plc Ord 0.50,-,252700,-38,955,-,
4/27/2025,The Co-operative Bank of Kenya Ltd Ord 1.00,-,1192000,340,455,-,
4/27/2025,Equity Group Holdings Ltd Ord 0.50,-,195500,-5,752,65,-
4/27/2025,NCBA Bank Ltd Ord 5.00,-,8600,0,-,,
4/25/2025,NCBA Bank Ltd Ord 5.00,KES 54.00,14100,0,-0.46%,,
4/25/2025,The Co-operative Bank of Kenya Ltd Ord 1.00,KES 16.00,962500,-1,438,800,0.00%
4/25/2025,KCB Group Ltd Ord 1.00,KES 38.50,1189700,-37,445,460,0.00%
4/25/2025,Absa Bank Kenya Plc Ord 0.50,KES 18.50,62000,0,2.78%,,
4/25/2025,Equity Group Holdings Ltd Ord 0.50,KES 45.45,219600,-7,371,910,-0.44%
4/24/2025,Absa Bank Kenya Plc Ord 0.50,KES 18.00,40400,-90,0,2.86%,
4/24/2025,The Co-operative Bank of Kenya Ltd Ord 1.00,KES 16.00,556900,-879,0,0.00%,
4/24/2025,KCB Group Ltd Ord 1.00,KES 38.50,555200,-19,226,900,-2.16%
4/24/2025,Equity Group Holdings Ltd Ord 0.50,KES 45.65,393800,-17,326,590,-0.11%
4/24/2025,NCBA Bank Ltd Ord 5.00,KES 54.25,3100,-5,400,0.93%,
4/23/2025,The Co-operative Bank of Kenya Ltd Ord 1.00,KES 16.00,388900,-251,140,0.31%,
4/23/2025,NCBA Bank Ltd Ord 5.00,KES 53.75,24500,0,0.00%,,
4/23/2025,Absa Bank Kenya Plc Ord 0.50,KES 17.50,143000,17,500,0.57%,
4/23/2025,Equity Group Holdings Ltd Ord 0.50,KES 45.70,59300,-1,117,800,2.12%
4/23/2025,KCB Group Ltd Ord 1.00,KES 39.35,103800,0,-2.96%,,
4/22/2025,Absa Bank Kenya Plc Ord 0.50,KES 17.40,123900,22,540,-,
4/22/2025,NCBA Bank Ltd Ord 5.00,KES 53.75,8900,0,-,,
4/22/2025,Equity Group Holdings Ltd Ord 0.50,KES 44.75,27663600,-13,172,585,-
4/22/2025,KCB Group Ltd Ord 1.00,KES 40.55,6766600,-65,223,525,-
4/22/2025,The Co-operative Bank of Kenya Ltd Ord 1.00,KES 15.95,319700,-477,265,-,
4/21/2025,KCB Group Ltd Ord 1.00,-,6766600,-65,223,525,-
4/21/2025,Absa Bank Kenya Plc Ord 0.50,-,123900,22,540,-,
4/21/2025,The Co-operative Bank of Kenya Ltd Ord 1.00,-,319700,-477,265,-,
4/21/2025,Equity Group Holdings Ltd Ord 0.50,-,27663600,-13,172,585,-
4/21/2025,NCBA Bank Ltd Ord 5.00,-,8900,0,-,,
4/17/2025,Absa Bank Kenya Plc Ord 0.50,KES 17.30,112100,25,650,-1.14%,
4/17/2025,KCB Group Ltd Ord 1.00,KES 38.25,1370900,-46,161,965,-0.13%
4/17/2025,The Co-operative Bank of Kenya Ltd Ord 1.00,KES 15.95,321400,-689,495,-0.31%,
4/17/2025,Equity Group Holdings Ltd Ord 0.50,KES 44.60,97400,-429,960,1.13%,
4/17/2025,NCBA Bank Ltd Ord 5.00,KES 54.00,32600,0,2.86%,,
4/16/2025,Absa Bank Kenya Plc Ord 0.50,KES 17.50,98400,0,-0.28%,,
4/16/2025,Equity Group Holdings Ltd Ord 0.50,KES 44.10,170200,-3,987,180,-1.01%
4/16/2025,The Co-operative Bank of Kenya Ltd Ord 1.00,KES 16.00,156100,0,0.00%,,
4/16/2025,NCBA Bank Ltd Ord 5.00,KES 52.50,15200,0,-3.23%,,
4/16/2025,KCB Group Ltd Ord 1.00,KES 38.30,4296300,-134,50,0,0.79%
4/15/2025,Equity Group Holdings Ltd Ord 0.50,KES 44.55,636600,-28,261,60,-1.11%
4/15/2025,The Co-operative Bank of Kenya Ltd Ord 1.00,KES 16.00,220100,0,0.00%,,
4/15/2025,Absa Bank Kenya Plc Ord 0.50,KES 17.55,42900,-80,365,0.86%,
4/15/2025,KCB Group Ltd Ord 1.00,KES 38.00,2664200,22,72,795,-4.04%
4/15/2025,NCBA Bank Ltd Ord 5.00,KES 54.25,20000,0,1.40%,,
4/14/2025,NCBA Bank Ltd Ord 5.00,KES 53.50,3100,0,-,,
4/14/2025,The Co-operative Bank of Kenya Ltd Ord 1.00,KES 16.00,138000,0,-,,
4/14/2025,Absa Bank Kenya Plc Ord 0.50,KES 17.40,83400,0,-,,
4/14/2025,KCB Group Ltd Ord 1.00,KES 39.60,2865100,-11,799,910,-
4/14/2025,Equity Group Holdings Ltd Ord 0.50,KES 45.05,82400,-3,651,980,-
4/13/2025,KCB Group Ltd Ord 1.00,-,2865100,-11,799,910,-
4/13/2025,Absa Bank Kenya Plc Ord 0.50,-,83400,0,-,,
4/13/2025,The Co-operative Bank of Kenya Ltd Ord 1.00,-,138000,0,-,,
4/13/2025,Equity Group Holdings Ltd Ord 0.50,-,82400,-3,651,980,-
4/13/2025,NCBA Bank Ltd Ord 5.00,-,3100,0,-,,
4/11/2025,The Co-operative Bank of Kenya Ltd Ord 1.00,KES 16.00,275200,66,990,2.24%,
4/11/2025,Absa Bank Kenya Plc Ord 0.50,KES 17.05,157000,0,1.19%,,
4/11/2025,KCB Group Ltd Ord 1.00,KES 38.30,5252500,-195,124,930,2.00%
4/11/2025,Equity Group Holdings Ltd Ord 0.50,KES 44.60,200400,-6,3,160,1.13%
4/11/2025,NCBA Bank Ltd Ord 5.00,KES 53.75,5100,0,0.94%,,
4/10/2025,Absa Bank Kenya Plc Ord 0.50,KES 16.85,105600,0,-0.88%,,
4/10/2025,Equity Group Holdings Ltd Ord 0.50,KES 44.10,1826000,-73,860,90,3.64%
4/10/2025,KCB Group Ltd Ord 1.00,KES 37.55,799500,-7,957,420,6.37%
4/10/2025,The Co-operative Bank of Kenya Ltd Ord 1.00,KES 15.65,179800,-113,635,1.95%,
4/10/2025,NCBA Bank Ltd Ord 5.00,KES 53.25,27200,0,3.40%,,
4/9/2025,KCB Group Ltd Ord 1.00,KES 35.30,1522900,-5,678,100,-6.98%
4/9/2025,The Co-operative Bank of Kenya Ltd Ord 1.00,KES 15.35,545000,62,50,-3.46%,
4/9/2025,Absa Bank Kenya Plc Ord 0.50,KES 17.00,141000,0,-1.73%,,
4/9/2025,NCBA Bank Ltd Ord 5.00,KES 51.50,79100,0,-0.96%,,
4/9/2025,Equity Group Holdings Ltd Ord 0.50,KES 42.55,938900,-12,968,590,-3.08%
4/8/2025,Absa Bank Kenya Plc Ord 0.50,KES 17.30,166100,0,-2.54%,,
4/8/2025,KCB Group Ltd Ord 1.00,KES 37.95,218500,-908,370,-1.17%,
4/8/2025,The Co-operative Bank of Kenya Ltd Ord 1.00,KES 15.90,415800,-135,240,-1.55%,
4/8/2025,NCBA Bank Ltd Ord 5.00,KES 52.00,52600,0,-3.70%,,
4/8/2025,Equity Group Holdings Ltd Ord 0.50,KES 43.90,1659200,-62,974,125,-2.77%
4/7/2025,NCBA Bank Ltd Ord 5.00,KES 54.00,10200,0,-,,
4/7/2025,The Co-operative Bank of Kenya Ltd Ord 1.00,KES 16.15,139100,0,-,,
4/7/2025,Absa Bank Kenya Plc Ord 0.50,KES 17.75,188000,0,-,,
4/7/2025,Equity Group Holdings Ltd Ord 0.50,KES 45.15,152200,-4,256,820,-
4/7/2025,KCB Group Ltd Ord 1.00,KES 38.40,347400,-152,40,-,
4/6/2025,KCB Group Ltd Ord 1.00,-,347400,-152,40,-,
4/6/2025,Absa Bank Kenya Plc Ord 0.50,-,188000,0,-,,
4/6/2025,The Co-operative Bank of Kenya Ltd Ord 1.00,-,139100,0,-,,
4/6/2025,Equity Group Holdings Ltd Ord 0.50,-,152200,-4,256,820,-
4/6/2025,NCBA Bank Ltd Ord 5.00,-,10200,0,-,,
4/4/2025,Absa Bank Kenya Plc Ord 0.50,KES 18.10,83300,0,0.28%,,
4/4/2025,The Co-operative Bank of Kenya Ltd Ord 1.00,KES 16.15,204500,147,205,0.31%,
4/4/2025,Equity Group Holdings Ltd Ord 0.50,KES 47.10,356600,2,965,980,-0.53%
4/4/2025,KCB Group Ltd Ord 1.00,KES 39.75,2490900,5,499,655,-4.22%
4/4/2025,NCBA Bank Ltd Ord 5.00,KES 54.00,329700,0,0.00%,,
4/3/2025,KCB Group Ltd Ord 1.00,KES 41.50,388400,2,114,0,-0.95%
4/3/2025,Absa Bank Kenya Plc Ord 0.50,KES 18.05,314800,0,-3.99%,,
4/3/2025,NCBA Bank Ltd Ord 5.00,KES 54.00,434600,27,250,0.93%,
4/3/2025,The Co-operative Bank of Kenya Ltd Ord 1.00,KES 16.10,707800,0,0.00%,,
4/3/2025,Equity Group Holdings Ltd Ord 0.50,KES 47.35,239600,1,268,130,-0.32%
4/2/2025,KCB Group Ltd Ord 1.00,KES 41.90,948600,8,813,915,-0.36%
4/2/2025,Absa Bank Kenya Plc Ord 0.50,KES 18.80,197000,0,-1.05%,,
4/2/2025,Equity Group Holdings Ltd Ord 0.50,KES 47.50,161300,3,362,800,0.74%
4/2/2025,The Co-operative Bank of Kenya Ltd Ord 1.00,KES 16.10,533300,-288,395,-0.31%,
4/2/2025,NCBA Bank Ltd Ord 5.00,KES 53.50,39200,0,1.90%,,
4/1/2025,The Co-operative Bank of Kenya Ltd Ord 1.00,KES 16.15,680600,0,-,,
4/1/2025,KCB Group Ltd Ord 1.00,KES 42.05,249000,2,903,865,-
4/1/2025,Absa Bank Kenya Plc Ord 0.50,KES 19.00,66600,20,900,-,
4/1/2025,NCBA Bank Ltd Ord 5.00,KES 52.50,40400,52,500,-,
4/1/2025,Equity Group Holdings Ltd Ord 0.50,KES 47.15,102400,-4,138,710,-
3/31/2025,KCB Group Ltd Ord 1.00,-,249000,2,903,865,-
3/31/2025,Absa Bank Kenya Plc Ord 0.50,-,66600,20,900,-,
3/31/2025,The Co-operative Bank of Kenya Ltd Ord 1.00,-,680600,0,-,,
3/31/2025,Equity Group Holdings Ltd Ord 0.50,-,102400,-4,138,710,-
3/31/2025,NCBA Bank Ltd Ord 5.00,-,40400,52,500,-,
3/28/2025,The Co-operative Bank of Kenya Ltd Ord 1.00,KES 16.00,261300,1,738,140,0.31%
3/28/2025,KCB Group Ltd Ord 1.00,KES 42.15,497200,-1,354,40,0.24%
3/28/2025,Absa Bank Kenya Plc Ord 0.50,KES 19.00,248200,0,0.00%,,
3/28/2025,Equity Group Holdings Ltd Ord 0.50,KES 47.10,1087700,-8,658,380,0.32%
3/28/2025,NCBA Bank Ltd Ord 5.00,KES 52.50,163800,0,0.00%,,
3/27/2025,Absa Bank Kenya Plc Ord 0.50,KES 19.00,405000,0,-0.26%,,
3/27/2025,KCB Group Ltd Ord 1.00,KES 42.05,414200,-126,0,0.00%,
3/27/2025,NCBA Bank Ltd Ord 5.00,KES 52.50,568400,0,-0.47%,,
3/27/2025,Equity Group Holdings Ltd Ord 0.50,KES 46.95,205000,-2,523,900,1.40%
3/27/2025,The Co-operative Bank of Kenya Ltd Ord 1.00,KES 15.95,405900,-271,150,0.00%,
3/26/2025,Absa Bank Kenya Plc Ord 0.50,KES 19.05,178700,0,0.26%,,
3/26/2025,KCB Group Ltd Ord 1.00,KES 42.05,792200,-2,197,975,0.12%
3/26/2025,The Co-operative Bank of Kenya Ltd Ord 1.00,KES 15.95,344800,6,360,0.31%,
3/26/2025,NCBA Bank Ltd Ord 5.00,KES 52.75,259000,5,175,0.00%,
3/26/2025,Equity Group Holdings Ltd Ord 0.50,KES 46.30,241300,-9,787,820,0.22%
3/25/2025,Equity Group Holdings Ltd Ord 0.50,KES 46.20,889100,-40,278,935,-0.32%
3/25/2025,The Co-operative Bank of Kenya Ltd Ord 1.00,KES 15.90,310600,31,900,-0.31%,
3/25/2025,Absa Bank Kenya Plc Ord 0.50,KES 19.00,293700,0,0.26%,,
3/25/2025,NCBA Bank Ltd Ord 5.00,KES 52.75,8000,0,-1.86%,,
3/25/2025,KCB Group Ltd Ord 1.00,KES 42.00,621400,7,245,880,0.72%
3/24/2025,The Co-operative Bank of Kenya Ltd Ord 1.00,KES 15.95,308100,-534,610,-,
3/24/2025,NCBA Bank Ltd Ord 5.00,KES 53.75,21400,0,-,,
3/24/2025,Absa Bank Kenya Plc Ord 0.50,KES 18.95,107800,-90,860,-,
3/24/2025,KCB Group Ltd Ord 1.00,KES 41.70,110500,-369,680,-,
3/24/2025,Equity Group Holdings Ltd Ord 0.50,KES 46.35,590200,-1,904,525,-
3/23/2025,KCB Group Ltd Ord 1.00,-,110500,-369,680,-,
3/23/2025,Absa Bank Kenya Plc Ord 0.50,-,107800,-90,860,-,
3/23/2025,The Co-operative Bank of Kenya Ltd Ord 1.00,-,308100,-534,610,-,
3/23/2025,Equity Group Holdings Ltd Ord 0.50,-,590200,-1,904,525,-
3/23/2025,NCBA Bank Ltd Ord 5.00,-,21400,0,-,,
3/21/2025,KCB Group Ltd Ord 1.00,KES 42.00,2022900,15,482,80,-1.18%
3/21/2025,The Co-operative Bank of Kenya Ltd Ord 1.00,KES 15.95,766700,-1,432,375,-0.93%
3/21/2025,Absa Bank Kenya Plc Ord 0.50,KES 18.80,218000,0,-0.53%,,
3/21/2025,Equity Group Holdings Ltd Ord 0.50,KES 46.65,988300,-32,582,645,-0.53%
3/21/2025,NCBA Bank Ltd Ord 5.00,KES 52.25,43700,0,0.97%,,
3/20/2025,NCBA Bank Ltd Ord 5.00,KES 51.75,168800,0,0.49%,,
3/20/2025,KCB Group Ltd Ord 1.00,KES 42.50,4681400,-32,525,890,0.12%
3/20/2025,Equity Group Holdings Ltd Ord 0.50,KES 46.90,123400,-540,305,-0.95%,
3/20/2025,Absa Bank Kenya Plc Ord 0.50,KES 18.90,356700,0,-0.26%,,
3/20/2025,The Co-operative Bank of Kenya Ltd Ord 1.00,KES 16.10,696600,998,865,-0.62%,
3/19/2025,Equity Group Holdings Ltd Ord 0.50,KES 47.35,702100,-497,550,-0.11%,
3/19/2025,NCBA Bank Ltd Ord 5.00,KES 51.50,89800,0,-0.96%,,
3/19/2025,KCB Group Ltd Ord 1.00,KES 42.45,4705700,-14,162,200,0.00%
3/19/2025,Absa Bank Kenya Plc Ord 0.50,KES 18.95,120900,0,-0.26%,,
3/19/2025,The Co-operative Bank of Kenya Ltd Ord 1.00,KES 16.20,1488200,2,787,0,-1.52%
3/18/2025,The Co-operative Bank of Kenya Ltd Ord 1.00,KES 16.45,537300,-52,830,-0.60%,
3/18/2025,KCB Group Ltd Ord 1.00,KES 42.45,240500,0,0.47%,,
3/18/2025,Absa Bank Kenya Plc Ord 0.50,KES 19.00,158300,-57,0,-0.26%,
3/18/2025,Equity Group Holdings Ltd Ord 0.50,KES 47.40,5486500,-44,103,785,-0.32%
3/18/2025,NCBA Bank Ltd Ord 5.00,KES 52.00,48300,41,800,-0.48%,
3/17/2025,The Co-operative Bank of Kenya Ltd Ord 1.00,KES 16.55,205000,0,-,,
3/17/2025,Equity Group Holdings Ltd Ord 0.50,KES 47.55,87200,-3,325,0,-
3/17/2025,Absa Bank Kenya Plc Ord 0.50,KES 19.05,154700,3,820,-,
3/17/2025,KCB Group Ltd Ord 1.00,KES 42.25,1719400,-66,666,275,-
3/17/2025,NCBA Bank Ltd Ord 5.00,KES 52.25,13900,0,-,,
3/16/2025,KCB Group Ltd Ord 1.00,-,1719400,-66,666,275,-
3/16/2025,Absa Bank Kenya Plc Ord 0.50,-,154700,3,820,-,
3/16/2025,The Co-operative Bank of Kenya Ltd Ord 1.00,-,205000,0,-,,
3/16/2025,Equity Group Holdings Ltd Ord 0.50,-,87200,-3,325,0,-
3/16/2025,NCBA Bank Ltd Ord 5.00,-,13900,0,-,,
3/14/2025,KCB Group Ltd Ord 1.00,KES 42.15,8150500,18,759,890,5.11%
3/14/2025,NCBA Bank Ltd Ord 5.00,KES 51.75,4800,0,2.99%,,
3/14/2025,The Co-operative Bank of Kenya Ltd Ord 1.00,KES 15.05,6322200,-5,906,580,-2.59%
3/14/2025,Absa Bank Kenya Plc Ord 0.50,KES 19.05,1104800,0,0.26%,,
3/14/2025,Equity Group Holdings Ltd Ord 0.50,KES 47.60,118100,-1,890,45,-1.04%
3/13/2025,Absa Bank Kenya Plc Ord 0.50,KES 19.00,378600,-644,100,0.00%,
3/13/2025,Equity Group Holdings Ltd Ord 0.50,KES 48.10,43500,-1,755,585,-0.72%
3/13/2025,KCB Group Ltd Ord 1.00,KES 40.10,5618100,80,21,435,-9.07%
3/13/2025,NCBA Bank Ltd Ord 5.00,KES 50.25,190700,0,0.00%,,
3/13/2025,The Co-operative Bank of Kenya Ltd Ord 1.00,KES 15.45,2043000,-16,917,770,-2.83%
3/12/2025,Equity Group Holdings Ltd Ord 0.50,KES 48.45,34000,-20,-0.10%,,
3/12/2025,Absa Bank Kenya Plc Ord 0.50,KES 19.00,389900,0,0.00%,,
3/12/2025,KCB Group Ltd Ord 1.00,KES 44.10,1454300,-51,514,495,-0.79%
3/12/2025,NCBA Bank Ltd Ord 5.00,KES 50.25,99000,0,-0.99%,,
3/12/2025,The Co-operative Bank of Kenya Ltd Ord 1.00,KES 15.90,1901900,385,890,-3.34%,
3/11/2025,The Co-operative Bank of Kenya Ltd Ord 1.00,KES 16.45,430800,0,-0.90%,,
3/11/2025,Absa Bank Kenya Plc Ord 0.50,KES 19.00,1262600,0,-0.26%,,
3/11/2025,KCB Group Ltd Ord 1.00,KES 44.45,2293800,-42,66,540,-0.11%
3/11/2025,Equity Group Holdings Ltd Ord 0.50,KES 48.50,3435200,0,0.00%,,
3/11/2025,NCBA Bank Ltd Ord 5.00,KES 50.75,43800,0,-0.98%,,
3/10/2025,KCB Group Ltd Ord 1.00,KES 44.50,922600,-8,991,950,-
3/10/2025,Absa Bank Kenya Plc Ord 0.50,KES 19.05,701000,3,880,-,
3/10/2025,The Co-operative Bank of Kenya Ltd Ord 1.00,KES 16.60,568100,-23,280,-,
3/10/2025,Equity Group Holdings Ltd Ord 0.50,KES 48.50,289300,504,160,-,
3/10/2025,NCBA Bank Ltd Ord 5.00,KES 51.25,18700,0,-,,
3/9/2025,KCB Group Ltd Ord 1.00,-,922600,-8,991,950,-
3/9/2025,Absa Bank Kenya Plc Ord 0.50,-,701000,3,880,-,
3/9/2025,The Co-operative Bank of Kenya Ltd Ord 1.00,-,568100,-23,280,-,
3/9/2025,Equity Group Holdings Ltd Ord 0.50,-,289300,504,160,-,
3/9/2025,NCBA Bank Ltd Ord 5.00,-,18700,0,-,,
3/7/2025,The Co-operative Bank of Kenya Ltd Ord 1.00,KES 16.90,1035600,122,625,0.60%,
3/7/2025,KCB Group Ltd Ord 1.00,KES 44.75,3115500,-91,97,130,0.56%
3/7/2025,Equity Group Holdings Ltd Ord 0.50,KES 48.50,170500,933,930,0.21%,
3/7/2025,NCBA Bank Ltd Ord 5.00,KES 51.75,19400,0,-4.17%,,
3/7/2025,Absa Bank Kenya Plc Ord 0.50,KES 19.30,966600,0,1.05%,,
3/6/2025,The Co-operative Bank of Kenya Ltd Ord 1.00,KES 16.80,1348400,276,875,-1.18%,
3/6/2025,Absa Bank Kenya Plc Ord 0.50,KES 19.10,574500,0,-0.52%,,
3/6/2025,Equity Group Holdings Ltd Ord 0.50,KES 48.40,156500,-6,974,670,-0.21%
3/6/2025,NCBA Bank Ltd Ord 5.00,KES 54.00,52500,0,4.35%,,
3/6/2025,KCB Group Ltd Ord 1.00,KES 44.50,4295300,-18,929,535,0.11%
3/5/2025,KCB Group Ltd Ord 1.00,KES 44.45,2283800,-22,751,740,-0.22%
3/5/2025,The Co-operative Bank of Kenya Ltd Ord 1.00,KES 17.00,393000,-1,771,525,0.89%
3/5/2025,Absa Bank Kenya Plc Ord 0.50,KES 19.20,1634000,0,0.79%,,
3/5/2025,NCBA Bank Ltd Ord 5.00,KES 51.75,22700,0,0.00%,,
3/5/2025,Equity Group Holdings Ltd Ord 0.50,KES 48.50,4345200,-37,816,155,-0.10%
3/4/2025,KCB Group Ltd Ord 1.00,KES 44.55,651400,-25,501,435,-0.11%
3/4/2025,Absa Bank Kenya Plc Ord 0.50,KES 19.05,75500,0,0.00%,,
3/4/2025,NCBA Bank Ltd Ord 5.00,KES 51.75,34200,0,1.97%,,
3/4/2025,The Co-operative Bank of Kenya Ltd Ord 1.00,KES 16.85,218200,3,310,-0.30%,
3/4/2025,Equity Group Holdings Ltd Ord 0.50,KES 48.55,252800,0,-0.21%,,
3/3/2025,The Co-operative Bank of Kenya Ltd Ord 1.00,KES 16.90,2473300,1,697,970,-
3/3/2025,Absa Bank Kenya Plc Ord 0.50,KES 19.05,166300,0,-,,
3/3/2025,KCB Group Ltd Ord 1.00,KES 44.60,1474100,-14,137,985,-
3/3/2025,Equity Group Holdings Ltd Ord 0.50,KES 48.65,1349500,577,270,-,
3/3/2025,NCBA Bank Ltd Ord 5.00,KES 50.75,39400,0,-,,
3/2/2025,KCB Group Ltd Ord 1.00,-,1474100,-14,137,985,-
3/2/2025,Absa Bank Kenya Plc Ord 0.50,-,166300,0,-,,
3/2/2025,The Co-operative Bank of Kenya Ltd Ord 1.00,-,2473300,1,697,970,-
3/2/2025,Equity Group Holdings Ltd Ord 0.50,-,1349500,577,270,-,
3/2/2025,NCBA Bank Ltd Ord 5.00,-,39400,0,-,,
2/28/2025,Absa Bank Kenya Plc Ord 0.50,KES 19.00,2199500,-34,177,200,-0.52%
2/28/2025,KCB Group Ltd Ord 1.00,KES 44.95,158400,-4,239,0,0.33%
2/28/2025,The Co-operative Bank of Kenya Ltd Ord 1.00,KES 16.85,136000,1,690,0.60%,
2/28/2025,NCBA Bank Ltd Ord 5.00,KES 50.25,75700,0,0.50%,,
2/28/2025,Equity Group Holdings Ltd Ord 0.50,KES 48.70,405600,4,549,450,0.52%
2/27/2025,Equity Group Holdings Ltd Ord 0.50,KES 48.45,325000,12,837,950,0.62%
2/27/2025,Absa Bank Kenya Plc Ord 0.50,KES 19.10,334900,0,0.53%,,
2/27/2025,KCB Group Ltd Ord 1.00,KES 44.80,7286700,-517,260,0.22%,
2/27/2025,The Co-operative Bank of Kenya Ltd Ord 1.00,KES 16.75,137700,0,-1.18%,,
2/27/2025,NCBA Bank Ltd Ord 5.00,KES 50.00,304400,-2,10,0,0.50%
2/26/2025,Absa Bank Kenya Plc Ord 0.50,KES 19.00,149400,0,0.00%,,
2/26/2025,NCBA Bank Ltd Ord 5.00,KES 49.75,7800,0,1.43%,,
2/26/2025,KCB Group Ltd Ord 1.00,KES 44.70,5055800,-3,47,680,-0.45%
2/26/2025,Equity Group Holdings Ltd Ord 0.50,KES 48.15,142200,-4,358,570,-0.31%
2/26/2025,The Co-operative Bank of Kenya Ltd Ord 1.00,KES 16.95,709100,0,-0.29%,,
2/25/2025,KCB Group Ltd Ord 1.00,KES 44.90,504100,-4,89,680,-0.11%
2/25/2025,NCBA Bank Ltd Ord 5.00,KES 49.05,63400,0,0.20%,,
2/25/2025,The Co-operative Bank of Kenya Ltd Ord 1.00,KES 17.00,1634000,0,0.00%,,
2/25/2025,Absa Bank Kenya Plc Ord 0.50,KES 19.00,406000,1,900,0.26%,
2/25/2025,Equity Group Holdings Ltd Ord 0.50,KES 48.30,620200,12,725,770,0.73%
2/24/2025,KCB Group Ltd Ord 1.00,KES 44.95,1090800,-1,105,-,
2/24/2025,Absa Bank Kenya Plc Ord 0.50,KES 18.95,49200,0,-,,
2/24/2025,The Co-operative Bank of Kenya Ltd Ord 1.00,KES 17.00,160400,0,-,,
2/24/2025,Equity Group Holdings Ltd Ord 0.50,KES 47.95,141600,1,158,200,-
2/24/2025,NCBA Bank Ltd Ord 5.00,KES 48.95,17700,0,-,,
2/23/2025,KCB Group Ltd Ord 1.00,-,1090800,-1,105,-,
2/23/2025,Absa Bank Kenya Plc Ord 0.50,-,49200,0,-,,
2/23/2025,The Co-operative Bank of Kenya Ltd Ord 1.00,-,160400,0,-,,
2/23/2025,Equity Group Holdings Ltd Ord 0.50,-,141600,1,158,200,-
2/23/2025,NCBA Bank Ltd Ord 5.00,-,17700,0,-,,
2/21/2025,Absa Bank Kenya Plc Ord 0.50,KES 18.95,82100,147,700,-0.26%,
2/21/2025,Equity Group Holdings Ltd Ord 0.50,KES 47.00,1282700,-53,911,275,0.32%
2/21/2025,The Co-operative Bank of Kenya Ltd Ord 1.00,KES 17.00,294100,-22,35,-0.58%,
2/21/2025,NCBA Bank Ltd Ord 5.00,KES 49.25,17200,4,925,0.31%,
2/21/2025,KCB Group Ltd Ord 1.00,KES 43.95,7376800,205,98,265,-2.12%
2/20/2025,Absa Bank Kenya Plc Ord 0.50,KES 19.00,285900,0,-0.52%,,
2/20/2025,KCB Group Ltd Ord 1.00,KES 44.90,6831200,47,725,335,-0.22%
2/20/2025,The Co-operative Bank of Kenya Ltd Ord 1.00,KES 17.10,491200,0,0.29%,,
2/20/2025,NCBA Bank Ltd Ord 5.00,KES 49.10,73700,0,0.41%,,
2/20/2025,Equity Group Holdings Ltd Ord 0.50,KES 46.85,652800,-22,727,355,0.11%
2/19/2025,Equity Group Holdings Ltd Ord 0.50,KES 46.80,1695600,-48,113,425,-0.11%
2/19/2025,NCBA Bank Ltd Ord 5.00,KES 48.90,249100,0,-0.31%,,
2/19/2025,Absa Bank Kenya Plc Ord 0.50,KES 19.10,10521700,299,600,3.24%,
2/19/2025,KCB Group Ltd Ord 1.00,KES 45.00,718400,-40,680,-0.22%,
2/19/2025,The Co-operative Bank of Kenya Ltd Ord 1.00,KES 17.05,159200,0,0.89%,,
2/18/2025,Absa Bank Kenya Plc Ord 0.50,KES 18.50,79500,-25,900,0.27%,
2/18/2025,The Co-operative Bank of Kenya Ltd Ord 1.00,KES 16.90,738500,0,2.11%,,
2/18/2025,NCBA Bank Ltd Ord 5.00,KES 49.05,124600,0,-1.70%,,
2/18/2025,KCB Group Ltd Ord 1.00,KES 45.10,1989200,-65,159,440,0.11%
2/18/2025,Equity Group Holdings Ltd Ord 0.50,KES 46.85,806900,-36,989,935,-0.32%
2/17/2025,Absa Bank Kenya Plc Ord 0.50,KES 18.45,87800,29,410,-,
2/17/2025,KCB Group Ltd Ord 1.00,KES 45.05,1083600,-45,19,730,-
2/17/2025,The Co-operative Bank of Kenya Ltd Ord 1.00,KES 16.55,312200,0,-,,
2/17/2025,NCBA Bank Ltd Ord 5.00,KES 49.90,19000,0,-,,
2/17/2025,Equity Group Holdings Ltd Ord 0.50,KES 47.00,858500,-5,524,615,-
2/16/2025,KCB Group Ltd Ord 1.00,-,1083600,-45,19,730,-
2/16/2025,Absa Bank Kenya Plc Ord 0.50,-,87800,29,410,-,
2/16/2025,The Co-operative Bank of Kenya Ltd Ord 1.00,-,312200,0,-,,
2/16/2025,Equity Group Holdings Ltd Ord 0.50,-,858500,-5,524,615,-
2/16/2025,NCBA Bank Ltd Ord 5.00,-,19000,0,-,,
2/14/2025,KCB Group Ltd Ord 1.00,KES 45.20,1254800,-37,792,315,0.33%
2/14/2025,Absa Bank Kenya Plc Ord 0.50,KES 18.50,41200,0,0.00%,,
2/14/2025,NCBA Bank Ltd Ord 5.00,KES 49.80,102000,-355,60,0.00%,
2/14/2025,Equity Group Holdings Ltd Ord 0.50,KES 47.65,3102300,-84,429,70,0.21%
2/14/2025,The Co-operative Bank of Kenya Ltd Ord 1.00,KES 16.50,327800,463,400,-0.30%,
2/13/2025,Equity Group Holdings Ltd Ord 0.50,KES 47.55,779900,-36,838,85,-0.94%
2/13/2025,Absa Bank Kenya Plc Ord 0.50,KES 18.50,400200,-4,532,145,0.82%
2/13/2025,The Co-operative Bank of Kenya Ltd Ord 1.00,KES 16.55,175800,0,-0.30%,,
2/13/2025,NCBA Bank Ltd Ord 5.00,KES 49.80,136800,-4,980,0,0.00%
2/13/2025,KCB Group Ltd Ord 1.00,KES 45.05,297300,540,0,0.33%,
2/12/2025,Absa Bank Kenya Plc Ord 0.50,KES 18.35,164900,0,0.82%,,
2/12/2025,KCB Group Ltd Ord 1.00,KES 44.90,133900,0,-0.55%,,
2/12/2025,NCBA Bank Ltd Ord 5.00,KES 49.80,21000,0,0.10%,,
2/12/2025,Equity Group Holdings Ltd Ord 0.50,KES 48.00,39300,-259,200,0.10%,
2/12/2025,The Co-operative Bank of Kenya Ltd Ord 1.00,KES 16.60,108700,-43,160,3.75%,
2/11/2025,Equity Group Holdings Ltd Ord 0.50,KES 47.95,42900,0,0.00%,,
2/11/2025,The Co-operative Bank of Kenya Ltd Ord 1.00,KES 16.00,867600,1,804,195,-0.62%
2/11/2025,Absa Bank Kenya Plc Ord 0.50,KES 18.20,135400,36,200,0.00%,
2/11/2025,KCB Group Ltd Ord 1.00,KES 45.15,1641700,3,953,715,0.44%
2/11/2025,NCBA Bank Ltd Ord 5.00,KES 49.75,59100,0,3.43%,,
2/10/2025,The Co-operative Bank of Kenya Ltd Ord 1.00,KES 16.10,334500,553,250,-,
2/10/2025,Absa Bank Kenya Plc Ord 0.50,KES 18.20,362100,-62,220,-,
2/10/2025,KCB Group Ltd Ord 1.00,KES 44.95,1125100,-7,69,500,-
2/10/2025,NCBA Bank Ltd Ord 5.00,KES 48.10,31600,100,-,,
2/10/2025,Equity Group Holdings Ltd Ord 0.50,KES 47.95,312000,11,987,500,-
2/9/2025,KCB Group Ltd Ord 1.00,-,1125100,-7,69,500,-
2/9/2025,Absa Bank Kenya Plc Ord 0.50,-,362100,-62,220,-,
2/9/2025,The Co-operative Bank of Kenya Ltd Ord 1.00,-,334500,553,250,-,
2/9/2025,Equity Group Holdings Ltd Ord 0.50,-,312000,11,987,500,-
2/9/2025,NCBA Bank Ltd Ord 5.00,-,31600,100,-,,
2/7/2025,The Co-operative Bank of Kenya Ltd Ord 1.00,KES 16.05,232700,0,-0.62%,,
2/7/2025,KCB Group Ltd Ord 1.00,KES 45.05,416600,2,764,190,-0.11%
2/7/2025,NCBA Bank Ltd Ord 5.00,KES 48.20,7100,0,0.63%,,
2/7/2025,Absa Bank Kenya Plc Ord 0.50,KES 18.25,112200,0,1.39%,,
2/7/2025,Equity Group Holdings Ltd Ord 0.50,KES 48.00,1346400,-60,720,0,-0.72%
2/6/2025,Absa Bank Kenya Plc Ord 0.50,KES 18.00,92400,-331,200,0.28%,
2/6/2025,The Co-operative Bank of Kenya Ltd Ord 1.00,KES 16.15,612000,0,-0.31%,,
2/6/2025,Equity Group Holdings Ltd Ord 0.50,KES 48.35,554200,-2,629,235,-0.62%
2/6/2025,NCBA Bank Ltd Ord 5.00,KES 47.90,10800,0,-0.10%,,
2/6/2025,KCB Group Ltd Ord 1.00,KES 45.10,3840800,-45,100,0,0.00%
2/5/2025,Absa Bank Kenya Plc Ord 0.50,KES 17.95,150200,50,300,0.28%,
2/5/2025,Equity Group Holdings Ltd Ord 0.50,KES 48.65,776000,12,269,600,1.35%
2/5/2025,NCBA Bank Ltd Ord 5.00,KES 47.95,109600,9,700,-1.13%,
2/5/2025,KCB Group Ltd Ord 1.00,KES 45.10,4879000,-175,444,850,1.23%
2/5/2025,The Co-operative Bank of Kenya Ltd Ord 1.00,KES 16.20,907500,0,-0.61%,,
2/4/2025,KCB Group Ltd Ord 1.00,KES 44.55,1950400,-59,688,195,2.53%
2/4/2025,Absa Bank Kenya Plc Ord 0.50,KES 17.90,90500,0,-0.56%,,
2/4/2025,NCBA Bank Ltd Ord 5.00,KES 48.50,93000,96,700,0.31%,
2/4/2025,The Co-operative Bank of Kenya Ltd Ord 1.00,KES 16.30,2908000,10,344,440,-1.21%
2/4/2025,Equity Group Holdings Ltd Ord 0.50,KES 48.00,2949300,-4,56,0,0.00%
2/3/2025,The Co-operative Bank of Kenya Ltd Ord 1.00,KES 16.50,544100,1,732,500,-
2/3/2025,Equity Group Holdings Ltd Ord 0.50,KES 48.00,2730900,-88,502,700,-
2/3/2025,Absa Bank Kenya Plc Ord 0.50,KES 18.00,170400,-612,95,-,
2/3/2025,NCBA Bank Ltd Ord 5.00,KES 48.35,10200,-9,640,-,
2/3/2025,KCB Group Ltd Ord 1.00,KES 43.45,1201900,-33,827,110,-
2/2/2025,KCB Group Ltd Ord 1.00,-,1201900,-33,827,110,-
2/2/2025,Absa Bank Kenya Plc Ord 0.50,-,170400,-612,95,-,
2/2/2025,The Co-operative Bank of Kenya Ltd Ord 1.00,-,544100,1,732,500,-
2/2/2025,Equity Group Holdings Ltd Ord 0.50,-,2730900,-88,502,700,-
2/2/2025,NCBA Bank Ltd Ord 5.00,-,10200,-9,640,-,
1/31/2025,Equity Group Holdings Ltd Ord 0.50,KES 47.20,56300,-1,251,630,-0.94%
1/31/2025,Absa Bank Kenya Plc Ord 0.50,KES 17.95,65700,0,0.00%,,
1/31/2025,The Co-operative Bank of Kenya Ltd Ord 1.00,KES 16.55,123600,0,0.61%,,
1/31/2025,KCB Group Ltd Ord 1.00,KES 42.75,594800,-3,481,970,-2.29%
1/31/2025,NCBA Bank Ltd Ord 5.00,KES 48.50,47000,0,-0.21%,,
1/30/2025,Equity Group Holdings Ltd Ord 0.50,KES 47.65,72200,-470,720,-1.45%,
1/30/2025,KCB Group Ltd Ord 1.00,KES 43.75,355800,-396,60,-2.02%,
1/30/2025,Absa Bank Kenya Plc Ord 0.50,KES 17.95,264400,-901,800,0.00%,
1/30/2025,The Co-operative Bank of Kenya Ltd Ord 1.00,KES 16.45,230100,0,0.00%,,
1/30/2025,NCBA Bank Ltd Ord 5.00,KES 48.60,4900,39,200,-0.31%,
1/29/2025,Equity Group Holdings Ltd Ord 0.50,KES 48.35,1078300,2,304,305,-0.31%
1/29/2025,KCB Group Ltd Ord 1.00,KES 44.65,556500,-8,913,580,-1.00%
1/29/2025,Absa Bank Kenya Plc Ord 0.50,KES 17.95,124100,0,0.28%,,
1/29/2025,NCBA Bank Ltd Ord 5.00,KES 48.75,18800,68,600,-1.52%,
1/29/2025,The Co-operative Bank of Kenya Ltd Ord 1.00,KES 16.45,306400,0,0.30%,,
1/28/2025,Equity Group Holdings Ltd Ord 0.50,KES 48.50,1333000,-38,994,0,-0.10%
1/28/2025,KCB Group Ltd Ord 1.00,KES 45.10,1386800,-54,251,250,-0.55%
1/28/2025,The Co-operative Bank of Kenya Ltd Ord 1.00,KES 16.40,106300,0,0.61%,,
1/28/2025,Absa Bank Kenya Plc Ord 0.50,KES 17.90,99100,0,-0.28%,,
1/28/2025,NCBA Bank Ltd Ord 5.00,KES 49.50,213900,-9,900,0,-0.50%
1/27/2025,Equity Group Holdings Ltd Ord 0.50,KES 48.55,82300,-795,400,-,
1/27/2025,Absa Bank Kenya Plc Ord 0.50,KES 17.95,151600,0,-,,
1/27/2025,KCB Group Ltd Ord 1.00,KES 45.35,1005500,-19,970,640,-
1/27/2025,The Co-operative Bank of Kenya Ltd Ord 1.00,KES 16.30,183500,0,-,,
1/27/2025,NCBA Bank Ltd Ord 5.00,KES 49.75,10500,0,-,,
1/26/2025,KCB Group Ltd Ord 1.00,-,1005500,-19,970,640,-
1/26/2025,Absa Bank Kenya Plc Ord 0.50,-,151600,0,-,,
1/26/2025,The Co-operative Bank of Kenya Ltd Ord 1.00,-,183500,0,-,,
1/26/2025,Equity Group Holdings Ltd Ord 0.50,-,82300,-795,400,-,
1/26/2025,NCBA Bank Ltd Ord 5.00,-,10500,0,-,,
1/24/2025,Equity Group Holdings Ltd Ord 0.50,KES 48.70,12900,-4,945,-0.41%,
1/24/2025,KCB Group Ltd Ord 1.00,KES 45.80,596200,-2,473,575,0.99%
1/24/2025,Absa Bank Kenya Plc Ord 0.50,KES 17.90,31000,0,1.99%,,
1/24/2025,The Co-operative Bank of Kenya Ltd Ord 1.00,KES 16.20,225600,494,100,0.00%,
1/24/2025,NCBA Bank Ltd Ord 5.00,KES 49.05,84900,0,-1.11%,,
1/23/2025,KCB Group Ltd Ord 1.00,KES 45.35,4668200,-68,682,245,2.95%
1/23/2025,Equity Group Holdings Ltd Ord 0.50,KES 48.90,156600,5,561,935,-0.51%
1/23/2025,NCBA Bank Ltd Ord 5.00,KES 49.60,18100,0,1.22%,,
1/23/2025,Absa Bank Kenya Plc Ord 0.50,KES 17.55,184600,176,0,0.57%,
1/23/2025,The Co-operative Bank of Kenya Ltd Ord 1.00,KES 16.20,124900,105,300,0.93%,
1/22/2025,Equity Group Holdings Ltd Ord 0.50,KES 49.15,94700,268,600,0.82%,
1/22/2025,NCBA Bank Ltd Ord 5.00,KES 49.00,140600,-4,900,0,1.87%
1/22/2025,KCB Group Ltd Ord 1.00,KES 44.05,2777900,-59,403,900,1.03%
1/22/2025,Absa Bank Kenya Plc Ord 0.50,KES 17.45,313000,-468,600,1.45%,
1/22/2025,The Co-operative Bank of Kenya Ltd Ord 1.00,KES 16.05,376300,296,800,0.00%,
1/21/2025,Absa Bank Kenya Plc Ord 0.50,KES 17.20,83800,-345,0,-0.29%,
1/21/2025,Equity Group Holdings Ltd Ord 0.50,KES 48.75,466900,20,193,440,0.62%
1/21/2025,The Co-operative Bank of Kenya Ltd Ord 1.00,KES 16.05,606900,140,125,-1.23%,
1/21/2025,KCB Group Ltd Ord 1.00,KES 43.60,941600,-16,965,1.16%,
1/21/2025,NCBA Bank Ltd Ord 5.00,KES 48.10,142700,0,-1.54%,,
1/20/2025,Equity Group Holdings Ltd Ord 0.50,KES 48.45,463200,-456,100,-,
1/20/2025,The Co-operative Bank of Kenya Ltd Ord 1.00,KES 16.25,282800,495,0,-,
1/20/2025,NCBA Bank Ltd Ord 5.00,KES 48.85,9700,0,-,,
1/20/2025,Absa Bank Kenya Plc Ord 0.50,KES 17.25,37700,0,-,,
1/20/2025,KCB Group Ltd Ord 1.00,KES 43.10,2049400,-26,982,165,-
1/19/2025,KCB Group Ltd Ord 1.00,-,2049400,-26,982,165,-
1/19/2025,Absa Bank Kenya Plc Ord 0.50,-,37700,0,-,,
1/19/2025,The Co-operative Bank of Kenya Ltd Ord 1.00,-,282800,495,0,-,
1/19/2025,Equity Group Holdings Ltd Ord 0.50,-,463200,-456,100,-,
1/19/2025,NCBA Bank Ltd Ord 5.00,-,9700,0,-,,
1/17/2025,KCB Group Ltd Ord 1.00,KES 42.95,2492400,7,897,725,-0.46%
1/17/2025,Absa Bank Kenya Plc Ord 0.50,KES 17.15,108900,0,0.88%,,
1/17/2025,The Co-operative Bank of Kenya Ltd Ord 1.00,KES 16.20,155200,0,3.18%,,
1/17/2025,NCBA Bank Ltd Ord 5.00,KES 47.65,82800,-670,415,0.42%,
1/17/2025,Equity Group Holdings Ltd Ord 0.50,KES 48.50,1810200,-667,875,0.10%,
1/16/2025,KCB Group Ltd Ord 1.00,KES 43.15,2374900,297,50,-0.35%,
1/16/2025,Equity Group Holdings Ltd Ord 0.50,KES 48.45,1744400,-2,32,725,0.94%
1/16/2025,Absa Bank Kenya Plc Ord 0.50,KES 17.00,138800,0,-1.16%,,
1/16/2025,NCBA Bank Ltd Ord 5.00,KES 47.45,59100,0,0.42%,,
1/16/2025,The Co-operative Bank of Kenya Ltd Ord 1.00,KES 15.70,124800,-530,100,-0.95%,
1/15/2025,Equity Group Holdings Ltd Ord 0.50,KES 48.00,177200,-2,856,0,-0.72%
1/15/2025,Absa Bank Kenya Plc Ord 0.50,KES 17.20,2178600,18,0,-6.78%,
1/15/2025,The Co-operative Bank of Kenya Ltd Ord 1.00,KES 15.85,173800,-399,655,-3.65%,
1/15/2025,KCB Group Ltd Ord 1.00,KES 43.30,292100,-942,25,-0.35%,
1/15/2025,NCBA Bank Ltd Ord 5.00,KES 47.25,31600,-9,400,0.21%,
1/14/2025,Equity Group Holdings Ltd Ord 0.50,KES 48.35,129500,0,1.15%,,
1/14/2025,The Co-operative Bank of Kenya Ltd Ord 1.00,KES 16.45,268900,-172,10,-0.60%,
1/14/2025,KCB Group Ltd Ord 1.00,KES 43.45,1723300,-26,913,450,0.00%
1/14/2025,Absa Bank Kenya Plc Ord 0.50,KES 18.45,51300,0,-1.34%,,
1/14/2025,NCBA Bank Ltd Ord 5.00,KES 47.15,14900,0,-0.42%,,
1/13/2025,NCBA Bank Ltd Ord 5.00,KES 47.35,21400,0,-,,
1/13/2025,Equity Group Holdings Ltd Ord 0.50,KES 47.80,15000,42,930,-,
1/13/2025,KCB Group Ltd Ord 1.00,KES 43.45,433300,-4,864,375,-
1/13/2025,The Co-operative Bank of Kenya Ltd Ord 1.00,KES 16.55,350300,-1,985,30,-
1/13/2025,Absa Bank Kenya Plc Ord 0.50,KES 18.70,703000,0,-,,
1/12/2025,KCB Group Ltd Ord 1.00,-,433300,-4,864,375,-
1/12/2025,Absa Bank Kenya Plc Ord 0.50,-,703000,0,-,,
1/12/2025,The Co-operative Bank of Kenya Ltd Ord 1.00,-,350300,-1,985,30,-
1/12/2025,Equity Group Holdings Ltd Ord 0.50,-,15000,42,930,-,
1/12/2025,NCBA Bank Ltd Ord 5.00,-,21400,0,-,,
1/10/2025,Equity Group Holdings Ltd Ord 0.50,KES 47.50,2212200,-5,472,505,-0.21%
1/10/2025,The Co-operative Bank of Kenya Ltd Ord 1.00,KES 16.60,2146500,-942,790,-4.32%,
1/10/2025,NCBA Bank Ltd Ord 5.00,KES 48.45,44800,43,650,-1.32%,
1/10/2025,Absa Bank Kenya Plc Ord 0.50,KES 19.10,5350100,0,1.60%,,
1/10/2025,KCB Group Ltd Ord 1.00,KES 43.30,201800,0,0.93%,,
1/9/2025,Equity Group Holdings Ltd Ord 0.50,KES 47.60,539600,-261,800,0.00%,
1/9/2025,Absa Bank Kenya Plc Ord 0.50,KES 18.80,7822900,0,0.00%,,
1/9/2025,KCB Group Ltd Ord 1.00,KES 42.90,186700,0,0.23%,,
1/9/2025,The Co-operative Bank of Kenya Ltd Ord 1.00,KES 17.35,199900,-5,195,-2.53%,
1/9/2025,NCBA Bank Ltd Ord 5.00,KES 49.10,31100,0,-0.30%,,
1/8/2025,Equity Group Holdings Ltd Ord 0.50,KES 47.60,1314600,-9,490,250,-0.73%
1/8/2025,NCBA Bank Ltd Ord 5.00,KES 49.25,405400,0,-1.40%,,
1/8/2025,Absa Bank Kenya Plc Ord 0.50,KES 18.80,223300,-1,890,0,1.62%
1/8/2025,KCB Group Ltd Ord 1.00,KES 42.80,2043800,-54,782,460,-0.47%
1/8/2025,The Co-operative Bank of Kenya Ltd Ord 1.00,KES 17.80,341700,0,0.00%,,
1/7/2025,Equity Group Holdings Ltd Ord 0.50,KES 47.95,368600,-10,912,465,0.31%
1/7/2025,Absa Bank Kenya Plc Ord 0.50,KES 18.50,2052000,-585,310,-1.86%,
1/7/2025,NCBA Bank Ltd Ord 5.00,KES 49.95,202300,0,1.52%,,
1/7/2025,The Co-operative Bank of Kenya Ltd Ord 1.00,KES 17.80,422800,62,680,0.85%,
1/7/2025,KCB Group Ltd Ord 1.00,KES 43.00,4293000,-126,957,540,0.23%
1/6/2025,KCB Group Ltd Ord 1.00,KES 42.90,1478700,268,380,-,
1/6/2025,Equity Group Holdings Ltd Ord 0.50,KES 47.80,2722400,-34,596,340,-
1/6/2025,The Co-operative Bank of Kenya Ltd Ord 1.00,KES 17.65,1026500,-1,770,0,-
1/6/2025,Absa Bank Kenya Plc Ord 0.50,KES 18.85,192500,0,-,,
1/6/2025,NCBA Bank Ltd Ord 5.00,KES 49.20,41200,0,-,,
1/5/2025,KCB Group Ltd Ord 1.00,-,1478700,268,380,-,
1/5/2025,Absa Bank Kenya Plc Ord 0.50,-,192500,0,-,,
1/5/2025,The Co-operative Bank of Kenya Ltd Ord 1.00,-,1026500,-1,770,0,-
1/5/2025,Equity Group Holdings Ltd Ord 0.50,-,2722400,-34,596,340,-
1/5/2025,NCBA Bank Ltd Ord 5.00,-,41200,0,-,,
1/3/2025,Equity Group Holdings Ltd Ord 0.50,KES 48.00,105100,-4,353,995,0.00%
1/3/2025,Absa Bank Kenya Plc Ord 0.50,KES 19.00,2930600,0,0.80%,,
1/3/2025,NCBA Bank Ltd Ord 5.00,KES 50.75,22900,0,-0.49%,,
1/3/2025,The Co-operative Bank of Kenya Ltd Ord 1.00,KES 17.65,2082100,0,1.15%,,
1/3/2025,KCB Group Ltd Ord 1.00,KES 42.80,485500,0,0.94%,,
1/2/2025,Equity Group Holdings Ltd Ord 0.50,KES 48.00,161900,-3,787,810,-
1/2/2025,NCBA Bank Ltd Ord 5.00,KES 51.00,16600,0,-,,
1/2/2025,Absa Bank Kenya Plc Ord 0.50,KES 18.85,94200,-14,435,-,
1/2/2025,KCB Group Ltd Ord 1.00,KES 42.40,262600,831,600,-,
1/2/2025,The Co-operative Bank of Kenya Ltd Ord 1.00,KES 17.45,831200,-17,50,-,
1/1/2025,KCB Group Ltd Ord 1.00,-,262600,831,600,-,
1/1/2025,Absa Bank Kenya Plc Ord 0.50,-,94200,-14,435,-,
1/1/2025,The Co-operative Bank of Kenya Ltd Ord 1.00,-,831200,-17,50,-,
1/1/2025,Equity Group Holdings Ltd Ord 0.50,-,161900,-3,787,810,-
1/1/2025,NCBA Bank Ltd Ord 5.00,-,16600,0,-,,
12/31/2024,Equity Group Holdings Ltd Ord 0.50,KES 48.30,9300,-20,2.77%,,
12/31/2024,KCB Group Ltd Ord 1.00,KES 41.60,136800,-20,700,4.00%,
12/31/2024,Absa Bank Kenya Plc Ord 0.50,KES 18.05,104200,-183,750,2.27%,
12/31/2024,The Co-operative Bank of Kenya Ltd Ord 1.00,KES 16.45,168200,0,2.17%,,
12/31/2024,NCBA Bank Ltd Ord 5.00,KES 48.20,10700,-104,500,1.47%,
12/30/2024,Equity Group Holdings Ltd Ord 0.50,KES 47.00,1162300,-17,645,575,-
12/30/2024,The Co-operative Bank of Kenya Ltd Ord 1.00,KES 16.10,210900,1,650,-,
12/30/2024,Absa Bank Kenya Plc Ord 0.50,KES 17.65,70100,0,-,,
12/30/2024,KCB Group Ltd Ord 1.00,KES 40.00,959600,-26,0,0,-
12/30/2024,NCBA Bank Ltd Ord 5.00,KES 47.50,6400,0,-,,
12/29/2024,NCBA Bank Ltd Ord 5.00,-,6400,0,-,,
12/29/2024,KCB Group Ltd Ord 1.00,-,959600,-26,0,0,-
12/29/2024,The Co-operative Bank of Kenya Ltd Ord 1.00,-,210900,1,650,-,
12/29/2024,Absa Bank Kenya Plc Ord 0.50,-,70100,0,-,,
12/29/2024,Equity Group Holdings Ltd Ord 0.50,-,1162300,-17,645,575,-
12/27/2024,Equity Group Holdings Ltd Ord 0.50,KES 46.15,133600,0,-,,
12/27/2024,The Co-operative Bank of Kenya Ltd Ord 1.00,KES 15.90,199600,0,-,,
12/27/2024,Absa Bank Kenya Plc Ord 0.50,KES 17.40,67900,0,-,,
12/27/2024,KCB Group Ltd Ord 1.00,KES 39.95,89500,0,-,,
12/27/2024,NCBA Bank Ltd Ord 5.00,KES 47.95,22400,0,-,,
12/26/2024,NCBA Bank Ltd Ord 5.00,-,22400,0,-,,
12/26/2024,KCB Group Ltd Ord 1.00,-,89500,0,-,,
12/26/2024,Absa Bank Kenya Plc Ord 0.50,-,67900,0,-,,
12/26/2024,The Co-operative Bank of Kenya Ltd Ord 1.00,-,199600,0,-,,
12/26/2024,Equity Group Holdings Ltd Ord 0.50,-,133600,0,-,,
12/24/2024,KCB Group Ltd Ord 1.00,KES 39.55,194900,0,0.13%,,
12/24/2024,Equity Group Holdings Ltd Ord 0.50,KES 46.00,2407400,-104,498,500,-0.76%
12/24/2024,The Co-operative Bank of Kenya Ltd Ord 1.00,KES 15.70,63600,0,-0.63%,,
12/24/2024,Absa Bank Kenya Plc Ord 0.50,KES 17.20,72800,0,0.88%,,
12/24/2024,NCBA Bank Ltd Ord 5.00,KES 47.40,9100,0,1.17%,,
12/23/2024,KCB Group Ltd Ord 1.00,KES 39.50,1152700,1,113,900,-
12/23/2024,Equity Group Holdings Ltd Ord 0.50,KES 46.35,52000,-1,958,980,-
12/23/2024,NCBA Bank Ltd Ord 5.00,KES 46.85,10700,0,-,,
12/23/2024,Absa Bank Kenya Plc Ord 0.50,KES 17.05,83800,0,-,,
12/23/2024,The Co-operative Bank of Kenya Ltd Ord 1.00,KES 15.80,658700,-1,550,0,-
12/22/2024,NCBA Bank Ltd Ord 5.00,-,10700,0,-,,
12/22/2024,KCB Group Ltd Ord 1.00,-,1152700,1,113,900,-
12/22/2024,Absa Bank Kenya Plc Ord 0.50,-,83800,0,-,,
12/22/2024,The Co-operative Bank of Kenya Ltd Ord 1.00,-,658700,-1,550,0,-
12/22/2024,Equity Group Holdings Ltd Ord 0.50,-,52000,-1,958,980,-
12/20/2024,Equity Group Holdings Ltd Ord 0.50,KES 45.95,821800,-22,179,405,-0.43%
12/20/2024,Absa Bank Kenya Plc Ord 0.50,KES 16.85,141800,-3,350,1.20%,
12/20/2024,The Co-operative Bank of Kenya Ltd Ord 1.00,KES 15.55,536200,15,600,1.97%,
12/20/2024,NCBA Bank Ltd Ord 5.00,KES 46.90,96400,0,0.86%,,
12/20/2024,KCB Group Ltd Ord 1.00,KES 39.65,726700,709,765,0.25%,
12/19/2024,Equity Group Holdings Ltd Ord 0.50,KES 46.15,648500,-28,515,415,0.00%
12/19/2024,KCB Group Ltd Ord 1.00,KES 39.55,71200,-925,10,-0.13%,
12/19/2024,Absa Bank Kenya Plc Ord 0.50,KES 16.65,641800,-1,118,900,6.39%
12/19/2024,The Co-operative Bank of Kenya Ltd Ord 1.00,KES 15.25,416400,56,610,3.74%,
12/19/2024,NCBA Bank Ltd Ord 5.00,KES 46.50,33900,0,1.75%,,
12/18/2024,KCB Group Ltd Ord 1.00,KES 39.60,1400700,-30,859,200,0.13%
12/18/2024,Equity Group Holdings Ltd Ord 0.50,KES 46.15,1152200,-17,26,480,-0.54%
12/18/2024,The Co-operative Bank of Kenya Ltd Ord 1.00,KES 14.70,153100,0,0.68%,,
12/18/2024,Absa Bank Kenya Plc Ord 0.50,KES 15.65,72500,0,0.64%,,
12/18/2024,NCBA Bank Ltd Ord 5.00,KES 45.70,297100,-12,732,20,0.33%
12/17/2024,Equity Group Holdings Ltd Ord 0.50,KES 46.40,666100,-12,660,0,-2.11%
12/17/2024,NCBA Bank Ltd Ord 5.00,KES 45.55,74500,0,1.90%,,
12/17/2024,Absa Bank Kenya Plc Ord 0.50,KES 15.55,140900,0,0.97%,,
12/17/2024,KCB Group Ltd Ord 1.00,KES 39.55,161200,0,0.13%,,
12/17/2024,The Co-operative Bank of Kenya Ltd Ord 1.00,KES 14.60,2613800,0,0.34%,,
12/16/2024,Equity Group Holdings Ltd Ord 0.50,KES 47.40,178800,-2,121,765,-
12/16/2024,NCBA Bank Ltd Ord 5.00,KES 44.70,157300,0,-,,
12/16/2024,KCB Group Ltd Ord 1.00,KES 39.50,1149300,-5,36,650,-
12/16/2024,Absa Bank Kenya Plc Ord 0.50,KES 15.40,37300,-43,120,-,
12/16/2024,The Co-operative Bank of Kenya Ltd Ord 1.00,KES 14.55,172200,-48,180,-,
12/15/2024,NCBA Bank Ltd Ord 5.00,-,157300,0,-,,
12/15/2024,KCB Group Ltd Ord 1.00,-,1149300,-5,36,650,-
12/15/2024,Absa Bank Kenya Plc Ord 0.50,-,37300,-43,120,-,
12/15/2024,The Co-operative Bank of Kenya Ltd Ord 1.00,-,172200,-48,180,-,
12/15/2024,Equity Group Holdings Ltd Ord 0.50,-,178800,-2,121,765,-
12/13/2024,Equity Group Holdings Ltd Ord 0.50,KES 48.00,1038900,27,974,210,-
12/13/2024,Absa Bank Kenya Plc Ord 0.50,KES 15.40,152700,-348,345,-,
12/13/2024,KCB Group Ltd Ord 1.00,KES 39.50,1559900,0,-,,
12/13/2024,NCBA Bank Ltd Ord 5.00,KES 44.60,24800,0,-,,
12/13/2024,The Co-operative Bank of Kenya Ltd Ord 1.00,KES 14.60,41200,0,-,,
12/12/2024,NCBA Bank Ltd Ord 5.00,-,24800,0,-,,
12/12/2024,KCB Group Ltd Ord 1.00,-,1559900,0,-,,
12/12/2024,Absa Bank Kenya Plc Ord 0.50,-,152700,-348,345,-,
12/12/2024,The Co-operative Bank of Kenya Ltd Ord 1.00,-,41200,0,-,,
12/12/2024,Equity Group Holdings Ltd Ord 0.50,-,1038900,27,974,210,-
12/11/2024,Equity Group Holdings Ltd Ord 0.50,KES 48.45,297300,344,510,0.94%,
12/11/2024,The Co-operative Bank of Kenya Ltd Ord 1.00,KES 14.45,273200,-15,620,1.76%,
12/11/2024,Absa Bank Kenya Plc Ord 0.50,KES 15.30,59300,-34,640,0.99%,
12/11/2024,KCB Group Ltd Ord 1.00,KES 39.25,3126800,-117,835,910,0.00%
12/11/2024,NCBA Bank Ltd Ord 5.00,KES 43.80,113100,0,1.15%,,
12/10/2024,KCB Group Ltd Ord 1.00,KES 39.25,189500,0,3.56%,,
12/10/2024,Equity Group Holdings Ltd Ord 0.50,KES 48.00,51700,2,58,90,4.35%
12/10/2024,Absa Bank Kenya Plc Ord 0.50,KES 15.15,144100,0,-0.98%,,
12/10/2024,The Co-operative Bank of Kenya Ltd Ord 1.00,KES 14.20,73700,0,-0.70%,,
12/10/2024,NCBA Bank Ltd Ord 5.00,KES 43.30,124200,0,0.70%,,
12/9/2024,Equity Group Holdings Ltd Ord 0.50,KES 46.00,139600,5,210,770,-
12/9/2024,NCBA Bank Ltd Ord 5.00,KES 43.00,51200,0,-,,
12/9/2024,Absa Bank Kenya Plc Ord 0.50,KES 15.30,107700,0,-,,
12/9/2024,The Co-operative Bank of Kenya Ltd Ord 1.00,KES 14.30,45500,0,-,,
12/9/2024,KCB Group Ltd Ord 1.00,KES 37.90,172300,-380,0,-,
12/8/2024,NCBA Bank Ltd Ord 5.00,-,51200,0,-,,
12/8/2024,KCB Group Ltd Ord 1.00,-,172300,-380,0,-,
12/8/2024,Absa Bank Kenya Plc Ord 0.50,-,107700,0,-,,
12/8/2024,The Co-operative Bank of Kenya Ltd Ord 1.00,-,45500,0,-,,
12/8/2024,Equity Group Holdings Ltd Ord 0.50,-,139600,5,210,770,-
12/6/2024,Equity Group Holdings Ltd Ord 0.50,KES 45.40,25800,9,100,0.00%,
12/6/2024,Absa Bank Kenya Plc Ord 0.50,KES 15.10,436300,0,0.00%,,
12/6/2024,The Co-operative Bank of Kenya Ltd Ord 1.00,KES 14.20,34300,0,1.43%,,
12/6/2024,KCB Group Ltd Ord 1.00,KES 37.95,63200,0,0.00%,,
12/6/2024,NCBA Bank Ltd Ord 5.00,KES 44.60,43800,222,250,2.65%,
12/5/2024,KCB Group Ltd Ord 1.00,KES 37.95,2724600,-75,900,0,0.13%
12/5/2024,Equity Group Holdings Ltd Ord 0.50,KES 45.40,9646300,-427,840,55,0.00%
12/5/2024,Absa Bank Kenya Plc Ord 0.50,KES 15.10,210800,0,0.67%,,
12/5/2024,The Co-operative Bank of Kenya Ltd Ord 1.00,KES 14.00,136200,0,0.36%,,
12/5/2024,NCBA Bank Ltd Ord 5.00,KES 43.45,191100,0,3.21%,,
12/4/2024,NCBA Bank Ltd Ord 5.00,KES 42.10,26600,0,0.48%,,
12/4/2024,KCB Group Ltd Ord 1.00,KES 37.90,88800,68,960,-0.66%,
12/4/2024,Equity Group Holdings Ltd Ord 0.50,KES 45.40,2392900,-328,890,-0.22%,
12/4/2024,Absa Bank Kenya Plc Ord 0.50,KES 15.00,72500,532,220,0.00%,
12/4/2024,The Co-operative Bank of Kenya Ltd Ord 1.00,KES 13.95,71400,0,0.36%,,
12/3/2024,The Co-operative Bank of Kenya Ltd Ord 1.00,KES 13.90,323600,20,850,0.36%,
12/3/2024,Equity Group Holdings Ltd Ord 0.50,KES 45.50,424300,-13,818,270,1.00%
12/3/2024,KCB Group Ltd Ord 1.00,KES 38.15,114500,38,150,0.39%,
12/3/2024,Absa Bank Kenya Plc Ord 0.50,KES 15.00,117200,998,660,0.33%,
12/3/2024,NCBA Bank Ltd Ord 5.00,KES 41.90,14800,0,-0.36%,,
12/2/2024,Equity Group Holdings Ltd Ord 0.50,KES 45.05,640300,3,371,600,-
12/2/2024,The Co-operative Bank of Kenya Ltd Ord 1.00,KES 13.85,1059300,0,-,,
12/2/2024,Absa Bank Kenya Plc Ord 0.50,KES 14.95,27500,0,-,,
12/2/2024,KCB Group Ltd Ord 1.00,KES 38.00,161100,0,-,,
12/2/2024,NCBA Bank Ltd Ord 5.00,KES 42.05,18300,0,-,,
12/1/2024,NCBA Bank Ltd Ord 5.00,-,18300,0,-,,
12/1/2024,KCB Group Ltd Ord 1.00,-,161100,0,-,,
12/1/2024,Absa Bank Kenya Plc Ord 0.50,-,27500,0,-,,
12/1/2024,The Co-operative Bank of Kenya Ltd Ord 1.00,-,1059300,0,-,,
12/1/2024,Equity Group Holdings Ltd Ord 0.50,-,640300,3,371,600,-
11/29/2024,KCB Group Ltd Ord 1.00,KES 38.40,164000,7,660,-0.26%,
11/29/2024,Equity Group Holdings Ltd Ord 0.50,KES 45.00,3179900,-5,665,500,1.47%
11/29/2024,Absa Bank Kenya Plc Ord 0.50,KES 14.95,1005000,13,929,950,-3.24%
11/29/2024,The Co-operative Bank of Kenya Ltd Ord 1.00,KES 13.80,446900,96,950,-0.36%,
11/29/2024,NCBA Bank Ltd Ord 5.00,KES 43.15,95500,0,-0.92%,,
11/28/2024,Equity Group Holdings Ltd Ord 0.50,KES 44.35,4422500,-105,240,350,0.23%
11/28/2024,NCBA Bank Ltd Ord 5.00,KES 43.55,28600,0,1.28%,,
11/28/2024,Absa Bank Kenya Plc Ord 0.50,KES 15.45,166300,0,0.98%,,
11/28/2024,The Co-operative Bank of Kenya Ltd Ord 1.00,KES 13.85,89700,1,385,-0.36%,
11/28/2024,KCB Group Ltd Ord 1.00,KES 38.50,278900,0,0.39%,,
11/27/2024,KCB Group Ltd Ord 1.00,KES 38.35,115800,0,0.66%,,
11/27/2024,Equity Group Holdings Ltd Ord 0.50,KES 44.25,5452400,-121,789,515,-0.56%
11/27/2024,The Co-operative Bank of Kenya Ltd Ord 1.00,KES 13.90,164600,77,860,0.00%,
11/27/2024,Absa Bank Kenya Plc Ord 0.50,KES 15.30,165400,0,1.32%,,
11/27/2024,NCBA Bank Ltd Ord 5.00,KES 43.00,34000,0,-0.12%,,
11/26/2024,The Co-operative Bank of Kenya Ltd Ord 1.00,KES 13.90,398200,0,-0.71%,,
11/26/2024,Equity Group Holdings Ltd Ord 0.50,KES 44.50,3863900,-18,632,600,-2.31%
11/26/2024,NCBA Bank Ltd Ord 5.00,KES 43.05,16900,0,6.43%,,
11/26/2024,Absa Bank Kenya Plc Ord 0.50,KES 15.10,55500,1,490,-1.31%,
11/26/2024,KCB Group Ltd Ord 1.00,KES 38.10,344800,0,-2.81%,,
11/25/2024,Equity Group Holdings Ltd Ord 0.50,KES 45.55,1074600,-3,59,210,-
11/25/2024,The Co-operative Bank of Kenya Ltd Ord 1.00,KES 14.00,164500,0,-,,
11/25/2024,Absa Bank Kenya Plc Ord 0.50,KES 15.30,65500,0,-,,
11/25/2024,KCB Group Ltd Ord 1.00,KES 39.20,294500,-249,950,-,
11/25/2024,NCBA Bank Ltd Ord 5.00,KES 40.45,135200,8,100,-,
11/24/2024,NCBA Bank Ltd Ord 5.00,-,135200,8,100,-,
11/24/2024,KCB Group Ltd Ord 1.00,-,294500,-249,950,-,
11/24/2024,Absa Bank Kenya Plc Ord 0.50,-,65500,0,-,,
11/24/2024,The Co-operative Bank of Kenya Ltd Ord 1.00,-,164500,0,-,,
11/24/2024,Equity Group Holdings Ltd Ord 0.50,-,1074600,-3,59,210,-
11/22/2024,KCB Group Ltd Ord 1.00,KES 39.05,240900,25,260,-0.64%,
11/22/2024,Equity Group Holdings Ltd Ord 0.50,KES 45.95,236700,-304,220,-0.43%,
11/22/2024,NCBA Bank Ltd Ord 5.00,KES 44.05,6300,0,-0.11%,,
11/22/2024,Absa Bank Kenya Plc Ord 0.50,KES 15.35,501600,6,874,255,-0.32%
11/22/2024,The Co-operative Bank of Kenya Ltd Ord 1.00,KES 14.05,97400,0,0.36%,,
11/21/2024,KCB Group Ltd Ord 1.00,KES 39.30,1652000,56,109,915,0.38%
11/21/2024,The Co-operative Bank of Kenya Ltd Ord 1.00,KES 14.00,1799700,17,280,-0.36%,
11/21/2024,Absa Bank Kenya Plc Ord 0.50,KES 15.40,483600,-1,929,620,0.00%
11/21/2024,NCBA Bank Ltd Ord 5.00,KES 44.10,2500,0,0.23%,,
11/21/2024,Equity Group Holdings Ltd Ord 0.50,KES 46.15,89800,-2,595,470,-1.81%
11/20/2024,The Co-operative Bank of Kenya Ltd Ord 1.00,KES 14.05,618100,0,-0.35%,,
11/20/2024,Absa Bank Kenya Plc Ord 0.50,KES 15.40,133500,-457,55,-0.96%,
11/20/2024,NCBA Bank Ltd Ord 5.00,KES 44.00,241800,0,0.00%,,
11/20/2024,Equity Group Holdings Ltd Ord 0.50,KES 47.00,2048400,65,710,700,-3.98%
11/20/2024,KCB Group Ltd Ord 1.00,KES 39.15,1133300,-6,765,710,-0.25%
11/19/2024,The Co-operative Bank of Kenya Ltd Ord 1.00,KES 14.10,512300,0,-2.08%,,
11/19/2024,KCB Group Ltd Ord 1.00,KES 39.25,325200,478,510,-0.25%,
11/19/2024,Absa Bank Kenya Plc Ord 0.50,KES 15.55,325700,-2,106,450,0.65%
11/19/2024,NCBA Bank Ltd Ord 5.00,KES 44.00,27100,0,0.00%,,
11/19/2024,Equity Group Holdings Ltd Ord 0.50,KES 48.95,1023300,219,900,-0.10%,
11/18/2024,KCB Group Ltd Ord 1.00,KES 39.35,1913100,-37,612,310,-
11/18/2024,NCBA Bank Ltd Ord 5.00,KES 44.00,186500,-228,800,-,
11/18/2024,Absa Bank Kenya Plc Ord 0.50,KES 15.45,375900,-12,420,-,
11/18/2024,The Co-operative Bank of Kenya Ltd Ord 1.00,KES 14.40,663300,0,-,,
11/18/2024,Equity Group Holdings Ltd Ord 0.50,KES 49.00,594700,-61,170,-,
11/17/2024,NCBA Bank Ltd Ord 5.00,-,186500,-228,800,-,
11/17/2024,KCB Group Ltd Ord 1.00,-,1913100,-37,612,310,-
11/17/2024,Absa Bank Kenya Plc Ord 0.50,-,375900,-12,420,-,
11/17/2024,The Co-operative Bank of Kenya Ltd Ord 1.00,-,663300,0,-,,
11/17/2024,Equity Group Holdings Ltd Ord 0.50,-,594700,-61,170,-,
11/15/2024,Absa Bank Kenya Plc Ord 0.50,KES 15.45,91500,-313,410,-0.64%,
11/15/2024,KCB Group Ltd Ord 1.00,KES 39.10,89700,639,460,-1.14%,
11/15/2024,NCBA Bank Ltd Ord 5.00,KES 43.80,85800,0,0.00%,,
11/15/2024,The Co-operative Bank of Kenya Ltd Ord 1.00,KES 14.50,345100,1,82,400,-1.02%
11/15/2024,Equity Group Holdings Ltd Ord 0.50,KES 49.90,49000,545,850,-0.20%,
11/14/2024,KCB Group Ltd Ord 1.00,KES 39.55,1153900,-26,775,530,0.38%
11/14/2024,NCBA Bank Ltd Ord 5.00,KES 43.80,49800,0,0.34%,,
11/14/2024,Absa Bank Kenya Plc Ord 0.50,KES 15.55,195700,221,650,1.63%,
11/14/2024,The Co-operative Bank of Kenya Ltd Ord 1.00,KES 14.65,88400,0,1.03%,,
11/14/2024,Equity Group Holdings Ltd Ord 0.50,KES 50.00,567500,26,642,440,1.11%
11/13/2024,The Co-operative Bank of Kenya Ltd Ord 1.00,KES 14.50,167300,0,0.69%,,
11/13/2024,NCBA Bank Ltd Ord 5.00,KES 43.65,139800,0,0.34%,,
11/13/2024,KCB Group Ltd Ord 1.00,KES 39.40,1051700,15,584,240,0.13%
11/13/2024,Absa Bank Kenya Plc Ord 0.50,KES 15.30,30100,0,0.99%,,
11/13/2024,Equity Group Holdings Ltd Ord 0.50,KES 49.45,227900,10,143,30,1.33%
11/12/2024,The Co-operative Bank of Kenya Ltd Ord 1.00,KES 14.40,237500,7,150,1.05%,
11/12/2024,NCBA Bank Ltd Ord 5.00,KES 43.50,23800,0,-0.68%,,
11/12/2024,KCB Group Ltd Ord 1.00,KES 39.35,168800,-454,380,0.51%,
11/12/2024,Absa Bank Kenya Plc Ord 0.50,KES 15.15,145700,71,385,0.00%,
11/12/2024,Equity Group Holdings Ltd Ord 0.50,KES 48.80,111600,4,754,85,1.46%
11/11/2024,Equity Group Holdings Ltd Ord 0.50,KES 48.10,92500,3,70,480,-
11/11/2024,The Co-operative Bank of Kenya Ltd Ord 1.00,KES 14.25,37700,0,-,,
11/11/2024,NCBA Bank Ltd Ord 5.00,KES 43.80,30500,0,-,,
11/11/2024,KCB Group Ltd Ord 1.00,KES 39.15,134900,657,650,-,
11/11/2024,Absa Bank Kenya Plc Ord 0.50,KES 15.15,193400,-376,960,-,
11/10/2024,NCBA Bank Ltd Ord 5.00,-,30500,0,-,,
11/10/2024,KCB Group Ltd Ord 1.00,-,134900,657,650,-,
11/10/2024,Absa Bank Kenya Plc Ord 0.50,-,193400,-376,960,-,
11/10/2024,The Co-operative Bank of Kenya Ltd Ord 1.00,-,37700,0,-,,
11/10/2024,Equity Group Holdings Ltd Ord 0.50,-,92500,3,70,480,-
11/8/2024,Equity Group Holdings Ltd Ord 0.50,KES 48.05,445100,5,858,215,0.10%
11/8/2024,The Co-operative Bank of Kenya Ltd Ord 1.00,KES 14.20,44000,0,-0.35%,,
11/8/2024,NCBA Bank Ltd Ord 5.00,KES 43.30,30800,0,-0.12%,,
11/8/2024,KCB Group Ltd Ord 1.00,KES 39.00,1705600,41,327,560,1.43%
11/8/2024,Absa Bank Kenya Plc Ord 0.50,KES 15.05,38200,0,0.67%,,
11/7/2024,Equity Group Holdings Ltd Ord 0.50,KES 48.00,1164500,0,0.95%,,
11/7/2024,KCB Group Ltd Ord 1.00,KES 38.45,77400,0,-0.13%,,
11/7/2024,NCBA Bank Ltd Ord 5.00,KES 43.35,33700,0,-1.03%,,
11/7/2024,Absa Bank Kenya Plc Ord 0.50,KES 14.95,205700,2,95,0,-1.32%
11/7/2024,The Co-operative Bank of Kenya Ltd Ord 1.00,KES 14.25,80400,0,0.71%,,
11/6/2024,Equity Group Holdings Ltd Ord 0.50,KES 47.55,117900,5,443,155,0.63%
11/6/2024,NCBA Bank Ltd Ord 5.00,KES 43.80,939600,0,0.00%,,
11/6/2024,The Co-operative Bank of Kenya Ltd Ord 1.00,KES 14.15,252500,0,0.35%,,
11/6/2024,KCB Group Ltd Ord 1.00,KES 38.50,236900,0,0.26%,,
11/6/2024,Absa Bank Kenya Plc Ord 0.50,KES 15.15,51100,0,0.33%,,
11/5/2024,Equity Group Holdings Ltd Ord 0.50,KES 47.25,1273500,3,131,210,0.00%
11/5/2024,The Co-operative Bank of Kenya Ltd Ord 1.00,KES 14.10,2716700,16,920,0.36%,
11/5/2024,NCBA Bank Ltd Ord 5.00,KES 43.80,262500,4,400,1.62%,
11/5/2024,KCB Group Ltd Ord 1.00,KES 38.40,3824900,-25,132,0,2.26%
11/5/2024,Absa Bank Kenya Plc Ord 0.50,KES 15.10,1244700,1,174,500,0.00%
11/4/2024,Equity Group Holdings Ltd Ord 0.50,KES 47.25,397200,-5,817,450,-
11/4/2024,The Co-operative Bank of Kenya Ltd Ord 1.00,KES 14.05,504900,-1,306,770,-
11/4/2024,KCB Group Ltd Ord 1.00,KES 37.55,317800,562,800,-,
11/4/2024,Absa Bank Kenya Plc Ord 0.50,KES 15.10,73700,573,0,-,
11/4/2024,NCBA Bank Ltd Ord 5.00,KES 43.10,80200,2,94,100,-
11/3/2024,NCBA Bank Ltd Ord 5.00,-,80200,2,94,100,-
11/3/2024,KCB Group Ltd Ord 1.00,-,317800,562,800,-,
11/3/2024,Absa Bank Kenya Plc Ord 0.50,-,73700,573,0,-,
11/3/2024,The Co-operative Bank of Kenya Ltd Ord 1.00,-,504900,-1,306,770,-
11/3/2024,Equity Group Holdings Ltd Ord 0.50,-,397200,-5,817,450,-
10/31/2024,Equity Group Holdings Ltd Ord 0.50,KES 47.30,99400,950,0,0.53%,
10/31/2024,KCB Group Ltd Ord 1.00,KES 38.50,622200,-500,185,0.52%,
10/31/2024,Absa Bank Kenya Plc Ord 0.50,KES 15.30,327800,4,377,745,1.32%
10/31/2024,The Co-operative Bank of Kenya Ltd Ord 1.00,KES 14.10,250500,0,0.36%,,
10/31/2024,NCBA Bank Ltd Ord 5.00,KES 44.05,141300,0,0.00%,,
10/30/2024,Equity Group Holdings Ltd Ord 0.50,KES 47.05,32400,0,0.11%,,
10/30/2024,NCBA Bank Ltd Ord 5.00,KES 44.05,55000,0,-0.11%,,
10/30/2024,The Co-operative Bank of Kenya Ltd Ord 1.00,KES 14.05,925200,0,-0.35%,,
10/30/2024,KCB Group Ltd Ord 1.00,KES 38.30,230500,11,720,-1.67%,
10/30/2024,Absa Bank Kenya Plc Ord 0.50,KES 15.10,135700,750,0,-2.89%,
10/29/2024,NCBA Bank Ltd Ord 5.00,KES 44.10,30200,0,0.23%,,
10/29/2024,The Co-operative Bank of Kenya Ltd Ord 1.00,KES 14.10,238200,0,1.08%,,
10/29/2024,KCB Group Ltd Ord 1.00,KES 38.95,1753300,4,733,270,0.91%
10/29/2024,Absa Bank Kenya Plc Ord 0.50,KES 15.55,189300,1,258,20,2.30%
10/29/2024,Equity Group Holdings Ltd Ord 0.50,KES 47.00,215400,-4,556,450,-0.32%
10/28/2024,KCB Group Ltd Ord 1.00,KES 38.60,986200,27,689,635,-
10/28/2024,NCBA Bank Ltd Ord 5.00,KES 44.00,78900,0,-,,
10/28/2024,Absa Bank Kenya Plc Ord 0.50,KES 15.20,62300,0,-,,
10/28/2024,Equity Group Holdings Ltd Ord 0.50,KES 47.15,37900,0,-,,
10/28/2024,The Co-operative Bank of Kenya Ltd Ord 1.00,KES 13.95,220400,0,-,,
10/27/2024,NCBA Bank Ltd Ord 5.00,-,78900,0,-,,
10/27/2024,KCB Group Ltd Ord 1.00,-,986200,27,689,635,-
10/27/2024,Absa Bank Kenya Plc Ord 0.50,-,62300,0,-,,
10/27/2024,The Co-operative Bank of Kenya Ltd Ord 1.00,-,220400,0,-,,
10/27/2024,Equity Group Holdings Ltd Ord 0.50,-,37900,0,-,,
10/25/2024,NCBA Bank Ltd Ord 5.00,KES 44.00,29300,0,0.23%,,
10/25/2024,The Co-operative Bank of Kenya Ltd Ord 1.00,KES 13.80,197800,0,-0.36%,,
10/25/2024,KCB Group Ltd Ord 1.00,KES 37.55,756500,-8,265,810,0.00%
10/25/2024,Equity Group Holdings Ltd Ord 0.50,KES 46.85,30300,0,2.29%,,
10/25/2024,Absa Bank Kenya Plc Ord 0.50,KES 14.95,52400,0,0.67%,,
10/24/2024,NCBA Bank Ltd Ord 5.00,KES 43.90,46800,0,-0.11%,,
10/24/2024,KCB Group Ltd Ord 1.00,KES 37.55,178400,397,500,-1.05%,
10/24/2024,Equity Group Holdings Ltd Ord 0.50,KES 45.80,20400,0,-1.08%,,
10/24/2024,The Co-operative Bank of Kenya Ltd Ord 1.00,KES 13.85,297000,0,0.73%,,
10/24/2024,Absa Bank Kenya Plc Ord 0.50,KES 14.85,14300,0,-0.67%,,
10/23/2024,NCBA Bank Ltd Ord 5.00,KES 43.95,11500,0,1.50%,,
10/23/2024,KCB Group Ltd Ord 1.00,KES 37.95,935800,-17,401,780,-2.82%
10/23/2024,The Co-operative Bank of Kenya Ltd Ord 1.00,KES 13.75,69000,0,0.00%,,
10/23/2024,Absa Bank Kenya Plc Ord 0.50,KES 14.95,45200,14,500,1.36%,
10/23/2024,Equity Group Holdings Ltd Ord 0.50,KES 46.30,45900,512,75,-1.28%,
10/22/2024,The Co-operative Bank of Kenya Ltd Ord 1.00,KES 13.75,116700,0,-,,
10/22/2024,Equity Group Holdings Ltd Ord 0.50,KES 46.90,172600,-78,755,-,
10/22/2024,NCBA Bank Ltd Ord 5.00,KES 43.30,6100,21,500,-,
10/22/2024,KCB Group Ltd Ord 1.00,KES 39.05,472300,2,54,700,-
10/22/2024,Absa Bank Kenya Plc Ord 0.50,KES 14.75,677900,305,300,-,
10/21/2024,NCBA Bank Ltd Ord 5.00,-,6100,21,500,-,
10/21/2024,KCB Group Ltd Ord 1.00,-,472300,2,54,700,-
10/21/2024,Absa Bank Kenya Plc Ord 0.50,-,677900,305,300,-,
10/21/2024,The Co-operative Bank of Kenya Ltd Ord 1.00,-,116700,0,-,,
10/21/2024,Equity Group Holdings Ltd Ord 0.50,-,172600,-78,755,-,
10/18/2024,The Co-operative Bank of Kenya Ltd Ord 1.00,KES 13.90,889500,0,1.46%,,
10/18/2024,KCB Group Ltd Ord 1.00,KES 39.05,742400,-20,765,490,2.09%
10/18/2024,NCBA Bank Ltd Ord 5.00,KES 44.15,32200,96,800,0.23%,
10/18/2024,Equity Group Holdings Ltd Ord 0.50,KES 47.40,207800,5,301,400,-3.66%
10/18/2024,Absa Bank Kenya Plc Ord 0.50,KES 14.90,29600,0,2.41%,,
10/17/2024,The Co-operative Bank of Kenya Ltd Ord 1.00,KES 13.70,214800,0,0.74%,,
10/17/2024,NCBA Bank Ltd Ord 5.00,KES 44.05,50700,0,0.57%,,
10/17/2024,KCB Group Ltd Ord 1.00,KES 38.25,7736800,-65,542,850,3.94%
10/17/2024,Equity Group Holdings Ltd Ord 0.50,KES 49.20,351500,15,498,95,1.86%
10/17/2024,Absa Bank Kenya Plc Ord 0.50,KES 14.55,160800,37,700,0.69%,
10/16/2024,NCBA Bank Ltd Ord 5.00,KES 43.80,55800,0,-0.45%,,
10/16/2024,The Co-operative Bank of Kenya Ltd Ord 1.00,KES 13.60,244100,0,1.49%,,
10/16/2024,KCB Group Ltd Ord 1.00,KES 36.80,791900,-16,358,130,0.82%
10/16/2024,Absa Bank Kenya Plc Ord 0.50,KES 14.45,116700,0,1.40%,,
10/16/2024,Equity Group Holdings Ltd Ord 0.50,KES 48.30,570800,12,697,470,3.43%
10/15/2024,Equity Group Holdings Ltd Ord 0.50,KES 46.70,130200,5,992,590,0.76%
10/15/2024,KCB Group Ltd Ord 1.00,KES 36.50,201300,0,0.00%,,
10/15/2024,NCBA Bank Ltd Ord 5.00,KES 44.00,57300,0,-0.56%,,
10/15/2024,The Co-operative Bank of Kenya Ltd Ord 1.00,KES 13.40,319600,0,-1.47%,,
10/15/2024,Absa Bank Kenya Plc Ord 0.50,KES 14.25,143300,1,415,0.35%,
10/14/2024,The Co-operative Bank of Kenya Ltd Ord 1.00,KES 13.60,150800,0,-,,
10/14/2024,NCBA Bank Ltd Ord 5.00,KES 44.25,57500,0,-,,
10/14/2024,KCB Group Ltd Ord 1.00,KES 36.50,351300,0,-,,
10/14/2024,Absa Bank Kenya Plc Ord 0.50,KES 14.20,77700,-170,495,-,
10/14/2024,Equity Group Holdings Ltd Ord 0.50,KES 46.35,337300,12,803,700,-
10/13/2024,NCBA Bank Ltd Ord 5.00,-,57500,0,-,,
10/13/2024,KCB Group Ltd Ord 1.00,-,351300,0,-,,
10/13/2024,Absa Bank Kenya Plc Ord 0.50,-,77700,-170,495,-,
10/13/2024,The Co-operative Bank of Kenya Ltd Ord 1.00,-,150800,0,-,,
10/13/2024,Equity Group Holdings Ltd Ord 0.50,-,337300,12,803,700,-
10/11/2024,The Co-operative Bank of Kenya Ltd Ord 1.00,KES 13.60,119100,40,500,-,
10/11/2024,NCBA Bank Ltd Ord 5.00,KES 43.95,8400,0,-,,
10/11/2024,Equity Group Holdings Ltd Ord 0.50,KES 47.30,697100,21,544,300,-
10/11/2024,KCB Group Ltd Ord 1.00,KES 36.65,757500,0,-,,
10/11/2024,Absa Bank Kenya Plc Ord 0.50,KES 14.20,92200,-18,610,-,
10/10/2024,NCBA Bank Ltd Ord 5.00,-,8400,0,-,,
10/10/2024,KCB Group Ltd Ord 1.00,-,757500,0,-,,
10/10/2024,Absa Bank Kenya Plc Ord 0.50,-,92200,-18,610,-,
10/10/2024,The Co-operative Bank of Kenya Ltd Ord 1.00,-,119100,40,500,-,
10/10/2024,Equity Group Holdings Ltd Ord 0.50,-,697100,21,544,300,-
10/9/2024,The Co-operative Bank of Kenya Ltd Ord 1.00,KES 13.60,3121100,4,120,-0.37%,
10/9/2024,NCBA Bank Ltd Ord 5.00,KES 44.00,5200,0,4.27%,,
10/9/2024,KCB Group Ltd Ord 1.00,KES 36.25,1921800,23,793,990,2.26%
10/9/2024,Absa Bank Kenya Plc Ord 0.50,KES 14.10,127400,874,170,-0.35%,
10/9/2024,Equity Group Holdings Ltd Ord 0.50,KES 45.70,123600,840,0.55%,,
10/8/2024,The Co-operative Bank of Kenya Ltd Ord 1.00,KES 13.65,72900,0,-0.36%,,
10/8/2024,KCB Group Ltd Ord 1.00,KES 35.45,369100,0,0.42%,,
10/8/2024,Absa Bank Kenya Plc Ord 0.50,KES 14.15,30200,0,0.35%,,
10/8/2024,Equity Group Holdings Ltd Ord 0.50,KES 45.45,197400,6,928,925,1.45%
10/8/2024,NCBA Bank Ltd Ord 5.00,KES 42.20,91900,0,-4.09%,,
10/7/2024,KCB Group Ltd Ord 1.00,KES 35.30,67100,0,-,,
10/7/2024,Absa Bank Kenya Plc Ord 0.50,KES 14.10,83700,-11,515,-,
10/7/2024,NCBA Bank Ltd Ord 5.00,KES 44.00,29900,-1,12,0,-
10/7/2024,Equity Group Holdings Ltd Ord 0.50,KES 44.80,745000,10,657,605,-
10/7/2024,The Co-operative Bank of Kenya Ltd Ord 1.00,KES 13.70,91200,0,-,,
10/6/2024,NCBA Bank Ltd Ord 5.00,-,29900,-1,12,0,-
10/6/2024,KCB Group Ltd Ord 1.00,-,67100,0,-,,
10/6/2024,Absa Bank Kenya Plc Ord 0.50,-,83700,-11,515,-,
10/6/2024,The Co-operative Bank of Kenya Ltd Ord 1.00,-,91200,0,-,,
10/6/2024,Equity Group Holdings Ltd Ord 0.50,-,745000,10,657,605,-
10/4/2024,NCBA Bank Ltd Ord 5.00,KES 44.15,7900,0,0.34%,,
10/4/2024,The Co-operative Bank of Kenya Ltd Ord 1.00,KES 13.70,97700,0,0.37%,,
10/4/2024,KCB Group Ltd Ord 1.00,KES 35.20,79900,0,-0.14%,,
10/4/2024,Equity Group Holdings Ltd Ord 0.50,KES 44.50,49400,1,493,740,0.23%
10/4/2024,Absa Bank Kenya Plc Ord 0.50,KES 14.15,22600,-94,130,0.71%,
10/3/2024,The Co-operative Bank of Kenya Ltd Ord 1.00,KES 13.65,59400,0,0.00%,,
10/3/2024,KCB Group Ltd Ord 1.00,KES 35.25,452900,1,410,440,0.57%
10/3/2024,NCBA Bank Ltd Ord 5.00,KES 44.00,6800,0,0.80%,,
10/3/2024,Absa Bank Kenya Plc Ord 0.50,KES 14.05,97000,-380,845,0.36%,
10/3/2024,Equity Group Holdings Ltd Ord 0.50,KES 44.40,2914000,-12,964,100,0.11%
10/2/2024,The Co-operative Bank of Kenya Ltd Ord 1.00,KES 13.65,117700,-941,530,1.11%,
10/2/2024,NCBA Bank Ltd Ord 5.00,KES 43.65,4900,0,0.46%,,
10/2/2024,KCB Group Ltd Ord 1.00,KES 35.05,3037500,1,501,500,1.15%
10/2/2024,Absa Bank Kenya Plc Ord 0.50,KES 14.00,54400,-148,400,-0.36%,
10/2/2024,Equity Group Holdings Ltd Ord 0.50,KES 44.35,262200,5,355,95,0.11%
10/1/2024,Absa Bank Kenya Plc Ord 0.50,KES 14.05,52900,0,0.00%,,
10/1/2024,KCB Group Ltd Ord 1.00,KES 34.65,121200,0,-0.14%,,
10/1/2024,NCBA Bank Ltd Ord 5.00,KES 43.45,36500,0,1.76%,,
10/1/2024,Equity Group Holdings Ltd Ord 0.50,KES 44.30,53900,1,793,270,1.03%
10/1/2024,The Co-operative Bank of Kenya Ltd Ord 1.00,KES 13.50,231000,0,1.12%,,
9/30/2024,NCBA Bank Ltd Ord 5.00,KES 42.70,3600,0,-,,
9/30/2024,KCB Group Ltd Ord 1.00,KES 34.70,692000,2,678,700,-
9/30/2024,Equity Group Holdings Ltd Ord 0.50,KES 43.85,213400,1,305,460,-
9/30/2024,The Co-operative Bank of Kenya Ltd Ord 1.00,KES 13.35,78400,331,250,-,
9/30/2024,Absa Bank Kenya Plc Ord 0.50,KES 14.05,36800,-39,620,-,
9/29/2024,NCBA Bank Ltd Ord 5.00,-,3600,0,-,,
9/29/2024,KCB Group Ltd Ord 1.00,-,692000,2,678,700,-
9/29/2024,Absa Bank Kenya Plc Ord 0.50,-,36800,-39,620,-,
9/29/2024,The Co-operative Bank of Kenya Ltd Ord 1.00,-,78400,331,250,-,
9/29/2024,Equity Group Holdings Ltd Ord 0.50,-,213400,1,305,460,-
9/27/2024,The Co-operative Bank of Kenya Ltd Ord 1.00,KES 13.25,87900,18,620,-0.38%,
9/27/2024,NCBA Bank Ltd Ord 5.00,KES 42.60,2700,0,1.07%,,
9/27/2024,KCB Group Ltd Ord 1.00,KES 35.00,440000,676,750,-0.43%,
9/27/2024,Absa Bank Kenya Plc Ord 0.50,KES 14.10,24200,-83,485,-0.35%,
9/27/2024,Equity Group Holdings Ltd Ord 0.50,KES 43.45,121800,-3,658,350,-0.11%
9/26/2024,The Co-operative Bank of Kenya Ltd Ord 1.00,KES 13.30,73700,0,1.14%,,
9/26/2024,KCB Group Ltd Ord 1.00,KES 35.15,1806300,7,854,200,-0.42%
9/26/2024,NCBA Bank Ltd Ord 5.00,KES 42.15,31700,0,1.44%,,
9/26/2024,Absa Bank Kenya Plc Ord 0.50,KES 14.15,49000,0,0.00%,,
9/26/2024,Equity Group Holdings Ltd Ord 0.50,KES 43.50,66700,-74,715,-0.46%,
9/25/2024,KCB Group Ltd Ord 1.00,KES 35.30,517500,0,1.29%,,
9/25/2024,NCBA Bank Ltd Ord 5.00,KES 41.55,20900,0,0.61%,,
9/25/2024,Equity Group Holdings Ltd Ord 0.50,KES 43.70,10300,-87,900,3.68%,
9/25/2024,Absa Bank Kenya Plc Ord 0.50,KES 14.15,40700,0,-0.35%,,
9/25/2024,The Co-operative Bank of Kenya Ltd Ord 1.00,KES 13.15,198100,0,0.38%,,
9/24/2024,NCBA Bank Ltd Ord 5.00,KES 41.30,12000,0,-1.43%,,
9/24/2024,Equity Group Holdings Ltd Ord 0.50,KES 42.15,409000,-12,935,985,0.36%
9/24/2024,The Co-operative Bank of Kenya Ltd Ord 1.00,KES 13.10,298400,0,-0.38%,,
9/24/2024,KCB Group Ltd Ord 1.00,KES 34.85,224400,341,300,3.26%,
9/24/2024,Absa Bank Kenya Plc Ord 0.50,KES 14.20,338600,0,-0.35%,,
9/23/2024,NCBA Bank Ltd Ord 5.00,KES 41.90,4600,0,-,,
9/23/2024,KCB Group Ltd Ord 1.00,KES 33.75,1637400,0,-,,
9/23/2024,The Co-operative Bank of Kenya Ltd Ord 1.00,KES 13.15,660200,0,-,,
9/23/2024,Absa Bank Kenya Plc Ord 0.50,KES 14.25,1249900,0,-,,
9/23/2024,Equity Group Holdings Ltd Ord 0.50,KES 42.00,378100,-14,700,0,-
9/22/2024,NCBA Bank Ltd Ord 5.00,-,4600,0,-,,
9/22/2024,KCB Group Ltd Ord 1.00,-,1637400,0,-,,
9/22/2024,Absa Bank Kenya Plc Ord 0.50,-,1249900,0,-,,
9/22/2024,The Co-operative Bank of Kenya Ltd Ord 1.00,-,660200,0,-,,
9/22/2024,Equity Group Holdings Ltd Ord 0.50,-,378100,-14,700,0,-
9/20/2024,KCB Group Ltd Ord 1.00,KES 33.85,2261400,41,225,915,1.50%
9/20/2024,The Co-operative Bank of Kenya Ltd Ord 1.00,KES 13.25,157600,0,0.00%,,
9/20/2024,NCBA Bank Ltd Ord 5.00,KES 41.00,175300,-5,945,0,0.00%
9/20/2024,Absa Bank Kenya Plc Ord 0.50,KES 14.30,73100,2,850,0.00%,
9/20/2024,Equity Group Holdings Ltd Ord 0.50,KES 42.00,1196300,45,167,670,-2.89%
9/19/2024,The Co-operative Bank of Kenya Ltd Ord 1.00,KES 13.25,42300,0,0.38%,,
9/19/2024,Absa Bank Kenya Plc Ord 0.50,KES 14.30,36400,0,0.70%,,
9/19/2024,NCBA Bank Ltd Ord 5.00,KES 41.00,644100,-2,665,0,0.00%
9/19/2024,Equity Group Holdings Ltd Ord 0.50,KES 43.25,135200,1,234,100,0.58%
9/19/2024,KCB Group Ltd Ord 1.00,KES 33.35,227200,1,435,500,1.06%
9/18/2024,KCB Group Ltd Ord 1.00,KES 33.00,2066600,7,273,200,0.30%
9/18/2024,NCBA Bank Ltd Ord 5.00,KES 41.00,110500,0,1.99%,,
9/18/2024,Equity Group Holdings Ltd Ord 0.50,KES 43.00,5899800,-33,970,105,-0.58%
9/18/2024,The Co-operative Bank of Kenya Ltd Ord 1.00,KES 13.20,143200,0,0.00%,,
9/18/2024,Absa Bank Kenya Plc Ord 0.50,KES 14.20,1332400,0,0.00%,,
9/17/2024,NCBA Bank Ltd Ord 5.00,KES 40.20,12500,0,0.00%,,
9/17/2024,KCB Group Ltd Ord 1.00,KES 32.90,82600,1,948,380,0.00%
9/17/2024,The Co-operative Bank of Kenya Ltd Ord 1.00,KES 13.20,136400,15,660,0.00%,
9/17/2024,Absa Bank Kenya Plc Ord 0.50,KES 14.20,80100,868,170,0.00%,
9/17/2024,Equity Group Holdings Ltd Ord 0.50,KES 43.25,1486900,-62,591,680,0.00%
9/16/2024,KCB Group Ltd Ord 1.00,KES 32.90,174200,-759,0,-,
9/16/2024,Absa Bank Kenya Plc Ord 0.50,KES 14.20,88300,0,-,,
9/16/2024,Equity Group Holdings Ltd Ord 0.50,KES 43.25,1033700,-233,880,-,
9/16/2024,The Co-operative Bank of Kenya Ltd Ord 1.00,KES 13.20,42500,114,840,-,
9/16/2024,NCBA Bank Ltd Ord 5.00,KES 40.20,8700,0,-,,
9/15/2024,NCBA Bank Ltd Ord 5.00,-,8700,0,-,,
9/15/2024,KCB Group Ltd Ord 1.00,-,174200,-759,0,-,
9/15/2024,Absa Bank Kenya Plc Ord 0.50,-,88300,0,-,,
9/15/2024,The Co-operative Bank of Kenya Ltd Ord 1.00,-,42500,114,840,-,
9/15/2024,Equity Group Holdings Ltd Ord 0.50,-,1033700,-233,880,-,
9/13/2024,The Co-operative Bank of Kenya Ltd Ord 1.00,KES 13.10,291400,0,-1.13%,,
9/13/2024,KCB Group Ltd Ord 1.00,KES 32.40,3055300,82,322,390,-4.42%
9/13/2024,NCBA Bank Ltd Ord 5.00,KES 40.25,193000,0,-0.74%,,
9/13/2024,Equity Group Holdings Ltd Ord 0.50,KES 43.20,908300,9,520,225,0.00%
9/13/2024,Absa Bank Kenya Plc Ord 0.50,KES 14.15,74100,297,805,0.35%,
9/12/2024,The Co-operative Bank of Kenya Ltd Ord 1.00,KES 13.25,87700,0,-0.75%,,
9/12/2024,NCBA Bank Ltd Ord 5.00,KES 40.55,33900,0,-7.74%,,
9/12/2024,KCB Group Ltd Ord 1.00,KES 33.90,270100,0,-1.74%,,
9/12/2024,Equity Group Holdings Ltd Ord 0.50,KES 43.20,72100,-26,45,-0.80%,
9/12/2024,Absa Bank Kenya Plc Ord 0.50,KES 14.10,320800,0,-0.70%,,
9/11/2024,NCBA Bank Ltd Ord 5.00,KES 43.95,12100,0,-1.24%,,
9/11/2024,KCB Group Ltd Ord 1.00,KES 34.50,1840500,41,96,230,-1.00%
9/11/2024,The Co-operative Bank of Kenya Ltd Ord 1.00,KES 13.35,1433600,0,0.38%,,
9/11/2024,Absa Bank Kenya Plc Ord 0.50,KES 14.20,227200,592,200,0.00%,
9/11/2024,Equity Group Holdings Ltd Ord 0.50,KES 43.55,170100,222,0,0.11%,
9/10/2024,KCB Group Ltd Ord 1.00,KES 34.85,97200,-483,30,-0.29%,
9/10/2024,NCBA Bank Ltd Ord 5.00,KES 44.50,318800,0,0.11%,,
9/10/2024,The Co-operative Bank of Kenya Ltd Ord 1.00,KES 13.30,636300,0,0.38%,,
9/10/2024,Absa Bank Kenya Plc Ord 0.50,KES 14.20,85700,509,820,0.35%,
9/10/2024,Equity Group Holdings Ltd Ord 0.50,KES 43.50,1260700,11,700,330,0.35%
9/9/2024,KCB Group Ltd Ord 1.00,KES 34.95,3071000,94,962,125,-
9/9/2024,NCBA Bank Ltd Ord 5.00,KES 44.45,9600,0,-,,
9/9/2024,The Co-operative Bank of Kenya Ltd Ord 1.00,KES 13.25,97700,0,-,,
9/9/2024,Equity Group Holdings Ltd Ord 0.50,KES 43.35,2800000,14,504,900,-
9/9/2024,Absa Bank Kenya Plc Ord 0.50,KES 14.15,115400,0,-,,
9/8/2024,NCBA Bank Ltd Ord 5.00,-,9600,0,-,,
9/8/2024,KCB Group Ltd Ord 1.00,-,3071000,94,962,125,-
9/8/2024,The Co-operative Bank of Kenya Ltd Ord 1.00,-,97700,0,-,,
9/8/2024,Absa Bank Kenya Plc Ord 0.50,-,115400,0,-,,
9/8/2024,Equity Group Holdings Ltd Ord 0.50,-,2800000,14,504,900,-
9/6/2024,Equity Group Holdings Ltd Ord 0.50,KES 43.15,51800,1,397,500,0.94%
9/6/2024,NCBA Bank Ltd Ord 5.00,KES 43.70,27400,0,1.39%,,
9/6/2024,The Co-operative Bank of Kenya Ltd Ord 1.00,KES 13.10,120800,105,200,-1.13%,
9/6/2024,KCB Group Ltd Ord 1.00,KES 33.70,475400,11,723,490,-0.30%
9/6/2024,Absa Bank Kenya Plc Ord 0.50,KES 14.05,324500,1,129,370,-0.71%
9/5/2024,The Co-operative Bank of Kenya Ltd Ord 1.00,KES 13.25,41200,40,350,-0.75%,
9/5/2024,NCBA Bank Ltd Ord 5.00,KES 43.10,85400,0,-3.15%,,
9/5/2024,KCB Group Ltd Ord 1.00,KES 33.80,172600,2,368,770,2.11%
9/5/2024,Absa Bank Kenya Plc Ord 0.50,KES 14.15,44500,0,0.00%,,
9/5/2024,Equity Group Holdings Ltd Ord 0.50,KES 42.75,61200,2,473,80,-0.58%
9/4/2024,The Co-operative Bank of Kenya Ltd Ord 1.00,KES 13.35,113100,6,550,-2.20%,
9/4/2024,NCBA Bank Ltd Ord 5.00,KES 44.50,8500,0,0.68%,,
9/4/2024,KCB Group Ltd Ord 1.00,KES 33.10,1812100,36,374,100,-0.60%
9/4/2024,Absa Bank Kenya Plc Ord 0.50,KES 14.15,79900,1,410,-1.05%,
9/4/2024,Equity Group Holdings Ltd Ord 0.50,KES 43.00,1314200,50,980,330,2.02%
9/3/2024,The Co-operative Bank of Kenya Ltd Ord 1.00,KES 13.65,2182800,-137,865,0.74%,
9/3/2024,KCB Group Ltd Ord 1.00,KES 33.30,240600,0,3.10%,,
9/3/2024,NCBA Bank Ltd Ord 5.00,KES 44.20,39700,-522,290,0.00%,
9/3/2024,Equity Group Holdings Ltd Ord 0.50,KES 42.15,49200,-845,0,2.18%,
9/3/2024,Absa Bank Kenya Plc Ord 0.50,KES 14.30,110900,-351,975,-0.69%,
9/2/2024,NCBA Bank Ltd Ord 5.00,KES 44.20,5000,0,-,,
9/2/2024,The Co-operative Bank of Kenya Ltd Ord 1.00,KES 13.55,121800,0,-,,
9/2/2024,KCB Group Ltd Ord 1.00,KES 32.30,397200,2,16,0,-
9/2/2024,Equity Group Holdings Ltd Ord 0.50,KES 41.25,16800,0,-,,
9/2/2024,Absa Bank Kenya Plc Ord 0.50,KES 14.40,52200,0,-,,
9/1/2024,NCBA Bank Ltd Ord 5.00,-,5000,0,-,,
9/1/2024,KCB Group Ltd Ord 1.00,-,397200,2,16,0,-
9/1/2024,The Co-operative Bank of Kenya Ltd Ord 1.00,-,121800,0,-,,
9/1/2024,Absa Bank Kenya Plc Ord 0.50,-,52200,0,-,,
9/1/2024,Equity Group Holdings Ltd Ord 0.50,-,16800,0,-,,
8/30/2024,NCBA Bank Ltd Ord 5.00,KES 43.05,122000,0,1.18%,,
8/30/2024,The Co-operative Bank of Kenya Ltd Ord 1.00,KES 13.55,134000,0,1.12%,,
8/30/2024,KCB Group Ltd Ord 1.00,KES 31.75,977900,4,801,800,1.28%
8/30/2024,Absa Bank Kenya Plc Ord 0.50,KES 14.30,102100,703,60,0.00%,
8/30/2024,Equity Group Holdings Ltd Ord 0.50,KES 41.05,281600,7,235,300,0.86%
8/29/2024,The Co-operative Bank of Kenya Ltd Ord 1.00,KES 13.40,1097600,428,750,-1.47%,
8/29/2024,KCB Group Ltd Ord 1.00,KES 31.35,539700,976,500,0.48%,
8/29/2024,NCBA Bank Ltd Ord 5.00,KES 42.55,53100,0,0.24%,,
8/29/2024,Absa Bank Kenya Plc Ord 0.50,KES 14.30,70000,155,955,-1.04%,
8/29/2024,Equity Group Holdings Ltd Ord 0.50,KES 40.70,956100,16,443,485,-0.12%
8/28/2024,KCB Group Ltd Ord 1.00,KES 31.20,2240500,441,0,-0.95%,
8/28/2024,NCBA Bank Ltd Ord 5.00,KES 42.45,32400,17,130,0.95%,
8/28/2024,Equity Group Holdings Ltd Ord 0.50,KES 40.75,78300,487,935,0.62%,
8/28/2024,Absa Bank Kenya Plc Ord 0.50,KES 14.45,1391600,19,373,145,-0.34%
8/28/2024,The Co-operative Bank of Kenya Ltd Ord 1.00,KES 13.60,79000,434,250,1.12%,
8/27/2024,NCBA Bank Ltd Ord 5.00,KES 42.05,114500,0,0.00%,,
8/27/2024,KCB Group Ltd Ord 1.00,KES 31.50,3610300,10,54,800,-0.47%
8/27/2024,The Co-operative Bank of Kenya Ltd Ord 1.00,KES 13.45,135400,413,420,0.75%,
8/27/2024,Equity Group Holdings Ltd Ord 0.50,KES 40.50,2027300,-40,500,0,0.00%
8/27/2024,Absa Bank Kenya Plc Ord 0.50,KES 14.50,2884300,0,0.00%,,
8/26/2024,NCBA Bank Ltd Ord 5.00,KES 42.05,209000,0,-,,
8/26/2024,KCB Group Ltd Ord 1.00,KES 31.65,750700,2,428,650,-
8/26/2024,The Co-operative Bank of Kenya Ltd Ord 1.00,KES 13.35,80300,167,715,-,
8/26/2024,Absa Bank Kenya Plc Ord 0.50,KES 14.50,2104800,29,705,935,-
8/26/2024,Equity Group Holdings Ltd Ord 0.50,KES 40.50,14800,0,-,,
8/25/2024,NCBA Bank Ltd Ord 5.00,-,209000,0,-,,
8/25/2024,KCB Group Ltd Ord 1.00,-,750700,2,428,650,-
8/25/2024,The Co-operative Bank of Kenya Ltd Ord 1.00,-,80300,167,715,-,
8/25/2024,Absa Bank Kenya Plc Ord 0.50,-,2104800,29,705,935,-
8/25/2024,Equity Group Holdings Ltd Ord 0.50,-,14800,0,-,,
8/23/2024,The Co-operative Bank of Kenya Ltd Ord 1.00,KES 13.15,189600,1,328,530,0.38%
8/23/2024,NCBA Bank Ltd Ord 5.00,KES 42.00,282900,0,2.19%,,
8/23/2024,KCB Group Ltd Ord 1.00,KES 31.95,1758200,27,571,925,-0.93%
8/23/2024,Absa Bank Kenya Plc Ord 0.50,KES 14.20,50600,0,0.35%,,
8/23/2024,Equity Group Holdings Ltd Ord 0.50,KES 40.50,1328600,-24,146,100,0.37%
8/22/2024,The Co-operative Bank of Kenya Ltd Ord 1.00,KES 13.10,620900,460,595,0.77%,
8/22/2024,KCB Group Ltd Ord 1.00,KES 32.25,1195800,1,602,500,7.86%
8/22/2024,Equity Group Holdings Ltd Ord 0.50,KES 40.35,147500,1,67,645,-0.98%
8/22/2024,Absa Bank Kenya Plc Ord 0.50,KES 14.15,204800,0,0.00%,,
8/22/2024,NCBA Bank Ltd Ord 5.00,KES 41.10,211200,0,5.38%,,
8/21/2024,NCBA Bank Ltd Ord 5.00,KES 39.00,303900,0,0.00%,,
8/21/2024,The Co-operative Bank of Kenya Ltd Ord 1.00,KES 13.00,788900,-442,580,0.00%,
8/21/2024,Equity Group Holdings Ltd Ord 0.50,KES 40.75,114200,440,100,0.62%,
8/21/2024,KCB Group Ltd Ord 1.00,KES 29.90,1463200,645,750,0.17%,
8/21/2024,Absa Bank Kenya Plc Ord 0.50,KES 14.15,50900,-220,740,0.35%,
8/20/2024,NCBA Bank Ltd Ord 5.00,KES 39.00,148600,0,-0.13%,,
8/20/2024,KCB Group Ltd Ord 1.00,KES 29.85,1530400,459,270,1.53%,
8/20/2024,The Co-operative Bank of Kenya Ltd Ord 1.00,KES 13.00,49000,-22,100,0.78%,
8/20/2024,Absa Bank Kenya Plc Ord 0.50,KES 14.10,76100,0,0.00%,,
8/20/2024,Equity Group Holdings Ltd Ord 0.50,KES 40.50,1063800,3,477,900,0.12%
8/19/2024,KCB Group Ltd Ord 1.00,KES 29.40,31500,0,-,,
8/19/2024,The Co-operative Bank of Kenya Ltd Ord 1.00,KES 12.90,265500,-42,735,-,
8/19/2024,NCBA Bank Ltd Ord 5.00,KES 39.05,6900,0,-,,
8/19/2024,Absa Bank Kenya Plc Ord 0.50,KES 14.10,44600,0,-,,
8/19/2024,Equity Group Holdings Ltd Ord 0.50,KES 40.45,187300,7,519,925,-
8/18/2024,NCBA Bank Ltd Ord 5.00,-,6900,0,-,,
8/18/2024,KCB Group Ltd Ord 1.00,-,31500,0,-,,
8/18/2024,The Co-operative Bank of Kenya Ltd Ord 1.00,-,265500,-42,735,-,
8/18/2024,Absa Bank Kenya Plc Ord 0.50,-,44600,0,-,,
8/18/2024,Equity Group Holdings Ltd Ord 0.50,-,187300,7,519,925,-
8/16/2024,The Co-operative Bank of Kenya Ltd Ord 1.00,KES 12.80,470700,128,0,0.00%,
8/16/2024,NCBA Bank Ltd Ord 5.00,KES 39.00,233000,78,0,0.00%,
8/16/2024,KCB Group Ltd Ord 1.00,KES 29.85,2638600,0,1.70%,,
8/16/2024,Equity Group Holdings Ltd Ord 0.50,KES 40.00,791600,29,196,0,-1.23%
8/16/2024,Absa Bank Kenya Plc Ord 0.50,KES 14.05,71100,578,200,0.36%,
8/15/2024,The Co-operative Bank of Kenya Ltd Ord 1.00,KES 12.80,140200,0,0.79%,,
8/15/2024,NCBA Bank Ltd Ord 5.00,KES 39.00,276600,0,0.00%,,
8/15/2024,KCB Group Ltd Ord 1.00,KES 29.35,241600,0,-1.84%,,
8/15/2024,Equity Group Holdings Ltd Ord 0.50,KES 40.50,195900,5,716,860,1.00%
8/15/2024,Absa Bank Kenya Plc Ord 0.50,KES 14.00,98600,1,29,835,1.08%
8/14/2024,NCBA Bank Ltd Ord 5.00,KES 39.00,93200,0,0.13%,,
8/14/2024,KCB Group Ltd Ord 1.00,KES 29.90,165800,0,-0.17%,,
8/14/2024,Absa Bank Kenya Plc Ord 0.50,KES 13.85,41200,0,-0.36%,,
8/14/2024,Equity Group Holdings Ltd Ord 0.50,KES 40.10,380300,0,0.25%,,
8/14/2024,The Co-operative Bank of Kenya Ltd Ord 1.00,KES 12.70,88100,0,1.20%,,
8/13/2024,NCBA Bank Ltd Ord 5.00,KES 38.95,18000,0,-0.13%,,
8/13/2024,The Co-operative Bank of Kenya Ltd Ord 1.00,KES 12.55,210400,75,740,0.00%,
8/13/2024,KCB Group Ltd Ord 1.00,KES 29.95,1069300,24,280,485,-0.17%
8/13/2024,Absa Bank Kenya Plc Ord 0.50,KES 13.90,77300,0,-0.36%,,
8/13/2024,Equity Group Holdings Ltd Ord 0.50,KES 40.00,334600,0,0.13%,,
8/12/2024,KCB Group Ltd Ord 1.00,KES 30.00,112100,-107,655,-,
8/12/2024,The Co-operative Bank of Kenya Ltd Ord 1.00,KES 12.55,69400,-53,780,-,
8/12/2024,NCBA Bank Ltd Ord 5.00,KES 39.00,21800,0,-,,
8/12/2024,Equity Group Holdings Ltd Ord 0.50,KES 39.95,254700,-564,770,-,
8/12/2024,Absa Bank Kenya Plc Ord 0.50,KES 13.95,61800,0,-,,
8/11/2024,NCBA Bank Ltd Ord 5.00,-,21800,0,-,,
8/11/2024,KCB Group Ltd Ord 1.00,-,112100,-107,655,-,
8/11/2024,The Co-operative Bank of Kenya Ltd Ord 1.00,-,69400,-53,780,-,
8/11/2024,Absa Bank Kenya Plc Ord 0.50,-,61800,0,-,,
8/11/2024,Equity Group Holdings Ltd Ord 0.50,-,254700,-564,770,-,
8/9/2024,NCBA Bank Ltd Ord 5.00,KES 39.45,3000,0,1.15%,,
8/9/2024,The Co-operative Bank of Kenya Ltd Ord 1.00,KES 12.65,33400,-106,670,1.20%,
8/9/2024,KCB Group Ltd Ord 1.00,KES 30.00,319400,0,0.67%,,
8/9/2024,Absa Bank Kenya Plc Ord 0.50,KES 14.00,4200,0,-0.36%,,
8/9/2024,Equity Group Holdings Ltd Ord 0.50,KES 39.95,21500,0,3.77%,,
8/8/2024,The Co-operative Bank of Kenya Ltd Ord 1.00,KES 12.50,165100,0,-1.19%,,
8/8/2024,NCBA Bank Ltd Ord 5.00,KES 39.00,12900,0,-1.27%,,
8/8/2024,Equity Group Holdings Ltd Ord 0.50,KES 38.50,4216100,-4,461,150,0.00%
8/8/2024,KCB Group Ltd Ord 1.00,KES 29.80,7194200,95,794,125,1.02%
8/8/2024,Absa Bank Kenya Plc Ord 0.50,KES 14.05,70200,0,-0.35%,,
8/7/2024,The Co-operative Bank of Kenya Ltd Ord 1.00,KES 12.65,2133800,7,585,-0.39%,
8/7/2024,NCBA Bank Ltd Ord 5.00,KES 39.50,13700,0,2.46%,,
8/7/2024,KCB Group Ltd Ord 1.00,KES 29.50,2317400,61,710,510,-1.67%
8/7/2024,Equity Group Holdings Ltd Ord 0.50,KES 38.50,4688100,111,618,920,-3.75%
8/7/2024,Absa Bank Kenya Plc Ord 0.50,KES 14.10,1040900,-12,22,450,0.00%
8/6/2024,KCB Group Ltd Ord 1.00,KES 30.00,4691600,0,-1.48%,,
8/6/2024,NCBA Bank Ltd Ord 5.00,KES 38.55,20000,0,-0.64%,,
8/6/2024,The Co-operative Bank of Kenya Ltd Ord 1.00,KES 12.70,5774000,0,0.00%,,
8/6/2024,Absa Bank Kenya Plc Ord 0.50,KES 14.10,6643800,29,291,440,0.36%
8/6/2024,Equity Group Holdings Ltd Ord 0.50,KES 40.00,2134800,-6,896,230,0.25%
8/5/2024,NCBA Bank Ltd Ord 5.00,KES 38.80,35100,0,-,,
8/5/2024,KCB Group Ltd Ord 1.00,KES 30.45,123500,-307,0,-,
8/5/2024,The Co-operative Bank of Kenya Ltd Ord 1.00,KES 12.70,204600,-185,820,-,
8/5/2024,Absa Bank Kenya Plc Ord 0.50,KES 14.05,5395300,61,516,520,-
8/5/2024,Equity Group Holdings Ltd Ord 0.50,KES 39.90,513100,-7,594,640,-
8/4/2024,NCBA Bank Ltd Ord 5.00,-,35100,0,-,,
8/4/2024,KCB Group Ltd Ord 1.00,-,123500,-307,0,-,
8/4/2024,The Co-operative Bank of Kenya Ltd Ord 1.00,-,204600,-185,820,-,
8/4/2024,Absa Bank Kenya Plc Ord 0.50,-,5395300,61,516,520,-
8/4/2024,Equity Group Holdings Ltd Ord 0.50,-,513100,-7,594,640,-
8/2/2024,NCBA Bank Ltd Ord 5.00,KES 39.05,51800,0,-2.01%,,
8/2/2024,The Co-operative Bank of Kenya Ltd Ord 1.00,KES 12.85,92200,0,0.00%,,
8/2/2024,KCB Group Ltd Ord 1.00,KES 30.80,189500,0,0.65%,,
8/2/2024,Equity Group Holdings Ltd Ord 0.50,KES 40.45,88500,2,19,950,0.00%
8/2/2024,Absa Bank Kenya Plc Ord 0.50,KES 14.00,271800,0,-0.36%,,
8/1/2024,The Co-operative Bank of Kenya Ltd Ord 1.00,KES 12.85,34100,0,1.18%,,
8/1/2024,NCBA Bank Ltd Ord 5.00,KES 39.85,2100,15,960,-0.37%,
8/1/2024,KCB Group Ltd Ord 1.00,KES 30.60,43500,0,0.33%,,
8/1/2024,Absa Bank Kenya Plc Ord 0.50,KES 14.05,224200,0,0.00%,,
8/1/2024,Equity Group Holdings Ltd Ord 0.50,KES 40.45,356400,0,-0.12%,,
7/31/2024,KCB Group Ltd Ord 1.00,KES 30.50,292600,263,610,-2.24%,
7/31/2024,The Co-operative Bank of Kenya Ltd Ord 1.00,KES 12.70,3086200,0,-1.17%,,
7/31/2024,Absa Bank Kenya Plc Ord 0.50,KES 14.05,104500,0,0.36%,,
7/31/2024,Equity Group Holdings Ltd Ord 0.50,KES 40.50,122500,0,0.12%,,
7/31/2024,NCBA Bank Ltd Ord 5.00,KES 40.00,35700,0,-1.36%,,
7/30/2024,NCBA Bank Ltd Ord 5.00,KES 40.55,18300,0,-0.61%,,
7/30/2024,KCB Group Ltd Ord 1.00,KES 31.20,1711700,9,300,-1.58%,
7/30/2024,Equity Group Holdings Ltd Ord 0.50,KES 40.45,840000,-306,795,-0.98%,
7/30/2024,The Co-operative Bank of Kenya Ltd Ord 1.00,KES 12.85,77800,0,0.39%,,
7/30/2024,Absa Bank Kenya Plc Ord 0.50,KES 14.00,73700,0,0.00%,,
7/29/2024,KCB Group Ltd Ord 1.00,KES 31.70,811900,21,818,255,-
7/29/2024,NCBA Bank Ltd Ord 5.00,KES 40.80,4400,0,-,,
7/29/2024,The Co-operative Bank of Kenya Ltd Ord 1.00,KES 12.80,539600,-71,660,-,
7/29/2024,Absa Bank Kenya Plc Ord 0.50,KES 14.00,104000,0,-,,
7/29/2024,Equity Group Holdings Ltd Ord 0.50,KES 40.85,8800800,-300,797,945,-
7/28/2024,NCBA Bank Ltd Ord 5.00,-,4400,0,-,,
7/28/2024,KCB Group Ltd Ord 1.00,-,811900,21,818,255,-
7/28/2024,The Co-operative Bank of Kenya Ltd Ord 1.00,-,539600,-71,660,-,
7/28/2024,Absa Bank Kenya Plc Ord 0.50,-,104000,0,-,,
7/28/2024,Equity Group Holdings Ltd Ord 0.50,-,8800800,-300,797,945,-
7/26/2024,The Co-operative Bank of Kenya Ltd Ord 1.00,KES 12.90,1704600,0,0.78%,,
7/26/2024,KCB Group Ltd Ord 1.00,KES 31.80,43100,0,-0.93%,,
7/26/2024,NCBA Bank Ltd Ord 5.00,KES 40.90,19900,0,0.00%,,
7/26/2024,Absa Bank Kenya Plc Ord 0.50,KES 14.05,140500,0,0.00%,,
7/26/2024,Equity Group Holdings Ltd Ord 0.50,KES 41.30,178700,-41,685,-0.36%,
7/25/2024,The Co-operative Bank of Kenya Ltd Ord 1.00,KES 12.80,1592100,0,0.00%,,
7/25/2024,KCB Group Ltd Ord 1.00,KES 32.10,706300,-720,0,-1.98%,
7/25/2024,NCBA Bank Ltd Ord 5.00,KES 40.90,5000,0,0.49%,,
7/25/2024,Equity Group Holdings Ltd Ord 0.50,KES 41.45,1750900,4,376,290,-0.12%
7/25/2024,Absa Bank Kenya Plc Ord 0.50,KES 14.05,52900,0,0.00%,,
7/24/2024,The Co-operative Bank of Kenya Ltd Ord 1.00,KES 12.80,1205800,125,0,0.39%,
7/24/2024,NCBA Bank Ltd Ord 5.00,KES 40.70,8700,0,-0.37%,,
7/24/2024,KCB Group Ltd Ord 1.00,KES 32.75,328300,-48,450,-0.15%,
7/24/2024,Equity Group Holdings Ltd Ord 0.50,KES 41.50,85000,0,-1.19%,,
7/24/2024,Absa Bank Kenya Plc Ord 0.50,KES 14.05,202700,0,0.36%,,
7/23/2024,The Co-operative Bank of Kenya Ltd Ord 1.00,KES 12.75,280700,0,-1.16%,,
7/23/2024,NCBA Bank Ltd Ord 5.00,KES 40.85,11300,82,0,0.12%,
7/23/2024,KCB Group Ltd Ord 1.00,KES 32.80,118100,-136,400,-1.94%,
7/23/2024,Absa Bank Kenya Plc Ord 0.50,KES 14.00,99400,-397,600,0.00%,
7/23/2024,Equity Group Holdings Ltd Ord 0.50,KES 42.00,2689900,-1,537,205,-1.18%
7/22/2024,KCB Group Ltd Ord 1.00,KES 33.45,106000,0,-,,
7/22/2024,NCBA Bank Ltd Ord 5.00,KES 40.80,4100,0,-,,
7/22/2024,The Co-operative Bank of Kenya Ltd Ord 1.00,KES 12.90,119600,0,-,,
7/22/2024,Absa Bank Kenya Plc Ord 0.50,KES 14.00,275800,0,-,,
7/22/2024,Equity Group Holdings Ltd Ord 0.50,KES 42.50,66900,-1,700,0,-
7/21/2024,NCBA Bank Ltd Ord 5.00,-,4100,0,-,,
7/21/2024,KCB Group Ltd Ord 1.00,-,106000,0,-,,
7/21/2024,The Co-operative Bank of Kenya Ltd Ord 1.00,-,119600,0,-,,
7/21/2024,Absa Bank Kenya Plc Ord 0.50,-,275800,0,-,,
7/21/2024,Equity Group Holdings Ltd Ord 0.50,-,66900,-1,700,0,-
7/19/2024,KCB Group Ltd Ord 1.00,KES 34.00,124800,115,600,-0.87%,
7/19/2024,The Co-operative Bank of Kenya Ltd Ord 1.00,KES 12.95,62100,0,-1.15%,,
7/19/2024,NCBA Bank Ltd Ord 5.00,KES 40.85,63300,0,-0.12%,,
7/19/2024,Equity Group Holdings Ltd Ord 0.50,KES 42.60,8300,0,-0.35%,,
7/19/2024,Absa Bank Kenya Plc Ord 0.50,KES 14.00,728900,8,960,0,-0.36%
7/18/2024,The Co-operative Bank of Kenya Ltd Ord 1.00,KES 13.10,48700,-1,340,0.00%,
7/18/2024,NCBA Bank Ltd Ord 5.00,KES 40.90,144000,0,-0.24%,,
7/18/2024,KCB Group Ltd Ord 1.00,KES 34.30,317000,4,442,110,-0.44%
7/18/2024,Equity Group Holdings Ltd Ord 0.50,KES 42.75,25900,50,900,0.47%,
7/18/2024,Absa Bank Kenya Plc Ord 0.50,KES 14.05,197800,1,768,15,-0.71%
7/17/2024,NCBA Bank Ltd Ord 5.00,KES 41.00,134000,0,0.00%,,
7/17/2024,KCB Group Ltd Ord 1.00,KES 34.45,653400,14,633,810,0.73%
7/17/2024,The Co-operative Bank of Kenya Ltd Ord 1.00,KES 13.10,56000,0,0.38%,,
7/17/2024,Absa Bank Kenya Plc Ord 0.50,KES 14.15,15400,-44,330,1.07%,
7/17/2024,Equity Group Holdings Ltd Ord 0.50,KES 42.55,199800,-5,67,620,-0.58%
7/16/2024,KCB Group Ltd Ord 1.00,KES 34.20,90200,0,-1.30%,,
7/16/2024,NCBA Bank Ltd Ord 5.00,KES 41.00,1242900,0,-0.85%,,
7/16/2024,The Co-operative Bank of Kenya Ltd Ord 1.00,KES 13.05,5238200,-26,330,0.38%,
7/16/2024,Absa Bank Kenya Plc Ord 0.50,KES 14.00,1140200,14,732,720,-0.71%
7/16/2024,Equity Group Holdings Ltd Ord 0.50,KES 42.80,473000,-650,550,-0.93%,
7/15/2024,The Co-operative Bank of Kenya Ltd Ord 1.00,KES 13.00,120600,-143,650,-,
7/15/2024,NCBA Bank Ltd Ord 5.00,KES 41.35,13300,0,-,,
7/15/2024,KCB Group Ltd Ord 1.00,KES 34.65,77700,-1,144,40,-
7/15/2024,Equity Group Holdings Ltd Ord 0.50,KES 43.20,642300,8,656,320,-
7/15/2024,Absa Bank Kenya Plc Ord 0.50,KES 14.10,71400,-198,800,-,
7/14/2024,NCBA Bank Ltd Ord 5.00,-,13300,0,-,,
7/14/2024,KCB Group Ltd Ord 1.00,-,77700,-1,144,40,-
7/14/2024,The Co-operative Bank of Kenya Ltd Ord 1.00,-,120600,-143,650,-,
7/14/2024,Absa Bank Kenya Plc Ord 0.50,-,71400,-198,800,-,
7/14/2024,Equity Group Holdings Ltd Ord 0.50,-,642300,8,656,320,-
7/12/2024,The Co-operative Bank of Kenya Ltd Ord 1.00,KES 12.95,62500,-23,270,-0.38%,
7/12/2024,NCBA Bank Ltd Ord 5.00,KES 41.20,101500,0,0.00%,,
7/12/2024,KCB Group Ltd Ord 1.00,KES 34.15,85600,0,-2.15%,,
7/12/2024,Equity Group Holdings Ltd Ord 0.50,KES 43.30,41100,-880,35,-0.23%,
7/12/2024,Absa Bank Kenya Plc Ord 0.50,KES 13.90,217900,0,-1.07%,,
7/11/2024,The Co-operative Bank of Kenya Ltd Ord 1.00,KES 13.00,5302100,-118,310,-3.70%,
7/11/2024,NCBA Bank Ltd Ord 5.00,KES 41.20,534100,41,0,0.12%,
7/11/2024,KCB Group Ltd Ord 1.00,KES 34.90,238100,1,508,480,-1.97%
7/11/2024,Absa Bank Kenya Plc Ord 0.50,KES 14.05,445100,1,414,925,0.00%
7/11/2024,Equity Group Holdings Ltd Ord 0.50,KES 43.40,125200,-81,930,-1.03%,
7/10/2024,The Co-operative Bank of Kenya Ltd Ord 1.00,KES 13.50,5110600,0,6.30%,,
7/10/2024,NCBA Bank Ltd Ord 5.00,KES 41.15,91800,288,50,0.12%,
7/10/2024,KCB Group Ltd Ord 1.00,KES 35.60,218600,1,605,610,5.01%
7/10/2024,Absa Bank Kenya Plc Ord 0.50,KES 14.05,108300,-41,90,0.00%,
7/10/2024,Equity Group Holdings Ltd Ord 0.50,KES 43.85,623600,24,906,205,-0.23%
7/9/2024,KCB Group Ltd Ord 1.00,KES 33.90,890500,6,857,270,1.35%
7/9/2024,Equity Group Holdings Ltd Ord 0.50,KES 43.95,663700,27,352,615,1.38%
7/9/2024,Absa Bank Kenya Plc Ord 0.50,KES 14.05,228500,0,-1.75%,,
7/9/2024,The Co-operative Bank of Kenya Ltd Ord 1.00,KES 12.70,361200,126,500,0.79%,
7/9/2024,NCBA Bank Ltd Ord 5.00,KES 41.10,15500,159,900,-0.12%,
7/8/2024,NCBA Bank Ltd Ord 5.00,KES 41.15,9100,0,-,,
7/8/2024,KCB Group Ltd Ord 1.00,KES 33.45,82500,-358,420,-,
7/8/2024,The Co-operative Bank of Kenya Ltd Ord 1.00,KES 12.60,357100,1,518,0,-
7/8/2024,Equity Group Holdings Ltd Ord 0.50,KES 43.35,482700,1,957,375,-
7/8/2024,Absa Bank Kenya Plc Ord 0.50,KES 14.30,251300,41,325,-,
7/7/2024,NCBA Bank Ltd Ord 5.00,-,9100,0,-,,
7/7/2024,KCB Group Ltd Ord 1.00,-,82500,-358,420,-,
7/7/2024,The Co-operative Bank of Kenya Ltd Ord 1.00,-,357100,1,518,0,-
7/7/2024,Absa Bank Kenya Plc Ord 0.50,-,251300,41,325,-,
7/7/2024,Equity Group Holdings Ltd Ord 0.50,-,482700,1,957,375,-
7/5/2024,The Co-operative Bank of Kenya Ltd Ord 1.00,KES 12.65,215400,0,0.40%,,
7/5/2024,KCB Group Ltd Ord 1.00,KES 32.00,443400,11,134,300,1.27%
7/5/2024,NCBA Bank Ltd Ord 5.00,KES 41.10,21200,179,740,0.49%,
7/5/2024,Absa Bank Kenya Plc Ord 0.50,KES 14.05,39900,0,0.36%,,
7/5/2024,Equity Group Holdings Ltd Ord 0.50,KES 42.00,731300,29,485,50,0.48%
7/4/2024,The Co-operative Bank of Kenya Ltd Ord 1.00,KES 12.60,3251000,0,-1.56%,,
7/4/2024,KCB Group Ltd Ord 1.00,KES 31.60,237300,4,392,400,-0.32%
7/4/2024,Absa Bank Kenya Plc Ord 0.50,KES 14.00,93700,1,186,520,0.00%
7/4/2024,Equity Group Holdings Ltd Ord 0.50,KES 41.80,3335900,137,844,480,0.12%
7/4/2024,NCBA Bank Ltd Ord 5.00,KES 40.90,19700,0,0.86%,,
7/3/2024,The Co-operative Bank of Kenya Ltd Ord 1.00,KES 12.80,706800,0,0.00%,,
7/3/2024,NCBA Bank Ltd Ord 5.00,KES 40.55,9900,0,-1.58%,,
7/3/2024,KCB Group Ltd Ord 1.00,KES 31.70,241900,-2,540,125,0.63%
7/3/2024,Equity Group Holdings Ltd Ord 0.50,KES 41.75,37200,24,720,0.24%,
7/3/2024,Absa Bank Kenya Plc Ord 0.50,KES 14.00,6989500,45,997,0,-0.36%
7/2/2024,NCBA Bank Ltd Ord 5.00,KES 41.20,26600,0,0.00%,,
7/2/2024,The Co-operative Bank of Kenya Ltd Ord 1.00,KES 12.80,1105100,-567,40,0.00%,
7/2/2024,KCB Group Ltd Ord 1.00,KES 31.50,1323600,-8,100,0.48%,
7/2/2024,Equity Group Holdings Ltd Ord 0.50,KES 41.65,169800,277,200,-1.42%,
7/2/2024,Absa Bank Kenya Plc Ord 0.50,KES 14.05,549600,0,0.00%,,
7/1/2024,NCBA Bank Ltd Ord 5.00,KES 41.20,62200,0,-,,
7/1/2024,KCB Group Ltd Ord 1.00,KES 31.35,48400,0,-,,
7/1/2024,The Co-operative Bank of Kenya Ltd Ord 1.00,KES 12.80,1263000,0,-,,
7/1/2024,Absa Bank Kenya Plc Ord 0.50,KES 14.05,52100,0,-,,
7/1/2024,Equity Group Holdings Ltd Ord 0.50,KES 42.25,145400,5,479,670,-
6/30/2024,NCBA Bank Ltd Ord 5.00,-,62200,0,-,,
6/30/2024,KCB Group Ltd Ord 1.00,-,48400,0,-,,
6/30/2024,The Co-operative Bank of Kenya Ltd Ord 1.00,-,1263000,0,-,,
6/30/2024,Absa Bank Kenya Plc Ord 0.50,-,52100,0,-,,
6/30/2024,Equity Group Holdings Ltd Ord 0.50,-,145400,5,479,670,-
6/28/2024,The Co-operative Bank of Kenya Ltd Ord 1.00,KES 12.70,121200,0,0.40%,,
6/28/2024,KCB Group Ltd Ord 1.00,KES 31.25,197300,-1,328,675,-0.16%
6/28/2024,NCBA Bank Ltd Ord 5.00,KES 41.10,63400,0,0.49%,,
6/28/2024,Absa Bank Kenya Plc Ord 0.50,KES 14.00,76800,0,0.00%,,
6/28/2024,Equity Group Holdings Ltd Ord 0.50,KES 42.25,116200,1,689,190,-0.94%
6/27/2024,The Co-operative Bank of Kenya Ltd Ord 1.00,KES 12.65,230000,0,-0.78%,,
6/27/2024,KCB Group Ltd Ord 1.00,KES 31.30,218000,-2,512,585,-1.42%
6/27/2024,NCBA Bank Ltd Ord 5.00,KES 40.90,87500,0,0.25%,,
6/27/2024,Equity Group Holdings Ltd Ord 0.50,KES 42.65,21800,0,-0.81%,,
6/27/2024,Absa Bank Kenya Plc Ord 0.50,KES 14.00,1073000,13,959,400,0.00%
6/26/2024,The Co-operative Bank of Kenya Ltd Ord 1.00,KES 12.75,664400,0,-0.39%,,
6/26/2024,NCBA Bank Ltd Ord 5.00,KES 40.80,4600,0,-0.49%,,
6/26/2024,KCB Group Ltd Ord 1.00,KES 31.75,190200,-636,0,2.92%,
6/26/2024,Equity Group Holdings Ltd Ord 0.50,KES 43.00,549200,20,949,280,-0.12%
6/26/2024,Absa Bank Kenya Plc Ord 0.50,KES 14.00,104700,0,1.08%,,
6/25/2024,NCBA Bank Ltd Ord 5.00,KES 41.00,36800,0,0.49%,,
6/25/2024,KCB Group Ltd Ord 1.00,KES 30.85,1408600,8,726,340,-6.09%
6/25/2024,The Co-operative Bank of Kenya Ltd Ord 1.00,KES 12.80,554900,5,487,45,0.00%
6/25/2024,Absa Bank Kenya Plc Ord 0.50,KES 13.85,75500,270,480,0.36%,
6/25/2024,Equity Group Holdings Ltd Ord 0.50,KES 43.05,12800,0,-0.46%,,
6/24/2024,NCBA Bank Ltd Ord 5.00,KES 40.80,6800,0,-,,
6/24/2024,KCB Group Ltd Ord 1.00,KES 32.85,190000,3,310,260,-
6/24/2024,The Co-operative Bank of Kenya Ltd Ord 1.00,KES 12.80,138000,0,-,,
6/24/2024,Absa Bank Kenya Plc Ord 0.50,KES 13.80,69900,83,100,-,
6/24/2024,Equity Group Holdings Ltd Ord 0.50,KES 43.25,38400,0,-,,
6/23/2024,NCBA Bank Ltd Ord 5.00,-,6800,0,-,,
6/23/2024,KCB Group Ltd Ord 1.00,-,190000,3,310,260,-
6/23/2024,The Co-operative Bank of Kenya Ltd Ord 1.00,-,138000,0,-,,
6/23/2024,Absa Bank Kenya Plc Ord 0.50,-,69900,83,100,-,
6/23/2024,Equity Group Holdings Ltd Ord 0.50,-,38400,0,-,,
6/21/2024,The Co-operative Bank of Kenya Ltd Ord 1.00,KES 13.00,188000,0,-0.38%,,
6/21/2024,KCB Group Ltd Ord 1.00,KES 34.15,1713500,25,541,600,0.00%
6/21/2024,NCBA Bank Ltd Ord 5.00,KES 40.90,53100,0,-0.61%,,
6/21/2024,Equity Group Holdings Ltd Ord 0.50,KES 43.40,777900,27,550,730,-0.23%
6/21/2024,Absa Bank Kenya Plc Ord 0.50,KES 13.95,70300,228,925,-0.71%,
6/20/2024,The Co-operative Bank of Kenya Ltd Ord 1.00,KES 13.05,7400700,0,-0.38%,,
6/20/2024,NCBA Bank Ltd Ord 5.00,KES 41.15,13600,0,0.37%,,
6/20/2024,KCB Group Ltd Ord 1.00,KES 34.15,329300,9,284,150,0.29%
6/20/2024,Equity Group Holdings Ltd Ord 0.50,KES 43.50,578600,24,389,970,0.00%
6/20/2024,Absa Bank Kenya Plc Ord 0.50,KES 14.05,1028800,13,962,235,0.36%
6/19/2024,The Co-operative Bank of Kenya Ltd Ord 1.00,KES 13.10,52900,0,0.38%,,
6/19/2024,NCBA Bank Ltd Ord 5.00,KES 41.00,17200,0,0.99%,,
6/19/2024,KCB Group Ltd Ord 1.00,KES 34.05,1046500,22,21,475,-1.45%
6/19/2024,Absa Bank Kenya Plc Ord 0.50,KES 14.00,7389200,0,0.36%,,
6/19/2024,Equity Group Holdings Ltd Ord 0.50,KES 43.50,3425000,84,488,180,-0.34%
6/18/2024,KCB Group Ltd Ord 1.00,KES 34.55,176500,1,121,250,-
6/18/2024,The Co-operative Bank of Kenya Ltd Ord 1.00,KES 13.05,146100,1,305,-,
6/18/2024,Absa Bank Kenya Plc Ord 0.50,KES 13.95,1239000,0,-,,
6/18/2024,Equity Group Holdings Ltd Ord 0.50,KES 43.65,285400,2,100,-,
6/18/2024,NCBA Bank Ltd Ord 5.00,KES 40.60,13200,8,160,-,
6/17/2024,NCBA Bank Ltd Ord 5.00,-,13200,8,160,-,
6/17/2024,KCB Group Ltd Ord 1.00,-,176500,1,121,250,-
6/17/2024,The Co-operative Bank of Kenya Ltd Ord 1.00,-,146100,1,305,-,
6/17/2024,Absa Bank Kenya Plc Ord 0.50,-,1239000,0,-,,
6/17/2024,Equity Group Holdings Ltd Ord 0.50,-,285400,2,100,-,
6/14/2024,KCB Group Ltd Ord 1.00,KES 35.45,162700,0,-0.28%,,
6/14/2024,NCBA Bank Ltd Ord 5.00,KES 40.80,14100,0,-2.74%,,
6/14/2024,Equity Group Holdings Ltd Ord 0.50,KES 43.90,59700,0,0.46%,,
6/14/2024,The Co-operative Bank of Kenya Ltd Ord 1.00,KES 13.40,433000,0,-0.74%,,
6/14/2024,Absa Bank Kenya Plc Ord 0.50,KES 13.90,72100,13,850,0.36%,
6/13/2024,NCBA Bank Ltd Ord 5.00,KES 41.95,254400,3,600,500,3.33%
6/13/2024,The Co-operative Bank of Kenya Ltd Ord 1.00,KES 13.50,388000,4,45,0,-1.10%
6/13/2024,KCB Group Ltd Ord 1.00,KES 35.55,2118700,59,781,575,0.28%
6/13/2024,Equity Group Holdings Ltd Ord 0.50,KES 43.70,21600,0,-0.11%,,
6/13/2024,Absa Bank Kenya Plc Ord 0.50,KES 13.85,1544200,2,780,0.00%,
6/12/2024,The Co-operative Bank of Kenya Ltd Ord 1.00,KES 13.65,367300,0,0.00%,,
6/12/2024,NCBA Bank Ltd Ord 5.00,KES 40.60,9800,0,-2.05%,,
6/12/2024,KCB Group Ltd Ord 1.00,KES 35.45,68000,-66,950,-1.39%,
6/12/2024,Absa Bank Kenya Plc Ord 0.50,KES 13.85,373200,0,0.00%,,
6/12/2024,Equity Group Holdings Ltd Ord 0.50,KES 43.75,39200,0,0.57%,,
6/11/2024,The Co-operative Bank of Kenya Ltd Ord 1.00,KES 13.65,187000,19,40,0.74%,
6/11/2024,KCB Group Ltd Ord 1.00,KES 35.95,3361300,116,302,360,-0.42%
6/11/2024,NCBA Bank Ltd Ord 5.00,KES 41.45,10900,0,-1.31%,,
6/11/2024,Absa Bank Kenya Plc Ord 0.50,KES 13.85,160500,0,0.00%,,
6/11/2024,Equity Group Holdings Ltd Ord 0.50,KES 43.50,111500,1,552,510,0.12%
6/10/2024,The Co-operative Bank of Kenya Ltd Ord 1.00,KES 13.55,83100,0,-,,
6/10/2024,NCBA Bank Ltd Ord 5.00,KES 42.00,3800,0,-,,
6/10/2024,KCB Group Ltd Ord 1.00,KES 36.10,156800,1,460,660,-
6/10/2024,Equity Group Holdings Ltd Ord 0.50,KES 43.45,43700,535,200,-,
6/10/2024,Absa Bank Kenya Plc Ord 0.50,KES 13.85,58600,0,-,,
6/9/2024,NCBA Bank Ltd Ord 5.00,-,3800,0,-,,
6/9/2024,KCB Group Ltd Ord 1.00,-,156800,1,460,660,-
6/9/2024,The Co-operative Bank of Kenya Ltd Ord 1.00,-,83100,0,-,,
6/9/2024,Absa Bank Kenya Plc Ord 0.50,-,58600,0,-,,
6/9/2024,Equity Group Holdings Ltd Ord 0.50,-,43700,535,200,-,
6/7/2024,NCBA Bank Ltd Ord 5.00,KES 41.90,10600,0,1.45%,,
6/7/2024,KCB Group Ltd Ord 1.00,KES 36.45,766800,15,279,690,-0.68%
6/7/2024,Equity Group Holdings Ltd Ord 0.50,KES 43.70,1392300,-712,250,0.00%,
6/7/2024,The Co-operative Bank of Kenya Ltd Ord 1.00,KES 13.80,91700,409,630,0.73%,
6/7/2024,Absa Bank Kenya Plc Ord 0.50,KES 13.75,1049700,-39,730,-1.43%,
6/6/2024,The Co-operative Bank of Kenya Ltd Ord 1.00,KES 13.70,1665900,-624,720,0.00%,
6/6/2024,NCBA Bank Ltd Ord 5.00,KES 41.30,4000,0,-1.78%,,
6/6/2024,KCB Group Ltd Ord 1.00,KES 36.70,169100,-99,805,1.80%,
6/6/2024,Absa Bank Kenya Plc Ord 0.50,KES 13.95,243000,4,140,1.45%,
6/6/2024,Equity Group Holdings Ltd Ord 0.50,KES 43.70,2997300,20,329,895,0.00%
6/5/2024,The Co-operative Bank of Kenya Ltd Ord 1.00,KES 13.70,124700,1,183,680,-0.36%
6/5/2024,NCBA Bank Ltd Ord 5.00,KES 42.05,24100,0,-2.66%,,
6/5/2024,KCB Group Ltd Ord 1.00,KES 36.05,546900,9,939,285,0.56%
6/5/2024,Absa Bank Kenya Plc Ord 0.50,KES 13.75,368700,1,370,0.00%,
6/5/2024,Equity Group Holdings Ltd Ord 0.50,KES 43.70,1079000,2,758,955,0.11%
6/4/2024,KCB Group Ltd Ord 1.00,KES 35.85,543100,13,411,785,1.56%
6/4/2024,NCBA Bank Ltd Ord 5.00,KES 43.20,3800,0,2.86%,,
6/4/2024,Equity Group Holdings Ltd Ord 0.50,KES 43.65,1749300,-34,30,750,0.23%
6/4/2024,The Co-operative Bank of Kenya Ltd Ord 1.00,KES 13.75,7925900,3,553,880,0.73%
6/4/2024,Absa Bank Kenya Plc Ord 0.50,KES 13.75,58400,0,0.36%,,
6/3/2024,NCBA Bank Ltd Ord 5.00,KES 42.00,260000,0,-,,
6/3/2024,KCB Group Ltd Ord 1.00,KES 35.30,7803700,4,615,435,-
6/3/2024,Equity Group Holdings Ltd Ord 0.50,KES 43.55,2158800,-841,860,-,
6/3/2024,The Co-operative Bank of Kenya Ltd Ord 1.00,KES 13.65,2491700,15,180,-,
6/3/2024,Absa Bank Kenya Plc Ord 0.50,KES 13.70,195000,2,449,600,-
6/2/2024,NCBA Bank Ltd Ord 5.00,-,260000,0,-,,
6/2/2024,KCB Group Ltd Ord 1.00,-,7803700,4,615,435,-
6/2/2024,Absa Bank Kenya Plc Ord 0.50,-,195000,2,449,600,-
6/2/2024,The Co-operative Bank of Kenya Ltd Ord 1.00,-,2491700,15,180,-,
6/2/2024,Equity Group Holdings Ltd Ord 0.50,-,2158800,-841,860,-,
5/31/2024,NCBA Bank Ltd Ord 5.00,KES 42.00,12800,0,1.45%,,
5/31/2024,KCB Group Ltd Ord 1.00,KES 35.55,277700,499,300,-2.07%,
5/31/2024,The Co-operative Bank of Kenya Ltd Ord 1.00,KES 13.50,2073600,0,-1.10%,,
5/31/2024,Absa Bank Kenya Plc Ord 0.50,KES 13.75,399900,0,2.23%,,
5/31/2024,Equity Group Holdings Ltd Ord 0.50,KES 43.50,4766700,60,158,225,-0.11%
5/30/2024,The Co-operative Bank of Kenya Ltd Ord 1.00,KES 13.65,1772100,1,378,100,-1.80%
5/30/2024,NCBA Bank Ltd Ord 5.00,KES 41.40,321800,6,212,630,-0.12%
5/30/2024,KCB Group Ltd Ord 1.00,KES 36.30,2551400,8,848,975,-3.46%
5/30/2024,Absa Bank Kenya Plc Ord 0.50,KES 13.45,1629000,-546,710,-1.47%,
5/30/2024,Equity Group Holdings Ltd Ord 0.50,KES 43.55,7280300,290,789,525,0.00%
5/29/2024,The Co-operative Bank of Kenya Ltd Ord 1.00,KES 13.90,287700,0,4.12%,,
5/29/2024,KCB Group Ltd Ord 1.00,KES 37.60,133100,-101,385,-0.92%,
5/29/2024,NCBA Bank Ltd Ord 5.00,KES 41.45,923700,14,833,800,0.12%
5/29/2024,Equity Group Holdings Ltd Ord 0.50,KES 43.55,4277700,-22,624,645,0.69%
5/29/2024,Absa Bank Kenya Plc Ord 0.50,KES 13.65,2149700,0,6.64%,,
5/28/2024,The Co-operative Bank of Kenya Ltd Ord 1.00,KES 13.35,206800,1,335,275,1.14%
5/28/2024,NCBA Bank Ltd Ord 5.00,KES 41.40,24500,0,1.97%,,
5/28/2024,KCB Group Ltd Ord 1.00,KES 37.95,3751900,46,956,45,5.12%
5/28/2024,Equity Group Holdings Ltd Ord 0.50,KES 43.25,7724400,114,817,745,1.65%
5/28/2024,Absa Bank Kenya Plc Ord 0.50,KES 12.80,2055700,0,-2.66%,,
5/27/2024,KCB Group Ltd Ord 1.00,KES 36.10,3243600,23,297,305,-
5/27/2024,NCBA Bank Ltd Ord 5.00,KES 40.60,90300,-319,800,-,
5/27/2024,The Co-operative Bank of Kenya Ltd Ord 1.00,KES 13.20,1031600,3,305,830,-
5/27/2024,Absa Bank Kenya Plc Ord 0.50,KES 13.15,31700,166,400,-,
5/27/2024,Equity Group Holdings Ltd Ord 0.50,KES 42.55,1987600,-7,493,100,-
5/26/2024,NCBA Bank Ltd Ord 5.00,-,90300,-319,800,-,
5/26/2024,KCB Group Ltd Ord 1.00,-,3243600,23,297,305,-
5/26/2024,The Co-operative Bank of Kenya Ltd Ord 1.00,-,1031600,3,305,830,-
5/26/2024,Absa Bank Kenya Plc Ord 0.50,-,31700,166,400,-,
5/26/2024,Equity Group Holdings Ltd Ord 0.50,-,1987600,-7,493,100,-
5/24/2024,NCBA Bank Ltd Ord 5.00,KES 41.05,14500,0,2.62%,,
5/24/2024,KCB Group Ltd Ord 1.00,KES 35.15,2336900,-15,211,280,0.29%
5/24/2024,The Co-operative Bank of Kenya Ltd Ord 1.00,KES 13.30,492200,686,790,0.00%,
5/24/2024,Absa Bank Kenya Plc Ord 0.50,KES 13.50,805000,0,0.00%,,
5/24/2024,Equity Group Holdings Ltd Ord 0.50,KES 46.50,1721100,11,25,150,-0.75%
5/23/2024,The Co-operative Bank of Kenya Ltd Ord 1.00,KES 13.30,710800,0,1.92%,,
5/23/2024,KCB Group Ltd Ord 1.00,KES 35.05,2172900,-50,720,975,8.85%
5/23/2024,Equity Group Holdings Ltd Ord 0.50,KES 46.85,602800,10,978,580,-0.43%
5/23/2024,Absa Bank Kenya Plc Ord 0.50,KES 13.50,280000,0,0.37%,,
5/23/2024,NCBA Bank Ltd Ord 5.00,KES 40.00,9900,0,0.88%,,
5/22/2024,The Co-operative Bank of Kenya Ltd Ord 1.00,KES 13.05,752600,-2,178,305,0.00%
5/22/2024,NCBA Bank Ltd Ord 5.00,KES 39.65,20200,0,0.00%,,
5/22/2024,KCB Group Ltd Ord 1.00,KES 32.20,5948000,73,812,350,0.00%
5/22/2024,Equity Group Holdings Ltd Ord 0.50,KES 47.05,3214700,57,749,280,0.11%
5/22/2024,Absa Bank Kenya Plc Ord 0.50,KES 13.45,1014600,-80,400,1.51%,
5/21/2024,The Co-operative Bank of Kenya Ltd Ord 1.00,KES 13.05,645500,-625,300,2.76%,
5/21/2024,NCBA Bank Ltd Ord 5.00,KES 39.65,14000,0,3.26%,,
5/21/2024,KCB Group Ltd Ord 1.00,KES 32.20,3350000,-80,75,800,0.47%
5/21/2024,Absa Bank Kenya Plc Ord 0.50,KES 13.25,625300,0,1.92%,,
5/21/2024,Equity Group Holdings Ltd Ord 0.50,KES 47.00,1429100,-8,77,470,1.95%
5/20/2024,NCBA Bank Ltd Ord 5.00,KES 38.40,13900,298,350,-,
5/20/2024,KCB Group Ltd Ord 1.00,KES 32.05,431000,1,484,60,-
5/20/2024,The Co-operative Bank of Kenya Ltd Ord 1.00,KES 12.70,501600,4,267,430,-
5/20/2024,Absa Bank Kenya Plc Ord 0.50,KES 13.00,1088100,-118,300,-,
5/20/2024,Equity Group Holdings Ltd Ord 0.50,KES 46.10,3850500,98,426,885,-
5/19/2024,NCBA Bank Ltd Ord 5.00,-,13900,298,350,-,
5/19/2024,KCB Group Ltd Ord 1.00,-,431000,1,484,60,-
5/19/2024,The Co-operative Bank of Kenya Ltd Ord 1.00,-,501600,4,267,430,-
5/19/2024,Absa Bank Kenya Plc Ord 0.50,-,1088100,-118,300,-,
5/19/2024,Equity Group Holdings Ltd Ord 0.50,-,3850500,98,426,885,-
5/17/2024,KCB Group Ltd Ord 1.00,KES 31.85,849500,-9,6,270,3.41%
5/17/2024,NCBA Bank Ltd Ord 5.00,KES 38.30,10300,0,1.73%,,
5/17/2024,The Co-operative Bank of Kenya Ltd Ord 1.00,KES 12.75,79300,39,260,2.82%,
5/17/2024,Equity Group Holdings Ltd Ord 0.50,KES 44.85,1449600,-1,725,560,1.70%
5/17/2024,Absa Bank Kenya Plc Ord 0.50,KES 12.95,254400,2,8,650,0.39%
5/16/2024,NCBA Bank Ltd Ord 5.00,KES 37.65,21200,-168,750,0.27%,
5/16/2024,The Co-operative Bank of Kenya Ltd Ord 1.00,KES 12.40,467100,0,0.00%,,
5/16/2024,KCB Group Ltd Ord 1.00,KES 30.80,1018100,3,285,600,1.48%
5/16/2024,Equity Group Holdings Ltd Ord 0.50,KES 44.10,621100,-16,58,750,0.23%
5/16/2024,Absa Bank Kenya Plc Ord 0.50,KES 12.90,453900,3,997,980,1.98%
5/15/2024,The Co-operative Bank of Kenya Ltd Ord 1.00,KES 12.40,4228500,0,0.81%,,
5/15/2024,NCBA Bank Ltd Ord 5.00,KES 37.55,17500,-498,750,-0.79%,
5/15/2024,KCB Group Ltd Ord 1.00,KES 30.35,1750500,47,950,365,0.83%
5/15/2024,Absa Bank Kenya Plc Ord 0.50,KES 12.65,1061600,1,692,695,2.02%
5/15/2024,Equity Group Holdings Ltd Ord 0.50,KES 44.00,3118100,-5,562,480,-0.68%
5/14/2024,The Co-operative Bank of Kenya Ltd Ord 1.00,KES 12.30,486600,-1,734,150,1.65%
5/14/2024,KCB Group Ltd Ord 1.00,KES 30.10,270200,-967,460,0.17%,
5/14/2024,NCBA Bank Ltd Ord 5.00,KES 37.85,49000,-494,0,-0.39%,
5/14/2024,Absa Bank Kenya Plc Ord 0.50,KES 12.40,123700,0,0.81%,,
5/14/2024,Equity Group Holdings Ltd Ord 0.50,KES 44.30,112200,-4,718,555,2.43%
5/13/2024,The Co-operative Bank of Kenya Ltd Ord 1.00,KES 12.10,315300,121,0,-,
5/13/2024,KCB Group Ltd Ord 1.00,KES 30.05,352400,5,792,800,-
5/13/2024,NCBA Bank Ltd Ord 5.00,KES 38.00,14400,-53,290,-,
5/13/2024,Equity Group Holdings Ltd Ord 0.50,KES 43.25,66400,2,292,650,-
5/13/2024,Absa Bank Kenya Plc Ord 0.50,KES 12.30,149000,0,-,,
5/12/2024,NCBA Bank Ltd Ord 5.00,-,14400,-53,290,-,
5/12/2024,KCB Group Ltd Ord 1.00,-,352400,5,792,800,-
5/12/2024,The Co-operative Bank of Kenya Ltd Ord 1.00,-,315300,121,0,-,
5/12/2024,Absa Bank Kenya Plc Ord 0.50,-,149000,0,-,,
5/12/2024,Equity Group Holdings Ltd Ord 0.50,-,66400,2,292,650,-
5/9/2024,NCBA Bank Ltd Ord 5.00,KES 38.20,34800,-965,225,0.53%,
5/9/2024,KCB Group Ltd Ord 1.00,KES 30.05,575300,8,161,580,0.00%
5/9/2024,Equity Group Holdings Ltd Ord 0.50,KES 41.90,3067800,47,606,125,-0.24%
5/9/2024,The Co-operative Bank of Kenya Ltd Ord 1.00,KES 12.10,982500,145,865,0.41%,
5/9/2024,Absa Bank Kenya Plc Ord 0.50,KES 12.35,160500,1,235,830,0.82%
5/8/2024,The Co-operative Bank of Kenya Ltd Ord 1.00,KES 12.05,4094200,242,0,0.42%,
5/8/2024,NCBA Bank Ltd Ord 5.00,KES 38.00,15700,-54,400,0.13%,
5/8/2024,KCB Group Ltd Ord 1.00,KES 30.05,5747100,48,67,465,-0.17%
5/8/2024,Absa Bank Kenya Plc Ord 0.50,KES 12.25,275800,1,926,380,-0.41%
5/8/2024,Equity Group Holdings Ltd Ord 0.50,KES 42.00,3162300,-8,360,245,-0.24%
5/7/2024,The Co-operative Bank of Kenya Ltd Ord 1.00,KES 12.00,378700,-278,435,0.00%,
5/7/2024,KCB Group Ltd Ord 1.00,KES 30.10,717200,14,342,765,0.50%
5/7/2024,NCBA Bank Ltd Ord 5.00,KES 37.95,47500,3,800,-0.39%,
5/7/2024,Absa Bank Kenya Plc Ord 0.50,KES 12.30,185500,739,165,1.23%,
5/7/2024,Equity Group Holdings Ltd Ord 0.50,KES 42.10,155400,687,50,-0.82%,
5/6/2024,KCB Group Ltd Ord 1.00,KES 29.95,590200,7,51,765,-
5/6/2024,NCBA Bank Ltd Ord 5.00,KES 38.10,28800,0,-,,
5/6/2024,Equity Group Holdings Ltd Ord 0.50,KES 42.45,432000,272,10,-,
5/6/2024,The Co-operative Bank of Kenya Ltd Ord 1.00,KES 12.00,151500,-559,200,-,
5/6/2024,Absa Bank Kenya Plc Ord 0.50,KES 12.15,283500,3,139,410,-
5/5/2024,NCBA Bank Ltd Ord 5.00,-,28800,0,-,,
5/5/2024,KCB Group Ltd Ord 1.00,-,590200,7,51,765,-
5/5/2024,The Co-operative Bank of Kenya Ltd Ord 1.00,-,151500,-559,200,-,
5/5/2024,Absa Bank Kenya Plc Ord 0.50,-,283500,3,139,410,-
5/5/2024,Equity Group Holdings Ltd Ord 0.50,-,432000,272,10,-,
5/3/2024,NCBA Bank Ltd Ord 5.00,KES 39.35,11300,3,990,-7.95%,
5/3/2024,KCB Group Ltd Ord 1.00,KES 29.50,284500,-2,361,330,0.68%
5/3/2024,The Co-operative Bank of Kenya Ltd Ord 1.00,KES 12.20,126900,845,705,1.67%,
5/3/2024,Equity Group Holdings Ltd Ord 0.50,KES 42.55,144300,425,425,-0.12%,
5/3/2024,Absa Bank Kenya Plc Ord 0.50,KES 11.95,154700,443,290,-2.85%,
5/2/2024,NCBA Bank Ltd Ord 5.00,KES 42.75,6500,0,-,,
5/2/2024,The Co-operative Bank of Kenya Ltd Ord 1.00,KES 12.00,472700,36,0,-,
5/2/2024,KCB Group Ltd Ord 1.00,KES 29.30,56300,0,-,,
5/2/2024,Absa Bank Kenya Plc Ord 0.50,KES 12.30,127800,29,320,-,
5/2/2024,Equity Group Holdings Ltd Ord 0.50,KES 42.60,253400,-1,382,420,-
5/1/2024,NCBA Bank Ltd Ord 5.00,-,6500,0,-,,
5/1/2024,KCB Group Ltd Ord 1.00,-,56300,0,-,,
5/1/2024,The Co-operative Bank of Kenya Ltd Ord 1.00,-,472700,36,0,-,
5/1/2024,Absa Bank Kenya Plc Ord 0.50,-,127800,29,320,-,
5/1/2024,Equity Group Holdings Ltd Ord 0.50,-,253400,-1,382,420,-
4/30/2024,The Co-operative Bank of Kenya Ltd Ord 1.00,KES 12.45,12.45,0,-11.39%,,
4/30/2024,KCB Group Ltd Ord 1.00,KES 29.95,29.95,83,369,920,0.00%
4/30/2024,NCBA Bank Ltd Ord 5.00,KES 44.30,44.3,0,1.03%,,
4/30/2024,Absa Bank Kenya Plc Ord 0.50,KES 13.75,13.75,0,1.85%,,
4/30/2024,Equity Group Holdings Ltd Ord 0.50,KES 42.55,42.55,101,855,-0.58%,
4/29/2024,The Co-operative Bank of Kenya Ltd Ord 1.00,KES 14.05,408200,0,-,,
4/29/2024,KCB Group Ltd Ord 1.00,KES 29.95,3114900,59,850,0,-
4/29/2024,NCBA Bank Ltd Ord 5.00,KES 43.85,23700,0,-,,
4/29/2024,Equity Group Holdings Ltd Ord 0.50,KES 42.80,614900,-12,906,555,-
4/29/2024,Absa Bank Kenya Plc Ord 0.50,KES 13.50,320000,766,400,-,
4/28/2024,NCBA Bank Ltd Ord 5.00,-,23700,0,-,,
4/28/2024,KCB Group Ltd Ord 1.00,-,3114900,59,850,0,-
4/28/2024,The Co-operative Bank of Kenya Ltd Ord 1.00,-,408200,0,-,,
4/28/2024,Absa Bank Kenya Plc Ord 0.50,-,320000,766,400,-,
4/28/2024,Equity Group Holdings Ltd Ord 0.50,-,614900,-12,906,555,-
4/26/2024,NCBA Bank Ltd Ord 5.00,KES 44.05,120400,0,0.11%,,
4/26/2024,KCB Group Ltd Ord 1.00,KES 30.15,5861100,154,773,405,0.50%
4/26/2024,Equity Group Holdings Ltd Ord 0.50,KES 43.05,720100,1,122,300,2.50%
4/26/2024,The Co-operative Bank of Kenya Ltd Ord 1.00,KES 14.00,4956000,840,0,0.00%,
4/26/2024,Absa Bank Kenya Plc Ord 0.50,KES 13.35,69000,0,0.38%,,
4/25/2024,NCBA Bank Ltd Ord 5.00,KES 44.00,5500,0,-0.45%,,
4/25/2024,KCB Group Ltd Ord 1.00,KES 30.00,1700600,26,120,975,0.00%
4/25/2024,The Co-operative Bank of Kenya Ltd Ord 1.00,KES 14.00,503000,0,0.36%,,
4/25/2024,Absa Bank Kenya Plc Ord 0.50,KES 13.30,1273000,0,0.38%,,
4/25/2024,Equity Group Holdings Ltd Ord 0.50,KES 42.00,735000,13,909,245,2.31%
4/24/2024,KCB Group Ltd Ord 1.00,KES 30.00,11784500,334,459,560,0.67%
4/24/2024,NCBA Bank Ltd Ord 5.00,KES 44.20,3200,0,0.34%,,
4/24/2024,The Co-operative Bank of Kenya Ltd Ord 1.00,KES 13.95,248500,-3,165,715,0.00%
4/24/2024,Absa Bank Kenya Plc Ord 0.50,KES 13.25,76800,-48,600,4.74%,
4/24/2024,Equity Group Holdings Ltd Ord 0.50,KES 41.05,320400,-5,48,805,-1.79%
4/23/2024,The Co-operative Bank of Kenya Ltd Ord 1.00,KES 13.95,401300,140,0,1.45%,
4/23/2024,KCB Group Ltd Ord 1.00,KES 29.80,1471600,38,46,585,5.30%
4/23/2024,NCBA Bank Ltd Ord 5.00,KES 44.05,8700,0,-1.34%,,
4/23/2024,Equity Group Holdings Ltd Ord 0.50,KES 41.80,147400,84,0,-0.59%,
4/23/2024,Absa Bank Kenya Plc Ord 0.50,KES 12.65,433800,504,0,-1.17%,
4/22/2024,The Co-operative Bank of Kenya Ltd Ord 1.00,KES 13.75,129600,0,-,,
4/22/2024,NCBA Bank Ltd Ord 5.00,KES 44.65,36000,0,-,,
4/22/2024,KCB Group Ltd Ord 1.00,KES 28.30,46200,30,800,-,
4/22/2024,Equity Group Holdings Ltd Ord 0.50,KES 42.05,68800,-808,950,-,
4/22/2024,Absa Bank Kenya Plc Ord 0.50,KES 12.80,140700,-1,653,760,-
4/21/2024,NCBA Bank Ltd Ord 5.00,-,36000,0,-,,
4/21/2024,KCB Group Ltd Ord 1.00,-,46200,30,800,-,
4/21/2024,The Co-operative Bank of Kenya Ltd Ord 1.00,-,129600,0,-,,
4/21/2024,Absa Bank Kenya Plc Ord 0.50,-,140700,-1,653,760,-
4/21/2024,Equity Group Holdings Ltd Ord 0.50,-,68800,-808,950,-,
4/19/2024,KCB Group Ltd Ord 1.00,KES 27.95,1620800,33,569,855,2.95%
4/19/2024,NCBA Bank Ltd Ord 5.00,KES 44.90,138500,0,-0.22%,,
4/19/2024,The Co-operative Bank of Kenya Ltd Ord 1.00,KES 13.55,111800,0,0.37%,,
4/19/2024,Absa Bank Kenya Plc Ord 0.50,KES 12.80,1407600,-492,800,-1.54%,
4/19/2024,Equity Group Holdings Ltd Ord 0.50,KES 42.10,976300,-3,698,950,-5.18%
4/18/2024,KCB Group Ltd Ord 1.00,KES 27.15,2857100,55,239,885,0.56%
4/18/2024,NCBA Bank Ltd Ord 5.00,KES 45.00,35300,0,0.78%,,
4/18/2024,The Co-operative Bank of Kenya Ltd Ord 1.00,KES 13.50,462000,135,0,-2.53%,
4/18/2024,Absa Bank Kenya Plc Ord 0.50,KES 13.00,1487700,-8,807,500,-1.52%
4/18/2024,Equity Group Holdings Ltd Ord 0.50,KES 44.40,928500,-6,624,870,-0.34%
4/17/2024,KCB Group Ltd Ord 1.00,KES 27.00,1601800,10,32,425,-3.05%
4/17/2024,NCBA Bank Ltd Ord 5.00,KES 44.65,174600,0,1.94%,,
4/17/2024,Equity Group Holdings Ltd Ord 0.50,KES 44.55,82700,-2,414,60,-1.00%
4/17/2024,The Co-operative Bank of Kenya Ltd Ord 1.00,KES 13.85,143300,0,-0.72%,,
4/17/2024,Absa Bank Kenya Plc Ord 0.50,KES 13.20,162400,0,-1.86%,,
4/16/2024,The Co-operative Bank of Kenya Ltd Ord 1.00,KES 13.95,181500,0,-0.36%,,
4/16/2024,NCBA Bank Ltd Ord 5.00,KES 43.80,103900,21,525,0.46%,
4/16/2024,KCB Group Ltd Ord 1.00,KES 27.85,847500,574,515,-3.80%,
4/16/2024,Equity Group Holdings Ltd Ord 0.50,KES 45.00,867100,-1,989,530,-3.74%
4/16/2024,Absa Bank Kenya Plc Ord 0.50,KES 13.45,684600,0,-0.37%,,
4/15/2024,The Co-operative Bank of Kenya Ltd Ord 1.00,KES 14.00,297500,0,-,,
4/15/2024,KCB Group Ltd Ord 1.00,KES 28.95,3397700,52,629,655,-
4/15/2024,NCBA Bank Ltd Ord 5.00,KES 43.60,46400,0,-,,
4/15/2024,Absa Bank Kenya Plc Ord 0.50,KES 13.50,199100,0,-,,
4/15/2024,Equity Group Holdings Ltd Ord 0.50,KES 46.75,660300,-478,560,-,
4/14/2024,NCBA Bank Ltd Ord 5.00,-,46400,0,-,,
4/14/2024,KCB Group Ltd Ord 1.00,-,3397700,52,629,655,-
4/14/2024,The Co-operative Bank of Kenya Ltd Ord 1.00,-,297500,0,-,,
4/14/2024,Absa Bank Kenya Plc Ord 0.50,-,199100,0,-,,
4/14/2024,Equity Group Holdings Ltd Ord 0.50,-,660300,-478,560,-,
4/12/2024,The Co-operative Bank of Kenya Ltd Ord 1.00,KES 14.20,341800,-136,800,-1.39%,
4/12/2024,KCB Group Ltd Ord 1.00,KES 30.05,3708400,87,790,920,-0.83%
4/12/2024,NCBA Bank Ltd Ord 5.00,KES 44.50,376100,0,0.23%,,
4/12/2024,Absa Bank Kenya Plc Ord 0.50,KES 13.55,296800,31,250,1.88%,
4/12/2024,Equity Group Holdings Ltd Ord 0.50,KES 46.45,79800,1,164,680,-1.06%
4/11/2024,The Co-operative Bank of Kenya Ltd Ord 1.00,KES 14.40,121300,0,-,,
4/11/2024,KCB Group Ltd Ord 1.00,KES 30.30,1523200,13,451,920,-
4/11/2024,NCBA Bank Ltd Ord 5.00,KES 44.40,20100,0,-,,
4/11/2024,Equity Group Holdings Ltd Ord 0.50,KES 46.95,1843400,9,105,585,-
4/11/2024,Absa Bank Kenya Plc Ord 0.50,KES 13.30,72500,1,325,-,
4/10/2024,NCBA Bank Ltd Ord 5.00,-,20100,0,-,,
4/10/2024,KCB Group Ltd Ord 1.00,-,1523200,13,451,920,-
4/10/2024,The Co-operative Bank of Kenya Ltd Ord 1.00,-,121300,0,-,,
4/10/2024,Absa Bank Kenya Plc Ord 0.50,-,72500,1,325,-,
4/10/2024,Equity Group Holdings Ltd Ord 0.50,-,1843400,9,105,585,-
4/9/2024,NCBA Bank Ltd Ord 5.00,KES 43.70,11400,0,-0.91%,,
4/9/2024,KCB Group Ltd Ord 1.00,KES 30.45,4561300,86,19,50,0.00%
4/9/2024,Equity Group Holdings Ltd Ord 0.50,KES 46.70,762200,34,975,975,-0.95%
4/9/2024,The Co-operative Bank of Kenya Ltd Ord 1.00,KES 14.25,128000,8,520,-3.39%,
4/9/2024,Absa Bank Kenya Plc Ord 0.50,KES 13.55,160700,28,340,-0.73%,
4/8/2024,The Co-operative Bank of Kenya Ltd Ord 1.00,KES 14.75,87300,0,-,,
4/8/2024,NCBA Bank Ltd Ord 5.00,KES 44.10,17400,0,-,,
4/8/2024,KCB Group Ltd Ord 1.00,KES 30.45,4027200,39,603,855,-
4/8/2024,Absa Bank Kenya Plc Ord 0.50,KES 13.65,1010000,6,296,750,-
4/8/2024,Equity Group Holdings Ltd Ord 0.50,KES 47.15,1954600,17,834,645,-
4/7/2024,NCBA Bank Ltd Ord 5.00,-,17400,0,-,,
4/7/2024,KCB Group Ltd Ord 1.00,-,4027200,39,603,855,-
4/7/2024,The Co-operative Bank of Kenya Ltd Ord 1.00,-,87300,0,-,,
4/7/2024,Absa Bank Kenya Plc Ord 0.50,-,1010000,6,296,750,-
4/7/2024,Equity Group Holdings Ltd Ord 0.50,-,1954600,17,834,645,-
4/5/2024,KCB Group Ltd Ord 1.00,KES 30.10,1973000,38,752,905,0.33%
4/5/2024,NCBA Bank Ltd Ord 5.00,KES 45.20,47000,-67,500,0.44%,
4/5/2024,The Co-operative Bank of Kenya Ltd Ord 1.00,KES 14.95,87100,-32,780,-0.33%,
4/5/2024,Absa Bank Kenya Plc Ord 0.50,KES 14.00,911100,110,970,0.72%,
4/5/2024,Equity Group Holdings Ltd Ord 0.50,KES 47.85,2507100,71,384,880,-0.31%
4/4/2024,NCBA Bank Ltd Ord 5.00,KES 45.00,10300,0,3.45%,,
4/4/2024,KCB Group Ltd Ord 1.00,KES 30.00,809800,19,625,900,0.00%
4/4/2024,The Co-operative Bank of Kenya Ltd Ord 1.00,KES 15.00,1687600,-150,0,0.67%,
4/4/2024,Equity Group Holdings Ltd Ord 0.50,KES 48.00,22728100,-234,636,0,0.10%
4/4/2024,Absa Bank Kenya Plc Ord 0.50,KES 13.90,31600,5,500,-0.71%,
4/3/2024,NCBA Bank Ltd Ord 5.00,KES 43.50,72800,0,0.35%,,
4/3/2024,KCB Group Ltd Ord 1.00,KES 30.00,728500,8,835,0,0.17%
4/3/2024,Equity Group Holdings Ltd Ord 0.50,KES 47.95,1917700,5,437,300,2.02%
4/3/2024,The Co-operative Bank of Kenya Ltd Ord 1.00,KES 14.90,135800,0,-0.33%,,
4/3/2024,Absa Bank Kenya Plc Ord 0.50,KES 14.00,87800,0,-0.36%,,
4/2/2024,NCBA Bank Ltd Ord 5.00,KES 43.35,30600,-4,380,-,
4/2/2024,KCB Group Ltd Ord 1.00,KES 29.95,560300,8,38,400,-
4/2/2024,The Co-operative Bank of Kenya Ltd Ord 1.00,KES 14.95,200500,45,150,-,
4/2/2024,Absa Bank Kenya Plc Ord 0.50,KES 14.05,100000,-98,260,-,
4/2/2024,Equity Group Holdings Ltd Ord 0.50,KES 47.00,2138300,-19,393,755,-
4/1/2024,NCBA Bank Ltd Ord 5.00,-,30600,-4,380,-,
4/1/2024,KCB Group Ltd Ord 1.00,-,560300,8,38,400,-
4/1/2024,The Co-operative Bank of Kenya Ltd Ord 1.00,-,200500,45,150,-,
4/1/2024,Equity Group Holdings Ltd Ord 0.50,-,2138300,-19,393,755,-
4/1/2024,Absa Bank Kenya Plc Ord 0.50,-,100000,-98,260,-,
3/28/2024,NCBA Bank Ltd Ord 5.00,KES 43.80,151300,-1,518,0,1.15%
3/28/2024,The Co-operative Bank of Kenya Ltd Ord 1.00,KES 15.00,875600,0,-0.33%,,
3/28/2024,KCB Group Ltd Ord 1.00,KES 30.05,2680600,39,609,660,-3.84%
3/28/2024,Absa Bank Kenya Plc Ord 0.50,KES 13.95,170600,204,875,-0.36%,
3/28/2024,Equity Group Holdings Ltd Ord 0.50,KES 47.15,1668200,-17,206,260,-4.07%
3/27/2024,The Co-operative Bank of Kenya Ltd Ord 1.00,KES 15.05,953900,0,0.00%,,
3/27/2024,KCB Group Ltd Ord 1.00,KES 31.25,6177900,147,207,580,4.87%
3/27/2024,NCBA Bank Ltd Ord 5.00,KES 43.30,136300,0,-2.81%,,
3/27/2024,Equity Group Holdings Ltd Ord 0.50,KES 49.15,4683300,1,506,230,-0.10%
3/27/2024,Absa Bank Kenya Plc Ord 0.50,KES 14.00,246200,240,800,-1.41%,
3/26/2024,NCBA Bank Ltd Ord 5.00,KES 44.55,135800,0,3.97%,,
3/26/2024,KCB Group Ltd Ord 1.00,KES 29.80,6046200,-17,814,955,9.56%
3/26/2024,Equity Group Holdings Ltd Ord 0.50,KES 49.20,631000,-8,470,385,6.15%
3/26/2024,The Co-operative Bank of Kenya Ltd Ord 1.00,KES 15.05,398000,0,1.01%,,
3/26/2024,Absa Bank Kenya Plc Ord 0.50,KES 14.20,99400,0,1.07%,,
3/25/2024,NCBA Bank Ltd Ord 5.00,KES 42.85,35400,0,-,,
3/25/2024,KCB Group Ltd Ord 1.00,KES 27.20,13607700,-26,761,290,-
3/25/2024,The Co-operative Bank of Kenya Ltd Ord 1.00,KES 14.90,727100,0,-,,
3/25/2024,Absa Bank Kenya Plc Ord 0.50,KES 14.05,1062200,0,-,,
3/25/2024,Equity Group Holdings Ltd Ord 0.50,KES 46.35,16061300,2,863,920,-
3/24/2024,NCBA Bank Ltd Ord 5.00,-,35400,0,-,,
3/24/2024,KCB Group Ltd Ord 1.00,-,13607700,-26,761,290,-
3/24/2024,The Co-operative Bank of Kenya Ltd Ord 1.00,-,727100,0,-,,
3/24/2024,Equity Group Holdings Ltd Ord 0.50,-,16061300,2,863,920,-
3/24/2024,Absa Bank Kenya Plc Ord 0.50,-,1062200,0,-,,
3/22/2024,NCBA Bank Ltd Ord 5.00,KES 41.80,12800,0,-1.88%,,
3/22/2024,KCB Group Ltd Ord 1.00,KES 25.55,5159800,11,649,405,5.80%
3/22/2024,The Co-operative Bank of Kenya Ltd Ord 1.00,KES 14.90,7910600,0,1.36%,,
3/22/2024,Absa Bank Kenya Plc Ord 0.50,KES 14.00,3542000,0,0.00%,,
3/22/2024,Equity Group Holdings Ltd Ord 0.50,KES 45.35,4921800,7,709,180,1.57%
3/21/2024,The Co-operative Bank of Kenya Ltd Ord 1.00,KES 14.70,2699500,-299,0,5.00%,
3/21/2024,KCB Group Ltd Ord 1.00,KES 24.15,14975400,11,727,400,-9.04%
3/21/2024,NCBA Bank Ltd Ord 5.00,KES 42.60,64900,0,-0.58%,,
3/21/2024,Equity Group Holdings Ltd Ord 0.50,KES 44.65,951800,7,389,875,0.45%
3/21/2024,Absa Bank Kenya Plc Ord 0.50,KES 14.00,5415100,0,0.72%,,
3/20/2024,The Co-operative Bank of Kenya Ltd Ord 1.00,KES 14.00,455500,0,0.00%,,
3/20/2024,NCBA Bank Ltd Ord 5.00,KES 42.85,52600,0,1.78%,,
3/20/2024,KCB Group Ltd Ord 1.00,KES 26.55,617400,-157,530,9.26%,
3/20/2024,Equity Group Holdings Ltd Ord 0.50,KES 44.45,4165500,-87,432,755,2.89%
3/20/2024,Absa Bank Kenya Plc Ord 0.50,KES 13.90,165000,0,-0.71%,,
3/19/2024,KCB Group Ltd Ord 1.00,KES 24.30,3797100,-20,552,220,0.83%
3/19/2024,NCBA Bank Ltd Ord 5.00,KES 42.10,9600,0,-1.06%,,
3/19/2024,The Co-operative Bank of Kenya Ltd Ord 1.00,KES 14.00,271100,0,0.00%,,
3/19/2024,Absa Bank Kenya Plc Ord 0.50,KES 14.00,1643500,48,300,1.82%,
3/19/2024,Equity Group Holdings Ltd Ord 0.50,KES 43.20,4838900,-39,65,980,0.82%
3/18/2024,NCBA Bank Ltd Ord 5.00,KES 42.55,27400,-233,750,-,
3/18/2024,KCB Group Ltd Ord 1.00,KES 24.10,1414000,-6,992,150,-
3/18/2024,The Co-operative Bank of Kenya Ltd Ord 1.00,KES 14.00,278800,0,-,,
3/18/2024,Absa Bank Kenya Plc Ord 0.50,KES 13.75,104500,20,700,-,
3/18/2024,Equity Group Holdings Ltd Ord 0.50,KES 42.85,187600,-6,229,580,-
3/17/2024,NCBA Bank Ltd Ord 5.00,-,27400,-233,750,-,
3/17/2024,KCB Group Ltd Ord 1.00,-,1414000,-6,992,150,-
3/17/2024,The Co-operative Bank of Kenya Ltd Ord 1.00,-,278800,0,-,,
3/17/2024,Equity Group Holdings Ltd Ord 0.50,-,187600,-6,229,580,-
3/17/2024,Absa Bank Kenya Plc Ord 0.50,-,104500,20,700,-,
3/15/2024,KCB Group Ltd Ord 1.00,KES 24.00,2848600,-4,347,630,4.12%
3/15/2024,NCBA Bank Ltd Ord 5.00,KES 41.55,41100,-62,250,0.73%,
3/15/2024,Equity Group Holdings Ltd Ord 0.50,KES 42.60,611300,-10,7,730,2.40%
3/15/2024,The Co-operative Bank of Kenya Ltd Ord 1.00,KES 14.05,1112000,2,520,3.69%,
3/15/2024,Absa Bank Kenya Plc Ord 0.50,KES 14.00,282000,0,1.45%,,
3/14/2024,NCBA Bank Ltd Ord 5.00,KES 41.25,1700,-37,350,3.90%,
3/14/2024,The Co-operative Bank of Kenya Ltd Ord 1.00,KES 13.55,128700,-101,250,3.83%,
3/14/2024,KCB Group Ltd Ord 1.00,KES 23.05,562700,-5,285,10,5.01%
3/14/2024,Equity Group Holdings Ltd Ord 0.50,KES 41.60,147200,1,455,500,3.48%
3/14/2024,Absa Bank Kenya Plc Ord 0.50,KES 13.80,203900,0,5.34%,,
3/13/2024,The Co-operative Bank of Kenya Ltd Ord 1.00,KES 13.05,486000,-59,400,1.56%,
3/13/2024,NCBA Bank Ltd Ord 5.00,KES 39.70,136900,-47,0,-0.75%,
3/13/2024,KCB Group Ltd Ord 1.00,KES 21.95,5424300,88,288,935,4.52%
3/13/2024,Absa Bank Kenya Plc Ord 0.50,KES 13.10,1181600,0,1.55%,,
3/13/2024,Equity Group Holdings Ltd Ord 0.50,KES 40.20,628100,22,435,720,0.50%
3/12/2024,The Co-operative Bank of Kenya Ltd Ord 1.00,KES 12.85,396500,0,0.00%,,
3/12/2024,KCB Group Ltd Ord 1.00,KES 21.00,6718700,-336,0,0.48%,
3/12/2024,NCBA Bank Ltd Ord 5.00,KES 40.00,23300,0,1.78%,,
3/12/2024,Absa Bank Kenya Plc Ord 0.50,KES 12.90,78700,194,750,-0.77%,
3/12/2024,Equity Group Holdings Ltd Ord 0.50,KES 40.00,7854200,2,440,315,0.00%
3/11/2024,The Co-operative Bank of Kenya Ltd Ord 1.00,KES 12.85,396500,0,-,,
3/11/2024,KCB Group Ltd Ord 1.00,KES 20.90,6718700,-3,327,280,-
3/11/2024,NCBA Bank Ltd Ord 5.00,KES 39.30,23300,0,-,,
3/11/2024,Equity Group Holdings Ltd Ord 0.50,KES 40.00,7854200,-49,996,680,-
3/11/2024,Absa Bank Kenya Plc Ord 0.50,KES 13.00,78700,0,-,,
3/10/2024,NCBA Bank Ltd Ord 5.00,-,-,0,-,,
3/10/2024,KCB Group Ltd Ord 1.00,-,-,-3,327,280,-
3/10/2024,The Co-operative Bank of Kenya Ltd Ord 1.00,-,-,0,-,,
3/10/2024,Equity Group Holdings Ltd Ord 0.50,-,-,-49,996,680,-
3/10/2024,Absa Bank Kenya Plc Ord 0.50,-,-,0,-,,
3/8/2024,NCBA Bank Ltd Ord 5.00,KES 39.70,5700,0,-0.63%,,
3/8/2024,KCB Group Ltd Ord 1.00,KES 20.70,525300,-7,898,355,-0.24%
3/8/2024,Equity Group Holdings Ltd Ord 0.50,KES 40.00,1730800,-12,4,0,-0.12%
3/8/2024,The Co-operative Bank of Kenya Ltd Ord 1.00,KES 12.65,72400,0,-0.39%,,
3/8/2024,Absa Bank Kenya Plc Ord 0.50,KES 12.95,195700,0,0.39%,,
3/7/2024,NCBA Bank Ltd Ord 5.00,KES 39.95,18900,-200,0,4.58%,
3/7/2024,The Co-operative Bank of Kenya Ltd Ord 1.00,KES 12.70,1039600,0,-0.78%,,
3/7/2024,KCB Group Ltd Ord 1.00,KES 20.75,74800,-751,875,-1.43%,
3/7/2024,Absa Bank Kenya Plc Ord 0.50,KES 12.90,36000,0,0.00%,,
3/7/2024,Equity Group Holdings Ltd Ord 0.50,KES 40.05,164200,-6,288,0,0.12%
3/6/2024,NCBA Bank Ltd Ord 5.00,KES 38.20,44100,0,0.39%,,
3/6/2024,KCB Group Ltd Ord 1.00,KES 21.05,289500,-4,526,440,-1.86%
3/6/2024,The Co-operative Bank of Kenya Ltd Ord 1.00,KES 12.80,819500,0,-1.54%,,
3/6/2024,Absa Bank Kenya Plc Ord 0.50,KES 12.90,42400,1,290,-0.39%,
3/6/2024,Equity Group Holdings Ltd Ord 0.50,KES 40.00,792800,-18,773,200,-0.12%
3/5/2024,KCB Group Ltd Ord 1.00,KES 21.45,223200,-785,135,-0.23%,
3/5/2024,The Co-operative Bank of Kenya Ltd Ord 1.00,KES 13.00,82600,0,-0.38%,,
3/5/2024,NCBA Bank Ltd Ord 5.00,KES 38.05,51200,0,-2.69%,,
3/5/2024,Equity Group Holdings Ltd Ord 0.50,KES 40.05,474200,112,500,0.00%,
3/5/2024,Absa Bank Kenya Plc Ord 0.50,KES 12.95,230300,0,0.78%,,
3/4/2024,NCBA Bank Ltd Ord 5.00,KES 39.10,35300,0,-,,
3/4/2024,KCB Group Ltd Ord 1.00,KES 21.50,146600,-369,845,-,
3/4/2024,The Co-operative Bank of Kenya Ltd Ord 1.00,KES 13.05,71600,0,-,,
3/4/2024,Equity Group Holdings Ltd Ord 0.50,KES 40.05,417100,-56,0,-,
3/4/2024,Absa Bank Kenya Plc Ord 0.50,KES 12.85,41000,-87,505,-,
3/3/2024,NCBA Bank Ltd Ord 5.00,-,35300,0,-,,
3/3/2024,KCB Group Ltd Ord 1.00,-,146600,-369,845,-,
3/3/2024,The Co-operative Bank of Kenya Ltd Ord 1.00,-,71600,0,-,,
3/3/2024,Equity Group Holdings Ltd Ord 0.50,-,417100,-56,0,-,
3/3/2024,Absa Bank Kenya Plc Ord 0.50,-,41000,-87,505,-,
3/1/2024,NCBA Bank Ltd Ord 5.00,KES 39.10,120300,0,-0.13%,,
3/1/2024,KCB Group Ltd Ord 1.00,KES 21.20,121500,-1,394,590,2.42%
3/1/2024,The Co-operative Bank of Kenya Ltd Ord 1.00,KES 13.05,2737800,0,0.38%,,
3/1/2024,Absa Bank Kenya Plc Ord 0.50,KES 12.95,586200,0,0.78%,,
3/1/2024,Equity Group Holdings Ltd Ord 0.50,KES 40.00,4580800,-95,800,0,-1.11%
2/29/2024,The Co-operative Bank of Kenya Ltd Ord 1.00,KES 13.00,295800,0,0.00%,,
2/29/2024,KCB Group Ltd Ord 1.00,KES 20.70,978100,-8,607,310,0.98%
2/29/2024,NCBA Bank Ltd Ord 5.00,KES 39.15,6700,0,0.00%,,
2/29/2024,Absa Bank Kenya Plc Ord 0.50,KES 12.85,503100,0,1.98%,,
2/29/2024,Equity Group Holdings Ltd Ord 0.50,KES 40.45,29100,4,60,1.13%,
2/28/2024,The Co-operative Bank of Kenya Ltd Ord 1.00,KES 13.00,598400,0,0.00%,,
2/28/2024,NCBA Bank Ltd Ord 5.00,KES 39.15,82800,0,1.69%,,
2/28/2024,KCB Group Ltd Ord 1.00,KES 20.50,4734400,-31,875,955,0.74%
2/28/2024,Equity Group Holdings Ltd Ord 0.50,KES 40.00,2993500,-18,494,465,0.38%
2/28/2024,Absa Bank Kenya Plc Ord 0.50,KES 12.60,160200,1,260,0.40%,
2/27/2024,NCBA Bank Ltd Ord 5.00,KES 38.50,39900,-4,0,-0.52%,
2/27/2024,KCB Group Ltd Ord 1.00,KES 20.35,3969400,-54,612,590,-0.25%
2/27/2024,Equity Group Holdings Ltd Ord 0.50,KES 39.85,3559900,-25,878,420,-1.36%
2/27/2024,The Co-operative Bank of Kenya Ltd Ord 1.00,KES 13.00,1010600,-104,0,0.78%,
2/27/2024,Absa Bank Kenya Plc Ord 0.50,KES 12.55,48700,0,0.40%,,
2/26/2024,KCB Group Ltd Ord 1.00,KES 20.40,1264500,-18,676,400,-
2/26/2024,NCBA Bank Ltd Ord 5.00,KES 38.70,22400,0,-,,
2/26/2024,The Co-operative Bank of Kenya Ltd Ord 1.00,KES 12.90,241700,0,-,,
2/26/2024,Absa Bank Kenya Plc Ord 0.50,KES 12.50,75000,0,-,,
2/26/2024,Equity Group Holdings Ltd Ord 0.50,KES 40.40,817300,1,273,920,-
2/25/2024,NCBA Bank Ltd Ord 5.00,-,22400,0,-,,
2/25/2024,KCB Group Ltd Ord 1.00,-,1264500,-18,676,400,-
2/25/2024,The Co-operative Bank of Kenya Ltd Ord 1.00,-,241700,0,-,,
2/25/2024,Equity Group Holdings Ltd Ord 0.50,-,817300,1,273,920,-
2/25/2024,Absa Bank Kenya Plc Ord 0.50,-,75000,0,-,,
2/23/2024,KCB Group Ltd Ord 1.00,KES 20.50,1517900,-944,790,1.74%,
2/23/2024,NCBA Bank Ltd Ord 5.00,KES 37.60,20600,26,950,0.40%,
2/23/2024,The Co-operative Bank of Kenya Ltd Ord 1.00,KES 12.90,328300,0,0.39%,,
2/23/2024,Absa Bank Kenya Plc Ord 0.50,KES 12.25,154300,0,0.41%,,
2/23/2024,Equity Group Holdings Ltd Ord 0.50,KES 41.00,11021400,-25,602,350,0.37%
2/22/2024,The Co-operative Bank of Kenya Ltd Ord 1.00,KES 12.85,63600,0,4.05%,,
2/22/2024,KCB Group Ltd Ord 1.00,KES 20.15,1569400,10,455,150,0.50%
2/22/2024,NCBA Bank Ltd Ord 5.00,KES 37.45,46400,0,0.40%,,
2/22/2024,Equity Group Holdings Ltd Ord 0.50,KES 40.85,1498600,9,1,275,5.28%
2/22/2024,Absa Bank Kenya Plc Ord 0.50,KES 12.20,665100,0,-2.01%,,
2/21/2024,The Co-operative Bank of Kenya Ltd Ord 1.00,KES 12.35,1011100,0,2.49%,,
2/21/2024,NCBA Bank Ltd Ord 5.00,KES 37.30,6600,0,-0.13%,,
2/21/2024,KCB Group Ltd Ord 1.00,KES 20.05,1927700,-4,898,40,-0.25%
2/21/2024,Equity Group Holdings Ltd Ord 0.50,KES 38.80,1940500,-38,436,890,0.65%
2/21/2024,Absa Bank Kenya Plc Ord 0.50,KES 12.45,24800,0,-0.40%,,
2/20/2024,NCBA Bank Ltd Ord 5.00,KES 37.35,29500,0,1.91%,,
2/20/2024,KCB Group Ltd Ord 1.00,KES 20.10,1928400,-2,919,270,0.00%
2/20/2024,The Co-operative Bank of Kenya Ltd Ord 1.00,KES 12.05,183000,0,0.00%,,
2/20/2024,Absa Bank Kenya Plc Ord 0.50,KES 12.50,15900,86,800,2.46%,
2/20/2024,Equity Group Holdings Ltd Ord 0.50,KES 38.55,30600,0,0.52%,,
2/19/2024,KCB Group Ltd Ord 1.00,KES 20.10,123000,-1,365,650,-
2/19/2024,The Co-operative Bank of Kenya Ltd Ord 1.00,KES 12.05,149800,0,-,,
2/19/2024,NCBA Bank Ltd Ord 5.00,KES 36.65,16900,185,130,-,
2/19/2024,Absa Bank Kenya Plc Ord 0.50,KES 12.20,427400,-478,240,-,
2/19/2024,Equity Group Holdings Ltd Ord 0.50,KES 38.35,884000,16,284,440,-
2/18/2024,NCBA Bank Ltd Ord 5.00,-,16900,185,130,-,
2/18/2024,KCB Group Ltd Ord 1.00,-,123000,-1,365,650,-
2/18/2024,The Co-operative Bank of Kenya Ltd Ord 1.00,-,149800,0,-,,
2/18/2024,Equity Group Holdings Ltd Ord 0.50,-,884000,16,284,440,-
2/18/2024,Absa Bank Kenya Plc Ord 0.50,-,427400,-478,240,-,
2/16/2024,KCB Group Ltd Ord 1.00,KES 19.85,60900,-407,500,4.47%,
2/16/2024,NCBA Bank Ltd Ord 5.00,KES 36.30,14500,0,-3.46%,,
2/16/2024,Equity Group Holdings Ltd Ord 0.50,KES 37.95,189300,-332,525,0.40%,
2/16/2024,The Co-operative Bank of Kenya Ltd Ord 1.00,KES 12.10,209800,0,0.41%,,
2/16/2024,Absa Bank Kenya Plc Ord 0.50,KES 12.10,26100,-3,660,-1.22%,
2/15/2024,NCBA Bank Ltd Ord 5.00,KES 37.60,11700,0,-0.13%,,
2/15/2024,The Co-operative Bank of Kenya Ltd Ord 1.00,KES 12.05,201400,0,0.00%,,
2/15/2024,KCB Group Ltd Ord 1.00,KES 19.00,393100,-2,111,860,0.00%
2/15/2024,Equity Group Holdings Ltd Ord 0.50,KES 37.80,717000,-2,370,535,0.53%
2/15/2024,Absa Bank Kenya Plc Ord 0.50,KES 12.25,1006000,-215,940,1.24%,
2/14/2024,The Co-operative Bank of Kenya Ltd Ord 1.00,KES 12.05,198900,3,640,-0.41%,
2/14/2024,NCBA Bank Ltd Ord 5.00,KES 37.65,18500,0,-1.18%,,
2/14/2024,KCB Group Ltd Ord 1.00,KES 19.00,234200,950,980,-0.26%,
2/14/2024,Absa Bank Kenya Plc Ord 0.50,KES 12.10,56600,0,0.41%,,
2/14/2024,Equity Group Holdings Ltd Ord 0.50,KES 37.60,707200,-21,984,125,0.27%
2/13/2024,The Co-operative Bank of Kenya Ltd Ord 1.00,KES 12.10,268100,45,980,-1.22%,
2/13/2024,KCB Group Ltd Ord 1.00,KES 19.05,348300,-548,610,-0.78%,
2/13/2024,NCBA Bank Ltd Ord 5.00,KES 38.10,2200,7,600,2.28%,
2/13/2024,Absa Bank Kenya Plc Ord 0.50,KES 12.05,32800,-43,920,0.42%,
2/13/2024,Equity Group Holdings Ltd Ord 0.50,KES 37.50,2521100,-74,812,500,0.00%
2/12/2024,NCBA Bank Ltd Ord 5.00,KES 37.25,11700,0,-,,
2/12/2024,KCB Group Ltd Ord 1.00,KES 19.20,265500,-3,196,550,-
2/12/2024,Equity Group Holdings Ltd Ord 0.50,KES 37.50,18900,0,-,,
2/12/2024,The Co-operative Bank of Kenya Ltd Ord 1.00,KES 12.25,82300,0,-,,
2/12/2024,Absa Bank Kenya Plc Ord 0.50,KES 12.00,69900,0,-,,
2/11/2024,NCBA Bank Ltd Ord 5.00,-,11700,0,-,,
2/11/2024,KCB Group Ltd Ord 1.00,-,265500,-3,196,550,-
2/11/2024,The Co-operative Bank of Kenya Ltd Ord 1.00,-,82300,0,-,,
2/11/2024,Equity Group Holdings Ltd Ord 0.50,-,18900,0,-,,
2/11/2024,Absa Bank Kenya Plc Ord 0.50,-,69900,0,-,,
2/9/2024,NCBA Bank Ltd Ord 5.00,KES 37.60,2800,0,-2.34%,,
2/9/2024,The Co-operative Bank of Kenya Ltd Ord 1.00,KES 12.20,187900,0,0.83%,,
2/9/2024,KCB Group Ltd Ord 1.00,KES 19.95,70000,-371,20,-0.99%,
2/9/2024,Equity Group Holdings Ltd Ord 0.50,KES 37.45,25200,4,70,0.67%,
2/9/2024,Absa Bank Kenya Plc Ord 0.50,KES 12.05,872700,9,720,-0.82%,
2/8/2024,The Co-operative Bank of Kenya Ltd Ord 1.00,KES 12.10,133400,0,0.83%,,
2/8/2024,KCB Group Ltd Ord 1.00,KES 20.15,195600,-3,80,150,-1.47%
2/8/2024,NCBA Bank Ltd Ord 5.00,KES 38.50,8300,0,-0.13%,,
2/8/2024,Absa Bank Kenya Plc Ord 0.50,KES 12.15,28900,0,0.41%,,
2/8/2024,Equity Group Holdings Ltd Ord 0.50,KES 37.20,454300,-2,390,115,-2.62%
2/7/2024,The Co-operative Bank of Kenya Ltd Ord 1.00,KES 12.00,55000,0,0.00%,,
2/7/2024,KCB Group Ltd Ord 1.00,KES 20.45,80100,0,1.24%,,
2/7/2024,NCBA Bank Ltd Ord 5.00,KES 38.55,1400,0,1.31%,,
2/7/2024,Absa Bank Kenya Plc Ord 0.50,KES 12.10,35500,0,0.83%,,
2/7/2024,Equity Group Holdings Ltd Ord 0.50,KES 38.20,1024300,-964,125,-0.13%,
2/6/2024,The Co-operative Bank of Kenya Ltd Ord 1.00,KES 12.00,675700,0,-0.41%,,
2/6/2024,KCB Group Ltd Ord 1.00,KES 20.20,320400,-2,678,350,-0.98%
2/6/2024,NCBA Bank Ltd Ord 5.00,KES 38.05,25300,0,0.00%,,
2/6/2024,Equity Group Holdings Ltd Ord 0.50,KES 38.25,4523400,-16,116,220,0.13%
2/6/2024,Absa Bank Kenya Plc Ord 0.50,KES 12.00,1270100,48,0,-0.83%,
2/5/2024,NCBA Bank Ltd Ord 5.00,KES 38.05,18500,0,-,,
2/5/2024,KCB Group Ltd Ord 1.00,KES 20.40,304300,-1,360,690,-
2/5/2024,Equity Group Holdings Ltd Ord 0.50,KES 38.20,4977400,38,424,625,-
2/5/2024,The Co-operative Bank of Kenya Ltd Ord 1.00,KES 12.05,122700,0,-,,
2/5/2024,Absa Bank Kenya Plc Ord 0.50,KES 12.10,52000,0,-,,
2/4/2024,NCBA Bank Ltd Ord 5.00,-,18500,0,-,,
2/4/2024,KCB Group Ltd Ord 1.00,-,304300,-1,360,690,-
2/4/2024,The Co-operative Bank of Kenya Ltd Ord 1.00,-,122700,0,-,,
2/4/2024,Equity Group Holdings Ltd Ord 0.50,-,4977400,38,424,625,-
2/4/2024,Absa Bank Kenya Plc Ord 0.50,-,52000,0,-,,
2/2/2024,Equity Group Holdings Ltd Ord 0.50,KES 38.15,275200,3,562,25,1.19%
2/2/2024,KCB Group Ltd Ord 1.00,KES 20.40,299700,811,20,2.26%,
2/2/2024,NCBA Bank Ltd Ord 5.00,KES 37.70,14300,0,0.53%,,
2/2/2024,The Co-operative Bank of Kenya Ltd Ord 1.00,KES 12.00,129600,48,400,-0.83%,
2/2/2024,Absa Bank Kenya Plc Ord 0.50,KES 11.85,48200,0,0.42%,,
2/1/2024,The Co-operative Bank of Kenya Ltd Ord 1.00,KES 12.10,137300,0,0.00%,,
2/1/2024,KCB Group Ltd Ord 1.00,KES 19.95,564300,-1,500,975,-0.75%
2/1/2024,NCBA Bank Ltd Ord 5.00,KES 37.50,47100,210,0,-0.27%,
2/1/2024,Absa Bank Kenya Plc Ord 0.50,KES 11.80,117600,0,0.85%,,
2/1/2024,Equity Group Holdings Ltd Ord 0.50,KES 37.70,451900,15,874,910,-0.79%
1/31/2024,Equity Group Holdings Ltd Ord 0.50,KES 38.00,791300,-5,661,885,0.13%
1/31/2024,The Co-operative Bank of Kenya Ltd Ord 1.00,KES 12.10,98800,0,1.26%,,
1/31/2024,KCB Group Ltd Ord 1.00,KES 20.10,436500,0,0.50%,,
1/31/2024,NCBA Bank Ltd Ord 5.00,KES 37.60,20200,0,0.94%,,
1/31/2024,Absa Bank Kenya Plc Ord 0.50,KES 11.70,155600,1,170,0.43%,
1/30/2024,The Co-operative Bank of Kenya Ltd Ord 1.00,KES 11.95,153900,0,0.42%,,
1/30/2024,NCBA Bank Ltd Ord 5.00,KES 37.25,5800,167,625,-1.06%,
1/30/2024,KCB Group Ltd Ord 1.00,KES 20.00,2885300,25,432,735,-0.25%
1/30/2024,Absa Bank Kenya Plc Ord 0.50,KES 11.65,81700,0,0.00%,,
1/30/2024,Equity Group Holdings Ltd Ord 0.50,KES 37.95,1714300,-13,848,750,1.20%
1/29/2024,Equity Group Holdings Ltd Ord 0.50,KES 37.50,2530300,236,720,-,
1/29/2024,NCBA Bank Ltd Ord 5.00,KES 37.65,10100,0,-,,
1/29/2024,KCB Group Ltd Ord 1.00,KES 20.05,95200,0,-,,
1/29/2024,The Co-operative Bank of Kenya Ltd Ord 1.00,KES 11.90,87400,0,-,,
1/29/2024,Absa Bank Kenya Plc Ord 0.50,KES 11.65,64400,0,-,,
1/28/2024,NCBA Bank Ltd Ord 5.00,-,10100,0,-,,
1/28/2024,KCB Group Ltd Ord 1.00,-,95200,0,-,,
1/28/2024,The Co-operative Bank of Kenya Ltd Ord 1.00,-,87400,0,-,,
1/28/2024,Equity Group Holdings Ltd Ord 0.50,-,2530300,236,720,-,
1/28/2024,Absa Bank Kenya Plc Ord 0.50,-,64400,0,-,,
1/26/2024,NCBA Bank Ltd Ord 5.00,KES 37.15,2800,-52,500,-1.33%,
1/26/2024,KCB Group Ltd Ord 1.00,KES 20.40,46200,-358,750,-0.49%,
1/26/2024,Equity Group Holdings Ltd Ord 0.50,KES 37.10,162200,4,341,550,0.54%
1/26/2024,The Co-operative Bank of Kenya Ltd Ord 1.00,KES 12.00,117200,-745,200,0.42%,
1/26/2024,Absa Bank Kenya Plc Ord 0.50,KES 11.65,460800,23,0,0.87%,
1/25/2024,The Co-operative Bank of Kenya Ltd Ord 1.00,KES 11.95,128100,0,4.82%,,
1/25/2024,KCB Group Ltd Ord 1.00,KES 20.50,161000,-2,274,195,-2.15%
1/25/2024,Equity Group Holdings Ltd Ord 0.50,KES 36.90,1542200,1,483,890,0.00%
1/25/2024,NCBA Bank Ltd Ord 5.00,KES 37.65,1600,0,0.27%,,
1/25/2024,Absa Bank Kenya Plc Ord 0.50,KES 11.55,87700,-39,810,0.00%,
1/24/2024,The Co-operative Bank of Kenya Ltd Ord 1.00,KES 11.40,129500,0,0.88%,,
1/24/2024,NCBA Bank Ltd Ord 5.00,KES 37.55,24400,0,-0.40%,,
1/24/2024,KCB Group Ltd Ord 1.00,KES 20.95,39700,0,-0.48%,,
1/24/2024,Equity Group Holdings Ltd Ord 0.50,KES 36.90,3823700,-14,360,940,1.10%
1/24/2024,Absa Bank Kenya Plc Ord 0.50,KES 11.55,44000,0,0.00%,,
1/23/2024,The Co-operative Bank of Kenya Ltd Ord 1.00,KES 11.30,354400,0,-0.44%,,
1/23/2024,KCB Group Ltd Ord 1.00,KES 21.05,131100,-280,865,-2.55%,
1/23/2024,Equity Group Holdings Ltd Ord 0.50,KES 36.50,688500,4,332,635,0.14%
1/23/2024,NCBA Bank Ltd Ord 5.00,KES 37.70,1700,0,-0.66%,,
1/23/2024,Absa Bank Kenya Plc Ord 0.50,KES 11.55,36000,0,0.00%,,
1/22/2024,NCBA Bank Ltd Ord 5.00,KES 37.95,4100,0,-,,
1/22/2024,Equity Group Holdings Ltd Ord 0.50,KES 36.45,57200,252,0,-,
1/22/2024,The Co-operative Bank of Kenya Ltd Ord 1.00,KES 11.35,328600,226,0,-,
1/22/2024,KCB Group Ltd Ord 1.00,KES 21.60,2778200,58,390,620,-
1/22/2024,Absa Bank Kenya Plc Ord 0.50,KES 11.55,146400,0,-,,
1/21/2024,NCBA Bank Ltd Ord 5.00,-,4100,0,-,,
1/21/2024,KCB Group Ltd Ord 1.00,-,2778200,58,390,620,-
1/21/2024,The Co-operative Bank of Kenya Ltd Ord 1.00,-,328600,226,0,-,
1/21/2024,Equity Group Holdings Ltd Ord 0.50,-,57200,252,0,-,
1/21/2024,Absa Bank Kenya Plc Ord 0.50,-,146400,0,-,,
1/19/2024,KCB Group Ltd Ord 1.00,KES 21.70,881100,18,494,830,1.40%
1/19/2024,NCBA Bank Ltd Ord 5.00,KES 38.00,2000,-41,800,0.93%,
1/19/2024,The Co-operative Bank of Kenya Ltd Ord 1.00,KES 11.35,175600,124,350,0.00%,
1/19/2024,Equity Group Holdings Ltd Ord 0.50,KES 36.50,832700,-65,700,0.00%,
1/19/2024,Absa Bank Kenya Plc Ord 0.50,KES 11.50,134000,0,-0.86%,,
1/18/2024,KCB Group Ltd Ord 1.00,KES 21.40,54600,0,1.18%,,
1/18/2024,The Co-operative Bank of Kenya Ltd Ord 1.00,KES 11.35,68700,0,0.44%,,
1/18/2024,NCBA Bank Ltd Ord 5.00,KES 37.65,4300,0,2.87%,,
1/18/2024,Equity Group Holdings Ltd Ord 0.50,KES 36.50,384100,12,687,270,1.39%
1/18/2024,Absa Bank Kenya Plc Ord 0.50,KES 11.60,34700,0,0.87%,,
1/17/2024,The Co-operative Bank of Kenya Ltd Ord 1.00,KES 11.30,85600,0,0.89%,,
1/17/2024,NCBA Bank Ltd Ord 5.00,KES 36.60,28400,0,-2.53%,,
1/17/2024,KCB Group Ltd Ord 1.00,KES 21.15,186300,31,500,-1.63%,
1/17/2024,Equity Group Holdings Ltd Ord 0.50,KES 36.00,2203600,3,206,240,0.00%
1/17/2024,Absa Bank Kenya Plc Ord 0.50,KES 11.50,55600,0,1.77%,,
1/16/2024,The Co-operative Bank of Kenya Ltd Ord 1.00,KES 11.20,815200,-5,975,460,-0.88%
1/16/2024,KCB Group Ltd Ord 1.00,KES 21.50,1200300,-4,343,545,-2.05%
1/16/2024,NCBA Bank Ltd Ord 5.00,KES 37.55,8700,0,-0.13%,,
1/16/2024,Equity Group Holdings Ltd Ord 0.50,KES 36.00,891400,-30,441,500,1.27%
1/16/2024,Absa Bank Kenya Plc Ord 0.50,KES 11.30,647600,-753,710,-0.88%,
1/15/2024,The Co-operative Bank of Kenya Ltd Ord 1.00,KES 11.30,56400,-151,875,-,
1/15/2024,KCB Group Ltd Ord 1.00,KES 21.95,57900,-6,555,-,
1/15/2024,NCBA Bank Ltd Ord 5.00,KES 37.60,37500,0,-,,
1/15/2024,Equity Group Holdings Ltd Ord 0.50,KES 35.55,38800,24,920,-,
1/15/2024,Absa Bank Kenya Plc Ord 0.50,KES 11.40,19800,0,-,,
1/14/2024,NCBA Bank Ltd Ord 5.00,-,37500,0,-,,
1/14/2024,KCB Group Ltd Ord 1.00,-,57900,-6,555,-,
1/14/2024,The Co-operative Bank of Kenya Ltd Ord 1.00,-,56400,-151,875,-,
1/14/2024,Equity Group Holdings Ltd Ord 0.50,-,38800,24,920,-,
1/14/2024,Absa Bank Kenya Plc Ord 0.50,-,19800,0,-,,
1/12/2024,NCBA Bank Ltd Ord 5.00,KES 37.80,8700,0,-0.40%,,
1/12/2024,Equity Group Holdings Ltd Ord 0.50,KES 35.80,84000,-1,444,185,-0.14%
1/12/2024,KCB Group Ltd Ord 1.00,KES 22.00,86500,0,0.23%,,
1/12/2024,The Co-operative Bank of Kenya Ltd Ord 1.00,KES 11.25,360100,-3,51,605,-0.44%
1/12/2024,Absa Bank Kenya Plc Ord 0.50,KES 11.30,111400,28,625,-0.88%,
1/11/2024,KCB Group Ltd Ord 1.00,KES 21.95,88400,1,12,860,-0.23%
1/11/2024,The Co-operative Bank of Kenya Ltd Ord 1.00,KES 11.30,415500,-152,810,0.00%,
1/11/2024,NCBA Bank Ltd Ord 5.00,KES 37.95,600,0,0.53%,,
1/11/2024,Equity Group Holdings Ltd Ord 0.50,KES 35.85,1273300,15,64,415,-0.14%
1/11/2024,Absa Bank Kenya Plc Ord 0.50,KES 11.40,289000,-2,974,260,1.33%
1/10/2024,The Co-operative Bank of Kenya Ltd Ord 1.00,KES 11.30,156400,-563,500,0.00%,
1/10/2024,NCBA Bank Ltd Ord 5.00,KES 37.75,2600,0,-0.13%,,
1/10/2024,KCB Group Ltd Ord 1.00,KES 22.00,1094000,5,568,795,0.00%
1/10/2024,Equity Group Holdings Ltd Ord 0.50,KES 35.90,16700,0,0.84%,,
1/10/2024,Absa Bank Kenya Plc Ord 0.50,KES 11.25,88300,2,300,-2.17%,
1/9/2024,The Co-operative Bank of Kenya Ltd Ord 1.00,KES 11.30,194900,-564,0,-0.44%,
1/9/2024,KCB Group Ltd Ord 1.00,KES 22.00,1074700,14,144,380,-2.00%
1/9/2024,Equity Group Holdings Ltd Ord 0.50,KES 35.60,856500,12,947,535,-0.42%
1/9/2024,NCBA Bank Ltd Ord 5.00,KES 37.80,700,15,120,0.53%,
1/9/2024,Absa Bank Kenya Plc Ord 0.50,KES 11.50,186500,0,-1.29%,,
1/8/2024,NCBA Bank Ltd Ord 5.00,KES 37.60,5800,0,-,,
1/8/2024,KCB Group Ltd Ord 1.00,KES 22.45,883800,271,620,-,
1/8/2024,Equity Group Holdings Ltd Ord 0.50,KES 35.75,141400,-4,650,320,-
1/8/2024,The Co-operative Bank of Kenya Ltd Ord 1.00,KES 11.35,412600,-1,114,50,-
1/8/2024,Absa Bank Kenya Plc Ord 0.50,KES 11.65,286700,0,-,,
1/7/2024,KCB Group Ltd Ord 1.00,-,883800,271,620,-,
1/7/2024,Absa Bank Kenya Plc Ord 0.50,-,286700,-,-,,
1/7/2024,NCBA Bank Ltd Ord 5.00,-,5800,-,-,,
1/7/2024,The Co-operative Bank of Kenya Ltd Ord 1.00,-,412600,-,-,,
1/7/2024,Equity Group Holdings Ltd Ord 0.50,-,141400,-,-,,
1/5/2024,NCBA Bank Ltd Ord 5.00,KES 38.05,4100,79,50,-1.04%,
1/5/2024,KCB Group Ltd Ord 1.00,KES 22.55,197200,-26,750,-0.66%,
1/5/2024,The Co-operative Bank of Kenya Ltd Ord 1.00,KES 11.25,314900,-2,455,410,0.00%
1/5/2024,Equity Group Holdings Ltd Ord 0.50,KES 35.65,1387600,14,386,690,0.00%
1/5/2024,Absa Bank Kenya Plc Ord 0.50,KES 11.65,106200,0,0.87%,,
1/4/2024,The Co-operative Bank of Kenya Ltd Ord 1.00,KES 11.25,268100,-1,808,975,0.45%
1/4/2024,NCBA Bank Ltd Ord 5.00,KES 38.45,1200,11,535,1.05%,
1/4/2024,Equity Group Holdings Ltd Ord 0.50,KES 35.65,408000,8,442,120,0.14%
1/4/2024,KCB Group Ltd Ord 1.00,KES 22.70,275400,-447,920,-0.44%,
1/4/2024,Absa Bank Kenya Plc Ord 0.50,KES 11.55,20000,27,890,0.87%,
1/3/2024,KCB Group Ltd Ord 1.00,KES 22.80,172600,-597,500,3.87%,
1/3/2024,The Co-operative Bank of Kenya Ltd Ord 1.00,KES 11.20,357500,-880,875,-1.32%,
1/3/2024,NCBA Bank Ltd Ord 5.00,KES 38.05,11300,76,0,-2.06%,
1/3/2024,Equity Group Holdings Ltd Ord 0.50,KES 35.60,68800,0,4.09%,,
1/3/2024,Absa Bank Kenya Plc Ord 0.50,KES 11.45,92900,0,-0.87%,,
1/2/2024,NCBA Bank Ltd Ord 5.00,KES 38.85,2200,0,-,,
1/2/2024,The Co-operative Bank of Kenya Ltd Ord 1.00,KES 11.35,148300,0,-,,
1/2/2024,Equity Group Holdings Ltd Ord 0.50,KES 34.20,26100,574,615,-,
1/2/2024,KCB Group Ltd Ord 1.00,KES 21.95,54700,0,-,,
1/2/2024,Absa Bank Kenya Plc Ord 0.50,KES 11.55,9900,0,-,,
1/1/2024,Equity Group Holdings Ltd Ord 0.50,-,26100,574,615,-,
1/1/2024,Absa Bank Kenya Plc Ord 0.50,-,9900,-,-,,
1/1/2024,NCBA Bank Ltd Ord 5.00,-,2200,-,-,,
1/1/2024,The Co-operative Bank of Kenya Ltd Ord 1.00,-,148300,-,-,,
1/1/2024,KCB Group Ltd Ord 1.00,-,54700,-,-,,
12/29/2023,NCBA Bank Ltd Ord 5.00,KES 38.95,5300,0,-1.27%,,
12/29/2023,KCB Group Ltd Ord 1.00,KES 21.90,244700,-3,98,850,-0.45%
12/29/2023,Equity Group Holdings Ltd Ord 0.50,KES 33.65,709200,558,570,-0.59%,
12/29/2023,The Co-operative Bank of Kenya Ltd Ord 1.00,KES 11.40,72400,0,0.88%,,
12/29/2023,Absa Bank Kenya Plc Ord 0.50,KES 11.45,38700,-75,570,0.44%,
12/28/2023,KCB Group Ltd Ord 1.00,KES 22.00,1406900,3,539,800,1.62%
12/28/2023,Equity Group Holdings Ltd Ord 0.50,KES 33.85,220000,-973,770,-0.15%,
12/28/2023,The Co-operative Bank of Kenya Ltd Ord 1.00,KES 11.30,131000,0,0.89%,,
12/28/2023,NCBA Bank Ltd Ord 5.00,KES 39.45,3500,0,-1.99%,,
12/28/2023,Absa Bank Kenya Plc Ord 0.50,KES 11.40,22400,-171,375,2.24%,
12/27/2023,The Co-operative Bank of Kenya Ltd Ord 1.00,KES 11.20,22200,29,250,-,
12/27/2023,KCB Group Ltd Ord 1.00,KES 21.65,50300,-13,200,-,
12/27/2023,NCBA Bank Ltd Ord 5.00,KES 40.25,700,0,-,,
12/27/2023,Equity Group Holdings Ltd Ord 0.50,KES 33.90,1355600,4,669,860,-
12/27/2023,Absa Bank Kenya Plc Ord 0.50,KES 11.15,81900,-723,765,-,
12/26/2023,The Co-operative Bank of Kenya Ltd Ord 1.00,-,22200,29,250,-,
12/26/2023,Equity Group Holdings Ltd Ord 0.50,-,1355600,4,669,860,-
12/26/2023,Absa Bank Kenya Plc Ord 0.50,-,81900,-,-,,
12/26/2023,NCBA Bank Ltd Ord 5.00,-,700,-,-,,
12/26/2023,KCB Group Ltd Ord 1.00,-,50300,-,-,,
12/22/2023,The Co-operative Bank of Kenya Ltd Ord 1.00,KES 11.05,789500,-3,295,310,0.00%
12/22/2023,NCBA Bank Ltd Ord 5.00,KES 40.00,27500,0,2.56%,,
12/22/2023,Equity Group Holdings Ltd Ord 0.50,KES 34.00,174900,-4,426,860,-0.73%
12/22/2023,KCB Group Ltd Ord 1.00,KES 21.85,1136000,-1,333,690,-0.46%
12/22/2023,Absa Bank Kenya Plc Ord 0.50,KES 11.20,19000,0,0.00%,,
12/21/2023,The Co-operative Bank of Kenya Ltd Ord 1.00,KES 11.05,697800,-5,516,520,-1.78%
12/21/2023,NCBA Bank Ltd Ord 5.00,KES 39.00,374600,0,-0.64%,,
12/21/2023,KCB Group Ltd Ord 1.00,KES 21.95,506400,3,993,735,3.54%
12/21/2023,Equity Group Holdings Ltd Ord 0.50,KES 34.25,130600,-2,751,545,-0.72%
12/21/2023,Absa Bank Kenya Plc Ord 0.50,KES 11.20,252600,0,-0.88%,,
12/20/2023,KCB Group Ltd Ord 1.00,KES 21.20,169500,547,830,7.89%,
12/20/2023,The Co-operative Bank of Kenya Ltd Ord 1.00,KES 11.25,73900,0,2.74%,,
12/20/2023,NCBA Bank Ltd Ord 5.00,KES 39.25,6100,0,0.64%,,
12/20/2023,Equity Group Holdings Ltd Ord 0.50,KES 34.50,1325400,-28,688,780,-1.43%
12/20/2023,Absa Bank Kenya Plc Ord 0.50,KES 11.30,73600,24,150,0.44%,
12/19/2023,NCBA Bank Ltd Ord 5.00,KES 39.00,13600,0,-1.64%,,
12/19/2023,The Co-operative Bank of Kenya Ltd Ord 1.00,KES 10.95,273700,-2,35,430,-0.90%
12/19/2023,KCB Group Ltd Ord 1.00,KES 19.65,41200,103,350,1.81%,
12/19/2023,Equity Group Holdings Ltd Ord 0.50,KES 35.00,1405000,5,117,590,-1.55%
12/19/2023,Absa Bank Kenya Plc Ord 0.50,KES 11.25,86700,-768,320,-0.44%,
12/18/2023,The Co-operative Bank of Kenya Ltd Ord 1.00,KES 11.05,333400,0,-,,
12/18/2023,NCBA Bank Ltd Ord 5.00,KES 39.65,1000,0,-,,
12/18/2023,KCB Group Ltd Ord 1.00,KES 19.30,341200,2,410,780,-
12/18/2023,Equity Group Holdings Ltd Ord 0.50,KES 35.55,385100,-1,131,575,-
12/18/2023,Absa Bank Kenya Plc Ord 0.50,KES 11.30,120500,-1,215,465,-
12/17/2023,KCB Group Ltd Ord 1.00,-,341200,2,410,780,-
12/17/2023,Absa Bank Kenya Plc Ord 0.50,-,120500,-,-,,
12/17/2023,NCBA Bank Ltd Ord 5.00,-,1000,-,-,,
12/17/2023,The Co-operative Bank of Kenya Ltd Ord 1.00,-,333400,-,-,,
12/17/2023,Equity Group Holdings Ltd Ord 0.50,-,385100,-,-,,
12/15/2023,NCBA Bank Ltd Ord 5.00,KES 39.70,103300,0,3.66%,,
12/15/2023,The Co-operative Bank of Kenya Ltd Ord 1.00,KES 11.15,354100,-1,705,0,-0.45%
12/15/2023,KCB Group Ltd Ord 1.00,KES 19.10,154300,-2,749,420,0.00%
12/15/2023,Equity Group Holdings Ltd Ord 0.50,KES 35.70,80900,-1,827,815,-0.97%
12/15/2023,Absa Bank Kenya Plc Ord 0.50,KES 11.30,36300,-332,555,2.26%,
12/14/2023,The Co-operative Bank of Kenya Ltd Ord 1.00,KES 11.20,91700,-268,800,0.90%,
12/14/2023,NCBA Bank Ltd Ord 5.00,KES 38.30,69200,0,0.26%,,
12/14/2023,KCB Group Ltd Ord 1.00,KES 19.10,159900,-433,125,-0.78%,
12/14/2023,Equity Group Holdings Ltd Ord 0.50,KES 36.05,678000,-22,988,865,-2.17%
12/14/2023,Absa Bank Kenya Plc Ord 0.50,KES 11.05,20500,-54,480,0.00%,
12/13/2023,Absa Bank Kenya Plc Ord 0.50,KES 11.05,126000,0,-,,
12/13/2023,KCB Group Ltd Ord 1.00,KES 19.25,622600,-2,918,830,-
12/13/2023,The Co-operative Bank of Kenya Ltd Ord 1.00,KES 11.10,53900,0,-,,
12/13/2023,NCBA Bank Ltd Ord 5.00,KES 38.20,6600,0,-,,
12/13/2023,Equity Group Holdings Ltd Ord 0.50,KES 36.85,426300,-1,545,105,-
12/12/2023,Absa Bank Kenya Plc Ord 0.50,-,126000,-,-,,
12/12/2023,KCB Group Ltd Ord 1.00,-,622600,-,-,,
12/12/2023,NCBA Bank Ltd Ord 5.00,-,6600,-,-,,
12/12/2023,Equity Group Holdings Ltd Ord 0.50,-,426300,-,-,,
12/12/2023,The Co-operative Bank of Kenya Ltd Ord 1.00,-,53900,-,-,,
12/11/2023,Absa Bank Kenya Plc Ord 0.50,KES 11.33,67300,4,560,-,
12/11/2023,NCBA Bank Ltd Ord 5.00,KES 38.03,12600,38,300,-,
12/11/2023,KCB Group Ltd Ord 1.00,KES 19.30,149300,-481,250,-,
12/11/2023,Equity Group Holdings Ltd Ord 0.50,KES 37.44,27400,-783,790,-,
12/11/2023,The Co-operative Bank of Kenya Ltd Ord 1.00,KES 11.22,37500,0,-,,
12/10/2023,NCBA Bank Ltd Ord 5.00,-,12600,38,300,-,
12/10/2023,Absa Bank Kenya Plc Ord 0.50,-,67300,4,560,-,
12/10/2023,KCB Group Ltd Ord 1.00,-,149300,-,-,,
12/10/2023,The Co-operative Bank of Kenya Ltd Ord 1.00,-,37500,-,-,,
12/10/2023,Equity Group Holdings Ltd Ord 0.50,-,27400,-,-,,
12/8/2023,Absa Bank Kenya Plc Ord 0.50,KES 11.48,28400,0,0.17%,,
12/8/2023,NCBA Bank Ltd Ord 5.00,KES 38.02,51000,0,-2.26%,,
12/8/2023,The Co-operative Bank of Kenya Ltd Ord 1.00,KES 11.12,195200,0,-0.63%,,
12/8/2023,KCB Group Ltd Ord 1.00,KES 19.31,1780500,-735,160,0.10%,
12/8/2023,Equity Group Holdings Ltd Ord 0.50,KES 37.91,270400,-7,514,100,0.48%
12/7/2023,Absa Bank Kenya Plc Ord 0.50,KES 11.46,62300,0,0.35%,,
12/7/2023,KCB Group Ltd Ord 1.00,KES 19.29,189000,-2,349,485,0.21%
12/7/2023,The Co-operative Bank of Kenya Ltd Ord 1.00,KES 11.19,323100,-222,860,1.36%,
12/7/2023,NCBA Bank Ltd Ord 5.00,KES 38.90,12000,0,0.49%,,
12/7/2023,Equity Group Holdings Ltd Ord 0.50,KES 37.73,9200,-48,620,0.88%,
12/6/2023,Absa Bank Kenya Plc Ord 0.50,KES 11.42,156100,39,900,3.07%,
12/6/2023,KCB Group Ltd Ord 1.00,KES 19.25,208100,-115,200,-0.10%,
12/6/2023,NCBA Bank Ltd Ord 5.00,KES 38.71,121900,0,-1.88%,,
12/6/2023,The Co-operative Bank of Kenya Ltd Ord 1.00,KES 11.04,428300,-82,80,-2.47%,
12/6/2023,Equity Group Holdings Ltd Ord 0.50,KES 37.40,124900,-4,238,510,-0.72%
12/5/2023,Absa Bank Kenya Plc Ord 0.50,KES 11.08,98300,0,-1.25%,,
12/5/2023,NCBA Bank Ltd Ord 5.00,KES 39.45,15000,0,3.41%,,
12/5/2023,Equity Group Holdings Ltd Ord 0.50,KES 37.67,24400,0,-0.84%,,
12/5/2023,The Co-operative Bank of Kenya Ltd Ord 1.00,KES 11.32,370500,-3,560,40,0.00%
12/5/2023,KCB Group Ltd Ord 1.00,KES 19.27,149200,0,1.00%,,
12/4/2023,Absa Bank Kenya Plc Ord 0.50,KES 11.22,55400,0,-,,
12/4/2023,NCBA Bank Ltd Ord 5.00,KES 38.15,5000,0,-,,
12/4/2023,KCB Group Ltd Ord 1.00,KES 19.08,95800,-1,54,390,-
12/4/2023,The Co-operative Bank of Kenya Ltd Ord 1.00,KES 11.32,66900,-100,570,-,
12/4/2023,Equity Group Holdings Ltd Ord 0.50,KES 37.99,1047800,-1,9,250,-
12/3/2023,Absa Bank Kenya Plc Ord 0.50,-,55400,-,-,,
12/3/2023,KCB Group Ltd Ord 1.00,-,95800,-,-,,
12/3/2023,NCBA Bank Ltd Ord 5.00,-,5000,-,-,,
12/3/2023,Equity Group Holdings Ltd Ord 0.50,-,1047800,-,-,,
12/3/2023,The Co-operative Bank of Kenya Ltd Ord 1.00,-,66900,-,-,,
12/1/2023,Absa Bank Kenya Plc Ord 0.50,KES 10.95,53200,0,-1.17%,,
12/1/2023,KCB Group Ltd Ord 1.00,KES 19.02,1078400,-4,436,480,0.90%
12/1/2023,The Co-operative Bank of Kenya Ltd Ord 1.00,KES 11.40,95800,0,0.09%,,
12/1/2023,Equity Group Holdings Ltd Ord 0.50,KES 38.00,4498900,8,520,420,4.11%
12/1/2023,NCBA Bank Ltd Ord 5.00,KES 38.98,15800,0,0.23%,,
11/30/2023,Absa Bank Kenya Plc Ord 0.50,KES 11.08,171100,0,-4.24%,,
11/30/2023,NCBA Bank Ltd Ord 5.00,KES 38.89,49000,-716,625,0.13%,
11/30/2023,KCB Group Ltd Ord 1.00,KES 18.85,468000,-987,525,1.29%,
11/30/2023,Equity Group Holdings Ltd Ord 0.50,KES 36.50,357700,-10,151,160,-3.39%
11/30/2023,The Co-operative Bank of Kenya Ltd Ord 1.00,KES 11.39,28700,0,-0.09%,,
11/29/2023,Absa Bank Kenya Plc Ord 0.50,KES 11.57,80400,0,1.49%,,
11/29/2023,The Co-operative Bank of Kenya Ltd Ord 1.00,KES 11.40,86700,-227,215,-0.96%,
11/29/2023,NCBA Bank Ltd Ord 5.00,KES 38.84,44200,0,-0.36%,,
11/29/2023,KCB Group Ltd Ord 1.00,KES 18.61,1263100,15,677,405,-2.72%
11/29/2023,Equity Group Holdings Ltd Ord 0.50,KES 37.78,2417500,-2,74,265,1.81%
11/28/2023,Absa Bank Kenya Plc Ord 0.50,KES 11.40,99900,0,-1.38%,,
11/28/2023,KCB Group Ltd Ord 1.00,KES 19.13,382700,2,52,0,-2.89%
11/28/2023,NCBA Bank Ltd Ord 5.00,KES 38.98,89700,0,1.62%,,
11/28/2023,Equity Group Holdings Ltd Ord 0.50,KES 37.11,118600,-3,695,650,0.08%
11/28/2023,The Co-operative Bank of Kenya Ltd Ord 1.00,KES 11.51,146300,-393,475,0.61%,
11/27/2023,Absa Bank Kenya Plc Ord 0.50,KES 11.56,65500,0,-,,
11/27/2023,NCBA Bank Ltd Ord 5.00,KES 38.36,15800,0,-,,
11/27/2023,Equity Group Holdings Ltd Ord 0.50,KES 37.08,185200,-5,756,0,-
11/27/2023,The Co-operative Bank of Kenya Ltd Ord 1.00,KES 11.44,109100,-228,500,-,
11/27/2023,KCB Group Ltd Ord 1.00,KES 19.70,1129300,12,376,190,-
11/26/2023,KCB Group Ltd Ord 1.00,-,1129300,12,376,190,-
11/26/2023,Absa Bank Kenya Plc Ord 0.50,-,65500,-,-,,
11/26/2023,NCBA Bank Ltd Ord 5.00,-,15800,-,-,,
11/26/2023,The Co-operative Bank of Kenya Ltd Ord 1.00,-,109100,-,-,,
11/26/2023,Equity Group Holdings Ltd Ord 0.50,-,185200,-,-,,
11/24/2023,Absa Bank Kenya Plc Ord 0.50,KES 11.59,16600,0,1.76%,,
11/24/2023,The Co-operative Bank of Kenya Ltd Ord 1.00,KES 11.51,234900,-460,500,-1.12%,
11/24/2023,KCB Group Ltd Ord 1.00,KES 19.91,238100,0,-2.16%,,
11/24/2023,NCBA Bank Ltd Ord 5.00,KES 38.12,916300,0,6.12%,,
11/24/2023,Equity Group Holdings Ltd Ord 0.50,KES 38.32,284500,-1,974,950,0.03%
11/23/2023,Absa Bank Kenya Plc Ord 0.50,KES 11.39,140500,0,0.35%,,
11/23/2023,KCB Group Ltd Ord 1.00,KES 20.35,2659100,8,572,860,-1.97%
11/23/2023,NCBA Bank Ltd Ord 5.00,KES 35.92,21600,0,-0.08%,,
11/23/2023,The Co-operative Bank of Kenya Ltd Ord 1.00,KES 11.64,76300,-211,315,1.04%,
11/23/2023,Equity Group Holdings Ltd Ord 0.50,KES 38.31,212000,-258,540,0.00%,
11/22/2023,Absa Bank Kenya Plc Ord 0.50,KES 11.35,48100,8,970,0.27%,
11/22/2023,The Co-operative Bank of Kenya Ltd Ord 1.00,KES 11.52,410900,-769,350,-0.86%,
11/22/2023,NCBA Bank Ltd Ord 5.00,KES 35.95,56500,0,0.78%,,
11/22/2023,KCB Group Ltd Ord 1.00,KES 20.76,374000,393,300,1.47%,
11/22/2023,Equity Group Holdings Ltd Ord 0.50,KES 38.31,17800,-19,225,0.45%,
11/21/2023,Absa Bank Kenya Plc Ord 0.50,KES 11.32,50500,95,980,1.98%,
11/21/2023,KCB Group Ltd Ord 1.00,KES 20.46,249800,-236,560,1.14%,
11/21/2023,The Co-operative Bank of Kenya Ltd Ord 1.00,KES 11.62,361500,-817,580,0.96%,
11/21/2023,Equity Group Holdings Ltd Ord 0.50,KES 38.14,171500,-620,390,0.37%,
11/21/2023,NCBA Bank Ltd Ord 5.00,KES 35.67,0,0,-1.25%,,
11/20/2023,Absa Bank Kenya Plc Ord 0.50,KES 11.10,48900,63,450,-,
11/20/2023,The Co-operative Bank of Kenya Ltd Ord 1.00,KES 11.51,132400,-343,970,-,
11/20/2023,NCBA Bank Ltd Ord 5.00,KES 36.12,5200,0,-,,
11/20/2023,KCB Group Ltd Ord 1.00,KES 20.23,319700,18,900,-,
11/20/2023,Equity Group Holdings Ltd Ord 0.50,KES 38.00,72400,3,800,-,
11/19/2023,KCB Group Ltd Ord 1.00,-,319700,18,900,-,
11/19/2023,Equity Group Holdings Ltd Ord 0.50,-,72400,3,800,-,
11/19/2023,Absa Bank Kenya Plc Ord 0.50,-,48900,63,450,-,
11/19/2023,NCBA Bank Ltd Ord 5.00,-,5200,-,-,,
11/19/2023,The Co-operative Bank of Kenya Ltd Ord 1.00,-,132400,-,-,,
11/17/2023,Absa Bank Kenya Plc Ord 0.50,KES 11.07,67300,0,0.64%,,
11/17/2023,NCBA Bank Ltd Ord 5.00,KES 35.67,27300,0,0.59%,,
11/17/2023,The Co-operative Bank of Kenya Ltd Ord 1.00,KES 11.58,1723200,-451,535,2.84%,
11/17/2023,KCB Group Ltd Ord 1.00,KES 19.37,283300,0,1.52%,,
11/17/2023,Equity Group Holdings Ltd Ord 0.50,KES 37.99,353900,7,880,915,0.13%
11/16/2023,Absa Bank Kenya Plc Ord 0.50,KES 11.00,67500,0,0.64%,,
11/16/2023,The Co-operative Bank of Kenya Ltd Ord 1.00,KES 11.26,144800,-179,200,-0.44%,
11/16/2023,NCBA Bank Ltd Ord 5.00,KES 35.46,29800,28,120,-0.48%,
11/16/2023,KCB Group Ltd Ord 1.00,KES 19.08,1373900,-12,993,740,3.41%
11/16/2023,Equity Group Holdings Ltd Ord 0.50,KES 37.94,463600,-313,785,0.26%,
11/15/2023,Absa Bank Kenya Plc Ord 0.50,KES 10.93,79900,0,-1.26%,,
11/15/2023,The Co-operative Bank of Kenya Ltd Ord 1.00,KES 11.31,138100,220,410,2.35%,
11/15/2023,NCBA Bank Ltd Ord 5.00,KES 35.63,11700,0,-2.06%,,
11/15/2023,KCB Group Ltd Ord 1.00,KES 18.45,487200,-3,611,520,8.85%
11/15/2023,Equity Group Holdings Ltd Ord 0.50,KES 37.84,33600,-428,815,0.69%,
11/14/2023,Absa Bank Kenya Plc Ord 0.50,KES 11.07,98600,0,-,,
11/14/2023,NCBA Bank Ltd Ord 5.00,KES 36.38,16200,0,-,,
11/14/2023,The Co-operative Bank of Kenya Ltd Ord 1.00,KES 11.05,251300,-544,855,-,
11/14/2023,KCB Group Ltd Ord 1.00,KES 16.95,214900,-2,757,400,-
11/14/2023,Equity Group Holdings Ltd Ord 0.50,KES 37.58,279400,-1,548,790,-
11/13/2023,Absa Bank Kenya Plc Ord 0.50,-,98600,-,-,,
11/13/2023,Equity Group Holdings Ltd Ord 0.50,-,279400,-,-,,
11/13/2023,NCBA Bank Ltd Ord 5.00,-,16200,-,-,,
11/13/2023,The Co-operative Bank of Kenya Ltd Ord 1.00,-,251300,-,-,,
11/13/2023,KCB Group Ltd Ord 1.00,-,214900,-,-,,
11/10/2023,Absa Bank Kenya Plc Ord 0.50,KES 10.80,76400,0,-0.37%,,
11/10/2023,NCBA Bank Ltd Ord 5.00,KES 35.00,79900,0,-1.05%,,
11/10/2023,KCB Group Ltd Ord 1.00,KES 16.10,792100,390,70,1.45%,
11/10/2023,Equity Group Holdings Ltd Ord 0.50,KES 37.30,434900,11,175,0.13%,
11/10/2023,The Co-operative Bank of Kenya Ltd Ord 1.00,KES 10.70,183800,7,740,5.11%,
11/9/2023,Absa Bank Kenya Plc Ord 0.50,KES 10.84,35800,0,-1.00%,,
11/9/2023,KCB Group Ltd Ord 1.00,KES 15.87,1697000,9,297,495,-0.50%
11/9/2023,NCBA Bank Ltd Ord 5.00,KES 35.37,8900,0,-1.20%,,
11/9/2023,The Co-operative Bank of Kenya Ltd Ord 1.00,KES 10.18,1105600,-2,125,325,-0.68%
11/9/2023,Equity Group Holdings Ltd Ord 0.50,KES 37.25,603200,-81,975,0.13%,
11/8/2023,Absa Bank Kenya Plc Ord 0.50,KES 10.95,26900,0,-2.67%,,
11/8/2023,The Co-operative Bank of Kenya Ltd Ord 1.00,KES 10.25,584100,-1,32,965,-1.44%
11/8/2023,NCBA Bank Ltd Ord 5.00,KES 35.80,6800,0,-2.32%,,
11/8/2023,Equity Group Holdings Ltd Ord 0.50,KES 37.20,22000,-68,30,-0.13%,
11/8/2023,KCB Group Ltd Ord 1.00,KES 15.95,238400,-1,411,200,1.27%
11/7/2023,Absa Bank Kenya Plc Ord 0.50,KES 11.25,41000,0,0.90%,,
11/7/2023,The Co-operative Bank of Kenya Ltd Ord 1.00,KES 10.40,1564500,-572,90,-7.96%,
11/7/2023,KCB Group Ltd Ord 1.00,KES 15.75,1024600,-11,197,360,-1.56%
11/7/2023,NCBA Bank Ltd Ord 5.00,KES 36.65,70900,0,-2.91%,,
11/7/2023,Equity Group Holdings Ltd Ord 0.50,KES 37.25,395200,65,800,0.68%,
11/6/2023,Absa Bank Kenya Plc Ord 0.50,KES 11.15,301100,0,-,,
11/6/2023,The Co-operative Bank of Kenya Ltd Ord 1.00,KES 11.30,120700,0,-,,
11/6/2023,NCBA Bank Ltd Ord 5.00,KES 37.75,13400,0,-,,
11/6/2023,Equity Group Holdings Ltd Ord 0.50,KES 37.00,833100,18,189,200,-
11/6/2023,KCB Group Ltd Ord 1.00,KES 16.00,6110800,72,922,300,-
11/5/2023,KCB Group Ltd Ord 1.00,-,6110800,72,922,300,-
11/5/2023,Equity Group Holdings Ltd Ord 0.50,-,833100,18,189,200,-
11/5/2023,Absa Bank Kenya Plc Ord 0.50,-,301100,-,-,,
11/5/2023,NCBA Bank Ltd Ord 5.00,-,13400,-,-,,
11/5/2023,The Co-operative Bank of Kenya Ltd Ord 1.00,-,120700,-,-,,
11/3/2023,Absa Bank Kenya Plc Ord 0.50,KES 11.45,40000,0,0.44%,,
11/3/2023,KCB Group Ltd Ord 1.00,KES 16.35,1036200,3,260,790,-0.91%
11/3/2023,Equity Group Holdings Ltd Ord 0.50,KES 37.10,171300,3,741,100,0.13%
11/3/2023,The Co-operative Bank of Kenya Ltd Ord 1.00,KES 11.35,250900,0,-1.73%,,
11/3/2023,NCBA Bank Ltd Ord 5.00,KES 37.15,4000,-3,800,-4.99%,
11/2/2023,Absa Bank Kenya Plc Ord 0.50,KES 11.40,75100,0,-1.30%,,
11/2/2023,The Co-operative Bank of Kenya Ltd Ord 1.00,KES 11.55,109000,-601,65,-0.86%,
11/2/2023,KCB Group Ltd Ord 1.00,KES 16.50,150800,-10,420,-4.07%,
11/2/2023,NCBA Bank Ltd Ord 5.00,KES 39.10,48300,0,-0.64%,,
11/2/2023,Equity Group Holdings Ltd Ord 0.50,KES 37.05,442500,-33,260,-0.40%,
11/1/2023,Absa Bank Kenya Plc Ord 0.50,KES 11.55,90900,0,0.00%,,
11/1/2023,The Co-operative Bank of Kenya Ltd Ord 1.00,KES 11.65,101100,0,-0.43%,,
11/1/2023,KCB Group Ltd Ord 1.00,KES 17.20,373800,0,-1.71%,,
11/1/2023,NCBA Bank Ltd Ord 5.00,KES 39.35,11200,-250,425,2.08%,
11/1/2023,Equity Group Holdings Ltd Ord 0.50,KES 37.20,1764800,-35,348,180,-0.93%
10/31/2023,Absa Bank Kenya Plc Ord 0.50,KES 11.55,78200,18,460,-1.28%,
10/31/2023,Equity Group Holdings Ltd Ord 0.50,KES 37.55,585700,20,613,750,-1.18%
10/31/2023,The Co-operative Bank of Kenya Ltd Ord 1.00,KES 11.70,115200,0,0.43%,,
10/31/2023,KCB Group Ltd Ord 1.00,KES 17.50,4678400,36,299,210,-3.05%
10/31/2023,NCBA Bank Ltd Ord 5.00,KES 38.55,82000,0,3.35%,,
10/30/2023,Absa Bank Kenya Plc Ord 0.50,KES 11.70,62800,24,360,-,
10/30/2023,NCBA Bank Ltd Ord 5.00,KES 37.30,2000,7,500,-,
10/30/2023,KCB Group Ltd Ord 1.00,KES 18.05,498300,-405,300,-,
10/30/2023,The Co-operative Bank of Kenya Ltd Ord 1.00,KES 11.65,81600,0,-,,
10/30/2023,Equity Group Holdings Ltd Ord 0.50,KES 38.00,15200,0,-,,
10/29/2023,NCBA Bank Ltd Ord 5.00,-,2000,7,500,-,
10/29/2023,Absa Bank Kenya Plc Ord 0.50,-,62800,24,360,-,
10/29/2023,Equity Group Holdings Ltd Ord 0.50,-,15200,-,-,,
10/29/2023,The Co-operative Bank of Kenya Ltd Ord 1.00,-,81600,-,-,,
10/29/2023,KCB Group Ltd Ord 1.00,-,498300,-,-,,
10/27/2023,Absa Bank Kenya Plc Ord 0.50,KES 11.85,43800,0,0.00%,,
10/27/2023,KCB Group Ltd Ord 1.00,KES 18.85,305500,-963,900,-1.57%,
10/27/2023,NCBA Bank Ltd Ord 5.00,KES 39.00,9500,0,0.26%,,
10/27/2023,Equity Group Holdings Ltd Ord 0.50,KES 38.00,2072000,1,606,700,1.33%
10/27/2023,The Co-operative Bank of Kenya Ltd Ord 1.00,KES 11.80,161700,0,0.43%,,
10/26/2023,Absa Bank Kenya Plc Ord 0.50,KES 11.85,48000,17,775,0.42%,
10/26/2023,The Co-operative Bank of Kenya Ltd Ord 1.00,KES 11.75,66900,0,1.29%,,
10/26/2023,KCB Group Ltd Ord 1.00,KES 19.15,254900,-401,750,-1.79%,
10/26/2023,Equity Group Holdings Ltd Ord 0.50,KES 37.50,142400,2,199,300,-1.19%
10/26/2023,NCBA Bank Ltd Ord 5.00,KES 38.90,8700,0,-1.52%,,
10/25/2023,Absa Bank Kenya Plc Ord 0.50,KES 11.80,39100,5,925,-1.26%,
10/25/2023,The Co-operative Bank of Kenya Ltd Ord 1.00,KES 11.60,283700,1,165,0.00%,
10/25/2023,NCBA Bank Ltd Ord 5.00,KES 39.50,41300,0,-0.50%,,
10/25/2023,KCB Group Ltd Ord 1.00,KES 19.50,309200,-3,692,155,-1.76%
10/25/2023,Equity Group Holdings Ltd Ord 0.50,KES 37.95,29700,-668,575,2.43%,
10/24/2023,Absa Bank Kenya Plc Ord 0.50,KES 11.95,99700,0,0.00%,,
10/24/2023,NCBA Bank Ltd Ord 5.00,KES 39.70,79600,0,-0.25%,,
10/24/2023,KCB Group Ltd Ord 1.00,KES 19.85,61000,-626,850,-0.25%,
10/24/2023,Equity Group Holdings Ltd Ord 0.50,KES 37.05,249700,-6,308,500,0.14%
10/24/2023,The Co-operative Bank of Kenya Ltd Ord 1.00,KES 11.60,135600,0,0.00%,,
10/23/2023,Absa Bank Kenya Plc Ord 0.50,KES 11.95,772600,0,-,,
10/23/2023,NCBA Bank Ltd Ord 5.00,KES 39.80,1200,0,-,,
10/23/2023,Equity Group Holdings Ltd Ord 0.50,KES 37.00,1709300,-18,184,435,-
10/23/2023,The Co-operative Bank of Kenya Ltd Ord 1.00,KES 11.60,105600,0,-,,
10/23/2023,KCB Group Ltd Ord 1.00,KES 19.90,252600,0,-,,
10/22/2023,Absa Bank Kenya Plc Ord 0.50,-,772600,-,-,,
10/22/2023,NCBA Bank Ltd Ord 5.00,-,1200,-,-,,
10/22/2023,KCB Group Ltd Ord 1.00,-,252600,-,-,,
10/22/2023,The Co-operative Bank of Kenya Ltd Ord 1.00,-,105600,-,-,,
10/22/2023,Equity Group Holdings Ltd Ord 0.50,-,1709300,-,-,,
10/19/2023,Absa Bank Kenya Plc Ord 0.50,KES 11.95,464000,0,-0.42%,,
10/19/2023,KCB Group Ltd Ord 1.00,KES 19.90,363200,3,990,-0.75%,
10/19/2023,NCBA Bank Ltd Ord 5.00,KES 39.80,28600,0,0.51%,,
10/19/2023,The Co-operative Bank of Kenya Ltd Ord 1.00,KES 11.60,5084100,-39,228,650,0.00%
10/19/2023,Equity Group Holdings Ltd Ord 0.50,KES 37.25,70000,0,0.68%,,
10/18/2023,Absa Bank Kenya Plc Ord 0.50,KES 12.00,549400,0,0.00%,,
10/18/2023,NCBA Bank Ltd Ord 5.00,KES 39.60,35800,0,0.38%,,
10/18/2023,The Co-operative Bank of Kenya Ltd Ord 1.00,KES 11.60,69600,-174,500,-0.43%,
10/18/2023,KCB Group Ltd Ord 1.00,KES 20.05,470300,0,-1.72%,,
10/18/2023,Equity Group Holdings Ltd Ord 0.50,KES 37.00,1552100,-27,413,900,0.00%
10/17/2023,Absa Bank Kenya Plc Ord 0.50,KES 12.00,409000,-340,800,1.27%,
10/17/2023,NCBA Bank Ltd Ord 5.00,KES 39.45,24600,0,1.94%,,
10/17/2023,The Co-operative Bank of Kenya Ltd Ord 1.00,KES 11.65,180500,0,0.87%,,
10/17/2023,KCB Group Ltd Ord 1.00,KES 20.40,458900,-773,755,-1.21%,
10/17/2023,Equity Group Holdings Ltd Ord 0.50,KES 37.00,1208300,41,120,550,0.82%
10/16/2023,Absa Bank Kenya Plc Ord 0.50,KES 11.85,290900,-70,505,-,
10/16/2023,The Co-operative Bank of Kenya Ltd Ord 1.00,KES 11.55,53300,0,-,,
10/16/2023,KCB Group Ltd Ord 1.00,KES 20.65,192900,-1,13,715,-
10/16/2023,NCBA Bank Ltd Ord 5.00,KES 38.70,12000,0,-,,
10/16/2023,Equity Group Holdings Ltd Ord 0.50,KES 36.70,36600,0,-,,
10/15/2023,Absa Bank Kenya Plc Ord 0.50,-,290900,-,-,,
10/15/2023,KCB Group Ltd Ord 1.00,-,192900,-,-,,
10/15/2023,Equity Group Holdings Ltd Ord 0.50,-,36600,-,-,,
10/15/2023,The Co-operative Bank of Kenya Ltd Ord 1.00,-,53300,-,-,,
10/15/2023,NCBA Bank Ltd Ord 5.00,-,12000,-,-,,
10/13/2023,Absa Bank Kenya Plc Ord 0.50,KES 11.90,124200,-771,970,-0.42%,
10/13/2023,KCB Group Ltd Ord 1.00,KES 20.90,167000,-67,200,0.00%,
10/13/2023,The Co-operative Bank of Kenya Ltd Ord 1.00,KES 11.60,151600,0,0.00%,,
10/13/2023,NCBA Bank Ltd Ord 5.00,KES 38.95,7800,0,0.13%,,
10/13/2023,Equity Group Holdings Ltd Ord 0.50,KES 36.45,54900,1,57,870,0.55%
10/12/2023,Absa Bank Kenya Plc Ord 0.50,KES 11.95,42900,0,0.00%,,
10/12/2023,NCBA Bank Ltd Ord 5.00,KES 38.90,314000,0,0.00%,,
10/12/2023,The Co-operative Bank of Kenya Ltd Ord 1.00,KES 11.60,1291800,0,0.00%,,
10/12/2023,Equity Group Holdings Ltd Ord 0.50,KES 36.25,258100,-50,750,0.00%,
10/12/2023,KCB Group Ltd Ord 1.00,KES 20.90,306000,-300,-0.24%,,
10/11/2023,Absa Bank Kenya Plc Ord 0.50,KES 11.95,86500,0,-,,
10/11/2023,NCBA Bank Ltd Ord 5.00,KES 38.90,105800,0,-,,
10/11/2023,The Co-operative Bank of Kenya Ltd Ord 1.00,KES 11.60,796600,1,160,0,-
10/11/2023,KCB Group Ltd Ord 1.00,KES 20.95,316700,-1,274,315,-
10/11/2023,Equity Group Holdings Ltd Ord 0.50,KES 36.25,285400,1,154,460,-
10/10/2023,The Co-operative Bank of Kenya Ltd Ord 1.00,-,796600,1,160,0,-
10/10/2023,Equity Group Holdings Ltd Ord 0.50,-,285400,1,154,460,-
10/10/2023,Absa Bank Kenya Plc Ord 0.50,-,86500,-,-,,
10/10/2023,NCBA Bank Ltd Ord 5.00,-,105800,-,-,,
10/10/2023,KCB Group Ltd Ord 1.00,-,316700,-,-,,
10/9/2023,Absa Bank Kenya Plc Ord 0.50,KES 11.90,1369400,0,-,,
10/9/2023,The Co-operative Bank of Kenya Ltd Ord 1.00,KES 11.55,101100,-258,535,-,
10/9/2023,Equity Group Holdings Ltd Ord 0.50,KES 36.20,3432700,63,963,170,-
10/9/2023,KCB Group Ltd Ord 1.00,KES 20.95,94700,-209,0,-,
10/9/2023,NCBA Bank Ltd Ord 5.00,KES 38.95,3400,0,-,,
10/8/2023,Equity Group Holdings Ltd Ord 0.50,-,3432700,63,963,170,-
10/8/2023,Absa Bank Kenya Plc Ord 0.50,-,1369400,-,-,,
10/8/2023,KCB Group Ltd Ord 1.00,-,94700,-,-,,
10/8/2023,NCBA Bank Ltd Ord 5.00,-,3400,-,-,,
10/8/2023,The Co-operative Bank of Kenya Ltd Ord 1.00,-,101100,-,-,,
10/6/2023,Absa Bank Kenya Plc Ord 0.50,KES 11.90,179500,0,0.00%,,
10/6/2023,The Co-operative Bank of Kenya Ltd Ord 1.00,KES 11.60,94800,-58,500,0.43%,
10/6/2023,NCBA Bank Ltd Ord 5.00,KES 39.10,1900,0,4.13%,,
10/6/2023,KCB Group Ltd Ord 1.00,KES 20.95,1678900,19,562,405,0.00%
10/6/2023,Equity Group Holdings Ltd Ord 0.50,KES 36.55,50600,-1,460,0,0.69%
10/5/2023,Absa Bank Kenya Plc Ord 0.50,KES 11.90,43400,0,-0.42%,,
10/5/2023,KCB Group Ltd Ord 1.00,KES 20.95,138300,-1,965,515,0.00%
10/5/2023,NCBA Bank Ltd Ord 5.00,KES 37.55,67000,0,-0.27%,,
10/5/2023,The Co-operative Bank of Kenya Ltd Ord 1.00,KES 11.55,141200,0,-1.28%,,
10/5/2023,Equity Group Holdings Ltd Ord 0.50,KES 36.30,40400,622,800,0.69%,
10/4/2023,Absa Bank Kenya Plc Ord 0.50,KES 11.95,58000,-3,505,0.84%,
10/4/2023,KCB Group Ltd Ord 1.00,KES 20.95,414200,-6,265,795,0.00%
10/4/2023,The Co-operative Bank of Kenya Ltd Ord 1.00,KES 11.70,177700,0,-1.27%,,
10/4/2023,Equity Group Holdings Ltd Ord 0.50,KES 36.05,176800,-2,805,870,0.14%
10/4/2023,NCBA Bank Ltd Ord 5.00,KES 37.65,15100,0,0.00%,,
10/3/2023,Absa Bank Kenya Plc Ord 0.50,KES 11.85,103800,0,0.00%,,
10/3/2023,The Co-operative Bank of Kenya Ltd Ord 1.00,KES 11.85,10063000,-117,631,395,0.42%
10/3/2023,NCBA Bank Ltd Ord 5.00,KES 37.65,6800,0,0.00%,,
10/3/2023,Equity Group Holdings Ltd Ord 0.50,KES 36.00,1346300,47,530,800,0.56%
10/3/2023,KCB Group Ltd Ord 1.00,KES 20.95,426200,-2,893,600,-0.24%
10/2/2023,Absa Bank Kenya Plc Ord 0.50,KES 11.85,170900,28,470,-,
10/2/2023,The Co-operative Bank of Kenya Ltd Ord 1.00,KES 11.80,145500,35,400,-,
10/2/2023,KCB Group Ltd Ord 1.00,KES 21.00,271000,-3,913,350,-
10/2/2023,NCBA Bank Ltd Ord 5.00,KES 37.65,24800,157,500,-,
10/2/2023,Equity Group Holdings Ltd Ord 0.50,KES 35.80,299300,7,912,790,-
10/1/2023,NCBA Bank Ltd Ord 5.00,-,24800,157,500,-,
10/1/2023,The Co-operative Bank of Kenya Ltd Ord 1.00,-,145500,35,400,-,
10/1/2023,Equity Group Holdings Ltd Ord 0.50,-,299300,7,912,790,-
10/1/2023,Absa Bank Kenya Plc Ord 0.50,-,170900,28,470,-,
10/1/2023,KCB Group Ltd Ord 1.00,-,271000,-,-,,
9/29/2023,Absa Bank Kenya Plc Ord 0.50,KES 11.95,127500,0,0.84%,,
9/29/2023,KCB Group Ltd Ord 1.00,KES 20.85,1413200,-1,225,120,-0.24%
9/29/2023,The Co-operative Bank of Kenya Ltd Ord 1.00,KES 11.80,146900,0,-0.25%,,
9/29/2023,NCBA Bank Ltd Ord 5.00,KES 37.85,36100,221,250,0.40%,
9/29/2023,Equity Group Holdings Ltd Ord 0.50,KES 35.55,344800,-8,173,80,-1.11%
9/28/2023,Absa Bank Kenya Plc Ord 0.50,KES 11.85,121200,0,0.85%,,
9/28/2023,NCBA Bank Ltd Ord 5.00,KES 37.70,9000,0,0.40%,,
9/28/2023,The Co-operative Bank of Kenya Ltd Ord 1.00,KES 11.83,137500,0,-0.17%,,
9/28/2023,KCB Group Ltd Ord 1.00,KES 20.90,354400,1,769,800,-4.78%
9/28/2023,Equity Group Holdings Ltd Ord 0.50,KES 35.95,182300,-2,159,870,-0.69%
9/27/2023,Absa Bank Kenya Plc Ord 0.50,KES 11.75,1958300,-23,600,-0.84%,
9/27/2023,KCB Group Ltd Ord 1.00,KES 21.95,222400,-2,234,580,-0.45%
9/27/2023,Equity Group Holdings Ltd Ord 0.50,KES 36.20,357700,-9,675,750,-1.23%
9/27/2023,The Co-operative Bank of Kenya Ltd Ord 1.00,KES 11.85,70400,-84,490,-0.42%,
9/27/2023,NCBA Bank Ltd Ord 5.00,KES 37.55,43800,1,308,750,0.13%
9/26/2023,Absa Bank Kenya Plc Ord 0.50,KES 11.85,98000,0,0.00%,,
9/26/2023,The Co-operative Bank of Kenya Ltd Ord 1.00,KES 11.90,428200,945,-0.42%,,
9/26/2023,NCBA Bank Ltd Ord 5.00,KES 37.50,44600,1,387,500,0.40%
9/26/2023,KCB Group Ltd Ord 1.00,KES 22.05,284500,-135,925,-0.90%,
9/26/2023,Equity Group Holdings Ltd Ord 0.50,KES 36.65,49400,-1,572,520,-0.41%
9/25/2023,Absa Bank Kenya Plc Ord 0.50,KES 11.85,169200,0,-,,
9/25/2023,The Co-operative Bank of Kenya Ltd Ord 1.00,KES 11.95,94400,-95,200,-,
9/25/2023,NCBA Bank Ltd Ord 5.00,KES 37.35,23000,0,-,,
9/25/2023,KCB Group Ltd Ord 1.00,KES 22.25,538700,7,253,780,-
9/25/2023,Equity Group Holdings Ltd Ord 0.50,KES 36.80,118100,-2,318,970,-
9/24/2023,KCB Group Ltd Ord 1.00,-,538700,7,253,780,-
9/24/2023,Absa Bank Kenya Plc Ord 0.50,-,169200,-,-,,
9/24/2023,NCBA Bank Ltd Ord 5.00,-,23000,-,-,,
9/24/2023,Equity Group Holdings Ltd Ord 0.50,-,118100,-,-,,
9/24/2023,The Co-operative Bank of Kenya Ltd Ord 1.00,-,94400,-,-,,
9/22/2023,Absa Bank Kenya Plc Ord 0.50,KES 11.85,89800,2,350,0.00%,
9/22/2023,NCBA Bank Ltd Ord 5.00,KES 37.25,1800,0,-0.27%,,
9/22/2023,The Co-operative Bank of Kenya Ltd Ord 1.00,KES 11.80,173400,-126,360,-0.42%,
9/22/2023,KCB Group Ltd Ord 1.00,KES 22.35,119800,-558,750,0.22%,
9/22/2023,Equity Group Holdings Ltd Ord 0.50,KES 36.90,682900,-10,-0.67%,,
9/21/2023,Absa Bank Kenya Plc Ord 0.50,KES 11.85,293100,-1,585,935,-0.84%
9/21/2023,KCB Group Ltd Ord 1.00,KES 22.30,109000,-259,530,-0.22%,
9/21/2023,NCBA Bank Ltd Ord 5.00,KES 37.35,1500,0,0.54%,,
9/21/2023,Equity Group Holdings Ltd Ord 0.50,KES 37.15,110600,839,645,0.41%,
9/21/2023,The Co-operative Bank of Kenya Ltd Ord 1.00,KES 11.85,1171500,-12,819,330,0.00%
9/20/2023,Absa Bank Kenya Plc Ord 0.50,KES 11.95,1137100,-13,90,1.27%,
9/20/2023,NCBA Bank Ltd Ord 5.00,KES 37.15,9300,74,0,-0.40%,
9/20/2023,The Co-operative Bank of Kenya Ltd Ord 1.00,KES 11.85,86400,0,0.00%,,
9/20/2023,KCB Group Ltd Ord 1.00,KES 22.35,190400,-3,401,670,0.00%
9/20/2023,Equity Group Holdings Ltd Ord 0.50,KES 37.00,212000,5,959,960,0.00%
9/19/2023,Absa Bank Kenya Plc Ord 0.50,KES 11.80,310000,135,700,0.43%,
9/19/2023,The Co-operative Bank of Kenya Ltd Ord 1.00,KES 11.85,5105400,-59,357,150,-0.42%
9/19/2023,NCBA Bank Ltd Ord 5.00,KES 37.30,42700,111,0,1.08%,
9/19/2023,KCB Group Ltd Ord 1.00,KES 22.35,184500,-321,720,-0.22%,
9/19/2023,Equity Group Holdings Ltd Ord 0.50,KES 37.00,5613900,-5,354,905,-1.07%
9/18/2023,Absa Bank Kenya Plc Ord 0.50,KES 11.75,56400,1,180,-,
9/18/2023,KCB Group Ltd Ord 1.00,KES 22.40,268000,369,600,-,
9/18/2023,The Co-operative Bank of Kenya Ltd Ord 1.00,KES 11.90,57400,-64,430,-,
9/18/2023,NCBA Bank Ltd Ord 5.00,KES 36.90,8100,0,-,,
9/18/2023,Equity Group Holdings Ltd Ord 0.50,KES 37.40,23600,-412,750,-,
9/17/2023,KCB Group Ltd Ord 1.00,-,268000,369,600,-,
9/17/2023,Absa Bank Kenya Plc Ord 0.50,-,56400,1,180,-,
9/17/2023,Equity Group Holdings Ltd Ord 0.50,-,23600,-,-,,
9/17/2023,NCBA Bank Ltd Ord 5.00,-,8100,-,-,,
9/17/2023,The Co-operative Bank of Kenya Ltd Ord 1.00,-,57400,-,-,,
9/15/2023,Absa Bank Kenya Plc Ord 0.50,KES 11.75,146000,0,-0.42%,,
9/15/2023,The Co-operative Bank of Kenya Ltd Ord 1.00,KES 11.95,62700,0,1.27%,,
9/15/2023,NCBA Bank Ltd Ord 5.00,KES 37.40,7200,0,-7.20%,,
9/15/2023,Equity Group Holdings Ltd Ord 0.50,KES 37.40,445300,199,715,-0.80%,
9/15/2023,KCB Group Ltd Ord 1.00,KES 22.30,442400,519,20,-1.55%,
9/14/2023,Absa Bank Kenya Plc Ord 0.50,KES 11.80,94300,0,0.43%,,
9/14/2023,KCB Group Ltd Ord 1.00,KES 22.65,502000,528,640,-1.74%,
9/14/2023,NCBA Bank Ltd Ord 5.00,KES 40.30,553400,0,0.00%,,
9/14/2023,Equity Group Holdings Ltd Ord 0.50,KES 37.70,673700,-15,703,765,0.27%
9/14/2023,The Co-operative Bank of Kenya Ltd Ord 1.00,KES 11.80,70900,119,180,-0.42%,
9/13/2023,Absa Bank Kenya Plc Ord 0.50,KES 11.75,6759800,0,0.00%,,
9/13/2023,NCBA Bank Ltd Ord 5.00,KES 40.30,16800,0,0.37%,,
9/13/2023,KCB Group Ltd Ord 1.00,KES 23.05,216300,184,250,-0.22%,
9/13/2023,The Co-operative Bank of Kenya Ltd Ord 1.00,KES 11.85,81100,0,0.42%,,
9/13/2023,Equity Group Holdings Ltd Ord 0.50,KES 37.60,900700,-25,674,535,0.27%
9/12/2023,Absa Bank Kenya Plc Ord 0.50,KES 11.75,276700,-267,750,-0.84%,
9/12/2023,NCBA Bank Ltd Ord 5.00,KES 40.15,18800,0,-0.62%,,
9/12/2023,The Co-operative Bank of Kenya Ltd Ord 1.00,KES 11.80,69200,-11,800,0.85%,
9/12/2023,KCB Group Ltd Ord 1.00,KES 23.10,1257300,-8,157,555,-1.49%
9/12/2023,Equity Group Holdings Ltd Ord 0.50,KES 37.50,4216500,-4,969,20,0.00%
9/11/2023,Absa Bank Kenya Plc Ord 0.50,KES 11.85,96500,-19,40,-,
9/11/2023,The Co-operative Bank of Kenya Ltd Ord 1.00,KES 11.70,104300,0,-,,
9/11/2023,KCB Group Ltd Ord 1.00,KES 23.45,291700,-5,197,820,-
9/11/2023,Equity Group Holdings Ltd Ord 0.50,KES 37.50,166000,-1,323,850,-
9/11/2023,NCBA Bank Ltd Ord 5.00,KES 40.40,7900,0,-,,
9/10/2023,Absa Bank Kenya Plc Ord 0.50,-,96500,-,-,,
9/10/2023,Equity Group Holdings Ltd Ord 0.50,-,166000,-,-,,
9/10/2023,The Co-operative Bank of Kenya Ltd Ord 1.00,-,104300,-,-,,
9/10/2023,KCB Group Ltd Ord 1.00,-,291700,-,-,,
9/10/2023,NCBA Bank Ltd Ord 5.00,-,7900,-,-,,
9/8/2023,Absa Bank Kenya Plc Ord 0.50,KES 11.75,3823000,0,0.00%,,
9/8/2023,The Co-operative Bank of Kenya Ltd Ord 1.00,KES 11.80,53100,0,-0.42%,,
9/8/2023,KCB Group Ltd Ord 1.00,KES 23.35,285100,0,-0.21%,,
9/8/2023,NCBA Bank Ltd Ord 5.00,KES 40.00,55500,-1,524,0,0.00%
9/8/2023,Equity Group Holdings Ltd Ord 0.50,KES 37.20,176400,-6,546,880,-0.93%
9/7/2023,Absa Bank Kenya Plc Ord 0.50,KES 11.75,5213000,-33,394,675,0.00%
9/7/2023,The Co-operative Bank of Kenya Ltd Ord 1.00,KES 11.85,114100,-1,425,-0.42%,
9/7/2023,NCBA Bank Ltd Ord 5.00,KES 40.00,69800,0,0.13%,,
9/7/2023,Equity Group Holdings Ltd Ord 0.50,KES 37.55,1587200,-59,281,895,-2.97%
9/7/2023,KCB Group Ltd Ord 1.00,KES 23.40,281800,-2,767,250,0.21%
9/6/2023,Absa Bank Kenya Plc Ord 0.50,KES 11.75,291400,0,0.00%,,
9/6/2023,NCBA Bank Ltd Ord 5.00,KES 39.95,45300,0,-0.12%,,
9/6/2023,KCB Group Ltd Ord 1.00,KES 23.35,151700,0,0.21%,,
9/6/2023,The Co-operative Bank of Kenya Ltd Ord 1.00,KES 11.90,229500,-2,397,100,-0.42%
9/6/2023,Equity Group Holdings Ltd Ord 0.50,KES 38.70,54100,-1,713,410,1.31%
9/5/2023,Absa Bank Kenya Plc Ord 0.50,KES 11.75,862100,-6,93,550,0.00%
9/5/2023,KCB Group Ltd Ord 1.00,KES 23.30,279000,359,725,-0.64%,
9/5/2023,NCBA Bank Ltd Ord 5.00,KES 40.00,29500,0,0.00%,,
9/5/2023,The Co-operative Bank of Kenya Ltd Ord 1.00,KES 11.95,63700,-17,800,-0.42%,
9/5/2023,Equity Group Holdings Ltd Ord 0.50,KES 38.20,29900,-7,95,0.26%,
9/4/2023,Absa Bank Kenya Plc Ord 0.50,KES 11.75,704700,-1,835,210,-
9/4/2023,The Co-operative Bank of Kenya Ltd Ord 1.00,KES 12.00,55600,-427,200,-,
9/4/2023,NCBA Bank Ltd Ord 5.00,KES 40.00,184600,0,-,,
9/4/2023,KCB Group Ltd Ord 1.00,KES 23.45,231900,0,-,,
9/4/2023,Equity Group Holdings Ltd Ord 0.50,KES 38.10,600100,-21,137,760,-
9/3/2023,Absa Bank Kenya Plc Ord 0.50,-,704700,-,-,,
9/3/2023,Equity Group Holdings Ltd Ord 0.50,-,600100,-,-,,
9/3/2023,NCBA Bank Ltd Ord 5.00,-,184600,-,-,,
9/3/2023,The Co-operative Bank of Kenya Ltd Ord 1.00,-,55600,-,-,,
9/3/2023,KCB Group Ltd Ord 1.00,-,231900,-,-,,
9/1/2023,Absa Bank Kenya Plc Ord 0.50,KES 11.75,191100,-1,21,75,0.43%
9/1/2023,The Co-operative Bank of Kenya Ltd Ord 1.00,KES 11.85,213600,-1,515,100,1.72%
9/1/2023,NCBA Bank Ltd Ord 5.00,KES 40.00,1401300,0,0.76%,,
9/1/2023,Equity Group Holdings Ltd Ord 0.50,KES 38.45,430500,131,100,-1.03%,
9/1/2023,KCB Group Ltd Ord 1.00,KES 23.45,277900,0,-0.64%,,
8/31/2023,Absa Bank Kenya Plc Ord 0.50,KES 11.70,110500,0,1.74%,,
8/31/2023,NCBA Bank Ltd Ord 5.00,KES 39.70,37200,0,1.66%,,
8/31/2023,The Co-operative Bank of Kenya Ltd Ord 1.00,KES 11.65,46500,4,920,0.43%,
8/31/2023,KCB Group Ltd Ord 1.00,KES 23.60,965600,1,633,370,-0.63%
8/31/2023,Equity Group Holdings Ltd Ord 0.50,KES 38.85,1634900,-42,116,900,-1.65%
8/30/2023,Absa Bank Kenya Plc Ord 0.50,KES 11.50,124300,0,1.32%,,
8/30/2023,NCBA Bank Ltd Ord 5.00,KES 39.05,524500,-214,500,0.64%,
8/30/2023,Equity Group Holdings Ltd Ord 0.50,KES 39.50,27900,-948,0,0.00%,
8/30/2023,The Co-operative Bank of Kenya Ltd Ord 1.00,KES 11.60,106000,0,2.65%,,
8/30/2023,KCB Group Ltd Ord 1.00,KES 23.75,569900,118,500,0.00%,
8/29/2023,Absa Bank Kenya Plc Ord 0.50,KES 11.35,40700,0,1.34%,,
8/29/2023,The Co-operative Bank of Kenya Ltd Ord 1.00,KES 11.30,133300,0,-0.88%,,
8/29/2023,NCBA Bank Ltd Ord 5.00,KES 38.80,17800,11,535,0.91%,
8/29/2023,KCB Group Ltd Ord 1.00,KES 23.75,1228700,-6,537,735,-0.21%
8/29/2023,Equity Group Holdings Ltd Ord 0.50,KES 39.50,1013700,3,204,815,-0.13%
8/28/2023,Absa Bank Kenya Plc Ord 0.50,KES 11.20,87200,113,0,-,
8/28/2023,The Co-operative Bank of Kenya Ltd Ord 1.00,KES 11.40,176000,0,-,,
8/28/2023,NCBA Bank Ltd Ord 5.00,KES 38.45,24200,-173,475,-,
8/28/2023,Equity Group Holdings Ltd Ord 0.50,KES 39.55,23400,142,360,-,
8/28/2023,KCB Group Ltd Ord 1.00,KES 23.80,496700,235,840,-,
8/27/2023,KCB Group Ltd Ord 1.00,-,496700,235,840,-,
8/27/2023,Equity Group Holdings Ltd Ord 0.50,-,23400,142,360,-,
8/27/2023,Absa Bank Kenya Plc Ord 0.50,-,87200,113,0,-,
8/27/2023,NCBA Bank Ltd Ord 5.00,-,24200,-,-,,
8/27/2023,The Co-operative Bank of Kenya Ltd Ord 1.00,-,176000,-,-,,
8/25/2023,Absa Bank Kenya Plc Ord 0.50,KES 11.10,266300,0,-4.31%,,
8/25/2023,NCBA Bank Ltd Ord 5.00,KES 38.30,174900,0,2.27%,,
8/25/2023,KCB Group Ltd Ord 1.00,KES 23.80,452500,0,-5.37%,,
8/25/2023,Equity Group Holdings Ltd Ord 0.50,KES 39.50,49800,1,441,750,0.13%
8/25/2023,The Co-operative Bank of Kenya Ltd Ord 1.00,KES 11.40,155500,-34,50,0.00%,
8/24/2023,Absa Bank Kenya Plc Ord 0.50,KES 11.60,84800,0,-1.69%,,
8/24/2023,The Co-operative Bank of Kenya Ltd Ord 1.00,KES 11.40,273800,-1,305,-0.87%,
8/24/2023,NCBA Bank Ltd Ord 5.00,KES 37.45,56000,0,3.03%,,
8/24/2023,Equity Group Holdings Ltd Ord 0.50,KES 39.45,854900,-11,448,830,0.00%
8/24/2023,KCB Group Ltd Ord 1.00,KES 25.15,715600,0,-6.51%,,
8/23/2023,Absa Bank Kenya Plc Ord 0.50,KES 11.80,104900,0,0.43%,,
8/23/2023,KCB Group Ltd Ord 1.00,KES 26.90,228000,-793,485,-0.19%,
8/23/2023,The Co-operative Bank of Kenya Ltd Ord 1.00,KES 11.50,308700,-2,502,400,0.00%
8/23/2023,Equity Group Holdings Ltd Ord 0.50,KES 39.45,15900,0,0.77%,,
8/23/2023,NCBA Bank Ltd Ord 5.00,KES 36.35,11700,7,200,-5.71%,
8/22/2023,Absa Bank Kenya Plc Ord 0.50,KES 11.75,54300,0,-0.84%,,
8/22/2023,NCBA Bank Ltd Ord 5.00,KES 38.55,19700,0,-0.13%,,
8/22/2023,The Co-operative Bank of Kenya Ltd Ord 1.00,KES 11.50,439500,-3,488,130,-0.43%
8/22/2023,Equity Group Holdings Ltd Ord 0.50,KES 39.15,950800,0,0.26%,,
8/22/2023,KCB Group Ltd Ord 1.00,KES 26.95,120600,-796,250,-0.19%,
8/21/2023,Absa Bank Kenya Plc Ord 0.50,KES 11.85,96500,-886,890,-,
8/21/2023,The Co-operative Bank of Kenya Ltd Ord 1.00,KES 11.55,174900,-1,267,880,-
8/21/2023,NCBA Bank Ltd Ord 5.00,KES 38.60,45700,0,-,,
8/21/2023,KCB Group Ltd Ord 1.00,KES 27.00,370400,3,955,460,-
8/21/2023,Equity Group Holdings Ltd Ord 0.50,KES 39.05,1781000,-10,772,500,-
8/20/2023,KCB Group Ltd Ord 1.00,-,370400,3,955,460,-
8/20/2023,Absa Bank Kenya Plc Ord 0.50,-,96500,-,-,,
8/20/2023,Equity Group Holdings Ltd Ord 0.50,-,1781000,-,-,,
8/20/2023,NCBA Bank Ltd Ord 5.00,-,45700,-,-,,
8/20/2023,The Co-operative Bank of Kenya Ltd Ord 1.00,-,174900,-,-,,
8/18/2023,Absa Bank Kenya Plc Ord 0.50,KES 11.90,63600,0,-0.42%,,
8/18/2023,NCBA Bank Ltd Ord 5.00,KES 38.70,42200,-92,530,-0.64%,
8/18/2023,Equity Group Holdings Ltd Ord 0.50,KES 40.60,12200,4,50,-0.37%,
8/18/2023,The Co-operative Bank of Kenya Ltd Ord 1.00,KES 11.45,345000,-1,569,395,-1.29%
8/18/2023,KCB Group Ltd Ord 1.00,KES 27.50,272000,0,-0.54%,,
8/17/2023,Absa Bank Kenya Plc Ord 0.50,KES 11.95,275700,1,185,-0.83%,
8/17/2023,The Co-operative Bank of Kenya Ltd Ord 1.00,KES 11.60,577400,0,-0.85%,,
8/17/2023,KCB Group Ltd Ord 1.00,KES 27.65,254600,-112,530,-0.36%,
8/17/2023,Equity Group Holdings Ltd Ord 0.50,KES 40.75,162300,129,640,0.25%,
8/17/2023,NCBA Bank Ltd Ord 5.00,KES 38.95,25100,0,-0.13%,,
8/16/2023,Absa Bank Kenya Plc Ord 0.50,KES 12.05,159800,-915,-0.82%,,
8/16/2023,NCBA Bank Ltd Ord 5.00,KES 39.00,93600,-20,0,0.78%,
8/16/2023,The Co-operative Bank of Kenya Ltd Ord 1.00,KES 11.70,342500,0,0.00%,,
8/16/2023,Equity Group Holdings Ltd Ord 0.50,KES 40.65,523500,14,211,680,-0.12%
8/16/2023,KCB Group Ltd Ord 1.00,KES 27.75,518000,5,361,230,-1.25%
8/15/2023,Absa Bank Kenya Plc Ord 0.50,KES 12.15,69300,0,-0.41%,,
8/15/2023,NCBA Bank Ltd Ord 5.00,KES 38.70,48900,0,-0.77%,,
8/15/2023,The Co-operative Bank of Kenya Ltd Ord 1.00,KES 11.70,122900,-1,320,-0.43%,
8/15/2023,KCB Group Ltd Ord 1.00,KES 28.10,321800,-7,781,645,-1.40%
8/15/2023,Equity Group Holdings Ltd Ord 0.50,KES 40.70,235000,-4,728,100,-0.73%
8/14/2023,Absa Bank Kenya Plc Ord 0.50,KES 12.20,11574800,-6,605,160,-
8/14/2023,NCBA Bank Ltd Ord 5.00,KES 39.00,267700,0,-,,
8/14/2023,Equity Group Holdings Ltd Ord 0.50,KES 41.00,2848700,10,168,0,-
8/14/2023,KCB Group Ltd Ord 1.00,KES 28.50,334400,-6,357,600,-
8/14/2023,The Co-operative Bank of Kenya Ltd Ord 1.00,KES 11.75,882100,-4,184,900,-
8/13/2023,Equity Group Holdings Ltd Ord 0.50,-,2848700,10,168,0,-
8/13/2023,Absa Bank Kenya Plc Ord 0.50,-,11574800,-,-,,
8/13/2023,The Co-operative Bank of Kenya Ltd Ord 1.00,-,882100,-,-,,
8/13/2023,KCB Group Ltd Ord 1.00,-,334400,-,-,,
8/13/2023,NCBA Bank Ltd Ord 5.00,-,267700,-,-,,
8/11/2023,Absa Bank Kenya Plc Ord 0.50,KES 12.45,172400,0,0.00%,,
8/11/2023,The Co-operative Bank of Kenya Ltd Ord 1.00,KES 11.95,535300,0,0.42%,,
8/11/2023,NCBA Bank Ltd Ord 5.00,KES 39.25,76800,-156,0,-1.88%,
8/11/2023,KCB Group Ltd Ord 1.00,KES 28.90,214300,794,600,-0.34%,
8/11/2023,Equity Group Holdings Ltd Ord 0.50,KES 41.00,2588400,-1,242,335,0.00%
8/10/2023,Absa Bank Kenya Plc Ord 0.50,KES 12.45,11074600,135,705,0,0.00%
8/10/2023,NCBA Bank Ltd Ord 5.00,KES 40.00,18300,-728,0,2.56%,
8/10/2023,The Co-operative Bank of Kenya Ltd Ord 1.00,KES 11.90,329600,35,750,-0.83%,
8/10/2023,Equity Group Holdings Ltd Ord 0.50,KES 41.00,3037900,123,393,600,0.00%
8/10/2023,KCB Group Ltd Ord 1.00,KES 29.00,166300,-466,985,-0.85%,
8/9/2023,Absa Bank Kenya Plc Ord 0.50,KES 12.45,139500,0,0.00%,,
8/9/2023,NCBA Bank Ltd Ord 5.00,KES 39.00,407100,0,-0.89%,,
8/9/2023,The Co-operative Bank of Kenya Ltd Ord 1.00,KES 12.00,347400,0,-0.41%,,
8/9/2023,KCB Group Ltd Ord 1.00,KES 29.25,237300,-923,800,-2.01%,
8/9/2023,Equity Group Holdings Ltd Ord 0.50,KES 41.00,8048000,326,72,525,0.00%
8/8/2023,Absa Bank Kenya Plc Ord 0.50,KES 12.45,56800,0,0.00%,,
8/8/2023,The Co-operative Bank of Kenya Ltd Ord 1.00,KES 12.05,243300,0,0.42%,,
8/8/2023,NCBA Bank Ltd Ord 5.00,KES 39.35,23400,-244,0,-2.96%,
8/8/2023,Equity Group Holdings Ltd Ord 0.50,KES 41.00,1605800,64,644,360,0.00%
8/8/2023,KCB Group Ltd Ord 1.00,KES 29.85,404500,4,972,560,-0.50%
8/7/2023,Absa Bank Kenya Plc Ord 0.50,KES 12.45,43400,0,-,,
8/7/2023,The Co-operative Bank of Kenya Ltd Ord 1.00,KES 12.00,162800,0,-,,
8/7/2023,NCBA Bank Ltd Ord 5.00,KES 40.55,30500,-516,100,-,
8/7/2023,KCB Group Ltd Ord 1.00,KES 30.00,120600,-210,0,-,
8/7/2023,Equity Group Holdings Ltd Ord 0.50,KES 41.00,1655200,58,669,500,-
8/6/2023,Equity Group Holdings Ltd Ord 0.50,-,1655200,58,669,500,-
8/6/2023,KCB Group Ltd Ord 1.00,-,120600,-,-,,
8/6/2023,Absa Bank Kenya Plc Ord 0.50,-,43400,-,-,,
8/6/2023,The Co-operative Bank of Kenya Ltd Ord 1.00,-,162800,-,-,,
8/6/2023,NCBA Bank Ltd Ord 5.00,-,30500,-,-,,
8/4/2023,Absa Bank Kenya Plc Ord 0.50,KES 12.40,11000,0,0.40%,,
8/4/2023,The Co-operative Bank of Kenya Ltd Ord 1.00,KES 12.05,123300,0,0.42%,,
8/4/2023,NCBA Bank Ltd Ord 5.00,KES 41.70,21000,0,3.99%,,
8/4/2023,Equity Group Holdings Ltd Ord 0.50,KES 41.00,79800,2,357,500,1.11%
8/4/2023,KCB Group Ltd Ord 1.00,KES 29.40,64200,-1,240,150,1.38%
8/3/2023,Absa Bank Kenya Plc Ord 0.50,KES 12.35,103400,0,0.41%,,
8/3/2023,NCBA Bank Ltd Ord 5.00,KES 40.10,30600,131,175,2.30%,
8/3/2023,The Co-operative Bank of Kenya Ltd Ord 1.00,KES 12.00,73000,0,0.42%,,
8/3/2023,KCB Group Ltd Ord 1.00,KES 29.00,159600,0,1.40%,,
8/3/2023,Equity Group Holdings Ltd Ord 0.50,KES 40.55,160700,-1,367,680,0.25%
8/2/2023,Absa Bank Kenya Plc Ord 0.50,KES 12.30,136900,2,460,0.00%,
8/2/2023,The Co-operative Bank of Kenya Ltd Ord 1.00,KES 11.95,139600,2,380,0.00%,
8/2/2023,Equity Group Holdings Ltd Ord 0.50,KES 40.45,411000,-6,523,380,-2.53%
8/2/2023,KCB Group Ltd Ord 1.00,KES 28.60,533700,324,610,0.35%,
8/2/2023,NCBA Bank Ltd Ord 5.00,KES 39.20,3900,3,855,2.48%,
8/1/2023,Absa Bank Kenya Plc Ord 0.50,KES 12.30,114200,2,420,-0.40%,
8/1/2023,The Co-operative Bank of Kenya Ltd Ord 1.00,KES 11.95,81100,0,0.42%,,
8/1/2023,NCBA Bank Ltd Ord 5.00,KES 38.25,631500,0,-0.52%,,
8/1/2023,Equity Group Holdings Ltd Ord 0.50,KES 41.50,28500,0,1.22%,,
8/1/2023,KCB Group Ltd Ord 1.00,KES 28.50,1524700,26,918,250,0.00%
7/31/2023,Absa Bank Kenya Plc Ord 0.50,KES 12.35,188200,0,-,,
7/31/2023,The Co-operative Bank of Kenya Ltd Ord 1.00,KES 11.90,180000,0,-,,
7/31/2023,NCBA Bank Ltd Ord 5.00,KES 38.45,71600,0,-,,
7/31/2023,Equity Group Holdings Ltd Ord 0.50,KES 41.00,408900,47,300,-,
7/31/2023,KCB Group Ltd Ord 1.00,KES 28.50,552000,-14,144,545,-
7/30/2023,Equity Group Holdings Ltd Ord 0.50,-,408900,47,300,-,
7/30/2023,Absa Bank Kenya Plc Ord 0.50,-,188200,-,-,,
7/30/2023,KCB Group Ltd Ord 1.00,-,552000,-,-,,
7/30/2023,The Co-operative Bank of Kenya Ltd Ord 1.00,-,180000,-,-,,
7/30/2023,NCBA Bank Ltd Ord 5.00,-,71600,-,-,,
7/28/2023,Absa Bank Kenya Plc Ord 0.50,KES 12.40,49200,0,1.22%,,
7/28/2023,NCBA Bank Ltd Ord 5.00,KES 38.35,21300,0,0.13%,,
7/28/2023,The Co-operative Bank of Kenya Ltd Ord 1.00,KES 11.85,146500,23,600,0.00%,
7/28/2023,KCB Group Ltd Ord 1.00,KES 28.55,351100,-7,693,115,-0.35%
7/28/2023,Equity Group Holdings Ltd Ord 0.50,KES 40.60,119400,4,151,250,2.27%
7/27/2023,Absa Bank Kenya Plc Ord 0.50,KES 12.25,1619900,3,895,585,0.41%
7/27/2023,The Co-operative Bank of Kenya Ltd Ord 1.00,KES 11.85,188100,-2,360,-0.42%,
7/27/2023,NCBA Bank Ltd Ord 5.00,KES 38.30,69900,0,0.13%,,
7/27/2023,Equity Group Holdings Ltd Ord 0.50,KES 39.70,792700,28,127,950,-6.92%
7/27/2023,KCB Group Ltd Ord 1.00,KES 28.65,334200,-4,471,940,-0.17%
7/26/2023,Absa Bank Kenya Plc Ord 0.50,KES 12.20,201000,0,0.00%,,
7/26/2023,The Co-operative Bank of Kenya Ltd Ord 1.00,KES 11.90,181800,0,-0.42%,,
7/26/2023,NCBA Bank Ltd Ord 5.00,KES 38.25,16700,0,0.26%,,
7/26/2023,Equity Group Holdings Ltd Ord 0.50,KES 42.65,420300,-1,462,110,-5.01%
7/26/2023,KCB Group Ltd Ord 1.00,KES 28.70,739700,-15,931,285,-1.03%
7/25/2023,Absa Bank Kenya Plc Ord 0.50,KES 12.20,166000,0,-0.41%,,
7/25/2023,The Co-operative Bank of Kenya Ltd Ord 1.00,KES 11.95,131900,0,-0.42%,,
7/25/2023,NCBA Bank Ltd Ord 5.00,KES 38.15,26400,0,-0.26%,,
7/25/2023,Equity Group Holdings Ltd Ord 0.50,KES 44.90,986200,14,557,210,0.90%
7/25/2023,KCB Group Ltd Ord 1.00,KES 29.00,1022200,-25,548,780,-1.53%
7/24/2023,Absa Bank Kenya Plc Ord 0.50,KES 12.25,112500,0,-,,
7/24/2023,NCBA Bank Ltd Ord 5.00,KES 38.25,31400,0,-,,
7/24/2023,The Co-operative Bank of Kenya Ltd Ord 1.00,KES 12.00,371500,0,-,,
7/24/2023,Equity Group Holdings Ltd Ord 0.50,KES 44.50,1034100,43,725,455,-
7/24/2023,KCB Group Ltd Ord 1.00,KES 29.45,647800,-4,766,510,-
7/23/2023,Equity Group Holdings Ltd Ord 0.50,-,1034100,43,725,455,-
7/23/2023,KCB Group Ltd Ord 1.00,-,647800,-,-,,
7/23/2023,Absa Bank Kenya Plc Ord 0.50,-,112500,-,-,,
7/23/2023,NCBA Bank Ltd Ord 5.00,-,31400,-,-,,
7/23/2023,The Co-operative Bank of Kenya Ltd Ord 1.00,-,371500,-,-,,
7/21/2023,Absa Bank Kenya Plc Ord 0.50,KES 12.35,34500,137,760,0.00%,
7/21/2023,The Co-operative Bank of Kenya Ltd Ord 1.00,KES 11.95,107600,0,0.84%,,
7/21/2023,Equity Group Holdings Ltd Ord 0.50,KES 44.45,798900,-23,84,720,0.45%
7/21/2023,KCB Group Ltd Ord 1.00,KES 29.55,498800,-4,832,340,-0.51%
7/21/2023,NCBA Bank Ltd Ord 5.00,KES 38.55,14900,0,-0.90%,,
7/20/2023,Absa Bank Kenya Plc Ord 0.50,KES 12.35,1259100,2,460,0.82%,
7/20/2023,The Co-operative Bank of Kenya Ltd Ord 1.00,KES 11.85,113800,0,-0.42%,,
7/20/2023,NCBA Bank Ltd Ord 5.00,KES 38.90,12800,0,0.52%,,
7/20/2023,Equity Group Holdings Ltd Ord 0.50,KES 44.25,3722300,70,905,725,0.11%
7/20/2023,KCB Group Ltd Ord 1.00,KES 29.70,727200,-9,52,450,-1.82%
7/19/2023,Absa Bank Kenya Plc Ord 0.50,KES 12.25,100300,0,0.00%,,
7/19/2023,NCBA Bank Ltd Ord 5.00,KES 38.70,9500,0,-0.13%,,
7/19/2023,Equity Group Holdings Ltd Ord 0.50,KES 44.20,118000,2,410,285,0.45%
7/19/2023,KCB Group Ltd Ord 1.00,KES 30.25,245300,-3,973,355,-3.04%
7/19/2023,The Co-operative Bank of Kenya Ltd Ord 1.00,KES 11.90,423300,0,-0.83%,,
7/18/2023,Absa Bank Kenya Plc Ord 0.50,KES 12.25,427500,2,450,0.41%,
7/18/2023,NCBA Bank Ltd Ord 5.00,KES 38.75,17400,0,-2.76%,,
7/18/2023,The Co-operative Bank of Kenya Ltd Ord 1.00,KES 12.00,289600,0,-0.41%,,
7/18/2023,Equity Group Holdings Ltd Ord 0.50,KES 44.00,3094300,133,596,670,1.15%
7/18/2023,KCB Group Ltd Ord 1.00,KES 31.20,561900,-8,708,475,-1.27%
7/17/2023,Absa Bank Kenya Plc Ord 0.50,KES 12.20,106000,0,-,,
7/17/2023,The Co-operative Bank of Kenya Ltd Ord 1.00,KES 12.05,202100,0,-,,
7/17/2023,NCBA Bank Ltd Ord 5.00,KES 39.85,14900,0,-,,
7/17/2023,Equity Group Holdings Ltd Ord 0.50,KES 43.50,1077400,32,125,765,-
7/17/2023,KCB Group Ltd Ord 1.00,KES 31.60,154300,-1,437,180,-
7/16/2023,Equity Group Holdings Ltd Ord 0.50,-,1077400,32,125,765,-
7/16/2023,NCBA Bank Ltd Ord 5.00,-,14900,-,-,,
7/16/2023,Absa Bank Kenya Plc Ord 0.50,-,106000,-,-,,
7/16/2023,KCB Group Ltd Ord 1.00,-,154300,-,-,,
7/16/2023,The Co-operative Bank of Kenya Ltd Ord 1.00,-,202100,-,-,,
7/14/2023,Absa Bank Kenya Plc Ord 0.50,KES 12.20,145800,0,0.00%,,
7/14/2023,The Co-operative Bank of Kenya Ltd Ord 1.00,KES 12.10,274000,0,0.83%,,
7/14/2023,NCBA Bank Ltd Ord 5.00,KES 39.85,5100,0,1.27%,,
7/14/2023,Equity Group Holdings Ltd Ord 0.50,KES 43.05,144700,4,300,0,0.12%
7/14/2023,KCB Group Ltd Ord 1.00,KES 30.15,1588500,4,514,720,1.01%
7/13/2023,Absa Bank Kenya Plc Ord 0.50,KES 12.20,85000,0,0.41%,,
7/13/2023,NCBA Bank Ltd Ord 5.00,KES 39.35,30000,0,-0.38%,,
7/13/2023,The Co-operative Bank of Kenya Ltd Ord 1.00,KES 12.00,344300,13,255,-0.41%,
7/13/2023,Equity Group Holdings Ltd Ord 0.50,KES 43.00,1230900,45,690,450,1.18%
7/13/2023,KCB Group Ltd Ord 1.00,KES 29.85,763400,-14,620,30,2.58%
7/12/2023,NCBA Bank Ltd Ord 5.00,KES 39.50,3500,0,0.25%,,
7/12/2023,Absa Bank Kenya Plc Ord 0.50,KES 12.15,88900,-637,875,0.00%,
7/12/2023,KCB Group Ltd Ord 1.00,KES 29.10,2124400,-15,54,135,0.34%
7/12/2023,The Co-operative Bank of Kenya Ltd Ord 1.00,KES 12.05,191200,903,750,0.00%,
7/12/2023,Equity Group Holdings Ltd Ord 0.50,KES 42.50,2045200,12,191,770,2.29%
7/11/2023,Absa Bank Kenya Plc Ord 0.50,KES 12.15,100500,0,0.41%,,
7/11/2023,The Co-operative Bank of Kenya Ltd Ord 1.00,KES 12.05,267500,0,-1.23%,,
7/11/2023,NCBA Bank Ltd Ord 5.00,KES 39.40,61000,0,0.38%,,
7/11/2023,Equity Group Holdings Ltd Ord 0.50,KES 41.55,1458500,3,451,350,1.71%
7/11/2023,KCB Group Ltd Ord 1.00,KES 29.00,434600,-6,124,735,-0.17%
7/10/2023,Absa Bank Kenya Plc Ord 0.50,KES 12.10,193900,0,-,,
7/10/2023,The Co-operative Bank of Kenya Ltd Ord 1.00,KES 12.20,103100,10,935,-,
7/10/2023,KCB Group Ltd Ord 1.00,KES 29.05,308600,-1,455,710,-
7/10/2023,NCBA Bank Ltd Ord 5.00,KES 39.25,17900,0,-,,
7/10/2023,Equity Group Holdings Ltd Ord 0.50,KES 40.85,394100,704,30,-,
7/9/2023,The Co-operative Bank of Kenya Ltd Ord 1.00,-,103100,10,935,-,
7/9/2023,Equity Group Holdings Ltd Ord 0.50,-,394100,704,30,-,
7/9/2023,Absa Bank Kenya Plc Ord 0.50,-,193900,-,-,,
7/9/2023,KCB Group Ltd Ord 1.00,-,308600,-,-,,
7/9/2023,NCBA Bank Ltd Ord 5.00,-,17900,-,-,,
7/7/2023,Absa Bank Kenya Plc Ord 0.50,KES 12.10,199200,-1,659,360,-1.63%
7/7/2023,KCB Group Ltd Ord 1.00,KES 29.15,4501900,69,760,10,0.00%
7/7/2023,NCBA Bank Ltd Ord 5.00,KES 39.40,30000,0,-0.25%,,
7/7/2023,Equity Group Holdings Ltd Ord 0.50,KES 40.00,3589900,-40,174,335,0.38%
7/7/2023,The Co-operative Bank of Kenya Ltd Ord 1.00,KES 12.20,100700,0,1.24%,,
7/6/2023,Absa Bank Kenya Plc Ord 0.50,KES 12.30,119000,0,1.65%,,
7/6/2023,NCBA Bank Ltd Ord 5.00,KES 39.50,34700,0,1.41%,,
7/6/2023,KCB Group Ltd Ord 1.00,KES 29.15,1546900,-12,560,375,-0.51%
7/6/2023,The Co-operative Bank of Kenya Ltd Ord 1.00,KES 12.05,182000,0,-0.41%,,
7/6/2023,Equity Group Holdings Ltd Ord 0.50,KES 39.85,1604300,-6,411,0,1.53%
7/5/2023,Absa Bank Kenya Plc Ord 0.50,KES 12.10,6279300,75,67,95,0.83%
7/5/2023,The Co-operative Bank of Kenya Ltd Ord 1.00,KES 12.10,378400,2,440,-0.82%,
7/5/2023,NCBA Bank Ltd Ord 5.00,KES 38.95,58600,0,1.70%,,
7/5/2023,Equity Group Holdings Ltd Ord 0.50,KES 39.25,414600,-753,530,0.13%,
7/5/2023,KCB Group Ltd Ord 1.00,KES 29.30,389100,-8,141,790,-0.51%
7/4/2023,Absa Bank Kenya Plc Ord 0.50,KES 12.00,206900,-52,800,1.27%,
7/4/2023,KCB Group Ltd Ord 1.00,KES 29.45,1555900,-11,758,730,0.51%
7/4/2023,The Co-operative Bank of Kenya Ltd Ord 1.00,KES 12.20,127600,0,0.41%,,
7/4/2023,NCBA Bank Ltd Ord 5.00,KES 38.30,5500,0,-1.42%,,
7/4/2023,Equity Group Holdings Ltd Ord 0.50,KES 39.20,768600,28,384,720,2.35%
7/3/2023,The Co-operative Bank of Kenya Ltd Ord 1.00,KES 12.15,50600,36,450,-,
7/3/2023,Absa Bank Kenya Plc Ord 0.50,KES 11.85,194700,0,-,,
7/3/2023,KCB Group Ltd Ord 1.00,KES 29.30,164000,-1,722,850,-
7/3/2023,NCBA Bank Ltd Ord 5.00,KES 38.85,7500,0,-,,
7/3/2023,Equity Group Holdings Ltd Ord 0.50,KES 38.30,1194900,2,555,950,-
7/2/2023,The Co-operative Bank of Kenya Ltd Ord 1.00,-,50600,36,450,-,
7/2/2023,Equity Group Holdings Ltd Ord 0.50,-,1194900,2,555,950,-
7/2/2023,Absa Bank Kenya Plc Ord 0.50,-,194700,-,-,,
7/2/2023,KCB Group Ltd Ord 1.00,-,164000,-,-,,
7/2/2023,NCBA Bank Ltd Ord 5.00,-,7500,-,-,,
6/30/2023,Absa Bank Kenya Plc Ord 0.50,KES 11.80,44300,0,0.85%,,
6/30/2023,NCBA Bank Ltd Ord 5.00,KES 38.85,44600,0,1.17%,,
6/30/2023,The Co-operative Bank of Kenya Ltd Ord 1.00,KES 12.20,117000,36,600,-0.41%,
6/30/2023,KCB Group Ltd Ord 1.00,KES 29.30,823400,-14,155,285,-0.51%
6/30/2023,Equity Group Holdings Ltd Ord 0.50,KES 38.25,1114400,-9,385,60,-1.29%
6/29/2023,Absa Bank Kenya Plc Ord 0.50,KES 11.70,162200,15,210,-,
6/29/2023,NCBA Bank Ltd Ord 5.00,KES 38.40,10200,0,-,,
6/29/2023,The Co-operative Bank of Kenya Ltd Ord 1.00,KES 12.25,43100,0,-,,
6/29/2023,KCB Group Ltd Ord 1.00,KES 29.45,119300,-1,614,70,-
6/29/2023,Equity Group Holdings Ltd Ord 0.50,KES 38.75,38900,-375,-,,
6/28/2023,Absa Bank Kenya Plc Ord 0.50,-,162200,15,210,-,
6/28/2023,KCB Group Ltd Ord 1.00,-,119300,-,-,,
6/28/2023,NCBA Bank Ltd Ord 5.00,-,10200,-,-,,
6/28/2023,Equity Group Holdings Ltd Ord 0.50,-,38900,-,-,,
6/28/2023,The Co-operative Bank of Kenya Ltd Ord 1.00,-,43100,-,-,,
6/27/2023,Absa Bank Kenya Plc Ord 0.50,KES 11.70,124400,0,-0.43%,,
6/27/2023,The Co-operative Bank of Kenya Ltd Ord 1.00,KES 12.25,490800,0,0.41%,,
6/27/2023,KCB Group Ltd Ord 1.00,KES 29.45,401100,-5,735,920,0.51%
6/27/2023,Equity Group Holdings Ltd Ord 0.50,KES 38.75,147900,0,3.33%,,
6/27/2023,NCBA Bank Ltd Ord 5.00,KES 38.95,85600,0,-0.38%,,
6/26/2023,Absa Bank Kenya Plc Ord 0.50,KES 11.75,72100,0,-,,
6/26/2023,The Co-operative Bank of Kenya Ltd Ord 1.00,KES 12.20,112900,0,-,,
6/26/2023,NCBA Bank Ltd Ord 5.00,KES 39.10,51600,0,-,,
6/26/2023,KCB Group Ltd Ord 1.00,KES 29.30,675700,-5,784,315,-
6/26/2023,Equity Group Holdings Ltd Ord 0.50,KES 37.50,1338100,-9,933,750,-
6/25/2023,Absa Bank Kenya Plc Ord 0.50,-,72100,-,-,,
6/25/2023,Equity Group Holdings Ltd Ord 0.50,-,1338100,-,-,,
6/25/2023,NCBA Bank Ltd Ord 5.00,-,51600,-,-,,
6/25/2023,KCB Group Ltd Ord 1.00,-,675700,-,-,,
6/25/2023,The Co-operative Bank of Kenya Ltd Ord 1.00,-,112900,-,-,,
6/23/2023,The Co-operative Bank of Kenya Ltd Ord 1.00,KES 12.30,647900,-669,120,-0.40%,
6/23/2023,Absa Bank Kenya Plc Ord 0.50,KES 11.75,52400,-11,650,0.00%,
6/23/2023,NCBA Bank Ltd Ord 5.00,KES 38.95,8600,0,1.96%,,
6/23/2023,KCB Group Ltd Ord 1.00,KES 29.50,376200,-1,471,380,0.00%
6/23/2023,Equity Group Holdings Ltd Ord 0.50,KES 37.50,1154800,3,529,100,0.13%
6/22/2023,The Co-operative Bank of Kenya Ltd Ord 1.00,KES 12.35,2108600,0,1.23%,,
6/22/2023,Absa Bank Kenya Plc Ord 0.50,KES 11.75,19600,0,0.00%,,
6/22/2023,KCB Group Ltd Ord 1.00,KES 29.50,311600,-1,681,500,0.17%
6/22/2023,NCBA Bank Ltd Ord 5.00,KES 38.20,3340500,0,-2.30%,,
6/22/2023,Equity Group Holdings Ltd Ord 0.50,KES 37.45,1310800,6,379,355,-1.06%
6/21/2023,Absa Bank Kenya Plc Ord 0.50,KES 11.75,270800,0,0.43%,,
6/21/2023,NCBA Bank Ltd Ord 5.00,KES 39.10,9800,0,1.16%,,
6/21/2023,The Co-operative Bank of Kenya Ltd Ord 1.00,KES 12.20,262700,0,0.83%,,
6/21/2023,KCB Group Ltd Ord 1.00,KES 29.45,573700,-10,578,30,0.34%
6/21/2023,Equity Group Holdings Ltd Ord 0.50,KES 37.85,83100,-2,445,110,-0.13%
6/20/2023,Absa Bank Kenya Plc Ord 0.50,KES 11.70,95100,0,0.86%,,
6/20/2023,NCBA Bank Ltd Ord 5.00,KES 38.65,18400,0,-2.03%,,
6/20/2023,KCB Group Ltd Ord 1.00,KES 29.35,254400,-2,897,830,-0.51%
6/20/2023,Equity Group Holdings Ltd Ord 0.50,KES 37.90,26000,0,1.07%,,
6/20/2023,The Co-operative Bank of Kenya Ltd Ord 1.00,KES 12.10,87600,0,-0.82%,,
6/19/2023,Absa Bank Kenya Plc Ord 0.50,KES 11.60,40000,0,-,,
6/19/2023,KCB Group Ltd Ord 1.00,KES 29.50,254800,-2,542,950,-
6/19/2023,The Co-operative Bank of Kenya Ltd Ord 1.00,KES 12.20,58800,0,-,,
6/19/2023,Equity Group Holdings Ltd Ord 0.50,KES 37.50,41000,-1,161,605,-
6/19/2023,NCBA Bank Ltd Ord 5.00,KES 39.45,107000,0,-,,
6/18/2023,Absa Bank Kenya Plc Ord 0.50,-,40000,-,-,,
6/18/2023,KCB Group Ltd Ord 1.00,-,254800,-,-,,
6/18/2023,Equity Group Holdings Ltd Ord 0.50,-,41000,-,-,,
6/18/2023,NCBA Bank Ltd Ord 5.00,-,107000,-,-,,
6/18/2023,The Co-operative Bank of Kenya Ltd Ord 1.00,-,58800,-,-,,
6/16/2023,Absa Bank Kenya Plc Ord 0.50,KES 11.55,1505500,0,-1.28%,,
6/16/2023,The Co-operative Bank of Kenya Ltd Ord 1.00,KES 12.20,5880800,0,-0.41%,,
6/16/2023,NCBA Bank Ltd Ord 5.00,KES 39.30,3500,0,-0.38%,,
6/16/2023,Equity Group Holdings Ltd Ord 0.50,KES 37.15,435800,-11,853,265,0.13%
6/16/2023,KCB Group Ltd Ord 1.00,KES 29.45,379800,-6,189,890,-0.17%
6/15/2023,The Co-operative Bank of Kenya Ltd Ord 1.00,KES 12.25,297100,0,0.41%,,
6/15/2023,Absa Bank Kenya Plc Ord 0.50,KES 11.70,75000,0,-0.43%,,
6/15/2023,KCB Group Ltd Ord 1.00,KES 29.50,2284600,50,44,355,-4.84%
6/15/2023,NCBA Bank Ltd Ord 5.00,KES 39.45,395000,-900,600,-0.75%,
6/15/2023,Equity Group Holdings Ltd Ord 0.50,KES 37.10,7078500,-16,634,295,0.00%
6/14/2023,Absa Bank Kenya Plc Ord 0.50,KES 11.75,83800,-1,175,0.00%,
6/14/2023,The Co-operative Bank of Kenya Ltd Ord 1.00,KES 12.20,145700,0,-0.41%,,
6/14/2023,NCBA Bank Ltd Ord 5.00,KES 39.75,218500,0,0.38%,,
6/14/2023,KCB Group Ltd Ord 1.00,KES 31.00,2555000,-76,343,255,0.00%
6/14/2023,Equity Group Holdings Ltd Ord 0.50,KES 37.10,1756600,-1,718,430,0.00%
6/13/2023,Absa Bank Kenya Plc Ord 0.50,KES 11.75,107200,0,1.29%,,
6/13/2023,NCBA Bank Ltd Ord 5.00,KES 39.60,90000,-199,750,-0.13%,
6/13/2023,KCB Group Ltd Ord 1.00,KES 31.00,705800,-21,48,315,-1.74%
6/13/2023,The Co-operative Bank of Kenya Ltd Ord 1.00,KES 12.25,168400,0,0.41%,,
6/13/2023,Equity Group Holdings Ltd Ord 0.50,KES 37.10,696600,-24,742,230,-1.98%
6/12/2023,Absa Bank Kenya Plc Ord 0.50,KES 11.60,1473900,15,736,460,-
6/12/2023,The Co-operative Bank of Kenya Ltd Ord 1.00,KES 12.20,256700,0,-,,
6/12/2023,NCBA Bank Ltd Ord 5.00,KES 39.65,5200,0,-,,
6/12/2023,KCB Group Ltd Ord 1.00,KES 31.55,170200,-4,843,170,-
6/12/2023,Equity Group Holdings Ltd Ord 0.50,KES 37.85,39500,-576,290,-,
6/11/2023,Absa Bank Kenya Plc Ord 0.50,-,1473900,15,736,460,-
6/11/2023,KCB Group Ltd Ord 1.00,-,170200,-,-,,
6/11/2023,Equity Group Holdings Ltd Ord 0.50,-,39500,-,-,,
6/11/2023,The Co-operative Bank of Kenya Ltd Ord 1.00,-,256700,-,-,,
6/11/2023,NCBA Bank Ltd Ord 5.00,-,5200,-,-,,
6/9/2023,Absa Bank Kenya Plc Ord 0.50,KES 11.55,49000,0,0.87%,,
6/9/2023,KCB Group Ltd Ord 1.00,KES 31.80,65400,0,-0.31%,,
6/9/2023,The Co-operative Bank of Kenya Ltd Ord 1.00,KES 12.20,1266900,0,-0.41%,,
6/9/2023,NCBA Bank Ltd Ord 5.00,KES 39.90,27200,0,0.38%,,
6/9/2023,Equity Group Holdings Ltd Ord 0.50,KES 37.90,1007200,-3,328,710,-0.39%
6/8/2023,Absa Bank Kenya Plc Ord 0.50,KES 11.45,258900,0,-2.14%,,
6/8/2023,The Co-operative Bank of Kenya Ltd Ord 1.00,KES 12.25,320300,0,1.24%,,
6/8/2023,NCBA Bank Ltd Ord 5.00,KES 39.75,6700,0,2.45%,,
6/8/2023,Equity Group Holdings Ltd Ord 0.50,KES 38.05,188200,-4,73,270,-0.52%
6/8/2023,KCB Group Ltd Ord 1.00,KES 31.90,77300,31,850,0.31%,
6/7/2023,Absa Bank Kenya Plc Ord 0.50,KES 11.70,312100,293,750,-0.85%,
6/7/2023,NCBA Bank Ltd Ord 5.00,KES 38.80,440700,0,3.05%,,
6/7/2023,KCB Group Ltd Ord 1.00,KES 31.80,778300,-793,750,-0.16%,
6/7/2023,The Co-operative Bank of Kenya Ltd Ord 1.00,KES 12.10,795000,-744,0,0.83%,
6/7/2023,Equity Group Holdings Ltd Ord 0.50,KES 38.25,137800,-579,585,-0.65%,
6/6/2023,Absa Bank Kenya Plc Ord 0.50,KES 11.80,406300,153,425,0.00%,
6/6/2023,KCB Group Ltd Ord 1.00,KES 31.85,281000,-3,675,625,-0.16%
6/6/2023,NCBA Bank Ltd Ord 5.00,KES 37.65,51800,0,0.53%,,
6/6/2023,Equity Group Holdings Ltd Ord 0.50,KES 38.50,768200,38,500,0.26%,
6/6/2023,The Co-operative Bank of Kenya Ltd Ord 1.00,KES 12.00,259100,0,-0.83%,,
6/5/2023,Absa Bank Kenya Plc Ord 0.50,KES 11.80,152200,139,230,-,
6/5/2023,The Co-operative Bank of Kenya Ltd Ord 1.00,KES 12.10,1104700,3,977,945,-
6/5/2023,NCBA Bank Ltd Ord 5.00,KES 37.45,42900,0,-,,
6/5/2023,KCB Group Ltd Ord 1.00,KES 31.90,263900,353,435,-,
6/5/2023,Equity Group Holdings Ltd Ord 0.50,KES 38.40,133200,-3,885,-,
6/4/2023,KCB Group Ltd Ord 1.00,-,263900,353,435,-,
6/4/2023,The Co-operative Bank of Kenya Ltd Ord 1.00,-,1104700,3,977,945,-
6/4/2023,Absa Bank Kenya Plc Ord 0.50,-,152200,139,230,-,
6/4/2023,Equity Group Holdings Ltd Ord 0.50,-,133200,-,-,,
6/4/2023,NCBA Bank Ltd Ord 5.00,-,42900,-,-,,
6/2/2023,The Co-operative Bank of Kenya Ltd Ord 1.00,KES 12.10,594300,0,-,,
6/2/2023,NCBA Bank Ltd Ord 5.00,KES 37.00,28300,0,-,,
6/2/2023,Absa Bank Kenya Plc Ord 0.50,KES 11.60,100200,0,-,,
6/2/2023,KCB Group Ltd Ord 1.00,KES 31.90,525700,-47,625,-,
6/2/2023,Equity Group Holdings Ltd Ord 0.50,KES 38.15,72200,-953,800,-,
6/1/2023,KCB Group Ltd Ord 1.00,-,525700,-,-,,
6/1/2023,Absa Bank Kenya Plc Ord 0.50,-,100200,-,-,,
6/1/2023,Equity Group Holdings Ltd Ord 0.50,-,72200,-,-,,
6/1/2023,The Co-operative Bank of Kenya Ltd Ord 1.00,-,594300,-,-,,
6/1/2023,NCBA Bank Ltd Ord 5.00,-,28300,-,-,,
5/31/2023,Absa Bank Kenya Plc Ord 0.50,KES 11.35,313300,0,1.34%,,
5/31/2023,NCBA Bank Ltd Ord 5.00,KES 36.00,28400,0,0.84%,,
5/31/2023,The Co-operative Bank of Kenya Ltd Ord 1.00,KES 12.10,2323400,-1,200,0.83%,
5/31/2023,KCB Group Ltd Ord 1.00,KES 31.80,80200,124,570,-0.16%,
5/31/2023,Equity Group Holdings Ltd Ord 0.50,KES 37.90,920500,-10,650,960,-0.52%
5/30/2023,Absa Bank Kenya Plc Ord 0.50,KES 11.20,247400,0,1.82%,,
5/30/2023,Equity Group Holdings Ltd Ord 0.50,KES 38.10,295600,7,474,955,1.87%
5/30/2023,KCB Group Ltd Ord 1.00,KES 31.85,145800,-630,200,0.00%,
5/30/2023,The Co-operative Bank of Kenya Ltd Ord 1.00,KES 12.00,3558300,0,0.00%,,
5/30/2023,NCBA Bank Ltd Ord 5.00,KES 35.70,10900,0,2.00%,,
5/29/2023,Absa Bank Kenya Plc Ord 0.50,KES 11.00,89200,0,-,,
5/29/2023,KCB Group Ltd Ord 1.00,KES 31.85,109800,-20,695,-,
5/29/2023,NCBA Bank Ltd Ord 5.00,KES 35.00,283900,-9,731,485,-
5/29/2023,The Co-operative Bank of Kenya Ltd Ord 1.00,KES 12.00,4079200,0,-,,
5/29/2023,Equity Group Holdings Ltd Ord 0.50,KES 37.40,35100,66,400,-,
5/28/2023,Equity Group Holdings Ltd Ord 0.50,-,35100,66,400,-,
5/28/2023,KCB Group Ltd Ord 1.00,-,109800,-,-,,
5/28/2023,Absa Bank Kenya Plc Ord 0.50,-,89200,-,-,,
5/28/2023,The Co-operative Bank of Kenya Ltd Ord 1.00,-,4079200,-,-,,
5/28/2023,NCBA Bank Ltd Ord 5.00,-,283900,-,-,,
5/26/2023,Absa Bank Kenya Plc Ord 0.50,KES 10.80,9628900,0,3.35%,,
5/26/2023,The Co-operative Bank of Kenya Ltd Ord 1.00,KES 11.40,803300,0,2.24%,,
5/26/2023,KCB Group Ltd Ord 1.00,KES 31.05,114200,0,0.16%,,
5/26/2023,NCBA Bank Ltd Ord 5.00,KES 34.60,57400,-339,15,1.32%,
5/26/2023,Equity Group Holdings Ltd Ord 0.50,KES 36.90,3118400,-3,992,700,0.27%
5/25/2023,The Co-operative Bank of Kenya Ltd Ord 1.00,KES 11.15,599100,131,400,-10.80%,
5/25/2023,Absa Bank Kenya Plc Ord 0.50,KES 10.45,235600,0,0.00%,,
5/25/2023,NCBA Bank Ltd Ord 5.00,KES 34.15,86300,0,0.59%,,
5/25/2023,KCB Group Ltd Ord 1.00,KES 31.00,2092100,24,558,900,3.16%
5/25/2023,Equity Group Holdings Ltd Ord 0.50,KES 36.80,775900,-3,176,470,0.68%
5/24/2023,Absa Bank Kenya Plc Ord 0.50,KES 10.45,399700,0,0.97%,,
5/24/2023,KCB Group Ltd Ord 1.00,KES 30.05,159600,2,82,660,0.00%
5/24/2023,The Co-operative Bank of Kenya Ltd Ord 1.00,KES 12.50,1169400,0,1.21%,,
5/24/2023,NCBA Bank Ltd Ord 5.00,KES 33.95,95400,0,1.04%,,
5/24/2023,Equity Group Holdings Ltd Ord 0.50,KES 36.55,650500,-4,258,155,2.09%
5/23/2023,KCB Group Ltd Ord 1.00,KES 30.05,56800,900,400,0.33%,
5/23/2023,Absa Bank Kenya Plc Ord 0.50,KES 10.35,239800,2,135,-0.96%,
5/23/2023,NCBA Bank Ltd Ord 5.00,KES 33.60,7100,0,-0.59%,,
5/23/2023,The Co-operative Bank of Kenya Ltd Ord 1.00,KES 12.35,2034700,-3,264,890,0.82%
5/23/2023,Equity Group Holdings Ltd Ord 0.50,KES 35.80,90800,35,750,-2.05%,
5/22/2023,Absa Bank Kenya Plc Ord 0.50,KES 10.45,239800,-414,975,0.48%,
5/22/2023,NCBA Bank Ltd Ord 5.00,KES 33.80,7100,0,3.68%,,
5/22/2023,The Co-operative Bank of Kenya Ltd Ord 1.00,KES 12.25,2034700,-5,876,930,0.00%
5/22/2023,Equity Group Holdings Ltd Ord 0.50,KES 36.55,90800,1,43,35,-
5/22/2023,KCB Group Ltd Ord 1.00,KES 29.95,56800,29,600,-,
5/21/2023,KCB Group Ltd Ord 1.00,-,-,29,600,-,
5/21/2023,Equity Group Holdings Ltd Ord 0.50,-,-,1,43,35,-
5/19/2023,Absa Bank Kenya Plc Ord 0.50,KES 10.40,141400,0,0.48%,,
5/19/2023,NCBA Bank Ltd Ord 5.00,KES 32.60,9600,0,-5.23%,,
5/19/2023,The Co-operative Bank of Kenya Ltd Ord 1.00,KES 12.25,1156200,-6,443,60,-0.41%
5/19/2023,KCB Group Ltd Ord 1.00,KES 30.85,77200,92,850,-0.48%,
5/19/2023,Equity Group Holdings Ltd Ord 0.50,KES 38.40,3468000,-72,488,975,-0.90%
5/18/2023,The Co-operative Bank of Kenya Ltd Ord 1.00,KES 12.30,754900,0,0.00%,,
5/18/2023,Absa Bank Kenya Plc Ord 0.50,KES 10.35,1141800,-527,850,0.00%,
5/18/2023,NCBA Bank Ltd Ord 5.00,KES 34.40,3300,0,6.67%,,
5/18/2023,Equity Group Holdings Ltd Ord 0.50,KES 38.75,1010200,-23,583,330,-1.77%
5/18/2023,KCB Group Ltd Ord 1.00,KES 31.00,291500,-373,315,-1.74%,
5/17/2023,The Co-operative Bank of Kenya Ltd Ord 1.00,KES 12.30,1386500,0,0.00%,,
5/17/2023,Absa Bank Kenya Plc Ord 0.50,KES 10.35,198500,103,250,0.00%,
5/17/2023,KCB Group Ltd Ord 1.00,KES 31.55,2246800,-4,208,400,1.12%
5/17/2023,NCBA Bank Ltd Ord 5.00,KES 32.25,12000,348,350,2.71%,
5/17/2023,Equity Group Holdings Ltd Ord 0.50,KES 39.45,577200,-13,517,625,-1.13%
5/16/2023,Absa Bank Kenya Plc Ord 0.50,KES 10.35,194600,0,0.98%,,
5/16/2023,The Co-operative Bank of Kenya Ltd Ord 1.00,KES 12.30,1291700,0,-0.81%,,
5/16/2023,NCBA Bank Ltd Ord 5.00,KES 31.40,313600,-2,22,160,2.28%
5/16/2023,KCB Group Ltd Ord 1.00,KES 31.20,44900,178,655,7.59%,
5/16/2023,Equity Group Holdings Ltd Ord 0.50,KES 39.90,1690500,-19,656,815,-1.48%
5/15/2023,Absa Bank Kenya Plc Ord 0.50,KES 10.25,76200,0,-,,
5/15/2023,NCBA Bank Ltd Ord 5.00,KES 30.70,38700,0,-,,
5/15/2023,The Co-operative Bank of Kenya Ltd Ord 1.00,KES 12.40,1096300,0,-,,
5/15/2023,KCB Group Ltd Ord 1.00,KES 29.00,656900,-512,550,-,
5/15/2023,Equity Group Holdings Ltd Ord 0.50,KES 40.50,102400,-1,619,25,-
5/14/2023,Absa Bank Kenya Plc Ord 0.50,-,76200,-,-,,
5/14/2023,Equity Group Holdings Ltd Ord 0.50,-,102400,-,-,,
5/14/2023,KCB Group Ltd Ord 1.00,-,656900,-,-,,
5/14/2023,The Co-operative Bank of Kenya Ltd Ord 1.00,-,1096300,-,-,,
5/14/2023,NCBA Bank Ltd Ord 5.00,-,38700,-,-,,
5/12/2023,Absa Bank Kenya Plc Ord 0.50,KES 10.20,104100,0,-0.49%,,
5/12/2023,The Co-operative Bank of Kenya Ltd Ord 1.00,KES 12.00,1755200,-6,746,400,0.00%
5/12/2023,NCBA Bank Ltd Ord 5.00,KES 32.05,10500,0,-5.46%,,
5/12/2023,Equity Group Holdings Ltd Ord 0.50,KES 40.80,55800,-100,-3.77%,,
5/12/2023,KCB Group Ltd Ord 1.00,KES 28.50,164900,0,-2.40%,,
5/11/2023,The Co-operative Bank of Kenya Ltd Ord 1.00,KES 12.00,776900,-3,778,820,-2.04%
5/11/2023,Absa Bank Kenya Plc Ord 0.50,KES 10.25,132200,0,0.00%,,
5/11/2023,KCB Group Ltd Ord 1.00,KES 29.20,182100,-1,925,290,-0.85%
5/11/2023,NCBA Bank Ltd Ord 5.00,KES 33.90,13200,0,-1.88%,,
5/11/2023,Equity Group Holdings Ltd Ord 0.50,KES 42.40,33800,21,250,-2.08%,
5/10/2023,NCBA Bank Ltd Ord 5.00,KES 34.55,1500,0,0.44%,,
5/10/2023,The Co-operative Bank of Kenya Ltd Ord 1.00,KES 12.25,1235500,-9,104,890,-3.54%
5/10/2023,Absa Bank Kenya Plc Ord 0.50,KES 10.25,174700,0,-1.44%,,
5/10/2023,KCB Group Ltd Ord 1.00,KES 29.45,804200,-8,891,280,-2.64%
5/10/2023,Equity Group Holdings Ltd Ord 0.50,KES 43.30,55800,0,-2.37%,,
5/9/2023,Absa Bank Kenya Plc Ord 0.50,KES 10.40,4654400,25,228,70,-0.95%
5/9/2023,NCBA Bank Ltd Ord 5.00,KES 34.40,10600,0,-1.71%,,
5/9/2023,The Co-operative Bank of Kenya Ltd Ord 1.00,KES 12.70,433300,1,48,100,-0.39%
5/9/2023,KCB Group Ltd Ord 1.00,KES 30.25,319400,-6,128,690,-3.04%
5/9/2023,Equity Group Holdings Ltd Ord 0.50,KES 44.35,46200,0,-1.33%,,
5/8/2023,Absa Bank Kenya Plc Ord 0.50,KES 10.50,91600,0,-,,
5/8/2023,NCBA Bank Ltd Ord 5.00,KES 35.00,7200,0,-,,
5/8/2023,KCB Group Ltd Ord 1.00,KES 31.20,233200,0,-,,
5/8/2023,Equity Group Holdings Ltd Ord 0.50,KES 44.95,42800,0,-,,
5/8/2023,The Co-operative Bank of Kenya Ltd Ord 1.00,KES 12.75,489500,0,-,,
5/7/2023,Absa Bank Kenya Plc Ord 0.50,-,91600,-,-,,
5/7/2023,NCBA Bank Ltd Ord 5.00,-,7200,-,-,,
5/7/2023,Equity Group Holdings Ltd Ord 0.50,-,42800,-,-,,
5/7/2023,The Co-operative Bank of Kenya Ltd Ord 1.00,-,489500,-,-,,
5/7/2023,KCB Group Ltd Ord 1.00,-,233200,-,-,,
5/5/2023,Absa Bank Kenya Plc Ord 0.50,KES 10.10,143500,10,100,-0.49%,
5/5/2023,The Co-operative Bank of Kenya Ltd Ord 1.00,KES 12.80,298800,-456,760,0.00%,
5/5/2023,KCB Group Ltd Ord 1.00,KES 31.60,136000,0,-1.10%,,
5/5/2023,NCBA Bank Ltd Ord 5.00,KES 33.45,9300,0,0.30%,,
5/5/2023,Equity Group Holdings Ltd Ord 0.50,KES 45.55,35100,-45,500,-0.22%,
5/4/2023,Absa Bank Kenya Plc Ord 0.50,KES 10.15,413300,20,200,-3.33%,
5/4/2023,The Co-operative Bank of Kenya Ltd Ord 1.00,KES 12.80,452100,-962,400,-0.78%,
5/4/2023,NCBA Bank Ltd Ord 5.00,KES 33.35,62700,0,-0.15%,,
5/4/2023,Equity Group Holdings Ltd Ord 0.50,KES 45.65,1467800,63,642,725,0.00%
5/4/2023,KCB Group Ltd Ord 1.00,KES 31.95,348200,95,750,-0.31%,
5/3/2023,Absa Bank Kenya Plc Ord 0.50,KES 10.50,270700,0,-1.87%,,
5/3/2023,The Co-operative Bank of Kenya Ltd Ord 1.00,KES 12.90,341200,-172,200,-1.53%,
5/3/2023,KCB Group Ltd Ord 1.00,KES 32.05,377600,32,750,-2.29%,
5/3/2023,NCBA Bank Ltd Ord 5.00,KES 33.40,16900,0,-8.49%,,
5/3/2023,Equity Group Holdings Ltd Ord 0.50,KES 45.65,67400,0,-0.44%,,
5/2/2023,Absa Bank Kenya Plc Ord 0.50,KES 10.70,97800,0,-,,
5/2/2023,KCB Group Ltd Ord 1.00,KES 32.80,91800,0,-,,
5/2/2023,NCBA Bank Ltd Ord 5.00,KES 36.50,2100,0,-,,
5/2/2023,Equity Group Holdings Ltd Ord 0.50,KES 45.85,51000,966,380,-,
5/2/2023,The Co-operative Bank of Kenya Ltd Ord 1.00,KES 13.10,340600,-283,605,-,
5/1/2023,Equity Group Holdings Ltd Ord 0.50,-,51000,966,380,-,
5/1/2023,Absa Bank Kenya Plc Ord 0.50,-,97800,-,-,,
5/1/2023,The Co-operative Bank of Kenya Ltd Ord 1.00,-,340600,-,-,,
5/1/2023,KCB Group Ltd Ord 1.00,-,91800,-,-,,
5/1/2023,NCBA Bank Ltd Ord 5.00,-,2100,-,-,,
4/28/2023,Absa Bank Kenya Plc Ord 0.50,KES 12.15,1594600,0,0.83%,,
4/28/2023,NCBA Bank Ltd Ord 5.00,KES 39.50,194000,0,-3.42%,,
4/28/2023,The Co-operative Bank of Kenya Ltd Ord 1.00,KES 13.30,176100,-224,600,0.76%,
4/28/2023,KCB Group Ltd Ord 1.00,KES 32.85,264300,-3,485,710,-3.67%
4/28/2023,Equity Group Holdings Ltd Ord 0.50,KES 45.80,185200,0,-0.22%,,
4/27/2023,Absa Bank Kenya Plc Ord 0.50,KES 12.05,459600,53,240,-0.82%,
4/27/2023,NCBA Bank Ltd Ord 5.00,KES 40.90,1182700,0,1.11%,,
4/27/2023,KCB Group Ltd Ord 1.00,KES 34.10,219800,-4,24,55,0.29%
4/27/2023,The Co-operative Bank of Kenya Ltd Ord 1.00,KES 13.20,831800,0,-1.12%,,
4/27/2023,Equity Group Holdings Ltd Ord 0.50,KES 45.90,171200,0,-0.22%,,
4/26/2023,The Co-operative Bank of Kenya Ltd Ord 1.00,KES 13.35,390200,0,1.52%,,
4/26/2023,KCB Group Ltd Ord 1.00,KES 34.00,438600,10,812,0,1.80%
4/26/2023,Absa Bank Kenya Plc Ord 0.50,KES 12.15,669500,8,120,-0.41%,
4/26/2023,NCBA Bank Ltd Ord 5.00,KES 40.45,679200,44,895,0.12%,
4/26/2023,Equity Group Holdings Ltd Ord 0.50,KES 46.00,1861800,78,683,175,-0.76%
4/25/2023,Absa Bank Kenya Plc Ord 0.50,KES 12.20,391500,0,-0.81%,,
4/25/2023,The Co-operative Bank of Kenya Ltd Ord 1.00,KES 13.15,176500,0,0.00%,,
4/25/2023,Equity Group Holdings Ltd Ord 0.50,KES 46.35,185200,6,319,170,2.32%
4/25/2023,KCB Group Ltd Ord 1.00,KES 33.40,223200,2,92,245,1.21%
4/25/2023,NCBA Bank Ltd Ord 5.00,KES 40.40,1259600,0,1.00%,,
4/24/2023,Absa Bank Kenya Plc Ord 0.50,KES 12.30,272800,0,-,,
4/24/2023,KCB Group Ltd Ord 1.00,KES 33.00,132000,1,386,0,-
4/24/2023,The Co-operative Bank of Kenya Ltd Ord 1.00,KES 13.15,60000,0,-,,
4/24/2023,NCBA Bank Ltd Ord 5.00,KES 40.00,2019700,-177,750,-,
4/24/2023,Equity Group Holdings Ltd Ord 0.50,KES 45.30,18900,0,-,,
4/23/2023,KCB Group Ltd Ord 1.00,-,132000,1,386,0,-
4/23/2023,Absa Bank Kenya Plc Ord 0.50,-,272800,-,-,,
4/23/2023,Equity Group Holdings Ltd Ord 0.50,-,18900,-,-,,
4/23/2023,NCBA Bank Ltd Ord 5.00,-,2019700,-,-,,
4/23/2023,The Co-operative Bank of Kenya Ltd Ord 1.00,-,60000,-,-,,
4/22/2023,Absa Bank Kenya Plc Ord 0.50,-,87500,-,-,,
4/22/2023,Equity Group Holdings Ltd Ord 0.50,-,1346500,-,-,,
4/22/2023,KCB Group Ltd Ord 1.00,-,129400,-,-,,
4/22/2023,NCBA Bank Ltd Ord 5.00,-,14700,-,-,,
4/22/2023,The Co-operative Bank of Kenya Ltd Ord 1.00,-,791200,-,-,,
4/21/2023,Absa Bank Kenya Plc Ord 0.50,-,87500,-,-,,
4/21/2023,Equity Group Holdings Ltd Ord 0.50,-,1346500,-,-,,
4/21/2023,The Co-operative Bank of Kenya Ltd Ord 1.00,-,791200,-,-,,
4/21/2023,NCBA Bank Ltd Ord 5.00,-,14700,-,-,,
4/21/2023,KCB Group Ltd Ord 1.00,-,129400,-,-,,
4/20/2023,Absa Bank Kenya Plc Ord 0.50,KES 12.35,352700,0,-0.80%,,
4/20/2023,NCBA Bank Ltd Ord 5.00,KES 39.00,597600,0,2.36%,,
4/20/2023,The Co-operative Bank of Kenya Ltd Ord 1.00,KES 13.05,312500,0,0.00%,,
4/20/2023,Equity Group Holdings Ltd Ord 0.50,KES 45.15,229700,1,196,635,0.22%
4/20/2023,KCB Group Ltd Ord 1.00,KES 32.95,158500,-3,193,65,-2.80%
4/19/2023,Absa Bank Kenya Plc Ord 0.50,KES 12.45,171100,0,-0.80%,,
4/19/2023,NCBA Bank Ltd Ord 5.00,KES 38.10,46300,0,0.40%,,
4/19/2023,The Co-operative Bank of Kenya Ltd Ord 1.00,KES 13.05,264200,0,-0.38%,,
4/19/2023,KCB Group Ltd Ord 1.00,KES 33.90,1070500,0,-0.59%,,
4/19/2023,Equity Group Holdings Ltd Ord 0.50,KES 45.05,993000,42,853,500,0.56%
4/18/2023,The Co-operative Bank of Kenya Ltd Ord 1.00,KES 13.10,360200,0,0.38%,,
4/18/2023,Absa Bank Kenya Plc Ord 0.50,KES 12.55,2146000,0,-0.79%,,
4/18/2023,NCBA Bank Ltd Ord 5.00,KES 37.95,196800,0,1.20%,,
4/18/2023,KCB Group Ltd Ord 1.00,KES 34.10,110300,30,600,1.64%,
4/18/2023,Equity Group Holdings Ltd Ord 0.50,KES 44.80,53400,0,-1.21%,,
4/17/2023,Equity Group Holdings Ltd Ord 0.50,KES 45.35,20000,0,-,,
4/17/2023,Absa Bank Kenya Plc Ord 0.50,KES 12.65,312000,46,805,-,
4/17/2023,KCB Group Ltd Ord 1.00,KES 33.55,358800,1,222,655,-
4/17/2023,The Co-operative Bank of Kenya Ltd Ord 1.00,KES 13.05,279600,0,-,,
4/17/2023,NCBA Bank Ltd Ord 5.00,KES 37.50,204000,0,-,,
4/16/2023,KCB Group Ltd Ord 1.00,-,358800,1,222,655,-
4/16/2023,Absa Bank Kenya Plc Ord 0.50,-,312000,46,805,-,
4/16/2023,Equity Group Holdings Ltd Ord 0.50,-,20000,-,-,,
4/16/2023,The Co-operative Bank of Kenya Ltd Ord 1.00,-,279600,-,-,,
4/16/2023,NCBA Bank Ltd Ord 5.00,-,204000,-,-,,
4/14/2023,Absa Bank Kenya Plc Ord 0.50,KES 12.70,91000,0,0.00%,,
4/14/2023,The Co-operative Bank of Kenya Ltd Ord 1.00,KES 13.00,777500,0,-1.52%,,
4/14/2023,NCBA Bank Ltd Ord 5.00,KES 37.00,124700,0,0.27%,,
4/14/2023,Equity Group Holdings Ltd Ord 0.50,KES 44.50,432800,17,350,550,0.00%
4/14/2023,KCB Group Ltd Ord 1.00,KES 33.90,266400,-1,999,940,-1.45%
4/13/2023,Equity Group Holdings Ltd Ord 0.50,KES 44.50,7848400,236,592,785,-1.11%
4/13/2023,Absa Bank Kenya Plc Ord 0.50,KES 12.70,58700,0,-0.39%,,
4/13/2023,NCBA Bank Ltd Ord 5.00,KES 36.90,24000,0,-0.14%,,
4/13/2023,KCB Group Ltd Ord 1.00,KES 34.40,129200,-2,438,385,-1.71%
4/13/2023,The Co-operative Bank of Kenya Ltd Ord 1.00,KES 13.20,1939800,0,-0.38%,,
4/12/2023,KCB Group Ltd Ord 1.00,KES 35.00,859900,9,485,0,-3.71%
4/12/2023,Absa Bank Kenya Plc Ord 0.50,KES 12.75,30700,0,0.00%,,
4/12/2023,The Co-operative Bank of Kenya Ltd Ord 1.00,KES 13.25,538300,13,300,1.15%,
4/12/2023,NCBA Bank Ltd Ord 5.00,KES 36.95,2800,0,0.82%,,
4/12/2023,Equity Group Holdings Ltd Ord 0.50,KES 45.00,1074000,-3,803,825,-0.99%
4/11/2023,Equity Group Holdings Ltd Ord 0.50,KES 45.45,198000,583,790,-,
4/11/2023,The Co-operative Bank of Kenya Ltd Ord 1.00,KES 13.10,166800,0,-,,
4/11/2023,Absa Bank Kenya Plc Ord 0.50,KES 12.75,78500,0,-,,
4/11/2023,NCBA Bank Ltd Ord 5.00,KES 36.65,29500,0,-,,
4/11/2023,KCB Group Ltd Ord 1.00,KES 36.35,3935800,6,526,500,-
4/10/2023,KCB Group Ltd Ord 1.00,-,3935800,6,526,500,-
4/10/2023,Equity Group Holdings Ltd Ord 0.50,-,198000,583,790,-,
4/10/2023,Absa Bank Kenya Plc Ord 0.50,-,78500,-,-,,
4/10/2023,NCBA Bank Ltd Ord 5.00,-,29500,-,-,,
4/10/2023,The Co-operative Bank of Kenya Ltd Ord 1.00,-,166800,-,-,,
4/6/2023,The Co-operative Bank of Kenya Ltd Ord 1.00,KES 13.05,677100,-607,375,-0.38%,
4/6/2023,Absa Bank Kenya Plc Ord 0.50,KES 12.85,99000,0,-0.77%,,
4/6/2023,KCB Group Ltd Ord 1.00,KES 35.90,370600,-1,772,0,-0.28%
4/6/2023,NCBA Bank Ltd Ord 5.00,KES 36.55,9800,0,-2.53%,,
4/6/2023,Equity Group Holdings Ltd Ord 0.50,KES 45.50,518300,-20,470,500,0.11%
4/5/2023,Equity Group Holdings Ltd Ord 0.50,KES 45.45,23100,13,740,-0.11%,
4/5/2023,Absa Bank Kenya Plc Ord 0.50,KES 12.95,39900,0,0.39%,,
4/5/2023,The Co-operative Bank of Kenya Ltd Ord 1.00,KES 13.10,116500,26,400,-0.38%,
4/5/2023,KCB Group Ltd Ord 1.00,KES 36.00,3373900,-16,745,600,-0.41%
4/5/2023,NCBA Bank Ltd Ord 5.00,KES 37.50,447900,0,3.16%,,
4/4/2023,Absa Bank Kenya Plc Ord 0.50,KES 12.90,36600,0,0.00%,,
4/4/2023,KCB Group Ltd Ord 1.00,KES 36.15,183600,0,-0.14%,,
4/4/2023,NCBA Bank Ltd Ord 5.00,KES 36.35,13600,0,0.00%,,
4/4/2023,Equity Group Holdings Ltd Ord 0.50,KES 45.50,1769000,77,22,400,-0.98%
4/4/2023,The Co-operative Bank of Kenya Ltd Ord 1.00,KES 13.15,448800,0,0.00%,,
4/3/2023,Equity Group Holdings Ltd Ord 0.50,KES 45.95,63200,-23,500,-,
4/3/2023,Absa Bank Kenya Plc Ord 0.50,KES 12.90,31300,0,-,,
4/3/2023,The Co-operative Bank of Kenya Ltd Ord 1.00,KES 13.15,534000,39,900,-,
4/3/2023,NCBA Bank Ltd Ord 5.00,KES 36.35,13600,0,-,,
4/3/2023,KCB Group Ltd Ord 1.00,KES 36.20,29800,0,-,,
4/2/2023,The Co-operative Bank of Kenya Ltd Ord 1.00,-,534000,39,900,-,
4/2/2023,Absa Bank Kenya Plc Ord 0.50,-,31300,-,-,,
4/2/2023,Equity Group Holdings Ltd Ord 0.50,-,63200,-,-,,
4/2/2023,KCB Group Ltd Ord 1.00,-,29800,-,-,,
4/2/2023,NCBA Bank Ltd Ord 5.00,-,13600,-,-,,
3/31/2023,Equity Group Holdings Ltd Ord 0.50,KES 45.50,347100,9,199,115,2.02%
3/31/2023,Absa Bank Kenya Plc Ord 0.50,KES 12.80,96000,0,1.19%,,
3/31/2023,NCBA Bank Ltd Ord 5.00,KES 36.70,384200,0,2.09%,,
3/31/2023,The Co-operative Bank of Kenya Ltd Ord 1.00,KES 13.15,264200,1,731,350,1.15%
3/31/2023,KCB Group Ltd Ord 1.00,KES 35.50,156700,0,1.43%,,
3/30/2023,Equity Group Holdings Ltd Ord 0.50,KES 44.60,271900,9,966,850,0.79%
3/30/2023,Absa Bank Kenya Plc Ord 0.50,KES 12.65,65900,0,3.69%,,
3/30/2023,The Co-operative Bank of Kenya Ltd Ord 1.00,KES 13.00,280100,0,1.17%,,
3/30/2023,NCBA Bank Ltd Ord 5.00,KES 35.95,132600,0,2.71%,,
3/30/2023,KCB Group Ltd Ord 1.00,KES 35.00,1631500,0,0.00%,,
3/29/2023,Equity Group Holdings Ltd Ord 0.50,KES 44.25,5411900,35,500,510,3.75%
3/29/2023,Absa Bank Kenya Plc Ord 0.50,KES 12.20,52100,12,670,0.83%,
3/29/2023,The Co-operative Bank of Kenya Ltd Ord 1.00,KES 12.85,120600,12,845,1.58%,
3/29/2023,NCBA Bank Ltd Ord 5.00,KES 35.00,36100,0,-2.91%,,
3/29/2023,KCB Group Ltd Ord 1.00,KES 35.00,7048600,-25,277,170,0.00%
3/28/2023,Equity Group Holdings Ltd Ord 0.50,KES 42.65,4359400,110,253,790,1.67%
3/28/2023,Absa Bank Kenya Plc Ord 0.50,KES 12.10,244900,-47,500,1.26%,
3/28/2023,The Co-operative Bank of Kenya Ltd Ord 1.00,KES 12.65,410600,0,0.80%,,
3/28/2023,KCB Group Ltd Ord 1.00,KES 35.00,491300,0,-1.41%,,
3/28/2023,NCBA Bank Ltd Ord 5.00,KES 36.05,16300,0,5.87%,,
3/27/2023,Equity Group Holdings Ltd Ord 0.50,KES 41.95,567200,-812,175,-,
3/27/2023,Absa Bank Kenya Plc Ord 0.50,KES 11.95,53900,-32,400,-,
3/27/2023,The Co-operative Bank of Kenya Ltd Ord 1.00,KES 12.55,982600,12,700,-,
3/27/2023,NCBA Bank Ltd Ord 5.00,KES 34.05,45700,0,-,,
3/27/2023,KCB Group Ltd Ord 1.00,KES 35.50,92000,0,-,,
3/26/2023,The Co-operative Bank of Kenya Ltd Ord 1.00,-,982600,12,700,-,
3/26/2023,KCB Group Ltd Ord 1.00,-,92000,-,-,,
3/26/2023,Absa Bank Kenya Plc Ord 0.50,-,53900,-,-,,
3/26/2023,Equity Group Holdings Ltd Ord 0.50,-,567200,-,-,,
3/26/2023,NCBA Bank Ltd Ord 5.00,-,45700,-,-,,
3/24/2023,Equity Group Holdings Ltd Ord 0.50,KES 38.65,259800,-4,886,310,1.98%
3/24/2023,Absa Bank Kenya Plc Ord 0.50,KES 11.90,128000,-812,520,0.85%,
3/24/2023,The Co-operative Bank of Kenya Ltd Ord 1.00,KES 12.60,271300,0,0.80%,,
3/24/2023,NCBA Bank Ltd Ord 5.00,KES 32.75,5100,0,2.02%,,
3/24/2023,KCB Group Ltd Ord 1.00,KES 35.50,189500,-342,80,-1.25%,
3/23/2023,Equity Group Holdings Ltd Ord 0.50,KES 37.90,1757100,-50,986,785,-0.39%
3/23/2023,Absa Bank Kenya Plc Ord 0.50,KES 11.80,92200,0,1.72%,,
3/23/2023,KCB Group Ltd Ord 1.00,KES 35.95,225800,36,0,2.86%,
3/23/2023,NCBA Bank Ltd Ord 5.00,KES 32.10,17400,0,-2.13%,,
3/23/2023,The Co-operative Bank of Kenya Ltd Ord 1.00,KES 12.50,1098400,1,875,0,0.81%
3/22/2023,Equity Group Holdings Ltd Ord 0.50,KES 38.05,10175500,249,715,345,0.00%
3/22/2023,Absa Bank Kenya Plc Ord 0.50,KES 11.60,223200,-1,925,985,-1.28%
3/22/2023,KCB Group Ltd Ord 1.00,KES 34.95,71500,0,9.39%,,
3/22/2023,The Co-operative Bank of Kenya Ltd Ord 1.00,KES 12.40,225700,0,0.00%,,
3/22/2023,NCBA Bank Ltd Ord 5.00,KES 32.80,19900,0,2.18%,,
3/21/2023,Equity Group Holdings Ltd Ord 0.50,KES 38.05,1251131,-23,97,725,0.13%
3/21/2023,Absa Bank Kenya Plc Ord 0.50,KES 11.75,435108,-2,304,810,-2.08%
3/21/2023,NCBA Bank Ltd Ord 5.00,KES 32.10,24254,0,-2.58%,,
3/21/2023,The Co-operative Bank of Kenya Ltd Ord 1.00,KES 12.40,176428,47,50,0.40%,
3/21/2023,KCB Group Ltd Ord 1.00,KES 31.95,137926,3,295,6.50%,
3/20/2023,Equity Group Holdings Ltd Ord 0.50,KES 38.00,1949300,4,24,200,-
3/20/2023,Absa Bank Kenya Plc Ord 0.50,KES 12.00,46200,-82,800,-,
3/20/2023,NCBA Bank Ltd Ord 5.00,KES 32.95,4000,0,-,,
3/20/2023,The Co-operative Bank of Kenya Ltd Ord 1.00,KES 12.35,330900,1,8,900,-
3/20/2023,KCB Group Ltd Ord 1.00,KES 30.00,2644500,54,828,540,-
3/19/2023,KCB Group Ltd Ord 1.00,-,2644500,54,828,540,-
3/19/2023,The Co-operative Bank of Kenya Ltd Ord 1.00,-,330900,1,8,900,-
3/19/2023,Equity Group Holdings Ltd Ord 0.50,-,1949300,4,24,200,-
3/19/2023,NCBA Bank Ltd Ord 5.00,-,4000,-,-,,
3/19/2023,Absa Bank Kenya Plc Ord 0.50,-,46200,-,-,,
3/17/2023,Equity Group Holdings Ltd Ord 0.50,KES 38.15,727600,2,772,680,-4.98%
3/17/2023,Absa Bank Kenya Plc Ord 0.50,KES 12.00,106600,-666,955,-1.64%,
3/17/2023,The Co-operative Bank of Kenya Ltd Ord 1.00,KES 12.30,739900,0,0.41%,,
3/17/2023,NCBA Bank Ltd Ord 5.00,KES 34.05,9400,0,-5.55%,,
3/17/2023,KCB Group Ltd Ord 1.00,KES 31.00,379400,2,325,0,-9.75%
3/16/2023,Equity Group Holdings Ltd Ord 0.50,KES 40.15,1754000,41,248,975,-3.95%
3/16/2023,Absa Bank Kenya Plc Ord 0.50,KES 12.20,3080900,0,-3.56%,,
3/16/2023,The Co-operative Bank of Kenya Ltd Ord 1.00,KES 12.25,1023000,0,2.08%,,
3/16/2023,KCB Group Ltd Ord 1.00,KES 34.35,199800,0,-7.29%,,
3/16/2023,NCBA Bank Ltd Ord 5.00,KES 36.05,41000,0,-0.55%,,
3/15/2023,Equity Group Holdings Ltd Ord 0.50,KES 41.80,79100,-550,540,-1.07%,
3/15/2023,Absa Bank Kenya Plc Ord 0.50,KES 12.65,45500,0,0.80%,,
3/15/2023,NCBA Bank Ltd Ord 5.00,KES 36.25,6900,0,-0.55%,,
3/15/2023,KCB Group Ltd Ord 1.00,KES 37.05,81000,48,100,0.14%,
3/15/2023,The Co-operative Bank of Kenya Ltd Ord 1.00,KES 12.00,600200,0,-1.64%,,
3/14/2023,Equity Group Holdings Ltd Ord 0.50,KES 42.25,144800,-1,771,15,-1.52%
3/14/2023,Absa Bank Kenya Plc Ord 0.50,KES 12.55,69100,0,-1.18%,,
3/14/2023,NCBA Bank Ltd Ord 5.00,KES 36.45,35500,0,-1.49%,,
3/14/2023,The Co-operative Bank of Kenya Ltd Ord 1.00,KES 12.20,151400,52,870,-1.21%,
3/14/2023,KCB Group Ltd Ord 1.00,KES 37.00,142200,0,-0.13%,,
3/13/2023,Equity Group Holdings Ltd Ord 0.50,KES 42.90,125500,-1,198,185,-
3/13/2023,Absa Bank Kenya Plc Ord 0.50,KES 12.70,40000,0,-,,
3/13/2023,The Co-operative Bank of Kenya Ltd Ord 1.00,KES 12.35,135800,0,-,,
3/13/2023,NCBA Bank Ltd Ord 5.00,KES 37.00,20000,0,-,,
3/13/2023,KCB Group Ltd Ord 1.00,KES 37.05,116400,0,-,,
3/12/2023,KCB Group Ltd Ord 1.00,-,116400,-,-,,
3/12/2023,NCBA Bank Ltd Ord 5.00,-,20000,-,-,,
3/12/2023,Absa Bank Kenya Plc Ord 0.50,-,40000,-,-,,
3/12/2023,Equity Group Holdings Ltd Ord 0.50,-,125500,-,-,,
3/12/2023,The Co-operative Bank of Kenya Ltd Ord 1.00,-,135800,-,-,,
3/10/2023,Equity Group Holdings Ltd Ord 0.50,KES 43.00,197600,-8,286,130,-0.58%
3/10/2023,Absa Bank Kenya Plc Ord 0.50,KES 12.55,54900,0,1.21%,,
3/10/2023,The Co-operative Bank of Kenya Ltd Ord 1.00,KES 12.50,51700,0,0.40%,,
3/10/2023,KCB Group Ltd Ord 1.00,KES 37.45,147900,-78,810,-0.13%,
3/10/2023,NCBA Bank Ltd Ord 5.00,KES 36.80,31000,0,1.24%,,
3/9/2023,Equity Group Holdings Ltd Ord 0.50,KES 43.25,478800,16,966,565,-1.37%
3/9/2023,The Co-operative Bank of Kenya Ltd Ord 1.00,KES 12.45,104600,1,235,-0.80%,
3/9/2023,Absa Bank Kenya Plc Ord 0.50,KES 12.40,219400,0,-0.80%,,
3/9/2023,NCBA Bank Ltd Ord 5.00,KES 36.35,10900,0,0.83%,,
3/9/2023,KCB Group Ltd Ord 1.00,KES 37.50,1646900,41,160,-1.06%,
3/8/2023,Equity Group Holdings Ltd Ord 0.50,KES 43.85,561300,-1,767,460,-1.24%
3/8/2023,Absa Bank Kenya Plc Ord 0.50,KES 12.50,767500,0,0.00%,,
3/8/2023,The Co-operative Bank of Kenya Ltd Ord 1.00,KES 12.55,5489200,0,-0.40%,,
3/8/2023,NCBA Bank Ltd Ord 5.00,KES 36.05,142100,0,-1.64%,,
3/8/2023,KCB Group Ltd Ord 1.00,KES 37.90,26600,0,-0.26%,,
3/7/2023,Equity Group Holdings Ltd Ord 0.50,KES 44.40,38400,-1,421,320,-0.89%
3/7/2023,Absa Bank Kenya Plc Ord 0.50,KES 12.50,342400,620,0,0.40%,
3/7/2023,The Co-operative Bank of Kenya Ltd Ord 1.00,KES 12.60,1142200,43,750,-0.40%,
3/7/2023,NCBA Bank Ltd Ord 5.00,KES 36.65,9800,0,-1.08%,,
3/7/2023,KCB Group Ltd Ord 1.00,KES 38.00,292100,442,530,-0.65%,
3/6/2023,Equity Group Holdings Ltd Ord 0.50,KES 44.80,380300,-13,688,325,-
3/6/2023,Absa Bank Kenya Plc Ord 0.50,KES 12.45,40800,0,-,,
3/6/2023,The Co-operative Bank of Kenya Ltd Ord 1.00,KES 12.65,373800,64,235,-,
3/6/2023,NCBA Bank Ltd Ord 5.00,KES 37.05,25800,0,-,,
3/6/2023,KCB Group Ltd Ord 1.00,KES 38.25,214200,0,-,,
3/5/2023,The Co-operative Bank of Kenya Ltd Ord 1.00,-,373800,64,235,-,
3/5/2023,KCB Group Ltd Ord 1.00,-,214200,-,-,,
3/5/2023,Absa Bank Kenya Plc Ord 0.50,-,40800,-,-,,
3/5/2023,NCBA Bank Ltd Ord 5.00,-,25800,-,-,,
3/5/2023,Equity Group Holdings Ltd Ord 0.50,-,380300,-,-,,
3/3/2023,Equity Group Holdings Ltd Ord 0.50,KES 45.15,95600,-1,352,145,-0.55%
3/3/2023,Absa Bank Kenya Plc Ord 0.50,KES 12.40,10568100,128,177,560,0.40%
3/3/2023,The Co-operative Bank of Kenya Ltd Ord 1.00,KES 12.75,31900,0,0.39%,,
3/3/2023,NCBA Bank Ltd Ord 5.00,KES 37.05,7200,0,0.14%,,
3/3/2023,KCB Group Ltd Ord 1.00,KES 38.35,81700,0,0.26%,,
3/2/2023,Equity Group Holdings Ltd Ord 0.50,KES 45.40,1057300,-9,150,710,-0.22%
3/2/2023,Absa Bank Kenya Plc Ord 0.50,KES 12.35,94200,0,0.00%,,
3/2/2023,The Co-operative Bank of Kenya Ltd Ord 1.00,KES 12.70,462800,8,820,0.00%,
3/2/2023,KCB Group Ltd Ord 1.00,KES 38.25,2117900,0,-0.13%,,
3/2/2023,NCBA Bank Ltd Ord 5.00,KES 37.00,14200,0,0.82%,,
3/1/2023,Equity Group Holdings Ltd Ord 0.50,KES 45.50,157900,-729,525,0.00%,
3/1/2023,Absa Bank Kenya Plc Ord 0.50,KES 12.35,63000,0,-1.20%,,
3/1/2023,The Co-operative Bank of Kenya Ltd Ord 1.00,KES 12.70,57200,0,0.40%,,
3/1/2023,NCBA Bank Ltd Ord 5.00,KES 36.70,230800,0,0.00%,,
3/1/2023,KCB Group Ltd Ord 1.00,KES 38.30,110800,766,0,0.13%,
2/28/2023,Equity Group Holdings Ltd Ord 0.50,KES 45.50,413600,717,620,-0.22%,
2/28/2023,Absa Bank Kenya Plc Ord 0.50,KES 12.50,102400,0,-1.57%,,
2/28/2023,KCB Group Ltd Ord 1.00,KES 38.25,134700,152,800,-0.13%,
2/28/2023,The Co-operative Bank of Kenya Ltd Ord 1.00,KES 12.65,237900,0,1.20%,,
2/28/2023,NCBA Bank Ltd Ord 5.00,KES 36.70,298200,0,1.80%,,
2/27/2023,Equity Group Holdings Ltd Ord 0.50,KES 45.60,260200,0,-,,
2/27/2023,Absa Bank Kenya Plc Ord 0.50,KES 12.70,633800,6,975,875,-
2/27/2023,NCBA Bank Ltd Ord 5.00,KES 36.05,106800,1,926,0,-
2/27/2023,The Co-operative Bank of Kenya Ltd Ord 1.00,KES 12.50,213400,8,785,-,
2/27/2023,KCB Group Ltd Ord 1.00,KES 38.30,154700,0,-,,
2/26/2023,Absa Bank Kenya Plc Ord 0.50,-,633800,6,975,875,-
2/26/2023,NCBA Bank Ltd Ord 5.00,-,106800,1,926,0,-
2/26/2023,The Co-operative Bank of Kenya Ltd Ord 1.00,-,213400,8,785,-,
2/26/2023,KCB Group Ltd Ord 1.00,-,154700,-,-,,
2/26/2023,Equity Group Holdings Ltd Ord 0.50,-,260200,-,-,,
2/24/2023,Equity Group Holdings Ltd Ord 0.50,KES 45.95,16600,9,200,0.22%,
2/24/2023,Absa Bank Kenya Plc Ord 0.50,KES 12.55,45100,0,-0.40%,,
2/24/2023,NCBA Bank Ltd Ord 5.00,KES 36.20,4500,0,-0.69%,,
2/24/2023,KCB Group Ltd Ord 1.00,KES 38.30,2266200,38,50,-0.26%,
2/24/2023,The Co-operative Bank of Kenya Ltd Ord 1.00,KES 12.55,207200,0,-0.79%,,
2/23/2023,Equity Group Holdings Ltd Ord 0.50,KES 45.85,38200,-91,485,-0.33%,
2/23/2023,Absa Bank Kenya Plc Ord 0.50,KES 12.60,3024400,28,489,410,0.00%
2/23/2023,KCB Group Ltd Ord 1.00,KES 38.40,368600,12,484,180,-0.13%
2/23/2023,The Co-operative Bank of Kenya Ltd Ord 1.00,KES 12.65,90600,-106,680,-0.39%,
2/23/2023,NCBA Bank Ltd Ord 5.00,KES 36.45,30200,-33,300,-1.35%,
2/22/2023,Equity Group Holdings Ltd Ord 0.50,KES 46.00,196700,18,320,-0.54%,
2/22/2023,Absa Bank Kenya Plc Ord 0.50,KES 12.60,170300,0,0.00%,,
2/22/2023,The Co-operative Bank of Kenya Ltd Ord 1.00,KES 12.70,1146400,0,0.79%,,
2/22/2023,KCB Group Ltd Ord 1.00,KES 38.45,616600,11,823,375,-0.13%
2/22/2023,NCBA Bank Ltd Ord 5.00,KES 36.95,107500,0,-0.14%,,
2/21/2023,Equity Group Holdings Ltd Ord 0.50,KES 46.25,314900,-11,774,20,0.00%
2/21/2023,Absa Bank Kenya Plc Ord 0.50,KES 12.60,357200,3,564,540,0.80%
2/21/2023,NCBA Bank Ltd Ord 5.00,KES 37.00,143300,0,-1.20%,,
2/21/2023,The Co-operative Bank of Kenya Ltd Ord 1.00,KES 12.60,557900,0,0.80%,,
2/21/2023,KCB Group Ltd Ord 1.00,KES 38.50,241800,0,0.00%,,
2/20/2023,NCBA Bank Ltd Ord 5.00,KES 37.45,7100,0,-,,
2/20/2023,Equity Group Holdings Ltd Ord 0.50,KES 46.25,984600,-38,211,125,-
2/20/2023,KCB Group Ltd Ord 1.00,KES 38.50,233200,1,975,50,-
2/20/2023,Absa Bank Kenya Plc Ord 0.50,KES 12.50,583500,6,247,685,-
2/20/2023,The Co-operative Bank of Kenya Ltd Ord 1.00,KES 12.50,160000,0,-,,
2/19/2023,Absa Bank Kenya Plc Ord 0.50,-,583500,6,247,685,-
2/19/2023,KCB Group Ltd Ord 1.00,-,233200,1,975,50,-
2/19/2023,Equity Group Holdings Ltd Ord 0.50,-,984600,-,-,,
2/19/2023,The Co-operative Bank of Kenya Ltd Ord 1.00,-,160000,-,-,,
2/19/2023,NCBA Bank Ltd Ord 5.00,-,7100,-,-,,
2/17/2023,Equity Group Holdings Ltd Ord 0.50,KES 46.45,160600,-556,940,0.22%,
2/17/2023,Absa Bank Kenya Plc Ord 0.50,KES 12.55,46500,0,0.40%,,
2/17/2023,The Co-operative Bank of Kenya Ltd Ord 1.00,KES 12.60,3680100,15,0,0.80%,
2/17/2023,NCBA Bank Ltd Ord 5.00,KES 37.35,30800,0,-0.53%,,
2/17/2023,KCB Group Ltd Ord 1.00,KES 38.55,483900,2,259,950,-0.26%
2/16/2023,Equity Group Holdings Ltd Ord 0.50,KES 46.35,275600,-4,622,605,0.43%
2/16/2023,Absa Bank Kenya Plc Ord 0.50,KES 12.50,240400,-100,250,0.40%,
2/16/2023,KCB Group Ltd Ord 1.00,KES 38.65,413900,-4,442,760,-0.13%
2/16/2023,NCBA Bank Ltd Ord 5.00,KES 37.55,281600,0,0.00%,,
2/16/2023,The Co-operative Bank of Kenya Ltd Ord 1.00,KES 12.50,1563100,43,750,-0.79%,
2/15/2023,KCB Group Ltd Ord 1.00,KES 38.70,729500,17,332,670,0.00%
2/15/2023,Equity Group Holdings Ltd Ord 0.50,KES 46.15,4359300,-64,890,240,0.44%
2/15/2023,Absa Bank Kenya Plc Ord 0.50,KES 12.45,45300,0,-0.40%,,
2/15/2023,NCBA Bank Ltd Ord 5.00,KES 37.55,17400,0,0.81%,,
2/15/2023,The Co-operative Bank of Kenya Ltd Ord 1.00,KES 12.60,436800,25,0,0.00%,
2/14/2023,Equity Group Holdings Ltd Ord 0.50,KES 45.95,637900,26,875,530,0.88%
2/14/2023,Absa Bank Kenya Plc Ord 0.50,KES 12.50,335200,-1,990,0,0.00%
2/14/2023,NCBA Bank Ltd Ord 5.00,KES 37.25,12700,0,-0.53%,,
2/14/2023,The Co-operative Bank of Kenya Ltd Ord 1.00,KES 12.60,98200,0,0.80%,,
2/14/2023,KCB Group Ltd Ord 1.00,KES 38.70,309500,282,825,-0.13%,
2/13/2023,Equity Group Holdings Ltd Ord 0.50,KES 45.55,35500,4,600,-,
2/13/2023,Absa Bank Kenya Plc Ord 0.50,KES 12.50,60800,0,-,,
2/13/2023,The Co-operative Bank of Kenya Ltd Ord 1.00,KES 12.50,740800,0,-,,
2/13/2023,KCB Group Ltd Ord 1.00,KES 38.75,242400,1,888,560,-
2/13/2023,NCBA Bank Ltd Ord 5.00,KES 37.45,20600,0,-,,
2/12/2023,KCB Group Ltd Ord 1.00,-,242400,1,888,560,-
2/12/2023,Equity Group Holdings Ltd Ord 0.50,-,35500,4,600,-,
2/12/2023,Absa Bank Kenya Plc Ord 0.50,-,60800,-,-,,
2/12/2023,NCBA Bank Ltd Ord 5.00,-,20600,-,-,,
2/12/2023,The Co-operative Bank of Kenya Ltd Ord 1.00,-,740800,-,-,,
2/10/2023,KCB Group Ltd Ord 1.00,KES 38.75,214700,0,0.52%,,
2/10/2023,Equity Group Holdings Ltd Ord 0.50,KES 45.65,1773800,7,450,530,-0.22%
2/10/2023,Absa Bank Kenya Plc Ord 0.50,KES 12.55,63200,0,0.00%,,
2/10/2023,The Co-operative Bank of Kenya Ltd Ord 1.00,KES 12.60,80400,0,2.44%,,
2/10/2023,NCBA Bank Ltd Ord 5.00,KES 37.55,46500,0,0.13%,,
2/9/2023,Equity Group Holdings Ltd Ord 0.50,KES 45.75,50700,149,820,1.67%,
2/9/2023,Absa Bank Kenya Plc Ord 0.50,KES 12.55,90000,-426,275,0.00%,
2/9/2023,The Co-operative Bank of Kenya Ltd Ord 1.00,KES 12.30,767000,24,600,-1.60%,
2/9/2023,NCBA Bank Ltd Ord 5.00,KES 37.50,46400,0,-0.13%,,
2/9/2023,KCB Group Ltd Ord 1.00,KES 38.55,777200,24,294,215,0.13%
2/8/2023,Equity Group Holdings Ltd Ord 0.50,KES 45.00,543100,-6,678,0,-0.22%
2/8/2023,Absa Bank Kenya Plc Ord 0.50,KES 12.55,68900,12,700,0.80%,
2/8/2023,The Co-operative Bank of Kenya Ltd Ord 1.00,KES 12.50,506100,12,500,0.00%,
2/8/2023,KCB Group Ltd Ord 1.00,KES 38.50,828500,27,989,550,0.00%
2/8/2023,NCBA Bank Ltd Ord 5.00,KES 37.55,14800,0,-1.44%,,
2/7/2023,Equity Group Holdings Ltd Ord 0.50,KES 45.10,101200,-3,459,760,-1.96%
2/7/2023,KCB Group Ltd Ord 1.00,KES 38.50,4759400,118,106,430,0.00%
2/7/2023,Absa Bank Kenya Plc Ord 0.50,KES 12.45,31100,0,1.22%,,
2/7/2023,The Co-operative Bank of Kenya Ltd Ord 1.00,KES 12.50,98900,0,0.40%,,
2/7/2023,NCBA Bank Ltd Ord 5.00,KES 38.10,65300,1,755,0,0.00%
2/6/2023,Equity Group Holdings Ltd Ord 0.50,KES 46.00,1803900,1,2,845,-
2/6/2023,Absa Bank Kenya Plc Ord 0.50,KES 12.30,106400,-7,440,-,
2/6/2023,The Co-operative Bank of Kenya Ltd Ord 1.00,KES 12.45,74200,0,-,,
2/6/2023,NCBA Bank Ltd Ord 5.00,KES 38.10,143100,-1,360,400,-
2/6/2023,KCB Group Ltd Ord 1.00,KES 38.50,2218900,-12,966,985,-
2/5/2023,Equity Group Holdings Ltd Ord 0.50,-,1803900,1,2,845,-
2/5/2023,Absa Bank Kenya Plc Ord 0.50,-,106400,-,-,,
2/5/2023,KCB Group Ltd Ord 1.00,-,2218900,-,-,,
2/5/2023,The Co-operative Bank of Kenya Ltd Ord 1.00,-,74200,-,-,,
2/5/2023,NCBA Bank Ltd Ord 5.00,-,143100,-,-,,
2/3/2023,Equity Group Holdings Ltd Ord 0.50,KES 45.80,34900,271,375,1.10%,
2/3/2023,Absa Bank Kenya Plc Ord 0.50,KES 12.40,145100,0,0.00%,,
2/3/2023,The Co-operative Bank of Kenya Ltd Ord 1.00,KES 12.45,112100,-67,925,0.00%,
2/3/2023,NCBA Bank Ltd Ord 5.00,KES 35.50,140700,0,2.60%,,
2/3/2023,KCB Group Ltd Ord 1.00,KES 38.20,1038300,292,220,0.53%,
2/2/2023,Equity Group Holdings Ltd Ord 0.50,KES 45.30,67600,1,396,25,0.55%
2/2/2023,Absa Bank Kenya Plc Ord 0.50,KES 12.40,70400,0,-0.40%,,
2/2/2023,KCB Group Ltd Ord 1.00,KES 38.00,852300,-110,635,-0.26%,
2/2/2023,NCBA Bank Ltd Ord 5.00,KES 34.60,16500,17,0,-1.14%,
2/2/2023,The Co-operative Bank of Kenya Ltd Ord 1.00,KES 12.45,80500,0,0.40%,,
2/1/2023,Equity Group Holdings Ltd Ord 0.50,KES 45.05,44600,769,350,2.39%,
2/1/2023,Absa Bank Kenya Plc Ord 0.50,KES 12.45,121900,-251,250,0.40%,
2/1/2023,The Co-operative Bank of Kenya Ltd Ord 1.00,KES 12.40,48000,-22,410,-0.40%,
2/1/2023,NCBA Bank Ltd Ord 5.00,KES 35.00,21400,0,-2.51%,,
2/1/2023,KCB Group Ltd Ord 1.00,KES 38.10,125900,-1,361,715,0.00%
1/31/2023,Equity Group Holdings Ltd Ord 0.50,KES 44.00,1733900,3,821,335,-2.11%
1/31/2023,Absa Bank Kenya Plc Ord 0.50,KES 12.40,147400,0,-0.80%,,
1/31/2023,KCB Group Ltd Ord 1.00,KES 38.10,141600,-2,83,570,-0.52%
1/31/2023,The Co-operative Bank of Kenya Ltd Ord 1.00,KES 12.45,161200,192,780,-0.40%,
1/31/2023,NCBA Bank Ltd Ord 5.00,KES 35.90,65800,0,-3.10%,,
1/30/2023,Equity Group Holdings Ltd Ord 0.50,KES 44.95,178200,-6,964,225,-
1/30/2023,KCB Group Ltd Ord 1.00,KES 38.30,122400,-687,965,-,
1/30/2023,The Co-operative Bank of Kenya Ltd Ord 1.00,KES 12.50,2228700,3,750,-,
1/30/2023,Absa Bank Kenya Plc Ord 0.50,KES 12.50,144700,0,-,,
1/30/2023,NCBA Bank Ltd Ord 5.00,KES 37.05,16800,62,900,-,
1/29/2023,NCBA Bank Ltd Ord 5.00,-,16800,62,900,-,
1/29/2023,The Co-operative Bank of Kenya Ltd Ord 1.00,-,2228700,3,750,-,
1/29/2023,KCB Group Ltd Ord 1.00,-,122400,-,-,,
1/29/2023,Absa Bank Kenya Plc Ord 0.50,-,144700,-,-,,
1/29/2023,Equity Group Holdings Ltd Ord 0.50,-,178200,-,-,,
1/27/2023,Equity Group Holdings Ltd Ord 0.50,KES 45.40,567200,-5,797,200,-0.33%
1/27/2023,The Co-operative Bank of Kenya Ltd Ord 1.00,KES 12.60,61400,0,0.80%,,
1/27/2023,NCBA Bank Ltd Ord 5.00,KES 37.00,38600,388,500,0.00%,
1/27/2023,Absa Bank Kenya Plc Ord 0.50,KES 12.45,225300,0,0.81%,,
1/27/2023,KCB Group Ltd Ord 1.00,KES 38.50,155300,465,835,0.13%,
1/26/2023,Equity Group Holdings Ltd Ord 0.50,KES 45.55,15200,4,565,-0.33%,
1/26/2023,Absa Bank Kenya Plc Ord 0.50,KES 12.35,160900,-317,390,-0.40%,
1/26/2023,KCB Group Ltd Ord 1.00,KES 38.45,107700,-376,790,-0.26%,
1/26/2023,NCBA Bank Ltd Ord 5.00,KES 37.00,11600,196,100,0.00%,
1/26/2023,The Co-operative Bank of Kenya Ltd Ord 1.00,KES 12.50,2779900,12,500,1.21%,
1/25/2023,Equity Group Holdings Ltd Ord 0.50,KES 45.70,2440900,-10,601,310,-0.11%
1/25/2023,KCB Group Ltd Ord 1.00,KES 38.55,60800,0,0.00%,,
1/25/2023,Absa Bank Kenya Plc Ord 0.50,KES 12.40,74400,0,0.00%,,
1/25/2023,The Co-operative Bank of Kenya Ltd Ord 1.00,KES 12.35,154700,0,-0.80%,,
1/25/2023,NCBA Bank Ltd Ord 5.00,KES 37.00,18600,-1,803,671,2.64%
1/24/2023,Equity Group Holdings Ltd Ord 0.50,KES 45.75,1729900,-707,540,-0.44%,
1/24/2023,Absa Bank Kenya Plc Ord 0.50,KES 12.40,126200,0,-0.80%,,
1/24/2023,NCBA Bank Ltd Ord 5.00,KES 36.05,39500,307,600,-5.63%,
1/24/2023,The Co-operative Bank of Kenya Ltd Ord 1.00,KES 12.45,242600,0,-1.58%,,
1/24/2023,KCB Group Ltd Ord 1.00,KES 38.55,46600,0,0.39%,,
1/23/2023,Equity Group Holdings Ltd Ord 0.50,KES 45.95,46900,120,-,,
1/23/2023,The Co-operative Bank of Kenya Ltd Ord 1.00,KES 12.65,64700,0,-,,
1/23/2023,Absa Bank Kenya Plc Ord 0.50,KES 12.50,65100,0,-,,
1/23/2023,NCBA Bank Ltd Ord 5.00,KES 38.20,26500,0,-,,
1/23/2023,KCB Group Ltd Ord 1.00,KES 38.40,106200,-391,680,-,
1/22/2023,Equity Group Holdings Ltd Ord 0.50,-,46900,120,-,,
1/22/2023,Absa Bank Kenya Plc Ord 0.50,-,65100,-,-,,
1/22/2023,KCB Group Ltd Ord 1.00,-,106200,-,-,,
1/22/2023,The Co-operative Bank of Kenya Ltd Ord 1.00,-,64700,-,-,,
1/22/2023,NCBA Bank Ltd Ord 5.00,-,26500,-,-,,
1/20/2023,Equity Group Holdings Ltd Ord 0.50,KES 46.00,1348200,-9,574,320,0.00%
1/20/2023,Absa Bank Kenya Plc Ord 0.50,KES 12.30,86900,0,0.82%,,
1/20/2023,The Co-operative Bank of Kenya Ltd Ord 1.00,KES 12.40,94900,-32,500,0.81%,
1/20/2023,KCB Group Ltd Ord 1.00,KES 38.40,1100300,37,48,440,0.00%
1/20/2023,NCBA Bank Ltd Ord 5.00,KES 38.30,51700,-11,550,-0.26%,
1/19/2023,Equity Group Holdings Ltd Ord 0.50,KES 46.00,3028700,-8,790,600,0.00%
1/19/2023,Absa Bank Kenya Plc Ord 0.50,KES 12.20,62200,0,0.41%,,
1/19/2023,The Co-operative Bank of Kenya Ltd Ord 1.00,KES 12.30,1864500,1,230,0.00%,
1/19/2023,NCBA Bank Ltd Ord 5.00,KES 38.40,8000,0,-1.16%,,
1/19/2023,KCB Group Ltd Ord 1.00,KES 38.40,1610800,0,0.39%,,
1/18/2023,Equity Group Holdings Ltd Ord 0.50,KES 46.00,3568500,51,23,195,-0.43%
1/18/2023,Absa Bank Kenya Plc Ord 0.50,KES 12.15,65700,0,-0.82%,,
1/18/2023,NCBA Bank Ltd Ord 5.00,KES 38.85,45400,35,235,-0.89%,
1/18/2023,The Co-operative Bank of Kenya Ltd Ord 1.00,KES 12.30,1318400,0,0.00%,,
1/18/2023,KCB Group Ltd Ord 1.00,KES 38.25,87500,0,0.66%,,
1/17/2023,Equity Group Holdings Ltd Ord 0.50,KES 46.20,147200,-1,459,210,-0.65%
1/17/2023,Absa Bank Kenya Plc Ord 0.50,KES 12.25,70600,0,0.00%,,
1/17/2023,KCB Group Ltd Ord 1.00,KES 38.00,1149100,-16,674,400,-1.30%
1/17/2023,The Co-operative Bank of Kenya Ltd Ord 1.00,KES 12.30,247900,109,470,0.00%,
1/17/2023,NCBA Bank Ltd Ord 5.00,KES 39.20,12300,0,0.26%,,
1/16/2023,Equity Group Holdings Ltd Ord 0.50,KES 46.50,1598900,17,97,490,-
1/16/2023,Absa Bank Kenya Plc Ord 0.50,KES 12.25,111100,0,-,,
1/16/2023,The Co-operative Bank of Kenya Ltd Ord 1.00,KES 12.30,203400,0,-,,
1/16/2023,KCB Group Ltd Ord 1.00,KES 38.50,481600,19,250,-,
1/16/2023,NCBA Bank Ltd Ord 5.00,KES 39.10,36900,0,-,,
1/15/2023,KCB Group Ltd Ord 1.00,-,481600,19,250,-,
1/15/2023,Equity Group Holdings Ltd Ord 0.50,-,1598900,17,97,490,-
1/15/2023,Absa Bank Kenya Plc Ord 0.50,-,111100,-,-,,
1/15/2023,NCBA Bank Ltd Ord 5.00,-,36900,-,-,,
1/15/2023,The Co-operative Bank of Kenya Ltd Ord 1.00,-,203400,-,-,,
1/13/2023,Equity Group Holdings Ltd Ord 0.50,KES 46.55,465200,10,260,75,-0.75%
1/13/2023,The Co-operative Bank of Kenya Ltd Ord 1.00,KES 12.60,39300,0,2.44%,,
1/13/2023,Absa Bank Kenya Plc Ord 0.50,KES 12.25,154900,0,-0.81%,,
1/13/2023,KCB Group Ltd Ord 1.00,KES 38.70,80000,0,-0.51%,,
1/13/2023,NCBA Bank Ltd Ord 5.00,KES 38.70,775400,0,-3.13%,,
1/12/2023,Equity Group Holdings Ltd Ord 0.50,KES 46.90,59000,-1,363,0,1.85%
1/12/2023,Absa Bank Kenya Plc Ord 0.50,KES 12.35,128300,0,0.82%,,
1/12/2023,KCB Group Ltd Ord 1.00,KES 38.90,61700,0,-0.13%,,
1/12/2023,NCBA Bank Ltd Ord 5.00,KES 39.95,1183700,-724,0,1.01%,
1/12/2023,The Co-operative Bank of Kenya Ltd Ord 1.00,KES 12.30,151000,0,-1.60%,,
1/11/2023,Equity Group Holdings Ltd Ord 0.50,KES 46.05,531900,22,210,0,1.21%
1/11/2023,Absa Bank Kenya Plc Ord 0.50,KES 12.25,220400,0,1.66%,,
1/11/2023,NCBA Bank Ltd Ord 5.00,KES 39.55,12200,0,-0.63%,,
1/11/2023,The Co-operative Bank of Kenya Ltd Ord 1.00,KES 12.50,106500,91,500,1.63%,
1/11/2023,KCB Group Ltd Ord 1.00,KES 38.95,223200,390,0,-0.26%,
1/10/2023,Equity Group Holdings Ltd Ord 0.50,KES 45.50,3427300,-1,640,770,0.00%
1/10/2023,Absa Bank Kenya Plc Ord 0.50,KES 12.05,84400,13,200,-0.41%,
1/10/2023,KCB Group Ltd Ord 1.00,KES 39.05,119700,0,0.00%,,
1/10/2023,NCBA Bank Ltd Ord 5.00,KES 39.80,75700,0,-0.50%,,
1/10/2023,The Co-operative Bank of Kenya Ltd Ord 1.00,KES 12.30,1505700,0,-0.81%,,
1/9/2023,Equity Group Holdings Ltd Ord 0.50,KES 45.50,1342400,-5,349,445,-
1/9/2023,Absa Bank Kenya Plc Ord 0.50,KES 12.10,168200,0,-,,
1/9/2023,KCB Group Ltd Ord 1.00,KES 39.05,357900,-3,159,0,-
1/9/2023,The Co-operative Bank of Kenya Ltd Ord 1.00,KES 12.40,210400,0,-,,
1/9/2023,NCBA Bank Ltd Ord 5.00,KES 40.00,610900,0,-,,
1/8/2023,NCBA Bank Ltd Ord 5.00,-,610900,-,-,,
1/8/2023,Absa Bank Kenya Plc Ord 0.50,-,168200,-,-,,
1/8/2023,Equity Group Holdings Ltd Ord 0.50,-,1342400,-,-,,
1/8/2023,The Co-operative Bank of Kenya Ltd Ord 1.00,-,210400,-,-,,
1/8/2023,KCB Group Ltd Ord 1.00,-,357900,-,-,,
1/6/2023,Equity Group Holdings Ltd Ord 0.50,KES 45.55,19300,-228,490,0.44%,
1/6/2023,Absa Bank Kenya Plc Ord 0.50,KES 12.05,6611900,39,538,170,0.00%
1/6/2023,NCBA Bank Ltd Ord 5.00,KES 39.65,442200,-772,910,2.72%,
1/6/2023,The Co-operative Bank of Kenya Ltd Ord 1.00,KES 12.40,61800,0,1.22%,,
1/6/2023,KCB Group Ltd Ord 1.00,KES 39.20,28500,-27,510,2.22%,
1/5/2023,Equity Group Holdings Ltd Ord 0.50,KES 45.35,1600500,-4,391,570,0.44%
1/5/2023,NCBA Bank Ltd Ord 5.00,KES 38.60,20800,0,-0.52%,,
1/5/2023,Absa Bank Kenya Plc Ord 0.50,KES 12.05,2830100,0,-0.41%,,
1/5/2023,The Co-operative Bank of Kenya Ltd Ord 1.00,KES 12.25,154500,-550,310,1.24%,
1/5/2023,KCB Group Ltd Ord 1.00,KES 38.35,20100,0,0.39%,,
1/4/2023,Equity Group Holdings Ltd Ord 0.50,KES 45.15,7582400,-263,423,400,0.22%
1/4/2023,Absa Bank Kenya Plc Ord 0.50,KES 12.10,106300,0,-0.82%,,
1/4/2023,KCB Group Ltd Ord 1.00,KES 38.20,65000,-528,210,-0.39%,
1/4/2023,The Co-operative Bank of Kenya Ltd Ord 1.00,KES 12.10,476600,11,95,0.00%,
1/4/2023,NCBA Bank Ltd Ord 5.00,KES 38.80,15000,0,-0.39%,,
1/3/2023,Equity Group Holdings Ltd Ord 0.50,KES 45.05,63500,-1,572,890,-
1/3/2023,Absa Bank Kenya Plc Ord 0.50,KES 12.20,134300,0,-,,
1/3/2023,The Co-operative Bank of Kenya Ltd Ord 1.00,KES 12.10,149800,0,-,,
1/3/2023,KCB Group Ltd Ord 1.00,KES 38.35,58100,0,-,,
1/3/2023,NCBA Bank Ltd Ord 5.00,KES 38.95,27600,0,-,,
1/2/2023,KCB Group Ltd Ord 1.00,-,58100,-,-,,
1/2/2023,NCBA Bank Ltd Ord 5.00,-,27600,-,-,,
1/2/2023,Absa Bank Kenya Plc Ord 0.50,-,134300,-,-,,
1/2/2023,Equity Group Holdings Ltd Ord 0.50,-,63500,-,-,,
1/2/2023,The Co-operative Bank of Kenya Ltd Ord 1.00,-,149800,-,-,,
12/30/2022,Equity Group Holdings Ltd Ord 0.50,KES 44.50,3084600,-60,831,480,-1.66%
12/30/2022,Absa Bank Kenya Plc Ord 0.50,KES 12.30,108400,0,0.82%,,
12/30/2022,The Co-operative Bank of Kenya Ltd Ord 1.00,KES 12.30,76500,0,2.07%,,
12/30/2022,NCBA Bank Ltd Ord 5.00,KES 39.35,26500,0,-1.13%,,
12/30/2022,KCB Group Ltd Ord 1.00,KES 38.10,175400,0,0.13%,,
12/29/2022,Equity Group Holdings Ltd Ord 0.50,KES 45.25,257900,-10,315,400,0.00%
12/29/2022,The Co-operative Bank of Kenya Ltd Ord 1.00,KES 12.05,176300,0,-1.63%,,
12/29/2022,Absa Bank Kenya Plc Ord 0.50,KES 12.20,1041800,0,0.00%,,
12/29/2022,KCB Group Ltd Ord 1.00,KES 38.05,79000,0,0.00%,,
12/29/2022,NCBA Bank Ltd Ord 5.00,KES 39.80,80200,0,1.92%,,
12/28/2022,Equity Group Holdings Ltd Ord 0.50,KES 45.25,3844300,-33,795,0,-
12/28/2022,Absa Bank Kenya Plc Ord 0.50,KES 12.20,26800,0,-,,
12/28/2022,The Co-operative Bank of Kenya Ltd Ord 1.00,KES 12.25,41000,0,-,,
12/28/2022,KCB Group Ltd Ord 1.00,KES 38.05,88600,0,-,,
12/28/2022,NCBA Bank Ltd Ord 5.00,KES 39.05,88800,0,-,,
12/27/2022,Absa Bank Kenya Plc Ord 0.50,-,26800,-,-,,
12/27/2022,Equity Group Holdings Ltd Ord 0.50,-,3844300,-,-,,
12/27/2022,NCBA Bank Ltd Ord 5.00,-,88800,-,-,,
12/27/2022,The Co-operative Bank of Kenya Ltd Ord 1.00,-,41000,-,-,,
12/27/2022,KCB Group Ltd Ord 1.00,-,88600,-,-,,
12/23/2022,Equity Group Holdings Ltd Ord 0.50,KES 45.25,3311200,-50,120,570,0.00%
12/23/2022,Absa Bank Kenya Plc Ord 0.50,KES 12.10,20900,0,0.41%,,
12/23/2022,KCB Group Ltd Ord 1.00,KES 38.00,1895500,-10,108,0,-0.13%
12/23/2022,NCBA Bank Ltd Ord 5.00,KES 37.30,75900,0,0.95%,,
12/23/2022,The Co-operative Bank of Kenya Ltd Ord 1.00,KES 12.15,33200,0,1.67%,,
12/22/2022,Equity Group Holdings Ltd Ord 0.50,KES 45.25,135700,1,709,920,0.00%
12/22/2022,Absa Bank Kenya Plc Ord 0.50,KES 12.05,173500,0,-1.23%,,
12/22/2022,KCB Group Ltd Ord 1.00,KES 38.05,586800,0,0.13%,,
12/22/2022,NCBA Bank Ltd Ord 5.00,KES 36.95,95900,1,264,615,1.23%
12/22/2022,The Co-operative Bank of Kenya Ltd Ord 1.00,KES 11.95,77500,0,0.00%,,
12/21/2022,Equity Group Holdings Ltd Ord 0.50,KES 45.25,4246800,-190,86,630,0.00%
12/21/2022,Absa Bank Kenya Plc Ord 0.50,KES 12.20,31500,0,1.24%,,
12/21/2022,The Co-operative Bank of Kenya Ltd Ord 1.00,KES 11.95,279200,0,-0.42%,,
12/21/2022,NCBA Bank Ltd Ord 5.00,KES 36.50,242000,-1,361,960,0.14%
12/21/2022,KCB Group Ltd Ord 1.00,KES 38.00,2428300,-78,847,250,-2.06%
12/20/2022,Equity Group Holdings Ltd Ord 0.50,KES 45.25,3327900,-22,190,235,-0.55%
12/20/2022,The Co-operative Bank of Kenya Ltd Ord 1.00,KES 12.00,131900,0,0.00%,,
12/20/2022,Absa Bank Kenya Plc Ord 0.50,KES 12.05,61200,0,-1.23%,,
12/20/2022,KCB Group Ltd Ord 1.00,KES 38.80,293400,-8,975,340,2.37%
12/20/2022,NCBA Bank Ltd Ord 5.00,KES 36.45,15800,0,1.11%,,
12/19/2022,Equity Group Holdings Ltd Ord 0.50,KES 45.50,647400,-29,287,605,-
12/19/2022,Absa Bank Kenya Plc Ord 0.50,KES 12.20,56700,0,-,,
12/19/2022,KCB Group Ltd Ord 1.00,KES 37.90,77000,150,-,,
12/19/2022,The Co-operative Bank of Kenya Ltd Ord 1.00,KES 12.00,226000,0,-,,
12/19/2022,NCBA Bank Ltd Ord 5.00,KES 36.05,9900,0,-,,
12/18/2022,KCB Group Ltd Ord 1.00,-,77000,150,-,,
12/18/2022,NCBA Bank Ltd Ord 5.00,-,9900,-,-,,
12/18/2022,Absa Bank Kenya Plc Ord 0.50,-,56700,-,-,,
12/18/2022,Equity Group Holdings Ltd Ord 0.50,-,647400,-,-,,
12/18/2022,The Co-operative Bank of Kenya Ltd Ord 1.00,-,226000,-,-,,
12/17/2022,KCB Group Ltd Ord 1.00,-,-,6,662,750,-
12/17/2022,The Co-operative Bank of Kenya Ltd Ord 1.00,-,-,1,474,650,-
12/17/2022,Absa Bank Kenya Plc Ord 0.50,-,-,0,-,,
12/17/2022,NCBA Bank Ltd Ord 5.00,-,-,0,-,,
12/17/2022,Equity Group Holdings Ltd Ord 0.50,-,-,56,561,700,-
12/16/2022,Equity Group Holdings Ltd Ord 0.50,KES 45.50,472900,-13,172,925,0.00%
12/16/2022,Absa Bank Kenya Plc Ord 0.50,KES 12.15,132100,0,0.83%,,
12/16/2022,NCBA Bank Ltd Ord 5.00,KES 36.10,32900,0,0.42%,,
12/16/2022,KCB Group Ltd Ord 1.00,KES 37.25,124300,-51,790,0.27%,
12/16/2022,The Co-operative Bank of Kenya Ltd Ord 1.00,KES 12.00,395700,0,0.42%,,
12/15/2022,Equity Group Holdings Ltd Ord 0.50,KES 45.50,3528500,-75,320,140,0.11%
12/15/2022,Absa Bank Kenya Plc Ord 0.50,KES 12.05,75600,0,0.42%,,
12/15/2022,NCBA Bank Ltd Ord 5.00,KES 35.95,95900,0,3.90%,,
12/15/2022,The Co-operative Bank of Kenya Ltd Ord 1.00,KES 11.95,527300,0,-0.42%,,
12/15/2022,KCB Group Ltd Ord 1.00,KES 37.15,510400,0,1.09%,,
12/14/2022,Equity Group Holdings Ltd Ord 0.50,KES 45.45,521900,-5,866,220,-3.09%
12/14/2022,Absa Bank Kenya Plc Ord 0.50,KES 12.00,149900,0,0.00%,,
12/14/2022,KCB Group Ltd Ord 1.00,KES 36.75,239000,11,55,0.00%,
12/14/2022,The Co-operative Bank of Kenya Ltd Ord 1.00,KES 12.00,427000,-1,38,435,-0.83%
12/14/2022,NCBA Bank Ltd Ord 5.00,KES 34.60,32800,0,0.44%,,
12/13/2022,Equity Group Holdings Ltd Ord 0.50,KES 46.90,188800,8,5,400,-
12/13/2022,The Co-operative Bank of Kenya Ltd Ord 1.00,KES 12.10,67700,0,-,,
12/13/2022,Absa Bank Kenya Plc Ord 0.50,KES 12.00,85700,0,-,,
12/13/2022,NCBA Bank Ltd Ord 5.00,KES 34.45,1400,0,-,,
12/13/2022,KCB Group Ltd Ord 1.00,KES 36.75,605800,-20,135,325,-
12/12/2022,Equity Group Holdings Ltd Ord 0.50,-,188800,8,5,400,-
12/12/2022,KCB Group Ltd Ord 1.00,-,605800,-,-,,
12/12/2022,NCBA Bank Ltd Ord 5.00,-,1400,-,-,,
12/12/2022,Absa Bank Kenya Plc Ord 0.50,-,85700,-,-,,
12/12/2022,The Co-operative Bank of Kenya Ltd Ord 1.00,-,67700,-,-,,
12/9/2022,Equity Group Holdings Ltd Ord 0.50,KES 45.00,131700,4,608,0,-0.11%
12/9/2022,Absa Bank Kenya Plc Ord 0.50,KES 12.00,71700,-72,0,0.00%,
12/9/2022,NCBA Bank Ltd Ord 5.00,KES 35.10,49000,0,0.29%,,
12/9/2022,KCB Group Ltd Ord 1.00,KES 36.90,265400,-4,486,15,-1.86%
12/9/2022,The Co-operative Bank of Kenya Ltd Ord 1.00,KES 12.10,199700,0,-0.82%,,
12/8/2022,Equity Group Holdings Ltd Ord 0.50,KES 45.05,22400,0,0.00%,,
12/8/2022,Absa Bank Kenya Plc Ord 0.50,KES 12.00,41300,0,0.42%,,
12/8/2022,KCB Group Ltd Ord 1.00,KES 37.60,173300,-751,0,0.27%,
12/8/2022,The Co-operative Bank of Kenya Ltd Ord 1.00,KES 12.20,90500,0,1.67%,,
12/8/2022,NCBA Bank Ltd Ord 5.00,KES 35.00,57300,0,0.00%,,
12/7/2022,Equity Group Holdings Ltd Ord 0.50,KES 45.05,209100,0,0.22%,,
12/7/2022,Absa Bank Kenya Plc Ord 0.50,KES 11.95,42000,0,-0.83%,,
12/7/2022,The Co-operative Bank of Kenya Ltd Ord 1.00,KES 12.00,83100,0,1.27%,,
12/7/2022,NCBA Bank Ltd Ord 5.00,KES 35.00,392700,0,4.48%,,
12/7/2022,KCB Group Ltd Ord 1.00,KES 37.50,1772000,-13,170,0,0.13%
12/6/2022,Equity Group Holdings Ltd Ord 0.50,KES 44.95,102500,3,817,900,-0.11%
12/6/2022,The Co-operative Bank of Kenya Ltd Ord 1.00,KES 11.85,76000,0,-0.84%,,
12/6/2022,Absa Bank Kenya Plc Ord 0.50,KES 12.05,73200,0,0.42%,,
12/6/2022,KCB Group Ltd Ord 1.00,KES 37.45,764500,-23,815,85,-0.27%
12/6/2022,NCBA Bank Ltd Ord 5.00,KES 33.50,68100,0,1.52%,,
12/5/2022,Equity Group Holdings Ltd Ord 0.50,KES 45.00,600200,4,482,0,-
12/5/2022,The Co-operative Bank of Kenya Ltd Ord 1.00,KES 11.95,113900,-439,670,-,
12/5/2022,Absa Bank Kenya Plc Ord 0.50,KES 12.00,118700,0,-,,
12/5/2022,KCB Group Ltd Ord 1.00,KES 37.55,219500,45,290,-,
12/5/2022,NCBA Bank Ltd Ord 5.00,KES 33.00,9000,0,-,,
12/4/2022,KCB Group Ltd Ord 1.00,-,219500,45,290,-,
12/4/2022,Equity Group Holdings Ltd Ord 0.50,-,600200,4,482,0,-
12/4/2022,NCBA Bank Ltd Ord 5.00,-,9000,-,-,,
12/4/2022,Absa Bank Kenya Plc Ord 0.50,-,118700,-,-,,
12/4/2022,The Co-operative Bank of Kenya Ltd Ord 1.00,-,113900,-,-,,
12/2/2022,Equity Group Holdings Ltd Ord 0.50,KES 45.05,84700,45,100,-0.77%,
12/2/2022,Absa Bank Kenya Plc Ord 0.50,KES 11.80,102500,0,-1.26%,,
12/2/2022,The Co-operative Bank of Kenya Ltd Ord 1.00,KES 12.05,76200,0,0.42%,,
12/2/2022,NCBA Bank Ltd Ord 5.00,KES 33.00,8300,0,1.07%,,
12/2/2022,KCB Group Ltd Ord 1.00,KES 37.75,175500,0,-0.66%,,
12/1/2022,Equity Group Holdings Ltd Ord 0.50,KES 45.40,162000,-18,0,-0.55%,
12/1/2022,Absa Bank Kenya Plc Ord 0.50,KES 11.95,31500,31,500,2.58%,
12/1/2022,The Co-operative Bank of Kenya Ltd Ord 1.00,KES 12.00,522500,522,500,0.00%,
12/1/2022,NCBA Bank Ltd Ord 5.00,KES 32.65,264600,264,600,-1.66%,
12/1/2022,KCB Group Ltd Ord 1.00,KES 38.00,2019800,1,970,400,0.00%
11/30/2022,Equity Group Holdings Ltd Ord 0.50,KES 45.65,20000,0,-2.77%,,
11/30/2022,Absa Bank Kenya Plc Ord 0.50,KES 11.65,53300,0,-1.27%,,
11/30/2022,KCB Group Ltd Ord 1.00,KES 38.00,1280300,11,411,385,0.13%
11/30/2022,NCBA Bank Ltd Ord 5.00,KES 33.20,9800,0,0.61%,,
11/30/2022,The Co-operative Bank of Kenya Ltd Ord 1.00,KES 12.00,171600,64,130,-0.83%,
11/29/2022,Equity Group Holdings Ltd Ord 0.50,KES 46.95,4381500,178,591,515,2.85%
11/29/2022,Absa Bank Kenya Plc Ord 0.50,KES 11.80,121400,-23,100,3.51%,
11/29/2022,The Co-operative Bank of Kenya Ltd Ord 1.00,KES 12.10,121600,0,-2.81%,,
11/29/2022,NCBA Bank Ltd Ord 5.00,KES 33.00,37100,-132,0,0.46%,
11/29/2022,KCB Group Ltd Ord 1.00,KES 37.95,1603500,11,352,420,0.53%
11/28/2022,Equity Group Holdings Ltd Ord 0.50,KES 45.65,54900,1,556,665,-
11/28/2022,Absa Bank Kenya Plc Ord 0.50,KES 11.40,48900,16,875,-,
11/28/2022,KCB Group Ltd Ord 1.00,KES 37.75,106900,-1,282,0,-
11/28/2022,NCBA Bank Ltd Ord 5.00,KES 32.85,33900,0,-,,
11/28/2022,The Co-operative Bank of Kenya Ltd Ord 1.00,KES 12.45,48900,0,-,,
11/27/2022,Absa Bank Kenya Plc Ord 0.50,-,48900,16,875,-,
11/27/2022,Equity Group Holdings Ltd Ord 0.50,-,54900,1,556,665,-
11/27/2022,NCBA Bank Ltd Ord 5.00,-,33900,-,-,,
11/27/2022,KCB Group Ltd Ord 1.00,-,106900,-,-,,
11/27/2022,The Co-operative Bank of Kenya Ltd Ord 1.00,-,48900,-,-,,
11/25/2022,Equity Group Holdings Ltd Ord 0.50,KES 45.95,25500,7,662,900,1.10%
11/25/2022,Absa Bank Kenya Plc Ord 0.50,KES 11.65,31800,0,1.30%,,
11/25/2022,KCB Group Ltd Ord 1.00,KES 37.60,194900,-4,791,670,0.27%
11/25/2022,The Co-operative Bank of Kenya Ltd Ord 1.00,KES 12.45,70000,0,0.40%,,
11/25/2022,NCBA Bank Ltd Ord 5.00,KES 32.85,31900,0,2.82%,,
11/24/2022,Equity Group Holdings Ltd Ord 0.50,KES 45.45,25500,864,395,1.00%,
11/24/2022,Absa Bank Kenya Plc Ord 0.50,KES 11.50,31800,0,-0.86%,,
11/24/2022,NCBA Bank Ltd Ord 5.00,KES 31.95,31900,-265,600,5.27%,
11/24/2022,The Co-operative Bank of Kenya Ltd Ord 1.00,KES 12.40,70000,0,-1.59%,,
11/24/2022,KCB Group Ltd Ord 1.00,KES 37.50,194900,-2,235,0,0.13%
11/23/2022,Equity Group Holdings Ltd Ord 0.50,KES 45.00,7754300,-142,83,0,-0.11%
11/23/2022,Absa Bank Kenya Plc Ord 0.50,KES 11.60,78200,0,0.00%,,
11/23/2022,The Co-operative Bank of Kenya Ltd Ord 1.00,KES 12.60,29700,0,4.56%,,
11/23/2022,NCBA Bank Ltd Ord 5.00,KES 30.35,3200,-,-1.62%,,
11/23/2022,KCB Group Ltd Ord 1.00,KES 37.45,177500,-,0.40%,,
11/22/2022,Equity Group Holdings Ltd Ord 0.50,KES 45.05,4288700,180,0,-1.64%,
11/22/2022,The Co-operative Bank of Kenya Ltd Ord 1.00,KES 12.05,343900,-438,880,0.42%,
11/22/2022,Absa Bank Kenya Plc Ord 0.50,KES 11.60,39500,-119,340,-1.28%,
11/22/2022,KCB Group Ltd Ord 1.00,KES 37.30,125600,-1,583,420,-1.84%
11/22/2022,NCBA Bank Ltd Ord 5.00,KES 30.85,42500,0,1.48%,,
11/21/2022,Equity Group Holdings Ltd Ord 0.50,KES 45.80,4288700,-157,101,820,-
11/21/2022,The Co-operative Bank of Kenya Ltd Ord 1.00,KES 12.00,343900,-3,801,660,-
11/21/2022,Absa Bank Kenya Plc Ord 0.50,KES 11.75,39500,-136,880,-,
11/21/2022,KCB Group Ltd Ord 1.00,KES 38.00,125600,94,250,-,
11/21/2022,NCBA Bank Ltd Ord 5.00,KES 30.40,42500,0,-,,
11/20/2022,KCB Group Ltd Ord 1.00,-,125600,94,250,-,
11/20/2022,Absa Bank Kenya Plc Ord 0.50,-,39500,-,-,,
11/20/2022,NCBA Bank Ltd Ord 5.00,-,42500,-,-,,
11/20/2022,The Co-operative Bank of Kenya Ltd Ord 1.00,-,343900,-,-,,
11/20/2022,Equity Group Holdings Ltd Ord 0.50,-,4288700,-,-,,
11/18/2022,Equity Group Holdings Ltd Ord 0.50,KES 46.80,24500,-728,500,2.52%,
11/18/2022,The Co-operative Bank of Kenya Ltd Ord 1.00,KES 12.00,498300,0,0.84%,,
11/18/2022,Absa Bank Kenya Plc Ord 0.50,KES 11.70,85500,-595,610,0.00%,
11/18/2022,NCBA Bank Ltd Ord 5.00,KES 30.60,4400,0,1.66%,,
11/18/2022,KCB Group Ltd Ord 1.00,KES 38.80,139900,-2,974,385,-1.65%
11/17/2022,Equity Group Holdings Ltd Ord 0.50,KES 45.65,402400,-12,534,820,-0.11%
11/17/2022,Absa Bank Kenya Plc Ord 0.50,KES 11.70,125500,-34,220,0.00%,
11/17/2022,KCB Group Ltd Ord 1.00,KES 39.45,217600,-7,19,350,-0.25%
11/17/2022,The Co-operative Bank of Kenya Ltd Ord 1.00,KES 11.90,1239900,0,-0.83%,,
11/17/2022,NCBA Bank Ltd Ord 5.00,KES 30.10,15000,0,-4.60%,,
11/16/2022,Equity Group Holdings Ltd Ord 0.50,KES 45.70,19000,0,0.33%,,
11/16/2022,Absa Bank Kenya Plc Ord 0.50,KES 11.70,14983400,98,13,0,0.43%
11/16/2022,NCBA Bank Ltd Ord 5.00,KES 31.55,201100,-2,510,100,3.78%
11/16/2022,The Co-operative Bank of Kenya Ltd Ord 1.00,KES 12.00,377800,-695,160,0.00%,
11/16/2022,KCB Group Ltd Ord 1.00,KES 39.55,54300,-7,800,5.05%,
11/15/2022,Equity Group Holdings Ltd Ord 0.50,KES 45.55,403300,1,756,170,-0.65%
11/15/2022,Absa Bank Kenya Plc Ord 0.50,KES 11.65,91800,0,-0.43%,,
11/15/2022,The Co-operative Bank of Kenya Ltd Ord 1.00,KES 12.00,484000,0,1.27%,,
11/15/2022,KCB Group Ltd Ord 1.00,KES 37.65,226900,4,126,200,1.62%
11/15/2022,NCBA Bank Ltd Ord 5.00,KES 30.40,119200,253,150,-1.14%,
11/14/2022,Equity Group Holdings Ltd Ord 0.50,KES 45.85,449000,-15,741,200,-
11/14/2022,The Co-operative Bank of Kenya Ltd Ord 1.00,KES 11.85,255600,0,-,,
11/14/2022,Absa Bank Kenya Plc Ord 0.50,KES 11.70,34100,-90,475,-,
11/14/2022,KCB Group Ltd Ord 1.00,KES 37.05,138900,409,130,-,
11/14/2022,NCBA Bank Ltd Ord 5.00,KES 30.75,20000,0,-,,
11/13/2022,KCB Group Ltd Ord 1.00,-,138900,409,130,-,
11/13/2022,Absa Bank Kenya Plc Ord 0.50,-,34100,-,-,,
11/13/2022,Equity Group Holdings Ltd Ord 0.50,-,449000,-,-,,
11/13/2022,NCBA Bank Ltd Ord 5.00,-,20000,-,-,,
11/13/2022,The Co-operative Bank of Kenya Ltd Ord 1.00,-,255600,-,-,,
11/11/2022,Equity Group Holdings Ltd Ord 0.50,KES 45.10,138300,2,1,715,0.11%
11/11/2022,The Co-operative Bank of Kenya Ltd Ord 1.00,KES 11.85,72500,3,600,0.42%,
11/11/2022,Absa Bank Kenya Plc Ord 0.50,KES 11.70,39600,0,-1.27%,,
11/11/2022,NCBA Bank Ltd Ord 5.00,KES 31.70,115700,-630,150,-0.94%,
11/11/2022,KCB Group Ltd Ord 1.00,KES 36.75,189000,-195,835,0.68%,
11/10/2022,Equity Group Holdings Ltd Ord 0.50,KES 45.05,1018100,-347,505,0.33%,
11/10/2022,The Co-operative Bank of Kenya Ltd Ord 1.00,KES 11.80,85200,1,185,-1.26%,
11/10/2022,Absa Bank Kenya Plc Ord 0.50,KES 11.85,55000,0,0.42%,,
11/10/2022,KCB Group Ltd Ord 1.00,KES 36.50,1143500,-3,506,750,0.00%
11/10/2022,NCBA Bank Ltd Ord 5.00,KES 32.00,35600,-825,600,-1.23%,
11/9/2022,Equity Group Holdings Ltd Ord 0.50,KES 44.90,33300,-964,900,0.90%,
11/9/2022,Absa Bank Kenya Plc Ord 0.50,KES 11.80,44700,0,0.85%,,
11/9/2022,KCB Group Ltd Ord 1.00,KES 36.50,349200,-9,286,445,-0.68%
11/9/2022,The Co-operative Bank of Kenya Ltd Ord 1.00,KES 11.95,51800,0,0.00%,,
11/9/2022,NCBA Bank Ltd Ord 5.00,KES 32.40,5900,0,2.37%,,
11/8/2022,Equity Group Holdings Ltd Ord 0.50,KES 44.50,81500,-1,992,285,-1.11%
11/8/2022,Absa Bank Kenya Plc Ord 0.50,KES 11.70,1109000,12,568,820,0.00%
11/8/2022,The Co-operative Bank of Kenya Ltd Ord 1.00,KES 11.95,49400,0,0.42%,,
11/8/2022,KCB Group Ltd Ord 1.00,KES 36.75,1216300,-27,994,930,-0.68%
11/8/2022,NCBA Bank Ltd Ord 5.00,KES 31.65,14400,-31,550,0.48%,
11/7/2022,Equity Group Holdings Ltd Ord 0.50,KES 45.00,514900,-13,322,500,-
11/7/2022,The Co-operative Bank of Kenya Ltd Ord 1.00,KES 11.90,39500,6,0,-,
11/7/2022,Absa Bank Kenya Plc Ord 0.50,KES 11.70,1179400,0,-,,
11/7/2022,NCBA Bank Ltd Ord 5.00,KES 31.50,432200,-7,875,0,-
11/7/2022,KCB Group Ltd Ord 1.00,KES 37.00,647200,-4,33,570,-
11/6/2022,The Co-operative Bank of Kenya Ltd Ord 1.00,-,39500,6,0,-,
11/6/2022,KCB Group Ltd Ord 1.00,-,647200,-,-,,
11/6/2022,NCBA Bank Ltd Ord 5.00,-,432200,-,-,,
11/6/2022,Absa Bank Kenya Plc Ord 0.50,-,1179400,-,-,,
11/6/2022,Equity Group Holdings Ltd Ord 0.50,-,514900,-,-,,
11/4/2022,Equity Group Holdings Ltd Ord 0.50,KES 45.70,47900,-1,600,60,-0.44%
11/4/2022,Absa Bank Kenya Plc Ord 0.50,KES 11.40,146500,0,-0.87%,,
11/4/2022,KCB Group Ltd Ord 1.00,KES 37.15,110300,-1,921,600,-0.27%
11/4/2022,NCBA Bank Ltd Ord 5.00,KES 31.10,5500,0,-1.27%,,
11/4/2022,The Co-operative Bank of Kenya Ltd Ord 1.00,KES 11.75,101000,0,0.00%,,
11/3/2022,Equity Group Holdings Ltd Ord 0.50,KES 45.90,28000,-782,0,-0.43%,
11/3/2022,Absa Bank Kenya Plc Ord 0.50,KES 11.50,87800,0,0.44%,,
11/3/2022,The Co-operative Bank of Kenya Ltd Ord 1.00,KES 11.75,190500,-409,525,-0.42%,
11/3/2022,NCBA Bank Ltd Ord 5.00,KES 31.50,9500,0,3.96%,,
11/3/2022,KCB Group Ltd Ord 1.00,KES 37.25,949600,-14,234,940,-0.93%
11/2/2022,Equity Group Holdings Ltd Ord 0.50,KES 46.10,550800,-1,277,65,-0.75%
11/2/2022,Absa Bank Kenya Plc Ord 0.50,KES 11.45,77600,0,0.88%,,
11/2/2022,KCB Group Ltd Ord 1.00,KES 37.60,227800,-2,916,260,-0.27%
11/2/2022,NCBA Bank Ltd Ord 5.00,KES 30.30,60800,-906,470,-3.35%,
11/2/2022,The Co-operative Bank of Kenya Ltd Ord 1.00,KES 11.80,53500,2,360,1.29%,
11/1/2022,Equity Group Holdings Ltd Ord 0.50,KES 46.45,2949700,43,940,940,-0.54%
11/1/2022,Absa Bank Kenya Plc Ord 0.50,KES 11.35,52400,0,0.89%,,
11/1/2022,KCB Group Ltd Ord 1.00,KES 37.70,1411000,-1,55,680,0.13%
11/1/2022,The Co-operative Bank of Kenya Ltd Ord 1.00,KES 11.65,203700,0,-1.27%,,
11/1/2022,NCBA Bank Ltd Ord 5.00,KES 31.35,14900,0,-0.48%,,
10/31/2022,Equity Group Holdings Ltd Ord 0.50,KES 46.70,13600,0,-,,
10/31/2022,Absa Bank Kenya Plc Ord 0.50,KES 11.25,111100,0,-,,
10/31/2022,NCBA Bank Ltd Ord 5.00,KES 31.50,11800,0,-,,
10/31/2022,The Co-operative Bank of Kenya Ltd Ord 1.00,KES 11.80,112400,0,-,,
10/31/2022,KCB Group Ltd Ord 1.00,KES 37.65,369800,-7,540,20,-
10/30/2022,NCBA Bank Ltd Ord 5.00,-,11800,-,-,,
10/30/2022,KCB Group Ltd Ord 1.00,-,369800,-,-,,
10/30/2022,Absa Bank Kenya Plc Ord 0.50,-,111100,-,-,,
10/30/2022,Equity Group Holdings Ltd Ord 0.50,-,13600,-,-,,
10/30/2022,The Co-operative Bank of Kenya Ltd Ord 1.00,-,112400,-,-,,
10/28/2022,Equity Group Holdings Ltd Ord 0.50,KES 46.80,804000,-35,808,755,-0.74%
10/28/2022,Absa Bank Kenya Plc Ord 0.50,KES 11.15,69700,3,300,-1.76%,
10/28/2022,The Co-operative Bank of Kenya Ltd Ord 1.00,KES 11.80,101400,0,-0.42%,,
10/28/2022,KCB Group Ltd Ord 1.00,KES 37.70,1992700,3,748,650,0.00%
10/28/2022,NCBA Bank Ltd Ord 5.00,KES 32.25,286200,-232,360,2.71%,
10/27/2022,Equity Group Holdings Ltd Ord 0.50,KES 47.15,2181500,-81,916,725,0.86%
10/27/2022,Absa Bank Kenya Plc Ord 0.50,KES 11.35,35900,0,0.00%,,
10/27/2022,KCB Group Ltd Ord 1.00,KES 37.70,603100,754,0,0.00%,
10/27/2022,The Co-operative Bank of Kenya Ltd Ord 1.00,KES 11.85,963300,0,-0.42%,,
10/27/2022,NCBA Bank Ltd Ord 5.00,KES 31.40,17200,-50,200,1.45%,
10/26/2022,Equity Group Holdings Ltd Ord 0.50,KES 46.75,9511100,-444,209,235,0.21%
10/26/2022,Absa Bank Kenya Plc Ord 0.50,KES 11.35,38600,0,-1.30%,,
10/26/2022,The Co-operative Bank of Kenya Ltd Ord 1.00,KES 11.90,80900,8,400,0.85%,
10/26/2022,KCB Group Ltd Ord 1.00,KES 37.70,4758700,-34,863,635,0.00%
10/26/2022,NCBA Bank Ltd Ord 5.00,KES 30.95,20800,-285,200,0.49%,
10/25/2022,Equity Group Holdings Ltd Ord 0.50,KES 46.65,5022200,45,235,500,-0.21%
10/25/2022,The Co-operative Bank of Kenya Ltd Ord 1.00,KES 11.80,1038400,0,-1.26%,,
10/25/2022,Absa Bank Kenya Plc Ord 0.50,KES 11.50,92300,0,-0.86%,,
10/25/2022,NCBA Bank Ltd Ord 5.00,KES 30.80,721600,0,1.32%,,
10/25/2022,KCB Group Ltd Ord 1.00,KES 37.70,224100,-470,740,0.80%,
10/24/2022,Equity Group Holdings Ltd Ord 0.50,KES 46.75,144600,5,626,215,-
10/24/2022,The Co-operative Bank of Kenya Ltd Ord 1.00,KES 11.95,86800,0,-,,
10/24/2022,Absa Bank Kenya Plc Ord 0.50,KES 11.60,57500,0,-,,
10/24/2022,KCB Group Ltd Ord 1.00,KES 37.40,107400,3,760,-,
10/24/2022,NCBA Bank Ltd Ord 5.00,KES 30.40,3400,0,-,,
10/23/2022,KCB Group Ltd Ord 1.00,-,107400,3,760,-,
10/23/2022,Equity Group Holdings Ltd Ord 0.50,-,144600,5,626,215,-
10/23/2022,NCBA Bank Ltd Ord 5.00,-,3400,-,-,,
10/23/2022,Absa Bank Kenya Plc Ord 0.50,-,57500,-,-,,
10/23/2022,The Co-operative Bank of Kenya Ltd Ord 1.00,-,86800,-,-,,
10/21/2022,Equity Group Holdings Ltd Ord 0.50,KES 45.35,5200,135,0,-,
10/21/2022,Absa Bank Kenya Plc Ord 0.50,KES 11.60,94800,0,-,,
10/21/2022,The Co-operative Bank of Kenya Ltd Ord 1.00,KES 12.00,46000,0,-,,
10/21/2022,NCBA Bank Ltd Ord 5.00,KES 30.25,25200,0,-,,
10/21/2022,KCB Group Ltd Ord 1.00,KES 36.55,5395400,-245,375,-,
10/20/2022,Equity Group Holdings Ltd Ord 0.50,-,5200,135,0,-,
10/20/2022,KCB Group Ltd Ord 1.00,-,5395400,-,-,,
10/20/2022,Absa Bank Kenya Plc Ord 0.50,-,94800,-,-,,
10/20/2022,NCBA Bank Ltd Ord 5.00,-,25200,-,-,,
10/20/2022,The Co-operative Bank of Kenya Ltd Ord 1.00,-,46000,-,-,,
10/19/2022,Equity Group Holdings Ltd Ord 0.50,KES 45.00,112700,426,800,1.81%,
10/19/2022,Absa Bank Kenya Plc Ord 0.50,KES 11.65,101600,0,0.00%,,
10/19/2022,KCB Group Ltd Ord 1.00,KES 37.90,105900,-2,162,300,-0.13%
10/19/2022,NCBA Bank Ltd Ord 5.00,KES 30.15,74000,0,0.33%,,
10/19/2022,The Co-operative Bank of Kenya Ltd Ord 1.00,KES 12.00,132300,36,345,0.00%,
10/18/2022,Equity Group Holdings Ltd Ord 0.50,KES 44.20,256600,-5,902,615,-0.45%
10/18/2022,Absa Bank Kenya Plc Ord 0.50,KES 11.65,56900,0,2.64%,,
10/18/2022,KCB Group Ltd Ord 1.00,KES 37.95,195800,-1,744,505,-0.52%
10/18/2022,The Co-operative Bank of Kenya Ltd Ord 1.00,KES 12.00,229600,0,0.00%,,
10/18/2022,NCBA Bank Ltd Ord 5.00,KES 30.05,71300,0,-0.50%,,
10/17/2022,Equity Group Holdings Ltd Ord 0.50,KES 44.40,35500,0,-,,
10/17/2022,Absa Bank Kenya Plc Ord 0.50,KES 11.35,111900,0,-,,
10/17/2022,The Co-operative Bank of Kenya Ltd Ord 1.00,KES 12.00,88700,0,-,,
10/17/2022,NCBA Bank Ltd Ord 5.00,KES 30.20,6300,0,-,,
10/17/2022,KCB Group Ltd Ord 1.00,KES 38.15,314400,-9,974,165,-
10/16/2022,KCB Group Ltd Ord 1.00,-,314400,-,-,,
10/16/2022,Absa Bank Kenya Plc Ord 0.50,-,111900,-,-,,
10/16/2022,Equity Group Holdings Ltd Ord 0.50,-,35500,-,-,,
10/16/2022,NCBA Bank Ltd Ord 5.00,-,6300,-,-,,
10/16/2022,The Co-operative Bank of Kenya Ltd Ord 1.00,-,88700,-,-,,
10/14/2022,Equity Group Holdings Ltd Ord 0.50,KES 44.10,1268500,36,55,825,0.34%
10/14/2022,The Co-operative Bank of Kenya Ltd Ord 1.00,KES 12.00,138200,-1,195,1.27%,
10/14/2022,Absa Bank Kenya Plc Ord 0.50,KES 11.15,37000,0,0.45%,,
10/14/2022,KCB Group Ltd Ord 1.00,KES 38.80,301500,-5,632,815,-0.39%
10/14/2022,NCBA Bank Ltd Ord 5.00,KES 30.50,5300,0,0.83%,,
10/13/2022,Equity Group Holdings Ltd Ord 0.50,KES 43.95,1541400,-6,763,820,-0.68%
10/13/2022,The Co-operative Bank of Kenya Ltd Ord 1.00,KES 11.85,139900,0,0.00%,,
10/13/2022,Absa Bank Kenya Plc Ord 0.50,KES 11.10,50300,0,1.37%,,
10/13/2022,KCB Group Ltd Ord 1.00,KES 38.95,277400,-4,741,940,-0.38%
10/13/2022,NCBA Bank Ltd Ord 5.00,KES 30.25,12200,0,-6.49%,,
10/12/2022,Equity Group Holdings Ltd Ord 0.50,KES 44.25,412900,-5,597,900,-0.56%
10/12/2022,Absa Bank Kenya Plc Ord 0.50,KES 10.95,68900,219,90,0.00%,
10/12/2022,KCB Group Ltd Ord 1.00,KES 39.10,430600,-11,883,925,-0.13%
10/12/2022,The Co-operative Bank of Kenya Ltd Ord 1.00,KES 11.85,155500,0,-0.42%,,
10/12/2022,NCBA Bank Ltd Ord 5.00,KES 32.35,371500,0,7.30%,,
10/11/2022,Equity Group Holdings Ltd Ord 0.50,KES 44.50,293100,538,650,-,
10/11/2022,Absa Bank Kenya Plc Ord 0.50,KES 10.95,84700,-10,515,-,
10/11/2022,The Co-operative Bank of Kenya Ltd Ord 1.00,KES 11.90,47200,-5,860,-,
10/11/2022,KCB Group Ltd Ord 1.00,KES 39.15,161800,612,320,-,
10/11/2022,NCBA Bank Ltd Ord 5.00,KES 30.15,34200,0,-,,
10/10/2022,KCB Group Ltd Ord 1.00,-,161800,612,320,-,
10/10/2022,Equity Group Holdings Ltd Ord 0.50,-,293100,538,650,-,
10/10/2022,Absa Bank Kenya Plc Ord 0.50,-,84700,-,-,,
10/10/2022,NCBA Bank Ltd Ord 5.00,-,34200,-,-,,
10/10/2022,The Co-operative Bank of Kenya Ltd Ord 1.00,-,47200,-,-,,
10/7/2022,The Co-operative Bank of Kenya Ltd Ord 1.00,KES 11.85,83600,0,0.85%,,
10/7/2022,Equity Group Holdings Ltd Ord 0.50,KES 44.50,2666100,-8,499,865,-0.34%
10/7/2022,Absa Bank Kenya Plc Ord 0.50,KES 10.95,62700,0,0.00%,,
10/7/2022,KCB Group Ltd Ord 1.00,KES 39.60,162800,-162,770,0.51%,
10/7/2022,NCBA Bank Ltd Ord 5.00,KES 31.95,311700,0,3.40%,,
10/6/2022,Equity Group Holdings Ltd Ord 0.50,KES 44.65,326200,-820,150,-3.25%,
10/6/2022,The Co-operative Bank of Kenya Ltd Ord 1.00,KES 11.75,156700,0,-0.42%,,
10/6/2022,Absa Bank Kenya Plc Ord 0.50,KES 10.95,100700,0,-0.45%,,
10/6/2022,NCBA Bank Ltd Ord 5.00,KES 30.90,517200,-477,400,2.66%,
10/6/2022,KCB Group Ltd Ord 1.00,KES 39.40,253100,0,0.51%,,
10/5/2022,Equity Group Holdings Ltd Ord 0.50,KES 46.15,193800,-632,940,-0.11%,
10/5/2022,Absa Bank Kenya Plc Ord 0.50,KES 11.00,95300,29,700,-0.45%,
10/5/2022,KCB Group Ltd Ord 1.00,KES 39.20,130100,0,-0.63%,,
10/5/2022,NCBA Bank Ltd Ord 5.00,KES 30.10,119800,0,-5.20%,,
10/5/2022,The Co-operative Bank of Kenya Ltd Ord 1.00,KES 11.80,32600,0,0.43%,,
10/4/2022,Equity Group Holdings Ltd Ord 0.50,KES 46.20,421500,-139,920,0.00%,
10/4/2022,Absa Bank Kenya Plc Ord 0.50,KES 11.05,130400,0,-2.21%,,
10/4/2022,KCB Group Ltd Ord 1.00,KES 39.45,81100,0,-4.83%,,
10/4/2022,The Co-operative Bank of Kenya Ltd Ord 1.00,KES 11.75,99300,-445,100,0.00%,
10/4/2022,NCBA Bank Ltd Ord 5.00,KES 31.75,753100,0,4.10%,,
10/3/2022,Equity Group Holdings Ltd Ord 0.50,KES 46.20,470900,13,222,440,-
10/3/2022,Absa Bank Kenya Plc Ord 0.50,KES 11.30,93100,0,-,,
10/3/2022,The Co-operative Bank of Kenya Ltd Ord 1.00,KES 11.75,199000,-1,61,25,-
10/3/2022,NCBA Bank Ltd Ord 5.00,KES 30.50,8600,0,-,,
10/3/2022,KCB Group Ltd Ord 1.00,KES 41.45,897700,209,100,-,
10/2/2022,KCB Group Ltd Ord 1.00,-,897700,209,100,-,
10/2/2022,Equity Group Holdings Ltd Ord 0.50,-,470900,13,222,440,-
10/2/2022,Absa Bank Kenya Plc Ord 0.50,-,93100,-,-,,
10/2/2022,NCBA Bank Ltd Ord 5.00,-,8600,-,-,,
10/2/2022,The Co-operative Bank of Kenya Ltd Ord 1.00,-,199000,-,-,,
9/30/2022,Equity Group Holdings Ltd Ord 0.50,KES 46.45,69700,-1,335,345,-0.75%
9/30/2022,The Co-operative Bank of Kenya Ltd Ord 1.00,KES 11.85,135800,-630,450,1.72%,
9/30/2022,Absa Bank Kenya Plc Ord 0.50,KES 11.45,48800,0,0.88%,,
9/30/2022,KCB Group Ltd Ord 1.00,KES 41.45,5089900,-124,500,0,0.61%
9/30/2022,NCBA Bank Ltd Ord 5.00,KES 30.30,18700,0,-0.66%,,
9/29/2022,Equity Group Holdings Ltd Ord 0.50,KES 46.80,61400,0,0.65%,,
9/29/2022,The Co-operative Bank of Kenya Ltd Ord 1.00,KES 11.65,128500,0,-0.43%,,
9/29/2022,Absa Bank Kenya Plc Ord 0.50,KES 11.35,77500,-307,890,0.44%,
9/29/2022,KCB Group Ltd Ord 1.00,KES 41.20,453000,-7,774,745,-0.36%
9/29/2022,NCBA Bank Ltd Ord 5.00,KES 30.50,21600,0,-3.02%,,
9/28/2022,Equity Group Holdings Ltd Ord 0.50,KES 46.50,244200,7,905,0,0.32%
9/28/2022,Absa Bank Kenya Plc Ord 0.50,KES 11.30,16300,0,0.44%,,
9/28/2022,KCB Group Ltd Ord 1.00,KES 41.35,3538400,-72,211,160,1.35%
9/28/2022,NCBA Bank Ltd Ord 5.00,KES 31.45,785400,-11,520,0,4.66%
9/28/2022,The Co-operative Bank of Kenya Ltd Ord 1.00,KES 11.70,414200,0,-0.43%,,
9/27/2022,Equity Group Holdings Ltd Ord 0.50,KES 46.35,660600,682,570,-0.75%,
9/27/2022,Absa Bank Kenya Plc Ord 0.50,KES 11.25,53900,0,-1.32%,,
9/27/2022,The Co-operative Bank of Kenya Ltd Ord 1.00,KES 11.75,173800,11,800,-2.08%,
9/27/2022,KCB Group Ltd Ord 1.00,KES 40.80,1354400,-685,700,0.74%,
9/27/2022,NCBA Bank Ltd Ord 5.00,KES 30.05,16800,0,-8.52%,,
9/26/2022,Equity Group Holdings Ltd Ord 0.50,KES 46.70,486100,-296,100,-,
9/26/2022,Absa Bank Kenya Plc Ord 0.50,KES 11.40,2063000,0,-,,
9/26/2022,KCB Group Ltd Ord 1.00,KES 40.50,4410200,-107,444,160,-
9/26/2022,The Co-operative Bank of Kenya Ltd Ord 1.00,KES 12.00,222000,3,615,-,
9/26/2022,NCBA Bank Ltd Ord 5.00,KES 32.85,1198200,-158,750,-,
9/25/2022,The Co-operative Bank of Kenya Ltd Ord 1.00,-,222000,3,615,-,
9/25/2022,NCBA Bank Ltd Ord 5.00,-,1198200,-,-,,
9/25/2022,Absa Bank Kenya Plc Ord 0.50,-,2063000,-,-,,
9/25/2022,Equity Group Holdings Ltd Ord 0.50,-,486100,-,-,,
9/25/2022,KCB Group Ltd Ord 1.00,-,4410200,-,-,,
9/23/2022,Equity Group Holdings Ltd Ord 0.50,KES 47.10,3233300,35,464,235,-0.95%
9/23/2022,Absa Bank Kenya Plc Ord 0.50,KES 11.45,33500,0,0.44%,,
9/23/2022,The Co-operative Bank of Kenya Ltd Ord 1.00,KES 12.05,209700,0,0.42%,,
9/23/2022,NCBA Bank Ltd Ord 5.00,KES 33.00,12203800,0,9.27%,,
9/23/2022,KCB Group Ltd Ord 1.00,KES 39.15,639500,15,790,0.38%,
9/22/2022,Equity Group Holdings Ltd Ord 0.50,KES 47.55,735800,-3,499,200,0.96%
9/22/2022,The Co-operative Bank of Kenya Ltd Ord 1.00,KES 12.00,828800,0,-0.83%,,
9/22/2022,Absa Bank Kenya Plc Ord 0.50,KES 11.40,546800,0,-1.30%,,
9/22/2022,KCB Group Ltd Ord 1.00,KES 39.00,3003100,-100,830,600,0.00%
9/22/2022,NCBA Bank Ltd Ord 5.00,KES 30.20,9300,0,-1.47%,,
9/21/2022,Equity Group Holdings Ltd Ord 0.50,KES 47.10,123700,117,625,0.21%,
9/21/2022,Absa Bank Kenya Plc Ord 0.50,KES 11.55,264100,0,-0.43%,,
9/21/2022,KCB Group Ltd Ord 1.00,KES 39.00,2563800,-29,922,400,-0.26%
9/21/2022,NCBA Bank Ltd Ord 5.00,KES 30.65,268300,0,-1.13%,,
9/21/2022,The Co-operative Bank of Kenya Ltd Ord 1.00,KES 12.10,430300,0,-0.41%,,
9/20/2022,Equity Group Holdings Ltd Ord 0.50,KES 47.00,280200,701,510,0.32%,
9/20/2022,Absa Bank Kenya Plc Ord 0.50,KES 11.60,188400,-429,725,-0.85%,
9/20/2022,The Co-operative Bank of Kenya Ltd Ord 1.00,KES 12.15,79400,-118,30,0.00%,
9/20/2022,NCBA Bank Ltd Ord 5.00,KES 31.00,1608700,-567,300,0.00%,
9/20/2022,KCB Group Ltd Ord 1.00,KES 39.10,474200,-7,543,620,-0.89%
9/19/2022,Equity Group Holdings Ltd Ord 0.50,KES 46.85,21800,0,-,,
9/19/2022,Absa Bank Kenya Plc Ord 0.50,KES 11.70,192700,0,-,,
9/19/2022,The Co-operative Bank of Kenya Ltd Ord 1.00,KES 12.15,162000,0,-,,
9/19/2022,KCB Group Ltd Ord 1.00,KES 39.45,183100,-2,785,200,-
9/19/2022,NCBA Bank Ltd Ord 5.00,KES 31.00,5144400,-29,950,-,
9/18/2022,NCBA Bank Ltd Ord 5.00,-,5144400,-,-,,
9/18/2022,KCB Group Ltd Ord 1.00,-,183100,-,-,,
9/18/2022,Absa Bank Kenya Plc Ord 0.50,-,192700,-,-,,
9/18/2022,Equity Group Holdings Ltd Ord 0.50,-,21800,-,-,,
9/18/2022,The Co-operative Bank of Kenya Ltd Ord 1.00,-,162000,-,-,,
9/16/2022,Equity Group Holdings Ltd Ord 0.50,KES 47.20,575800,-213,375,-0.63%,
9/16/2022,NCBA Bank Ltd Ord 5.00,KES 30.45,5369900,0,-7.02%,,
9/16/2022,Absa Bank Kenya Plc Ord 0.50,KES 11.60,60100,0,2.20%,,
9/16/2022,KCB Group Ltd Ord 1.00,KES 39.05,1153400,-41,903,730,-3.22%
9/16/2022,The Co-operative Bank of Kenya Ltd Ord 1.00,KES 12.35,120500,0,-0.40%,,
9/15/2022,Equity Group Holdings Ltd Ord 0.50,KES 47.50,980100,0,-0.11%,,
9/15/2022,The Co-operative Bank of Kenya Ltd Ord 1.00,KES 12.40,143800,0,-0.40%,,
9/15/2022,Absa Bank Kenya Plc Ord 0.50,KES 11.35,70900,7,910,-2.99%,
9/15/2022,KCB Group Ltd Ord 1.00,KES 40.35,1778000,-220,725,-1.34%,
9/15/2022,NCBA Bank Ltd Ord 5.00,KES 32.75,1401900,0,-0.30%,,
9/14/2022,Equity Group Holdings Ltd Ord 0.50,KES 47.55,651700,-745,835,-,
9/14/2022,Absa Bank Kenya Plc Ord 0.50,KES 11.70,56100,-2,380,-,
9/14/2022,The Co-operative Bank of Kenya Ltd Ord 1.00,KES 12.45,180000,0,-,,
9/14/2022,NCBA Bank Ltd Ord 5.00,KES 32.85,1306800,0,-,,
9/14/2022,KCB Group Ltd Ord 1.00,KES 40.90,983000,26,91,465,-
9/13/2022,KCB Group Ltd Ord 1.00,-,983000,26,91,465,-
9/13/2022,NCBA Bank Ltd Ord 5.00,-,1306800,-,-,,
9/13/2022,Absa Bank Kenya Plc Ord 0.50,-,56100,-,-,,
9/13/2022,Equity Group Holdings Ltd Ord 0.50,-,651700,-,-,,
9/13/2022,The Co-operative Bank of Kenya Ltd Ord 1.00,-,180000,-,-,,
9/12/2022,Equity Group Holdings Ltd Ord 0.50,KES 47.85,3555100,-60,238,980,-
9/12/2022,Absa Bank Kenya Plc Ord 0.50,KES 11.95,170300,0,-,,
9/12/2022,KCB Group Ltd Ord 1.00,KES 41.80,3567600,41,723,140,-
9/12/2022,The Co-operative Bank of Kenya Ltd Ord 1.00,KES 12.45,1646000,6,25,840,-
9/12/2022,NCBA Bank Ltd Ord 5.00,KES 33.10,444800,0,-,,
9/11/2022,KCB Group Ltd Ord 1.00,-,3567600,41,723,140,-
9/11/2022,The Co-operative Bank of Kenya Ltd Ord 1.00,-,1646000,6,25,840,-
9/11/2022,NCBA Bank Ltd Ord 5.00,-,444800,-,-,,
9/11/2022,Absa Bank Kenya Plc Ord 0.50,-,170300,-,-,,
9/11/2022,Equity Group Holdings Ltd Ord 0.50,-,3555100,-,-,,
9/9/2022,Equity Group Holdings Ltd Ord 0.50,KES 48.60,1013700,-26,466,980,-0.51%
9/9/2022,Absa Bank Kenya Plc Ord 0.50,KES 11.95,46300,72,0,0.00%,
9/9/2022,NCBA Bank Ltd Ord 5.00,KES 33.00,554200,0,-0.60%,,
9/9/2022,The Co-operative Bank of Kenya Ltd Ord 1.00,KES 12.55,268100,1,66,400,-0.79%
9/9/2022,KCB Group Ltd Ord 1.00,KES 42.45,278900,-2,15,265,-0.70%
9/8/2022,Equity Group Holdings Ltd Ord 0.50,KES 48.85,462500,1,150,925,-1.01%
9/8/2022,Absa Bank Kenya Plc Ord 0.50,KES 11.95,49100,2,380,-0.42%,
9/8/2022,The Co-operative Bank of Kenya Ltd Ord 1.00,KES 12.65,151400,0,0.00%,,
9/8/2022,KCB Group Ltd Ord 1.00,KES 42.75,84900,-955,600,1.18%,
9/8/2022,NCBA Bank Ltd Ord 5.00,KES 33.20,1855500,1,887,600,0.61%
9/7/2022,Equity Group Holdings Ltd Ord 0.50,KES 49.35,116800,-3,639,765,-1.30%
9/7/2022,The Co-operative Bank of Kenya Ltd Ord 1.00,KES 12.65,68800,-81,575,-0.39%,
9/7/2022,Absa Bank Kenya Plc Ord 0.50,KES 12.00,280600,301,200,0.00%,
9/7/2022,KCB Group Ltd Ord 1.00,KES 42.25,130100,-620,255,-1.05%,
9/7/2022,NCBA Bank Ltd Ord 5.00,KES 33.00,2574100,0,2.33%,,
9/6/2022,Equity Group Holdings Ltd Ord 0.50,KES 50.00,178300,-7,936,870,3.95%
9/6/2022,Absa Bank Kenya Plc Ord 0.50,KES 12.00,294600,380,400,0.00%,
9/6/2022,The Co-operative Bank of Kenya Ltd Ord 1.00,KES 12.70,116100,0,5.39%,,
9/6/2022,KCB Group Ltd Ord 1.00,KES 42.70,456900,-7,52,680,4.53%
9/6/2022,NCBA Bank Ltd Ord 5.00,KES 32.25,678700,0,2.71%,,
9/5/2022,Equity Group Holdings Ltd Ord 0.50,KES 48.10,1466600,22,946,655,-
9/5/2022,Absa Bank Kenya Plc Ord 0.50,KES 12.00,1407500,181,900,-,
9/5/2022,NCBA Bank Ltd Ord 5.00,KES 31.40,373200,0,-,,
9/5/2022,The Co-operative Bank of Kenya Ltd Ord 1.00,KES 12.05,7684000,9,933,625,-
9/5/2022,KCB Group Ltd Ord 1.00,KES 40.85,2490200,86,53,800,-
9/4/2022,Equity Group Holdings Ltd Ord 0.50,-,1466600,22,946,655,-
9/4/2022,Absa Bank Kenya Plc Ord 0.50,-,1407500,181,900,-,
9/4/2022,KCB Group Ltd Ord 1.00,-,2490200,86,53,800,-
9/4/2022,The Co-operative Bank of Kenya Ltd Ord 1.00,-,7684000,9,933,625,-
9/4/2022,NCBA Bank Ltd Ord 5.00,-,373200,-,-,,
9/2/2022,Equity Group Holdings Ltd Ord 0.50,KES 48.15,368100,19,240,0.31%,
9/2/2022,Absa Bank Kenya Plc Ord 0.50,KES 12.00,65800,0,0.00%,,
9/2/2022,KCB Group Ltd Ord 1.00,KES 40.85,395200,371,435,-0.37%,
9/2/2022,NCBA Bank Ltd Ord 5.00,KES 30.20,35400,0,2.03%,,
9/2/2022,The Co-operative Bank of Kenya Ltd Ord 1.00,KES 12.35,617100,-429,215,-0.40%,
9/1/2022,Equity Group Holdings Ltd Ord 0.50,KES 48.00,4769400,76,795,100,0.00%
9/1/2022,Absa Bank Kenya Plc Ord 0.50,KES 12.00,67200,0,1.27%,,
9/1/2022,The Co-operative Bank of Kenya Ltd Ord 1.00,KES 12.40,149300,0,0.00%,,
9/1/2022,KCB Group Ltd Ord 1.00,KES 41.00,165700,0,0.37%,,
9/1/2022,NCBA Bank Ltd Ord 5.00,KES 29.60,270600,0,1.72%,,
8/31/2022,Equity Group Holdings Ltd Ord 0.50,KES 48.00,936600,-571,250,0.00%,
8/31/2022,Absa Bank Kenya Plc Ord 0.50,KES 11.85,18600,0,0.00%,,
8/31/2022,NCBA Bank Ltd Ord 5.00,KES 29.10,82800,0,0.34%,,
8/31/2022,KCB Group Ltd Ord 1.00,KES 40.85,216100,48,670,-0.37%,
8/31/2022,The Co-operative Bank of Kenya Ltd Ord 1.00,KES 12.40,109900,1,260,0.81%,
8/30/2022,Equity Group Holdings Ltd Ord 0.50,KES 48.00,59900,-802,200,-0.21%,
8/30/2022,Absa Bank Kenya Plc Ord 0.50,KES 11.85,11800,0,1.72%,,
8/30/2022,NCBA Bank Ltd Ord 5.00,KES 29.00,95800,43,50,0.52%,
8/30/2022,KCB Group Ltd Ord 1.00,KES 41.00,1774600,0,-0.73%,,
8/30/2022,The Co-operative Bank of Kenya Ltd Ord 1.00,KES 12.30,248500,1,980,925,0.00%
8/29/2022,Equity Group Holdings Ltd Ord 0.50,KES 48.10,622100,159,305,-,
8/29/2022,NCBA Bank Ltd Ord 5.00,KES 28.85,139100,0,-,,
8/29/2022,Absa Bank Kenya Plc Ord 0.50,KES 11.65,102200,0,-,,
8/29/2022,The Co-operative Bank of Kenya Ltd Ord 1.00,KES 12.30,125900,0,-,,
8/29/2022,KCB Group Ltd Ord 1.00,KES 41.30,122300,954,500,-,
8/28/2022,Equity Group Holdings Ltd Ord 0.50,-,622100,159,305,-,
8/28/2022,KCB Group Ltd Ord 1.00,-,122300,954,500,-,
8/28/2022,Absa Bank Kenya Plc Ord 0.50,-,102200,-,-,,
8/28/2022,NCBA Bank Ltd Ord 5.00,-,139100,-,-,,
8/28/2022,The Co-operative Bank of Kenya Ltd Ord 1.00,-,125900,-,-,,
8/26/2022,Equity Group Holdings Ltd Ord 0.50,KES 49.20,12200,49,0,1.86%,
8/26/2022,Absa Bank Kenya Plc Ord 0.50,KES 11.70,68200,0,-0.85%,,
8/26/2022,KCB Group Ltd Ord 1.00,KES 40.95,85300,0,-2.03%,,
8/26/2022,The Co-operative Bank of Kenya Ltd Ord 1.00,KES 12.05,491000,3,454,800,-1.63%
8/26/2022,NCBA Bank Ltd Ord 5.00,KES 28.55,315800,15,925,7.33%,
8/25/2022,Equity Group Holdings Ltd Ord 0.50,KES 48.30,26000,0,0.62%,,
8/25/2022,The Co-operative Bank of Kenya Ltd Ord 1.00,KES 12.25,59800,2,480,1.24%,
8/25/2022,Absa Bank Kenya Plc Ord 0.50,KES 11.80,65800,0,1.72%,,
8/25/2022,KCB Group Ltd Ord 1.00,KES 41.80,89100,0,-2.68%,,
8/25/2022,NCBA Bank Ltd Ord 5.00,KES 26.60,105100,0,0.57%,,
8/24/2022,Equity Group Holdings Ltd Ord 0.50,KES 48.00,2097300,-93,265,220,-0.72%
8/24/2022,The Co-operative Bank of Kenya Ltd Ord 1.00,KES 12.10,40300,0,0.41%,,
8/24/2022,Absa Bank Kenya Plc Ord 0.50,KES 11.60,226500,0,-4.92%,,
8/24/2022,NCBA Bank Ltd Ord 5.00,KES 26.45,5700,0,1.93%,,
8/24/2022,KCB Group Ltd Ord 1.00,KES 42.95,96300,0,-0.92%,,
8/23/2022,Equity Group Holdings Ltd Ord 0.50,KES 48.35,157700,240,0,-1.33%,
8/23/2022,Absa Bank Kenya Plc Ord 0.50,KES 12.20,125100,0,0.00%,,
8/23/2022,NCBA Bank Ltd Ord 5.00,KES 25.95,46500,-826,975,-0.76%,
8/23/2022,KCB Group Ltd Ord 1.00,KES 43.35,350200,-2,275,50,-0.34%
8/23/2022,The Co-operative Bank of Kenya Ltd Ord 1.00,KES 12.05,436000,0,-3.21%,,
8/22/2022,Equity Group Holdings Ltd Ord 0.50,KES 49.00,180500,0,-,,
8/22/2022,Absa Bank Kenya Plc Ord 0.50,KES 12.20,76100,213,150,-,
8/22/2022,KCB Group Ltd Ord 1.00,KES 43.50,194100,-4,371,555,-
8/22/2022,The Co-operative Bank of Kenya Ltd Ord 1.00,KES 12.45,81100,0,-,,
8/22/2022,NCBA Bank Ltd Ord 5.00,KES 26.15,28800,0,-,,
8/21/2022,Absa Bank Kenya Plc Ord 0.50,-,76100,213,150,-,
8/21/2022,KCB Group Ltd Ord 1.00,-,194100,-,-,,
8/21/2022,NCBA Bank Ltd Ord 5.00,-,28800,-,-,,
8/21/2022,Equity Group Holdings Ltd Ord 0.50,-,180500,-,-,,
8/21/2022,The Co-operative Bank of Kenya Ltd Ord 1.00,-,81100,-,-,,
8/19/2022,Equity Group Holdings Ltd Ord 0.50,KES 48.00,296300,-12,936,70,-2.93%
8/19/2022,Absa Bank Kenya Plc Ord 0.50,KES 12.35,107000,0,0.41%,,
8/19/2022,The Co-operative Bank of Kenya Ltd Ord 1.00,KES 12.60,44300,0,-0.40%,,
8/19/2022,KCB Group Ltd Ord 1.00,KES 43.25,80500,-300,450,-0.23%,
8/19/2022,NCBA Bank Ltd Ord 5.00,KES 25.80,87300,0,-3.19%,,
8/18/2022,Equity Group Holdings Ltd Ord 0.50,KES 49.45,129900,-4,840,835,-3.51%
8/18/2022,Absa Bank Kenya Plc Ord 0.50,KES 12.30,272700,-24,800,0.00%,
8/18/2022,NCBA Bank Ltd Ord 5.00,KES 26.65,28800,0,-0.93%,,
8/18/2022,The Co-operative Bank of Kenya Ltd Ord 1.00,KES 12.65,49000,0,0.00%,,
8/18/2022,KCB Group Ltd Ord 1.00,KES 43.35,258100,287,100,0.35%,
8/17/2022,Equity Group Holdings Ltd Ord 0.50,KES 51.25,47000,-3,625,-1.91%,
8/17/2022,The Co-operative Bank of Kenya Ltd Ord 1.00,KES 12.65,72800,0,0.00%,,
8/17/2022,Absa Bank Kenya Plc Ord 0.50,KES 12.30,139900,0,0.41%,,
8/17/2022,KCB Group Ltd Ord 1.00,KES 43.20,123200,0,0.58%,,
8/17/2022,NCBA Bank Ltd Ord 5.00,KES 26.90,27700,0,0.75%,,
8/16/2022,Equity Group Holdings Ltd Ord 0.50,KES 52.25,1181500,0,1.95%,,
8/16/2022,The Co-operative Bank of Kenya Ltd Ord 1.00,KES 12.65,174800,0,-0.39%,,
8/16/2022,Absa Bank Kenya Plc Ord 0.50,KES 12.25,72500,0,1.24%,,
8/16/2022,NCBA Bank Ltd Ord 5.00,KES 26.70,77000,0,0.00%,,
8/16/2022,KCB Group Ltd Ord 1.00,KES 42.95,282700,-1,383,900,-0.12%
8/15/2022,Equity Group Holdings Ltd Ord 0.50,KES 51.25,72000,0,-,,
8/15/2022,Absa Bank Kenya Plc Ord 0.50,KES 12.10,41500,0,-,,
8/15/2022,The Co-operative Bank of Kenya Ltd Ord 1.00,KES 12.70,1414700,0,-,,
8/15/2022,KCB Group Ltd Ord 1.00,KES 43.00,191800,-6,71,600,-
8/15/2022,NCBA Bank Ltd Ord 5.00,KES 26.70,49900,265,0,-,
8/14/2022,NCBA Bank Ltd Ord 5.00,-,49900,265,0,-,
8/14/2022,Absa Bank Kenya Plc Ord 0.50,-,41500,-,-,,
8/14/2022,Equity Group Holdings Ltd Ord 0.50,-,72000,-,-,,
8/14/2022,KCB Group Ltd Ord 1.00,-,191800,-,-,,
8/14/2022,The Co-operative Bank of Kenya Ltd Ord 1.00,-,1414700,-,-,,
8/12/2022,Equity Group Holdings Ltd Ord 0.50,KES 50.50,28400,42,650,-2.42%,
8/12/2022,Absa Bank Kenya Plc Ord 0.50,KES 12.00,144600,0,0.00%,,
8/12/2022,KCB Group Ltd Ord 1.00,KES 43.05,119500,-4,280,0.58%,
8/12/2022,NCBA Bank Ltd Ord 5.00,KES 26.20,57400,0,-4.73%,,
8/12/2022,The Co-operative Bank of Kenya Ltd Ord 1.00,KES 12.80,176800,0,0.00%,,
8/11/2022,Equity Group Holdings Ltd Ord 0.50,KES 51.75,1317800,42,101,500,-2.82%
8/11/2022,The Co-operative Bank of Kenya Ltd Ord 1.00,KES 12.80,146300,0,1.99%,,
8/11/2022,Absa Bank Kenya Plc Ord 0.50,KES 12.00,174200,0,2.13%,,
8/11/2022,NCBA Bank Ltd Ord 5.00,KES 27.50,7700,0,6.18%,,
8/11/2022,KCB Group Ltd Ord 1.00,KES 42.80,732800,-27,878,455,1.06%
8/10/2022,Equity Group Holdings Ltd Ord 0.50,KES 53.25,2252400,35,801,425,-
8/10/2022,The Co-operative Bank of Kenya Ltd Ord 1.00,KES 12.55,64500,0,-,,
8/10/2022,Absa Bank Kenya Plc Ord 0.50,KES 11.75,581300,-3,563,365,-
8/10/2022,KCB Group Ltd Ord 1.00,KES 42.35,2029100,-63,753,155,-
8/10/2022,NCBA Bank Ltd Ord 5.00,KES 25.90,197800,0,-,,
8/9/2022,Equity Group Holdings Ltd Ord 0.50,-,2252400,35,801,425,-
8/9/2022,KCB Group Ltd Ord 1.00,-,2029100,-,-,,
8/9/2022,NCBA Bank Ltd Ord 5.00,-,197800,-,-,,
8/9/2022,Absa Bank Kenya Plc Ord 0.50,-,581300,-,-,,
8/9/2022,The Co-operative Bank of Kenya Ltd Ord 1.00,-,64500,-,-,,
8/8/2022,Equity Group Holdings Ltd Ord 0.50,KES 51.50,99300,3,276,0,-
8/8/2022,Absa Bank Kenya Plc Ord 0.50,KES 11.60,161900,0,-,,
8/8/2022,KCB Group Ltd Ord 1.00,KES 42.20,129300,62,600,-,
8/8/2022,The Co-operative Bank of Kenya Ltd Ord 1.00,KES 12.35,120900,0,-,,
8/8/2022,NCBA Bank Ltd Ord 5.00,KES 25.70,251100,0,-,,
8/7/2022,Equity Group Holdings Ltd Ord 0.50,-,99300,3,276,0,-
8/7/2022,KCB Group Ltd Ord 1.00,-,129300,62,600,-,
8/7/2022,Absa Bank Kenya Plc Ord 0.50,-,161900,-,-,,
8/7/2022,NCBA Bank Ltd Ord 5.00,-,251100,-,-,,
8/7/2022,The Co-operative Bank of Kenya Ltd Ord 1.00,-,120900,-,-,,
8/5/2022,Equity Group Holdings Ltd Ord 0.50,KES 48.00,360100,0,0.00%,,
8/5/2022,Absa Bank Kenya Plc Ord 0.50,KES 11.40,249800,1,140,0.44%,
8/5/2022,NCBA Bank Ltd Ord 5.00,KES 25.55,157700,0,0.59%,,
8/5/2022,The Co-operative Bank of Kenya Ltd Ord 1.00,KES 11.90,56800,0,3.03%,,
8/5/2022,KCB Group Ltd Ord 1.00,KES 41.75,123400,0,2.83%,,
8/4/2022,Equity Group Holdings Ltd Ord 0.50,KES 48.00,2186800,-7,3,85,1.05%
8/4/2022,NCBA Bank Ltd Ord 5.00,KES 25.40,52700,0,0.59%,,
8/4/2022,Absa Bank Kenya Plc Ord 0.50,KES 11.35,109700,0,1.34%,,
8/4/2022,The Co-operative Bank of Kenya Ltd Ord 1.00,KES 11.55,504100,0,-0.43%,,
8/4/2022,KCB Group Ltd Ord 1.00,KES 40.60,1819200,-69,839,510,-0.37%
8/3/2022,Equity Group Holdings Ltd Ord 0.50,KES 47.50,3131600,-143,243,650,-0.42%
8/3/2022,The Co-operative Bank of Kenya Ltd Ord 1.00,KES 11.60,113300,-451,585,0.43%,
8/3/2022,Absa Bank Kenya Plc Ord 0.50,KES 11.20,100600,0,0.45%,,
8/3/2022,KCB Group Ltd Ord 1.00,KES 40.75,248100,-3,307,240,1.75%
8/3/2022,NCBA Bank Ltd Ord 5.00,KES 25.25,124800,0,1.20%,,
8/2/2022,Equity Group Holdings Ltd Ord 0.50,KES 47.70,835100,-1,905,680,0.00%
8/2/2022,The Co-operative Bank of Kenya Ltd Ord 1.00,KES 11.55,264500,-22,240,-0.86%,
8/2/2022,Absa Bank Kenya Plc Ord 0.50,KES 11.15,961100,-53,280,-0.89%,
8/2/2022,NCBA Bank Ltd Ord 5.00,KES 24.95,85100,0,1.22%,,
8/2/2022,KCB Group Ltd Ord 1.00,KES 40.05,253100,-5,577,310,-1.72%
8/1/2022,Equity Group Holdings Ltd Ord 0.50,KES 47.70,31500,-450,700,-,
8/1/2022,NCBA Bank Ltd Ord 5.00,KES 24.65,6300,0,-,,
8/1/2022,Absa Bank Kenya Plc Ord 0.50,KES 11.25,226100,0,-,,
8/1/2022,KCB Group Ltd Ord 1.00,KES 40.75,1318000,-40,950,0,-
8/1/2022,The Co-operative Bank of Kenya Ltd Ord 1.00,KES 11.65,147200,0,-,,
7/31/2022,Absa Bank Kenya Plc Ord 0.50,-,226100,-,-,,
7/31/2022,Equity Group Holdings Ltd Ord 0.50,-,31500,-,-,,
7/31/2022,KCB Group Ltd Ord 1.00,-,1318000,-,-,,
7/31/2022,NCBA Bank Ltd Ord 5.00,-,6300,-,-,,
7/31/2022,The Co-operative Bank of Kenya Ltd Ord 1.00,-,147200,-,-,,
7/29/2022,Equity Group Holdings Ltd Ord 0.50,KES 48.00,8554400,-345,676,550,0.10%
7/29/2022,NCBA Bank Ltd Ord 5.00,KES 24.95,28900,0,0.40%,,
7/29/2022,Absa Bank Kenya Plc Ord 0.50,KES 11.05,114600,0,0.91%,,
7/29/2022,KCB Group Ltd Ord 1.00,KES 41.15,195600,0,2.87%,,
7/29/2022,The Co-operative Bank of Kenya Ltd Ord 1.00,KES 11.90,62100,0,3.48%,,
7/28/2022,Equity Group Holdings Ltd Ord 0.50,KES 47.95,2506700,-1,406,540,3.12%
7/28/2022,Absa Bank Kenya Plc Ord 0.50,KES 10.95,178300,0,2.82%,,
7/28/2022,The Co-operative Bank of Kenya Ltd Ord 1.00,KES 11.50,540100,0,0.00%,,
7/28/2022,NCBA Bank Ltd Ord 5.00,KES 24.85,50300,0,0.20%,,
7/28/2022,KCB Group Ltd Ord 1.00,KES 40.00,1368700,-48,830,0,2.43%
7/27/2022,Equity Group Holdings Ltd Ord 0.50,KES 46.50,2197200,-91,235,220,2.20%
7/27/2022,The Co-operative Bank of Kenya Ltd Ord 1.00,KES 11.50,1623500,-5,874,190,4.55%
7/27/2022,Absa Bank Kenya Plc Ord 0.50,KES 10.65,452200,0,1.43%,,
7/27/2022,NCBA Bank Ltd Ord 5.00,KES 24.80,43600,0,0.81%,,
7/27/2022,KCB Group Ltd Ord 1.00,KES 39.05,2082400,-62,683,490,-1.51%
7/26/2022,Equity Group Holdings Ltd Ord 0.50,KES 45.50,179700,0,0.66%,,
7/26/2022,The Co-operative Bank of Kenya Ltd Ord 1.00,KES 11.00,747900,-158,650,-3.08%,
7/26/2022,Absa Bank Kenya Plc Ord 0.50,KES 10.50,161300,0,-1.87%,,
7/26/2022,NCBA Bank Ltd Ord 5.00,KES 24.60,0,0,0.00%,,
7/26/2022,KCB Group Ltd Ord 1.00,KES 39.65,14700,0,2.06%,,
7/25/2022,Equity Group Holdings Ltd Ord 0.50,KES 45.20,189200,-7,484,260,-
7/25/2022,The Co-operative Bank of Kenya Ltd Ord 1.00,KES 11.35,61700,-149,750,-,
7/25/2022,Absa Bank Kenya Plc Ord 0.50,KES 10.70,71100,0,-,,
7/25/2022,KCB Group Ltd Ord 1.00,KES 38.85,165700,-5,460,325,-
7/25/2022,NCBA Bank Ltd Ord 5.00,KES 24.60,29300,0,-,,
7/24/2022,KCB Group Ltd Ord 1.00,-,165700,-,-,,
7/24/2022,Absa Bank Kenya Plc Ord 0.50,-,71100,-,-,,
7/24/2022,Equity Group Holdings Ltd Ord 0.50,-,189200,-,-,,
7/24/2022,NCBA Bank Ltd Ord 5.00,-,29300,-,-,,
7/24/2022,The Co-operative Bank of Kenya Ltd Ord 1.00,-,61700,-,-,,
7/22/2022,Equity Group Holdings Ltd Ord 0.50,KES 45.00,305000,408,700,1.12%,
7/22/2022,Absa Bank Kenya Plc Ord 0.50,KES 10.45,195000,0,-0.48%,,
7/22/2022,The Co-operative Bank of Kenya Ltd Ord 1.00,KES 11.25,27600,-103,125,0.90%,
7/22/2022,KCB Group Ltd Ord 1.00,KES 38.50,5466200,-195,214,255,-0.90%
7/22/2022,NCBA Bank Ltd Ord 5.00,KES 24.50,18200,0,1.66%,,
7/21/2022,Equity Group Holdings Ltd Ord 0.50,KES 44.50,4685800,118,458,765,0.00%
7/21/2022,Absa Bank Kenya Plc Ord 0.50,KES 10.50,245600,159,900,-0.47%,
7/21/2022,KCB Group Ltd Ord 1.00,KES 38.85,1245900,-6,166,925,-0.38%
7/21/2022,NCBA Bank Ltd Ord 5.00,KES 24.10,94600,0,0.21%,,
7/21/2022,The Co-operative Bank of Kenya Ltd Ord 1.00,KES 11.15,168900,-177,160,-0.89%,
7/20/2022,Equity Group Holdings Ltd Ord 0.50,KES 44.50,1965500,39,368,430,1.14%
7/20/2022,Absa Bank Kenya Plc Ord 0.50,KES 10.55,212900,2,160,0.00%,
7/20/2022,NCBA Bank Ltd Ord 5.00,KES 24.05,30900,0,0.42%,,
7/20/2022,The Co-operative Bank of Kenya Ltd Ord 1.00,KES 11.25,85500,-77,850,-1.32%,
7/20/2022,KCB Group Ltd Ord 1.00,KES 39.00,911000,-33,816,900,0.65%
7/19/2022,Equity Group Holdings Ltd Ord 0.50,KES 44.00,266700,8,839,175,-1.12%
7/19/2022,Absa Bank Kenya Plc Ord 0.50,KES 10.55,253600,771,60,-0.94%,
7/19/2022,NCBA Bank Ltd Ord 5.00,KES 23.95,57800,0,-2.24%,,
7/19/2022,The Co-operative Bank of Kenya Ltd Ord 1.00,KES 11.40,132900,-482,860,-0.44%,
7/19/2022,KCB Group Ltd Ord 1.00,KES 38.75,394500,0,-3.00%,,
7/18/2022,Equity Group Holdings Ltd Ord 0.50,KES 44.50,4758100,-71,787,400,-
7/18/2022,Absa Bank Kenya Plc Ord 0.50,KES 10.65,87800,-77,0,-,
7/18/2022,The Co-operative Bank of Kenya Ltd Ord 1.00,KES 11.45,135200,-555,75,-,
7/18/2022,KCB Group Ltd Ord 1.00,KES 39.95,464900,-12,0,0,-
7/18/2022,NCBA Bank Ltd Ord 5.00,KES 24.50,1118500,0,-,,
7/17/2022,NCBA Bank Ltd Ord 5.00,-,1118500,-,-,,
7/17/2022,Absa Bank Kenya Plc Ord 0.50,-,87800,-,-,,
7/17/2022,Equity Group Holdings Ltd Ord 0.50,-,4758100,-,-,,
7/17/2022,KCB Group Ltd Ord 1.00,-,464900,-,-,,
7/17/2022,The Co-operative Bank of Kenya Ltd Ord 1.00,-,135200,-,-,,
7/15/2022,Equity Group Holdings Ltd Ord 0.50,KES 44.55,723700,0,-0.78%,,
7/15/2022,Absa Bank Kenya Plc Ord 0.50,KES 10.85,183900,0,-3.56%,,
7/15/2022,The Co-operative Bank of Kenya Ltd Ord 1.00,KES 11.05,90400,-104,75,0.45%,
7/15/2022,NCBA Bank Ltd Ord 5.00,KES 24.05,4192100,0,0.42%,,
7/15/2022,KCB Group Ltd Ord 1.00,KES 40.45,4046600,-154,374,130,-0.12%
7/14/2022,Equity Group Holdings Ltd Ord 0.50,KES 44.90,52500,-810,940,0.22%,
7/14/2022,Absa Bank Kenya Plc Ord 0.50,KES 11.25,128400,0,-1.75%,,
7/14/2022,NCBA Bank Ltd Ord 5.00,KES 23.95,70400,0,-0.21%,,
7/14/2022,The Co-operative Bank of Kenya Ltd Ord 1.00,KES 11.00,1259100,-1,267,400,-0.90%
7/14/2022,KCB Group Ltd Ord 1.00,KES 40.50,4530900,-156,843,960,-0.98%
7/13/2022,Equity Group Holdings Ltd Ord 0.50,KES 44.80,140600,-4,9,400,-1.43%
7/13/2022,The Co-operative Bank of Kenya Ltd Ord 1.00,KES 11.10,385200,-424,785,-0.45%,
7/13/2022,Absa Bank Kenya Plc Ord 0.50,KES 11.45,204700,0,0.00%,,
7/13/2022,NCBA Bank Ltd Ord 5.00,KES 24.00,52700,0,0.00%,,
7/13/2022,KCB Group Ltd Ord 1.00,KES 40.90,110900,85,970,-2.39%,
7/12/2022,Equity Group Holdings Ltd Ord 0.50,KES 45.45,1094400,-29,276,130,-
7/12/2022,Absa Bank Kenya Plc Ord 0.50,KES 11.45,61900,0,-,,
7/12/2022,KCB Group Ltd Ord 1.00,KES 41.90,97900,0,-,,
7/12/2022,NCBA Bank Ltd Ord 5.00,KES 24.00,47100,0,-,,
7/12/2022,The Co-operative Bank of Kenya Ltd Ord 1.00,KES 11.15,659500,-1,131,625,-
7/11/2022,NCBA Bank Ltd Ord 5.00,-,47100,-,-,,
7/11/2022,KCB Group Ltd Ord 1.00,-,97900,-,-,,
7/11/2022,Absa Bank Kenya Plc Ord 0.50,-,61900,-,-,,
7/11/2022,Equity Group Holdings Ltd Ord 0.50,-,1094400,-,-,,
7/11/2022,The Co-operative Bank of Kenya Ltd Ord 1.00,-,659500,-,-,,
7/8/2022,Equity Group Holdings Ltd Ord 0.50,KES 46.00,923500,11,417,200,2.22%
7/8/2022,Absa Bank Kenya Plc Ord 0.50,KES 11.20,84400,0,2.75%,,
7/8/2022,The Co-operative Bank of Kenya Ltd Ord 1.00,KES 11.50,432100,-3,535,100,0.88%
7/8/2022,NCBA Bank Ltd Ord 5.00,KES 24.00,231700,0,0.00%,,
7/8/2022,KCB Group Ltd Ord 1.00,KES 42.40,109500,0,-0.82%,,
7/7/2022,Equity Group Holdings Ltd Ord 0.50,KES 45.00,2378200,44,809,330,1.93%
7/7/2022,Absa Bank Kenya Plc Ord 0.50,KES 10.90,267500,-10,900,0.00%,
7/7/2022,NCBA Bank Ltd Ord 5.00,KES 24.00,216200,0,0.00%,,
7/7/2022,The Co-operative Bank of Kenya Ltd Ord 1.00,KES 11.40,312400,-583,675,0.88%,
7/7/2022,KCB Group Ltd Ord 1.00,KES 42.75,6791300,-204,35,170,1.91%
7/6/2022,Equity Group Holdings Ltd Ord 0.50,KES 44.15,2029300,-34,240,585,2.32%
7/6/2022,Absa Bank Kenya Plc Ord 0.50,KES 10.90,38100,0,1.87%,,
7/6/2022,The Co-operative Bank of Kenya Ltd Ord 1.00,KES 11.30,150000,-460,480,0.89%,
7/6/2022,KCB Group Ltd Ord 1.00,KES 41.95,225200,-6,300,0,3.33%
7/6/2022,NCBA Bank Ltd Ord 5.00,KES 24.00,159900,0,0.00%,,
7/5/2022,Equity Group Holdings Ltd Ord 0.50,KES 43.15,2115600,-88,385,700,0.35%
7/5/2022,The Co-operative Bank of Kenya Ltd Ord 1.00,KES 11.20,139400,-519,30,1.82%,
7/5/2022,Absa Bank Kenya Plc Ord 0.50,KES 10.70,63100,0,0.94%,,
7/5/2022,NCBA Bank Ltd Ord 5.00,KES 24.00,183200,0,0.42%,,
7/5/2022,KCB Group Ltd Ord 1.00,KES 40.60,789000,-23,120,0,1.50%
7/4/2022,Equity Group Holdings Ltd Ord 0.50,KES 43.00,3113400,-128,262,865,-
7/4/2022,The Co-operative Bank of Kenya Ltd Ord 1.00,KES 11.00,486900,-532,830,-,
7/4/2022,Absa Bank Kenya Plc Ord 0.50,KES 10.60,64700,0,-,,
7/4/2022,KCB Group Ltd Ord 1.00,KES 40.00,1782800,-40,0,0,-
7/4/2022,NCBA Bank Ltd Ord 5.00,KES 23.90,56000,-13,320,-,
7/3/2022,NCBA Bank Ltd Ord 5.00,-,56000,-,-,,
7/3/2022,Absa Bank Kenya Plc Ord 0.50,-,64700,-,-,,
7/3/2022,KCB Group Ltd Ord 1.00,-,1782800,-,-,,
7/3/2022,Equity Group Holdings Ltd Ord 0.50,-,3113400,-,-,,
7/3/2022,The Co-operative Bank of Kenya Ltd Ord 1.00,-,486900,-,-,,
7/1/2022,Equity Group Holdings Ltd Ord 0.50,KES 43.00,3507900,1,244,360,0.00%
7/1/2022,Absa Bank Kenya Plc Ord 0.50,KES 10.60,67300,-2,160,1.44%,
7/1/2022,NCBA Bank Ltd Ord 5.00,KES 23.70,110300,69,600,0.42%,
7/1/2022,The Co-operative Bank of Kenya Ltd Ord 1.00,KES 11.00,322500,-331,725,0.92%,
7/1/2022,KCB Group Ltd Ord 1.00,KES 39.00,1084300,-17,745,0,0.91%
6/30/2022,Equity Group Holdings Ltd Ord 0.50,KES 43.00,1017500,12,900,7.77%,
6/30/2022,Absa Bank Kenya Plc Ord 0.50,KES 10.45,92200,0,-0.48%,,
6/30/2022,The Co-operative Bank of Kenya Ltd Ord 1.00,KES 10.90,76200,-87,750,0.93%,
6/30/2022,KCB Group Ltd Ord 1.00,KES 38.65,67700,0,2.93%,,
6/30/2022,NCBA Bank Ltd Ord 5.00,KES 23.60,21600,119,250,-0.21%,
6/29/2022,Equity Group Holdings Ltd Ord 0.50,KES 39.90,4685200,-96,600,970,2.18%
6/29/2022,Absa Bank Kenya Plc Ord 0.50,KES 10.50,114000,-49,450,2.44%,
6/29/2022,The Co-operative Bank of Kenya Ltd Ord 1.00,KES 10.80,273700,-330,145,-1.37%,
6/29/2022,NCBA Bank Ltd Ord 5.00,KES 23.65,64800,0,0.21%,,
6/29/2022,KCB Group Ltd Ord 1.00,KES 37.55,60000,74,500,2.04%,
6/28/2022,Equity Group Holdings Ltd Ord 0.50,KES 39.05,1128900,-43,382,290,0.13%
6/28/2022,Absa Bank Kenya Plc Ord 0.50,KES 10.25,98300,10,450,0.00%,
6/28/2022,The Co-operative Bank of Kenya Ltd Ord 1.00,KES 10.95,737000,-753,675,1.39%,
6/28/2022,KCB Group Ltd Ord 1.00,KES 36.80,49200,0,0.14%,,
6/28/2022,NCBA Bank Ltd Ord 5.00,KES 23.60,25500,0,-1.46%,,
6/27/2022,Equity Group Holdings Ltd Ord 0.50,KES 39.00,1807300,-70,176,775,-
6/27/2022,The Co-operative Bank of Kenya Ltd Ord 1.00,KES 10.80,300900,-269,300,-,
6/27/2022,Absa Bank Kenya Plc Ord 0.50,KES 10.25,87500,0,-,,
6/27/2022,NCBA Bank Ltd Ord 5.00,KES 23.95,6900,0,-,,
6/27/2022,KCB Group Ltd Ord 1.00,KES 36.75,37500,0,-,,
6/26/2022,KCB Group Ltd Ord 1.00,-,37500,-,-,,
6/26/2022,NCBA Bank Ltd Ord 5.00,-,6900,-,-,,
6/26/2022,Absa Bank Kenya Plc Ord 0.50,-,87500,-,-,,
6/26/2022,Equity Group Holdings Ltd Ord 0.50,-,1807300,-,-,,
6/26/2022,The Co-operative Bank of Kenya Ltd Ord 1.00,-,300900,-,-,,
6/24/2022,Equity Group Holdings Ltd Ord 0.50,KES 39.00,5268200,-186,303,75,0.00%
6/24/2022,Absa Bank Kenya Plc Ord 0.50,KES 10.20,68600,0,-0.97%,,
6/24/2022,NCBA Bank Ltd Ord 5.00,KES 23.85,29700,109,250,0.00%,
6/24/2022,The Co-operative Bank of Kenya Ltd Ord 1.00,KES 10.85,189000,23,970,0.93%,
6/24/2022,KCB Group Ltd Ord 1.00,KES 36.70,1601000,-20,111,620,0.55%
6/23/2022,Equity Group Holdings Ltd Ord 0.50,KES 39.00,1066800,28,540,200,0.00%
6/23/2022,Absa Bank Kenya Plc Ord 0.50,KES 10.30,116200,-15,775,-2.83%,
6/23/2022,KCB Group Ltd Ord 1.00,KES 36.50,442500,-18,250,-1.08%,
6/23/2022,NCBA Bank Ltd Ord 5.00,KES 23.85,4000,0,-0.42%,,
6/23/2022,The Co-operative Bank of Kenya Ltd Ord 1.00,KES 10.75,131300,0,0.47%,,
6/22/2022,Equity Group Holdings Ltd Ord 0.50,KES 39.00,282100,0,-1.89%,,
6/22/2022,Absa Bank Kenya Plc Ord 0.50,KES 10.60,74800,-33,390,-1.40%,
6/22/2022,The Co-operative Bank of Kenya Ltd Ord 1.00,KES 10.70,89800,1,75,-0.47%,
6/22/2022,NCBA Bank Ltd Ord 5.00,KES 23.95,19800,9,440,-3.04%,
6/22/2022,KCB Group Ltd Ord 1.00,KES 36.90,765600,-4,870,730,-0.14%
6/21/2022,Equity Group Holdings Ltd Ord 0.50,KES 39.75,2033000,-79,411,415,-0.38%
6/21/2022,Absa Bank Kenya Plc Ord 0.50,KES 10.75,93200,-3,135,0.00%,
6/21/2022,NCBA Bank Ltd Ord 5.00,KES 24.70,32100,0,1.02%,,
6/21/2022,The Co-operative Bank of Kenya Ltd Ord 1.00,KES 10.75,151300,32,100,-1.38%,
6/21/2022,KCB Group Ltd Ord 1.00,KES 36.95,344100,-368,0,0.41%,
6/20/2022,Equity Group Holdings Ltd Ord 0.50,KES 39.90,88300,-3,16,700,-
6/20/2022,NCBA Bank Ltd Ord 5.00,KES 24.45,22300,0,-,,
6/20/2022,The Co-operative Bank of Kenya Ltd Ord 1.00,KES 10.90,73400,0,-,,
6/20/2022,Absa Bank Kenya Plc Ord 0.50,KES 10.75,44600,0,-,,
6/20/2022,KCB Group Ltd Ord 1.00,KES 36.80,54900,90,700,-,
6/19/2022,KCB Group Ltd Ord 1.00,-,54900,90,700,-,
6/19/2022,Absa Bank Kenya Plc Ord 0.50,-,44600,-,-,,
6/19/2022,Equity Group Holdings Ltd Ord 0.50,-,88300,-,-,,
6/19/2022,NCBA Bank Ltd Ord 5.00,-,22300,-,-,,
6/19/2022,The Co-operative Bank of Kenya Ltd Ord 1.00,-,73400,-,-,,
6/17/2022,Equity Group Holdings Ltd Ord 0.50,KES 39.85,740200,-10,636,750,-1.60%
6/17/2022,Absa Bank Kenya Plc Ord 0.50,KES 10.80,54200,1,100,-0.46%,
6/17/2022,KCB Group Ltd Ord 1.00,KES 37.90,582100,16,833,125,-0.39%
6/17/2022,NCBA Bank Ltd Ord 5.00,KES 24.45,37400,10,160,-1.21%,
6/17/2022,The Co-operative Bank of Kenya Ltd Ord 1.00,KES 11.00,465800,-99,0,0.92%,
6/16/2022,Equity Group Holdings Ltd Ord 0.50,KES 40.50,242800,-4,816,620,-1.10%
6/16/2022,Absa Bank Kenya Plc Ord 0.50,KES 10.85,43100,16,350,-0.46%,
6/16/2022,The Co-operative Bank of Kenya Ltd Ord 1.00,KES 10.90,90100,-90,200,0.93%,
6/16/2022,KCB Group Ltd Ord 1.00,KES 38.05,1463700,-26,980,0,-1.55%
6/16/2022,NCBA Bank Ltd Ord 5.00,KES 24.75,69100,-1,25,200,-1.00%
6/15/2022,Equity Group Holdings Ltd Ord 0.50,KES 40.95,184700,-2,217,5,-2.03%
6/15/2022,Absa Bank Kenya Plc Ord 0.50,KES 10.90,62900,0,0.00%,,
6/15/2022,NCBA Bank Ltd Ord 5.00,KES 25.00,4000,0,-1.19%,,
6/15/2022,The Co-operative Bank of Kenya Ltd Ord 1.00,KES 10.80,128700,0,-0.46%,,
6/15/2022,KCB Group Ltd Ord 1.00,KES 38.65,292300,-1,954,115,-0.39%
6/14/2022,Absa Bank Kenya Plc Ord 0.50,KES 10.90,47700,0,-4.80%,,
6/14/2022,Equity Group Holdings Ltd Ord 0.50,KES 41.80,721900,-24,45,980,-0.83%
6/14/2022,KCB Group Ltd Ord 1.00,KES 38.80,481000,-9,725,615,-0.51%
6/14/2022,NCBA Bank Ltd Ord 5.00,KES 25.30,40600,0,-0.78%,,
6/14/2022,The Co-operative Bank of Kenya Ltd Ord 1.00,KES 10.85,152200,10,800,-0.46%,
6/13/2022,KCB Group Ltd Ord 1.00,KES 39.00,698400,-19,886,150,-
6/13/2022,The Co-operative Bank of Kenya Ltd Ord 1.00,KES 10.90,31700,0,-,,
6/13/2022,Equity Group Holdings Ltd Ord 0.50,KES 42.15,356600,-9,595,450,-
6/13/2022,NCBA Bank Ltd Ord 5.00,KES 25.50,66800,0,-,,
6/13/2022,Absa Bank Kenya Plc Ord 0.50,KES 11.45,232400,11,450,-,
6/12/2022,Absa Bank Kenya Plc Ord 0.50,-,232400,11,450,-,
6/12/2022,KCB Group Ltd Ord 1.00,-,698400,-,-,,
6/12/2022,NCBA Bank Ltd Ord 5.00,-,66800,-,-,,
6/12/2022,Equity Group Holdings Ltd Ord 0.50,-,356600,-,-,,
6/12/2022,The Co-operative Bank of Kenya Ltd Ord 1.00,-,31700,-,-,,
6/10/2022,The Co-operative Bank of Kenya Ltd Ord 1.00,KES 10.90,341700,-46,65,0.93%,
6/10/2022,NCBA Bank Ltd Ord 5.00,KES 25.20,10800,0,-0.98%,,
6/10/2022,KCB Group Ltd Ord 1.00,KES 39.00,623500,0,0.13%,,
6/10/2022,Equity Group Holdings Ltd Ord 0.50,KES 43.15,104200,-4,74,475,-2.38%
6/10/2022,Absa Bank Kenya Plc Ord 0.50,KES 11.50,73300,0,0.44%,,
6/9/2022,The Co-operative Bank of Kenya Ltd Ord 1.00,KES 10.80,215700,-121,150,-1.37%,
6/9/2022,Equity Group Holdings Ltd Ord 0.50,KES 44.20,190300,-7,433,100,-2.75%
6/9/2022,KCB Group Ltd Ord 1.00,KES 38.95,70800,-486,250,0.39%,
6/9/2022,NCBA Bank Ltd Ord 5.00,KES 25.45,44400,123,405,-1.17%,
6/9/2022,Absa Bank Kenya Plc Ord 0.50,KES 11.45,7365600,0,4.09%,,
6/8/2022,Equity Group Holdings Ltd Ord 0.50,KES 45.45,31600,0,0.00%,,
6/8/2022,The Co-operative Bank of Kenya Ltd Ord 1.00,KES 10.95,239900,-411,350,-1.35%,
6/8/2022,NCBA Bank Ltd Ord 5.00,KES 25.75,26000,128,0,0.00%,
6/8/2022,KCB Group Ltd Ord 1.00,KES 38.80,127300,-564,50,0.39%,
6/8/2022,Absa Bank Kenya Plc Ord 0.50,KES 11.00,1272900,10,950,0.46%,
6/7/2022,KCB Group Ltd Ord 1.00,KES 38.65,1174900,-23,31,635,-0.13%
6/7/2022,NCBA Bank Ltd Ord 5.00,KES 25.75,30400,0,0.00%,,
6/7/2022,The Co-operative Bank of Kenya Ltd Ord 1.00,KES 11.10,149700,-160,900,0.00%,
6/7/2022,Absa Bank Kenya Plc Ord 0.50,KES 10.95,218200,0,2.82%,,
6/7/2022,Equity Group Holdings Ltd Ord 0.50,KES 45.45,2740000,-90,44,970,-0.11%
6/6/2022,The Co-operative Bank of Kenya Ltd Ord 1.00,KES 11.10,121100,-94,935,-,
6/6/2022,Absa Bank Kenya Plc Ord 0.50,KES 10.65,127300,11,0,-,
6/6/2022,Equity Group Holdings Ltd Ord 0.50,KES 45.50,5183500,-172,117,400,-
6/6/2022,NCBA Bank Ltd Ord 5.00,KES 25.75,14900,0,-,,
6/6/2022,KCB Group Ltd Ord 1.00,KES 38.70,99800,-419,0,-,
6/5/2022,Absa Bank Kenya Plc Ord 0.50,-,127300,11,0,-,
6/5/2022,KCB Group Ltd Ord 1.00,-,99800,-,-,,
6/5/2022,NCBA Bank Ltd Ord 5.00,-,14900,-,-,,
6/5/2022,Equity Group Holdings Ltd Ord 0.50,-,5183500,-,-,,
6/5/2022,The Co-operative Bank of Kenya Ltd Ord 1.00,-,121100,-,-,,
6/3/2022,Equity Group Holdings Ltd Ord 0.50,KES 45.50,1946600,-73,25,500,0.00%
6/3/2022,Absa Bank Kenya Plc Ord 0.50,KES 10.50,104200,0,1.94%,,
6/3/2022,The Co-operative Bank of Kenya Ltd Ord 1.00,KES 10.95,168600,-892,100,1.39%,
6/3/2022,KCB Group Ltd Ord 1.00,KES 38.70,220300,-991,910,1.84%,
6/3/2022,NCBA Bank Ltd Ord 5.00,KES 26.45,50800,0,2.32%,,
6/2/2022,The Co-operative Bank of Kenya Ltd Ord 1.00,KES 10.80,176500,-2,750,-,
6/2/2022,Equity Group Holdings Ltd Ord 0.50,KES 45.50,9964800,-158,872,930,-
6/2/2022,NCBA Bank Ltd Ord 5.00,KES 25.85,3500,0,-,,
6/2/2022,Absa Bank Kenya Plc Ord 0.50,KES 10.30,75200,0,-,,
6/2/2022,KCB Group Ltd Ord 1.00,KES 38.00,246100,-5,810,970,-
6/1/2022,KCB Group Ltd Ord 1.00,-,246100,-,-,,
6/1/2022,Absa Bank Kenya Plc Ord 0.50,-,75200,-,-,,
6/1/2022,Equity Group Holdings Ltd Ord 0.50,-,9964800,-,-,,
6/1/2022,NCBA Bank Ltd Ord 5.00,-,3500,-,-,,
6/1/2022,The Co-operative Bank of Kenya Ltd Ord 1.00,-,176500,-,-,,
5/31/2022,KCB Group Ltd Ord 1.00,KES 38.10,4032500,-31,443,65,0.13%
5/31/2022,The Co-operative Bank of Kenya Ltd Ord 1.00,KES 11.30,543700,-854,960,-6.22%,
5/31/2022,NCBA Bank Ltd Ord 5.00,KES 25.55,29700,-33,240,-3.04%,
5/31/2022,Equity Group Holdings Ltd Ord 0.50,KES 45.50,3292300,-23,250,0.66%,
5/31/2022,Absa Bank Kenya Plc Ord 0.50,KES 10.25,44900,-38,760,0.49%,
5/30/2022,NCBA Bank Ltd Ord 5.00,KES 26.35,15300,0,-,,
5/30/2022,Equity Group Holdings Ltd Ord 0.50,KES 45.20,117900,1,134,850,-
5/30/2022,KCB Group Ltd Ord 1.00,KES 38.05,64500,0,-,,
5/30/2022,The Co-operative Bank of Kenya Ltd Ord 1.00,KES 12.05,1034800,-9,241,440,-
5/30/2022,Absa Bank Kenya Plc Ord 0.50,KES 10.20,106300,0,-,,
5/29/2022,Equity Group Holdings Ltd Ord 0.50,-,117900,1,134,850,-
5/29/2022,KCB Group Ltd Ord 1.00,-,64500,-,-,,
5/29/2022,Absa Bank Kenya Plc Ord 0.50,-,106300,-,-,,
5/29/2022,NCBA Bank Ltd Ord 5.00,-,15300,-,-,,
5/29/2022,The Co-operative Bank of Kenya Ltd Ord 1.00,-,1034800,-,-,,
5/27/2022,The Co-operative Bank of Kenya Ltd Ord 1.00,KES 11.95,435500,-4,780,0,4.37%
5/27/2022,NCBA Bank Ltd Ord 5.00,KES 26.85,39900,0,1.51%,,
5/27/2022,KCB Group Ltd Ord 1.00,KES 38.00,570600,0,2.43%,,
5/27/2022,Equity Group Holdings Ltd Ord 0.50,KES 44.00,67000,2,622,535,2.56%
5/27/2022,Absa Bank Kenya Plc Ord 0.50,KES 10.05,258500,0,-0.50%,,
5/26/2022,The Co-operative Bank of Kenya Ltd Ord 1.00,KES 11.45,1797000,-4,276,85,-0.43%
5/26/2022,Absa Bank Kenya Plc Ord 0.50,KES 10.10,78000,-111,150,1.41%,
5/26/2022,Equity Group Holdings Ltd Ord 0.50,KES 42.90,335800,7,41,0,2.14%
5/26/2022,NCBA Bank Ltd Ord 5.00,KES 26.45,775700,0,0.57%,,
5/26/2022,KCB Group Ltd Ord 1.00,KES 37.10,627000,0,1.50%,,
5/25/2022,Equity Group Holdings Ltd Ord 0.50,KES 42.00,4957000,-54,397,75,0.00%
5/25/2022,KCB Group Ltd Ord 1.00,KES 36.55,156100,-3,300,550,1.67%
5/25/2022,The Co-operative Bank of Kenya Ltd Ord 1.00,KES 11.50,620000,-5,298,315,-0.43%
5/25/2022,NCBA Bank Ltd Ord 5.00,KES 26.30,148300,-2,760,845,-0.57%
5/25/2022,Absa Bank Kenya Plc Ord 0.50,KES 9.96,699000,-435,670,0.61%,
5/24/2022,Equity Group Holdings Ltd Ord 0.50,KES 42.00,978800,13,287,505,-2.44%
5/24/2022,KCB Group Ltd Ord 1.00,KES 35.95,1436700,-11,880,805,1.13%
5/24/2022,NCBA Bank Ltd Ord 5.00,KES 26.45,722600,0,1.73%,,
5/24/2022,Absa Bank Kenya Plc Ord 0.50,KES 9.90,216300,0,0.81%,,
5/24/2022,The Co-operative Bank of Kenya Ltd Ord 1.00,KES 11.55,270800,-2,67,365,-0.43%
5/23/2022,Absa Bank Kenya Plc Ord 0.50,KES 9.82,81400,-5,880,-,
5/23/2022,The Co-operative Bank of Kenya Ltd Ord 1.00,KES 11.60,195300,-1,800,380,-
5/23/2022,NCBA Bank Ltd Ord 5.00,KES 26.00,454200,0,-,,
5/23/2022,KCB Group Ltd Ord 1.00,KES 35.55,2786100,-57,192,680,-
5/23/2022,Equity Group Holdings Ltd Ord 0.50,KES 43.05,1477600,8,497,195,-
5/22/2022,Equity Group Holdings Ltd Ord 0.50,-,1477600,8,497,195,-
5/22/2022,The Co-operative Bank of Kenya Ltd Ord 1.00,-,195300,-,-,,
5/22/2022,Absa Bank Kenya Plc Ord 0.50,-,81400,-,-,,
5/22/2022,KCB Group Ltd Ord 1.00,-,2786100,-,-,,
5/22/2022,NCBA Bank Ltd Ord 5.00,-,454200,-,-,,
5/20/2022,Equity Group Holdings Ltd Ord 0.50,KES 44.70,1858000,-14,549,370,-1.97%
5/20/2022,KCB Group Ltd Ord 1.00,KES 35.30,1398900,-17,441,520,0.86%
5/20/2022,NCBA Bank Ltd Ord 5.00,KES 26.25,44400,-5,120,-0.94%,
5/20/2022,The Co-operative Bank of Kenya Ltd Ord 1.00,KES 11.60,148500,-733,880,-2.93%,
5/20/2022,Absa Bank Kenya Plc Ord 0.50,KES 9.76,142200,0,0.21%,,
5/19/2022,The Co-operative Bank of Kenya Ltd Ord 1.00,KES 11.95,268300,-2,77,275,-0.42%
5/19/2022,Equity Group Holdings Ltd Ord 0.50,KES 45.60,90600,-2,217,105,-0.55%
5/19/2022,NCBA Bank Ltd Ord 5.00,KES 26.50,5611400,0,-0.38%,,
5/19/2022,Absa Bank Kenya Plc Ord 0.50,KES 9.74,28300,0,-0.41%,,
5/19/2022,KCB Group Ltd Ord 1.00,KES 35.00,889700,-14,979,465,0.00%
5/18/2022,NCBA Bank Ltd Ord 5.00,KES 26.60,194700,-2,665,1.92%,
5/18/2022,KCB Group Ltd Ord 1.00,KES 35.00,1520700,-52,775,700,-1.55%
5/18/2022,Equity Group Holdings Ltd Ord 0.50,KES 45.85,366400,-10,687,930,-0.86%
5/18/2022,Absa Bank Kenya Plc Ord 0.50,KES 9.78,70400,0,-0.20%,,
5/18/2022,The Co-operative Bank of Kenya Ltd Ord 1.00,KES 12.00,356900,-3,80,490,-2.04%
5/17/2022,NCBA Bank Ltd Ord 5.00,KES 26.10,155500,-3,721,860,-1.51%
5/17/2022,The Co-operative Bank of Kenya Ltd Ord 1.00,KES 12.25,161400,-1,276,625,0.82%
5/17/2022,Absa Bank Kenya Plc Ord 0.50,KES 9.80,140000,0,-0.61%,,
5/17/2022,KCB Group Ltd Ord 1.00,KES 35.55,42100,-221,340,0.42%,
5/17/2022,Equity Group Holdings Ltd Ord 0.50,KES 46.25,90900,-564,685,1.43%,
5/16/2022,Absa Bank Kenya Plc Ord 0.50,KES 9.86,44400,0,-,,
5/16/2022,The Co-operative Bank of Kenya Ltd Ord 1.00,KES 12.15,221700,-863,665,-,
5/16/2022,Equity Group Holdings Ltd Ord 0.50,KES 45.60,247700,-6,161,650,-
5/16/2022,NCBA Bank Ltd Ord 5.00,KES 26.50,228600,0,-,,
5/16/2022,KCB Group Ltd Ord 1.00,KES 35.40,1315400,7,276,480,-
5/15/2022,KCB Group Ltd Ord 1.00,-,1315400,7,276,480,-
5/15/2022,The Co-operative Bank of Kenya Ltd Ord 1.00,-,221700,-,-,,
5/15/2022,Absa Bank Kenya Plc Ord 0.50,-,44400,-,-,,
5/15/2022,NCBA Bank Ltd Ord 5.00,-,228600,-,-,,
5/15/2022,Equity Group Holdings Ltd Ord 0.50,-,247700,-,-,,
5/13/2022,Equity Group Holdings Ltd Ord 0.50,KES 45.50,2371500,-104,353,20,2.02%
5/13/2022,NCBA Bank Ltd Ord 5.00,KES 26.50,411600,16,170,1.73%,
5/13/2022,Absa Bank Kenya Plc Ord 0.50,KES 9.70,232900,0,-2.41%,,
5/13/2022,The Co-operative Bank of Kenya Ltd Ord 1.00,KES 12.25,67000,-574,305,0.00%,
5/13/2022,KCB Group Ltd Ord 1.00,KES 35.75,2725800,-55,998,415,-0.28%
5/12/2022,Equity Group Holdings Ltd Ord 0.50,KES 44.60,369200,-11,838,625,-0.78%
5/12/2022,KCB Group Ltd Ord 1.00,KES 35.85,389800,-5,327,235,0.42%
5/12/2022,Absa Bank Kenya Plc Ord 0.50,KES 9.94,99200,0,-0.20%,,
5/12/2022,NCBA Bank Ltd Ord 5.00,KES 26.05,386800,0,0.39%,,
5/12/2022,The Co-operative Bank of Kenya Ltd Ord 1.00,KES 12.25,262700,-1,409,970,-1.21%
5/11/2022,NCBA Bank Ltd Ord 5.00,KES 25.95,94900,-15,360,1.37%,
5/11/2022,The Co-operative Bank of Kenya Ltd Ord 1.00,KES 12.40,135000,-94,280,-0.80%,
5/11/2022,Equity Group Holdings Ltd Ord 0.50,KES 44.95,958300,-26,281,250,-0.11%
5/11/2022,KCB Group Ltd Ord 1.00,KES 35.70,708800,-16,97,175,-0.42%
5/11/2022,Absa Bank Kenya Plc Ord 0.50,KES 9.96,40800,-59,760,1.01%,
5/10/2022,KCB Group Ltd Ord 1.00,KES 35.85,384000,-7,485,210,-1.78%
5/10/2022,Equity Group Holdings Ltd Ord 0.50,KES 45.00,3768300,-148,991,100,-2.28%
5/10/2022,The Co-operative Bank of Kenya Ltd Ord 1.00,KES 12.50,180700,-1,975,0,0.00%
5/10/2022,NCBA Bank Ltd Ord 5.00,KES 25.60,599000,0,1.39%,,
5/10/2022,Absa Bank Kenya Plc Ord 0.50,KES 9.86,224000,106,0,-1.40%,
5/9/2022,Equity Group Holdings Ltd Ord 0.50,KES 46.05,839900,153,410,-,
5/9/2022,KCB Group Ltd Ord 1.00,KES 36.50,1060600,9,410,725,-
5/9/2022,NCBA Bank Ltd Ord 5.00,KES 25.25,212900,0,-,,
5/9/2022,The Co-operative Bank of Kenya Ltd Ord 1.00,KES 12.50,408100,-4,773,750,-
5/9/2022,Absa Bank Kenya Plc Ord 0.50,KES 10.00,131600,0,-,,
5/8/2022,Equity Group Holdings Ltd Ord 0.50,-,839900,153,410,-,
5/8/2022,KCB Group Ltd Ord 1.00,-,1060600,9,410,725,-
5/8/2022,The Co-operative Bank of Kenya Ltd Ord 1.00,-,408100,-,-,,
5/8/2022,NCBA Bank Ltd Ord 5.00,-,212900,-,-,,
5/8/2022,Absa Bank Kenya Plc Ord 0.50,-,131600,-,-,,
5/6/2022,Equity Group Holdings Ltd Ord 0.50,KES 47.15,45500,-1,518,0,-0.74%
5/6/2022,KCB Group Ltd Ord 1.00,KES 36.25,169000,-3,649,385,-1.89%
5/6/2022,Absa Bank Kenya Plc Ord 0.50,KES 9.94,84100,0,-0.40%,,
5/6/2022,The Co-operative Bank of Kenya Ltd Ord 1.00,KES 12.35,120600,-393,775,-1.20%,
5/6/2022,NCBA Bank Ltd Ord 5.00,KES 24.95,1350100,-12,370,2.67%,
5/5/2022,The Co-operative Bank of Kenya Ltd Ord 1.00,KES 12.50,203600,-705,0,-0.40%,
5/5/2022,Equity Group Holdings Ltd Ord 0.50,KES 47.50,66700,-1,950,-0.94%,
5/5/2022,NCBA Bank Ltd Ord 5.00,KES 24.30,281800,0,1.89%,,
5/5/2022,KCB Group Ltd Ord 1.00,KES 36.95,143900,-3,453,645,-0.94%
5/5/2022,Absa Bank Kenya Plc Ord 0.50,KES 9.98,120200,0,0.00%,,
5/4/2022,NCBA Bank Ltd Ord 5.00,KES 23.85,51100,0,-,,
5/4/2022,Equity Group Holdings Ltd Ord 0.50,KES 47.95,2170800,6,482,280,-
5/4/2022,KCB Group Ltd Ord 1.00,KES 37.30,354300,4,858,290,-
5/4/2022,Absa Bank Kenya Plc Ord 0.50,KES 9.98,123400,0,-,,
5/4/2022,The Co-operative Bank of Kenya Ltd Ord 1.00,KES 12.55,184200,-419,170,-,
5/3/2022,Equity Group Holdings Ltd Ord 0.50,-,2170800,6,482,280,-
5/3/2022,KCB Group Ltd Ord 1.00,-,354300,4,858,290,-
5/3/2022,NCBA Bank Ltd Ord 5.00,-,51100,-,-,,
5/3/2022,The Co-operative Bank of Kenya Ltd Ord 1.00,-,184200,-,-,,
5/3/2022,Absa Bank Kenya Plc Ord 0.50,-,123400,-,-,,
4/28/2022,KCB Group Ltd Ord 1.00,KES 37.45,224200,-2,163,320,-3.73%
4/28/2022,NCBA Bank Ltd Ord 5.00,KES 26.00,2876400,-49,115,0.00%,
4/28/2022,Absa Bank Kenya Plc Ord 0.50,KES 9.98,812500,1,691,140,-7.16%
4/28/2022,The Co-operative Bank of Kenya Ltd Ord 1.00,KES 12.70,200500,0,0.79%,,
4/28/2022,Equity Group Holdings Ltd Ord 0.50,KES 47.90,100200,-871,300,0.21%,
4/27/2022,The Co-operative Bank of Kenya Ltd Ord 1.00,KES 12.60,161700,0,-0.40%,,
4/27/2022,NCBA Bank Ltd Ord 5.00,KES 26.00,84800,117,450,-1.33%,
4/27/2022,Absa Bank Kenya Plc Ord 0.50,KES 10.75,140400,0,-8.51%,,
4/27/2022,KCB Group Ltd Ord 1.00,KES 38.90,127000,-1,574,100,-1.89%
4/27/2022,Equity Group Holdings Ltd Ord 0.50,KES 47.80,104500,-1,419,0,-3.34%
4/26/2022,NCBA Bank Ltd Ord 5.00,KES 26.35,67200,79,500,-0.57%,
4/26/2022,The Co-operative Bank of Kenya Ltd Ord 1.00,KES 12.65,103500,-88,900,0.00%,
4/26/2022,KCB Group Ltd Ord 1.00,KES 39.65,604700,-4,987,505,-6.71%
4/26/2022,Equity Group Holdings Ltd Ord 0.50,KES 49.45,3646100,56,635,110,-1.00%
4/26/2022,Absa Bank Kenya Plc Ord 0.50,KES 11.75,102300,0,-6.75%,,
4/25/2022,NCBA Bank Ltd Ord 5.00,KES 26.50,40200,79,500,-,
4/25/2022,Absa Bank Kenya Plc Ord 0.50,KES 12.60,660700,0,-,,
4/25/2022,KCB Group Ltd Ord 1.00,KES 42.50,194700,0,-,,
4/25/2022,The Co-operative Bank of Kenya Ltd Ord 1.00,KES 12.65,123000,-186,830,-,
4/25/2022,Equity Group Holdings Ltd Ord 0.50,KES 49.95,2012200,1,420,415,-
4/24/2022,Equity Group Holdings Ltd Ord 0.50,-,2012200,1,420,415,-
4/24/2022,NCBA Bank Ltd Ord 5.00,-,40200,79,500,-,
4/24/2022,Absa Bank Kenya Plc Ord 0.50,-,660700,-,-,,
4/24/2022,The Co-operative Bank of Kenya Ltd Ord 1.00,-,123000,-,-,,
4/24/2022,KCB Group Ltd Ord 1.00,-,194700,-,-,,
4/22/2022,NCBA Bank Ltd Ord 5.00,KES 26.20,72900,0,0.38%,,
4/22/2022,KCB Group Ltd Ord 1.00,KES 43.00,121700,12,870,-0.35%,
4/22/2022,Absa Bank Kenya Plc Ord 0.50,KES 12.60,341900,-189,0,-0.79%,
4/22/2022,The Co-operative Bank of Kenya Ltd Ord 1.00,KES 12.65,82100,-3,870,-1.17%,
4/22/2022,Equity Group Holdings Ltd Ord 0.50,KES 49.75,2278700,3,103,230,-0.50%
4/21/2022,The Co-operative Bank of Kenya Ltd Ord 1.00,KES 12.80,52600,-24,510,-0.39%,
4/21/2022,KCB Group Ltd Ord 1.00,KES 43.15,112400,47,190,0.58%,
4/21/2022,Absa Bank Kenya Plc Ord 0.50,KES 12.70,170300,-126,0,1.20%,
4/21/2022,NCBA Bank Ltd Ord 5.00,KES 26.10,50500,-30,975,-0.19%,
4/21/2022,Equity Group Holdings Ltd Ord 0.50,KES 50.00,1983700,1,72,700,0.70%
4/20/2022,Equity Group Holdings Ltd Ord 0.50,KES 49.65,1369400,8,681,900,0.00%
4/20/2022,KCB Group Ltd Ord 1.00,KES 42.90,112600,0,-0.69%,,
4/20/2022,NCBA Bank Ltd Ord 5.00,KES 26.15,52800,53,0,-1.32%,
4/20/2022,Absa Bank Kenya Plc Ord 0.50,KES 12.55,700600,-4,841,125,0.00%
4/20/2022,The Co-operative Bank of Kenya Ltd Ord 1.00,KES 12.85,47800,13,0,0.39%,
4/19/2022,The Co-operative Bank of Kenya Ltd Ord 1.00,KES 12.80,41000,0,-,,
4/19/2022,KCB Group Ltd Ord 1.00,KES 43.20,134900,-2,420,265,-
4/19/2022,Equity Group Holdings Ltd Ord 0.50,KES 49.65,719300,-22,564,30,-
4/19/2022,Absa Bank Kenya Plc Ord 0.50,KES 12.55,868700,-8,893,695,-
4/19/2022,NCBA Bank Ltd Ord 5.00,KES 26.50,10800,0,-,,
4/18/2022,KCB Group Ltd Ord 1.00,-,134900,-,-,,
4/18/2022,NCBA Bank Ltd Ord 5.00,-,10800,-,-,,
4/18/2022,The Co-operative Bank of Kenya Ltd Ord 1.00,-,41000,-,-,,
4/18/2022,Absa Bank Kenya Plc Ord 0.50,-,868700,-,-,,
4/18/2022,Equity Group Holdings Ltd Ord 0.50,-,719300,-,-,,
4/14/2022,NCBA Bank Ltd Ord 5.00,KES 26.85,24700,0,-0.37%,,
4/14/2022,KCB Group Ltd Ord 1.00,KES 43.45,213000,-4,480,500,0.58%
4/14/2022,The Co-operative Bank of Kenya Ltd Ord 1.00,KES 12.85,76300,0,0.00%,,
4/14/2022,Equity Group Holdings Ltd Ord 0.50,KES 50.00,427600,919,240,0.50%,
4/14/2022,Absa Bank Kenya Plc Ord 0.50,KES 12.40,103300,18,450,0.40%,
4/13/2022,Equity Group Holdings Ltd Ord 0.50,KES 49.75,516900,-22,64,655,-0.20%
4/13/2022,Absa Bank Kenya Plc Ord 0.50,KES 12.35,81400,-326,40,0.41%,
4/13/2022,The Co-operative Bank of Kenya Ltd Ord 1.00,KES 12.85,42500,0,0.00%,,
4/13/2022,NCBA Bank Ltd Ord 5.00,KES 26.95,15700,0,0.75%,,
4/13/2022,KCB Group Ltd Ord 1.00,KES 43.20,46000,0,-0.12%,,
4/12/2022,Equity Group Holdings Ltd Ord 0.50,KES 49.85,729900,-6,703,630,0.20%
4/12/2022,KCB Group Ltd Ord 1.00,KES 43.25,1638800,-43,237,500,-0.35%
4/12/2022,NCBA Bank Ltd Ord 5.00,KES 26.75,19100,0,-0.93%,,
4/12/2022,Absa Bank Kenya Plc Ord 0.50,KES 12.30,228700,0,0.41%,,
4/12/2022,The Co-operative Bank of Kenya Ltd Ord 1.00,KES 12.85,55600,0,2.39%,,
4/11/2022,The Co-operative Bank of Kenya Ltd Ord 1.00,KES 12.55,74000,0,-,,
4/11/2022,NCBA Bank Ltd Ord 5.00,KES 27.00,13800,0,-,,
4/11/2022,KCB Group Ltd Ord 1.00,KES 43.40,496200,0,-,,
4/11/2022,Absa Bank Kenya Plc Ord 0.50,KES 12.25,266400,0,-,,
4/11/2022,Equity Group Holdings Ltd Ord 0.50,KES 49.75,436600,813,860,-,
4/10/2022,Equity Group Holdings Ltd Ord 0.50,-,436600,813,860,-,
4/10/2022,KCB Group Ltd Ord 1.00,-,496200,-,-,,
4/10/2022,Absa Bank Kenya Plc Ord 0.50,-,266400,-,-,,
4/10/2022,NCBA Bank Ltd Ord 5.00,-,13800,-,-,,
4/10/2022,The Co-operative Bank of Kenya Ltd Ord 1.00,-,74000,-,-,,
4/8/2022,The Co-operative Bank of Kenya Ltd Ord 1.00,KES 12.70,56000,1,270,-0.39%,
4/8/2022,Equity Group Holdings Ltd Ord 0.50,KES 49.30,1141700,802,80,0.00%,
4/8/2022,Absa Bank Kenya Plc Ord 0.50,KES 12.25,93200,-68,880,-0.81%,
4/8/2022,KCB Group Ltd Ord 1.00,KES 43.00,284500,-10,935,50,-0.12%
4/8/2022,NCBA Bank Ltd Ord 5.00,KES 26.85,81900,0,1.51%,,
4/7/2022,KCB Group Ltd Ord 1.00,KES 43.05,281400,-7,225,450,-0.58%
4/7/2022,Absa Bank Kenya Plc Ord 0.50,KES 12.35,118100,75,950,0.82%,
4/7/2022,NCBA Bank Ltd Ord 5.00,KES 26.45,28800,0,-0.56%,,
4/7/2022,Equity Group Holdings Ltd Ord 0.50,KES 49.30,845200,-36,924,10,-1.00%
4/7/2022,The Co-operative Bank of Kenya Ltd Ord 1.00,KES 12.75,30800,0,-0.39%,,
4/6/2022,KCB Group Ltd Ord 1.00,KES 43.30,334200,-7,742,220,-0.57%
4/6/2022,NCBA Bank Ltd Ord 5.00,KES 26.60,52900,0,1.72%,,
4/6/2022,Absa Bank Kenya Plc Ord 0.50,KES 12.25,80000,0,-0.41%,,
4/6/2022,Equity Group Holdings Ltd Ord 0.50,KES 49.80,1149300,652,415,0.61%,
4/6/2022,The Co-operative Bank of Kenya Ltd Ord 1.00,KES 12.80,76900,0,0.00%,,
4/5/2022,KCB Group Ltd Ord 1.00,KES 43.55,1112200,-18,117,630,0.11%
4/5/2022,The Co-operative Bank of Kenya Ltd Ord 1.00,KES 12.80,158000,6,250,0.39%,
4/5/2022,NCBA Bank Ltd Ord 5.00,KES 26.15,71500,267,570,0.77%,
4/5/2022,Absa Bank Kenya Plc Ord 0.50,KES 12.30,93900,0,-0.40%,,
4/5/2022,Equity Group Holdings Ltd Ord 0.50,KES 49.50,1403800,-49,940,550,0.71%
4/4/2022,The Co-operative Bank of Kenya Ltd Ord 1.00,KES 12.75,54800,-397,240,-,
4/4/2022,NCBA Bank Ltd Ord 5.00,KES 25.95,124700,0,-,,
4/4/2022,KCB Group Ltd Ord 1.00,KES 43.50,250900,-10,91,680,-
4/4/2022,Absa Bank Kenya Plc Ord 0.50,KES 12.35,70000,0,-,,
4/4/2022,Equity Group Holdings Ltd Ord 0.50,KES 49.15,69100,0,-,,
4/3/2022,KCB Group Ltd Ord 1.00,-,250900,-,-,,
4/3/2022,Absa Bank Kenya Plc Ord 0.50,-,70000,-,-,,
4/3/2022,NCBA Bank Ltd Ord 5.00,-,124700,-,-,,
4/3/2022,The Co-operative Bank of Kenya Ltd Ord 1.00,-,54800,-,-,,
4/3/2022,Equity Group Holdings Ltd Ord 0.50,-,69100,-,-,,
4/1/2022,Equity Group Holdings Ltd Ord 0.50,KES 49.15,133600,-3,228,495,-2.67%
4/1/2022,NCBA Bank Ltd Ord 5.00,KES 25.90,23500,0,0.19%,,
4/1/2022,The Co-operative Bank of Kenya Ltd Ord 1.00,KES 12.60,390900,0,-1.95%,,
4/1/2022,Absa Bank Kenya Plc Ord 0.50,KES 12.10,141000,0,-2.81%,,
4/1/2022,KCB Group Ltd Ord 1.00,KES 44.00,117100,-2,622,650,-0.11%
3/31/2022,NCBA Bank Ltd Ord 5.00,KES 25.85,29500,0,-0.58%,,
3/31/2022,Absa Bank Kenya Plc Ord 0.50,KES 12.45,163800,0,0.81%,,
3/31/2022,Equity Group Holdings Ltd Ord 0.50,KES 50.50,258200,11,790,750,-0.49%
3/31/2022,The Co-operative Bank of Kenya Ltd Ord 1.00,KES 12.85,97300,0,0.00%,,
3/31/2022,KCB Group Ltd Ord 1.00,KES 44.05,7249500,8,396,620,-0.11%
3/30/2022,NCBA Bank Ltd Ord 5.00,KES 26.00,104500,0,1.17%,,
3/30/2022,Equity Group Holdings Ltd Ord 0.50,KES 50.75,74500,-1,466,700,-0.49%
3/30/2022,Absa Bank Kenya Plc Ord 0.50,KES 12.35,191200,12,225,-1.20%,
3/30/2022,The Co-operative Bank of Kenya Ltd Ord 1.00,KES 12.85,159100,-133,120,-0.39%,
3/30/2022,KCB Group Ltd Ord 1.00,KES 44.10,255700,-3,701,100,0.11%
3/29/2022,Equity Group Holdings Ltd Ord 0.50,KES 51.00,111000,-1,720,825,0.00%
3/29/2022,The Co-operative Bank of Kenya Ltd Ord 1.00,KES 12.90,72700,0,0.39%,,
3/29/2022,NCBA Bank Ltd Ord 5.00,KES 25.70,115600,-744,580,-1.15%,
3/29/2022,KCB Group Ltd Ord 1.00,KES 44.05,313000,-9,292,565,-0.90%
3/29/2022,Absa Bank Kenya Plc Ord 0.50,KES 12.50,305000,0,0.00%,,
3/28/2022,KCB Group Ltd Ord 1.00,KES 44.45,673200,-8,837,660,-
3/28/2022,NCBA Bank Ltd Ord 5.00,KES 26.00,73100,0,-,,
3/28/2022,The Co-operative Bank of Kenya Ltd Ord 1.00,KES 12.85,235400,0,-,,
3/28/2022,Equity Group Holdings Ltd Ord 0.50,KES 51.00,1196900,-57,133,0,-
3/28/2022,Absa Bank Kenya Plc Ord 0.50,KES 12.50,464400,0,-,,
3/27/2022,NCBA Bank Ltd Ord 5.00,-,73100,-,-,,
3/27/2022,Absa Bank Kenya Plc Ord 0.50,-,464400,-,-,,
3/27/2022,Equity Group Holdings Ltd Ord 0.50,-,1196900,-,-,,
3/27/2022,The Co-operative Bank of Kenya Ltd Ord 1.00,-,235400,-,-,,
3/27/2022,KCB Group Ltd Ord 1.00,-,673200,-,-,,
3/25/2022,NCBA Bank Ltd Ord 5.00,KES 25.90,78600,0,1.57%,,
3/25/2022,Absa Bank Kenya Plc Ord 0.50,KES 12.35,141900,0,0.00%,,
3/25/2022,KCB Group Ltd Ord 1.00,KES 44.00,2396100,-2,90,0,-0.34%
3/25/2022,Equity Group Holdings Ltd Ord 0.50,KES 51.50,1297400,-55,171,950,0.00%
3/25/2022,The Co-operative Bank of Kenya Ltd Ord 1.00,KES 12.90,195500,0,-0.39%,,
3/24/2022,NCBA Bank Ltd Ord 5.00,KES 25.50,571900,112,320,1.59%,
3/24/2022,The Co-operative Bank of Kenya Ltd Ord 1.00,KES 12.95,87800,0,0.00%,,
3/24/2022,KCB Group Ltd Ord 1.00,KES 44.15,923100,-30,195,785,-0.11%
3/24/2022,Equity Group Holdings Ltd Ord 0.50,KES 51.50,171200,-2,878,850,0.98%
3/24/2022,Absa Bank Kenya Plc Ord 0.50,KES 12.35,2465800,5,782,120,0.00%
3/23/2022,Equity Group Holdings Ltd Ord 0.50,KES 51.00,1930700,-5,78,575,-1.45%
3/23/2022,NCBA Bank Ltd Ord 5.00,KES 25.10,15600,0,1.21%,,
3/23/2022,KCB Group Ltd Ord 1.00,KES 44.20,945200,18,95,600,0.45%
3/23/2022,The Co-operative Bank of Kenya Ltd Ord 1.00,KES 12.95,94500,0,-1.15%,,
3/23/2022,Absa Bank Kenya Plc Ord 0.50,KES 12.35,3363500,0,-0.40%,,
3/22/2022,The Co-operative Bank of Kenya Ltd Ord 1.00,KES 13.10,112600,13,200,-0.76%,
3/22/2022,NCBA Bank Ltd Ord 5.00,KES 24.80,14600,-75,0,-0.60%,
3/22/2022,Equity Group Holdings Ltd Ord 0.50,KES 51.75,1713200,-926,150,0.98%,
3/22/2022,Absa Bank Kenya Plc Ord 0.50,KES 12.40,164100,0,-1.20%,,
3/22/2022,KCB Group Ltd Ord 1.00,KES 44.00,9146800,-2,284,455,-0.79%
3/21/2022,KCB Group Ltd Ord 1.00,KES 44.35,167000,-3,275,30,-
3/21/2022,The Co-operative Bank of Kenya Ltd Ord 1.00,KES 13.20,201600,0,-,,
3/21/2022,Absa Bank Kenya Plc Ord 0.50,KES 12.55,108100,0,-,,
3/21/2022,NCBA Bank Ltd Ord 5.00,KES 24.95,41700,0,-,,
3/21/2022,Equity Group Holdings Ltd Ord 0.50,KES 51.25,250500,-4,386,0,-
3/20/2022,KCB Group Ltd Ord 1.00,-,167000,-,-,,
3/20/2022,Equity Group Holdings Ltd Ord 0.50,-,250500,-,-,,
3/20/2022,Absa Bank Kenya Plc Ord 0.50,-,108100,-,-,,
3/20/2022,The Co-operative Bank of Kenya Ltd Ord 1.00,-,201600,-,-,,
3/20/2022,NCBA Bank Ltd Ord 5.00,-,41700,-,-,,
3/18/2022,Absa Bank Kenya Plc Ord 0.50,KES 12.40,412300,0,0.81%,,
3/18/2022,Equity Group Holdings Ltd Ord 0.50,KES 52.00,282500,9,594,0,0.48%
3/18/2022,KCB Group Ltd Ord 1.00,KES 44.60,1509700,-2,729,520,0.00%
3/18/2022,NCBA Bank Ltd Ord 5.00,KES 24.95,9300,49,600,1.63%,
3/18/2022,The Co-operative Bank of Kenya Ltd Ord 1.00,KES 13.30,152400,0,1.92%,,
3/17/2022,Equity Group Holdings Ltd Ord 0.50,KES 51.75,140900,0,-1.90%,,
3/17/2022,Absa Bank Kenya Plc Ord 0.50,KES 12.30,2380300,0,0.82%,,
3/17/2022,KCB Group Ltd Ord 1.00,KES 44.60,559900,0,-1.00%,,
3/17/2022,NCBA Bank Ltd Ord 5.00,KES 24.55,21800,0,0.20%,,
3/17/2022,The Co-operative Bank of Kenya Ltd Ord 1.00,KES 13.05,89900,0,0.77%,,
3/16/2022,Equity Group Holdings Ltd Ord 0.50,KES 52.75,139100,-5,674,525,2.93%
3/16/2022,KCB Group Ltd Ord 1.00,KES 45.05,3638500,4,722,470,0.11%
3/16/2022,NCBA Bank Ltd Ord 5.00,KES 24.50,6600,0,0.62%,,
3/16/2022,The Co-operative Bank of Kenya Ltd Ord 1.00,KES 12.95,39300,0,0.00%,,
3/16/2022,Absa Bank Kenya Plc Ord 0.50,KES 12.20,889900,0,-0.41%,,
3/15/2022,Absa Bank Kenya Plc Ord 0.50,KES 12.25,3817700,0,0.82%,,
3/15/2022,Equity Group Holdings Ltd Ord 0.50,KES 51.25,620400,9,857,450,0.00%
3/15/2022,KCB Group Ltd Ord 1.00,KES 45.00,1954000,68,420,335,-0.11%
3/15/2022,The Co-operative Bank of Kenya Ltd Ord 1.00,KES 12.95,103700,0,0.39%,,
3/15/2022,NCBA Bank Ltd Ord 5.00,KES 24.35,33900,0,0.62%,,
3/14/2022,The Co-operative Bank of Kenya Ltd Ord 1.00,KES 12.90,1177600,0,-,,
3/14/2022,KCB Group Ltd Ord 1.00,KES 45.05,388500,0,-,,
3/14/2022,Equity Group Holdings Ltd Ord 0.50,KES 51.25,367000,2,651,925,-
3/14/2022,NCBA Bank Ltd Ord 5.00,KES 24.20,71700,-484,50,-,
3/14/2022,Absa Bank Kenya Plc Ord 0.50,KES 12.15,106100,0,-,,
3/13/2022,Equity Group Holdings Ltd Ord 0.50,-,367000,2,651,925,-
3/13/2022,KCB Group Ltd Ord 1.00,-,388500,-,-,,
3/13/2022,NCBA Bank Ltd Ord 5.00,-,71700,-,-,,
3/13/2022,The Co-operative Bank of Kenya Ltd Ord 1.00,-,1177600,-,-,,
3/13/2022,Absa Bank Kenya Plc Ord 0.50,-,106100,-,-,,
3/11/2022,NCBA Bank Ltd Ord 5.00,KES 24.55,8100,0,-0.61%,,
3/11/2022,The Co-operative Bank of Kenya Ltd Ord 1.00,KES 12.85,58600,0,-0.77%,,
3/11/2022,Equity Group Holdings Ltd Ord 0.50,KES 51.25,102200,-514,50,0.49%,
3/11/2022,KCB Group Ltd Ord 1.00,KES 44.70,151100,-3,867,80,0.00%
3/11/2022,Absa Bank Kenya Plc Ord 0.50,KES 12.10,64400,0,-0.41%,,
3/10/2022,NCBA Bank Ltd Ord 5.00,KES 24.70,12200,0,1.65%,,
3/10/2022,Absa Bank Kenya Plc Ord 0.50,KES 12.15,133700,0,0.41%,,
3/10/2022,Equity Group Holdings Ltd Ord 0.50,KES 51.00,2766000,623,50,0.49%,
3/10/2022,The Co-operative Bank of Kenya Ltd Ord 1.00,KES 12.95,74500,0,0.78%,,
3/10/2022,KCB Group Ltd Ord 1.00,KES 44.70,3306000,11,294,820,0.68%
3/9/2022,Equity Group Holdings Ltd Ord 0.50,KES 50.75,1417600,18,56,725,0.50%
3/9/2022,Absa Bank Kenya Plc Ord 0.50,KES 12.10,373000,0,-0.82%,,
3/9/2022,KCB Group Ltd Ord 1.00,KES 44.40,313300,-4,151,260,0.68%
3/9/2022,The Co-operative Bank of Kenya Ltd Ord 1.00,KES 12.85,276600,0,-0.39%,,
3/9/2022,NCBA Bank Ltd Ord 5.00,KES 24.30,14100,0,-0.82%,,
3/8/2022,Equity Group Holdings Ltd Ord 0.50,KES 50.50,986600,33,108,175,-0.49%
3/8/2022,KCB Group Ltd Ord 1.00,KES 44.10,1813400,51,574,90,-1.78%
3/8/2022,NCBA Bank Ltd Ord 5.00,KES 24.50,17300,-67,500,-0.41%,
3/8/2022,The Co-operative Bank of Kenya Ltd Ord 1.00,KES 12.90,171700,77,400,-0.39%,
3/8/2022,Absa Bank Kenya Plc Ord 0.50,KES 12.20,240700,0,2.95%,,
3/7/2022,The Co-operative Bank of Kenya Ltd Ord 1.00,KES 12.95,63300,0,-,,
3/7/2022,Equity Group Holdings Ltd Ord 0.50,KES 50.75,424400,-19,415,75,-
3/7/2022,NCBA Bank Ltd Ord 5.00,KES 24.60,22400,0,-,,
3/7/2022,KCB Group Ltd Ord 1.00,KES 44.90,465800,-17,993,25,-
3/7/2022,Absa Bank Kenya Plc Ord 0.50,KES 11.85,143100,0,-,,
3/6/2022,KCB Group Ltd Ord 1.00,-,465800,-,-,,
3/6/2022,Equity Group Holdings Ltd Ord 0.50,-,424400,-,-,,
3/6/2022,Absa Bank Kenya Plc Ord 0.50,-,143100,-,-,,
3/6/2022,NCBA Bank Ltd Ord 5.00,-,22400,-,-,,
3/6/2022,The Co-operative Bank of Kenya Ltd Ord 1.00,-,63300,-,-,,
3/4/2022,KCB Group Ltd Ord 1.00,KES 45.35,1160500,12,414,410,0.67%
3/4/2022,Absa Bank Kenya Plc Ord 0.50,KES 11.95,75100,0,-0.42%,,
3/4/2022,NCBA Bank Ltd Ord 5.00,KES 24.70,41500,0,1.44%,,
3/4/2022,Equity Group Holdings Ltd Ord 0.50,KES 51.75,311000,6,713,575,1.47%
3/4/2022,The Co-operative Bank of Kenya Ltd Ord 1.00,KES 12.95,79400,0,-0.38%,,
3/3/2022,The Co-operative Bank of Kenya Ltd Ord 1.00,KES 13.00,80200,0,0.39%,,
3/3/2022,KCB Group Ltd Ord 1.00,KES 45.05,2205300,29,888,740,1.35%
3/3/2022,Equity Group Holdings Ltd Ord 0.50,KES 51.00,1640800,-3,323,0,1.49%
3/3/2022,NCBA Bank Ltd Ord 5.00,KES 24.35,19700,0,5.87%,,
3/3/2022,Absa Bank Kenya Plc Ord 0.50,KES 12.00,131900,0,0.00%,,
3/2/2022,NCBA Bank Ltd Ord 5.00,KES 23.00,916400,0,-4.37%,,
3/2/2022,Equity Group Holdings Ltd Ord 0.50,KES 50.25,1027800,27,852,75,0.50%
3/2/2022,KCB Group Ltd Ord 1.00,KES 44.45,249000,4,961,50,0.34%
3/2/2022,The Co-operative Bank of Kenya Ltd Ord 1.00,KES 12.95,45400,1,300,0.00%,
3/2/2022,Absa Bank Kenya Plc Ord 0.50,KES 12.00,66300,0,0.84%,,
3/1/2022,The Co-operative Bank of Kenya Ltd Ord 1.00,KES 12.95,55000,0,0.39%,,
3/1/2022,Equity Group Holdings Ltd Ord 0.50,KES 50.00,1472900,-44,962,500,0.00%
3/1/2022,Absa Bank Kenya Plc Ord 0.50,KES 11.90,24500,0,0.00%,,
3/1/2022,KCB Group Ltd Ord 1.00,KES 44.30,1001900,-20,253,835,-1.56%
3/1/2022,NCBA Bank Ltd Ord 5.00,KES 24.05,21300,96,0,0.84%,
2/28/2022,Equity Group Holdings Ltd Ord 0.50,KES 50.00,573700,-20,329,325,-
2/28/2022,KCB Group Ltd Ord 1.00,KES 45.00,1361600,13,500,0,-
2/28/2022,NCBA Bank Ltd Ord 5.00,KES 23.85,26200,0,-,,
2/28/2022,Absa Bank Kenya Plc Ord 0.50,KES 11.90,260800,118,500,-,
2/28/2022,The Co-operative Bank of Kenya Ltd Ord 1.00,KES 12.90,185300,128,500,-,
2/27/2022,Absa Bank Kenya Plc Ord 0.50,-,260800,118,500,-,
2/27/2022,KCB Group Ltd Ord 1.00,-,1361600,13,500,0,-
2/27/2022,The Co-operative Bank of Kenya Ltd Ord 1.00,-,185300,128,500,-,
2/27/2022,NCBA Bank Ltd Ord 5.00,-,26200,-,-,,
2/27/2022,Equity Group Holdings Ltd Ord 0.50,-,573700,-,-,,
2/25/2022,Equity Group Holdings Ltd Ord 0.50,KES 51.75,51300,0,0.49%,,
2/25/2022,Absa Bank Kenya Plc Ord 0.50,KES 12.00,3665700,0,-0.83%,,
2/25/2022,The Co-operative Bank of Kenya Ltd Ord 1.00,KES 12.85,99700,0,-1.15%,,
2/25/2022,NCBA Bank Ltd Ord 5.00,KES 24.20,49900,0,-3.39%,,
2/25/2022,KCB Group Ltd Ord 1.00,KES 44.95,1421700,-6,412,900,-0.11%
2/24/2022,Absa Bank Kenya Plc Ord 0.50,KES 12.10,1360700,0,-0.82%,,
2/24/2022,The Co-operative Bank of Kenya Ltd Ord 1.00,KES 13.00,181600,1,305,-1.14%,
2/24/2022,NCBA Bank Ltd Ord 5.00,KES 25.05,13600,0,-1.38%,,
2/24/2022,KCB Group Ltd Ord 1.00,KES 45.00,1151100,39,871,660,-2.17%
2/24/2022,Equity Group Holdings Ltd Ord 0.50,KES 51.50,505900,-1,676,250,-0.96%
2/23/2022,KCB Group Ltd Ord 1.00,KES 46.00,1075400,-9,190,0.11%,
2/23/2022,Equity Group Holdings Ltd Ord 0.50,KES 52.00,810200,26,842,250,0.00%
2/23/2022,The Co-operative Bank of Kenya Ltd Ord 1.00,KES 13.15,152200,0,0.00%,,
2/23/2022,Absa Bank Kenya Plc Ord 0.50,KES 12.20,104200,0,2.52%,,
2/23/2022,NCBA Bank Ltd Ord 5.00,KES 25.40,32300,0,0.79%,,
2/22/2022,Equity Group Holdings Ltd Ord 0.50,KES 52.00,1534400,8,400,150,-0.95%
2/22/2022,NCBA Bank Ltd Ord 5.00,KES 25.20,711100,0,0.60%,,
2/22/2022,Absa Bank Kenya Plc Ord 0.50,KES 11.90,6232100,61,744,605,-0.83%
2/22/2022,The Co-operative Bank of Kenya Ltd Ord 1.00,KES 13.15,84700,3,945,0.00%,
2/22/2022,KCB Group Ltd Ord 1.00,KES 45.95,757800,3,908,120,-0.11%
2/21/2022,NCBA Bank Ltd Ord 5.00,KES 25.05,62700,0,-,,
2/21/2022,The Co-operative Bank of Kenya Ltd Ord 1.00,KES 13.15,103400,0,-,,
2/21/2022,Absa Bank Kenya Plc Ord 0.50,KES 12.00,87900,0,-,,
2/21/2022,KCB Group Ltd Ord 1.00,KES 46.00,214200,-2,341,400,-
2/21/2022,Equity Group Holdings Ltd Ord 0.50,KES 52.50,11400,0,-,,
2/20/2022,Absa Bank Kenya Plc Ord 0.50,-,87900,-,-,,
2/20/2022,The Co-operative Bank of Kenya Ltd Ord 1.00,-,103400,-,-,,
2/20/2022,Equity Group Holdings Ltd Ord 0.50,-,11400,-,-,,
2/20/2022,NCBA Bank Ltd Ord 5.00,-,62700,-,-,,
2/20/2022,KCB Group Ltd Ord 1.00,-,214200,-,-,,
2/18/2022,Equity Group Holdings Ltd Ord 0.50,KES 52.50,997600,9,793,600,-0.94%
2/18/2022,KCB Group Ltd Ord 1.00,KES 46.00,341100,-220,800,0.22%,
2/18/2022,The Co-operative Bank of Kenya Ltd Ord 1.00,KES 13.15,37700,0,0.77%,,
2/18/2022,Absa Bank Kenya Plc Ord 0.50,KES 12.00,425400,0,2.13%,,
2/18/2022,NCBA Bank Ltd Ord 5.00,KES 25.05,46800,0,-0.60%,,
2/17/2022,KCB Group Ltd Ord 1.00,KES 45.90,683500,-,0.22%,,
2/17/2022,Equity Group Holdings Ltd Ord 0.50,KES 53.00,1429200,9,793,600,-0.47%
2/17/2022,Absa Bank Kenya Plc Ord 0.50,KES 11.75,79400,-,0.43%,,
2/17/2022,The Co-operative Bank of Kenya Ltd Ord 1.00,KES 13.05,3254900,-,0.00%,,
2/17/2022,NCBA Bank Ltd Ord 5.00,KES 25.20,39500,-,-0.20%,,
2/16/2022,Equity Group Holdings Ltd Ord 0.50,KES 53.25,1033400,51,142,25,0.00%
2/16/2022,Absa Bank Kenya Plc Ord 0.50,KES 11.70,586900,0,0.00%,,
2/16/2022,KCB Group Ltd Ord 1.00,KES 45.80,2054700,0,-0.33%,,
2/16/2022,NCBA Bank Ltd Ord 5.00,KES 25.25,9400,0,-0.98%,,
2/16/2022,The Co-operative Bank of Kenya Ltd Ord 1.00,KES 13.05,853900,0,0.38%,,
2/15/2022,Absa Bank Kenya Plc Ord 0.50,KES 11.70,136300,4,680,-0.43%,
2/15/2022,The Co-operative Bank of Kenya Ltd Ord 1.00,KES 13.00,651000,0,0.00%,,
2/15/2022,NCBA Bank Ltd Ord 5.00,KES 25.50,13500,0,0.00%,,
2/15/2022,KCB Group Ltd Ord 1.00,KES 45.95,214900,0,0.66%,,
2/15/2022,Equity Group Holdings Ltd Ord 0.50,KES 53.25,1838000,95,679,450,-0.47%
2/14/2022,NCBA Bank Ltd Ord 5.00,KES 25.50,16500,0,-,,
2/14/2022,Equity Group Holdings Ltd Ord 0.50,KES 53.50,584000,23,13,900,-
2/14/2022,The Co-operative Bank of Kenya Ltd Ord 1.00,KES 13.00,95700,129,0,-,
2/14/2022,KCB Group Ltd Ord 1.00,KES 45.65,90500,206,30,-,
2/14/2022,Absa Bank Kenya Plc Ord 0.50,KES 11.75,273300,-870,675,-,
2/13/2022,Equity Group Holdings Ltd Ord 0.50,-,584000,23,13,900,-
2/13/2022,KCB Group Ltd Ord 1.00,-,90500,206,30,-,
2/13/2022,The Co-operative Bank of Kenya Ltd Ord 1.00,-,95700,129,0,-,
2/13/2022,NCBA Bank Ltd Ord 5.00,-,16500,-,-,,
2/13/2022,Absa Bank Kenya Plc Ord 0.50,-,273300,-,-,,
2/11/2022,NCBA Bank Ltd Ord 5.00,KES 25.25,31600,0,-0.39%,,
2/11/2022,KCB Group Ltd Ord 1.00,KES 45.30,124300,-45,500,-1.52%,
2/11/2022,The Co-operative Bank of Kenya Ltd Ord 1.00,KES 12.95,1060300,0,0.78%,,
2/11/2022,Equity Group Holdings Ltd Ord 0.50,KES 53.25,285200,-,0.47%,,
2/11/2022,Absa Bank Kenya Plc Ord 0.50,KES 11.65,251900,0,0.43%,,
2/10/2022,Absa Bank Kenya Plc Ord 0.50,KES 11.60,236600,0,0.43%,,
2/10/2022,Equity Group Holdings Ltd Ord 0.50,KES 53.00,1886800,83,925,350,0.95%
2/10/2022,The Co-operative Bank of Kenya Ltd Ord 1.00,KES 12.85,135000,0,-0.39%,,
2/10/2022,NCBA Bank Ltd Ord 5.00,KES 25.35,34500,0,-0.98%,,
2/10/2022,KCB Group Ltd Ord 1.00,KES 46.00,1323400,58,401,140,0.00%
2/9/2022,KCB Group Ltd Ord 1.00,KES 46.00,1346600,0,-0.97%,,
2/9/2022,The Co-operative Bank of Kenya Ltd Ord 1.00,KES 12.90,672400,0,-0.77%,,
2/9/2022,Absa Bank Kenya Plc Ord 0.50,KES 11.55,66400,0,1.32%,,
2/9/2022,NCBA Bank Ltd Ord 5.00,KES 25.60,31800,0,0.39%,,
2/9/2022,Equity Group Holdings Ltd Ord 0.50,KES 52.50,6720900,64,536,850,-0.47%
2/8/2022,The Co-operative Bank of Kenya Ltd Ord 1.00,KES 13.00,1297600,12,999,50,0.39%
2/8/2022,Absa Bank Kenya Plc Ord 0.50,KES 11.40,172300,2,280,0.00%,
2/8/2022,NCBA Bank Ltd Ord 5.00,KES 25.50,105600,0,-0.20%,,
2/8/2022,Equity Group Holdings Ltd Ord 0.50,KES 52.75,839500,41,828,600,-0.47%
2/8/2022,KCB Group Ltd Ord 1.00,KES 46.45,203900,-4,493,675,-0.64%
2/7/2022,Absa Bank Kenya Plc Ord 0.50,KES 11.40,197300,0,-,,
2/7/2022,The Co-operative Bank of Kenya Ltd Ord 1.00,KES 12.95,83600,25,900,-,
2/7/2022,NCBA Bank Ltd Ord 5.00,KES 25.55,11500,0,-,,
2/7/2022,Equity Group Holdings Ltd Ord 0.50,KES 53.00,1636800,-31,789,700,-
2/7/2022,KCB Group Ltd Ord 1.00,KES 46.75,38300,0,-,,
2/6/2022,The Co-operative Bank of Kenya Ltd Ord 1.00,-,83600,25,900,-,
2/6/2022,KCB Group Ltd Ord 1.00,-,38300,-,-,,
2/6/2022,NCBA Bank Ltd Ord 5.00,-,11500,-,-,,
2/6/2022,Absa Bank Kenya Plc Ord 0.50,-,197300,-,-,,
2/6/2022,Equity Group Holdings Ltd Ord 0.50,-,1636800,-,-,,
2/4/2022,Absa Bank Kenya Plc Ord 0.50,KES 11.90,318600,-1,657,670,0.85%
2/4/2022,NCBA Bank Ltd Ord 5.00,KES 25.75,27500,0,-0.96%,,
2/4/2022,The Co-operative Bank of Kenya Ltd Ord 1.00,KES 13.00,104200,0,-0.38%,,
2/4/2022,Equity Group Holdings Ltd Ord 0.50,KES 53.00,2081800,76,237,100,0.00%
2/4/2022,KCB Group Ltd Ord 1.00,KES 47.00,351500,188,0,0.00%,
2/3/2022,The Co-operative Bank of Kenya Ltd Ord 1.00,KES 13.05,2768200,28,160,345,0.38%
2/3/2022,Absa Bank Kenya Plc Ord 0.50,KES 11.80,143400,0,-0.42%,,
2/3/2022,KCB Group Ltd Ord 1.00,KES 47.00,3276400,113,222,615,1.62%
2/3/2022,NCBA Bank Ltd Ord 5.00,KES 26.00,521300,0,2.77%,,
2/3/2022,Equity Group Holdings Ltd Ord 0.50,KES 53.00,1652000,87,187,800,0.00%
2/2/2022,Equity Group Holdings Ltd Ord 0.50,KES 53.00,2262500,-15,370,950,0.47%
2/2/2022,KCB Group Ltd Ord 1.00,KES 46.25,1977200,37,488,920,2.78%
2/2/2022,NCBA Bank Ltd Ord 5.00,KES 25.30,271400,0,-0.98%,,
2/2/2022,Absa Bank Kenya Plc Ord 0.50,KES 11.85,141200,0,0.42%,,
2/2/2022,The Co-operative Bank of Kenya Ltd Ord 1.00,KES 13.00,483500,0,0.39%,,
2/1/2022,Equity Group Holdings Ltd Ord 0.50,KES 52.75,4721700,34,741,375,4.46%
2/1/2022,NCBA Bank Ltd Ord 5.00,KES 25.55,9600,0,-0.20%,,
2/1/2022,Absa Bank Kenya Plc Ord 0.50,KES 11.80,102100,0,-0.42%,,
2/1/2022,The Co-operative Bank of Kenya Ltd Ord 1.00,KES 12.95,128700,0,0.00%,,
2/1/2022,KCB Group Ltd Ord 1.00,KES 45.00,8156400,107,347,0,0.00%
1/31/2022,Equity Group Holdings Ltd Ord 0.50,KES 50.50,1404800,-24,344,250,-
1/31/2022,Absa Bank Kenya Plc Ord 0.50,KES 11.85,278400,0,-,,
1/31/2022,NCBA Bank Ltd Ord 5.00,KES 25.60,3100,0,-,,
1/31/2022,The Co-operative Bank of Kenya Ltd Ord 1.00,KES 12.95,96500,0,-,,
1/31/2022,KCB Group Ltd Ord 1.00,KES 45.00,5582800,153,0,0,-
1/30/2022,KCB Group Ltd Ord 1.00,-,5582800,153,0,0,-
1/30/2022,The Co-operative Bank of Kenya Ltd Ord 1.00,-,96500,-,-,,
1/30/2022,Absa Bank Kenya Plc Ord 0.50,-,278400,-,-,,
1/30/2022,NCBA Bank Ltd Ord 5.00,-,3100,-,-,,
1/30/2022,Equity Group Holdings Ltd Ord 0.50,-,1404800,-,-,,
1/28/2022,NCBA Bank Ltd Ord 5.00,KES 25.40,45000,0,0.40%,,
1/28/2022,Equity Group Holdings Ltd Ord 0.50,KES 50.25,50100,0,0.00%,,
1/28/2022,The Co-operative Bank of Kenya Ltd Ord 1.00,KES 12.95,43800,0,0.39%,,
1/28/2022,KCB Group Ltd Ord 1.00,KES 44.80,2655800,-115,709,460,-0.11%
1/28/2022,Absa Bank Kenya Plc Ord 0.50,KES 11.75,406100,0,-0.42%,,
1/27/2022,The Co-operative Bank of Kenya Ltd Ord 1.00,KES 12.90,149100,0,-1.53%,,
1/27/2022,NCBA Bank Ltd Ord 5.00,KES 25.30,19700,0,-0.78%,,
1/27/2022,Absa Bank Kenya Plc Ord 0.50,KES 11.80,133600,0,0.00%,,
1/27/2022,KCB Group Ltd Ord 1.00,KES 44.85,5567600,228,698,835,-0.33%
1/27/2022,Equity Group Holdings Ltd Ord 0.50,KES 50.25,189300,125,625,0.50%,
1/26/2022,Equity Group Holdings Ltd Ord 0.50,KES 50.00,602300,-21,371,200,-3.38%
1/26/2022,KCB Group Ltd Ord 1.00,KES 45.00,1463400,10,350,30,1.01%
1/26/2022,Absa Bank Kenya Plc Ord 0.50,KES 11.80,130400,0,0.00%,,
1/26/2022,NCBA Bank Ltd Ord 5.00,KES 25.50,2900,0,1.59%,,
1/26/2022,The Co-operative Bank of Kenya Ltd Ord 1.00,KES 13.10,86100,0,2.75%,,
1/25/2022,Equity Group Holdings Ltd Ord 0.50,KES 51.75,1223600,5,144,800,0.49%
1/25/2022,NCBA Bank Ltd Ord 5.00,KES 25.10,57600,0,-2.90%,,
1/25/2022,KCB Group Ltd Ord 1.00,KES 44.55,934700,-22,369,695,-0.89%
1/25/2022,The Co-operative Bank of Kenya Ltd Ord 1.00,KES 12.75,137700,26,400,-2.67%,
1/25/2022,Absa Bank Kenya Plc Ord 0.50,KES 11.80,82400,17,900,0.00%,
1/24/2022,NCBA Bank Ltd Ord 5.00,KES 25.85,32100,0,-,,
1/24/2022,KCB Group Ltd Ord 1.00,KES 44.95,50000,0,-,,
1/24/2022,The Co-operative Bank of Kenya Ltd Ord 1.00,KES 13.10,79700,0,-,,
1/24/2022,Absa Bank Kenya Plc Ord 0.50,KES 11.80,80500,7,110,-,
1/24/2022,Equity Group Holdings Ltd Ord 0.50,KES 51.50,5687400,286,553,800,-
1/23/2022,Absa Bank Kenya Plc Ord 0.50,-,80500,7,110,-,
1/23/2022,Equity Group Holdings Ltd Ord 0.50,-,5687400,286,553,800,-
1/23/2022,KCB Group Ltd Ord 1.00,-,50000,-,-,,
1/23/2022,The Co-operative Bank of Kenya Ltd Ord 1.00,-,79700,-,-,,
1/23/2022,NCBA Bank Ltd Ord 5.00,-,32100,-,-,,
1/21/2022,Absa Bank Kenya Plc Ord 0.50,KES 11.80,104500,17,700,0.00%,
1/21/2022,NCBA Bank Ltd Ord 5.00,KES 25.80,7400,-5,40,2.58%,
1/21/2022,Equity Group Holdings Ltd Ord 0.50,KES 51.50,698800,-32,876,350,0.49%
1/21/2022,KCB Group Ltd Ord 1.00,KES 44.90,70500,-233,740,-0.22%,
1/21/2022,The Co-operative Bank of Kenya Ltd Ord 1.00,KES 13.00,2695300,-162,60,0.78%,
1/20/2022,The Co-operative Bank of Kenya Ltd Ord 1.00,KES 12.90,27200,0,0.39%,,
1/20/2022,Equity Group Holdings Ltd Ord 0.50,KES 51.25,1546500,-72,337,250,1.99%
1/20/2022,Absa Bank Kenya Plc Ord 0.50,KES 11.80,156300,60,435,-1.26%,
1/20/2022,NCBA Bank Ltd Ord 5.00,KES 25.15,9300,0,-2.33%,,
1/20/2022,KCB Group Ltd Ord 1.00,KES 45.00,2446900,4,500,0.22%,
1/19/2022,NCBA Bank Ltd Ord 5.00,KES 25.75,20400,0,2.59%,,
1/19/2022,The Co-operative Bank of Kenya Ltd Ord 1.00,KES 12.85,48700,3,840,-1.15%,
1/19/2022,KCB Group Ltd Ord 1.00,KES 44.90,299100,4,500,0,0.79%
1/19/2022,Absa Bank Kenya Plc Ord 0.50,KES 11.95,50000,10,755,0.42%,
1/19/2022,Equity Group Holdings Ltd Ord 0.50,KES 50.25,349700,-4,354,450,0.50%
1/18/2022,NCBA Bank Ltd Ord 5.00,KES 25.10,16900,0,2.66%,,
1/18/2022,The Co-operative Bank of Kenya Ltd Ord 1.00,KES 13.00,318500,2,246,330,0.39%
1/18/2022,Equity Group Holdings Ltd Ord 0.50,KES 50.00,1351300,-9,974,725,1.01%
1/18/2022,Absa Bank Kenya Plc Ord 0.50,KES 11.90,113300,0,0.42%,,
1/18/2022,KCB Group Ltd Ord 1.00,KES 44.55,3368500,-20,905,10,-1.22%
1/17/2022,NCBA Bank Ltd Ord 5.00,KES 24.45,18300,0,-,,
1/17/2022,Absa Bank Kenya Plc Ord 0.50,KES 11.85,192500,9,440,-,
1/17/2022,Equity Group Holdings Ltd Ord 0.50,KES 49.50,427300,-1,283,540,-
1/17/2022,The Co-operative Bank of Kenya Ltd Ord 1.00,KES 12.95,343900,4,233,710,-
1/17/2022,KCB Group Ltd Ord 1.00,KES 45.10,214400,-1,315,415,-
1/16/2022,Absa Bank Kenya Plc Ord 0.50,-,192500,9,440,-,
1/16/2022,The Co-operative Bank of Kenya Ltd Ord 1.00,-,343900,4,233,710,-
1/16/2022,Equity Group Holdings Ltd Ord 0.50,-,427300,-,-,,
1/16/2022,KCB Group Ltd Ord 1.00,-,214400,-,-,,
1/16/2022,NCBA Bank Ltd Ord 5.00,-,18300,-,-,,
1/14/2022,KCB Group Ltd Ord 1.00,KES 45.15,80800,0,-0.22%,,
1/14/2022,NCBA Bank Ltd Ord 5.00,KES 26.00,25800,0,1.17%,,
1/14/2022,The Co-operative Bank of Kenya Ltd Ord 1.00,KES 12.95,47200,0,3.19%,,
1/14/2022,Equity Group Holdings Ltd Ord 0.50,KES 49.50,37100,0,-0.10%,,
1/14/2022,Absa Bank Kenya Plc Ord 0.50,KES 11.85,119800,0,0.42%,,
1/13/2022,Equity Group Holdings Ltd Ord 0.50,KES 49.55,852300,-38,626,460,-1.39%
1/13/2022,Absa Bank Kenya Plc Ord 0.50,KES 11.80,645000,0,-1.67%,,
1/13/2022,NCBA Bank Ltd Ord 5.00,KES 25.70,116200,0,-0.96%,,
1/13/2022,KCB Group Ltd Ord 1.00,KES 45.25,91900,9,90,-0.44%,
1/13/2022,The Co-operative Bank of Kenya Ltd Ord 1.00,KES 12.55,77100,0,-1.57%,,
1/12/2022,The Co-operative Bank of Kenya Ltd Ord 1.00,KES 12.75,75800,0,-0.39%,,
1/12/2022,NCBA Bank Ltd Ord 5.00,KES 25.95,20300,0,0.00%,,
1/12/2022,Equity Group Holdings Ltd Ord 0.50,KES 50.25,155000,-4,780,600,-3.37%
1/12/2022,Absa Bank Kenya Plc Ord 0.50,KES 12.00,245200,0,0.84%,,
1/12/2022,KCB Group Ltd Ord 1.00,KES 45.45,2249400,-652,320,-0.87%,
1/11/2022,Equity Group Holdings Ltd Ord 0.50,KES 52.00,34700,-600,-1.42%,,
1/11/2022,KCB Group Ltd Ord 1.00,KES 45.85,3549300,-112,382,870,-1.19%
1/11/2022,Absa Bank Kenya Plc Ord 0.50,KES 11.90,55900,17,775,0.00%,
1/11/2022,The Co-operative Bank of Kenya Ltd Ord 1.00,KES 12.80,217600,76,0,0.00%,
1/11/2022,NCBA Bank Ltd Ord 5.00,KES 25.95,31200,23,400,0.19%,
1/10/2022,Absa Bank Kenya Plc Ord 0.50,KES 11.90,969300,0,-,,
1/10/2022,NCBA Bank Ltd Ord 5.00,KES 25.90,6400,0,-,,
1/10/2022,Equity Group Holdings Ltd Ord 0.50,KES 52.75,528700,4,606,900,-
1/10/2022,The Co-operative Bank of Kenya Ltd Ord 1.00,KES 12.80,74600,0,-,,
1/10/2022,KCB Group Ltd Ord 1.00,KES 46.40,622000,0,-,,
1/9/2022,Equity Group Holdings Ltd Ord 0.50,-,528700,4,606,900,-
1/9/2022,Absa Bank Kenya Plc Ord 0.50,-,969300,-,-,,
1/9/2022,NCBA Bank Ltd Ord 5.00,-,6400,-,-,,
1/9/2022,KCB Group Ltd Ord 1.00,-,622000,-,-,,
1/9/2022,The Co-operative Bank of Kenya Ltd Ord 1.00,-,74600,-,-,,
1/7/2022,NCBA Bank Ltd Ord 5.00,KES 25.95,24100,0,0.19%,,
1/7/2022,Equity Group Holdings Ltd Ord 0.50,KES 53.00,686300,17,786,800,0.00%
1/7/2022,Absa Bank Kenya Plc Ord 0.50,KES 11.80,202600,22,325,0.00%,
1/7/2022,The Co-operative Bank of Kenya Ltd Ord 1.00,KES 12.95,169800,0,-0.38%,,
1/7/2022,KCB Group Ltd Ord 1.00,KES 46.00,80500,91,800,0.22%,
1/6/2022,Equity Group Holdings Ltd Ord 0.50,KES 53.00,243200,10,292,600,0.00%
1/6/2022,NCBA Bank Ltd Ord 5.00,KES 25.90,20700,0,1.37%,,
1/6/2022,Absa Bank Kenya Plc Ord 0.50,KES 11.80,128900,0,0.43%,,
1/6/2022,KCB Group Ltd Ord 1.00,KES 45.90,67300,0,0.88%,,
1/6/2022,The Co-operative Bank of Kenya Ltd Ord 1.00,KES 13.00,88800,0,0.00%,,
1/5/2022,The Co-operative Bank of Kenya Ltd Ord 1.00,KES 13.00,84600,0,0.39%,,
1/5/2022,Equity Group Holdings Ltd Ord 0.50,KES 53.00,658900,11,813,700,-0.47%
1/5/2022,KCB Group Ltd Ord 1.00,KES 45.50,610500,-25,887,110,1.00%
1/5/2022,Absa Bank Kenya Plc Ord 0.50,KES 11.75,72800,0,-0.42%,,
1/5/2022,NCBA Bank Ltd Ord 5.00,KES 25.55,18600,0,0.39%,,
1/4/2022,NCBA Bank Ltd Ord 5.00,KES 25.45,31100,-2,600,0.00%,
1/4/2022,The Co-operative Bank of Kenya Ltd Ord 1.00,KES 12.95,53000,0,-0.38%,,
1/4/2022,Absa Bank Kenya Plc Ord 0.50,KES 11.80,86600,0,0.43%,,
1/4/2022,Equity Group Holdings Ltd Ord 0.50,KES 53.25,2160700,84,13,900,0.95%
1/4/2022,KCB Group Ltd Ord 1.00,KES 45.05,1621900,-2,74,800,-1.10%
1/3/2022,Equity Group Holdings Ltd Ord 0.50,KES 52.75,4702000,165,421,650,-
1/3/2022,KCB Group Ltd Ord 1.00,KES 45.55,174500,-6,369,450,-
1/3/2022,NCBA Bank Ltd Ord 5.00,KES 25.45,47400,0,-,,
1/3/2022,The Co-operative Bank of Kenya Ltd Ord 1.00,KES 13.00,100000,2,600,-,
1/3/2022,Absa Bank Kenya Plc Ord 0.50,KES 11.75,57700,37,120,-,
1/2/2022,Equity Group Holdings Ltd Ord 0.50,-,4702000,165,421,650,-
1/2/2022,The Co-operative Bank of Kenya Ltd Ord 1.00,-,100000,2,600,-,
1/2/2022,Absa Bank Kenya Plc Ord 0.50,-,57700,37,120,-,
1/2/2022,NCBA Bank Ltd Ord 5.00,-,47400,-,-,,
1/2/2022,KCB Group Ltd Ord 1.00,-,174500,-,-,,
12/31/2021,Absa Bank Kenya Plc Ord 0.50,KES 11.85,7800,0,1.28%,,
12/31/2021,Equity Group Holdings Ltd Ord 0.50,KES 52.75,170900,7,630,900,3.43%
12/31/2021,KCB Group Ltd Ord 1.00,KES 45.45,524300,-20,127,120,0.66%
12/31/2021,The Co-operative Bank of Kenya Ltd Ord 1.00,KES 12.95,58600,1,295,0.39%,
12/31/2021,NCBA Bank Ltd Ord 5.00,KES 25.20,14700,0,-3.08%,,
12/30/2021,The Co-operative Bank of Kenya Ltd Ord 1.00,KES 12.90,48800,83,540,0.00%,
12/30/2021,NCBA Bank Ltd Ord 5.00,KES 26.00,18500,0,2.77%,,
12/30/2021,KCB Group Ltd Ord 1.00,KES 45.15,73300,-325,345,0.33%,
12/30/2021,Equity Group Holdings Ltd Ord 0.50,KES 51.00,33600,1,424,750,2.00%
12/30/2021,Absa Bank Kenya Plc Ord 0.50,KES 11.70,122200,0,-0.85%,,
12/29/2021,Equity Group Holdings Ltd Ord 0.50,KES 50.00,225600,1,539,450,0.81%
12/29/2021,KCB Group Ltd Ord 1.00,KES 45.00,599500,8,80,540,0.11%
12/29/2021,Absa Bank Kenya Plc Ord 0.50,KES 11.80,456200,35,400,1.72%,
12/29/2021,The Co-operative Bank of Kenya Ltd Ord 1.00,KES 12.90,143700,0,1.57%,,
12/29/2021,NCBA Bank Ltd Ord 5.00,KES 25.30,12100,0,-0.59%,,
12/28/2021,The Co-operative Bank of Kenya Ltd Ord 1.00,KES 12.70,33800,0,-,,
12/28/2021,Absa Bank Kenya Plc Ord 0.50,KES 11.60,265300,0,-,,
12/28/2021,Equity Group Holdings Ltd Ord 0.50,KES 49.60,89300,-2,978,250,-
12/28/2021,NCBA Bank Ltd Ord 5.00,KES 25.45,25000,0,-,,
12/28/2021,KCB Group Ltd Ord 1.00,KES 44.95,338800,-2,8,0,-
12/27/2021,KCB Group Ltd Ord 1.00,-,338800,-,-,,
12/27/2021,Equity Group Holdings Ltd Ord 0.50,-,89300,-,-,,
12/27/2021,NCBA Bank Ltd Ord 5.00,-,25000,-,-,,
12/27/2021,Absa Bank Kenya Plc Ord 0.50,-,265300,-,-,,
12/27/2021,The Co-operative Bank of Kenya Ltd Ord 1.00,-,33800,-,-,,
12/24/2021,The Co-operative Bank of Kenya Ltd Ord 1.00,KES 12.45,92500,0,-0.40%,,
12/24/2021,KCB Group Ltd Ord 1.00,KES 45.20,34600,-274,500,0.67%,
12/24/2021,Absa Bank Kenya Plc Ord 0.50,KES 11.55,178300,0,2.21%,,
12/24/2021,NCBA Bank Ltd Ord 5.00,KES 25.75,1200,0,1.18%,,
12/24/2021,Equity Group Holdings Ltd Ord 0.50,KES 48.50,17700,0,-0.31%,,
12/23/2021,Equity Group Holdings Ltd Ord 0.50,KES 48.65,37900,0,-1.02%,,
12/23/2021,The Co-operative Bank of Kenya Ltd Ord 1.00,KES 12.50,278900,-1,524,825,0.00%
12/23/2021,Absa Bank Kenya Plc Ord 0.50,KES 11.30,301900,0,0.89%,,
12/23/2021,KCB Group Ltd Ord 1.00,KES 44.90,73600,0,0.34%,,
12/23/2021,NCBA Bank Ltd Ord 5.00,KES 25.45,40200,-811,855,-0.20%,
12/22/2021,Absa Bank Kenya Plc Ord 0.50,KES 11.20,282400,0,0.00%,,
12/22/2021,KCB Group Ltd Ord 1.00,KES 44.75,177900,0,0.22%,,
12/22/2021,NCBA Bank Ltd Ord 5.00,KES 25.50,58700,0,1.80%,,
12/22/2021,The Co-operative Bank of Kenya Ltd Ord 1.00,KES 12.50,188500,0,0.40%,,
12/22/2021,Equity Group Holdings Ltd Ord 0.50,KES 49.15,612700,-10,495,800,0.31%
12/21/2021,The Co-operative Bank of Kenya Ltd Ord 1.00,KES 12.45,152600,0,2.05%,,
12/21/2021,Absa Bank Kenya Plc Ord 0.50,KES 11.20,298100,0,0.90%,,
12/21/2021,Equity Group Holdings Ltd Ord 0.50,KES 49.00,205600,-5,423,265,0.51%
12/21/2021,NCBA Bank Ltd Ord 5.00,KES 25.05,25700,0,0.20%,,
12/21/2021,KCB Group Ltd Ord 1.00,KES 44.65,127800,-115,750,0.34%,
12/20/2021,NCBA Bank Ltd Ord 5.00,KES 25.00,66200,0,-,,
12/20/2021,The Co-operative Bank of Kenya Ltd Ord 1.00,KES 12.20,124900,0,-,,
12/20/2021,Equity Group Holdings Ltd Ord 0.50,KES 48.75,1760800,-56,551,380,-
12/20/2021,Absa Bank Kenya Plc Ord 0.50,KES 11.10,48700,0,-,,
12/20/2021,KCB Group Ltd Ord 1.00,KES 44.50,170100,-57,850,-,
12/19/2021,NCBA Bank Ltd Ord 5.00,-,66200,-,-,,
12/19/2021,The Co-operative Bank of Kenya Ltd Ord 1.00,-,124900,-,-,,
12/19/2021,KCB Group Ltd Ord 1.00,-,170100,-,-,,
12/19/2021,Absa Bank Kenya Plc Ord 0.50,-,48700,-,-,,
12/19/2021,Equity Group Holdings Ltd Ord 0.50,-,1760800,-,-,,
12/17/2021,The Co-operative Bank of Kenya Ltd Ord 1.00,KES 12.30,185800,1,250,0.00%,
12/17/2021,NCBA Bank Ltd Ord 5.00,KES 25.05,700,0,0.00%,,
12/17/2021,Equity Group Holdings Ltd Ord 0.50,KES 48.65,843500,-28,566,200,-1.42%
12/17/2021,Absa Bank Kenya Plc Ord 0.50,KES 11.20,43300,11,250,1.82%,
12/17/2021,KCB Group Ltd Ord 1.00,KES 44.10,1253800,17,36,125,0.23%
12/16/2021,KCB Group Ltd Ord 1.00,KES 44.00,7252900,5,764,140,0.57%
12/16/2021,Absa Bank Kenya Plc Ord 0.50,KES 11.00,307400,-187,0,-0.45%,
12/16/2021,Equity Group Holdings Ltd Ord 0.50,KES 49.35,132200,-378,530,0.82%,
12/16/2021,NCBA Bank Ltd Ord 5.00,KES 25.05,102300,0,0.40%,,
12/16/2021,The Co-operative Bank of Kenya Ltd Ord 1.00,KES 12.30,1306800,0,0.00%,,
12/15/2021,Absa Bank Kenya Plc Ord 0.50,KES 11.05,138100,1,120,-1.34%,
12/15/2021,KCB Group Ltd Ord 1.00,KES 43.75,461900,10,664,75,1.27%
12/15/2021,NCBA Bank Ltd Ord 5.00,KES 24.95,267700,0,1.84%,,
12/15/2021,The Co-operative Bank of Kenya Ltd Ord 1.00,KES 12.30,2162000,10,209,0,0.00%
12/15/2021,Equity Group Holdings Ltd Ord 0.50,KES 48.95,616200,4,260,715,0.62%
12/14/2021,The Co-operative Bank of Kenya Ltd Ord 1.00,KES 12.30,120200,1,250,-,
12/14/2021,Equity Group Holdings Ltd Ord 0.50,KES 48.65,111800,3,783,275,-
12/14/2021,KCB Group Ltd Ord 1.00,KES 43.20,252900,-3,440,585,-
12/14/2021,Absa Bank Kenya Plc Ord 0.50,KES 11.20,362000,0,-,,
12/14/2021,NCBA Bank Ltd Ord 5.00,KES 24.50,63800,0,-,,
12/13/2021,The Co-operative Bank of Kenya Ltd Ord 1.00,-,120200,1,250,-,
12/13/2021,Equity Group Holdings Ltd Ord 0.50,-,111800,3,783,275,-
12/13/2021,KCB Group Ltd Ord 1.00,-,252900,-,-,,
12/13/2021,NCBA Bank Ltd Ord 5.00,-,63800,-,-,,
12/13/2021,Absa Bank Kenya Plc Ord 0.50,-,362000,-,-,,
12/10/2021,Absa Bank Kenya Plc Ord 0.50,KES 11.05,52000,0,0.91%,,
12/10/2021,NCBA Bank Ltd Ord 5.00,KES 24.05,25200,0,0.42%,,
12/10/2021,Equity Group Holdings Ltd Ord 0.50,KES 47.50,524900,-16,587,0,0.96%
12/10/2021,KCB Group Ltd Ord 1.00,KES 43.25,8804400,-125,713,770,0.23%
12/10/2021,The Co-operative Bank of Kenya Ltd Ord 1.00,KES 12.20,26700,2,420,1.67%,
12/9/2021,Equity Group Holdings Ltd Ord 0.50,KES 47.05,1258700,-54,217,900,0.21%
12/9/2021,Absa Bank Kenya Plc Ord 0.50,KES 10.95,213400,0,0.00%,,
12/9/2021,NCBA Bank Ltd Ord 5.00,KES 23.95,40200,0,1.91%,,
12/9/2021,The Co-operative Bank of Kenya Ltd Ord 1.00,KES 12.00,89600,1,200,0.42%,
12/9/2021,KCB Group Ltd Ord 1.00,KES 43.15,5877700,-234,559,510,0.94%
12/8/2021,KCB Group Ltd Ord 1.00,KES 42.75,1974700,-59,850,0,4.27%
12/8/2021,Equity Group Holdings Ltd Ord 0.50,KES 46.95,1175200,-6,374,875,3.99%
12/8/2021,NCBA Bank Ltd Ord 5.00,KES 23.50,4624600,0,1.51%,,
12/8/2021,The Co-operative Bank of Kenya Ltd Ord 1.00,KES 11.95,41700,0,1.27%,,
12/8/2021,Absa Bank Kenya Plc Ord 0.50,KES 10.95,167700,5,475,0.92%,
12/7/2021,Equity Group Holdings Ltd Ord 0.50,KES 45.15,7088900,-205,771,740,0.33%
12/7/2021,NCBA Bank Ltd Ord 5.00,KES 23.15,7400,0,0.00%,,
12/7/2021,KCB Group Ltd Ord 1.00,KES 41.00,11025200,21,762,855,-0.24%
12/7/2021,Absa Bank Kenya Plc Ord 0.50,KES 10.85,573700,113,925,0.46%,
12/7/2021,The Co-operative Bank of Kenya Ltd Ord 1.00,KES 11.80,349600,53,0,-1.67%,
12/6/2021,Absa Bank Kenya Plc Ord 0.50,KES 10.80,117000,108,500,-,
12/6/2021,NCBA Bank Ltd Ord 5.00,KES 23.15,51900,0,-,,
12/6/2021,KCB Group Ltd Ord 1.00,KES 41.10,668200,-21,294,930,-
12/6/2021,The Co-operative Bank of Kenya Ltd Ord 1.00,KES 12.00,449000,23,500,-,
12/6/2021,Equity Group Holdings Ltd Ord 0.50,KES 45.00,2102000,-89,874,0,-
12/5/2021,Absa Bank Kenya Plc Ord 0.50,-,117000,108,500,-,
12/5/2021,The Co-operative Bank of Kenya Ltd Ord 1.00,-,449000,23,500,-,
12/5/2021,Equity Group Holdings Ltd Ord 0.50,-,2102000,-,-,,
12/5/2021,NCBA Bank Ltd Ord 5.00,-,51900,-,-,,
12/5/2021,KCB Group Ltd Ord 1.00,-,668200,-,-,,
12/3/2021,The Co-operative Bank of Kenya Ltd Ord 1.00,KES 11.80,90600,5,925,0.00%,
12/3/2021,Absa Bank Kenya Plc Ord 0.50,KES 11.05,301800,108,500,2.31%,
12/3/2021,Equity Group Holdings Ltd Ord 0.50,KES 46.60,7391200,-121,278,660,-1.58%
12/3/2021,NCBA Bank Ltd Ord 5.00,KES 24.00,139300,0,-1.03%,,
12/3/2021,KCB Group Ltd Ord 1.00,KES 41.15,868700,-14,80,970,0.12%
12/2/2021,Absa Bank Kenya Plc Ord 0.50,KES 10.80,213700,108,500,-0.92%,
12/2/2021,The Co-operative Bank of Kenya Ltd Ord 1.00,KES 11.80,213300,0,-2.07%,,
12/2/2021,KCB Group Ltd Ord 1.00,KES 41.10,1939600,-486,500,-2.72%,
12/2/2021,NCBA Bank Ltd Ord 5.00,KES 24.25,33800,0,-1.42%,,
12/2/2021,Equity Group Holdings Ltd Ord 0.50,KES 47.35,344100,1,741,520,-1.87%
12/1/2021,NCBA Bank Ltd Ord 5.00,KES 24.60,236500,0,-0.40%,,
12/1/2021,The Co-operative Bank of Kenya Ltd Ord 1.00,KES 12.05,351600,0,-1.23%,,
12/1/2021,KCB Group Ltd Ord 1.00,KES 42.25,114400,-326,800,-2.65%,
12/1/2021,Equity Group Holdings Ltd Ord 0.50,KES 48.25,310500,493,10,-1.53%,
12/1/2021,Absa Bank Kenya Plc Ord 0.50,KES 10.90,661300,111,0,-1.36%,
11/30/2021,Absa Bank Kenya Plc Ord 0.50,KES 11.05,662800,0,-1.78%,,
11/30/2021,The Co-operative Bank of Kenya Ltd Ord 1.00,KES 12.20,187400,0,-0.81%,,
11/30/2021,KCB Group Ltd Ord 1.00,KES 43.40,3054800,-127,586,490,-0.34%
11/30/2021,Equity Group Holdings Ltd Ord 0.50,KES 49.00,5838500,-88,45,535,-2.49%
11/30/2021,NCBA Bank Ltd Ord 5.00,KES 24.70,32800,0,2.07%,,
11/29/2021,The Co-operative Bank of Kenya Ltd Ord 1.00,KES 12.30,122900,-16,250,-,
11/29/2021,Absa Bank Kenya Plc Ord 0.50,KES 11.25,10912300,-71,893,0,-
11/29/2021,KCB Group Ltd Ord 1.00,KES 43.55,97700,0,-,,
11/29/2021,Equity Group Holdings Ltd Ord 0.50,KES 50.25,55700,0,-,,
11/29/2021,NCBA Bank Ltd Ord 5.00,KES 24.20,89800,0,-,,
11/28/2021,NCBA Bank Ltd Ord 5.00,-,89800,-,-,,
11/28/2021,Absa Bank Kenya Plc Ord 0.50,-,10912300,-,-,,
11/28/2021,Equity Group Holdings Ltd Ord 0.50,-,55700,-,-,,
11/28/2021,The Co-operative Bank of Kenya Ltd Ord 1.00,-,122900,-,-,,
11/28/2021,KCB Group Ltd Ord 1.00,-,97700,-,-,,
11/26/2021,Absa Bank Kenya Plc Ord 0.50,KES 10.95,1276000,340,760,0.46%,
11/26/2021,Equity Group Holdings Ltd Ord 0.50,KES 51.50,719000,0,0.00%,,
11/26/2021,KCB Group Ltd Ord 1.00,KES 43.85,431100,-11,253,870,-0.34%
11/26/2021,The Co-operative Bank of Kenya Ltd Ord 1.00,KES 12.35,448500,-157,500,0.41%,
11/26/2021,NCBA Bank Ltd Ord 5.00,KES 23.50,390000,0,1.08%,,
11/25/2021,Absa Bank Kenya Plc Ord 0.50,KES 10.90,660000,1,860,440,0.00%
11/25/2021,The Co-operative Bank of Kenya Ltd Ord 1.00,KES 12.30,104000,-35,0,0.00%,
11/25/2021,Equity Group Holdings Ltd Ord 0.50,KES 51.50,6430200,206,220,125,0.00%
11/25/2021,KCB Group Ltd Ord 1.00,KES 44.00,3365000,15,532,0,0.00%
11/25/2021,NCBA Bank Ltd Ord 5.00,KES 23.25,73700,0,0.65%,,
11/24/2021,NCBA Bank Ltd Ord 5.00,KES 23.10,3362400,0,-1.91%,,
11/24/2021,Absa Bank Kenya Plc Ord 0.50,KES 10.90,4220900,545,0,1.40%,
11/24/2021,KCB Group Ltd Ord 1.00,KES 44.00,4151200,35,334,600,-1.57%
11/24/2021,The Co-operative Bank of Kenya Ltd Ord 1.00,KES 12.30,1070000,0,-0.40%,,
11/24/2021,Equity Group Holdings Ltd Ord 0.50,KES 51.50,232900,1,287,500,-0.48%
11/23/2021,Equity Group Holdings Ltd Ord 0.50,KES 51.75,55100,0,-0.48%,,
11/23/2021,NCBA Bank Ltd Ord 5.00,KES 23.55,39900,0,0.21%,,
11/23/2021,KCB Group Ltd Ord 1.00,KES 44.70,2794100,46,769,225,-0.56%
11/23/2021,The Co-operative Bank of Kenya Ltd Ord 1.00,KES 12.35,108700,0,-0.80%,,
11/23/2021,Absa Bank Kenya Plc Ord 0.50,KES 10.75,1268000,-2,699,565,2.87%
11/22/2021,KCB Group Ltd Ord 1.00,KES 44.95,779500,-2,598,695,-
11/22/2021,Absa Bank Kenya Plc Ord 0.50,KES 10.45,4179000,210,0,-,
11/22/2021,The Co-operative Bank of Kenya Ltd Ord 1.00,KES 12.45,871400,0,-,,
11/22/2021,NCBA Bank Ltd Ord 5.00,KES 23.50,586100,0,-,,
11/22/2021,Equity Group Holdings Ltd Ord 0.50,KES 52.00,4687300,183,575,600,-
11/21/2021,Absa Bank Kenya Plc Ord 0.50,-,4179000,210,0,-,
11/21/2021,Equity Group Holdings Ltd Ord 0.50,-,4687300,183,575,600,-
11/21/2021,NCBA Bank Ltd Ord 5.00,-,586100,-,-,,
11/21/2021,KCB Group Ltd Ord 1.00,-,779500,-,-,,
11/21/2021,The Co-operative Bank of Kenya Ltd Ord 1.00,-,871400,-,-,,
11/19/2021,The Co-operative Bank of Kenya Ltd Ord 1.00,KES 12.30,1560600,0,-1.20%,,
11/19/2021,NCBA Bank Ltd Ord 5.00,KES 23.75,107100,4,750,0.42%,
11/19/2021,Equity Group Holdings Ltd Ord 0.50,KES 52.00,496400,8,583,450,0.00%
11/19/2021,Absa Bank Kenya Plc Ord 0.50,KES 10.50,1412700,0,0.48%,,
11/19/2021,KCB Group Ltd Ord 1.00,KES 45.90,1914400,-2,984,815,1.32%
11/18/2021,Equity Group Holdings Ltd Ord 0.50,KES 52.00,1232700,43,240,850,0.97%
11/18/2021,The Co-operative Bank of Kenya Ltd Ord 1.00,KES 12.45,50100,0,0.00%,,
11/18/2021,Absa Bank Kenya Plc Ord 0.50,KES 10.45,383100,0,0.97%,,
11/18/2021,KCB Group Ltd Ord 1.00,KES 45.30,2825000,-110,712,340,1.68%
11/18/2021,NCBA Bank Ltd Ord 5.00,KES 23.65,29900,0,-0.42%,,
11/17/2021,NCBA Bank Ltd Ord 5.00,KES 23.75,65800,0,0.00%,,
11/17/2021,Absa Bank Kenya Plc Ord 0.50,KES 10.35,1037600,0,0.00%,,
11/17/2021,The Co-operative Bank of Kenya Ltd Ord 1.00,KES 12.45,45500,0,-0.40%,,
11/17/2021,KCB Group Ltd Ord 1.00,KES 44.55,1055100,-44,534,155,0.00%
11/17/2021,Equity Group Holdings Ltd Ord 0.50,KES 51.50,2452100,99,822,600,0.00%
11/16/2021,NCBA Bank Ltd Ord 5.00,KES 23.75,216300,0,-1.04%,,
11/16/2021,KCB Group Ltd Ord 1.00,KES 44.55,151300,4,455,0.45%,
11/16/2021,The Co-operative Bank of Kenya Ltd Ord 1.00,KES 12.50,53100,0,0.00%,,
11/16/2021,Equity Group Holdings Ltd Ord 0.50,KES 51.50,57300,2,267,50,-0.96%
11/16/2021,Absa Bank Kenya Plc Ord 0.50,KES 10.35,223100,0,-0.48%,,
11/15/2021,The Co-operative Bank of Kenya Ltd Ord 1.00,KES 12.50,179300,0,-,,
11/15/2021,NCBA Bank Ltd Ord 5.00,KES 24.00,58300,0,-,,
11/15/2021,KCB Group Ltd Ord 1.00,KES 44.35,940200,0,-,,
11/15/2021,Absa Bank Kenya Plc Ord 0.50,KES 10.40,158100,0,-,,
11/15/2021,Equity Group Holdings Ltd Ord 0.50,KES 52.00,1059700,3,213,600,-
11/14/2021,Equity Group Holdings Ltd Ord 0.50,-,1059700,3,213,600,-
11/14/2021,The Co-operative Bank of Kenya Ltd Ord 1.00,-,179300,-,-,,
11/14/2021,Absa Bank Kenya Plc Ord 0.50,-,158100,-,-,,
11/14/2021,NCBA Bank Ltd Ord 5.00,-,58300,-,-,,
11/14/2021,KCB Group Ltd Ord 1.00,-,940200,-,-,,
11/12/2021,KCB Group Ltd Ord 1.00,KES 44.50,406500,-15,886,845,-0.34%
11/12/2021,Equity Group Holdings Ltd Ord 0.50,KES 52.50,727200,33,337,500,-0.94%
11/12/2021,NCBA Bank Ltd Ord 5.00,KES 23.95,80300,0,-0.21%,,
11/12/2021,Absa Bank Kenya Plc Ord 0.50,KES 10.20,3403600,0,-0.97%,,
11/12/2021,The Co-operative Bank of Kenya Ltd Ord 1.00,KES 12.55,102300,0,0.80%,,
11/11/2021,The Co-operative Bank of Kenya Ltd Ord 1.00,KES 12.45,356500,-1,240,0.81%,
11/11/2021,Absa Bank Kenya Plc Ord 0.50,KES 10.30,2314300,0,0.00%,,
11/11/2021,NCBA Bank Ltd Ord 5.00,KES 24.00,62700,0,-0.21%,,
11/11/2021,KCB Group Ltd Ord 1.00,KES 44.65,517300,-12,342,700,0.00%
11/11/2021,Equity Group Holdings Ltd Ord 0.50,KES 53.00,6538500,94,908,650,-0.47%
11/10/2021,KCB Group Ltd Ord 1.00,KES 44.65,600700,-1,370,340,0.56%
11/10/2021,The Co-operative Bank of Kenya Ltd Ord 1.00,KES 12.35,71500,0,-0.40%,,
11/10/2021,Absa Bank Kenya Plc Ord 0.50,KES 10.30,169300,0,-0.96%,,
11/10/2021,NCBA Bank Ltd Ord 5.00,KES 24.05,187800,0,-0.41%,,
11/10/2021,Equity Group Holdings Ltd Ord 0.50,KES 53.25,5468600,224,646,775,2.90%
11/9/2021,Absa Bank Kenya Plc Ord 0.50,KES 10.40,1089400,0,1.46%,,
11/9/2021,The Co-operative Bank of Kenya Ltd Ord 1.00,KES 12.40,831000,-6,184,405,0.00%
11/9/2021,NCBA Bank Ltd Ord 5.00,KES 24.15,52600,0,0.00%,,
11/9/2021,Equity Group Holdings Ltd Ord 0.50,KES 51.75,2096700,78,128,625,2.99%
11/9/2021,KCB Group Ltd Ord 1.00,KES 44.40,2979600,-39,720,875,0.91%
11/8/2021,NCBA Bank Ltd Ord 5.00,KES 24.15,49600,0,-,,
11/8/2021,KCB Group Ltd Ord 1.00,KES 44.00,185300,105,600,-,
11/8/2021,The Co-operative Bank of Kenya Ltd Ord 1.00,KES 12.40,338400,-799,985,-,
11/8/2021,Absa Bank Kenya Plc Ord 0.50,KES 10.25,112700,0,-,,
11/8/2021,Equity Group Holdings Ltd Ord 0.50,KES 50.25,92700,0,-,,
11/7/2021,KCB Group Ltd Ord 1.00,-,185300,105,600,-,
11/7/2021,Absa Bank Kenya Plc Ord 0.50,-,112700,-,-,,
11/7/2021,Equity Group Holdings Ltd Ord 0.50,-,92700,-,-,,
11/7/2021,NCBA Bank Ltd Ord 5.00,-,49600,-,-,,
11/7/2021,The Co-operative Bank of Kenya Ltd Ord 1.00,-,338400,-,-,,
11/5/2021,Equity Group Holdings Ltd Ord 0.50,KES 49.90,306300,4,503,880,-0.20%
11/5/2021,Absa Bank Kenya Plc Ord 0.50,KES 10.25,109300,10,100,-0.49%,
11/5/2021,KCB Group Ltd Ord 1.00,KES 43.50,363200,47,685,0.00%,
11/5/2021,The Co-operative Bank of Kenya Ltd Ord 1.00,KES 12.50,1073900,-625,0,0.00%,
11/5/2021,NCBA Bank Ltd Ord 5.00,KES 24.10,22800,0,-1.43%,,
11/4/2021,The Co-operative Bank of Kenya Ltd Ord 1.00,KES 12.50,2107100,-2,133,750,0.00%
11/4/2021,Absa Bank Kenya Plc Ord 0.50,KES 10.30,29700,0,1.48%,,
11/4/2021,NCBA Bank Ltd Ord 5.00,KES 24.45,52900,0,-0.20%,,
11/4/2021,Equity Group Holdings Ltd Ord 0.50,KES 50.00,3235100,129,89,500,0.00%
11/4/2021,KCB Group Ltd Ord 1.00,KES 43.50,260500,0,-0.11%,,
11/3/2021,Absa Bank Kenya Plc Ord 0.50,KES 10.15,116700,0,0.50%,,
11/3/2021,Equity Group Holdings Ltd Ord 0.50,KES 50.00,128700,1,165,0,0.00%
11/3/2021,The Co-operative Bank of Kenya Ltd Ord 1.00,KES 12.50,173800,-5,50,0.00%,
11/3/2021,NCBA Bank Ltd Ord 5.00,KES 24.50,33900,0,1.66%,,
11/3/2021,KCB Group Ltd Ord 1.00,KES 43.55,64200,-267,220,-0.68%,
11/2/2021,Equity Group Holdings Ltd Ord 0.50,KES 50.00,3730700,25,807,350,0.50%
11/2/2021,NCBA Bank Ltd Ord 5.00,KES 24.10,105900,0,0.00%,,
11/2/2021,The Co-operative Bank of Kenya Ltd Ord 1.00,KES 12.50,1237900,-14,526,525,-1.19%
11/2/2021,KCB Group Ltd Ord 1.00,KES 43.85,1062900,-13,793,440,-0.23%
11/2/2021,Absa Bank Kenya Plc Ord 0.50,KES 10.10,155600,5,100,0.00%,
11/1/2021,Absa Bank Kenya Plc Ord 0.50,KES 10.10,117500,0,-,,
11/1/2021,Equity Group Holdings Ltd Ord 0.50,KES 49.75,961100,1,106,830,-
11/1/2021,The Co-operative Bank of Kenya Ltd Ord 1.00,KES 12.65,55600,0,-,,
11/1/2021,KCB Group Ltd Ord 1.00,KES 43.95,606900,-577,635,-,
11/1/2021,NCBA Bank Ltd Ord 5.00,KES 24.10,128800,0,-,,
10/31/2021,Equity Group Holdings Ltd Ord 0.50,-,961100,1,106,830,-
10/31/2021,NCBA Bank Ltd Ord 5.00,-,128800,-,-,,
10/31/2021,The Co-operative Bank of Kenya Ltd Ord 1.00,-,55600,-,-,,
10/31/2021,KCB Group Ltd Ord 1.00,-,606900,-,-,,
10/31/2021,Absa Bank Kenya Plc Ord 0.50,-,117500,-,-,,
10/29/2021,KCB Group Ltd Ord 1.00,KES 43.95,582900,-768,250,-0.11%,
10/29/2021,The Co-operative Bank of Kenya Ltd Ord 1.00,KES 12.50,177200,-1,982,55,0.00%
10/29/2021,NCBA Bank Ltd Ord 5.00,KES 24.10,25300,0,-1.23%,,
10/29/2021,Absa Bank Kenya Plc Ord 0.50,KES 10.20,340000,24,740,0.00%,
10/29/2021,Equity Group Holdings Ltd Ord 0.50,KES 49.70,173100,-661,110,0.00%,
10/28/2021,Absa Bank Kenya Plc Ord 0.50,KES 10.20,45100,0,0.49%,,
10/28/2021,The Co-operative Bank of Kenya Ltd Ord 1.00,KES 12.50,106000,62,750,-0.40%,
10/28/2021,NCBA Bank Ltd Ord 5.00,KES 24.40,37900,0,-0.61%,,
10/28/2021,KCB Group Ltd Ord 1.00,KES 44.00,218500,0,0.00%,,
10/28/2021,Equity Group Holdings Ltd Ord 0.50,KES 49.70,85300,856,425,-0.40%,
10/27/2021,The Co-operative Bank of Kenya Ltd Ord 1.00,KES 12.55,156100,12,550,0.00%,
10/27/2021,NCBA Bank Ltd Ord 5.00,KES 24.55,157600,0,-0.41%,,
10/27/2021,KCB Group Ltd Ord 1.00,KES 44.00,2958800,-70,536,400,0.11%
10/27/2021,Absa Bank Kenya Plc Ord 0.50,KES 10.15,506000,2,575,55,0.50%
10/27/2021,Equity Group Holdings Ltd Ord 0.50,KES 49.90,1866600,37,425,0,0.00%
10/26/2021,Absa Bank Kenya Plc Ord 0.50,KES 10.10,118100,1,25,0.00%,
10/26/2021,The Co-operative Bank of Kenya Ltd Ord 1.00,KES 12.55,180800,303,790,-0.40%,
10/26/2021,NCBA Bank Ltd Ord 5.00,KES 24.65,116200,0,-0.80%,,
10/26/2021,KCB Group Ltd Ord 1.00,KES 43.95,4907400,-162,527,815,-0.11%
10/26/2021,Equity Group Holdings Ltd Ord 0.50,KES 49.90,265200,3,430,95,0.81%
10/25/2021,The Co-operative Bank of Kenya Ltd Ord 1.00,KES 12.60,155000,0,-,,
10/25/2021,NCBA Bank Ltd Ord 5.00,KES 24.85,22900,0,-,,
10/25/2021,Absa Bank Kenya Plc Ord 0.50,KES 10.10,45900,0,-,,
10/25/2021,KCB Group Ltd Ord 1.00,KES 44.00,278400,8,742,800,-
10/25/2021,Equity Group Holdings Ltd Ord 0.50,KES 49.50,732400,-8,256,240,-
10/24/2021,KCB Group Ltd Ord 1.00,-,278400,8,742,800,-
10/24/2021,Equity Group Holdings Ltd Ord 0.50,-,732400,-,-,,
10/24/2021,NCBA Bank Ltd Ord 5.00,-,22900,-,-,,
10/24/2021,The Co-operative Bank of Kenya Ltd Ord 1.00,-,155000,-,-,,
10/24/2021,Absa Bank Kenya Plc Ord 0.50,-,45900,-,-,,
10/22/2021,Equity Group Holdings Ltd Ord 0.50,KES 49.95,5079900,-21,543,90,0.91%
10/22/2021,NCBA Bank Ltd Ord 5.00,KES 25.00,28700,0,-0.40%,,
10/22/2021,The Co-operative Bank of Kenya Ltd Ord 1.00,KES 12.75,113300,19,50,0.39%,
10/22/2021,KCB Group Ltd Ord 1.00,KES 44.20,132700,0,-0.56%,,
10/22/2021,Absa Bank Kenya Plc Ord 0.50,KES 10.05,130600,64,0,0.00%,
10/21/2021,The Co-operative Bank of Kenya Ltd Ord 1.00,KES 12.70,112200,0,-,,
10/21/2021,Absa Bank Kenya Plc Ord 0.50,KES 10.05,127300,436,0,-,
10/21/2021,Equity Group Holdings Ltd Ord 0.50,KES 49.50,5302100,-150,311,970,-
10/21/2021,NCBA Bank Ltd Ord 5.00,KES 25.10,14100,0,-,,
10/21/2021,KCB Group Ltd Ord 1.00,KES 44.45,4013500,-54,205,915,-
10/20/2021,Absa Bank Kenya Plc Ord 0.50,-,127300,436,0,-,
10/20/2021,KCB Group Ltd Ord 1.00,-,4013500,-,-,,
10/20/2021,The Co-operative Bank of Kenya Ltd Ord 1.00,-,112200,-,-,,
10/20/2021,Equity Group Holdings Ltd Ord 0.50,-,5302100,-,-,,
10/20/2021,NCBA Bank Ltd Ord 5.00,-,14100,-,-,,
10/19/2021,The Co-operative Bank of Kenya Ltd Ord 1.00,KES 12.75,144200,1,285,-0.78%,
10/19/2021,Absa Bank Kenya Plc Ord 0.50,KES 10.20,324300,2,934,940,0.99%
10/19/2021,Equity Group Holdings Ltd Ord 0.50,KES 49.65,654100,-6,355,720,-0.40%
10/19/2021,KCB Group Ltd Ord 1.00,KES 44.60,584600,-22,230,280,-0.45%
10/19/2021,NCBA Bank Ltd Ord 5.00,KES 25.10,34500,0,-1.76%,,
10/18/2021,Absa Bank Kenya Plc Ord 0.50,KES 10.10,25100,17,170,-,
10/18/2021,Equity Group Holdings Ltd Ord 0.50,KES 49.85,794000,-1,82,900,-
10/18/2021,The Co-operative Bank of Kenya Ltd Ord 1.00,KES 12.85,2566700,0,-,,
10/18/2021,KCB Group Ltd Ord 1.00,KES 44.80,203600,-2,681,175,-
10/18/2021,NCBA Bank Ltd Ord 5.00,KES 25.55,26100,0,-,,
10/17/2021,Absa Bank Kenya Plc Ord 0.50,-,25100,17,170,-,
10/17/2021,Equity Group Holdings Ltd Ord 0.50,-,794000,-,-,,
10/17/2021,KCB Group Ltd Ord 1.00,-,203600,-,-,,
10/17/2021,The Co-operative Bank of Kenya Ltd Ord 1.00,-,2566700,-,-,,
10/17/2021,NCBA Bank Ltd Ord 5.00,-,26100,-,-,,
10/15/2021,The Co-operative Bank of Kenya Ltd Ord 1.00,KES 13.00,1437200,328,750,-0.38%,
10/15/2021,NCBA Bank Ltd Ord 5.00,KES 25.75,214200,0,0.19%,,
10/15/2021,Equity Group Holdings Ltd Ord 0.50,KES 49.50,5142900,-33,550,540,0.51%
10/15/2021,Absa Bank Kenya Plc Ord 0.50,KES 10.15,113800,32,320,-0.98%,
10/15/2021,KCB Group Ltd Ord 1.00,KES 45.10,2715700,-22,500,0,0.11%
10/14/2021,KCB Group Ltd Ord 1.00,KES 45.05,681500,0,-0.77%,,
10/14/2021,Absa Bank Kenya Plc Ord 0.50,KES 10.25,645900,4,164,600,1.49%
10/14/2021,Equity Group Holdings Ltd Ord 0.50,KES 49.25,51400,0,0.20%,,
10/14/2021,The Co-operative Bank of Kenya Ltd Ord 1.00,KES 13.05,70200,0,-0.38%,,
10/14/2021,NCBA Bank Ltd Ord 5.00,KES 25.70,6400,0,1.38%,,
10/13/2021,Equity Group Holdings Ltd Ord 0.50,KES 49.15,18000,0,-0.71%,,
10/13/2021,KCB Group Ltd Ord 1.00,KES 45.40,135200,0,-0.87%,,
10/13/2021,NCBA Bank Ltd Ord 5.00,KES 25.35,22000,0,1.20%,,
10/13/2021,Absa Bank Kenya Plc Ord 0.50,KES 10.10,78400,1,20,-0.49%,
10/13/2021,The Co-operative Bank of Kenya Ltd Ord 1.00,KES 13.10,52500,0,0.00%,,
10/12/2021,Absa Bank Kenya Plc Ord 0.50,KES 10.15,458700,4,341,180,-
10/12/2021,The Co-operative Bank of Kenya Ltd Ord 1.00,KES 13.10,55300,0,-,,
10/12/2021,NCBA Bank Ltd Ord 5.00,KES 25.05,59300,2,500,-,
10/12/2021,KCB Group Ltd Ord 1.00,KES 45.80,1970400,-58,546,145,-
10/12/2021,Equity Group Holdings Ltd Ord 0.50,KES 49.50,2012700,-49,82,665,-
10/11/2021,Absa Bank Kenya Plc Ord 0.50,-,458700,4,341,180,-
10/11/2021,NCBA Bank Ltd Ord 5.00,-,59300,2,500,-,
10/11/2021,Equity Group Holdings Ltd Ord 0.50,-,2012700,-,-,,
10/11/2021,KCB Group Ltd Ord 1.00,-,1970400,-,-,,
10/11/2021,The Co-operative Bank of Kenya Ltd Ord 1.00,-,55300,-,-,,
10/8/2021,Equity Group Holdings Ltd Ord 0.50,KES 49.35,358700,-13,579,625,0.10%
10/8/2021,Absa Bank Kenya Plc Ord 0.50,KES 10.25,1045800,-3,498,470,0.00%
10/8/2021,NCBA Bank Ltd Ord 5.00,KES 25.25,49600,0,0.20%,,
10/8/2021,KCB Group Ltd Ord 1.00,KES 46.10,767400,-31,691,840,0.44%
10/8/2021,The Co-operative Bank of Kenya Ltd Ord 1.00,KES 13.15,179800,0,-0.38%,,
10/7/2021,NCBA Bank Ltd Ord 5.00,KES 25.20,71300,0,-1.37%,,
10/7/2021,The Co-operative Bank of Kenya Ltd Ord 1.00,KES 13.20,25300,26,400,-0.75%,
10/7/2021,Absa Bank Kenya Plc Ord 0.50,KES 10.25,62600,0,-0.49%,,
10/7/2021,KCB Group Ltd Ord 1.00,KES 45.90,2528200,-111,61,875,0.88%
10/7/2021,Equity Group Holdings Ltd Ord 0.50,KES 49.30,81200,0,-0.30%,,
10/6/2021,Equity Group Holdings Ltd Ord 0.50,KES 49.45,215400,-7,416,885,-0.90%
10/6/2021,The Co-operative Bank of Kenya Ltd Ord 1.00,KES 13.30,47600,0,-0.37%,,
10/6/2021,NCBA Bank Ltd Ord 5.00,KES 25.55,14500,-176,295,-0.78%,
10/6/2021,KCB Group Ltd Ord 1.00,KES 45.50,3901000,-121,651,905,0.66%
10/6/2021,Absa Bank Kenya Plc Ord 0.50,KES 10.30,578000,0,0.49%,,
10/5/2021,NCBA Bank Ltd Ord 5.00,KES 25.75,36600,-483,410,-0.77%,
10/5/2021,Absa Bank Kenya Plc Ord 0.50,KES 10.25,97400,10,400,-1.44%,
10/5/2021,The Co-operative Bank of Kenya Ltd Ord 1.00,KES 13.35,41100,13,500,-0.74%,
10/5/2021,KCB Group Ltd Ord 1.00,KES 45.20,700500,-28,517,50,-3.00%
10/5/2021,Equity Group Holdings Ltd Ord 0.50,KES 49.90,756500,4,363,500,-0.20%
10/4/2021,NCBA Bank Ltd Ord 5.00,KES 25.95,13200,0,-,,
10/4/2021,KCB Group Ltd Ord 1.00,KES 46.60,268700,-8,947,995,-
10/4/2021,Equity Group Holdings Ltd Ord 0.50,KES 50.00,128600,-4,794,715,-
10/4/2021,The Co-operative Bank of Kenya Ltd Ord 1.00,KES 13.45,46800,0,-,,
10/4/2021,Absa Bank Kenya Plc Ord 0.50,KES 10.40,52100,0,-,,
10/3/2021,The Co-operative Bank of Kenya Ltd Ord 1.00,-,46800,-,-,,
10/3/2021,KCB Group Ltd Ord 1.00,-,268700,-,-,,
10/3/2021,Absa Bank Kenya Plc Ord 0.50,-,52100,-,-,,
10/3/2021,Equity Group Holdings Ltd Ord 0.50,-,128600,-,-,,
10/3/2021,NCBA Bank Ltd Ord 5.00,-,13200,-,-,,
10/1/2021,NCBA Bank Ltd Ord 5.00,KES 26.00,35400,0,0.00%,,
10/1/2021,KCB Group Ltd Ord 1.00,KES 46.75,51000,-74,880,0.00%,
10/1/2021,Absa Bank Kenya Plc Ord 0.50,KES 10.50,72500,0,-0.47%,,
10/1/2021,Equity Group Holdings Ltd Ord 0.50,KES 50.50,453700,1,57,675,-0.49%
10/1/2021,The Co-operative Bank of Kenya Ltd Ord 1.00,KES 13.40,48900,0,0.37%,,
9/30/2021,KCB Group Ltd Ord 1.00,KES 46.75,42000,981,750,0.11%,
9/30/2021,NCBA Bank Ltd Ord 5.00,KES 26.00,81300,-57,600,0.97%,
9/30/2021,Equity Group Holdings Ltd Ord 0.50,KES 50.75,1837800,-4,268,75,0.00%
9/30/2021,The Co-operative Bank of Kenya Ltd Ord 1.00,KES 13.35,111900,0,2.30%,,
9/30/2021,Absa Bank Kenya Plc Ord 0.50,KES 10.55,97900,0,0.00%,,
9/29/2021,NCBA Bank Ltd Ord 5.00,KES 25.75,100200,-147,255,-3.56%,
9/29/2021,Absa Bank Kenya Plc Ord 0.50,KES 10.55,241400,0,0.00%,,
9/29/2021,The Co-operative Bank of Kenya Ltd Ord 1.00,KES 13.05,470300,0,-0.38%,,
9/29/2021,Equity Group Holdings Ltd Ord 0.50,KES 50.75,304100,-4,430,475,0.00%
9/29/2021,KCB Group Ltd Ord 1.00,KES 46.70,206100,746,960,-0.43%,
9/28/2021,KCB Group Ltd Ord 1.00,KES 46.90,88600,340,180,-0.21%,
9/28/2021,NCBA Bank Ltd Ord 5.00,KES 26.70,182200,-61,525,-2.55%,
9/28/2021,The Co-operative Bank of Kenya Ltd Ord 1.00,KES 13.10,116600,10,545,-1.13%,
9/28/2021,Equity Group Holdings Ltd Ord 0.50,KES 50.75,68700,0,0.50%,,
9/28/2021,Absa Bank Kenya Plc Ord 0.50,KES 10.55,50200,0,-0.47%,,
9/27/2021,The Co-operative Bank of Kenya Ltd Ord 1.00,KES 13.25,71100,308,370,-,
9/27/2021,Equity Group Holdings Ltd Ord 0.50,KES 50.50,126200,0,-,,
9/27/2021,Absa Bank Kenya Plc Ord 0.50,KES 10.60,3063900,-31,750,-,
9/27/2021,NCBA Bank Ltd Ord 5.00,KES 27.40,15800,0,-,,
9/27/2021,KCB Group Ltd Ord 1.00,KES 47.00,550500,-10,623,0,-
9/26/2021,The Co-operative Bank of Kenya Ltd Ord 1.00,-,71100,308,370,-,
9/26/2021,NCBA Bank Ltd Ord 5.00,-,15800,-,-,,
9/26/2021,Absa Bank Kenya Plc Ord 0.50,-,3063900,-,-,,
9/26/2021,KCB Group Ltd Ord 1.00,-,550500,-,-,,
9/26/2021,Equity Group Holdings Ltd Ord 0.50,-,126200,-,-,,
9/24/2021,KCB Group Ltd Ord 1.00,KES 47.10,3106900,7,42,310,-0.21%
9/24/2021,NCBA Bank Ltd Ord 5.00,KES 27.05,554400,0,-3.39%,,
9/24/2021,The Co-operative Bank of Kenya Ltd Ord 1.00,KES 13.20,42200,0,0.00%,,
9/24/2021,Absa Bank Kenya Plc Ord 0.50,KES 10.55,79400,0,-0.47%,,
9/24/2021,Equity Group Holdings Ltd Ord 0.50,KES 50.50,1869900,671,650,-0.49%,
9/23/2021,The Co-operative Bank of Kenya Ltd Ord 1.00,KES 13.20,540500,19,875,-2.58%,
9/23/2021,NCBA Bank Ltd Ord 5.00,KES 28.00,263000,0,0.54%,,
9/23/2021,Equity Group Holdings Ltd Ord 0.50,KES 50.75,3167500,-10,615,575,-0.98%
9/23/2021,KCB Group Ltd Ord 1.00,KES 47.20,2714500,61,390,0,0.32%
9/23/2021,Absa Bank Kenya Plc Ord 0.50,KES 10.60,893700,-140,980,0.95%,
9/22/2021,KCB Group Ltd Ord 1.00,KES 47.05,4419900,74,671,490,-1.88%
9/22/2021,Absa Bank Kenya Plc Ord 0.50,KES 10.50,50400,0,0.00%,,
9/22/2021,Equity Group Holdings Ltd Ord 0.50,KES 51.25,3843700,66,471,800,-0.97%
9/22/2021,The Co-operative Bank of Kenya Ltd Ord 1.00,KES 13.55,2816900,0,1.88%,,
9/22/2021,NCBA Bank Ltd Ord 5.00,KES 27.85,42300,0,3.34%,,
9/21/2021,KCB Group Ltd Ord 1.00,KES 47.95,361100,-6,787,200,-0.83%
9/21/2021,NCBA Bank Ltd Ord 5.00,KES 26.95,30300,0,-3.23%,,
9/21/2021,The Co-operative Bank of Kenya Ltd Ord 1.00,KES 13.30,85700,0,0.38%,,
9/21/2021,Absa Bank Kenya Plc Ord 0.50,KES 10.50,120700,0,1.45%,,
9/21/2021,Equity Group Holdings Ltd Ord 0.50,KES 51.75,122100,-1,812,750,-2.36%
9/20/2021,Absa Bank Kenya Plc Ord 0.50,KES 10.35,268100,41,400,-,
9/20/2021,KCB Group Ltd Ord 1.00,KES 48.35,710200,-3,166,625,-
9/20/2021,Equity Group Holdings Ltd Ord 0.50,KES 53.00,86800,0,-,,
9/20/2021,NCBA Bank Ltd Ord 5.00,KES 27.85,25800,0,-,,
9/20/2021,The Co-operative Bank of Kenya Ltd Ord 1.00,KES 13.25,140700,0,-,,
9/19/2021,Absa Bank Kenya Plc Ord 0.50,-,268100,41,400,-,
9/19/2021,NCBA Bank Ltd Ord 5.00,-,25800,-,-,,
9/19/2021,KCB Group Ltd Ord 1.00,-,710200,-,-,,
9/19/2021,The Co-operative Bank of Kenya Ltd Ord 1.00,-,140700,-,-,,
9/19/2021,Equity Group Holdings Ltd Ord 0.50,-,86800,-,-,,
9/17/2021,The Co-operative Bank of Kenya Ltd Ord 1.00,KES 13.50,1876700,0,3.05%,,
9/17/2021,Equity Group Holdings Ltd Ord 0.50,KES 53.25,1554000,3,140,975,2.40%
9/17/2021,KCB Group Ltd Ord 1.00,KES 48.55,1437000,41,980,675,3.41%
9/17/2021,Absa Bank Kenya Plc Ord 0.50,KES 10.35,68700,0,-0.96%,,
9/17/2021,NCBA Bank Ltd Ord 5.00,KES 27.65,479300,0,0.00%,,
9/16/2021,KCB Group Ltd Ord 1.00,KES 46.95,267700,-3,468,750,0.21%
9/16/2021,NCBA Bank Ltd Ord 5.00,KES 27.65,60900,-314,740,-0.36%,
9/16/2021,Absa Bank Kenya Plc Ord 0.50,KES 10.45,132100,-560,55,-1.42%,
9/16/2021,The Co-operative Bank of Kenya Ltd Ord 1.00,KES 13.10,225700,0,0.38%,,
9/16/2021,Equity Group Holdings Ltd Ord 0.50,KES 52.00,1205900,26,192,75,1.96%
9/15/2021,NCBA Bank Ltd Ord 5.00,KES 27.75,11900,0,-0.89%,,
9/15/2021,Equity Group Holdings Ltd Ord 0.50,KES 51.00,400000,5,100,-0.97%,
9/15/2021,The Co-operative Bank of Kenya Ltd Ord 1.00,KES 13.05,2580900,0,-2.25%,,
9/15/2021,Absa Bank Kenya Plc Ord 0.50,KES 10.60,44800,0,0.00%,,
9/15/2021,KCB Group Ltd Ord 1.00,KES 46.85,848400,21,465,855,0.21%
9/14/2021,NCBA Bank Ltd Ord 5.00,KES 28.00,26500,0,0.00%,,
9/14/2021,KCB Group Ltd Ord 1.00,KES 46.75,2084500,93,453,300,-0.11%
9/14/2021,The Co-operative Bank of Kenya Ltd Ord 1.00,KES 13.35,521400,0,-0.37%,,
9/14/2021,Equity Group Holdings Ltd Ord 0.50,KES 51.50,558700,7,694,300,-0.96%
9/14/2021,Absa Bank Kenya Plc Ord 0.50,KES 10.60,4115900,42,874,200,1.44%
9/13/2021,Equity Group Holdings Ltd Ord 0.50,KES 52.00,3312200,31,454,325,-
9/13/2021,NCBA Bank Ltd Ord 5.00,KES 28.00,42500,0,-,,
9/13/2021,The Co-operative Bank of Kenya Ltd Ord 1.00,KES 13.40,93000,0,-,,
9/13/2021,KCB Group Ltd Ord 1.00,KES 46.80,522800,-14,25,-,
9/13/2021,Absa Bank Kenya Plc Ord 0.50,KES 10.45,99900,0,-,,
9/12/2021,Equity Group Holdings Ltd Ord 0.50,-,3312200,31,454,325,-
9/12/2021,KCB Group Ltd Ord 1.00,-,522800,-,-,,
9/12/2021,The Co-operative Bank of Kenya Ltd Ord 1.00,-,93000,-,-,,
9/12/2021,Absa Bank Kenya Plc Ord 0.50,-,99900,-,-,,
9/12/2021,NCBA Bank Ltd Ord 5.00,-,42500,-,-,,
9/10/2021,The Co-operative Bank of Kenya Ltd Ord 1.00,KES 13.40,191900,0,0.37%,,
9/10/2021,Equity Group Holdings Ltd Ord 0.50,KES 51.00,2588800,39,762,800,2.31%
9/10/2021,KCB Group Ltd Ord 1.00,KES 46.60,885800,7,204,260,0.65%
9/10/2021,NCBA Bank Ltd Ord 5.00,KES 27.65,21500,27,500,0.00%,
9/10/2021,Absa Bank Kenya Plc Ord 0.50,KES 10.40,67400,0,0.97%,,
9/9/2021,KCB Group Ltd Ord 1.00,KES 46.30,1308700,43,720,370,0.00%
9/9/2021,NCBA Bank Ltd Ord 5.00,KES 27.65,139600,129,990,0.91%,
9/9/2021,Absa Bank Kenya Plc Ord 0.50,KES 10.30,1750900,15,355,640,0.00%
9/9/2021,The Co-operative Bank of Kenya Ltd Ord 1.00,KES 13.35,153600,0,-0.74%,,
9/9/2021,Equity Group Holdings Ltd Ord 0.50,KES 49.85,2164700,41,127,850,0.50%
9/8/2021,NCBA Bank Ltd Ord 5.00,KES 27.40,69700,-131,120,1.11%,
9/8/2021,Absa Bank Kenya Plc Ord 0.50,KES 10.30,581200,5,573,330,0.00%
9/8/2021,The Co-operative Bank of Kenya Ltd Ord 1.00,KES 13.45,109900,0,0.00%,,
9/8/2021,Equity Group Holdings Ltd Ord 0.50,KES 49.60,123100,1,454,265,1.12%
9/8/2021,KCB Group Ltd Ord 1.00,KES 46.30,1091000,47,278,180,-0.11%
9/7/2021,The Co-operative Bank of Kenya Ltd Ord 1.00,KES 13.45,96200,0,-0.74%,,
9/7/2021,KCB Group Ltd Ord 1.00,KES 46.35,226800,-2,107,875,0.22%
9/7/2021,Equity Group Holdings Ltd Ord 0.50,KES 49.05,2193700,196,610,-0.30%,
9/7/2021,Absa Bank Kenya Plc Ord 0.50,KES 10.30,180800,0,-0.96%,,
9/7/2021,NCBA Bank Ltd Ord 5.00,KES 27.10,30100,0,0.18%,,
9/6/2021,Equity Group Holdings Ltd Ord 0.50,KES 49.20,1739200,-55,113,585,-
9/6/2021,Absa Bank Kenya Plc Ord 0.50,KES 10.40,61100,103,500,-,
9/6/2021,KCB Group Ltd Ord 1.00,KES 46.25,183500,0,-,,
9/6/2021,NCBA Bank Ltd Ord 5.00,KES 27.05,116500,0,-,,
9/6/2021,The Co-operative Bank of Kenya Ltd Ord 1.00,KES 13.55,190700,0,-,,
9/5/2021,Absa Bank Kenya Plc Ord 0.50,-,61100,103,500,-,
9/5/2021,The Co-operative Bank of Kenya Ltd Ord 1.00,-,190700,-,-,,
9/5/2021,Equity Group Holdings Ltd Ord 0.50,-,1739200,-,-,,
9/5/2021,KCB Group Ltd Ord 1.00,-,183500,-,-,,
9/5/2021,NCBA Bank Ltd Ord 5.00,-,116500,-,-,,
9/3/2021,Absa Bank Kenya Plc Ord 0.50,KES 10.55,94500,0,0.48%,,
9/3/2021,The Co-operative Bank of Kenya Ltd Ord 1.00,KES 13.40,95700,0,-0.37%,,
9/3/2021,KCB Group Ltd Ord 1.00,KES 46.80,1129400,7,333,515,-0.74%
9/3/2021,Equity Group Holdings Ltd Ord 0.50,KES 49.90,286800,5,358,245,-3.11%
9/3/2021,NCBA Bank Ltd Ord 5.00,KES 27.20,244200,0,-2.68%,,
9/2/2021,Absa Bank Kenya Plc Ord 0.50,KES 10.50,77100,0,-3.67%,,
9/2/2021,Equity Group Holdings Ltd Ord 0.50,KES 51.50,127000,5,234,0,-1.90%
9/2/2021,NCBA Bank Ltd Ord 5.00,KES 27.95,27500,0,-0.36%,,
9/2/2021,KCB Group Ltd Ord 1.00,KES 47.15,418700,2,537,510,-1.77%
9/2/2021,The Co-operative Bank of Kenya Ltd Ord 1.00,KES 13.45,102000,6,750,-0.74%,
9/1/2021,Absa Bank Kenya Plc Ord 0.50,KES 10.90,644700,-1,686,300,-0.46%
9/1/2021,NCBA Bank Ltd Ord 5.00,KES 28.05,130900,69,750,-0.36%,
9/1/2021,The Co-operative Bank of Kenya Ltd Ord 1.00,KES 13.55,1208700,0,-0.73%,,
9/1/2021,KCB Group Ltd Ord 1.00,KES 48.00,1698400,-235,200,-1.03%,
9/1/2021,Equity Group Holdings Ltd Ord 0.50,KES 52.50,515700,7,51,525,-1.41%
8/31/2021,Equity Group Holdings Ltd Ord 0.50,KES 53.25,5330400,52,821,100,-1.39%
8/31/2021,NCBA Bank Ltd Ord 5.00,KES 28.15,193000,0,1.99%,,
8/31/2021,Absa Bank Kenya Plc Ord 0.50,KES 10.95,285300,130,305,-0.45%,
8/31/2021,KCB Group Ltd Ord 1.00,KES 48.50,2151100,-16,711,545,-0.31%
8/31/2021,The Co-operative Bank of Kenya Ltd Ord 1.00,KES 13.65,434900,231,990,-0.73%,
8/30/2021,NCBA Bank Ltd Ord 5.00,KES 27.60,155500,-831,650,-,
8/30/2021,Absa Bank Kenya Plc Ord 0.50,KES 11.00,227400,0,-,,
8/30/2021,Equity Group Holdings Ltd Ord 0.50,KES 54.00,1547900,56,633,550,-
8/30/2021,The Co-operative Bank of Kenya Ltd Ord 1.00,KES 13.75,144100,0,-,,
8/30/2021,KCB Group Ltd Ord 1.00,KES 48.65,63800,-1,681,845,-
8/29/2021,Equity Group Holdings Ltd Ord 0.50,-,1547900,56,633,550,-
8/29/2021,Absa Bank Kenya Plc Ord 0.50,-,227400,-,-,,
8/29/2021,KCB Group Ltd Ord 1.00,-,63800,-,-,,
8/29/2021,NCBA Bank Ltd Ord 5.00,-,155500,-,-,,
8/29/2021,The Co-operative Bank of Kenya Ltd Ord 1.00,-,144100,-,-,,
8/27/2021,The Co-operative Bank of Kenya Ltd Ord 1.00,KES 13.80,269200,13,800,-0.36%,
8/27/2021,Absa Bank Kenya Plc Ord 0.50,KES 11.00,647300,-330,0,0.46%,
8/27/2021,Equity Group Holdings Ltd Ord 0.50,KES 54.25,2936700,17,938,300,0.46%
8/27/2021,NCBA Bank Ltd Ord 5.00,KES 26.45,69000,0,-1.31%,,
8/27/2021,KCB Group Ltd Ord 1.00,KES 48.55,714400,-889,830,0.52%,
8/26/2021,KCB Group Ltd Ord 1.00,KES 48.30,775300,-19,45,505,0.10%
8/26/2021,Absa Bank Kenya Plc Ord 0.50,KES 10.95,5950600,32,520,0,3.79%
8/26/2021,The Co-operative Bank of Kenya Ltd Ord 1.00,KES 13.85,89300,0,-0.72%,,
8/26/2021,Equity Group Holdings Ltd Ord 0.50,KES 54.00,2646800,132,0,300,1.89%
8/26/2021,NCBA Bank Ltd Ord 5.00,KES 26.80,42900,0,0.75%,,
8/25/2021,KCB Group Ltd Ord 1.00,KES 48.25,336900,-9,95,125,0.21%
8/25/2021,Absa Bank Kenya Plc Ord 0.50,KES 10.55,613400,-4,482,700,0.00%
8/25/2021,The Co-operative Bank of Kenya Ltd Ord 1.00,KES 13.95,183000,1,400,0,1.09%
8/25/2021,NCBA Bank Ltd Ord 5.00,KES 26.60,31400,0,-2.03%,,
8/25/2021,Equity Group Holdings Ltd Ord 0.50,KES 53.00,778500,3,969,700,0.00%
8/24/2021,The Co-operative Bank of Kenya Ltd Ord 1.00,KES 13.80,183000,1,386,245,0.73%
8/24/2021,KCB Group Ltd Ord 1.00,KES 48.15,111000,993,750,0.31%,
8/24/2021,Absa Bank Kenya Plc Ord 0.50,KES 10.55,300000,0,2.43%,,
8/24/2021,Equity Group Holdings Ltd Ord 0.50,KES 53.00,1715000,-31,828,600,0.00%
8/24/2021,NCBA Bank Ltd Ord 5.00,KES 27.15,41900,0,0.74%,,
8/23/2021,NCBA Bank Ltd Ord 5.00,KES 26.95,129200,0,-,,
8/23/2021,Equity Group Holdings Ltd Ord 0.50,KES 53.00,2471900,2,504,700,-
8/23/2021,Absa Bank Kenya Plc Ord 0.50,KES 10.30,2686000,0,-,,
8/23/2021,KCB Group Ltd Ord 1.00,KES 48.00,1049400,-41,404,115,-
8/23/2021,The Co-operative Bank of Kenya Ltd Ord 1.00,KES 13.70,3787200,0,-,,
8/22/2021,Equity Group Holdings Ltd Ord 0.50,-,2471900,2,504,700,-
8/22/2021,KCB Group Ltd Ord 1.00,-,1049400,-,-,,
8/22/2021,The Co-operative Bank of Kenya Ltd Ord 1.00,-,3787200,-,-,,
8/22/2021,NCBA Bank Ltd Ord 5.00,-,129200,-,-,,
8/22/2021,Absa Bank Kenya Plc Ord 0.50,-,2686000,-,-,,
8/20/2021,Equity Group Holdings Ltd Ord 0.50,KES 52.50,2362400,56,428,850,0.48%
8/20/2021,KCB Group Ltd Ord 1.00,KES 47.95,1749000,72,0,0,-0.42%
8/20/2021,The Co-operative Bank of Kenya Ltd Ord 1.00,KES 13.70,152000,0,0.00%,,
8/20/2021,NCBA Bank Ltd Ord 5.00,KES 27.10,7100,0,0.18%,,
8/20/2021,Absa Bank Kenya Plc Ord 0.50,KES 10.15,88600,0,-0.98%,,
8/19/2021,The Co-operative Bank of Kenya Ltd Ord 1.00,KES 13.70,158700,0,-0.36%,,
8/19/2021,Equity Group Holdings Ltd Ord 0.50,KES 52.25,1142600,-19,716,125,-3.24%
8/19/2021,NCBA Bank Ltd Ord 5.00,KES 27.05,59900,2,680,3.44%,
8/19/2021,Absa Bank Kenya Plc Ord 0.50,KES 10.25,20100,6,180,0.99%,
8/19/2021,KCB Group Ltd Ord 1.00,KES 48.15,501700,9,610,-3.12%,
8/18/2021,KCB Group Ltd Ord 1.00,KES 49.70,540700,4,864,910,-0.40%
8/18/2021,The Co-operative Bank of Kenya Ltd Ord 1.00,KES 13.75,661200,0,0.36%,,
8/18/2021,Absa Bank Kenya Plc Ord 0.50,KES 10.15,249100,11,205,1.50%,
8/18/2021,Equity Group Holdings Ltd Ord 0.50,KES 54.00,3858700,4,871,250,1.89%
8/18/2021,NCBA Bank Ltd Ord 5.00,KES 26.15,75800,15,870,2.95%,
8/17/2021,Equity Group Holdings Ltd Ord 0.50,KES 53.00,958800,-7,244,500,3.92%
8/17/2021,NCBA Bank Ltd Ord 5.00,KES 25.40,394000,0,0.40%,,
8/17/2021,The Co-operative Bank of Kenya Ltd Ord 1.00,KES 13.70,1002000,27,100,-0.72%,
8/17/2021,Absa Bank Kenya Plc Ord 0.50,KES 10.00,647000,111,100,2.04%,
8/17/2021,KCB Group Ltd Ord 1.00,KES 49.90,1081700,-667,450,3.74%,
8/16/2021,NCBA Bank Ltd Ord 5.00,KES 25.30,79900,0,-,,
8/16/2021,Equity Group Holdings Ltd Ord 0.50,KES 51.00,181900,679,0,-,
8/16/2021,Absa Bank Kenya Plc Ord 0.50,KES 9.80,84300,-522,340,-,
8/16/2021,The Co-operative Bank of Kenya Ltd Ord 1.00,KES 13.80,165100,-484,380,-,
8/16/2021,KCB Group Ltd Ord 1.00,KES 48.10,1088700,-39,508,735,-
8/15/2021,Equity Group Holdings Ltd Ord 0.50,-,181900,679,0,-,
8/15/2021,NCBA Bank Ltd Ord 5.00,-,79900,-,-,,
8/15/2021,The Co-operative Bank of Kenya Ltd Ord 1.00,-,165100,-,-,,
8/15/2021,Absa Bank Kenya Plc Ord 0.50,-,84300,-,-,,
8/15/2021,KCB Group Ltd Ord 1.00,-,1088700,-,-,,
8/13/2021,The Co-operative Bank of Kenya Ltd Ord 1.00,KES 13.80,5360600,4,97,755,0.73%
8/13/2021,Absa Bank Kenya Plc Ord 0.50,KES 9.78,76300,0,0.20%,,
8/13/2021,KCB Group Ltd Ord 1.00,KES 47.15,915400,34,641,100,0.53%
8/13/2021,Equity Group Holdings Ltd Ord 0.50,KES 51.00,846500,28,277,475,1.49%
8/13/2021,NCBA Bank Ltd Ord 5.00,KES 25.40,73300,0,1.20%,,
8/12/2021,The Co-operative Bank of Kenya Ltd Ord 1.00,KES 13.70,61500,-127,875,-0.36%,
8/12/2021,Equity Group Holdings Ltd Ord 0.50,KES 50.25,1155900,3,467,250,0.00%
8/12/2021,Absa Bank Kenya Plc Ord 0.50,KES 9.76,118300,30,442,-1.61%,
8/12/2021,KCB Group Ltd Ord 1.00,KES 46.90,1016700,-8,689,320,0.64%
8/12/2021,NCBA Bank Ltd Ord 5.00,KES 25.10,61300,0,-1.38%,,
8/11/2021,Equity Group Holdings Ltd Ord 0.50,KES 50.25,903800,-4,788,825,0.00%
8/11/2021,NCBA Bank Ltd Ord 5.00,KES 25.45,163300,0,-0.20%,,
8/11/2021,Absa Bank Kenya Plc Ord 0.50,KES 9.92,179000,-2,940,1.22%,
8/11/2021,The Co-operative Bank of Kenya Ltd Ord 1.00,KES 13.75,127300,-549,110,-0.36%,
8/11/2021,KCB Group Ltd Ord 1.00,KES 46.60,1027000,-14,855,0.32%,
8/10/2021,Absa Bank Kenya Plc Ord 0.50,KES 9.80,222500,1,176,0,0.00%
8/10/2021,The Co-operative Bank of Kenya Ltd Ord 1.00,KES 13.80,7795300,11,197,430,1.10%
8/10/2021,NCBA Bank Ltd Ord 5.00,KES 25.50,318700,30,720,-1.35%,
8/10/2021,KCB Group Ltd Ord 1.00,KES 46.45,123500,0,-0.32%,,
8/10/2021,Equity Group Holdings Ltd Ord 0.50,KES 50.25,549000,234,375,0.00%,
8/9/2021,NCBA Bank Ltd Ord 5.00,KES 25.85,44200,-31,240,-,
8/9/2021,KCB Group Ltd Ord 1.00,KES 46.60,1406500,-44,466,870,-
8/9/2021,Equity Group Holdings Ltd Ord 0.50,KES 50.25,1069400,-6,765,775,-
8/9/2021,Absa Bank Kenya Plc Ord 0.50,KES 9.80,622700,4,836,300,-
8/9/2021,The Co-operative Bank of Kenya Ltd Ord 1.00,KES 13.65,63400,0,-,,
8/8/2021,Absa Bank Kenya Plc Ord 0.50,-,622700,4,836,300,-
8/8/2021,The Co-operative Bank of Kenya Ltd Ord 1.00,-,63400,-,-,,
8/8/2021,Equity Group Holdings Ltd Ord 0.50,-,1069400,-,-,,
8/8/2021,KCB Group Ltd Ord 1.00,-,1406500,-,-,,
8/8/2021,NCBA Bank Ltd Ord 5.00,-,44200,-,-,,
8/6/2021,NCBA Bank Ltd Ord 5.00,KES 26.20,29400,2,600,0.00%,
8/6/2021,Equity Group Holdings Ltd Ord 0.50,KES 50.00,1032800,17,27,480,1.21%
8/6/2021,KCB Group Ltd Ord 1.00,KES 46.75,1009100,0,0.65%,,
8/6/2021,Absa Bank Kenya Plc Ord 0.50,KES 9.80,635400,-12,974,-0.20%,
8/6/2021,The Co-operative Bank of Kenya Ltd Ord 1.00,KES 13.65,619900,697,250,0.74%,
8/5/2021,KCB Group Ltd Ord 1.00,KES 46.45,366300,0,0.54%,,
8/5/2021,Equity Group Holdings Ltd Ord 0.50,KES 49.40,65100,647,510,0.61%,
8/5/2021,Absa Bank Kenya Plc Ord 0.50,KES 9.82,35600,-52,894,0.61%,
8/5/2021,NCBA Bank Ltd Ord 5.00,KES 26.20,6800,0,-0.19%,,
8/5/2021,The Co-operative Bank of Kenya Ltd Ord 1.00,KES 13.55,129000,0,0.74%,,
8/4/2021,The Co-operative Bank of Kenya Ltd Ord 1.00,KES 13.45,83500,585,105,-0.74%,
8/4/2021,KCB Group Ltd Ord 1.00,KES 46.20,156300,873,750,0.54%,
8/4/2021,Equity Group Holdings Ltd Ord 0.50,KES 49.10,331000,9,223,990,0.20%
8/4/2021,Absa Bank Kenya Plc Ord 0.50,KES 9.76,59800,-45,908,-0.61%,
8/4/2021,NCBA Bank Ltd Ord 5.00,KES 26.25,16900,106,200,-1.50%,
8/3/2021,KCB Group Ltd Ord 1.00,KES 45.95,1162500,-11,185,730,0.55%
8/3/2021,The Co-operative Bank of Kenya Ltd Ord 1.00,KES 13.55,306000,15,840,0.37%,
8/3/2021,NCBA Bank Ltd Ord 5.00,KES 26.65,36600,0,0.57%,,
8/3/2021,Equity Group Holdings Ltd Ord 0.50,KES 49.00,146700,5,300,790,0.20%
8/3/2021,Absa Bank Kenya Plc Ord 0.50,KES 9.82,124800,-28,748,-1.01%,
8/2/2021,NCBA Bank Ltd Ord 5.00,KES 26.50,22300,0,-,,
8/2/2021,KCB Group Ltd Ord 1.00,KES 45.70,126300,0,-,,
8/2/2021,The Co-operative Bank of Kenya Ltd Ord 1.00,KES 13.50,73000,10,800,-,
8/2/2021,Absa Bank Kenya Plc Ord 0.50,KES 9.92,67700,0,-,,
8/2/2021,Equity Group Holdings Ltd Ord 0.50,KES 48.90,215900,3,114,810,-
8/1/2021,Equity Group Holdings Ltd Ord 0.50,-,215900,3,114,810,-
8/1/2021,The Co-operative Bank of Kenya Ltd Ord 1.00,-,73000,10,800,-,
8/1/2021,Absa Bank Kenya Plc Ord 0.50,-,67700,-,-,,
8/1/2021,KCB Group Ltd Ord 1.00,-,126300,-,-,,
8/1/2021,NCBA Bank Ltd Ord 5.00,-,22300,-,-,,
7/30/2021,KCB Group Ltd Ord 1.00,KES 45.70,1523000,-2,29,220,0.22%
7/30/2021,The Co-operative Bank of Kenya Ltd Ord 1.00,KES 13.55,74900,0,0.00%,,
7/30/2021,NCBA Bank Ltd Ord 5.00,KES 26.55,34100,0,-0.75%,,
7/30/2021,Equity Group Holdings Ltd Ord 0.50,KES 48.90,1874000,14,977,320,-0.41%
7/30/2021,Absa Bank Kenya Plc Ord 0.50,KES 9.94,266100,0,0.00%,,
7/29/2021,Absa Bank Kenya Plc Ord 0.50,KES 9.94,2023800,0,0.61%,,
7/29/2021,KCB Group Ltd Ord 1.00,KES 45.60,1882400,49,937,610,0.55%
7/29/2021,The Co-operative Bank of Kenya Ltd Ord 1.00,KES 13.55,1907600,0,0.37%,,
7/29/2021,Equity Group Holdings Ltd Ord 0.50,KES 49.10,351200,13,823,795,1.97%
7/29/2021,NCBA Bank Ltd Ord 5.00,KES 26.75,30000,0,-0.19%,,
7/28/2021,KCB Group Ltd Ord 1.00,KES 45.35,464900,0,0.78%,,
7/28/2021,Equity Group Holdings Ltd Ord 0.50,KES 48.15,168300,3,99,190,-0.72%
7/28/2021,Absa Bank Kenya Plc Ord 0.50,KES 9.88,642000,5,607,444,1.44%
7/28/2021,NCBA Bank Ltd Ord 5.00,KES 26.80,56200,-159,0,1.52%,
7/28/2021,The Co-operative Bank of Kenya Ltd Ord 1.00,KES 13.50,468600,-20,180,0.37%,
7/27/2021,Equity Group Holdings Ltd Ord 0.50,KES 48.50,294300,9,548,225,0.31%
7/27/2021,KCB Group Ltd Ord 1.00,KES 45.00,1537300,-8,788,485,0.45%
7/27/2021,NCBA Bank Ltd Ord 5.00,KES 26.40,36300,0,1.15%,,
7/27/2021,Absa Bank Kenya Plc Ord 0.50,KES 9.74,61700,0,0.83%,,
7/27/2021,The Co-operative Bank of Kenya Ltd Ord 1.00,KES 13.45,537900,-5,707,800,2.28%
7/26/2021,KCB Group Ltd Ord 1.00,KES 44.80,238700,22,450,-,
7/26/2021,Absa Bank Kenya Plc Ord 0.50,KES 9.66,70600,38,950,-,
7/26/2021,Equity Group Holdings Ltd Ord 0.50,KES 48.35,176000,8,65,505,-
7/26/2021,The Co-operative Bank of Kenya Ltd Ord 1.00,KES 13.15,93300,0,-,,
7/26/2021,NCBA Bank Ltd Ord 5.00,KES 26.10,29900,130,0,-,
7/25/2021,Absa Bank Kenya Plc Ord 0.50,-,70600,38,950,-,
7/25/2021,Equity Group Holdings Ltd Ord 0.50,-,176000,8,65,505,-
7/25/2021,KCB Group Ltd Ord 1.00,-,238700,22,450,-,
7/25/2021,NCBA Bank Ltd Ord 5.00,-,29900,130,0,-,
7/25/2021,The Co-operative Bank of Kenya Ltd Ord 1.00,-,93300,-,-,,
7/23/2021,NCBA Bank Ltd Ord 5.00,KES 26.15,29900,0,1.16%,,
7/23/2021,KCB Group Ltd Ord 1.00,KES 44.55,476900,0,-0.45%,,
7/23/2021,Equity Group Holdings Ltd Ord 0.50,KES 47.85,38900,-28,700,-0.31%,
7/23/2021,Absa Bank Kenya Plc Ord 0.50,KES 9.86,12800,0,-0.20%,,
7/23/2021,The Co-operative Bank of Kenya Ltd Ord 1.00,KES 13.10,122700,0,-2.60%,,
7/22/2021,NCBA Bank Ltd Ord 5.00,KES 25.85,5100,0,-0.58%,,
7/22/2021,KCB Group Ltd Ord 1.00,KES 44.75,98600,192,640,0.00%,
7/22/2021,Absa Bank Kenya Plc Ord 0.50,KES 9.88,43600,0,-1.00%,,
7/22/2021,Equity Group Holdings Ltd Ord 0.50,KES 48.00,60200,115,260,-0.62%,
7/22/2021,The Co-operative Bank of Kenya Ltd Ord 1.00,KES 13.45,44300,0,1.89%,,
7/21/2021,Equity Group Holdings Ltd Ord 0.50,KES 48.30,2484800,-7,101,250,-
7/21/2021,Absa Bank Kenya Plc Ord 0.50,KES 9.98,130700,0,-,,
7/21/2021,NCBA Bank Ltd Ord 5.00,KES 26.00,23500,0,-,,
7/21/2021,The Co-operative Bank of Kenya Ltd Ord 1.00,KES 13.20,121100,0,-,,
7/21/2021,KCB Group Ltd Ord 1.00,KES 44.75,1884100,-50,375,55,-
7/20/2021,NCBA Bank Ltd Ord 5.00,-,23500,-,-,,
7/20/2021,Equity Group Holdings Ltd Ord 0.50,-,2484800,-,-,,
7/20/2021,Absa Bank Kenya Plc Ord 0.50,-,130700,-,-,,
7/20/2021,The Co-operative Bank of Kenya Ltd Ord 1.00,-,121100,-,-,,
7/20/2021,KCB Group Ltd Ord 1.00,-,1884100,-,-,,
7/19/2021,Absa Bank Kenya Plc Ord 0.50,KES 10.00,710000,6,787,0,-
7/19/2021,Equity Group Holdings Ltd Ord 0.50,KES 48.55,1476900,-12,129,890,-
7/19/2021,KCB Group Ltd Ord 1.00,KES 44.75,137600,-1,212,775,-
7/19/2021,The Co-operative Bank of Kenya Ltd Ord 1.00,KES 13.45,731900,0,-,,
7/19/2021,NCBA Bank Ltd Ord 5.00,KES 25.65,88300,0,-,,
7/18/2021,Absa Bank Kenya Plc Ord 0.50,-,710000,6,787,0,-
7/18/2021,The Co-operative Bank of Kenya Ltd Ord 1.00,-,731900,-,-,,
7/18/2021,KCB Group Ltd Ord 1.00,-,137600,-,-,,
7/18/2021,NCBA Bank Ltd Ord 5.00,-,88300,-,-,,
7/18/2021,Equity Group Holdings Ltd Ord 0.50,-,1476900,-,-,,
7/16/2021,Absa Bank Kenya Plc Ord 0.50,KES 10.00,344400,3,200,658,0.00%
7/16/2021,KCB Group Ltd Ord 1.00,KES 44.85,52700,89,600,-0.22%,
7/16/2021,The Co-operative Bank of Kenya Ltd Ord 1.00,KES 13.50,598500,415,800,-0.37%,
7/16/2021,NCBA Bank Ltd Ord 5.00,KES 25.95,65300,7,875,1.17%,
7/16/2021,Equity Group Holdings Ltd Ord 0.50,KES 48.55,1411200,7,343,945,0.00%
7/15/2021,The Co-operative Bank of Kenya Ltd Ord 1.00,KES 13.55,62000,0,-0.37%,,
7/15/2021,KCB Group Ltd Ord 1.00,KES 44.95,378400,8,536,500,0.78%
7/15/2021,Absa Bank Kenya Plc Ord 0.50,KES 10.00,49900,0,0.60%,,
7/15/2021,NCBA Bank Ltd Ord 5.00,KES 25.65,22000,0,-0.19%,,
7/15/2021,Equity Group Holdings Ltd Ord 0.50,KES 48.55,102700,3,43,650,0.94%
7/14/2021,NCBA Bank Ltd Ord 5.00,KES 25.70,18100,0,-0.19%,,
7/14/2021,The Co-operative Bank of Kenya Ltd Ord 1.00,KES 13.60,349400,0,-0.73%,,
7/14/2021,Equity Group Holdings Ltd Ord 0.50,KES 48.10,2559900,15,117,495,0.21%
7/14/2021,KCB Group Ltd Ord 1.00,KES 44.60,199400,2,804,160,-0.34%
7/14/2021,Absa Bank Kenya Plc Ord 0.50,KES 9.94,444400,0,-0.60%,,
7/13/2021,Equity Group Holdings Ltd Ord 0.50,KES 48.00,285200,3,527,500,-1.34%
7/13/2021,KCB Group Ltd Ord 1.00,KES 44.75,1518300,41,968,280,0.00%
7/13/2021,NCBA Bank Ltd Ord 5.00,KES 25.75,30700,0,0.98%,,
7/13/2021,Absa Bank Kenya Plc Ord 0.50,KES 10.00,109100,0,-0.99%,,
7/13/2021,The Co-operative Bank of Kenya Ltd Ord 1.00,KES 13.70,53200,68,500,1.11%,
7/12/2021,KCB Group Ltd Ord 1.00,KES 44.75,328900,-5,134,530,-
7/12/2021,Equity Group Holdings Ltd Ord 0.50,KES 48.65,185800,2,888,140,-
7/12/2021,NCBA Bank Ltd Ord 5.00,KES 25.50,202800,0,-,,
7/12/2021,The Co-operative Bank of Kenya Ltd Ord 1.00,KES 13.55,69800,0,-,,
7/12/2021,Absa Bank Kenya Plc Ord 0.50,KES 10.10,142200,0,-,,
7/11/2021,Equity Group Holdings Ltd Ord 0.50,-,185800,2,888,140,-
7/11/2021,NCBA Bank Ltd Ord 5.00,-,202800,-,-,,
7/11/2021,The Co-operative Bank of Kenya Ltd Ord 1.00,-,69800,-,-,,
7/11/2021,Absa Bank Kenya Plc Ord 0.50,-,142200,-,-,,
7/11/2021,KCB Group Ltd Ord 1.00,-,328900,-,-,,
7/9/2021,KCB Group Ltd Ord 1.00,KES 45.50,1263400,-1,902,790,0.00%
7/9/2021,NCBA Bank Ltd Ord 5.00,KES 26.00,25600,0,1.56%,,
7/9/2021,The Co-operative Bank of Kenya Ltd Ord 1.00,KES 13.50,416500,-313,695,-0.74%,
7/9/2021,Equity Group Holdings Ltd Ord 0.50,KES 49.00,3436300,-58,80,30,0.00%
7/9/2021,Absa Bank Kenya Plc Ord 0.50,KES 10.05,2958300,29,201,0,0.50%
7/8/2021,KCB Group Ltd Ord 1.00,KES 45.50,1649300,-18,465,160,3.88%
7/8/2021,Absa Bank Kenya Plc Ord 0.50,KES 10.00,355100,0,0.00%,,
7/8/2021,Equity Group Holdings Ltd Ord 0.50,KES 49.00,1891000,1,337,210,3.05%
7/8/2021,NCBA Bank Ltd Ord 5.00,KES 25.60,64400,0,0.39%,,
7/8/2021,The Co-operative Bank of Kenya Ltd Ord 1.00,KES 13.60,323300,626,400,0.37%,
7/7/2021,The Co-operative Bank of Kenya Ltd Ord 1.00,KES 13.55,230800,704,700,0.37%,
7/7/2021,Absa Bank Kenya Plc Ord 0.50,KES 10.00,222400,0,3.31%,,
7/7/2021,KCB Group Ltd Ord 1.00,KES 43.80,145700,48,400,1.98%,
7/7/2021,Equity Group Holdings Ltd Ord 0.50,KES 47.55,2101700,7,364,610,1.60%
7/7/2021,NCBA Bank Ltd Ord 5.00,KES 25.50,40600,0,0.39%,,
7/6/2021,Equity Group Holdings Ltd Ord 0.50,KES 46.80,511700,2,317,5,0.65%
7/6/2021,The Co-operative Bank of Kenya Ltd Ord 1.00,KES 13.50,262300,2,337,560,0.00%
7/6/2021,KCB Group Ltd Ord 1.00,KES 42.95,90400,0,0.59%,,
7/6/2021,NCBA Bank Ltd Ord 5.00,KES 25.40,54100,0,0.40%,,
7/6/2021,Absa Bank Kenya Plc Ord 0.50,KES 9.68,394500,1,960,2.76%,
7/5/2021,The Co-operative Bank of Kenya Ltd Ord 1.00,KES 13.50,382500,947,630,-,
7/5/2021,Equity Group Holdings Ltd Ord 0.50,KES 46.50,842000,19,483,840,-
7/5/2021,KCB Group Ltd Ord 1.00,KES 42.70,51000,4,290,-,
7/5/2021,Absa Bank Kenya Plc Ord 0.50,KES 9.42,3148600,206,560,-,
7/5/2021,NCBA Bank Ltd Ord 5.00,KES 25.30,56500,198,900,-,
7/4/2021,Equity Group Holdings Ltd Ord 0.50,-,842000,19,483,840,-
7/4/2021,Absa Bank Kenya Plc Ord 0.50,-,3148600,206,560,-,
7/4/2021,KCB Group Ltd Ord 1.00,-,51000,4,290,-,
7/4/2021,The Co-operative Bank of Kenya Ltd Ord 1.00,-,382500,947,630,-,
7/4/2021,NCBA Bank Ltd Ord 5.00,-,56500,198,900,-,
7/2/2021,Equity Group Holdings Ltd Ord 0.50,KES 46.70,958500,-2,566,490,4.12%
7/2/2021,Absa Bank Kenya Plc Ord 0.50,KES 9.40,1238200,-10,358,700,-2.08%
7/2/2021,NCBA Bank Ltd Ord 5.00,KES 25.00,8800,0,-1.96%,,
7/2/2021,The Co-operative Bank of Kenya Ltd Ord 1.00,KES 13.40,54000,0,-3.25%,,
7/2/2021,KCB Group Ltd Ord 1.00,KES 42.50,1917400,-36,567,0,0.00%
7/1/2021,Absa Bank Kenya Plc Ord 0.50,KES 9.60,55100,0,-3.23%,,
7/1/2021,NCBA Bank Ltd Ord 5.00,KES 25.50,283400,0,0.00%,,
7/1/2021,Equity Group Holdings Ltd Ord 0.50,KES 44.85,104500,4,265,5,0.22%
7/1/2021,KCB Group Ltd Ord 1.00,KES 42.50,1257700,-16,765,330,-0.35%
7/1/2021,The Co-operative Bank of Kenya Ltd Ord 1.00,KES 13.85,6131100,-165,0.36%,,
6/30/2021,Absa Bank Kenya Plc Ord 0.50,KES 9.92,134900,0,-0.80%,,
6/30/2021,KCB Group Ltd Ord 1.00,KES 42.65,349900,-9,89,500,-2.18%
6/30/2021,The Co-operative Bank of Kenya Ltd Ord 1.00,KES 13.80,1746400,1,940,940,2.99%
6/30/2021,NCBA Bank Ltd Ord 5.00,KES 25.50,9800,0,0.20%,,
6/30/2021,Equity Group Holdings Ltd Ord 0.50,KES 44.75,1321800,2,616,800,-3.35%
6/29/2021,Absa Bank Kenya Plc Ord 0.50,KES 10.00,75000,50,0,0.00%,
6/29/2021,Equity Group Holdings Ltd Ord 0.50,KES 46.30,1547300,48,135,830,-0.75%
6/29/2021,KCB Group Ltd Ord 1.00,KES 43.60,217400,-3,731,220,-0.91%
6/29/2021,NCBA Bank Ltd Ord 5.00,KES 25.45,32900,0,-0.39%,,
6/29/2021,The Co-operative Bank of Kenya Ltd Ord 1.00,KES 13.40,824600,0,1.90%,,
6/28/2021,NCBA Bank Ltd Ord 5.00,KES 25.55,32200,0,-,,
6/28/2021,The Co-operative Bank of Kenya Ltd Ord 1.00,KES 13.15,193800,0,-,,
6/28/2021,Equity Group Holdings Ltd Ord 0.50,KES 46.65,4158000,189,431,915,-
6/28/2021,KCB Group Ltd Ord 1.00,KES 44.00,175700,-5,680,500,-
6/28/2021,Absa Bank Kenya Plc Ord 0.50,KES 10.00,27000,0,-,,
6/27/2021,Equity Group Holdings Ltd Ord 0.50,-,4158000,189,431,915,-
6/27/2021,NCBA Bank Ltd Ord 5.00,-,32200,-,-,,
6/27/2021,The Co-operative Bank of Kenya Ltd Ord 1.00,-,193800,-,-,,
6/27/2021,Absa Bank Kenya Plc Ord 0.50,-,27000,-,-,,
6/27/2021,KCB Group Ltd Ord 1.00,-,175700,-,-,,
6/25/2021,Equity Group Holdings Ltd Ord 0.50,KES 46.60,3492600,123,951,480,1.97%
6/25/2021,Absa Bank Kenya Plc Ord 0.50,KES 9.92,83600,0,0.40%,,
6/25/2021,The Co-operative Bank of Kenya Ltd Ord 1.00,KES 13.00,450300,0,2.36%,,
6/25/2021,NCBA Bank Ltd Ord 5.00,KES 25.15,72500,0,0.60%,,
6/25/2021,KCB Group Ltd Ord 1.00,KES 43.85,1749300,-32,945,155,0.46%
6/24/2021,The Co-operative Bank of Kenya Ltd Ord 1.00,KES 12.70,159700,0,2.42%,,
6/24/2021,Absa Bank Kenya Plc Ord 0.50,KES 9.88,97800,331,60,-2.18%,
6/24/2021,Equity Group Holdings Ltd Ord 0.50,KES 45.70,726100,26,480,865,0.33%
6/24/2021,NCBA Bank Ltd Ord 5.00,KES 25.00,84600,0,-1.57%,,
6/24/2021,KCB Group Ltd Ord 1.00,KES 43.65,1956600,32,424,985,0.69%
6/23/2021,Absa Bank Kenya Plc Ord 0.50,KES 10.10,439000,219,40,-0.49%,
6/23/2021,KCB Group Ltd Ord 1.00,KES 43.35,1385100,-30,714,130,0.23%
6/23/2021,Equity Group Holdings Ltd Ord 0.50,KES 45.55,448300,7,66,65,0.00%
6/23/2021,NCBA Bank Ltd Ord 5.00,KES 25.40,53000,0,-0.20%,,
6/23/2021,The Co-operative Bank of Kenya Ltd Ord 1.00,KES 12.40,827300,-4,269,530,0.81%
6/22/2021,The Co-operative Bank of Kenya Ltd Ord 1.00,KES 12.30,5465100,-7,365,0,1.65%
6/22/2021,Equity Group Holdings Ltd Ord 0.50,KES 45.55,5975800,143,450,165,0.89%
6/22/2021,NCBA Bank Ltd Ord 5.00,KES 25.45,686200,0,0.00%,,
6/22/2021,KCB Group Ltd Ord 1.00,KES 43.25,3252900,23,14,375,0.58%
6/22/2021,Absa Bank Kenya Plc Ord 0.50,KES 10.15,243700,0,-0.49%,,
6/21/2021,The Co-operative Bank of Kenya Ltd Ord 1.00,KES 12.10,289900,-835,70,-,
6/21/2021,Absa Bank Kenya Plc Ord 0.50,KES 10.20,274500,-201,990,-,
6/21/2021,Equity Group Holdings Ltd Ord 0.50,KES 45.15,991700,21,169,975,-
6/21/2021,NCBA Bank Ltd Ord 5.00,KES 25.45,5100,0,-,,
6/21/2021,KCB Group Ltd Ord 1.00,KES 43.00,2222800,62,632,160,-
6/20/2021,Equity Group Holdings Ltd Ord 0.50,-,991700,21,169,975,-
6/20/2021,KCB Group Ltd Ord 1.00,-,2222800,62,632,160,-
6/20/2021,Absa Bank Kenya Plc Ord 0.50,-,274500,-,-,,
6/20/2021,The Co-operative Bank of Kenya Ltd Ord 1.00,-,289900,-,-,,
6/20/2021,NCBA Bank Ltd Ord 5.00,-,5100,-,-,,
6/18/2021,Absa Bank Kenya Plc Ord 0.50,KES 10.10,73100,15,225,0.00%,
6/18/2021,Equity Group Holdings Ltd Ord 0.50,KES 44.75,2226300,78,306,160,0.90%
6/18/2021,The Co-operative Bank of Kenya Ltd Ord 1.00,KES 12.25,99600,-659,280,0.00%,
6/18/2021,NCBA Bank Ltd Ord 5.00,KES 25.60,40400,0,-1.35%,,
6/18/2021,KCB Group Ltd Ord 1.00,KES 42.55,359600,-12,573,525,0.00%
6/17/2021,Equity Group Holdings Ltd Ord 0.50,KES 44.35,3651900,4,766,375,0.57%
6/17/2021,KCB Group Ltd Ord 1.00,KES 42.55,153500,187,220,0.12%,
6/17/2021,Absa Bank Kenya Plc Ord 0.50,KES 10.10,289000,0,0.50%,,
6/17/2021,NCBA Bank Ltd Ord 5.00,KES 25.95,209000,0,0.00%,,
6/17/2021,The Co-operative Bank of Kenya Ltd Ord 1.00,KES 12.25,89600,0,-0.41%,,
6/16/2021,KCB Group Ltd Ord 1.00,KES 42.50,394800,0,0.24%,,
6/16/2021,Equity Group Holdings Ltd Ord 0.50,KES 44.10,1135800,165,555,-0.11%,
6/16/2021,NCBA Bank Ltd Ord 5.00,KES 25.95,15000,0,-1.14%,,
6/16/2021,Absa Bank Kenya Plc Ord 0.50,KES 10.05,288500,0,-0.50%,,
6/16/2021,The Co-operative Bank of Kenya Ltd Ord 1.00,KES 12.30,1219400,0,0.00%,,
6/15/2021,Equity Group Holdings Ltd Ord 0.50,KES 44.15,1340400,23,242,705,0.57%
6/15/2021,NCBA Bank Ltd Ord 5.00,KES 26.25,11600,0,-0.57%,,
6/15/2021,Absa Bank Kenya Plc Ord 0.50,KES 10.10,233500,-123,415,-1.46%,
6/15/2021,The Co-operative Bank of Kenya Ltd Ord 1.00,KES 12.30,2393100,-3,280,400,1.23%
6/15/2021,KCB Group Ltd Ord 1.00,KES 42.40,510100,420,255,0.00%,
6/14/2021,NCBA Bank Ltd Ord 5.00,KES 26.40,55900,0,-,,
6/14/2021,KCB Group Ltd Ord 1.00,KES 42.40,230600,-2,564,765,-
6/14/2021,Equity Group Holdings Ltd Ord 0.50,KES 43.90,1413700,849,75,-,
6/14/2021,The Co-operative Bank of Kenya Ltd Ord 1.00,KES 12.15,101300,0,-,,
6/14/2021,Absa Bank Kenya Plc Ord 0.50,KES 10.25,5650400,-9,912,700,-
6/13/2021,Equity Group Holdings Ltd Ord 0.50,-,1413700,849,75,-,
6/13/2021,KCB Group Ltd Ord 1.00,-,230600,-,-,,
6/13/2021,NCBA Bank Ltd Ord 5.00,-,55900,-,-,,
6/13/2021,The Co-operative Bank of Kenya Ltd Ord 1.00,-,101300,-,-,,
6/13/2021,Absa Bank Kenya Plc Ord 0.50,-,5650400,-,-,,
6/11/2021,NCBA Bank Ltd Ord 5.00,KES 26.30,6400,0,1.15%,,
6/11/2021,Equity Group Holdings Ltd Ord 0.50,KES 44.05,2649700,11,253,805,-0.23%
6/11/2021,KCB Group Ltd Ord 1.00,KES 42.60,263900,-3,678,640,-0.58%
6/11/2021,The Co-operative Bank of Kenya Ltd Ord 1.00,KES 12.30,343500,-2,953,440,0.00%
6/11/2021,Absa Bank Kenya Plc Ord 0.50,KES 10.10,72800,0,0.00%,,
6/10/2021,Absa Bank Kenya Plc Ord 0.50,KES 10.10,78500,0,1.00%,,
6/10/2021,NCBA Bank Ltd Ord 5.00,KES 26.00,54482600,0,-0.95%,,
6/10/2021,KCB Group Ltd Ord 1.00,KES 42.85,438400,-1,500,700,-0.23%
6/10/2021,The Co-operative Bank of Kenya Ltd Ord 1.00,KES 12.30,220500,1,229,695,0.41%
6/10/2021,Equity Group Holdings Ltd Ord 0.50,KES 44.15,2145500,-6,830,265,0.34%
6/9/2021,NCBA Bank Ltd Ord 5.00,KES 26.25,10000,0,0.96%,,
6/9/2021,Absa Bank Kenya Plc Ord 0.50,KES 10.00,189200,0,0.60%,,
6/9/2021,Equity Group Holdings Ltd Ord 0.50,KES 44.00,2660700,11,578,655,0.11%
6/9/2021,KCB Group Ltd Ord 1.00,KES 42.95,473200,0,1.06%,,
6/9/2021,The Co-operative Bank of Kenya Ltd Ord 1.00,KES 12.25,188900,218,390,-0.41%,
6/8/2021,KCB Group Ltd Ord 1.00,KES 42.50,866000,-30,853,540,0.59%
6/8/2021,NCBA Bank Ltd Ord 5.00,KES 26.00,445900,0,-0.38%,,
6/8/2021,Equity Group Holdings Ltd Ord 0.50,KES 43.95,3027700,19,404,975,2.21%
6/8/2021,The Co-operative Bank of Kenya Ltd Ord 1.00,KES 12.30,932200,-8,486,840,1.23%
6/8/2021,Absa Bank Kenya Plc Ord 0.50,KES 9.94,205500,0,0.81%,,
6/7/2021,NCBA Bank Ltd Ord 5.00,KES 26.10,157000,-260,0,-,
6/7/2021,The Co-operative Bank of Kenya Ltd Ord 1.00,KES 12.15,1302500,-8,508,610,-
6/7/2021,Absa Bank Kenya Plc Ord 0.50,KES 9.86,53900,0,-,,
6/7/2021,Equity Group Holdings Ltd Ord 0.50,KES 43.00,1278600,-2,638,315,-
6/7/2021,KCB Group Ltd Ord 1.00,KES 42.25,332200,-10,892,50,-
6/6/2021,Absa Bank Kenya Plc Ord 0.50,-,53900,-,-,,
6/6/2021,KCB Group Ltd Ord 1.00,-,332200,-,-,,
6/6/2021,Equity Group Holdings Ltd Ord 0.50,-,1278600,-,-,,
6/6/2021,NCBA Bank Ltd Ord 5.00,-,157000,-,-,,
6/6/2021,The Co-operative Bank of Kenya Ltd Ord 1.00,-,1302500,-,-,,
6/4/2021,KCB Group Ltd Ord 1.00,KES 42.25,665200,-8,339,760,0.60%
6/4/2021,Equity Group Holdings Ltd Ord 0.50,KES 42.85,3440400,67,329,550,1.30%
6/4/2021,NCBA Bank Ltd Ord 5.00,KES 26.10,65000,-151,715,-1.51%,
6/4/2021,Absa Bank Kenya Plc Ord 0.50,KES 9.78,999600,0,2.95%,,
6/4/2021,The Co-operative Bank of Kenya Ltd Ord 1.00,KES 12.25,1690500,-566,445,0.00%,
6/3/2021,KCB Group Ltd Ord 1.00,KES 42.00,1233200,-47,943,500,0.00%
6/3/2021,Equity Group Holdings Ltd Ord 0.50,KES 42.30,5989900,-32,451,95,-0.94%
6/3/2021,Absa Bank Kenya Plc Ord 0.50,KES 9.50,2011400,0,-0.42%,,
6/3/2021,NCBA Bank Ltd Ord 5.00,KES 26.50,9088100,0,-0.93%,,
6/3/2021,The Co-operative Bank of Kenya Ltd Ord 1.00,KES 12.25,92700,-504,0,0.41%,
6/2/2021,Absa Bank Kenya Plc Ord 0.50,KES 9.54,164600,-95,180,-,
6/2/2021,KCB Group Ltd Ord 1.00,KES 42.00,1375700,-52,59,325,-
6/2/2021,NCBA Bank Ltd Ord 5.00,KES 26.75,677300,0,-,,
6/2/2021,Equity Group Holdings Ltd Ord 0.50,KES 42.70,2807000,29,753,185,-
6/2/2021,The Co-operative Bank of Kenya Ltd Ord 1.00,KES 12.20,1422800,-13,467,260,-
6/1/2021,Equity Group Holdings Ltd Ord 0.50,-,2807000,29,753,185,-
6/1/2021,Absa Bank Kenya Plc Ord 0.50,-,164600,-,-,,
6/1/2021,The Co-operative Bank of Kenya Ltd Ord 1.00,-,1422800,-,-,,
6/1/2021,NCBA Bank Ltd Ord 5.00,-,677300,-,-,,
6/1/2021,KCB Group Ltd Ord 1.00,-,1375700,-,-,,
5/31/2021,The Co-operative Bank of Kenya Ltd Ord 1.00,KES 12.15,1787700,0,-,,
5/31/2021,KCB Group Ltd Ord 1.00,KES 42.30,165000,-4,250,0,-
5/31/2021,NCBA Bank Ltd Ord 5.00,KES 26.00,330800,0,-,,
5/31/2021,Absa Bank Kenya Plc Ord 0.50,KES 9.48,371900,0,-,,
5/31/2021,Equity Group Holdings Ltd Ord 0.50,KES 42.20,613000,-3,623,605,-
5/30/2021,Equity Group Holdings Ltd Ord 0.50,-,613000,-,-,,
5/30/2021,NCBA Bank Ltd Ord 5.00,-,330800,-,-,,
5/30/2021,KCB Group Ltd Ord 1.00,-,165000,-,-,,
5/30/2021,The Co-operative Bank of Kenya Ltd Ord 1.00,-,1787700,-,-,,
5/30/2021,Absa Bank Kenya Plc Ord 0.50,-,371900,-,-,,
5/28/2021,The Co-operative Bank of Kenya Ltd Ord 1.00,KES 12.15,2372400,-5,503,950,0.00%
5/28/2021,KCB Group Ltd Ord 1.00,KES 42.40,1774400,0,0.95%,,
5/28/2021,Equity Group Holdings Ltd Ord 0.50,KES 43.00,1668700,5,922,895,-1.15%
5/28/2021,Absa Bank Kenya Plc Ord 0.50,KES 9.52,2073900,0,-0.21%,,
5/28/2021,NCBA Bank Ltd Ord 5.00,KES 25.45,8300,0,1.60%,,
5/27/2021,Absa Bank Kenya Plc Ord 0.50,KES 9.54,223700,0,3.47%,,
5/27/2021,NCBA Bank Ltd Ord 5.00,KES 25.05,505000,0,-0.20%,,
5/27/2021,The Co-operative Bank of Kenya Ltd Ord 1.00,KES 12.15,1180100,-1,170,960,-0.82%
5/27/2021,KCB Group Ltd Ord 1.00,KES 42.00,8340800,-195,224,55,-2.33%
5/27/2021,Equity Group Holdings Ltd Ord 0.50,KES 43.50,5634200,5,199,520,-0.11%
5/26/2021,KCB Group Ltd Ord 1.00,KES 43.00,2872500,-40,739,645,1.78%
5/26/2021,Equity Group Holdings Ltd Ord 0.50,KES 43.55,4250600,39,0,370,3.57%
5/26/2021,Absa Bank Kenya Plc Ord 0.50,KES 9.22,168500,0,0.00%,,
5/26/2021,The Co-operative Bank of Kenya Ltd Ord 1.00,KES 12.25,140300,-778,590,0.41%,
5/26/2021,NCBA Bank Ltd Ord 5.00,KES 25.10,20400,0,0.20%,,
5/25/2021,Absa Bank Kenya Plc Ord 0.50,KES 9.22,54100,0,1.32%,,
5/25/2021,KCB Group Ltd Ord 1.00,KES 42.25,2357000,-52,914,0,0.96%
5/25/2021,NCBA Bank Ltd Ord 5.00,KES 25.05,3500,0,0.60%,,
5/25/2021,Equity Group Holdings Ltd Ord 0.50,KES 42.05,268000,297,800,-0.94%,
5/25/2021,The Co-operative Bank of Kenya Ltd Ord 1.00,KES 12.20,158900,0,-0.81%,,
5/24/2021,The Co-operative Bank of Kenya Ltd Ord 1.00,KES 12.30,87700,-395,485,-,
5/24/2021,NCBA Bank Ltd Ord 5.00,KES 24.90,9600,0,-,,
5/24/2021,KCB Group Ltd Ord 1.00,KES 41.85,406100,5,580,475,-
5/24/2021,Equity Group Holdings Ltd Ord 0.50,KES 42.45,2597100,100,354,350,-
5/24/2021,Absa Bank Kenya Plc Ord 0.50,KES 9.10,355100,0,-,,
5/23/2021,KCB Group Ltd Ord 1.00,-,406100,5,580,475,-
5/23/2021,Equity Group Holdings Ltd Ord 0.50,-,2597100,100,354,350,-
5/23/2021,The Co-operative Bank of Kenya Ltd Ord 1.00,-,87700,-,-,,
5/23/2021,NCBA Bank Ltd Ord 5.00,-,9600,-,-,,
5/23/2021,Absa Bank Kenya Plc Ord 0.50,-,355100,-,-,,
5/21/2021,KCB Group Ltd Ord 1.00,KES 41.00,243600,-5,580,50,1.11%
5/21/2021,Equity Group Holdings Ltd Ord 0.50,KES 41.50,338300,13,388,65,1.10%
5/21/2021,NCBA Bank Ltd Ord 5.00,KES 24.85,1600,0,-0.60%,,
5/21/2021,Absa Bank Kenya Plc Ord 0.50,KES 9.10,57900,0,0.89%,,
5/21/2021,The Co-operative Bank of Kenya Ltd Ord 1.00,KES 12.25,115000,-564,225,1.66%,
5/20/2021,KCB Group Ltd Ord 1.00,KES 40.55,439100,121,560,0.75%,
5/20/2021,The Co-operative Bank of Kenya Ltd Ord 1.00,KES 12.05,91500,-25,0.84%,,
5/20/2021,NCBA Bank Ltd Ord 5.00,KES 25.00,62800,7,500,0.40%,
5/20/2021,Absa Bank Kenya Plc Ord 0.50,KES 9.02,483900,0,1.12%,,
5/20/2021,Equity Group Holdings Ltd Ord 0.50,KES 41.05,1218700,2,506,205,0.00%
5/19/2021,KCB Group Ltd Ord 1.00,KES 40.25,324000,0,-1.95%,,
5/19/2021,Absa Bank Kenya Plc Ord 0.50,KES 8.92,173000,0,0.90%,,
5/19/2021,Equity Group Holdings Ltd Ord 0.50,KES 41.05,711500,14,290,840,0.24%
5/19/2021,NCBA Bank Ltd Ord 5.00,KES 24.90,4300,0,0.20%,,
5/19/2021,The Co-operative Bank of Kenya Ltd Ord 1.00,KES 11.95,2207700,0,-2.85%,,
5/18/2021,The Co-operative Bank of Kenya Ltd Ord 1.00,KES 12.30,244100,-17,220,-1.20%,
5/18/2021,Absa Bank Kenya Plc Ord 0.50,KES 8.84,212500,7,120,0.45%,
5/18/2021,KCB Group Ltd Ord 1.00,KES 41.05,1439400,-1,500,705,0.12%
5/18/2021,NCBA Bank Ltd Ord 5.00,KES 24.85,55800,0,-0.20%,,
5/18/2021,Equity Group Holdings Ltd Ord 0.50,KES 40.95,1127200,-6,337,770,0.12%
5/17/2021,NCBA Bank Ltd Ord 5.00,KES 24.90,2100,0,-,,
5/17/2021,Equity Group Holdings Ltd Ord 0.50,KES 40.90,1215800,-14,168,715,-
5/17/2021,The Co-operative Bank of Kenya Ltd Ord 1.00,KES 12.45,94700,0,-,,
5/17/2021,Absa Bank Kenya Plc Ord 0.50,KES 8.80,92400,-44,500,-,
5/17/2021,KCB Group Ltd Ord 1.00,KES 41.00,961400,-27,177,540,-
5/16/2021,The Co-operative Bank of Kenya Ltd Ord 1.00,-,94700,-,-,,
5/16/2021,NCBA Bank Ltd Ord 5.00,-,2100,-,-,,
5/16/2021,KCB Group Ltd Ord 1.00,-,961400,-,-,,
5/16/2021,Equity Group Holdings Ltd Ord 0.50,-,1215800,-,-,,
5/16/2021,Absa Bank Kenya Plc Ord 0.50,-,92400,-,-,,
5/13/2021,The Co-operative Bank of Kenya Ltd Ord 1.00,KES 12.45,38300,0,1.22%,,
5/13/2021,KCB Group Ltd Ord 1.00,KES 41.95,3428500,-114,381,260,0.48%
5/13/2021,Absa Bank Kenya Plc Ord 0.50,KES 8.80,40700,-15,28,0.23%,
5/13/2021,Equity Group Holdings Ltd Ord 0.50,KES 40.95,3482900,710,790,0.74%,
5/13/2021,NCBA Bank Ltd Ord 5.00,KES 24.65,7500,7,410,-1.40%,
5/12/2021,KCB Group Ltd Ord 1.00,KES 41.75,2055400,-4,506,600,-1.65%
5/12/2021,The Co-operative Bank of Kenya Ltd Ord 1.00,KES 12.30,559000,247,230,-1.60%,
5/12/2021,Absa Bank Kenya Plc Ord 0.50,KES 8.78,378700,-16,682,0.00%,
5/12/2021,Equity Group Holdings Ltd Ord 0.50,KES 40.65,72300,384,750,-0.97%,
5/12/2021,NCBA Bank Ltd Ord 5.00,KES 25.00,17300,4,940,0.20%,
5/11/2021,KCB Group Ltd Ord 1.00,KES 42.45,2468500,-21,250,0.12%,
5/11/2021,NCBA Bank Ltd Ord 5.00,KES 24.95,18700,0,1.01%,,
5/11/2021,Absa Bank Kenya Plc Ord 0.50,KES 8.78,52200,0,0.00%,,
5/11/2021,The Co-operative Bank of Kenya Ltd Ord 1.00,KES 12.50,519800,850,450,-0.40%,
5/11/2021,Equity Group Holdings Ltd Ord 0.50,KES 41.05,4871100,14,167,490,0.49%
5/10/2021,The Co-operative Bank of Kenya Ltd Ord 1.00,KES 12.55,810500,3,286,385,-
5/10/2021,Absa Bank Kenya Plc Ord 0.50,KES 8.78,335300,-2,285,360,-
5/10/2021,NCBA Bank Ltd Ord 5.00,KES 24.70,9000,0,-,,
5/10/2021,Equity Group Holdings Ltd Ord 0.50,KES 40.85,11701400,-330,67,920,-
5/10/2021,KCB Group Ltd Ord 1.00,KES 42.40,13934900,-108,420,430,-
5/9/2021,The Co-operative Bank of Kenya Ltd Ord 1.00,-,810500,3,286,385,-
5/9/2021,Absa Bank Kenya Plc Ord 0.50,-,335300,-,-,,
5/9/2021,KCB Group Ltd Ord 1.00,-,13934900,-,-,,
5/9/2021,NCBA Bank Ltd Ord 5.00,-,9000,-,-,,
5/9/2021,Equity Group Holdings Ltd Ord 0.50,-,11701400,-,-,,
5/7/2021,NCBA Bank Ltd Ord 5.00,KES 24.60,107400,0,0.61%,,
5/7/2021,KCB Group Ltd Ord 1.00,KES 41.95,3221300,21,198,375,1.08%
5/7/2021,Absa Bank Kenya Plc Ord 0.50,KES 8.76,54500,-26,544,-0.45%,
5/7/2021,The Co-operative Bank of Kenya Ltd Ord 1.00,KES 12.60,3198700,620,0,-0.40%,
5/7/2021,Equity Group Holdings Ltd Ord 0.50,KES 40.75,3490100,713,5,1.12%,
5/6/2021,Absa Bank Kenya Plc Ord 0.50,KES 8.80,183000,5,232,1.62%,
5/6/2021,NCBA Bank Ltd Ord 5.00,KES 24.45,18500,0,-0.20%,,
5/6/2021,Equity Group Holdings Ltd Ord 0.50,KES 40.30,2172700,82,827,580,1.13%
5/6/2021,KCB Group Ltd Ord 1.00,KES 41.50,2180600,2,797,250,2.72%
5/6/2021,The Co-operative Bank of Kenya Ltd Ord 1.00,KES 12.65,536900,-2,721,15,0.00%
5/5/2021,NCBA Bank Ltd Ord 5.00,KES 24.50,76400,0,0.20%,,
5/5/2021,The Co-operative Bank of Kenya Ltd Ord 1.00,KES 12.65,114500,0,1.61%,,
5/5/2021,Absa Bank Kenya Plc Ord 0.50,KES 8.66,36400,0,-0.46%,,
5/5/2021,KCB Group Ltd Ord 1.00,KES 40.40,838100,31,601,25,0.87%
5/5/2021,Equity Group Holdings Ltd Ord 0.50,KES 39.85,155900,3,985,610,0.76%
5/4/2021,NCBA Bank Ltd Ord 5.00,KES 24.45,49700,0,0.41%,,
5/4/2021,Equity Group Holdings Ltd Ord 0.50,KES 39.55,237900,0,0.64%,,
5/4/2021,KCB Group Ltd Ord 1.00,KES 40.05,684400,-304,760,0.00%,
5/4/2021,Absa Bank Kenya Plc Ord 0.50,KES 8.70,64700,-43,44,-1.14%,
5/4/2021,The Co-operative Bank of Kenya Ltd Ord 1.00,KES 12.45,129900,0,0.00%,,
5/3/2021,KCB Group Ltd Ord 1.00,KES 40.05,55400,-152,380,-,
5/3/2021,NCBA Bank Ltd Ord 5.00,KES 24.35,15600,0,-,,
5/3/2021,Equity Group Holdings Ltd Ord 0.50,KES 39.30,485900,127,365,-,
5/3/2021,The Co-operative Bank of Kenya Ltd Ord 1.00,KES 12.45,59100,900,-,,
5/3/2021,Absa Bank Kenya Plc Ord 0.50,KES 8.80,81800,-177,600,-,
5/2/2021,The Co-operative Bank of Kenya Ltd Ord 1.00,-,59100,900,-,,
5/2/2021,Equity Group Holdings Ltd Ord 0.50,-,485900,127,365,-,
5/2/2021,KCB Group Ltd Ord 1.00,-,55400,-,-,,
5/2/2021,Absa Bank Kenya Plc Ord 0.50,-,81800,-,-,,
5/2/2021,NCBA Bank Ltd Ord 5.00,-,15600,-,-,,
4/30/2021,Equity Group Holdings Ltd Ord 0.50,KES 39.15,63900,0,0.38%,,
4/30/2021,NCBA Bank Ltd Ord 5.00,KES 24.95,9200,0,1.63%,,
4/30/2021,KCB Group Ltd Ord 1.00,KES 40.25,77200,2,234,565,0.12%
4/30/2021,Absa Bank Kenya Plc Ord 0.50,KES 8.78,457600,-569,360,0.46%,
4/30/2021,The Co-operative Bank of Kenya Ltd Ord 1.00,KES 12.20,72900,-284,920,1.67%,
4/29/2021,Absa Bank Kenya Plc Ord 0.50,KES 8.74,49200,8,720,0.69%,
4/29/2021,Equity Group Holdings Ltd Ord 0.50,KES 39.00,1242200,5,131,170,-1.14%
4/29/2021,NCBA Bank Ltd Ord 5.00,KES 24.55,22400,0,1.24%,,
4/29/2021,The Co-operative Bank of Kenya Ltd Ord 1.00,KES 12.00,236500,0,0.00%,,
4/29/2021,KCB Group Ltd Ord 1.00,KES 40.20,94300,1,254,695,0.63%
4/28/2021,Equity Group Holdings Ltd Ord 0.50,KES 39.45,209700,6,240,480,0.77%
4/28/2021,KCB Group Ltd Ord 1.00,KES 39.95,204900,5,674,210,0.63%
4/28/2021,Absa Bank Kenya Plc Ord 0.50,KES 8.68,153800,462,970,0.46%,
4/28/2021,NCBA Bank Ltd Ord 5.00,KES 24.25,1300,0,-2.41%,,
4/28/2021,The Co-operative Bank of Kenya Ltd Ord 1.00,KES 12.00,797600,-2,139,0,0.84%
4/27/2021,Absa Bank Kenya Plc Ord 0.50,KES 8.64,63600,0,-0.46%,,
4/27/2021,KCB Group Ltd Ord 1.00,KES 39.70,1053400,15,425,280,-5.02%
4/27/2021,The Co-operative Bank of Kenya Ltd Ord 1.00,KES 11.90,920300,-142,915,0.00%,
4/27/2021,Equity Group Holdings Ltd Ord 0.50,KES 39.15,801400,3,3,75,0.13%
4/27/2021,NCBA Bank Ltd Ord 5.00,KES 24.85,68800,2,485,-0.60%,
4/26/2021,Absa Bank Kenya Plc Ord 0.50,KES 8.68,92700,-1,744,-,
4/26/2021,The Co-operative Bank of Kenya Ltd Ord 1.00,KES 11.90,1496800,9,187,960,-
4/26/2021,NCBA Bank Ltd Ord 5.00,KES 25.00,16400,0,-,,
4/26/2021,KCB Group Ltd Ord 1.00,KES 41.80,1104500,16,593,720,-
4/26/2021,Equity Group Holdings Ltd Ord 0.50,KES 39.10,1070200,-128,455,-,
4/25/2021,The Co-operative Bank of Kenya Ltd Ord 1.00,-,1496800,9,187,960,-
4/25/2021,KCB Group Ltd Ord 1.00,-,1104500,16,593,720,-
4/25/2021,NCBA Bank Ltd Ord 5.00,-,16400,-,-,,
4/25/2021,Absa Bank Kenya Plc Ord 0.50,-,92700,-,-,,
4/25/2021,Equity Group Holdings Ltd Ord 0.50,-,1070200,-,-,,
4/23/2021,KCB Group Ltd Ord 1.00,KES 41.60,549200,17,382,980,0.00%
4/23/2021,Equity Group Holdings Ltd Ord 0.50,KES 39.10,2922000,82,691,100,3.03%
4/23/2021,Absa Bank Kenya Plc Ord 0.50,KES 8.72,238700,0,1.16%,,
4/23/2021,The Co-operative Bank of Kenya Ltd Ord 1.00,KES 11.90,528400,2,868,350,1.71%
4/23/2021,NCBA Bank Ltd Ord 5.00,KES 24.85,21300,0,-0.40%,,
4/22/2021,The Co-operative Bank of Kenya Ltd Ord 1.00,KES 11.70,120800,0,0.43%,,
4/22/2021,Absa Bank Kenya Plc Ord 0.50,KES 8.62,406700,8,700,-0.92%,
4/22/2021,Equity Group Holdings Ltd Ord 0.50,KES 37.95,1840300,-59,891,330,-3.31%
4/22/2021,KCB Group Ltd Ord 1.00,KES 41.60,672200,0,-1.65%,,
4/22/2021,NCBA Bank Ltd Ord 5.00,KES 24.95,1836100,0,0.00%,,
4/21/2021,NCBA Bank Ltd Ord 5.00,KES 24.95,1462000,0,-6.55%,,
4/21/2021,KCB Group Ltd Ord 1.00,KES 42.30,4467400,-127,508,600,0.59%
4/21/2021,Absa Bank Kenya Plc Ord 0.50,KES 8.70,50200,0,-1.14%,,
4/21/2021,The Co-operative Bank of Kenya Ltd Ord 1.00,KES 11.65,273400,6,975,0.00%,
4/21/2021,Equity Group Holdings Ltd Ord 0.50,KES 39.25,6286600,-135,380,35,0.00%
4/20/2021,KCB Group Ltd Ord 1.00,KES 42.05,2750900,8,73,550,1.33%
4/20/2021,Equity Group Holdings Ltd Ord 0.50,KES 39.25,1839100,-13,841,960,1.16%
4/20/2021,Absa Bank Kenya Plc Ord 0.50,KES 8.80,215000,13,200,0.23%,
4/20/2021,The Co-operative Bank of Kenya Ltd Ord 1.00,KES 11.65,189600,5,775,0.00%,
4/20/2021,NCBA Bank Ltd Ord 5.00,KES 26.70,876000,0,0.38%,,
4/19/2021,The Co-operative Bank of Kenya Ltd Ord 1.00,KES 11.65,89000,0,-,,
4/19/2021,KCB Group Ltd Ord 1.00,KES 41.50,130100,-954,500,-,
4/19/2021,Absa Bank Kenya Plc Ord 0.50,KES 8.78,63800,0,-,,
4/19/2021,NCBA Bank Ltd Ord 5.00,KES 26.60,147400,-34,840,-,
4/19/2021,Equity Group Holdings Ltd Ord 0.50,KES 38.80,368600,1,831,720,-
4/18/2021,Equity Group Holdings Ltd Ord 0.50,-,368600,1,831,720,-
4/18/2021,NCBA Bank Ltd Ord 5.00,-,147400,-,-,,
4/18/2021,Absa Bank Kenya Plc Ord 0.50,-,63800,-,-,,
4/18/2021,KCB Group Ltd Ord 1.00,-,130100,-,-,,
4/18/2021,The Co-operative Bank of Kenya Ltd Ord 1.00,-,89000,-,-,,
4/16/2021,NCBA Bank Ltd Ord 5.00,KES 26.80,422300,0,1.32%,,
4/16/2021,The Co-operative Bank of Kenya Ltd Ord 1.00,KES 11.80,119600,0,1.72%,,
4/16/2021,Equity Group Holdings Ltd Ord 0.50,KES 38.85,105000,0,0.78%,,
4/16/2021,Absa Bank Kenya Plc Ord 0.50,KES 8.80,34300,-13,260,-0.45%,
4/16/2021,KCB Group Ltd Ord 1.00,KES 42.00,1079700,-1,463,0,0.36%
4/15/2021,Absa Bank Kenya Plc Ord 0.50,KES 8.84,168700,0,0.91%,,
4/15/2021,Equity Group Holdings Ltd Ord 0.50,KES 38.55,303500,-9,13,75,0.65%
4/15/2021,NCBA Bank Ltd Ord 5.00,KES 26.45,90200,0,-0.19%,,
4/15/2021,The Co-operative Bank of Kenya Ltd Ord 1.00,KES 11.60,225200,5,850,-1.69%,
4/15/2021,KCB Group Ltd Ord 1.00,KES 41.85,467500,12,837,90,1.21%
4/14/2021,NCBA Bank Ltd Ord 5.00,KES 26.50,640300,0,3.92%,,
4/14/2021,KCB Group Ltd Ord 1.00,KES 41.35,1492900,3,862,975,1.10%
4/14/2021,Equity Group Holdings Ltd Ord 0.50,KES 38.30,1383600,-13,367,185,0.66%
4/14/2021,Absa Bank Kenya Plc Ord 0.50,KES 8.76,109900,0,-1.13%,,
4/14/2021,The Co-operative Bank of Kenya Ltd Ord 1.00,KES 11.80,488100,1,707,585,0.00%
4/13/2021,Equity Group Holdings Ltd Ord 0.50,KES 38.05,433900,-8,557,200,0.93%
4/13/2021,KCB Group Ltd Ord 1.00,KES 40.90,764500,10,111,935,0.62%
4/13/2021,Absa Bank Kenya Plc Ord 0.50,KES 8.86,47600,-1,800,-0.23%,
4/13/2021,NCBA Bank Ltd Ord 5.00,KES 25.50,170100,0,0.99%,,
4/13/2021,The Co-operative Bank of Kenya Ltd Ord 1.00,KES 11.80,429200,-19,420,-0.42%,
4/12/2021,KCB Group Ltd Ord 1.00,KES 40.65,690100,-2,515,620,-
4/12/2021,The Co-operative Bank of Kenya Ltd Ord 1.00,KES 11.85,281600,0,-,,
4/12/2021,Absa Bank Kenya Plc Ord 0.50,KES 8.88,85200,0,-,,
4/12/2021,NCBA Bank Ltd Ord 5.00,KES 25.25,438500,-8,956,175,-
4/12/2021,Equity Group Holdings Ltd Ord 0.50,KES 37.70,1379800,-984,530,-,
4/11/2021,KCB Group Ltd Ord 1.00,-,690100,-,-,,
4/11/2021,The Co-operative Bank of Kenya Ltd Ord 1.00,-,281600,-,-,,
4/11/2021,Equity Group Holdings Ltd Ord 0.50,-,1379800,-,-,,
4/11/2021,Absa Bank Kenya Plc Ord 0.50,-,85200,-,-,,
4/11/2021,NCBA Bank Ltd Ord 5.00,-,438500,-,-,,
4/9/2021,Absa Bank Kenya Plc Ord 0.50,KES 8.86,407100,-19,360,0.00%,
4/9/2021,KCB Group Ltd Ord 1.00,KES 40.00,3175100,-61,589,155,0.50%
4/9/2021,Equity Group Holdings Ltd Ord 0.50,KES 37.70,215900,63,975,0.53%,
4/9/2021,The Co-operative Bank of Kenya Ltd Ord 1.00,KES 11.90,273600,23,850,0.00%,
4/9/2021,NCBA Bank Ltd Ord 5.00,KES 25.00,53700,0,1.63%,,
4/8/2021,Absa Bank Kenya Plc Ord 0.50,KES 8.86,74300,0,0.23%,,
4/8/2021,NCBA Bank Ltd Ord 5.00,KES 24.60,13300,0,-2.57%,,
4/8/2021,Equity Group Holdings Ltd Ord 0.50,KES 37.50,261000,7,297,760,-2.09%
4/8/2021,KCB Group Ltd Ord 1.00,KES 39.80,186200,-1,701,965,-0.13%
4/8/2021,The Co-operative Bank of Kenya Ltd Ord 1.00,KES 11.90,72000,5,950,0.42%,
4/7/2021,The Co-operative Bank of Kenya Ltd Ord 1.00,KES 11.85,251400,0,-0.84%,,
4/7/2021,NCBA Bank Ltd Ord 5.00,KES 25.25,772100,0,0.80%,,
4/7/2021,KCB Group Ltd Ord 1.00,KES 39.85,95200,-2,37,450,-0.75%
4/7/2021,Equity Group Holdings Ltd Ord 0.50,KES 38.30,104100,1,733,650,-1.79%
4/7/2021,Absa Bank Kenya Plc Ord 0.50,KES 8.84,207400,0,0.23%,,
4/6/2021,KCB Group Ltd Ord 1.00,KES 40.15,115100,119,400,-,
4/6/2021,NCBA Bank Ltd Ord 5.00,KES 25.05,82700,-1,200,0,-
4/6/2021,The Co-operative Bank of Kenya Ltd Ord 1.00,KES 11.95,300900,-1,305,600,-
4/6/2021,Absa Bank Kenya Plc Ord 0.50,KES 8.82,104500,0,-,,
4/6/2021,Equity Group Holdings Ltd Ord 0.50,KES 39.00,301000,8,402,465,-
4/5/2021,KCB Group Ltd Ord 1.00,-,115100,119,400,-,
4/5/2021,Equity Group Holdings Ltd Ord 0.50,-,301000,8,402,465,-
4/5/2021,NCBA Bank Ltd Ord 5.00,-,82700,-,-,,
4/5/2021,The Co-operative Bank of Kenya Ltd Ord 1.00,-,300900,-,-,,
4/5/2021,Absa Bank Kenya Plc Ord 0.50,-,104500,-,-,,
4/1/2021,Absa Bank Kenya Plc Ord 0.50,KES 8.80,577900,0,-0.23%,,
4/1/2021,The Co-operative Bank of Kenya Ltd Ord 1.00,KES 11.95,352200,-12,420,-9.47%,
4/1/2021,NCBA Bank Ltd Ord 5.00,KES 25.35,67900,0,0.80%,,
4/1/2021,KCB Group Ltd Ord 1.00,KES 41.10,737200,1,775,970,-0.48%
4/1/2021,Equity Group Holdings Ltd Ord 0.50,KES 39.05,1601600,19,119,250,2.90%
3/31/2021,KCB Group Ltd Ord 1.00,KES 41.30,2002700,53,273,445,2.35%
3/31/2021,Absa Bank Kenya Plc Ord 0.50,KES 8.82,442900,-771,346,1.85%,
3/31/2021,The Co-operative Bank of Kenya Ltd Ord 1.00,KES 13.20,1746400,-3,822,135,-2.22%
3/31/2021,NCBA Bank Ltd Ord 5.00,KES 25.15,76000,0,0.20%,,
3/31/2021,Equity Group Holdings Ltd Ord 0.50,KES 37.95,1228800,9,173,770,0.00%
3/30/2021,Absa Bank Kenya Plc Ord 0.50,KES 8.66,219200,26,40,0.23%,
3/30/2021,NCBA Bank Ltd Ord 5.00,KES 25.10,810100,-1,37,775,5.24%
3/30/2021,Equity Group Holdings Ltd Ord 0.50,KES 37.95,4844500,35,435,670,1.07%
3/30/2021,KCB Group Ltd Ord 1.00,KES 40.35,565900,15,534,140,2.41%
3/30/2021,The Co-operative Bank of Kenya Ltd Ord 1.00,KES 13.50,1142500,-5,887,600,2.66%
3/29/2021,Absa Bank Kenya Plc Ord 0.50,KES 8.64,165600,0,-,,
3/29/2021,The Co-operative Bank of Kenya Ltd Ord 1.00,KES 13.15,978800,-5,607,0,-
3/29/2021,KCB Group Ltd Ord 1.00,KES 39.40,920300,19,55,0,-
3/29/2021,Equity Group Holdings Ltd Ord 0.50,KES 37.55,4295800,10,977,935,-
3/29/2021,NCBA Bank Ltd Ord 5.00,KES 23.85,128400,0,-,,
3/28/2021,Equity Group Holdings Ltd Ord 0.50,-,4295800,10,977,935,-
3/28/2021,KCB Group Ltd Ord 1.00,-,920300,19,55,0,-
3/28/2021,The Co-operative Bank of Kenya Ltd Ord 1.00,-,978800,-,-,,
3/28/2021,NCBA Bank Ltd Ord 5.00,-,128400,-,-,,
3/28/2021,Absa Bank Kenya Plc Ord 0.50,-,165600,-,-,,
3/26/2021,Absa Bank Kenya Plc Ord 0.50,KES 8.86,357500,0,-0.89%,,
3/26/2021,KCB Group Ltd Ord 1.00,KES 41.10,373800,-1,594,180,-2.14%
3/26/2021,NCBA Bank Ltd Ord 5.00,KES 23.10,9300,0,0.65%,,
3/26/2021,Equity Group Holdings Ltd Ord 0.50,KES 41.00,1196200,14,396,310,-2.03%
3/26/2021,The Co-operative Bank of Kenya Ltd Ord 1.00,KES 13.60,227800,-2,385,540,0.37%
3/25/2021,Absa Bank Kenya Plc Ord 0.50,KES 8.94,360600,0,-0.67%,,
3/25/2021,Equity Group Holdings Ltd Ord 0.50,KES 41.85,2959300,693,15,-0.36%,
3/25/2021,KCB Group Ltd Ord 1.00,KES 42.00,2575200,69,790,545,0.36%
3/25/2021,NCBA Bank Ltd Ord 5.00,KES 22.95,70600,-429,400,-2.13%,
3/25/2021,The Co-operative Bank of Kenya Ltd Ord 1.00,KES 13.55,795600,-1,307,360,-1.09%
3/24/2021,KCB Group Ltd Ord 1.00,KES 41.85,2075800,20,678,520,1.58%
3/24/2021,Equity Group Holdings Ltd Ord 0.50,KES 42.00,3265000,4,975,950,0.84%
3/24/2021,Absa Bank Kenya Plc Ord 0.50,KES 9.00,600500,301,790,-4.66%,
3/24/2021,NCBA Bank Ltd Ord 5.00,KES 23.45,99000,0,-5.25%,,
3/24/2021,The Co-operative Bank of Kenya Ltd Ord 1.00,KES 13.70,651000,13,550,0.00%,
3/23/2021,Equity Group Holdings Ltd Ord 0.50,KES 41.65,259900,8,190,235,0.60%
3/23/2021,KCB Group Ltd Ord 1.00,KES 41.20,866100,8,780,845,0.73%
3/23/2021,The Co-operative Bank of Kenya Ltd Ord 1.00,KES 13.70,1365500,-2,431,755,-1.08%
3/23/2021,Absa Bank Kenya Plc Ord 0.50,KES 9.44,162000,0,0.64%,,
3/23/2021,NCBA Bank Ltd Ord 5.00,KES 24.75,26400,0,0.41%,,
3/22/2021,Equity Group Holdings Ltd Ord 0.50,KES 41.40,2273300,32,649,530,-
3/22/2021,The Co-operative Bank of Kenya Ltd Ord 1.00,KES 13.85,232300,0,-,,
3/22/2021,NCBA Bank Ltd Ord 5.00,KES 24.65,20800,0,-,,
3/22/2021,Absa Bank Kenya Plc Ord 0.50,KES 9.38,618500,0,-,,
3/22/2021,KCB Group Ltd Ord 1.00,KES 40.90,445500,12,324,285,-
3/21/2021,Equity Group Holdings Ltd Ord 0.50,-,2273300,32,649,530,-
3/21/2021,KCB Group Ltd Ord 1.00,-,445500,12,324,285,-
3/21/2021,NCBA Bank Ltd Ord 5.00,-,20800,-,-,,
3/21/2021,The Co-operative Bank of Kenya Ltd Ord 1.00,-,232300,-,-,,
3/21/2021,Absa Bank Kenya Plc Ord 0.50,-,618500,-,-,,
3/19/2021,Equity Group Holdings Ltd Ord 0.50,KES 41.65,1968100,51,137,825,-0.24%
3/19/2021,KCB Group Ltd Ord 1.00,KES 41.35,438000,15,346,325,1.22%
3/19/2021,Absa Bank Kenya Plc Ord 0.50,KES 9.44,17200,0,0.64%,,
3/19/2021,The Co-operative Bank of Kenya Ltd Ord 1.00,KES 13.90,309100,0,4.91%,,
3/19/2021,NCBA Bank Ltd Ord 5.00,KES 24.95,32500,0,-0.40%,,
3/18/2021,Equity Group Holdings Ltd Ord 0.50,KES 41.75,1203800,28,519,970,3.73%
3/18/2021,NCBA Bank Ltd Ord 5.00,KES 25.05,27900,-208,540,2.45%,
3/18/2021,The Co-operative Bank of Kenya Ltd Ord 1.00,KES 13.25,715200,-985,505,3.52%,
3/18/2021,KCB Group Ltd Ord 1.00,KES 40.85,989000,16,401,260,1.87%
3/18/2021,Absa Bank Kenya Plc Ord 0.50,KES 9.38,160300,5,664,0.43%,
3/17/2021,KCB Group Ltd Ord 1.00,KES 40.10,307200,-3,299,555,0.38%
3/17/2021,Absa Bank Kenya Plc Ord 0.50,KES 9.34,408200,-1,950,560,0.21%
3/17/2021,NCBA Bank Ltd Ord 5.00,KES 24.45,12000,-66,960,1.03%,
3/17/2021,The Co-operative Bank of Kenya Ltd Ord 1.00,KES 12.80,162700,-1,298,10,-0.39%
3/17/2021,Equity Group Holdings Ltd Ord 0.50,KES 40.25,174300,3,843,675,0.50%
3/16/2021,Equity Group Holdings Ltd Ord 0.50,KES 40.05,2015800,30,851,260,0.12%
3/16/2021,KCB Group Ltd Ord 1.00,KES 39.95,2047900,29,747,90,0.76%
3/16/2021,The Co-operative Bank of Kenya Ltd Ord 1.00,KES 12.85,366500,-2,889,440,0.00%
3/16/2021,NCBA Bank Ltd Ord 5.00,KES 24.20,14000,0,-0.21%,,
3/16/2021,Absa Bank Kenya Plc Ord 0.50,KES 9.32,163200,0,-0.43%,,
3/15/2021,The Co-operative Bank of Kenya Ltd Ord 1.00,KES 12.85,55400,0,-,,
3/15/2021,Absa Bank Kenya Plc Ord 0.50,KES 9.36,419900,0,-,,
3/15/2021,Equity Group Holdings Ltd Ord 0.50,KES 40.00,679800,22,359,730,-
3/15/2021,KCB Group Ltd Ord 1.00,KES 39.65,63200,0,-,,
3/15/2021,NCBA Bank Ltd Ord 5.00,KES 24.25,38700,0,-,,
3/14/2021,Equity Group Holdings Ltd Ord 0.50,-,679800,22,359,730,-
3/14/2021,NCBA Bank Ltd Ord 5.00,-,38700,-,-,,
3/14/2021,Absa Bank Kenya Plc Ord 0.50,-,419900,-,-,,
3/14/2021,The Co-operative Bank of Kenya Ltd Ord 1.00,-,55400,-,-,,
3/14/2021,KCB Group Ltd Ord 1.00,-,63200,-,-,,
3/12/2021,The Co-operative Bank of Kenya Ltd Ord 1.00,KES 12.95,95600,0,0.39%,,
3/12/2021,Equity Group Holdings Ltd Ord 0.50,KES 40.00,637000,12,823,815,1.65%
3/12/2021,KCB Group Ltd Ord 1.00,KES 39.95,911100,1,868,980,1.78%
3/12/2021,Absa Bank Kenya Plc Ord 0.50,KES 9.42,183000,0,0.21%,,
3/12/2021,NCBA Bank Ltd Ord 5.00,KES 24.85,9500,-142,500,3.11%,
3/11/2021,Absa Bank Kenya Plc Ord 0.50,KES 9.40,509200,-2,895,636,-0.42%
3/11/2021,NCBA Bank Ltd Ord 5.00,KES 24.10,400,0,0.42%,,
3/11/2021,The Co-operative Bank of Kenya Ltd Ord 1.00,KES 12.90,68000,0,0.39%,,
3/11/2021,Equity Group Holdings Ltd Ord 0.50,KES 39.35,1385700,467,665,1.81%,
3/11/2021,KCB Group Ltd Ord 1.00,KES 39.25,98000,786,295,0.26%,
3/10/2021,Absa Bank Kenya Plc Ord 0.50,KES 9.44,180500,-321,36,-0.63%,
3/10/2021,The Co-operative Bank of Kenya Ltd Ord 1.00,KES 12.85,95300,0,1.58%,,
3/10/2021,Equity Group Holdings Ltd Ord 0.50,KES 38.65,3060700,33,164,515,1.58%
3/10/2021,KCB Group Ltd Ord 1.00,KES 39.15,4448400,-69,971,750,0.64%
3/10/2021,NCBA Bank Ltd Ord 5.00,KES 24.00,93300,0,-1.64%,,
3/9/2021,NCBA Bank Ltd Ord 5.00,KES 24.40,34200,0,-1.81%,,
3/9/2021,KCB Group Ltd Ord 1.00,KES 38.90,1756100,4,826,810,1.97%
3/9/2021,Equity Group Holdings Ltd Ord 0.50,KES 38.05,1195300,13,316,510,0.13%
3/9/2021,The Co-operative Bank of Kenya Ltd Ord 1.00,KES 12.65,54800,0,-1.56%,,
3/9/2021,Absa Bank Kenya Plc Ord 0.50,KES 9.50,129000,42,300,-0.84%,
3/8/2021,Absa Bank Kenya Plc Ord 0.50,KES 9.58,61200,11,580,-,
3/8/2021,The Co-operative Bank of Kenya Ltd Ord 1.00,KES 12.85,40400,0,-,,
3/8/2021,NCBA Bank Ltd Ord 5.00,KES 24.85,14600,25,500,-,
3/8/2021,KCB Group Ltd Ord 1.00,KES 38.15,2967600,-73,934,790,-
3/8/2021,Equity Group Holdings Ltd Ord 0.50,KES 38.00,2705000,-70,775,975,-
3/7/2021,Absa Bank Kenya Plc Ord 0.50,-,61200,11,580,-,
3/7/2021,NCBA Bank Ltd Ord 5.00,-,14600,25,500,-,
3/7/2021,Equity Group Holdings Ltd Ord 0.50,-,2705000,-,-,,
3/7/2021,The Co-operative Bank of Kenya Ltd Ord 1.00,-,40400,-,-,,
3/7/2021,KCB Group Ltd Ord 1.00,-,2967600,-,-,,
3/5/2021,The Co-operative Bank of Kenya Ltd Ord 1.00,KES 13.00,1237400,0,-0.38%,,
3/5/2021,Equity Group Holdings Ltd Ord 0.50,KES 38.05,1257600,-18,95,490,0.53%
3/5/2021,KCB Group Ltd Ord 1.00,KES 38.20,278800,-7,151,700,0.66%
3/5/2021,NCBA Bank Ltd Ord 5.00,KES 25.90,10200,0,4.86%,,
3/5/2021,Absa Bank Kenya Plc Ord 0.50,KES 9.60,28700,47,800,0.63%,
3/4/2021,NCBA Bank Ltd Ord 5.00,KES 24.70,55900,0,-6.79%,,
3/4/2021,Absa Bank Kenya Plc Ord 0.50,KES 9.54,45500,0,-0.21%,,
3/4/2021,Equity Group Holdings Ltd Ord 0.50,KES 37.85,646700,12,518,455,0.00%
3/4/2021,The Co-operative Bank of Kenya Ltd Ord 1.00,KES 13.05,41700,0,0.00%,,
3/4/2021,KCB Group Ltd Ord 1.00,KES 37.95,182900,-1,876,235,-1.04%
3/3/2021,KCB Group Ltd Ord 1.00,KES 38.35,1127600,-42,46,595,-0.90%
3/3/2021,The Co-operative Bank of Kenya Ltd Ord 1.00,KES 13.05,318800,0,0.00%,,
3/3/2021,Absa Bank Kenya Plc Ord 0.50,KES 9.56,41400,0,0.00%,,
3/3/2021,Equity Group Holdings Ltd Ord 0.50,KES 37.85,254000,-6,46,675,-0.39%
3/3/2021,NCBA Bank Ltd Ord 5.00,KES 26.50,1000,0,5.79%,,
3/2/2021,Equity Group Holdings Ltd Ord 0.50,KES 38.00,1657000,-12,42,200,0.26%
3/2/2021,The Co-operative Bank of Kenya Ltd Ord 1.00,KES 13.05,11015600,-277,585,0.38%,
3/2/2021,Absa Bank Kenya Plc Ord 0.50,KES 9.56,140300,0,-0.83%,,
3/2/2021,KCB Group Ltd Ord 1.00,KES 38.70,880400,-20,721,195,-0.26%
3/2/2021,NCBA Bank Ltd Ord 5.00,KES 25.05,89200,-159,250,2.45%,
3/1/2021,NCBA Bank Ltd Ord 5.00,KES 24.45,36500,0,-,,
3/1/2021,Absa Bank Kenya Plc Ord 0.50,KES 9.64,62800,82,200,-,
3/1/2021,KCB Group Ltd Ord 1.00,KES 38.80,93500,869,25,-,
3/1/2021,The Co-operative Bank of Kenya Ltd Ord 1.00,KES 13.00,239600,0,-,,
3/1/2021,Equity Group Holdings Ltd Ord 0.50,KES 37.90,397900,-306,525,-,
2/28/2021,Absa Bank Kenya Plc Ord 0.50,-,62800,82,200,-,
2/28/2021,KCB Group Ltd Ord 1.00,-,93500,869,25,-,
2/28/2021,NCBA Bank Ltd Ord 5.00,-,36500,-,-,,
2/28/2021,The Co-operative Bank of Kenya Ltd Ord 1.00,-,239600,-,-,,
2/28/2021,Equity Group Holdings Ltd Ord 0.50,-,397900,-,-,,
2/26/2021,Equity Group Holdings Ltd Ord 0.50,KES 37.90,2037400,-41,996,445,-0.13%
2/26/2021,The Co-operative Bank of Kenya Ltd Ord 1.00,KES 13.05,102800,0,1.16%,,
2/26/2021,KCB Group Ltd Ord 1.00,KES 38.75,564000,-7,740,655,1.71%
2/26/2021,NCBA Bank Ltd Ord 5.00,KES 24.50,29700,0,0.20%,,
2/26/2021,Absa Bank Kenya Plc Ord 0.50,KES 9.72,559900,0,-0.21%,,
2/25/2021,NCBA Bank Ltd Ord 5.00,KES 24.45,10100,24,300,0.00%,
2/25/2021,The Co-operative Bank of Kenya Ltd Ord 1.00,KES 12.90,109000,0,-0.77%,,
2/25/2021,Absa Bank Kenya Plc Ord 0.50,KES 9.74,192000,0,-1.02%,,
2/25/2021,Equity Group Holdings Ltd Ord 0.50,KES 37.95,420700,-12,429,655,0.00%
2/25/2021,KCB Group Ltd Ord 1.00,KES 38.10,2405400,-28,837,890,-0.78%
2/24/2021,The Co-operative Bank of Kenya Ltd Ord 1.00,KES 13.00,155700,0,1.56%,,
2/24/2021,KCB Group Ltd Ord 1.00,KES 38.40,1478200,-51,598,410,-0.90%
2/24/2021,Equity Group Holdings Ltd Ord 0.50,KES 37.95,198400,-5,690,740,-0.65%
2/24/2021,Absa Bank Kenya Plc Ord 0.50,KES 9.84,104400,0,0.61%,,
2/24/2021,NCBA Bank Ltd Ord 5.00,KES 24.45,33100,0,3.38%,,
2/23/2021,NCBA Bank Ltd Ord 5.00,KES 23.65,1500,0,-2.47%,,
2/23/2021,Absa Bank Kenya Plc Ord 0.50,KES 9.78,243800,27,272,0.62%,
2/23/2021,The Co-operative Bank of Kenya Ltd Ord 1.00,KES 12.80,361700,0,0.00%,,
2/23/2021,KCB Group Ltd Ord 1.00,KES 38.75,1318500,-3,540,260,-1.40%
2/23/2021,Equity Group Holdings Ltd Ord 0.50,KES 38.20,2042300,-11,69,285,0.00%
2/22/2021,The Co-operative Bank of Kenya Ltd Ord 1.00,KES 12.80,127400,0,-,,
2/22/2021,Equity Group Holdings Ltd Ord 0.50,KES 38.20,1028600,-17,90,690,-
2/22/2021,NCBA Bank Ltd Ord 5.00,KES 24.25,346800,-1,326,475,-
2/22/2021,Absa Bank Kenya Plc Ord 0.50,KES 9.72,564900,1,130,220,-
2/22/2021,KCB Group Ltd Ord 1.00,KES 39.30,90000,246,765,-,
2/21/2021,KCB Group Ltd Ord 1.00,-,90000,246,765,-,
2/21/2021,Absa Bank Kenya Plc Ord 0.50,-,564900,1,130,220,-
2/21/2021,Equity Group Holdings Ltd Ord 0.50,-,1028600,-,-,,
2/21/2021,NCBA Bank Ltd Ord 5.00,-,346800,-,-,,
2/21/2021,The Co-operative Bank of Kenya Ltd Ord 1.00,-,127400,-,-,,
2/19/2021,KCB Group Ltd Ord 1.00,KES 39.50,545600,-2,506,395,1.28%
2/19/2021,The Co-operative Bank of Kenya Ltd Ord 1.00,KES 12.80,220300,0,1.99%,,
2/19/2021,Absa Bank Kenya Plc Ord 0.50,KES 9.62,156300,0,0.21%,,
2/19/2021,NCBA Bank Ltd Ord 5.00,KES 24.05,31400,0,-0.21%,,
2/19/2021,Equity Group Holdings Ltd Ord 0.50,KES 38.45,335500,-11,940,740,0.26%
2/18/2021,KCB Group Ltd Ord 1.00,KES 39.00,1136300,-27,116,840,0.39%
2/18/2021,Equity Group Holdings Ltd Ord 0.50,KES 38.35,3781500,-14,536,655,-0.52%
2/18/2021,NCBA Bank Ltd Ord 5.00,KES 24.10,4400,0,-0.21%,,
2/18/2021,The Co-operative Bank of Kenya Ltd Ord 1.00,KES 12.55,911800,0,0.80%,,
2/18/2021,Absa Bank Kenya Plc Ord 0.50,KES 9.60,52200,0,0.21%,,
2/17/2021,Absa Bank Kenya Plc Ord 0.50,KES 9.58,323600,1,968,500,0.42%
2/17/2021,Equity Group Holdings Ltd Ord 0.50,KES 38.55,1117200,-15,64,610,-1.15%
2/17/2021,KCB Group Ltd Ord 1.00,KES 38.85,3171100,-111,716,810,0.65%
2/17/2021,NCBA Bank Ltd Ord 5.00,KES 24.15,65300,0,0.42%,,
2/17/2021,The Co-operative Bank of Kenya Ltd Ord 1.00,KES 12.45,1173200,-140,80,0.00%,
2/16/2021,Equity Group Holdings Ltd Ord 0.50,KES 39.00,1555800,23,387,600,2.63%
2/16/2021,The Co-operative Bank of Kenya Ltd Ord 1.00,KES 12.45,85000,0,-1.97%,,
2/16/2021,NCBA Bank Ltd Ord 5.00,KES 24.05,77800,0,-0.41%,,
2/16/2021,KCB Group Ltd Ord 1.00,KES 38.60,2863300,-40,669,765,1.45%
2/16/2021,Absa Bank Kenya Plc Ord 0.50,KES 9.54,315000,2,98,800,-0.63%
2/15/2021,The Co-operative Bank of Kenya Ltd Ord 1.00,KES 12.70,102400,0,-,,
2/15/2021,NCBA Bank Ltd Ord 5.00,KES 24.15,6300,0,-,,
2/15/2021,Absa Bank Kenya Plc Ord 0.50,KES 9.60,2072000,19,200,0,-
2/15/2021,KCB Group Ltd Ord 1.00,KES 38.05,132300,49,530,-,
2/15/2021,Equity Group Holdings Ltd Ord 0.50,KES 38.00,255600,-7,404,975,-
2/14/2021,KCB Group Ltd Ord 1.00,-,132300,49,530,-,
2/14/2021,Absa Bank Kenya Plc Ord 0.50,-,2072000,19,200,0,-
2/14/2021,Equity Group Holdings Ltd Ord 0.50,-,255600,-,-,,
2/14/2021,The Co-operative Bank of Kenya Ltd Ord 1.00,-,102400,-,-,,
2/14/2021,NCBA Bank Ltd Ord 5.00,-,6300,-,-,,
2/12/2021,Absa Bank Kenya Plc Ord 0.50,KES 9.60,2087100,19,196,690,2.13%
2/12/2021,KCB Group Ltd Ord 1.00,KES 38.00,2705400,-97,481,400,0.66%
2/12/2021,NCBA Bank Ltd Ord 5.00,KES 24.45,24300,0,0.82%,,
2/12/2021,The Co-operative Bank of Kenya Ltd Ord 1.00,KES 12.70,132200,0,0.00%,,
2/12/2021,Equity Group Holdings Ltd Ord 0.50,KES 37.85,115000,0,0.13%,,
2/11/2021,The Co-operative Bank of Kenya Ltd Ord 1.00,KES 12.70,342100,0,1.20%,,
2/11/2021,Absa Bank Kenya Plc Ord 0.50,KES 9.40,68800,0,0.43%,,
2/11/2021,Equity Group Holdings Ltd Ord 0.50,KES 37.80,2278300,397,330,0.80%,
2/11/2021,NCBA Bank Ltd Ord 5.00,KES 24.25,119100,0,-0.82%,,
2/11/2021,KCB Group Ltd Ord 1.00,KES 37.75,45400,0,0.67%,,
2/10/2021,Absa Bank Kenya Plc Ord 0.50,KES 9.36,62400,0,0.65%,,
2/10/2021,The Co-operative Bank of Kenya Ltd Ord 1.00,KES 12.55,262700,-2,240,0,0.40%
2/10/2021,Equity Group Holdings Ltd Ord 0.50,KES 37.50,1258100,3,310,830,0.94%
2/10/2021,KCB Group Ltd Ord 1.00,KES 37.50,394700,-1,511,250,0.00%
2/10/2021,NCBA Bank Ltd Ord 5.00,KES 24.45,8600,0,0.41%,,
2/9/2021,KCB Group Ltd Ord 1.00,KES 37.50,2497300,-929,880,0.13%,
2/9/2021,The Co-operative Bank of Kenya Ltd Ord 1.00,KES 12.50,62600,0,0.00%,,
2/9/2021,NCBA Bank Ltd Ord 5.00,KES 24.35,27100,0,0.00%,,
2/9/2021,Absa Bank Kenya Plc Ord 0.50,KES 9.30,24900,4,650,1.31%,
2/9/2021,Equity Group Holdings Ltd Ord 0.50,KES 37.15,200700,648,730,0.27%,
2/8/2021,Absa Bank Kenya Plc Ord 0.50,KES 9.18,511700,-403,620,-,
2/8/2021,NCBA Bank Ltd Ord 5.00,KES 24.35,17400,0,-,,
2/8/2021,The Co-operative Bank of Kenya Ltd Ord 1.00,KES 12.50,18800,0,-,,
2/8/2021,Equity Group Holdings Ltd Ord 0.50,KES 37.05,62900,207,200,-,
2/8/2021,KCB Group Ltd Ord 1.00,KES 37.45,1480700,-48,750,0,-
2/7/2021,Equity Group Holdings Ltd Ord 0.50,-,62900,207,200,-,
2/7/2021,Absa Bank Kenya Plc Ord 0.50,-,511700,-,-,,
2/7/2021,NCBA Bank Ltd Ord 5.00,-,17400,-,-,,
2/7/2021,The Co-operative Bank of Kenya Ltd Ord 1.00,-,18800,-,-,,
2/7/2021,KCB Group Ltd Ord 1.00,-,1480700,-,-,,
2/5/2021,Equity Group Holdings Ltd Ord 0.50,KES 37.25,938300,216,825,0.13%,
2/5/2021,The Co-operative Bank of Kenya Ltd Ord 1.00,KES 12.20,259100,1,657,680,1.67%
2/5/2021,Absa Bank Kenya Plc Ord 0.50,KES 9.26,83100,139,500,1.76%,
2/5/2021,NCBA Bank Ltd Ord 5.00,KES 24.50,1200,0,0.82%,,
2/5/2021,KCB Group Ltd Ord 1.00,KES 37.05,4408000,-161,225,275,1.51%
2/4/2021,Absa Bank Kenya Plc Ord 0.50,KES 9.10,1587200,1,50,230,-0.87%
2/4/2021,Equity Group Holdings Ltd Ord 0.50,KES 37.20,3033500,4,387,660,0.00%
2/4/2021,KCB Group Ltd Ord 1.00,KES 36.50,4902200,-152,585,200,0.27%
2/4/2021,The Co-operative Bank of Kenya Ltd Ord 1.00,KES 12.00,294200,177,600,0.00%,
2/4/2021,NCBA Bank Ltd Ord 5.00,KES 24.30,34200,0,-2.80%,,
2/3/2021,Absa Bank Kenya Plc Ord 0.50,KES 9.18,38700,0,3.15%,,
2/3/2021,The Co-operative Bank of Kenya Ltd Ord 1.00,KES 12.00,193800,5,950,-4.38%,
2/3/2021,NCBA Bank Ltd Ord 5.00,KES 25.00,22200,-84,660,0.40%,
2/3/2021,KCB Group Ltd Ord 1.00,KES 36.40,5015000,-168,646,200,1.96%
2/3/2021,Equity Group Holdings Ltd Ord 0.50,KES 37.20,546000,3,758,340,-0.13%
2/2/2021,KCB Group Ltd Ord 1.00,KES 35.70,3247700,-27,377,330,-0.14%
2/2/2021,Equity Group Holdings Ltd Ord 0.50,KES 37.25,5804300,38,124,875,0.13%
2/2/2021,NCBA Bank Ltd Ord 5.00,KES 24.90,23200,0,0.61%,,
2/2/2021,Absa Bank Kenya Plc Ord 0.50,KES 8.90,2500600,3,983,700,-1.55%
2/2/2021,The Co-operative Bank of Kenya Ltd Ord 1.00,KES 12.55,43800,0,0.40%,,
2/1/2021,Absa Bank Kenya Plc Ord 0.50,KES 9.04,173200,-936,-,,
2/1/2021,The Co-operative Bank of Kenya Ltd Ord 1.00,KES 12.50,2772800,0,-,,
2/1/2021,Equity Group Holdings Ltd Ord 0.50,KES 37.20,1357800,7,138,880,-
2/1/2021,NCBA Bank Ltd Ord 5.00,KES 24.75,6400,0,-,,
2/1/2021,KCB Group Ltd Ord 1.00,KES 35.75,1209100,-35,555,205,-
1/31/2021,Equity Group Holdings Ltd Ord 0.50,-,1357800,7,138,880,-
1/31/2021,The Co-operative Bank of Kenya Ltd Ord 1.00,-,2772800,-,-,,
1/31/2021,NCBA Bank Ltd Ord 5.00,-,6400,-,-,,
1/31/2021,KCB Group Ltd Ord 1.00,-,1209100,-,-,,
1/31/2021,Absa Bank Kenya Plc Ord 0.50,-,173200,-,-,,
1/29/2021,KCB Group Ltd Ord 1.00,KES 35.85,3843900,-125,141,555,-0.14%
1/29/2021,Absa Bank Kenya Plc Ord 0.50,KES 9.32,20200,0,1.97%,,
1/29/2021,NCBA Bank Ltd Ord 5.00,KES 24.75,100,0,0.00%,,
1/29/2021,Equity Group Holdings Ltd Ord 0.50,KES 36.50,6281500,5,198,955,0.00%
1/29/2021,The Co-operative Bank of Kenya Ltd Ord 1.00,KES 12.60,53500,0,0.00%,,
1/28/2021,Equity Group Holdings Ltd Ord 0.50,KES 36.50,3623100,-29,558,255,-0.68%
1/28/2021,KCB Group Ltd Ord 1.00,KES 35.90,193900,-5,148,410,0.00%
1/28/2021,NCBA Bank Ltd Ord 5.00,KES 24.75,29900,0,0.00%,,
1/28/2021,Absa Bank Kenya Plc Ord 0.50,KES 9.14,157800,-59,220,0.44%,
1/28/2021,The Co-operative Bank of Kenya Ltd Ord 1.00,KES 12.60,35800,0,-0.40%,,
1/27/2021,Equity Group Holdings Ltd Ord 0.50,KES 36.75,5831400,23,164,20,0.00%
1/27/2021,KCB Group Ltd Ord 1.00,KES 35.90,276700,-7,991,625,-0.14%
1/27/2021,The Co-operative Bank of Kenya Ltd Ord 1.00,KES 12.65,63900,6,325,-0.39%,
1/27/2021,NCBA Bank Ltd Ord 5.00,KES 24.75,9900,-237,580,-2.17%,
1/27/2021,Absa Bank Kenya Plc Ord 0.50,KES 9.10,342500,9,300,-2.57%,
1/26/2021,KCB Group Ltd Ord 1.00,KES 35.95,116900,-2,547,800,0.00%
1/26/2021,Equity Group Holdings Ltd Ord 0.50,KES 36.75,1477700,-4,739,895,-0.27%
1/26/2021,The Co-operative Bank of Kenya Ltd Ord 1.00,KES 12.70,59400,0,0.40%,,
1/26/2021,Absa Bank Kenya Plc Ord 0.50,KES 9.34,42100,28,140,-0.21%,
1/26/2021,NCBA Bank Ltd Ord 5.00,KES 25.30,19200,0,-0.20%,,
1/25/2021,The Co-operative Bank of Kenya Ltd Ord 1.00,KES 12.65,74600,0,-,,
1/25/2021,Absa Bank Kenya Plc Ord 0.50,KES 9.36,66400,0,-,,
1/25/2021,NCBA Bank Ltd Ord 5.00,KES 25.35,4000,-40,530,-,
1/25/2021,KCB Group Ltd Ord 1.00,KES 35.95,1385000,-22,433,400,-
1/25/2021,Equity Group Holdings Ltd Ord 0.50,KES 36.85,1644000,5,674,600,-
1/24/2021,Equity Group Holdings Ltd Ord 0.50,-,1644000,5,674,600,-
1/24/2021,The Co-operative Bank of Kenya Ltd Ord 1.00,-,74600,-,-,,
1/24/2021,KCB Group Ltd Ord 1.00,-,1385000,-,-,,
1/24/2021,Absa Bank Kenya Plc Ord 0.50,-,66400,-,-,,
1/24/2021,NCBA Bank Ltd Ord 5.00,-,4000,-,-,,
1/22/2021,KCB Group Ltd Ord 1.00,KES 36.00,2299700,-27,480,165,-1.10%
1/22/2021,The Co-operative Bank of Kenya Ltd Ord 1.00,KES 12.60,78300,0,-1.95%,,
1/22/2021,Absa Bank Kenya Plc Ord 0.50,KES 9.46,31900,-948,-0.21%,,
1/22/2021,NCBA Bank Ltd Ord 5.00,KES 25.40,30300,0,-0.20%,,
1/22/2021,Equity Group Holdings Ltd Ord 0.50,KES 37.20,3044400,-205,835,0.13%,
1/21/2021,NCBA Bank Ltd Ord 5.00,KES 25.45,57400,0,-0.20%,,
1/21/2021,The Co-operative Bank of Kenya Ltd Ord 1.00,KES 12.85,106300,0,0.00%,,
1/21/2021,Absa Bank Kenya Plc Ord 0.50,KES 9.48,51000,0,-0.21%,,
1/21/2021,KCB Group Ltd Ord 1.00,KES 36.40,5453100,-194,623,940,1.82%
1/21/2021,Equity Group Holdings Ltd Ord 0.50,KES 37.15,3874700,-7,873,15,-0.27%
1/20/2021,Absa Bank Kenya Plc Ord 0.50,KES 9.50,141700,0,0.00%,,
1/20/2021,Equity Group Holdings Ltd Ord 0.50,KES 37.25,3364000,39,671,370,1.92%
1/20/2021,KCB Group Ltd Ord 1.00,KES 35.75,5962100,-166,549,910,-0.56%
1/20/2021,The Co-operative Bank of Kenya Ltd Ord 1.00,KES 12.85,41600,0,-0.77%,,
1/20/2021,NCBA Bank Ltd Ord 5.00,KES 25.50,23200,0,0.00%,,
1/19/2021,NCBA Bank Ltd Ord 5.00,KES 25.50,6800,0,0.00%,,
1/19/2021,The Co-operative Bank of Kenya Ltd Ord 1.00,KES 12.95,638400,0,-0.38%,,
1/19/2021,Absa Bank Kenya Plc Ord 0.50,KES 9.50,500200,0,0.00%,,
1/19/2021,Equity Group Holdings Ltd Ord 0.50,KES 36.55,2013500,30,348,660,-0.41%
1/19/2021,KCB Group Ltd Ord 1.00,KES 35.95,1350800,-43,857,395,-1.64%
1/18/2021,The Co-operative Bank of Kenya Ltd Ord 1.00,KES 13.00,115800,-1,11,400,-
1/18/2021,NCBA Bank Ltd Ord 5.00,KES 25.50,51700,0,-,,
1/18/2021,KCB Group Ltd Ord 1.00,KES 36.55,2468700,-3,402,680,-
1/18/2021,Equity Group Holdings Ltd Ord 0.50,KES 36.70,84200,-1,693,980,-
1/18/2021,Absa Bank Kenya Plc Ord 0.50,KES 9.50,148100,0,-,,
1/17/2021,KCB Group Ltd Ord 1.00,-,2468700,-,-,,
1/17/2021,The Co-operative Bank of Kenya Ltd Ord 1.00,-,115800,-,-,,
1/17/2021,Equity Group Holdings Ltd Ord 0.50,-,84200,-,-,,
1/17/2021,NCBA Bank Ltd Ord 5.00,-,51700,-,-,,
1/17/2021,Absa Bank Kenya Plc Ord 0.50,-,148100,-,-,,
1/15/2021,Absa Bank Kenya Plc Ord 0.50,KES 9.50,56100,0,1.06%,,
1/15/2021,The Co-operative Bank of Kenya Ltd Ord 1.00,KES 12.90,183300,0,-0.39%,,
1/15/2021,Equity Group Holdings Ltd Ord 0.50,KES 36.90,6531200,-5,96,990,-0.14%
1/15/2021,KCB Group Ltd Ord 1.00,KES 36.90,793100,15,504,910,-0.81%
1/15/2021,NCBA Bank Ltd Ord 5.00,KES 25.50,39400,0,0.59%,,
1/14/2021,NCBA Bank Ltd Ord 5.00,KES 25.35,47600,0,-0.59%,,
1/14/2021,Absa Bank Kenya Plc Ord 0.50,KES 9.40,195400,0,-0.21%,,
1/14/2021,Equity Group Holdings Ltd Ord 0.50,KES 36.95,2701000,-23,776,450,0.68%
1/14/2021,KCB Group Ltd Ord 1.00,KES 37.20,797800,-1,834,185,-1.85%
1/14/2021,The Co-operative Bank of Kenya Ltd Ord 1.00,KES 12.95,200600,-2,80,-0.77%,
1/13/2021,NCBA Bank Ltd Ord 5.00,KES 25.50,28700,-362,100,0.00%,
1/13/2021,Absa Bank Kenya Plc Ord 0.50,KES 9.42,583000,0,-0.84%,,
1/13/2021,KCB Group Ltd Ord 1.00,KES 37.90,395400,-440,270,-0.13%,
1/13/2021,The Co-operative Bank of Kenya Ltd Ord 1.00,KES 13.05,335700,-1,606,520,-0.76%
1/13/2021,Equity Group Holdings Ltd Ord 0.50,KES 36.70,1671500,4,713,770,1.66%
1/12/2021,The Co-operative Bank of Kenya Ltd Ord 1.00,KES 13.15,930300,-1,818,580,0.38%
1/12/2021,Equity Group Holdings Ltd Ord 0.50,KES 36.10,1588200,27,737,785,0.28%
1/12/2021,KCB Group Ltd Ord 1.00,KES 37.95,353700,-763,70,-0.13%,
1/12/2021,NCBA Bank Ltd Ord 5.00,KES 25.50,41400,-399,55,-0.97%,
1/12/2021,Absa Bank Kenya Plc Ord 0.50,KES 9.50,40200,0,0.42%,,
1/11/2021,Equity Group Holdings Ltd Ord 0.50,KES 36.00,314600,8,226,0,-
1/11/2021,KCB Group Ltd Ord 1.00,KES 38.00,53000,-114,0,-,
1/11/2021,NCBA Bank Ltd Ord 5.00,KES 25.75,141900,-3,360,375,-
1/11/2021,Absa Bank Kenya Plc Ord 0.50,KES 9.46,77900,0,-,,
1/11/2021,The Co-operative Bank of Kenya Ltd Ord 1.00,KES 13.10,140700,0,-,,
1/10/2021,Equity Group Holdings Ltd Ord 0.50,-,314600,8,226,0,-
1/10/2021,NCBA Bank Ltd Ord 5.00,-,141900,-,-,,
1/10/2021,KCB Group Ltd Ord 1.00,-,53000,-,-,,
1/10/2021,Absa Bank Kenya Plc Ord 0.50,-,77900,-,-,,
1/10/2021,The Co-operative Bank of Kenya Ltd Ord 1.00,-,140700,-,-,,
1/8/2021,The Co-operative Bank of Kenya Ltd Ord 1.00,KES 13.00,134600,0,1.17%,,
1/8/2021,Equity Group Holdings Ltd Ord 0.50,KES 36.00,884600,-2,127,600,0.00%
1/8/2021,NCBA Bank Ltd Ord 5.00,KES 25.60,39100,0,0.20%,,
1/8/2021,Absa Bank Kenya Plc Ord 0.50,KES 9.48,137900,978,0.85%,,
1/8/2021,KCB Group Ltd Ord 1.00,KES 38.30,61800,-947,120,0.79%,
1/7/2021,NCBA Bank Ltd Ord 5.00,KES 25.55,25300,0,2.00%,,
1/7/2021,KCB Group Ltd Ord 1.00,KES 38.00,60400,26,580,-1.30%,
1/7/2021,Equity Group Holdings Ltd Ord 0.50,KES 36.00,897100,-30,600,60,0.00%
1/7/2021,The Co-operative Bank of Kenya Ltd Ord 1.00,KES 12.85,59900,0,1.98%,,
1/7/2021,Absa Bank Kenya Plc Ord 0.50,KES 9.40,194700,-158,592,-0.42%,
1/6/2021,The Co-operative Bank of Kenya Ltd Ord 1.00,KES 12.60,117100,0,0.80%,,
1/6/2021,Absa Bank Kenya Plc Ord 0.50,KES 9.44,233400,-717,432,0.00%,
1/6/2021,NCBA Bank Ltd Ord 5.00,KES 25.05,89600,-332,510,-2.72%,
1/6/2021,Equity Group Holdings Ltd Ord 0.50,KES 36.00,4349400,-136,393,300,-0.14%
1/6/2021,KCB Group Ltd Ord 1.00,KES 38.50,2287900,-85,27,280,0.00%
1/5/2021,Equity Group Holdings Ltd Ord 0.50,KES 36.05,879200,-2,365,620,-0.55%
1/5/2021,KCB Group Ltd Ord 1.00,KES 38.50,70000,130,900,1.05%,
1/5/2021,Absa Bank Kenya Plc Ord 0.50,KES 9.44,1923300,-15,444,940,-0.84%
1/5/2021,NCBA Bank Ltd Ord 5.00,KES 25.75,67900,-26,500,-3.20%,
1/5/2021,The Co-operative Bank of Kenya Ltd Ord 1.00,KES 12.50,425500,0,-0.40%,,
1/4/2021,The Co-operative Bank of Kenya Ltd Ord 1.00,KES 12.55,248100,0,-,,
1/4/2021,NCBA Bank Ltd Ord 5.00,KES 26.60,7700,0,-,,
1/4/2021,Equity Group Holdings Ltd Ord 0.50,KES 36.25,1955500,3,650,-,
1/4/2021,Absa Bank Kenya Plc Ord 0.50,KES 9.52,18500,950,-,,
1/4/2021,KCB Group Ltd Ord 1.00,KES 38.10,58500,3,850,-,
1/3/2021,KCB Group Ltd Ord 1.00,-,58500,3,850,-,
1/3/2021,Equity Group Holdings Ltd Ord 0.50,-,1955500,3,650,-,
1/3/2021,Absa Bank Kenya Plc Ord 0.50,-,18500,950,-,,
1/3/2021,The Co-operative Bank of Kenya Ltd Ord 1.00,-,248100,-,-,,
1/3/2021,NCBA Bank Ltd Ord 5.00,-,7700,-,-,,
12/31/2020,NCBA Bank Ltd Ord 5.00,-,131900,0,-,,
12/31/2020,KCB Group Ltd Ord 1.00,-,118900,0,-,,
12/31/2020,The Co-operative Bank of Kenya Ltd Ord 1.00,-,58300,0,-,,
12/31/2020,Equity Group Holdings Ltd Ord 0.50,-,227600,2,670,880,-
12/31/2020,Absa Bank Kenya Plc Ord 0.50,-,34100,0,-,,
12/30/2020,Absa Bank Kenya Plc Ord 0.50,KES 9.66,26900,0,1.90%,,
12/30/2020,The Co-operative Bank of Kenya Ltd Ord 1.00,KES 12.50,99400,0,3.31%,,
12/30/2020,Equity Group Holdings Ltd Ord 0.50,KES 36.55,580200,414,525,0.69%,
12/30/2020,NCBA Bank Ltd Ord 5.00,KES 26.75,86200,-125,0,7.65%,
12/30/2020,KCB Group Ltd Ord 1.00,KES 38.10,81200,5,750,0.00%,
12/29/2020,NCBA Bank Ltd Ord 5.00,KES 24.85,99500,0,1.43%,,
12/29/2020,Equity Group Holdings Ltd Ord 0.50,KES 36.30,26900,1,762.5,3.42%,
12/29/2020,The Co-operative Bank of Kenya Ltd Ord 1.00,KES 12.10,242500,600,0.83%,,
12/29/2020,KCB Group Ltd Ord 1.00,KES 38.10,934600,-59,950,0.66%,
12/29/2020,Absa Bank Kenya Plc Ord 0.50,KES 9.48,108500,470,-0.21%,,
12/28/2020,Equity Group Holdings Ltd Ord 0.50,KES 35.10,19900,-1,750,-,
12/28/2020,KCB Group Ltd Ord 1.00,KES 37.85,139500,-1,638,750,-
12/28/2020,Absa Bank Kenya Plc Ord 0.50,KES 9.50,31800,0,-,,
12/28/2020,NCBA Bank Ltd Ord 5.00,KES 24.50,21600,0,-,,
12/28/2020,The Co-operative Bank of Kenya Ltd Ord 1.00,KES 12.00,2087800,0,-,,
12/27/2020,The Co-operative Bank of Kenya Ltd Ord 1.00,-,2087800,-,-,,
12/27/2020,Absa Bank Kenya Plc Ord 0.50,-,31800,-,-,,
12/27/2020,Equity Group Holdings Ltd Ord 0.50,-,19900,-,-,,
12/27/2020,KCB Group Ltd Ord 1.00,-,139500,-,-,,
12/27/2020,NCBA Bank Ltd Ord 5.00,-,21600,-,-,,
12/24/2020,Absa Bank Kenya Plc Ord 0.50,KES 9.42,8200,0,-2.08%,,
12/24/2020,NCBA Bank Ltd Ord 5.00,KES 24.10,53800,0,-1.63%,,
12/24/2020,The Co-operative Bank of Kenya Ltd Ord 1.00,KES 11.90,132600,0,0.00%,,
12/24/2020,Equity Group Holdings Ltd Ord 0.50,KES 35.00,3020400,-35,901,770,1.01%
12/24/2020,KCB Group Ltd Ord 1.00,KES 37.55,4792500,-85,81,935,1.49%
12/23/2020,KCB Group Ltd Ord 1.00,KES 37.00,84700,-464,715,0.27%,
12/23/2020,NCBA Bank Ltd Ord 5.00,KES 24.50,2500,0,2.30%,,
12/23/2020,Absa Bank Kenya Plc Ord 0.50,KES 9.62,606500,0,4.11%,,
12/23/2020,Equity Group Holdings Ltd Ord 0.50,KES 34.65,1069600,-14,744,790,0.14%
12/23/2020,The Co-operative Bank of Kenya Ltd Ord 1.00,KES 11.90,120300,0,0.42%,,
12/22/2020,Equity Group Holdings Ltd Ord 0.50,KES 34.60,2497000,-32,701,545,0.00%
12/22/2020,KCB Group Ltd Ord 1.00,KES 36.90,1878900,-7,734,872.5,0.00%
12/22/2020,The Co-operative Bank of Kenya Ltd Ord 1.00,KES 11.85,63000,0,0.42%,,
12/22/2020,Absa Bank Kenya Plc Ord 0.50,KES 9.24,75900,-87,860,0.43%,
12/22/2020,NCBA Bank Ltd Ord 5.00,KES 23.95,1900,0,-0.21%,,
12/21/2020,NCBA Bank Ltd Ord 5.00,KES 24.00,106500,0,-,,
12/21/2020,Equity Group Holdings Ltd Ord 0.50,KES 34.60,784300,-1,363,470,-
12/21/2020,KCB Group Ltd Ord 1.00,KES 36.90,647200,-1,414,870,-
12/21/2020,Absa Bank Kenya Plc Ord 0.50,KES 9.20,103600,460,-,,
12/21/2020,The Co-operative Bank of Kenya Ltd Ord 1.00,KES 11.80,76300,0,-,,
12/20/2020,Absa Bank Kenya Plc Ord 0.50,-,103600,460,-,,
12/20/2020,NCBA Bank Ltd Ord 5.00,-,106500,-,-,,
12/20/2020,Equity Group Holdings Ltd Ord 0.50,-,784300,-,-,,
12/20/2020,KCB Group Ltd Ord 1.00,-,647200,-,-,,
12/20/2020,The Co-operative Bank of Kenya Ltd Ord 1.00,-,76300,-,-,,
12/18/2020,Equity Group Holdings Ltd Ord 0.50,KES 34.60,2341100,5,54,985,0.14%
12/18/2020,KCB Group Ltd Ord 1.00,KES 36.75,641700,-11,82,665,-0.14%
12/18/2020,The Co-operative Bank of Kenya Ltd Ord 1.00,KES 11.75,81900,5,297.5,0.43%,
12/18/2020,Absa Bank Kenya Plc Ord 0.50,KES 9.20,55200,18,860,0.44%,
12/18/2020,NCBA Bank Ltd Ord 5.00,KES 23.85,16300,0,1.49%,,
12/17/2020,Equity Group Holdings Ltd Ord 0.50,KES 34.55,881700,-9,678,490,1.62%
12/17/2020,KCB Group Ltd Ord 1.00,KES 36.80,1721400,0,-0.27%,,
12/17/2020,NCBA Bank Ltd Ord 5.00,KES 23.50,18900,0,0.43%,,
12/17/2020,The Co-operative Bank of Kenya Ltd Ord 1.00,KES 11.70,1789500,-4,709,510,0.00%
12/17/2020,Absa Bank Kenya Plc Ord 0.50,KES 9.16,287200,0,-0.43%,,
12/16/2020,NCBA Bank Ltd Ord 5.00,KES 23.40,7400,17,250,1.08%,
12/16/2020,Absa Bank Kenya Plc Ord 0.50,KES 9.20,276300,6,975,-0.86%,
12/16/2020,KCB Group Ltd Ord 1.00,KES 36.90,872000,-15,7,702.5,0.14%
12/16/2020,Equity Group Holdings Ltd Ord 0.50,KES 34.00,4099900,-43,101,567.5,-1.88%
12/16/2020,The Co-operative Bank of Kenya Ltd Ord 1.00,KES 11.70,23700,0,-0.43%,,
12/15/2020,Absa Bank Kenya Plc Ord 0.50,KES 9.28,2105600,-7,102,158,-0.64%
12/15/2020,Equity Group Holdings Ltd Ord 0.50,KES 34.65,3311600,-10,969,670,-1.00%
12/15/2020,NCBA Bank Ltd Ord 5.00,KES 23.15,444400,0,-0.64%,,
12/15/2020,KCB Group Ltd Ord 1.00,KES 36.85,2430200,-19,510,227.5,-0.14%
12/15/2020,The Co-operative Bank of Kenya Ltd Ord 1.00,KES 11.75,4974800,-5,481,487.5,0.43%
12/14/2020,The Co-operative Bank of Kenya Ltd Ord 1.00,KES 11.70,126800,0,-,,
12/14/2020,KCB Group Ltd Ord 1.00,KES 36.90,200100,-1,136,522.5,-
12/14/2020,Equity Group Holdings Ltd Ord 0.50,KES 35.00,874900,-11,761,757.5,-
12/14/2020,Absa Bank Kenya Plc Ord 0.50,KES 9.34,253400,-441,883,-,
12/14/2020,NCBA Bank Ltd Ord 5.00,KES 23.30,38200,-232,500,-,
12/13/2020,KCB Group Ltd Ord 1.00,-,200100,-,-,,
12/13/2020,Absa Bank Kenya Plc Ord 0.50,-,253400,-,-,,
12/13/2020,The Co-operative Bank of Kenya Ltd Ord 1.00,-,126800,-,-,,
12/13/2020,NCBA Bank Ltd Ord 5.00,-,38200,-,-,,
12/13/2020,Equity Group Holdings Ltd Ord 0.50,-,874900,-,-,,
12/11/2020,NCBA Bank Ltd Ord 5.00,KES 23.25,64000,0,-0.21%,,
12/11/2020,Absa Bank Kenya Plc Ord 0.50,KES 9.34,99100,485,-2.30%,,
12/11/2020,The Co-operative Bank of Kenya Ltd Ord 1.00,KES 11.80,122900,555,995,0.85%,
12/11/2020,Equity Group Holdings Ltd Ord 0.50,KES 35.00,3206000,-35,8,902.5,0.00%
12/11/2020,KCB Group Ltd Ord 1.00,KES 36.95,81200,-1,193,250,-0.14%
12/10/2020,KCB Group Ltd Ord 1.00,KES 37.00,1192600,-12,833,705,0.00%
12/10/2020,The Co-operative Bank of Kenya Ltd Ord 1.00,KES 11.70,66700,159,20,0.86%,
12/10/2020,Absa Bank Kenya Plc Ord 0.50,KES 9.56,10400,0,-1.65%,,
12/10/2020,NCBA Bank Ltd Ord 5.00,KES 23.30,10200,0,0.65%,,
12/10/2020,Equity Group Holdings Ltd Ord 0.50,KES 35.00,3749400,-15,280,47.5,0.86%
12/9/2020,NCBA Bank Ltd Ord 5.00,KES 23.15,45600,0,0.00%,,
12/9/2020,Equity Group Holdings Ltd Ord 0.50,KES 34.70,4916400,-53,974,347.5,0.00%
12/9/2020,KCB Group Ltd Ord 1.00,KES 37.00,158200,-392,567.5,0.14%,
12/9/2020,Absa Bank Kenya Plc Ord 0.50,KES 9.72,691500,-3,13,305,0.21%
12/9/2020,The Co-operative Bank of Kenya Ltd Ord 1.00,KES 11.60,47100,0,0.43%,,
12/8/2020,NCBA Bank Ltd Ord 5.00,KES 23.15,245800,0,-0.64%,,
12/8/2020,KCB Group Ltd Ord 1.00,KES 36.95,1210800,-17,531,87.5,0.41%
12/8/2020,Equity Group Holdings Ltd Ord 0.50,KES 34.70,9017900,-27,213,835,0.00%
12/8/2020,The Co-operative Bank of Kenya Ltd Ord 1.00,KES 11.55,2183100,-11,958,725,-0.86%
12/8/2020,Absa Bank Kenya Plc Ord 0.50,KES 9.70,936400,0,-0.82%,,
12/7/2020,NCBA Bank Ltd Ord 5.00,KES 23.30,22400,0,-,,
12/7/2020,Absa Bank Kenya Plc Ord 0.50,KES 9.78,122000,0,-,,
12/7/2020,Equity Group Holdings Ltd Ord 0.50,KES 34.70,81500,0,-,,
12/7/2020,KCB Group Ltd Ord 1.00,KES 36.80,153900,-119,995,-,
12/7/2020,The Co-operative Bank of Kenya Ltd Ord 1.00,KES 11.65,58200,0,-,,
12/6/2020,Equity Group Holdings Ltd Ord 0.50,-,81500,-,-,,
12/6/2020,The Co-operative Bank of Kenya Ltd Ord 1.00,-,58200,-,-,,
12/6/2020,KCB Group Ltd Ord 1.00,-,153900,-,-,,
12/6/2020,Absa Bank Kenya Plc Ord 0.50,-,122000,-,-,,
12/6/2020,NCBA Bank Ltd Ord 5.00,-,22400,-,-,,
12/4/2020,KCB Group Ltd Ord 1.00,KES 36.90,5248900,-69,27,120,0.54%
12/4/2020,Absa Bank Kenya Plc Ord 0.50,KES 9.78,220400,-192,60,0.20%,
12/4/2020,NCBA Bank Ltd Ord 5.00,KES 23.30,7100,0,1.75%,,
12/4/2020,Equity Group Holdings Ltd Ord 0.50,KES 34.75,223900,-515,450,-0.86%,
12/4/2020,The Co-operative Bank of Kenya Ltd Ord 1.00,KES 11.65,63900,0,0.43%,,
12/3/2020,Absa Bank Kenya Plc Ord 0.50,KES 9.76,1241600,19,200,0.62%,
12/3/2020,KCB Group Ltd Ord 1.00,KES 36.70,3391500,-11,147,607.5,-0.81%
12/3/2020,Equity Group Holdings Ltd Ord 0.50,KES 35.05,3859200,-28,740,500,-0.99%
12/3/2020,NCBA Bank Ltd Ord 5.00,KES 22.90,71200,0,0.00%,,
12/3/2020,The Co-operative Bank of Kenya Ltd Ord 1.00,KES 11.60,222900,0,-0.43%,,
12/2/2020,Equity Group Holdings Ltd Ord 0.50,KES 35.40,8551000,-111,165,37.5,0.28%
12/2/2020,KCB Group Ltd Ord 1.00,KES 37.00,77400,-692,20,0.00%,
12/2/2020,The Co-operative Bank of Kenya Ltd Ord 1.00,KES 11.65,56300,0,0.43%,,
12/2/2020,NCBA Bank Ltd Ord 5.00,KES 22.90,2000,0,4.09%,,
12/2/2020,Absa Bank Kenya Plc Ord 0.50,KES 9.70,62700,0,3.63%,,
12/1/2020,NCBA Bank Ltd Ord 5.00,KES 22.00,14500,0,2.33%,,
12/1/2020,The Co-operative Bank of Kenya Ltd Ord 1.00,KES 11.60,70000,0,0.43%,,
12/1/2020,Equity Group Holdings Ltd Ord 0.50,KES 35.30,171900,-2,379,977.5,0.71%
12/1/2020,Absa Bank Kenya Plc Ord 0.50,KES 9.36,480400,0,-4.29%,,
12/1/2020,KCB Group Ltd Ord 1.00,KES 37.00,7834700,-137,868,917.5,-0.54%
11/30/2020,Equity Group Holdings Ltd Ord 0.50,KES 35.05,6029100,-89,512,790,-
11/30/2020,Absa Bank Kenya Plc Ord 0.50,KES 9.78,49300,-5,700,-,
11/30/2020,The Co-operative Bank of Kenya Ltd Ord 1.00,KES 11.55,55800,0,-,,
11/30/2020,KCB Group Ltd Ord 1.00,KES 37.20,3949100,326,890,-,
11/30/2020,NCBA Bank Ltd Ord 5.00,KES 21.50,81300,0,-,,
11/29/2020,KCB Group Ltd Ord 1.00,-,3949100,326,890,-,
11/29/2020,Absa Bank Kenya Plc Ord 0.50,-,49300,-,-,,
11/29/2020,Equity Group Holdings Ltd Ord 0.50,-,6029100,-,-,,
11/29/2020,The Co-operative Bank of Kenya Ltd Ord 1.00,-,55800,-,-,,
11/29/2020,NCBA Bank Ltd Ord 5.00,-,81300,-,-,,
11/27/2020,KCB Group Ltd Ord 1.00,KES 37.00,3949100,19,112,165,-0.40%
11/27/2020,Absa Bank Kenya Plc Ord 0.50,KES 9.54,49300,19,200,0.00%,
11/27/2020,NCBA Bank Ltd Ord 5.00,KES 22.50,81300,1,140,-1.96%,
11/27/2020,Equity Group Holdings Ltd Ord 0.50,KES 34.60,6029100,21,187,860,0.58%
11/27/2020,The Co-operative Bank of Kenya Ltd Ord 1.00,KES 11.55,55800,2,925,-0.43%,
11/26/2020,NCBA Bank Ltd Ord 5.00,KES 22.95,7308800,-940,55,-2.34%,
11/26/2020,Equity Group Holdings Ltd Ord 0.50,KES 34.40,1657800,-7,611,957.5,-3.23%
11/26/2020,The Co-operative Bank of Kenya Ltd Ord 1.00,KES 11.60,218700,-800,975,0.87%,
11/26/2020,KCB Group Ltd Ord 1.00,KES 37.15,1568900,-6,369,987.5,-1.72%
11/26/2020,Absa Bank Kenya Plc Ord 0.50,KES 9.54,83700,0,2.14%,,
11/25/2020,The Co-operative Bank of Kenya Ltd Ord 1.00,KES 11.50,76500,2,862.5,-1.29%,
11/25/2020,Equity Group Holdings Ltd Ord 0.50,KES 35.55,1232600,-5,858,20,-0.28%
11/25/2020,NCBA Bank Ltd Ord 5.00,KES 23.50,2600,0,3.98%,,
11/25/2020,KCB Group Ltd Ord 1.00,KES 37.80,67200,924,480,0.53%,
11/25/2020,Absa Bank Kenya Plc Ord 0.50,KES 9.34,2769700,-12,690,543,-0.64%
11/24/2020,Absa Bank Kenya Plc Ord 0.50,KES 9.40,4094100,-18,799,50,0.00%
11/24/2020,KCB Group Ltd Ord 1.00,KES 37.60,129000,1,529,362.5,1.08%
11/24/2020,Equity Group Holdings Ltd Ord 0.50,KES 35.65,4735100,-61,946,105,0.00%
11/24/2020,NCBA Bank Ltd Ord 5.00,KES 22.60,17700,-32,627.5,0.00%,
11/24/2020,The Co-operative Bank of Kenya Ltd Ord 1.00,KES 11.65,76000,0,1.30%,,
11/23/2020,Equity Group Holdings Ltd Ord 0.50,KES 35.65,669500,4,407,875,-
11/23/2020,NCBA Bank Ltd Ord 5.00,KES 22.60,10500,-63,255,-,
11/23/2020,Absa Bank Kenya Plc Ord 0.50,KES 9.40,54700,0,-,,
11/23/2020,KCB Group Ltd Ord 1.00,KES 37.20,4407300,-40,144,597.5,-
11/23/2020,The Co-operative Bank of Kenya Ltd Ord 1.00,KES 11.50,54700,0,-,,
11/22/2020,Equity Group Holdings Ltd Ord 0.50,-,669500,4,407,875,-
11/22/2020,NCBA Bank Ltd Ord 5.00,-,10500,-,-,,
11/22/2020,The Co-operative Bank of Kenya Ltd Ord 1.00,-,54700,-,-,,
11/22/2020,Absa Bank Kenya Plc Ord 0.50,-,54700,-,-,,
11/22/2020,KCB Group Ltd Ord 1.00,-,4407300,-,-,,
11/20/2020,Absa Bank Kenya Plc Ord 0.50,KES 9.54,398200,16,800,-0.42%,
11/20/2020,The Co-operative Bank of Kenya Ltd Ord 1.00,KES 11.50,219500,444,15,-1.29%,
11/20/2020,KCB Group Ltd Ord 1.00,KES 36.80,155000,-1,916,715,1.66%
11/20/2020,NCBA Bank Ltd Ord 5.00,KES 22.60,357500,0,-0.44%,,
11/20/2020,Equity Group Holdings Ltd Ord 0.50,KES 35.55,3350500,-25,174,777.5,0.57%
11/19/2020,The Co-operative Bank of Kenya Ltd Ord 1.00,KES 11.65,189700,-694,727.5,0.00%,
11/19/2020,Equity Group Holdings Ltd Ord 0.50,KES 35.35,5324700,-316,277.5,-1.67%,
11/19/2020,Absa Bank Kenya Plc Ord 0.50,KES 9.58,94900,35,780,-1.84%,
11/19/2020,KCB Group Ltd Ord 1.00,KES 36.20,348700,-1,828,975,0.70%
11/19/2020,NCBA Bank Ltd Ord 5.00,KES 22.70,51500,0,0.67%,,
11/18/2020,Absa Bank Kenya Plc Ord 0.50,KES 9.76,942100,-3,150,0,-2.40%
11/18/2020,Equity Group Holdings Ltd Ord 0.50,KES 35.95,445600,7,289,40,-0.96%
11/18/2020,The Co-operative Bank of Kenya Ltd Ord 1.00,KES 11.65,289800,-1,124,700,1.75%
11/18/2020,NCBA Bank Ltd Ord 5.00,KES 22.55,6100,0,0.22%,,
11/18/2020,KCB Group Ltd Ord 1.00,KES 35.95,69900,165,800,-2.31%,
11/17/2020,Equity Group Holdings Ltd Ord 0.50,KES 36.30,172800,729,792.5,-0.68%,
11/17/2020,Absa Bank Kenya Plc Ord 0.50,KES 10.00,5375300,-25,0,0,0.00%
11/17/2020,NCBA Bank Ltd Ord 5.00,KES 22.50,400,0,0.45%,,
11/17/2020,KCB Group Ltd Ord 1.00,KES 36.80,862700,-11,762,582.5,-1.87%
11/17/2020,The Co-operative Bank of Kenya Ltd Ord 1.00,KES 11.45,586500,-2,764,25,-0.43%
11/16/2020,KCB Group Ltd Ord 1.00,KES 37.50,405200,429,545,-,
11/16/2020,Equity Group Holdings Ltd Ord 0.50,KES 36.55,2818200,706,307.5,-,
11/16/2020,The Co-operative Bank of Kenya Ltd Ord 1.00,KES 11.50,62300,-276,575,-,
11/16/2020,Absa Bank Kenya Plc Ord 0.50,KES 10.00,52600,0,-,,
11/16/2020,NCBA Bank Ltd Ord 5.00,KES 22.40,2600,0,-,,
11/15/2020,Equity Group Holdings Ltd Ord 0.50,-,2818200,706,308,-,
11/15/2020,KCB Group Ltd Ord 1.00,-,405200,429,545,-,
11/15/2020,Absa Bank Kenya Plc Ord 0.50,-,52600,-,-,,
11/15/2020,NCBA Bank Ltd Ord 5.00,-,2600,-,-,,
11/15/2020,The Co-operative Bank of Kenya Ltd Ord 1.00,-,62300,-,-,,
11/13/2020,KCB Group Ltd Ord 1.00,KES 37.55,1077800,-13,517,745,0.13%
11/13/2020,Equity Group Holdings Ltd Ord 0.50,KES 36.75,1673800,11,297,300,-0.14%
11/13/2020,The Co-operative Bank of Kenya Ltd Ord 1.00,KES 11.50,2288700,-3,369,145,0.88%
11/13/2020,NCBA Bank Ltd Ord 5.00,KES 21.95,22700,0,-0.23%,,
11/13/2020,Absa Bank Kenya Plc Ord 0.50,KES 9.78,4725800,-11,668,635,-1.21%
11/12/2020,Absa Bank Kenya Plc Ord 0.50,KES 9.90,79600,0,0.41%,,
11/12/2020,KCB Group Ltd Ord 1.00,KES 37.50,1049700,347,800,0.27%,
11/12/2020,Equity Group Holdings Ltd Ord 0.50,KES 36.80,2985200,-29,619,0,2.22%
11/12/2020,The Co-operative Bank of Kenya Ltd Ord 1.00,KES 11.40,421200,-1,852,372.5,0.00%
11/12/2020,NCBA Bank Ltd Ord 5.00,KES 22.00,2600,0,-2.44%,,
11/11/2020,KCB Group Ltd Ord 1.00,KES 37.40,1987700,-14,763,135,-1.32%
11/11/2020,Absa Bank Kenya Plc Ord 0.50,KES 9.86,72700,27,100,1.02%,
11/11/2020,Equity Group Holdings Ltd Ord 0.50,KES 36.00,436300,4,640,460,0.14%
11/11/2020,The Co-operative Bank of Kenya Ltd Ord 1.00,KES 11.40,82100,-156,750,0.00%,
11/11/2020,NCBA Bank Ltd Ord 5.00,KES 22.55,64400,0,1.35%,,
11/10/2020,Absa Bank Kenya Plc Ord 0.50,KES 9.76,2812100,-2,155,454,1.67%
11/10/2020,KCB Group Ltd Ord 1.00,KES 37.90,1169900,-14,293,990,2.43%
11/10/2020,Equity Group Holdings Ltd Ord 0.50,KES 35.95,2394200,-4,773,400,2.71%
11/10/2020,NCBA Bank Ltd Ord 5.00,KES 22.25,8200,-10,125,-1.11%,
11/10/2020,The Co-operative Bank of Kenya Ltd Ord 1.00,KES 11.40,1569700,-8,327,97.5,0.44%
11/9/2020,NCBA Bank Ltd Ord 5.00,KES 22.50,23200,0,-,,
11/9/2020,Equity Group Holdings Ltd Ord 0.50,KES 35.00,110600,-669,900,-,
11/9/2020,Absa Bank Kenya Plc Ord 0.50,KES 9.60,43200,0,-,,
11/9/2020,KCB Group Ltd Ord 1.00,KES 37.00,246100,0,-,,
11/9/2020,The Co-operative Bank of Kenya Ltd Ord 1.00,KES 11.35,57900,-139,150,-,
11/8/2020,Absa Bank Kenya Plc Ord 0.50,-,43200,-,-,,
11/8/2020,The Co-operative Bank of Kenya Ltd Ord 1.00,-,57900,-,-,,
11/8/2020,Equity Group Holdings Ltd Ord 0.50,-,110600,-,-,,
11/8/2020,NCBA Bank Ltd Ord 5.00,-,23200,-,-,,
11/8/2020,KCB Group Ltd Ord 1.00,-,246100,-,-,,
11/6/2020,NCBA Bank Ltd Ord 5.00,KES 22.10,5600,0,0.68%,,
11/6/2020,Absa Bank Kenya Plc Ord 0.50,KES 9.56,65500,0,0.63%,,
11/6/2020,KCB Group Ltd Ord 1.00,KES 36.40,2056100,-24,800,905,2.25%
11/6/2020,Equity Group Holdings Ltd Ord 0.50,KES 34.40,3421800,-7,588,300,-1.71%
11/6/2020,The Co-operative Bank of Kenya Ltd Ord 1.00,KES 11.40,363300,-42,750,-1.72%,
11/5/2020,Absa Bank Kenya Plc Ord 0.50,KES 9.50,25300,468,1.28%,,
11/5/2020,KCB Group Ltd Ord 1.00,KES 35.60,18146300,-301,160,670,0.56%
11/5/2020,NCBA Bank Ltd Ord 5.00,KES 21.95,28700,0,-0.23%,,
11/5/2020,Equity Group Holdings Ltd Ord 0.50,KES 35.00,1814900,-12,340,955,1.01%
11/5/2020,The Co-operative Bank of Kenya Ltd Ord 1.00,KES 11.60,12900,570,0.87%,,
11/4/2020,NCBA Bank Ltd Ord 5.00,KES 22.00,13900,0,1.15%,,
11/4/2020,KCB Group Ltd Ord 1.00,KES 35.40,4699000,-82,892,307.5,0.00%
11/4/2020,The Co-operative Bank of Kenya Ltd Ord 1.00,KES 11.50,92400,-148,125,-1.71%,
11/4/2020,Absa Bank Kenya Plc Ord 0.50,KES 9.38,33400,0,1.52%,,
11/4/2020,Equity Group Holdings Ltd Ord 0.50,KES 34.65,2369200,-20,996,970,5.64%
11/3/2020,The Co-operative Bank of Kenya Ltd Ord 1.00,KES 11.70,129100,-513,777.5,1.30%,
11/3/2020,Equity Group Holdings Ltd Ord 0.50,KES 32.80,2737600,-42,48,740,0.15%
11/3/2020,NCBA Bank Ltd Ord 5.00,KES 21.75,20600,0,-1.14%,,
11/3/2020,KCB Group Ltd Ord 1.00,KES 35.40,134100,-839,875,-0.56%,
11/3/2020,Absa Bank Kenya Plc Ord 0.50,KES 9.24,97300,0,0.22%,,
11/2/2020,The Co-operative Bank of Kenya Ltd Ord 1.00,KES 11.55,173700,0,-,,
11/2/2020,Equity Group Holdings Ltd Ord 0.50,KES 32.75,1092100,-11,843,890,-
11/2/2020,KCB Group Ltd Ord 1.00,KES 35.60,159500,-1,45,812.5,-
11/2/2020,NCBA Bank Ltd Ord 5.00,KES 22.00,132900,9,472.5,-,
11/2/2020,Absa Bank Kenya Plc Ord 0.50,KES 9.22,60500,1,399,-,
11/1/2020,Absa Bank Kenya Plc Ord 0.50,-,60500,1,399,-,
11/1/2020,NCBA Bank Ltd Ord 5.00,-,132900,9,473,-,
11/1/2020,The Co-operative Bank of Kenya Ltd Ord 1.00,-,173700,-,-,,
11/1/2020,KCB Group Ltd Ord 1.00,-,159500,-,-,,
11/1/2020,Equity Group Holdings Ltd Ord 0.50,-,1092100,-,-,,
10/30/2020,The Co-operative Bank of Kenya Ltd Ord 1.00,KES 11.50,21600,3,972.5,1.77%,
10/30/2020,Absa Bank Kenya Plc Ord 0.50,KES 9.28,41900,474,-1.69%,,
10/30/2020,NCBA Bank Ltd Ord 5.00,KES 22.05,316400,0,-2.65%,,
10/30/2020,KCB Group Ltd Ord 1.00,KES 35.90,1539900,-26,697,590,-0.42%
10/30/2020,Equity Group Holdings Ltd Ord 0.50,KES 33.35,1043000,-15,651,572.5,-1.62%
10/29/2020,KCB Group Ltd Ord 1.00,KES 36.05,934000,-2,978,875,-1.37%
10/29/2020,Equity Group Holdings Ltd Ord 0.50,KES 33.90,1542800,-24,974,762.5,-0.29%
10/29/2020,NCBA Bank Ltd Ord 5.00,KES 22.65,79200,0,1.80%,,
10/29/2020,Absa Bank Kenya Plc Ord 0.50,KES 9.44,64300,0,0.21%,,
10/29/2020,The Co-operative Bank of Kenya Ltd Ord 1.00,KES 11.30,53500,0,-0.44%,,
10/28/2020,KCB Group Ltd Ord 1.00,KES 36.55,86100,185,335,-0.54%,
10/28/2020,NCBA Bank Ltd Ord 5.00,KES 22.25,5900,0,-1.77%,,
10/28/2020,Equity Group Holdings Ltd Ord 0.50,KES 34.00,1132500,-1,264,587.5,-1.02%
10/28/2020,Absa Bank Kenya Plc Ord 0.50,KES 9.42,140700,0,0.21%,,
10/28/2020,The Co-operative Bank of Kenya Ltd Ord 1.00,KES 11.35,66800,-331,540,1.79%,
10/27/2020,NCBA Bank Ltd Ord 5.00,KES 22.65,10000,4,560,0.22%,
10/27/2020,KCB Group Ltd Ord 1.00,KES 36.75,48000,213,850,0.41%,
10/27/2020,Absa Bank Kenya Plc Ord 0.50,KES 9.40,1098900,-4,731,19,0.00%
10/27/2020,The Co-operative Bank of Kenya Ltd Ord 1.00,KES 11.15,311800,-1,301,470,0.00%
10/27/2020,Equity Group Holdings Ltd Ord 0.50,KES 34.35,873000,-9,727,647.5,-0.15%
10/26/2020,Absa Bank Kenya Plc Ord 0.50,KES 9.40,2018400,-9,400,4,-
10/26/2020,The Co-operative Bank of Kenya Ltd Ord 1.00,KES 11.15,164300,-557,345,-,
10/26/2020,Equity Group Holdings Ltd Ord 0.50,KES 34.40,1955000,-586,500,-,
10/26/2020,NCBA Bank Ltd Ord 5.00,KES 22.60,18700,0,-,,
10/26/2020,KCB Group Ltd Ord 1.00,KES 36.60,4465500,-53,351,55,-
10/25/2020,Equity Group Holdings Ltd Ord 0.50,-,1955000,-,-,,
10/25/2020,Absa Bank Kenya Plc Ord 0.50,-,2018400,-,-,,
10/25/2020,The Co-operative Bank of Kenya Ltd Ord 1.00,-,164300,-,-,,
10/25/2020,KCB Group Ltd Ord 1.00,-,4465500,-,-,,
10/25/2020,NCBA Bank Ltd Ord 5.00,-,18700,-,-,,
10/23/2020,KCB Group Ltd Ord 1.00,KES 36.90,2374000,-37,462,705,-0.40%
10/23/2020,NCBA Bank Ltd Ord 5.00,KES 22.55,9100,0,-0.88%,,
10/23/2020,Equity Group Holdings Ltd Ord 0.50,KES 34.50,38700,-386,400,0.44%,
10/23/2020,The Co-operative Bank of Kenya Ltd Ord 1.00,KES 11.45,133700,-632,700,0.44%,
10/23/2020,Absa Bank Kenya Plc Ord 0.50,KES 9.40,24000,2,880,0.00%,
10/22/2020,KCB Group Ltd Ord 1.00,KES 37.05,4334800,-8,38,687.5,-0.54%
10/22/2020,Absa Bank Kenya Plc Ord 0.50,KES 9.40,141700,-444,621,-0.63%,
10/22/2020,The Co-operative Bank of Kenya Ltd Ord 1.00,KES 11.40,231400,-1,140,747.5,-0.44%
10/22/2020,Equity Group Holdings Ltd Ord 0.50,KES 34.35,412500,-4,610,925,-0.43%
10/22/2020,NCBA Bank Ltd Ord 5.00,KES 22.75,32900,0,-0.66%,,
10/21/2020,The Co-operative Bank of Kenya Ltd Ord 1.00,KES 11.45,65600,-98,470,-,
10/21/2020,KCB Group Ltd Ord 1.00,KES 37.25,59200,144,300,-,
10/21/2020,Equity Group Holdings Ltd Ord 0.50,KES 34.50,331600,-1,86,590,-
10/21/2020,Absa Bank Kenya Plc Ord 0.50,KES 9.46,203900,-131,100,-,
10/21/2020,NCBA Bank Ltd Ord 5.00,KES 22.90,13900,0,-,,
10/20/2020,KCB Group Ltd Ord 1.00,-,59200,144,300,-,
10/20/2020,The Co-operative Bank of Kenya Ltd Ord 1.00,-,65600,-,-,,
10/20/2020,Absa Bank Kenya Plc Ord 0.50,-,203900,-,-,,
10/20/2020,NCBA Bank Ltd Ord 5.00,-,13900,-,-,,
10/20/2020,Equity Group Holdings Ltd Ord 0.50,-,331600,-,-,,
10/19/2020,NCBA Bank Ltd Ord 5.00,KES 22.90,16700,0,-,,
10/19/2020,Equity Group Holdings Ltd Ord 0.50,KES 34.55,2973400,-2,213,680,-
10/19/2020,The Co-operative Bank of Kenya Ltd Ord 1.00,KES 11.45,113900,-118,15,-,
10/19/2020,Absa Bank Kenya Plc Ord 0.50,KES 9.50,52200,0,-,,
10/19/2020,KCB Group Ltd Ord 1.00,KES 37.10,138300,-1,744,472.5,-
10/18/2020,The Co-operative Bank of Kenya Ltd Ord 1.00,-,113900,-,-,,
10/18/2020,KCB Group Ltd Ord 1.00,-,138300,-,-,,
10/18/2020,NCBA Bank Ltd Ord 5.00,-,16700,-,-,,
10/18/2020,Equity Group Holdings Ltd Ord 0.50,-,2973400,-,-,,
10/18/2020,Absa Bank Kenya Plc Ord 0.50,-,52200,-,-,,
10/16/2020,KCB Group Ltd Ord 1.00,KES 37.00,125700,-1,665,505,-0.54%
10/16/2020,NCBA Bank Ltd Ord 5.00,KES 22.85,5600,-414,0,-0.44%,
10/16/2020,The Co-operative Bank of Kenya Ltd Ord 1.00,KES 11.85,100100,0,0.42%,,
10/16/2020,Equity Group Holdings Ltd Ord 0.50,KES 34.55,291000,-1,855,840,-1.14%
10/16/2020,Absa Bank Kenya Plc Ord 0.50,KES 9.50,69300,0,-1.25%,,
10/15/2020,The Co-operative Bank of Kenya Ltd Ord 1.00,KES 11.80,44600,0,-0.84%,,
10/15/2020,Equity Group Holdings Ltd Ord 0.50,KES 34.95,113200,-1,727,967.5,0.14%
10/15/2020,NCBA Bank Ltd Ord 5.00,KES 22.95,13700,0,-1.29%,,
10/15/2020,KCB Group Ltd Ord 1.00,KES 37.20,1589500,-13,904,975,-0.80%
10/15/2020,Absa Bank Kenya Plc Ord 0.50,KES 9.62,7200,0,-0.41%,,
10/14/2020,KCB Group Ltd Ord 1.00,KES 37.50,4264100,-45,262,135,-0.13%
10/14/2020,Equity Group Holdings Ltd Ord 0.50,KES 34.90,1284600,-21,218,750,-0.29%
10/14/2020,NCBA Bank Ltd Ord 5.00,KES 23.25,30600,0,1.53%,,
10/14/2020,The Co-operative Bank of Kenya Ltd Ord 1.00,KES 11.90,188800,-452,232.5,1.28%,
10/14/2020,Absa Bank Kenya Plc Ord 0.50,KES 9.66,65500,0,0.42%,,
10/13/2020,NCBA Bank Ltd Ord 5.00,KES 22.90,3700,0,0.66%,,
10/13/2020,Absa Bank Kenya Plc Ord 0.50,KES 9.62,100100,-369,932,1.48%,
10/13/2020,KCB Group Ltd Ord 1.00,KES 37.55,543500,-844,200,-1.18%,
10/13/2020,The Co-operative Bank of Kenya Ltd Ord 1.00,KES 11.75,206600,0,-1.26%,,
10/13/2020,Equity Group Holdings Ltd Ord 0.50,KES 35.00,1100300,-15,594,250,0.00%
10/12/2020,Equity Group Holdings Ltd Ord 0.50,KES 35.00,829500,-12,366,677.5,-
10/12/2020,KCB Group Ltd Ord 1.00,KES 38.00,28400,0,-,,
10/12/2020,Absa Bank Kenya Plc Ord 0.50,KES 9.48,74000,-68,460,-,
10/12/2020,NCBA Bank Ltd Ord 5.00,KES 22.75,333700,0,-,,
10/12/2020,The Co-operative Bank of Kenya Ltd Ord 1.00,KES 11.90,134600,0,-,,
10/11/2020,Equity Group Holdings Ltd Ord 0.50,-,829500,-,-,,
10/11/2020,The Co-operative Bank of Kenya Ltd Ord 1.00,-,134600,-,-,,
10/11/2020,KCB Group Ltd Ord 1.00,-,28400,-,-,,
10/11/2020,NCBA Bank Ltd Ord 5.00,-,333700,-,-,,
10/11/2020,Absa Bank Kenya Plc Ord 0.50,-,74000,-,-,,
10/9/2020,KCB Group Ltd Ord 1.00,KES 38.00,73400,37,462.5,-0.26%,
10/9/2020,The Co-operative Bank of Kenya Ltd Ord 1.00,KES 11.85,44400,0,3.04%,,
10/9/2020,Absa Bank Kenya Plc Ord 0.50,KES 9.50,671000,-546,964,1.06%,
10/9/2020,NCBA Bank Ltd Ord 5.00,KES 22.70,10700,0,0.44%,,
10/9/2020,Equity Group Holdings Ltd Ord 0.50,KES 35.00,3404500,-38,642,890,0.29%
10/8/2020,NCBA Bank Ltd Ord 5.00,KES 22.60,23600,14,625,0.44%,
10/8/2020,Equity Group Holdings Ltd Ord 0.50,KES 34.90,2262900,-33,453,390,2.35%
10/8/2020,Absa Bank Kenya Plc Ord 0.50,KES 9.40,1525600,-1,928,274,-0.42%
10/8/2020,The Co-operative Bank of Kenya Ltd Ord 1.00,KES 11.50,659000,-323,500,0.00%,
10/8/2020,KCB Group Ltd Ord 1.00,KES 38.10,458000,1,606,770,0.26%
10/7/2020,Equity Group Holdings Ltd Ord 0.50,KES 34.10,1606000,-10,105,687.5,-2.57%
10/7/2020,Absa Bank Kenya Plc Ord 0.50,KES 9.44,199500,-261,470,-0.63%,
10/7/2020,NCBA Bank Ltd Ord 5.00,KES 22.50,18200,0,-0.44%,,
10/7/2020,KCB Group Ltd Ord 1.00,KES 38.00,78700,0,0.13%,,
10/7/2020,The Co-operative Bank of Kenya Ltd Ord 1.00,KES 11.50,680700,-3,429,932.5,-0.43%
10/6/2020,Equity Group Holdings Ltd Ord 0.50,KES 35.00,78600,-1,34,850,-1.41%
10/6/2020,KCB Group Ltd Ord 1.00,KES 37.95,138000,0,-0.13%,,
10/6/2020,NCBA Bank Ltd Ord 5.00,KES 22.60,145600,0,0.22%,,
10/6/2020,The Co-operative Bank of Kenya Ltd Ord 1.00,KES 11.55,196800,-168,480,-0.43%,
10/6/2020,Absa Bank Kenya Plc Ord 0.50,KES 9.50,89500,-344,750,-0.63%,
10/5/2020,Absa Bank Kenya Plc Ord 0.50,KES 9.56,82500,-205,992,-,
10/5/2020,KCB Group Ltd Ord 1.00,KES 38.00,156000,2,380,782.5,-
10/5/2020,The Co-operative Bank of Kenya Ltd Ord 1.00,KES 11.60,53600,-165,-,,
10/5/2020,Equity Group Holdings Ltd Ord 0.50,KES 35.50,338900,-3,958,717.5,-
10/5/2020,NCBA Bank Ltd Ord 5.00,KES 22.55,20800,0,-,,
10/4/2020,KCB Group Ltd Ord 1.00,-,156000,2,380,783,-
10/4/2020,NCBA Bank Ltd Ord 5.00,-,20800,-,-,,
10/4/2020,Absa Bank Kenya Plc Ord 0.50,-,82500,-,-,,
10/4/2020,Equity Group Holdings Ltd Ord 0.50,-,338900,-,-,,
10/4/2020,The Co-operative Bank of Kenya Ltd Ord 1.00,-,53600,-,-,,
10/2/2020,Absa Bank Kenya Plc Ord 0.50,KES 9.54,1634600,-7,872,908,-2.65%
10/2/2020,NCBA Bank Ltd Ord 5.00,KES 22.55,89400,-710,770,-0.44%,
10/2/2020,The Co-operative Bank of Kenya Ltd Ord 1.00,KES 11.70,222700,-947,365,0.00%,
10/2/2020,Equity Group Holdings Ltd Ord 0.50,KES 35.50,346300,-5,535,537.5,-1.25%
10/2/2020,KCB Group Ltd Ord 1.00,KES 38.05,244700,-1,782,82.5,-1.17%
10/1/2020,The Co-operative Bank of Kenya Ltd Ord 1.00,KES 11.70,58700,-219,57.5,-0.85%,
10/1/2020,NCBA Bank Ltd Ord 5.00,KES 22.65,7300,0,-1.74%,,
10/1/2020,Absa Bank Kenya Plc Ord 0.50,KES 9.80,286200,-1,279,879,-0.20%
10/1/2020,Equity Group Holdings Ltd Ord 0.50,KES 35.95,81600,-1,361,440,-1.51%
10/1/2020,KCB Group Ltd Ord 1.00,KES 38.50,875600,1,975,645,-1.53%
9/30/2020,Equity Group Holdings Ltd Ord 0.50,KES 36.50,1118000,-3,267,942.5,-0.54%
9/30/2020,The Co-operative Bank of Kenya Ltd Ord 1.00,KES 11.80,178400,-698,27.5,-0.42%,
9/30/2020,NCBA Bank Ltd Ord 5.00,KES 23.05,172700,-17,250,0.22%,
9/30/2020,KCB Group Ltd Ord 1.00,KES 39.10,103700,-346,337.5,0.00%,
9/30/2020,Absa Bank Kenya Plc Ord 0.50,KES 9.82,446300,-1,462,899,0.00%
9/29/2020,Equity Group Holdings Ltd Ord 0.50,KES 36.70,1459000,-25,51,945,0.14%
9/29/2020,Absa Bank Kenya Plc Ord 0.50,KES 9.82,16100,0,-0.81%,,
9/29/2020,NCBA Bank Ltd Ord 5.00,KES 23.00,23700,0,0.44%,,
9/29/2020,KCB Group Ltd Ord 1.00,KES 39.10,379600,-3,930,37.5,0.00%
9/29/2020,The Co-operative Bank of Kenya Ltd Ord 1.00,KES 11.85,380400,-1,604,690,0.00%
9/28/2020,Absa Bank Kenya Plc Ord 0.50,KES 9.90,1776800,-8,395,628,-
9/28/2020,KCB Group Ltd Ord 1.00,KES 39.10,778600,-12,616,330,-
9/28/2020,The Co-operative Bank of Kenya Ltd Ord 1.00,KES 11.85,2140600,-3,457,755,-
9/28/2020,Equity Group Holdings Ltd Ord 0.50,KES 36.65,540800,-258,722.5,-,
9/28/2020,NCBA Bank Ltd Ord 5.00,KES 22.90,59200,-88,330,-,
9/27/2020,KCB Group Ltd Ord 1.00,-,778600,-,-,,
9/27/2020,NCBA Bank Ltd Ord 5.00,-,59200,-,-,,
9/27/2020,Equity Group Holdings Ltd Ord 0.50,-,540800,-,-,,
9/27/2020,The Co-operative Bank of Kenya Ltd Ord 1.00,-,2140600,-,-,,
9/27/2020,Absa Bank Kenya Plc Ord 0.50,-,1776800,-,-,,
9/25/2020,The Co-operative Bank of Kenya Ltd Ord 1.00,KES 11.90,157900,-606,305,0.00%,
9/25/2020,KCB Group Ltd Ord 1.00,KES 39.05,1468600,-4,141,832.5,0.39%
9/25/2020,Equity Group Holdings Ltd Ord 0.50,KES 37.35,691500,-10,352,365,3.46%
9/25/2020,Absa Bank Kenya Plc Ord 0.50,KES 9.82,1305600,0,-1.80%,,
9/25/2020,NCBA Bank Ltd Ord 5.00,KES 22.80,165800,-1,592,432.5,-1.08%
9/24/2020,NCBA Bank Ltd Ord 5.00,KES 23.05,30800,0,0.00%,,
9/24/2020,The Co-operative Bank of Kenya Ltd Ord 1.00,KES 11.90,922700,-1,20,580,0.00%
9/24/2020,Absa Bank Kenya Plc Ord 0.50,KES 10.00,1035900,-13,966,1.01%,
9/24/2020,KCB Group Ltd Ord 1.00,KES 38.90,1075900,-9,458,215,1.97%
9/24/2020,Equity Group Holdings Ltd Ord 0.50,KES 36.10,28380900,-43,65,35,1.26%
9/23/2020,Absa Bank Kenya Plc Ord 0.50,KES 9.90,1342000,0,0.20%,,
9/23/2020,The Co-operative Bank of Kenya Ltd Ord 1.00,KES 11.90,664100,-3,617,102.5,-0.42%
9/23/2020,Equity Group Holdings Ltd Ord 0.50,KES 35.65,2687500,-12,539,597.5,-0.56%
9/23/2020,NCBA Bank Ltd Ord 5.00,KES 23.05,30300,13,740,0.22%,
9/23/2020,KCB Group Ltd Ord 1.00,KES 38.15,2065500,29,1,645,0.39%
9/22/2020,Equity Group Holdings Ltd Ord 0.50,KES 35.85,2417800,-24,832,800,-0.42%
9/22/2020,Absa Bank Kenya Plc Ord 0.50,KES 9.88,144700,0,0.41%,,
9/22/2020,NCBA Bank Ltd Ord 5.00,KES 23.00,171200,143,750,0.66%,
9/22/2020,KCB Group Ltd Ord 1.00,KES 38.00,1451500,-12,420,475,0.00%
9/22/2020,The Co-operative Bank of Kenya Ltd Ord 1.00,KES 11.95,63000,-46,465,0.00%,
9/21/2020,KCB Group Ltd Ord 1.00,KES 38.00,1566400,-564,675,-,
9/21/2020,Equity Group Holdings Ltd Ord 0.50,KES 36.00,1514900,-920,770,-,
9/21/2020,The Co-operative Bank of Kenya Ltd Ord 1.00,KES 11.95,1992400,-5,877,70,-
9/21/2020,Absa Bank Kenya Plc Ord 0.50,KES 9.84,196500,0,-,,
9/21/2020,NCBA Bank Ltd Ord 5.00,KES 22.85,22400,0,-,,
9/20/2020,Absa Bank Kenya Plc Ord 0.50,-,196500,-,-,,
9/20/2020,NCBA Bank Ltd Ord 5.00,-,22400,-,-,,
9/20/2020,The Co-operative Bank of Kenya Ltd Ord 1.00,-,1992400,-,-,,
9/20/2020,KCB Group Ltd Ord 1.00,-,1566400,-,-,,
9/20/2020,Equity Group Holdings Ltd Ord 0.50,-,1514900,-,-,,
9/18/2020,The Co-operative Bank of Kenya Ltd Ord 1.00,KES 11.90,139200,-358,220,-0.83%,
9/18/2020,NCBA Bank Ltd Ord 5.00,KES 23.15,342400,0,4.28%,,
9/18/2020,Equity Group Holdings Ltd Ord 0.50,KES 36.00,3286100,-15,934,77.5,-0.41%
9/18/2020,Absa Bank Kenya Plc Ord 0.50,KES 9.84,138000,0,0.00%,,
9/18/2020,KCB Group Ltd Ord 1.00,KES 38.00,52300,127,300,0.26%,
9/17/2020,The Co-operative Bank of Kenya Ltd Ord 1.00,KES 12.00,109400,0,0.42%,,
9/17/2020,KCB Group Ltd Ord 1.00,KES 37.90,575800,1,286,250,0.93%
9/17/2020,Absa Bank Kenya Plc Ord 0.50,KES 9.84,67700,0,-0.61%,,
9/17/2020,NCBA Bank Ltd Ord 5.00,KES 22.20,146100,0,1.83%,,
9/17/2020,Equity Group Holdings Ltd Ord 0.50,KES 36.15,2788700,-19,428,215,0.28%
9/16/2020,KCB Group Ltd Ord 1.00,KES 37.55,526400,-5,384,600,-1.05%
9/16/2020,Equity Group Holdings Ltd Ord 0.50,KES 36.05,160200,-1,854,900,-2.44%
9/16/2020,The Co-operative Bank of Kenya Ltd Ord 1.00,KES 11.95,107000,0,1.27%,,
9/16/2020,NCBA Bank Ltd Ord 5.00,KES 21.80,109500,0,-1.58%,,
9/16/2020,Absa Bank Kenya Plc Ord 0.50,KES 9.90,200000,0,-0.20%,,
9/15/2020,KCB Group Ltd Ord 1.00,KES 37.95,902100,4,292,150,-0.13%
9/15/2020,Absa Bank Kenya Plc Ord 0.50,KES 9.92,208000,0,0.20%,,
9/15/2020,The Co-operative Bank of Kenya Ltd Ord 1.00,KES 11.80,356500,-1,732,450,0.85%
9/15/2020,Equity Group Holdings Ltd Ord 0.50,KES 36.95,1094700,-6,670,732.5,0.00%
9/15/2020,NCBA Bank Ltd Ord 5.00,KES 22.15,146900,0,-1.99%,,
9/14/2020,Absa Bank Kenya Plc Ord 0.50,KES 9.90,211400,0,-,,
9/14/2020,KCB Group Ltd Ord 1.00,KES 38.00,423300,4,86,355,-
9/14/2020,Equity Group Holdings Ltd Ord 0.50,KES 36.95,493600,-185,345,-,
9/14/2020,The Co-operative Bank of Kenya Ltd Ord 1.00,KES 11.70,942600,-645,432.5,-,
9/14/2020,NCBA Bank Ltd Ord 5.00,KES 22.60,85200,-713,422.5,-,
9/13/2020,KCB Group Ltd Ord 1.00,-,423300,4,86,355,-
9/13/2020,Equity Group Holdings Ltd Ord 0.50,-,493600,-,-,,
9/13/2020,The Co-operative Bank of Kenya Ltd Ord 1.00,-,942600,-,-,,
9/13/2020,Absa Bank Kenya Plc Ord 0.50,-,211400,-,-,,
9/13/2020,NCBA Bank Ltd Ord 5.00,-,85200,-,-,,
9/11/2020,The Co-operative Bank of Kenya Ltd Ord 1.00,KES 11.65,109600,-63,942.5,1.30%,
9/11/2020,NCBA Bank Ltd Ord 5.00,KES 22.50,327700,0,-0.22%,,
9/11/2020,KCB Group Ltd Ord 1.00,KES 38.00,499900,7,598,32.5,0.26%
9/11/2020,Equity Group Holdings Ltd Ord 0.50,KES 36.85,3425100,-6,923,547.5,-0.41%
9/11/2020,Absa Bank Kenya Plc Ord 0.50,KES 9.84,54500,-147,0,1.03%,
9/10/2020,Equity Group Holdings Ltd Ord 0.50,KES 37.00,6752200,-21,550,470,0.27%
9/10/2020,NCBA Bank Ltd Ord 5.00,KES 22.55,5600,0,0.00%,,
9/10/2020,The Co-operative Bank of Kenya Ltd Ord 1.00,KES 11.50,379800,-211,292.5,0.44%,
9/10/2020,KCB Group Ltd Ord 1.00,KES 37.90,668200,-9,279,435,3.13%
9/10/2020,Absa Bank Kenya Plc Ord 0.50,KES 9.74,587800,-2,644,800,1.46%
9/9/2020,The Co-operative Bank of Kenya Ltd Ord 1.00,KES 11.45,55400,-29,125,-1.72%,
9/9/2020,Equity Group Holdings Ltd Ord 0.50,KES 36.90,267700,3,28,22.5,2.50%
9/9/2020,KCB Group Ltd Ord 1.00,KES 36.75,506700,-6,926,115,1.94%
9/9/2020,NCBA Bank Ltd Ord 5.00,KES 22.55,67000,0,0.00%,,
9/9/2020,Absa Bank Kenya Plc Ord 0.50,KES 9.60,159200,32,26,0.00%,
9/8/2020,Absa Bank Kenya Plc Ord 0.50,KES 9.60,4133900,-2,952,0,-2.44%
9/8/2020,NCBA Bank Ltd Ord 5.00,KES 22.55,23000,0,-1.96%,,
9/8/2020,The Co-operative Bank of Kenya Ltd Ord 1.00,KES 11.65,91800,-51,715,1.30%,
9/8/2020,Equity Group Holdings Ltd Ord 0.50,KES 36.00,586200,9,156,100,2.86%
9/8/2020,KCB Group Ltd Ord 1.00,KES 36.05,157000,-225,695,0.00%,
9/7/2020,Equity Group Holdings Ltd Ord 0.50,KES 35.00,348400,-3,251,662.5,-
9/7/2020,The Co-operative Bank of Kenya Ltd Ord 1.00,KES 11.50,172000,-87,140,-,
9/7/2020,KCB Group Ltd Ord 1.00,KES 36.05,1816300,-159,175,-,
9/7/2020,NCBA Bank Ltd Ord 5.00,KES 23.00,34500,0,-,,
9/7/2020,Absa Bank Kenya Plc Ord 0.50,KES 9.84,94600,0,-,,
9/6/2020,Absa Bank Kenya Plc Ord 0.50,-,94600,-,-,,
9/6/2020,The Co-operative Bank of Kenya Ltd Ord 1.00,-,172000,-,-,,
9/6/2020,NCBA Bank Ltd Ord 5.00,-,34500,-,-,,
9/6/2020,KCB Group Ltd Ord 1.00,-,1816300,-,-,,
9/6/2020,Equity Group Holdings Ltd Ord 0.50,-,348400,-,-,,
9/4/2020,KCB Group Ltd Ord 1.00,KES 36.00,213300,-370,482.5,-2.04%,
9/4/2020,NCBA Bank Ltd Ord 5.00,KES 23.00,57100,8,120,-0.86%,
9/4/2020,The Co-operative Bank of Kenya Ltd Ord 1.00,KES 11.60,293400,-160,735,0.00%,
9/4/2020,Equity Group Holdings Ltd Ord 0.50,KES 35.00,264800,-61,755,-1.82%,
9/4/2020,Absa Bank Kenya Plc Ord 0.50,KES 9.66,148400,0,-0.41%,,
9/3/2020,NCBA Bank Ltd Ord 5.00,KES 23.20,258500,0,-0.43%,,
9/3/2020,Equity Group Holdings Ltd Ord 0.50,KES 35.65,949800,2,710,250,-3.78%
9/3/2020,The Co-operative Bank of Kenya Ltd Ord 1.00,KES 11.60,1855500,-8,217,560,-2.52%
9/3/2020,Absa Bank Kenya Plc Ord 0.50,KES 9.70,392100,39,432,0.83%,
9/3/2020,KCB Group Ltd Ord 1.00,KES 36.75,1197400,-207,545,-3.67%,
9/2/2020,Equity Group Holdings Ltd Ord 0.50,KES 37.05,2873600,-2,434,802.5,-0.13%
9/2/2020,The Co-operative Bank of Kenya Ltd Ord 1.00,KES 11.90,1307600,-3,335,977.5,0.00%
9/2/2020,Absa Bank Kenya Plc Ord 0.50,KES 9.62,104400,-176,790,-3.02%,
9/2/2020,NCBA Bank Ltd Ord 5.00,KES 23.30,196700,0,-0.85%,,
9/2/2020,KCB Group Ltd Ord 1.00,KES 38.15,890400,-542,815,-1.04%,
9/1/2020,KCB Group Ltd Ord 1.00,KES 38.55,774300,-431,580,1.58%,
9/1/2020,Absa Bank Kenya Plc Ord 0.50,KES 9.92,84000,-193,722,-0.40%,
9/1/2020,NCBA Bank Ltd Ord 5.00,KES 23.50,212100,0,0.00%,,
9/1/2020,The Co-operative Bank of Kenya Ltd Ord 1.00,KES 11.90,1789700,-8,940,97.5,0.42%
9/1/2020,Equity Group Holdings Ltd Ord 0.50,KES 37.10,429000,-530,807.5,0.27%,
8/31/2020,Absa Bank Kenya Plc Ord 0.50,KES 9.96,303600,0,-,,
8/31/2020,KCB Group Ltd Ord 1.00,KES 37.95,2045100,-19,136,327.5,-
8/31/2020,Equity Group Holdings Ltd Ord 0.50,KES 37.00,5885100,49,440,910,-
8/31/2020,The Co-operative Bank of Kenya Ltd Ord 1.00,KES 11.85,1527900,-8,88,145,-
8/31/2020,NCBA Bank Ltd Ord 5.00,KES 23.50,44000,-11,725,-,
8/30/2020,Equity Group Holdings Ltd Ord 0.50,-,5885100,49,440,910,-
8/30/2020,Absa Bank Kenya Plc Ord 0.50,-,303600,-,-,,
8/30/2020,KCB Group Ltd Ord 1.00,-,2045100,-,-,,
8/30/2020,NCBA Bank Ltd Ord 5.00,-,44000,-,-,,
8/30/2020,The Co-operative Bank of Kenya Ltd Ord 1.00,-,1527900,-,-,,
8/28/2020,The Co-operative Bank of Kenya Ltd Ord 1.00,KES 11.90,1165900,-4,181,975,3.48%
8/28/2020,Absa Bank Kenya Plc Ord 0.50,KES 9.98,786800,-2,571,746,4.61%
8/28/2020,NCBA Bank Ltd Ord 5.00,KES 23.45,364800,0,0.00%,,
8/28/2020,KCB Group Ltd Ord 1.00,KES 37.00,2297700,-16,458,780,1.65%
8/28/2020,Equity Group Holdings Ltd Ord 0.50,KES 36.65,3792000,15,835,382.5,0.55%
8/27/2020,NCBA Bank Ltd Ord 5.00,KES 23.45,160200,293,710,-0.21%,
8/27/2020,The Co-operative Bank of Kenya Ltd Ord 1.00,KES 11.50,1224400,-3,636,330,0.00%
8/27/2020,Absa Bank Kenya Plc Ord 0.50,KES 9.54,2241500,-19,700,-2.85%,
8/27/2020,Equity Group Holdings Ltd Ord 0.50,KES 36.45,1494500,12,994,885,0.00%
8/27/2020,KCB Group Ltd Ord 1.00,KES 36.40,476900,-6,711,605,0.97%
8/26/2020,The Co-operative Bank of Kenya Ltd Ord 1.00,KES 11.50,763600,-3,939,10,2.22%
8/26/2020,KCB Group Ltd Ord 1.00,KES 36.05,724100,-8,781,685,2.85%
8/26/2020,NCBA Bank Ltd Ord 5.00,KES 23.50,387200,0,2.17%,,
8/26/2020,Absa Bank Kenya Plc Ord 0.50,KES 9.82,107400,0,-0.81%,,
8/26/2020,Equity Group Holdings Ltd Ord 0.50,KES 36.45,77660,1,401,125,4.74%
8/25/2020,The Co-operative Bank of Kenya Ltd Ord 1.00,KES 11.25,2002400,-7,436,847.5,3.21%
8/25/2020,Equity Group Holdings Ltd Ord 0.50,KES 34.80,1682800,-10,507,967.5,2.20%
8/25/2020,KCB Group Ltd Ord 1.00,KES 35.05,1483000,-15,344,472.5,1.30%
8/25/2020,NCBA Bank Ltd Ord 5.00,KES 23.00,1534300,-1,960,97.5,4.55%
8/25/2020,Absa Bank Kenya Plc Ord 0.50,KES 9.90,1087500,-4,633,440,1.02%
8/24/2020,Absa Bank Kenya Plc Ord 0.50,KES 9.80,61600,-33,570,-,
8/24/2020,The Co-operative Bank of Kenya Ltd Ord 1.00,KES 10.90,808500,-3,756,800,-
8/24/2020,Equity Group Holdings Ltd Ord 0.50,KES 34.05,2369000,-5,237,60,-
8/24/2020,NCBA Bank Ltd Ord 5.00,KES 22.00,297500,-1,203,250,-
8/24/2020,KCB Group Ltd Ord 1.00,KES 34.60,384200,1,537,607.5,-
8/23/2020,KCB Group Ltd Ord 1.00,-,384200,1,537,608,-
8/23/2020,NCBA Bank Ltd Ord 5.00,-,297500,-,-,,
8/23/2020,The Co-operative Bank of Kenya Ltd Ord 1.00,-,808500,-,-,,
8/23/2020,Equity Group Holdings Ltd Ord 0.50,-,2369000,-,-,,
8/23/2020,Absa Bank Kenya Plc Ord 0.50,-,61600,-,-,,
8/21/2020,The Co-operative Bank of Kenya Ltd Ord 1.00,KES 10.65,2223500,-3,150,25,1.43%
8/21/2020,NCBA Bank Ltd Ord 5.00,KES 21.90,3534100,-3,692,325,8.42%
8/21/2020,Equity Group Holdings Ltd Ord 0.50,KES 33.65,2398400,-18,384,562.5,2.12%
8/21/2020,Absa Bank Kenya Plc Ord 0.50,KES 9.90,262400,-42,907,1.23%,
8/21/2020,KCB Group Ltd Ord 1.00,KES 34.45,1407400,-3,561,62.5,2.38%
8/20/2020,NCBA Bank Ltd Ord 5.00,KES 20.20,54600,0,-8.18%,,
8/20/2020,KCB Group Ltd Ord 1.00,KES 33.65,2173900,-361,800,0.45%,
8/20/2020,Absa Bank Kenya Plc Ord 0.50,KES 9.78,78400,-240,1.45%,,
8/20/2020,Equity Group Holdings Ltd Ord 0.50,KES 32.95,83800,822,605,0.76%,
8/20/2020,The Co-operative Bank of Kenya Ltd Ord 1.00,KES 10.50,1022600,-2,626,275,0.00%
8/19/2020,The Co-operative Bank of Kenya Ltd Ord 1.00,KES 10.50,656000,-633,307.5,-0.47%,
8/19/2020,Absa Bank Kenya Plc Ord 0.50,KES 9.64,170200,-3,716,1.05%,
8/19/2020,NCBA Bank Ltd Ord 5.00,KES 22.00,15300,0,0.00%,,
8/19/2020,Equity Group Holdings Ltd Ord 0.50,KES 32.70,1186800,-4,509,435,3.15%
8/19/2020,KCB Group Ltd Ord 1.00,KES 33.50,6943600,-51,132,167.5,5.35%
8/18/2020,KCB Group Ltd Ord 1.00,KES 31.80,2978100,-26,319,327.5,1.60%
8/18/2020,The Co-operative Bank of Kenya Ltd Ord 1.00,KES 10.55,2813900,-2,550,450,0.48%
8/18/2020,NCBA Bank Ltd Ord 5.00,KES 22.00,114200,-146,300,0.00%,
8/18/2020,Equity Group Holdings Ltd Ord 0.50,KES 31.70,817800,-4,237,20,2.92%
8/18/2020,Absa Bank Kenya Plc Ord 0.50,KES 9.54,83300,-84,810,2.14%,
8/17/2020,The Co-operative Bank of Kenya Ltd Ord 1.00,KES 10.50,4477200,-4,811,937.5,-
8/17/2020,Absa Bank Kenya Plc Ord 0.50,KES 9.34,271800,-1,7,430,-
8/17/2020,NCBA Bank Ltd Ord 5.00,KES 22.00,412500,-541,950,-,
8/17/2020,Equity Group Holdings Ltd Ord 0.50,KES 30.80,1548300,15,893,712.5,-
8/17/2020,KCB Group Ltd Ord 1.00,KES 31.30,3312500,-23,241,650,-
8/16/2020,Equity Group Holdings Ltd Ord 0.50,-,1548300,15,893,713,-
8/16/2020,The Co-operative Bank of Kenya Ltd Ord 1.00,-,4477200,-,-,,
8/16/2020,KCB Group Ltd Ord 1.00,-,3312500,-,-,,
8/16/2020,NCBA Bank Ltd Ord 5.00,-,412500,-,-,,
8/16/2020,Absa Bank Kenya Plc Ord 0.50,-,271800,-,-,,
8/14/2020,Equity Group Holdings Ltd Ord 0.50,KES 30.25,2035500,-12,59,275,5.22%
8/14/2020,Absa Bank Kenya Plc Ord 0.50,KES 9.20,199900,-257,315,1.55%,
8/14/2020,The Co-operative Bank of Kenya Ltd Ord 1.00,KES 10.50,90500,-145,750,-3.23%,
8/14/2020,NCBA Bank Ltd Ord 5.00,KES 22.05,61700,0,-3.29%,,
8/14/2020,KCB Group Ltd Ord 1.00,KES 31.00,2324600,-33,931,765,1.47%
8/13/2020,Equity Group Holdings Ltd Ord 0.50,KES 28.75,3273500,-17,359,350,2.31%
8/13/2020,KCB Group Ltd Ord 1.00,KES 30.55,1944600,-13,456,642.5,0.00%
8/13/2020,NCBA Bank Ltd Ord 5.00,KES 22.80,35100,0,-1.51%,,
8/13/2020,The Co-operative Bank of Kenya Ltd Ord 1.00,KES 10.85,471300,0,2.36%,,
8/13/2020,Absa Bank Kenya Plc Ord 0.50,KES 9.06,151700,-29,440,0.00%,
8/12/2020,KCB Group Ltd Ord 1.00,KES 30.55,157500,-657,925,-6.14%,
8/12/2020,NCBA Bank Ltd Ord 5.00,KES 23.15,5200,0,-1.28%,,
8/12/2020,The Co-operative Bank of Kenya Ltd Ord 1.00,KES 10.60,133700,0,-0.47%,,
8/12/2020,Absa Bank Kenya Plc Ord 0.50,KES 9.06,95100,97,825,0.00%,
8/12/2020,Equity Group Holdings Ltd Ord 0.50,KES 28.10,3073500,-9,906,57.5,-4.26%
8/11/2020,KCB Group Ltd Ord 1.00,KES 32.55,718300,-847,382.5,-0.46%,
8/11/2020,The Co-operative Bank of Kenya Ltd Ord 1.00,KES 10.65,407200,0,1.91%,,
8/11/2020,Equity Group Holdings Ltd Ord 0.50,KES 29.35,4363700,-10,316,625,-1.84%
8/11/2020,Absa Bank Kenya Plc Ord 0.50,KES 9.06,3813100,-11,607,317,5.10%
8/11/2020,NCBA Bank Ltd Ord 5.00,KES 23.45,11300,0,0.86%,,
8/10/2020,Absa Bank Kenya Plc Ord 0.50,KES 8.62,164400,0,-,,
8/10/2020,The Co-operative Bank of Kenya Ltd Ord 1.00,KES 10.45,326700,18,37.5,-,
8/10/2020,NCBA Bank Ltd Ord 5.00,KES 23.25,17400,0,-,,
8/10/2020,Equity Group Holdings Ltd Ord 0.50,KES 29.90,54900,-657,282.5,-,
8/10/2020,KCB Group Ltd Ord 1.00,KES 32.70,235400,-3,97,927.5,-
8/9/2020,The Co-operative Bank of Kenya Ltd Ord 1.00,-,326700,18,38,-,
8/9/2020,NCBA Bank Ltd Ord 5.00,-,17400,-,-,,
8/9/2020,Equity Group Holdings Ltd Ord 0.50,-,54900,-,-,,
8/9/2020,Absa Bank Kenya Plc Ord 0.50,-,164400,-,-,,
8/9/2020,KCB Group Ltd Ord 1.00,-,235400,-,-,,
8/7/2020,NCBA Bank Ltd Ord 5.00,KES 23.30,160400,0,0.43%,,
8/7/2020,KCB Group Ltd Ord 1.00,KES 32.95,2047900,-29,601,880,0.00%
8/7/2020,Absa Bank Kenya Plc Ord 0.50,KES 9.00,1905600,-1,479,107,4.41%
8/7/2020,The Co-operative Bank of Kenya Ltd Ord 1.00,KES 10.35,943200,2,587.5,0.49%,
8/7/2020,Equity Group Holdings Ltd Ord 0.50,KES 31.20,932700,1,491,755,-0.95%
8/6/2020,The Co-operative Bank of Kenya Ltd Ord 1.00,KES 10.30,488400,0,-1.44%,,
8/6/2020,NCBA Bank Ltd Ord 5.00,KES 23.20,45800,-139,385,-1.90%,
8/6/2020,KCB Group Ltd Ord 1.00,KES 32.95,536700,-2,267,890,-1.35%
8/6/2020,Absa Bank Kenya Plc Ord 0.50,KES 8.62,1234700,-425,676,-0.23%,
8/6/2020,Equity Group Holdings Ltd Ord 0.50,KES 31.50,2943000,9,350,682.5,5.18%
8/5/2020,KCB Group Ltd Ord 1.00,KES 33.40,324600,-72,882.5,-1.18%,
8/5/2020,Equity Group Holdings Ltd Ord 0.50,KES 29.95,352500,-793,120,-4.47%,
8/5/2020,The Co-operative Bank of Kenya Ltd Ord 1.00,KES 10.45,1226700,-22,102.5,1.46%,
8/5/2020,NCBA Bank Ltd Ord 5.00,KES 23.65,69400,0,0.64%,,
8/5/2020,Absa Bank Kenya Plc Ord 0.50,KES 8.64,812000,2,517,88,-4.00%
8/4/2020,Equity Group Holdings Ltd Ord 0.50,KES 31.35,189700,2,202,427.5,-1.88%
8/4/2020,NCBA Bank Ltd Ord 5.00,KES 23.50,11800,0,-0.84%,,
8/4/2020,KCB Group Ltd Ord 1.00,KES 33.80,206800,-2,397,40,-0.73%
8/4/2020,Absa Bank Kenya Plc Ord 0.50,KES 9.00,282700,-685,595,-0.22%,
8/4/2020,The Co-operative Bank of Kenya Ltd Ord 1.00,KES 10.30,153800,0,-1.90%,,
8/3/2020,KCB Group Ltd Ord 1.00,KES 34.05,852800,-12,592,90,-
8/3/2020,Equity Group Holdings Ltd Ord 0.50,KES 31.95,2263200,-1,422,357.5,-
8/3/2020,The Co-operative Bank of Kenya Ltd Ord 1.00,KES 10.50,423500,0,-,,
8/3/2020,NCBA Bank Ltd Ord 5.00,KES 23.70,36700,0,-,,
8/3/2020,Absa Bank Kenya Plc Ord 0.50,KES 9.02,3226700,-13,950,430,-
8/2/2020,Absa Bank Kenya Plc Ord 0.50,-,3226700,-,-,,
8/2/2020,Equity Group Holdings Ltd Ord 0.50,-,2263200,-,-,,
8/2/2020,The Co-operative Bank of Kenya Ltd Ord 1.00,-,423500,-,-,,
8/2/2020,NCBA Bank Ltd Ord 5.00,-,36700,-,-,,
8/2/2020,KCB Group Ltd Ord 1.00,-,852800,-,-,,
7/30/2020,KCB Group Ltd Ord 1.00,KES 34.30,287800,-4,649,705,-0.29%
7/30/2020,Absa Bank Kenya Plc Ord 0.50,KES 8.98,1338300,0,-0.44%,,
7/30/2020,The Co-operative Bank of Kenya Ltd Ord 1.00,KES 10.55,364800,2,637.5,0.48%,
7/30/2020,NCBA Bank Ltd Ord 5.00,KES 23.95,118800,0,-0.83%,,
7/30/2020,Equity Group Holdings Ltd Ord 0.50,KES 32.40,300700,-221,125,-0.46%,
7/29/2020,NCBA Bank Ltd Ord 5.00,KES 24.15,113800,0,-3.40%,,
7/29/2020,Absa Bank Kenya Plc Ord 0.50,KES 9.02,252000,-561,874,-3.43%,
7/29/2020,The Co-operative Bank of Kenya Ltd Ord 1.00,KES 10.50,461300,533,590,-1.87%,
7/29/2020,KCB Group Ltd Ord 1.00,KES 34.40,213700,-2,816,675,-1.57%
7/29/2020,Equity Group Holdings Ltd Ord 0.50,KES 32.55,1577900,7,646,682.5,-0.31%
7/28/2020,Equity Group Holdings Ltd Ord 0.50,KES 32.65,1142200,-537,137.5,0.15%,
7/28/2020,The Co-operative Bank of Kenya Ltd Ord 1.00,KES 10.70,631800,10,280,-0.93%,
7/28/2020,NCBA Bank Ltd Ord 5.00,KES 25.00,22200,-15,300,-1.77%,
7/28/2020,Absa Bank Kenya Plc Ord 0.50,KES 9.34,294600,-228,176,-0.21%,
7/28/2020,KCB Group Ltd Ord 1.00,KES 34.95,1909200,-32,334,670,0.14%
7/27/2020,Equity Group Holdings Ltd Ord 0.50,KES 32.60,3613200,-896,532.5,-,
7/27/2020,KCB Group Ltd Ord 1.00,KES 34.90,914200,-3,534,855,-
7/27/2020,Absa Bank Kenya Plc Ord 0.50,KES 9.36,141600,-4,730,-,
7/27/2020,The Co-operative Bank of Kenya Ltd Ord 1.00,KES 10.80,2626300,-1,402,32.5,-
7/27/2020,NCBA Bank Ltd Ord 5.00,KES 25.45,2200,-1,347.5,-,
7/26/2020,The Co-operative Bank of Kenya Ltd Ord 1.00,-,2626300,-,-,,
7/26/2020,KCB Group Ltd Ord 1.00,-,914200,-,-,,
7/26/2020,Equity Group Holdings Ltd Ord 0.50,-,3613200,-,-,,
7/26/2020,NCBA Bank Ltd Ord 5.00,-,2200,-,-,,
7/26/2020,Absa Bank Kenya Plc Ord 0.50,-,141600,-,-,,
7/24/2020,Absa Bank Kenya Plc Ord 0.50,KES 9.02,68200,0,-0.44%,,
7/24/2020,NCBA Bank Ltd Ord 5.00,KES 25.60,56000,0,0.39%,,
7/24/2020,The Co-operative Bank of Kenya Ltd Ord 1.00,KES 10.80,233800,-1,203,175,-3.14%
7/24/2020,KCB Group Ltd Ord 1.00,KES 34.85,1996700,-27,965,505,1.46%
7/24/2020,Equity Group Holdings Ltd Ord 0.50,KES 32.50,764100,-107,952.5,0.00%,
7/23/2020,Absa Bank Kenya Plc Ord 0.50,KES 9.06,2638000,-8,788,191,0.67%
7/23/2020,The Co-operative Bank of Kenya Ltd Ord 1.00,KES 11.15,428300,-1,706,895,-2.62%
7/23/2020,Equity Group Holdings Ltd Ord 0.50,KES 32.50,2077300,-9,680,642.5,2.04%
7/23/2020,KCB Group Ltd Ord 1.00,KES 34.35,2478600,-27,871,240,0.15%
7/23/2020,NCBA Bank Ltd Ord 5.00,KES 25.50,139000,0,1.39%,,
7/22/2020,The Co-operative Bank of Kenya Ltd Ord 1.00,KES 11.45,107600,-356,870,-2.55%,
7/22/2020,NCBA Bank Ltd Ord 5.00,KES 25.15,15900,-5,250,-1.57%,
7/22/2020,KCB Group Ltd Ord 1.00,KES 34.30,3591200,-58,270,890,0.15%
7/22/2020,Absa Bank Kenya Plc Ord 0.50,KES 9.00,517300,-1,130,-0.22%,
7/22/2020,Equity Group Holdings Ltd Ord 0.50,KES 31.85,10131100,-89,68,497.5,0.31%
7/21/2020,Absa Bank Kenya Plc Ord 0.50,KES 9.02,614700,-48,400,0.00%,
7/21/2020,The Co-operative Bank of Kenya Ltd Ord 1.00,KES 11.75,315300,-881,377.5,0.86%,
7/21/2020,NCBA Bank Ltd Ord 5.00,KES 25.55,9500,0,-0.58%,,
7/21/2020,KCB Group Ltd Ord 1.00,KES 34.25,1197000,-19,563,660,-1.58%
7/21/2020,Equity Group Holdings Ltd Ord 0.50,KES 31.75,942100,-14,146,265,-3.79%
7/20/2020,Absa Bank Kenya Plc Ord 0.50,KES 9.02,194300,-701,372,-,
7/20/2020,NCBA Bank Ltd Ord 5.00,KES 25.70,7800,-36,890,-,
7/20/2020,KCB Group Ltd Ord 1.00,KES 34.80,54800,-120,925,-,
7/20/2020,Equity Group Holdings Ltd Ord 0.50,KES 33.00,457100,-309,440,-,
7/20/2020,The Co-operative Bank of Kenya Ltd Ord 1.00,KES 11.65,13600,-49,710,-,
7/19/2020,Absa Bank Kenya Plc Ord 0.50,-,194300,-,-,,
7/19/2020,Equity Group Holdings Ltd Ord 0.50,-,457100,-,-,,
7/19/2020,The Co-operative Bank of Kenya Ltd Ord 1.00,-,13600,-,-,,
7/19/2020,KCB Group Ltd Ord 1.00,-,54800,-,-,,
7/19/2020,NCBA Bank Ltd Ord 5.00,-,7800,-,-,,
7/17/2020,KCB Group Ltd Ord 1.00,KES 35.05,3425200,-17,589,750,-0.57%
7/17/2020,Equity Group Holdings Ltd Ord 0.50,KES 33.85,2023500,-16,153,720,-0.44%
7/17/2020,Absa Bank Kenya Plc Ord 0.50,KES 9.18,2941800,-477,421,0.00%,
7/17/2020,NCBA Bank Ltd Ord 5.00,KES 26.10,68200,0,3.57%,,
7/17/2020,The Co-operative Bank of Kenya Ltd Ord 1.00,KES 11.80,74700,-256,367.5,-0.42%,
7/16/2020,Absa Bank Kenya Plc Ord 0.50,KES 9.18,617200,-223,635,0.66%,
7/16/2020,Equity Group Holdings Ltd Ord 0.50,KES 34.00,6229700,-22,708,812.5,-0.58%
7/16/2020,The Co-operative Bank of Kenya Ltd Ord 1.00,KES 11.85,297200,-868,655,-1.25%,
7/16/2020,KCB Group Ltd Ord 1.00,KES 35.25,2085500,-34,774,812.5,0.43%
7/16/2020,NCBA Bank Ltd Ord 5.00,KES 25.20,67700,0,-2.51%,,
7/15/2020,The Co-operative Bank of Kenya Ltd Ord 1.00,KES 12.00,103700,-214,725,0.84%,
7/15/2020,KCB Group Ltd Ord 1.00,KES 35.10,66300,-696,282.5,-0.85%,
7/15/2020,Absa Bank Kenya Plc Ord 0.50,KES 9.12,345300,-1,292,135,-0.65%
7/15/2020,NCBA Bank Ltd Ord 5.00,KES 25.85,66700,26,0,-0.39%,
7/15/2020,Equity Group Holdings Ltd Ord 0.50,KES 34.20,5090900,609,725,-0.58%,
7/14/2020,NCBA Bank Ltd Ord 5.00,KES 25.95,14700,0,-0.38%,,
7/14/2020,KCB Group Ltd Ord 1.00,KES 35.40,199300,-914,992.5,1.87%,
7/14/2020,Equity Group Holdings Ltd Ord 0.50,KES 34.40,662200,-1,10,830,1.18%
7/14/2020,Absa Bank Kenya Plc Ord 0.50,KES 9.18,1375800,-634,389,-0.43%,
7/14/2020,The Co-operative Bank of Kenya Ltd Ord 1.00,KES 11.90,57800,-33,285,0.00%,
7/13/2020,Absa Bank Kenya Plc Ord 0.50,KES 9.22,2106200,-1,967,302,-
7/13/2020,NCBA Bank Ltd Ord 5.00,KES 26.05,17100,-39,675,-,
7/13/2020,The Co-operative Bank of Kenya Ltd Ord 1.00,KES 11.90,134000,-77,407.5,-,
7/13/2020,Equity Group Holdings Ltd Ord 0.50,KES 34.00,5255000,-30,8,437.5,-
7/13/2020,KCB Group Ltd Ord 1.00,KES 34.75,3156200,-51,772,90,-
7/12/2020,KCB Group Ltd Ord 1.00,-,3156200,-,-,,
7/12/2020,The Co-operative Bank of Kenya Ltd Ord 1.00,-,134000,-,-,,
7/12/2020,NCBA Bank Ltd Ord 5.00,-,17100,-,-,,
7/12/2020,Equity Group Holdings Ltd Ord 0.50,-,5255000,-,-,,
7/12/2020,Absa Bank Kenya Plc Ord 0.50,-,2106200,-,-,,
7/10/2020,KCB Group Ltd Ord 1.00,KES 34.05,877800,-3,311,277.5,0.00%
7/10/2020,Absa Bank Kenya Plc Ord 0.50,KES 9.20,1025000,-4,105,879,-3.16%
7/10/2020,NCBA Bank Ltd Ord 5.00,KES 26.45,23000,0,0.19%,,
7/10/2020,The Co-operative Bank of Kenya Ltd Ord 1.00,KES 11.75,126000,-57,890,-0.84%,
7/10/2020,Equity Group Holdings Ltd Ord 0.50,KES 33.05,1529100,9,969,800,3.77%
7/9/2020,The Co-operative Bank of Kenya Ltd Ord 1.00,KES 11.85,495100,-267,435,-0.84%,
7/9/2020,NCBA Bank Ltd Ord 5.00,KES 26.40,294900,-52,900,-0.38%,
7/9/2020,Equity Group Holdings Ltd Ord 0.50,KES 31.85,8562200,49,798,725,1.11%
7/9/2020,KCB Group Ltd Ord 1.00,KES 34.05,1936500,10,7,982.5,0.15%
7/9/2020,Absa Bank Kenya Plc Ord 0.50,KES 9.50,104100,-51,505,0.85%,
7/8/2020,NCBA Bank Ltd Ord 5.00,KES 26.50,84100,0,0.00%,,
7/8/2020,Absa Bank Kenya Plc Ord 0.50,KES 9.42,309000,-125,461,-3.09%,
7/8/2020,KCB Group Ltd Ord 1.00,KES 34.00,3063300,8,168,570,-0.58%
7/8/2020,The Co-operative Bank of Kenya Ltd Ord 1.00,KES 11.95,248000,451,427.5,-0.83%,
7/8/2020,Equity Group Holdings Ltd Ord 0.50,KES 31.50,1210200,-18,577,310,-3.82%
7/7/2020,Equity Group Holdings Ltd Ord 0.50,KES 32.75,3491100,-49,926,185,-0.30%
7/7/2020,The Co-operative Bank of Kenya Ltd Ord 1.00,KES 12.05,93500,-61,395,-2.82%,
7/7/2020,KCB Group Ltd Ord 1.00,KES 34.20,862700,-5,636,617.5,-1.16%
7/7/2020,NCBA Bank Ltd Ord 5.00,KES 26.50,8200,35,505,0.19%,
7/7/2020,Absa Bank Kenya Plc Ord 0.50,KES 9.72,352400,0,-2.21%,,
7/6/2020,NCBA Bank Ltd Ord 5.00,KES 26.45,13300,-26,400,-,
7/6/2020,KCB Group Ltd Ord 1.00,KES 34.60,1670100,-20,249,902.5,-
7/6/2020,Equity Group Holdings Ltd Ord 0.50,KES 32.85,4077900,-65,985,485,-
7/6/2020,Absa Bank Kenya Plc Ord 0.50,KES 9.94,177400,0,-,,
7/6/2020,The Co-operative Bank of Kenya Ltd Ord 1.00,KES 12.40,51200,0,-,,
7/5/2020,KCB Group Ltd Ord 1.00,-,1670100,-,-,,
7/5/2020,Absa Bank Kenya Plc Ord 0.50,-,177400,-,-,,
7/5/2020,The Co-operative Bank of Kenya Ltd Ord 1.00,-,51200,-,-,,
7/5/2020,Equity Group Holdings Ltd Ord 0.50,-,4077900,-,-,,
7/5/2020,NCBA Bank Ltd Ord 5.00,-,13300,-,-,,
7/3/2020,KCB Group Ltd Ord 1.00,KES 34.65,864100,626,320,-1.14%,
7/3/2020,NCBA Bank Ltd Ord 5.00,KES 26.45,58400,0,-0.19%,,
7/3/2020,The Co-operative Bank of Kenya Ltd Ord 1.00,KES 12.30,133200,0,0.82%,,
7/3/2020,Absa Bank Kenya Plc Ord 0.50,KES 9.98,84900,0,-0.70%,,
7/3/2020,Equity Group Holdings Ltd Ord 0.50,KES 32.90,2105000,-17,669,227.5,0.15%
7/2/2020,NCBA Bank Ltd Ord 5.00,KES 26.50,235000,-494,270,0.00%,
7/2/2020,Equity Group Holdings Ltd Ord 0.50,KES 32.85,2408900,-30,464,175,-0.45%
7/2/2020,KCB Group Ltd Ord 1.00,KES 35.05,1472600,-9,721,380,0.14%
7/2/2020,The Co-operative Bank of Kenya Ltd Ord 1.00,KES 12.20,651200,-3,686,520,1.67%
7/2/2020,Absa Bank Kenya Plc Ord 0.50,KES 10.05,205800,0,0.50%,,
7/1/2020,The Co-operative Bank of Kenya Ltd Ord 1.00,KES 12.00,1477200,3,37.5,-1.23%,
7/1/2020,Absa Bank Kenya Plc Ord 0.50,KES 10.00,135800,0,0.00%,,
7/1/2020,Equity Group Holdings Ltd Ord 0.50,KES 33.00,2266000,-11,20,320,-3.65%
7/1/2020,NCBA Bank Ltd Ord 5.00,KES 26.50,442700,0,-0.19%,,
7/1/2020,KCB Group Ltd Ord 1.00,KES 35.00,397900,-2,817,595,-2.64%
6/30/2020,NCBA Bank Ltd Ord 5.00,KES 26.55,120100,0,0.00%,,
6/30/2020,Absa Bank Kenya Plc Ord 0.50,KES 10.00,118700,0,0.00%,,
6/30/2020,The Co-operative Bank of Kenya Ltd Ord 1.00,KES 12.15,158900,0,0.00%,,
6/30/2020,Equity Group Holdings Ltd Ord 0.50,KES 34.25,235400,-1,912,787.5,-1.30%
6/30/2020,KCB Group Ltd Ord 1.00,KES 35.95,1258400,-2,433,525,-1.10%
6/29/2020,Equity Group Holdings Ltd Ord 0.50,KES 34.70,1285200,-6,195,590,-
6/29/2020,The Co-operative Bank of Kenya Ltd Ord 1.00,KES 12.15,143400,-1,100,-,
6/29/2020,Absa Bank Kenya Plc Ord 0.50,KES 10.00,243900,0,-,,
6/29/2020,NCBA Bank Ltd Ord 5.00,KES 26.55,16900,1,340,-,
6/29/2020,KCB Group Ltd Ord 1.00,KES 36.35,844800,-3,638,200,-
6/28/2020,NCBA Bank Ltd Ord 5.00,-,16900,1,340,-,
6/28/2020,Equity Group Holdings Ltd Ord 0.50,-,1285200,-,-,,
6/28/2020,Absa Bank Kenya Plc Ord 0.50,-,243900,-,-,,
6/28/2020,The Co-operative Bank of Kenya Ltd Ord 1.00,-,143400,-,-,,
6/28/2020,KCB Group Ltd Ord 1.00,-,844800,-,-,,
6/26/2020,Absa Bank Kenya Plc Ord 0.50,KES 10.10,170600,-32,320,0.00%,
6/26/2020,NCBA Bank Ltd Ord 5.00,KES 26.90,25700,0,-0.55%,,
6/26/2020,Equity Group Holdings Ltd Ord 0.50,KES 35.10,713700,-1,531,155,0.14%
6/26/2020,KCB Group Ltd Ord 1.00,KES 36.40,464600,-4,499,352.5,0.00%
6/26/2020,The Co-operative Bank of Kenya Ltd Ord 1.00,KES 12.35,113000,625,-1.20%,,
6/25/2020,KCB Group Ltd Ord 1.00,KES 36.40,803800,-6,635,175,-1.09%
6/25/2020,NCBA Bank Ltd Ord 5.00,KES 27.05,25400,0,-0.73%,,
6/25/2020,Absa Bank Kenya Plc Ord 0.50,KES 10.10,763400,0,0.00%,,
6/25/2020,Equity Group Holdings Ltd Ord 0.50,KES 35.05,1182400,-15,729,762.5,0.29%
6/25/2020,The Co-operative Bank of Kenya Ltd Ord 1.00,KES 12.50,122700,635,-1.19%,,
6/24/2020,Absa Bank Kenya Plc Ord 0.50,KES 10.10,12029500,-57,404,565,1.00%
6/24/2020,NCBA Bank Ltd Ord 5.00,KES 27.25,215200,0,-2.33%,,
6/24/2020,KCB Group Ltd Ord 1.00,KES 36.80,2437300,8,547,300,0.27%
6/24/2020,The Co-operative Bank of Kenya Ltd Ord 1.00,KES 12.65,1441900,-4,148,795,1.61%
6/24/2020,Equity Group Holdings Ltd Ord 0.50,KES 34.95,2746700,-31,211,37.5,0.14%
6/23/2020,The Co-operative Bank of Kenya Ltd Ord 1.00,KES 12.45,195700,-1,29,720,0.00%
6/23/2020,Absa Bank Kenya Plc Ord 0.50,KES 10.00,9822600,-48,267,600,0.00%
6/23/2020,Equity Group Holdings Ltd Ord 0.50,KES 34.90,2025800,-17,975,70,-0.14%
6/23/2020,KCB Group Ltd Ord 1.00,KES 36.70,1013400,-13,750,292.5,0.55%
6/23/2020,NCBA Bank Ltd Ord 5.00,KES 27.90,516000,0,0.18%,,
6/22/2020,KCB Group Ltd Ord 1.00,KES 36.50,423600,-4,778,235,-
6/22/2020,The Co-operative Bank of Kenya Ltd Ord 1.00,KES 12.45,107500,-438,750,-,
6/22/2020,NCBA Bank Ltd Ord 5.00,KES 27.85,24800,0,-,,
6/22/2020,Equity Group Holdings Ltd Ord 0.50,KES 34.95,315300,-1,396,730,-
6/22/2020,Absa Bank Kenya Plc Ord 0.50,KES 10.00,196700,0,-,,
6/21/2020,Equity Group Holdings Ltd Ord 0.50,-,315300,-,-,,
6/21/2020,KCB Group Ltd Ord 1.00,-,423600,-,-,,
6/21/2020,The Co-operative Bank of Kenya Ltd Ord 1.00,-,107500,-,-,,
6/21/2020,Absa Bank Kenya Plc Ord 0.50,-,196700,-,-,,
6/21/2020,NCBA Bank Ltd Ord 5.00,-,24800,-,-,,
6/19/2020,KCB Group Ltd Ord 1.00,KES 36.10,3036400,-32,745,307.5,-0.14%
6/19/2020,Equity Group Holdings Ltd Ord 0.50,KES 35.65,6164700,-13,634,225,-0.56%
6/19/2020,Absa Bank Kenya Plc Ord 0.50,KES 9.94,9197500,-45,171,47,0.81%
6/19/2020,NCBA Bank Ltd Ord 5.00,KES 27.00,5100,0,-1.82%,,
6/19/2020,The Co-operative Bank of Kenya Ltd Ord 1.00,KES 12.50,52900,1,250,0.00%,
6/18/2020,The Co-operative Bank of Kenya Ltd Ord 1.00,KES 12.50,95900,0,-0.40%,,
6/18/2020,KCB Group Ltd Ord 1.00,KES 36.15,1037700,-14,578,320,0.28%
6/18/2020,Absa Bank Kenya Plc Ord 0.50,KES 9.86,820800,-3,772,661,0.00%
6/18/2020,NCBA Bank Ltd Ord 5.00,KES 27.50,14100,0,0.00%,,
6/18/2020,Equity Group Holdings Ltd Ord 0.50,KES 35.85,667200,3,644,112.5,0.14%
6/17/2020,NCBA Bank Ltd Ord 5.00,KES 27.50,71500,-82,600,-1.79%,
6/17/2020,The Co-operative Bank of Kenya Ltd Ord 1.00,KES 12.55,77800,-309,760,-1.57%,
6/17/2020,KCB Group Ltd Ord 1.00,KES 36.05,761600,-5,727,152.5,0.14%
6/17/2020,Absa Bank Kenya Plc Ord 0.50,KES 9.86,3998000,-19,138,686,-0.20%
6/17/2020,Equity Group Holdings Ltd Ord 0.50,KES 35.80,1619900,15,39,7.5,1.56%
6/16/2020,KCB Group Ltd Ord 1.00,KES 36.00,540600,-7,205,130,0.14%
6/16/2020,Equity Group Holdings Ltd Ord 0.50,KES 35.25,4422900,-48,383,857.5,0.86%
6/16/2020,The Co-operative Bank of Kenya Ltd Ord 1.00,KES 12.75,278700,-128,640,3.66%,
6/16/2020,Absa Bank Kenya Plc Ord 0.50,KES 9.88,190600,-649,281,0.20%,
6/16/2020,NCBA Bank Ltd Ord 5.00,KES 28.00,84000,-1,126,775,1.82%
6/15/2020,Absa Bank Kenya Plc Ord 0.50,KES 9.86,442600,-1,381,545,-
6/15/2020,Equity Group Holdings Ltd Ord 0.50,KES 34.95,1699200,-20,131,505,-
6/15/2020,NCBA Bank Ltd Ord 5.00,KES 27.50,236600,0,-,,
6/15/2020,The Co-operative Bank of Kenya Ltd Ord 1.00,KES 12.30,1311400,0,-,,
6/15/2020,KCB Group Ltd Ord 1.00,KES 35.95,1503900,-15,744,925,-
6/14/2020,Equity Group Holdings Ltd Ord 0.50,-,1699200,-,-,,
6/14/2020,The Co-operative Bank of Kenya Ltd Ord 1.00,-,1311400,-,-,,
6/14/2020,NCBA Bank Ltd Ord 5.00,-,236600,-,-,,
6/14/2020,KCB Group Ltd Ord 1.00,-,1503900,-,-,,
6/14/2020,Absa Bank Kenya Plc Ord 0.50,-,442600,-,-,,
6/12/2020,The Co-operative Bank of Kenya Ltd Ord 1.00,KES 12.25,1938700,-117,30,0.00%,
6/12/2020,NCBA Bank Ltd Ord 5.00,KES 27.00,104500,0,-0.18%,,
6/12/2020,KCB Group Ltd Ord 1.00,KES 35.50,3200200,-7,963,147.5,1.43%
6/12/2020,Absa Bank Kenya Plc Ord 0.50,KES 9.90,452600,-402,457,-0.20%,
6/12/2020,Equity Group Holdings Ltd Ord 0.50,KES 34.25,3091100,-21,584,667.5,-1.72%
6/11/2020,Equity Group Holdings Ltd Ord 0.50,KES 34.85,1779500,-5,808,997.5,0.00%
6/11/2020,KCB Group Ltd Ord 1.00,KES 35.00,2580500,-20,17,425,0.00%
6/11/2020,NCBA Bank Ltd Ord 5.00,KES 27.05,1700,0,0.00%,,
6/11/2020,The Co-operative Bank of Kenya Ltd Ord 1.00,KES 12.25,1192300,-5,670,915,0.00%
6/11/2020,Absa Bank Kenya Plc Ord 0.50,KES 9.92,100600,-184,933,0.20%,
6/10/2020,Absa Bank Kenya Plc Ord 0.50,KES 9.90,368800,-1,722,513,-0.20%
6/10/2020,The Co-operative Bank of Kenya Ltd Ord 1.00,KES 12.25,54300,3,87.5,-0.41%,
6/10/2020,NCBA Bank Ltd Ord 5.00,KES 27.05,103600,0,0.93%,,
6/10/2020,KCB Group Ltd Ord 1.00,KES 35.00,2396500,-8,780,212.5,0.00%
6/10/2020,Equity Group Holdings Ltd Ord 0.50,KES 34.85,666100,-288,925,0.14%,
6/9/2020,KCB Group Ltd Ord 1.00,KES 35.00,1585900,-14,181,952.5,-0.43%
6/9/2020,Equity Group Holdings Ltd Ord 0.50,KES 34.80,1541000,-12,9,337.5,0.14%
6/9/2020,Absa Bank Kenya Plc Ord 0.50,KES 9.92,133100,-177,540,-0.20%,
6/9/2020,The Co-operative Bank of Kenya Ltd Ord 1.00,KES 12.30,27500,0,-0.81%,,
6/9/2020,NCBA Bank Ltd Ord 5.00,KES 26.80,6000,0,-2.01%,,
6/8/2020,Equity Group Holdings Ltd Ord 0.50,KES 34.75,1109200,-1,517,605,-
6/8/2020,NCBA Bank Ltd Ord 5.00,KES 27.35,1400,0,-,,
6/8/2020,The Co-operative Bank of Kenya Ltd Ord 1.00,KES 12.40,288800,-1,448,897.5,-
6/8/2020,KCB Group Ltd Ord 1.00,KES 35.15,2311000,-10,779,312.5,-
6/8/2020,Absa Bank Kenya Plc Ord 0.50,KES 9.94,171200,-71,500,-,
6/7/2020,Equity Group Holdings Ltd Ord 0.50,-,1109200,-,-,,
6/7/2020,The Co-operative Bank of Kenya Ltd Ord 1.00,-,288800,-,-,,
6/7/2020,KCB Group Ltd Ord 1.00,-,2311000,-,-,,
6/7/2020,NCBA Bank Ltd Ord 5.00,-,1400,-,-,,
6/7/2020,Absa Bank Kenya Plc Ord 0.50,-,171200,-,-,,
6/5/2020,KCB Group Ltd Ord 1.00,KES 35.20,4252500,-64,213,747.5,0.86%
6/5/2020,Equity Group Holdings Ltd Ord 0.50,KES 34.60,5273600,-47,887,927.5,4.37%
6/5/2020,NCBA Bank Ltd Ord 5.00,KES 27.95,20700,0,0.54%,,
6/5/2020,The Co-operative Bank of Kenya Ltd Ord 1.00,KES 12.55,77500,0,-0.79%,,
6/5/2020,Absa Bank Kenya Plc Ord 0.50,KES 9.98,47900,-1,20,-0.70%,
6/4/2020,NCBA Bank Ltd Ord 5.00,KES 27.80,113600,0,2.77%,,
6/4/2020,Absa Bank Kenya Plc Ord 0.50,KES 10.05,1180900,-2,421,500,-0.50%
6/4/2020,KCB Group Ltd Ord 1.00,KES 34.90,1303100,-6,447,895,0.00%
6/4/2020,Equity Group Holdings Ltd Ord 0.50,KES 33.15,7082500,-53,525,815,-3.21%
6/4/2020,The Co-operative Bank of Kenya Ltd Ord 1.00,KES 12.65,89300,0,-0.39%,,
6/3/2020,NCBA Bank Ltd Ord 5.00,KES 27.05,23400,0,1.50%,,
6/3/2020,The Co-operative Bank of Kenya Ltd Ord 1.00,KES 12.70,554500,0,2.42%,,
6/3/2020,Equity Group Holdings Ltd Ord 0.50,KES 34.25,2551700,-24,6,520,-1.44%
6/3/2020,Absa Bank Kenya Plc Ord 0.50,KES 10.10,826500,-3,893,372.5,-6.48%
6/3/2020,KCB Group Ltd Ord 1.00,KES 34.90,1065100,-17,283,405,-0.14%
6/2/2020,The Co-operative Bank of Kenya Ltd Ord 1.00,KES 12.40,84100,-254,635,-,
6/2/2020,NCBA Bank Ltd Ord 5.00,KES 26.65,268900,-818,975,-,
6/2/2020,Equity Group Holdings Ltd Ord 0.50,KES 34.75,2250900,-20,897,685,-
6/2/2020,KCB Group Ltd Ord 1.00,KES 34.95,1611100,-14,900,965,-
6/2/2020,Absa Bank Kenya Plc Ord 0.50,KES 10.80,2243000,-11,933,640,-
6/1/2020,NCBA Bank Ltd Ord 5.00,-,268900,-,-,,
6/1/2020,The Co-operative Bank of Kenya Ltd Ord 1.00,-,84100,-,-,,
6/1/2020,Absa Bank Kenya Plc Ord 0.50,-,2243000,-,-,,
6/1/2020,KCB Group Ltd Ord 1.00,-,1611100,-,-,,
6/1/2020,Equity Group Holdings Ltd Ord 0.50,-,2250900,-,-,,
5/29/2020,KCB Group Ltd Ord 1.00,KES 35.35,3968000,-60,674,45,-0.28%
5/29/2020,The Co-operative Bank of Kenya Ltd Ord 1.00,KES 12.35,103200,0,0.00%,,
5/29/2020,Equity Group Holdings Ltd Ord 0.50,KES 35.05,8403800,-125,300,57.5,-0.57%
5/29/2020,NCBA Bank Ltd Ord 5.00,KES 26.90,724200,0,-0.37%,,
5/29/2020,Absa Bank Kenya Plc Ord 0.50,KES 10.80,1767600,-5,348,407.5,0.00%
5/28/2020,Equity Group Holdings Ltd Ord 0.50,KES 35.25,846700,-570,305,-1.54%,
5/28/2020,Absa Bank Kenya Plc Ord 0.50,KES 10.80,997900,-2,990,660,0.47%
5/28/2020,The Co-operative Bank of Kenya Ltd Ord 1.00,KES 12.35,187800,463,710,0.00%,
5/28/2020,KCB Group Ltd Ord 1.00,KES 35.45,715200,-5,80,730,-2.07%
5/28/2020,NCBA Bank Ltd Ord 5.00,KES 27.00,546100,0,0.00%,,
5/27/2020,NCBA Bank Ltd Ord 5.00,KES 27.00,93100,1,347.5,1.89%,
5/27/2020,KCB Group Ltd Ord 1.00,KES 36.20,4114100,-45,553,402.5,1.54%
5/27/2020,The Co-operative Bank of Kenya Ltd Ord 1.00,KES 12.35,357600,151,905,0.82%,
5/27/2020,Absa Bank Kenya Plc Ord 0.50,KES 10.75,645900,52,520,3.86%,
5/27/2020,Equity Group Holdings Ltd Ord 0.50,KES 35.80,77280,1,43,367.5,-0.14%
5/26/2020,Absa Bank Kenya Plc Ord 0.50,KES 10.35,479400,-2,440,725,-
5/26/2020,Equity Group Holdings Ltd Ord 0.50,KES 35.85,3632900,-17,177,902.5,-
5/26/2020,NCBA Bank Ltd Ord 5.00,KES 26.50,90200,0,-,,
5/26/2020,The Co-operative Bank of Kenya Ltd Ord 1.00,KES 12.25,169600,0,-,,
5/26/2020,KCB Group Ltd Ord 1.00,KES 35.65,4317100,-71,475,450,-
5/25/2020,The Co-operative Bank of Kenya Ltd Ord 1.00,-,169600,-,-,,
5/25/2020,Absa Bank Kenya Plc Ord 0.50,-,479400,-,-,,
5/25/2020,Equity Group Holdings Ltd Ord 0.50,-,3632900,-,-,,
5/25/2020,NCBA Bank Ltd Ord 5.00,-,90200,-,-,,
5/25/2020,KCB Group Ltd Ord 1.00,-,4317100,-,-,,
5/22/2020,The Co-operative Bank of Kenya Ltd Ord 1.00,KES 12.30,170100,0,-1.99%,,
5/22/2020,Absa Bank Kenya Plc Ord 0.50,KES 10.50,1433900,-3,202,535,1.45%
5/22/2020,KCB Group Ltd Ord 1.00,KES 35.75,8639400,-128,320,897.5,-1.52%
5/22/2020,NCBA Bank Ltd Ord 5.00,KES 27.05,15000,0,-0.37%,,
5/22/2020,Equity Group Holdings Ltd Ord 0.50,KES 34.20,2620700,-34,631,70,-5.39%
5/21/2020,The Co-operative Bank of Kenya Ltd Ord 1.00,KES 12.55,110500,0,-1.18%,,
5/21/2020,Equity Group Holdings Ltd Ord 0.50,KES 36.15,3732500,-39,151,80,0.56%
5/21/2020,KCB Group Ltd Ord 1.00,KES 36.30,3004700,-52,597,445,0.83%
5/21/2020,Absa Bank Kenya Plc Ord 0.50,KES 10.35,350300,-163,375,0.49%,
5/21/2020,NCBA Bank Ltd Ord 5.00,KES 27.15,509600,0,-1.27%,,
5/20/2020,KCB Group Ltd Ord 1.00,KES 36.00,99500,-1,573,662.5,-2.83%
5/20/2020,Absa Bank Kenya Plc Ord 0.50,KES 10.30,393000,-1,63,27.5,-1.44%
5/20/2020,NCBA Bank Ltd Ord 5.00,KES 27.50,23000,0,-0.18%,,
5/20/2020,The Co-operative Bank of Kenya Ltd Ord 1.00,KES 12.70,36200,-645,-2.31%,,
5/20/2020,Equity Group Holdings Ltd Ord 0.50,KES 35.95,232600,-2,427,462.5,-2.31%
5/19/2020,NCBA Bank Ltd Ord 5.00,KES 27.55,125900,0,1.66%,,
5/19/2020,Absa Bank Kenya Plc Ord 0.50,KES 10.45,711600,-3,241,370,-0.48%
5/19/2020,Equity Group Holdings Ltd Ord 0.50,KES 36.80,4203600,-41,635,742.5,-0.54%
5/19/2020,KCB Group Ltd Ord 1.00,KES 37.05,2338600,-27,9,940,-1.46%
5/19/2020,The Co-operative Bank of Kenya Ltd Ord 1.00,KES 13.00,462100,2,93,0,0.00%
5/18/2020,NCBA Bank Ltd Ord 5.00,KES 27.10,119100,0,-,,
5/18/2020,The Co-operative Bank of Kenya Ltd Ord 1.00,KES 13.00,810100,-411,65,-,
5/18/2020,Equity Group Holdings Ltd Ord 0.50,KES 37.00,5887700,-64,423,207.5,-
5/18/2020,Absa Bank Kenya Plc Ord 0.50,KES 10.50,446100,-1,906,937.5,-
5/18/2020,KCB Group Ltd Ord 1.00,KES 37.60,359200,-300,200,-,
5/17/2020,NCBA Bank Ltd Ord 5.00,-,119100,-,-,,
5/17/2020,The Co-operative Bank of Kenya Ltd Ord 1.00,-,810100,-,-,,
5/17/2020,KCB Group Ltd Ord 1.00,-,359200,-,-,,
5/17/2020,Absa Bank Kenya Plc Ord 0.50,-,446100,-,-,,
5/17/2020,Equity Group Holdings Ltd Ord 0.50,-,5887700,-,-,,
5/15/2020,NCBA Bank Ltd Ord 5.00,KES 26.55,11600,0,-2.39%,,
5/15/2020,Absa Bank Kenya Plc Ord 0.50,KES 10.50,350800,-1,750,335,0.00%
5/15/2020,The Co-operative Bank of Kenya Ltd Ord 1.00,KES 12.95,398700,47,730,0.39%,
5/15/2020,Equity Group Holdings Ltd Ord 0.50,KES 35.50,12025100,-187,839,552.5,5.34%
5/15/2020,KCB Group Ltd Ord 1.00,KES 36.05,4217400,-61,844,357.5,1.12%
5/14/2020,KCB Group Ltd Ord 1.00,KES 35.65,1009400,-13,150,452.5,-0.70%
5/14/2020,NCBA Bank Ltd Ord 5.00,KES 27.20,1059600,0,-3.89%,,
5/14/2020,Equity Group Holdings Ltd Ord 0.50,KES 33.70,1671800,-23,583,762.5,0.00%
5/14/2020,Absa Bank Kenya Plc Ord 0.50,KES 10.50,11036000,-56,668,670,0.00%
5/14/2020,The Co-operative Bank of Kenya Ltd Ord 1.00,KES 12.90,507600,-18,60,0.00%,
5/13/2020,Absa Bank Kenya Plc Ord 0.50,KES 10.50,643500,-2,348,650,-1.87%
5/13/2020,KCB Group Ltd Ord 1.00,KES 35.90,1324900,-8,212,52.5,-5.53%
5/13/2020,Equity Group Holdings Ltd Ord 0.50,KES 33.70,4034200,-60,384,425,-6.13%
5/13/2020,NCBA Bank Ltd Ord 5.00,KES 28.30,89500,-8,715,-1.74%,
5/13/2020,The Co-operative Bank of Kenya Ltd Ord 1.00,KES 12.90,1263900,-13,10,-0.77%,
5/12/2020,NCBA Bank Ltd Ord 5.00,KES 28.80,142700,0,-10.70%,,
5/12/2020,Equity Group Holdings Ltd Ord 0.50,KES 35.90,10015700,-137,18,167.5,-4.52%
5/12/2020,KCB Group Ltd Ord 1.00,KES 38.00,6169500,-101,279,710,-2.44%
5/12/2020,The Co-operative Bank of Kenya Ltd Ord 1.00,KES 13.00,230800,849,300,0.00%,
5/12/2020,Absa Bank Kenya Plc Ord 0.50,KES 10.70,312400,270,0,0.47%,
5/11/2020,KCB Group Ltd Ord 1.00,KES 38.95,260000,0,-,,
5/11/2020,Absa Bank Kenya Plc Ord 0.50,KES 10.65,810800,-2,880,747.5,-
5/11/2020,NCBA Bank Ltd Ord 5.00,KES 32.25,152000,0,-,,
5/11/2020,Equity Group Holdings Ltd Ord 0.50,KES 37.60,3918000,-54,642,755,-
5/11/2020,The Co-operative Bank of Kenya Ltd Ord 1.00,KES 13.00,73300,191,100,-,
5/10/2020,The Co-operative Bank of Kenya Ltd Ord 1.00,-,73300,191,100,-,
5/10/2020,NCBA Bank Ltd Ord 5.00,-,152000,-,-,,
5/10/2020,Absa Bank Kenya Plc Ord 0.50,-,810800,-,-,,
5/10/2020,KCB Group Ltd Ord 1.00,-,260000,-,-,,
5/10/2020,Equity Group Holdings Ltd Ord 0.50,-,3918000,-,-,,
5/8/2020,Equity Group Holdings Ltd Ord 0.50,KES 38.60,1488600,-10,856,460,-1.40%
5/8/2020,KCB Group Ltd Ord 1.00,KES 39.05,1130400,-9,134,240,0.00%
5/8/2020,Absa Bank Kenya Plc Ord 0.50,KES 10.85,388300,-1,573,372.5,-1.36%
5/8/2020,NCBA Bank Ltd Ord 5.00,KES 32.70,186800,0,3.15%,,
5/8/2020,The Co-operative Bank of Kenya Ltd Ord 1.00,KES 13.20,448400,-1,988,87.5,1.15%
5/7/2020,Absa Bank Kenya Plc Ord 0.50,KES 11.00,1028500,-1,268,687.5,0.46%
5/7/2020,KCB Group Ltd Ord 1.00,KES 39.05,2380200,3,246,152.5,-0.51%
5/7/2020,NCBA Bank Ltd Ord 5.00,KES 31.70,14600,0,-3.21%,,
5/7/2020,Equity Group Holdings Ltd Ord 0.50,KES 39.15,4532000,-21,213,635,-1.51%
5/7/2020,The Co-operative Bank of Kenya Ltd Ord 1.00,KES 13.05,254100,774,885,0.77%,
5/6/2020,Absa Bank Kenya Plc Ord 0.50,KES 10.95,1353900,-5,658,850,-1.79%
5/6/2020,Equity Group Holdings Ltd Ord 0.50,KES 39.75,12848700,-122,574,0,-5.36%
5/6/2020,KCB Group Ltd Ord 1.00,KES 39.25,4721000,-31,850,92.5,-6.44%
5/6/2020,NCBA Bank Ltd Ord 5.00,KES 32.75,570700,-9,223,460,0.00%
5/6/2020,The Co-operative Bank of Kenya Ltd Ord 1.00,KES 12.95,262700,81,662.5,-1.52%,
5/5/2020,NCBA Bank Ltd Ord 5.00,KES 32.75,48800,0,0.15%,,
5/5/2020,Absa Bank Kenya Plc Ord 0.50,KES 11.15,890600,-4,395,585,2.76%
5/5/2020,The Co-operative Bank of Kenya Ltd Ord 1.00,KES 13.15,397000,458,130,3.54%,
5/5/2020,KCB Group Ltd Ord 1.00,KES 41.95,1866200,22,165,870,8.26%
5/5/2020,Equity Group Holdings Ltd Ord 0.50,KES 42.00,1094800,-14,780,995,5.40%
5/4/2020,KCB Group Ltd Ord 1.00,KES 38.75,2704100,6,557.5,-,
5/4/2020,Absa Bank Kenya Plc Ord 0.50,KES 10.85,467600,-2,37,320,-
5/4/2020,The Co-operative Bank of Kenya Ltd Ord 1.00,KES 12.70,198800,-418,745,-,
5/4/2020,NCBA Bank Ltd Ord 5.00,KES 32.70,104700,-1,7,500,-
5/4/2020,Equity Group Holdings Ltd Ord 0.50,KES 39.85,6669900,-38,708,232.5,-
5/3/2020,KCB Group Ltd Ord 1.00,-,2704100,6,558,-,
5/3/2020,The Co-operative Bank of Kenya Ltd Ord 1.00,-,198800,-,-,,
5/3/2020,Absa Bank Kenya Plc Ord 0.50,-,467600,-,-,,
5/3/2020,Equity Group Holdings Ltd Ord 0.50,-,6669900,-,-,,
5/3/2020,NCBA Bank Ltd Ord 5.00,-,104700,-,-,,
4/30/2020,KCB Group Ltd Ord 1.00,KES 38.40,1464300,-5,540,600,3.78%
4/30/2020,Equity Group Holdings Ltd Ord 0.50,KES 38.65,1078300,-2,477,375,2.66%
4/30/2020,NCBA Bank Ltd Ord 5.00,KES 30.95,93500,0,8.60%,,
4/30/2020,The Co-operative Bank of Kenya Ltd Ord 1.00,KES 12.65,145200,0,0.40%,,
4/30/2020,Absa Bank Kenya Plc Ord 0.50,KES 10.60,947300,-3,799,987.5,0.00%
4/29/2020,NCBA Bank Ltd Ord 5.00,KES 28.50,80100,0,1.79%,,
4/29/2020,Absa Bank Kenya Plc Ord 0.50,KES 10.60,918800,-4,819,250,0.47%
4/29/2020,Equity Group Holdings Ltd Ord 0.50,KES 37.65,4251200,-10,203,267.5,2.31%
4/29/2020,The Co-operative Bank of Kenya Ltd Ord 1.00,KES 12.60,733400,0,1.20%,,
4/29/2020,KCB Group Ltd Ord 1.00,KES 37.00,290700,0,1.93%,,
4/28/2020,KCB Group Ltd Ord 1.00,KES 36.30,1259300,692,250,1.40%,
4/28/2020,Equity Group Holdings Ltd Ord 0.50,KES 36.80,1270000,-3,952,347.5,2.65%
4/28/2020,The Co-operative Bank of Kenya Ltd Ord 1.00,KES 12.45,607500,0,0.00%,,
4/28/2020,NCBA Bank Ltd Ord 5.00,KES 28.00,124800,0,0.36%,,
4/28/2020,Absa Bank Kenya Plc Ord 0.50,KES 10.55,450700,-2,378,45,-0.47%
4/27/2020,The Co-operative Bank of Kenya Ltd Ord 1.00,KES 12.45,625400,319,270,-,
4/27/2020,Absa Bank Kenya Plc Ord 0.50,KES 10.60,1502600,-2,681,297.5,-
4/27/2020,Equity Group Holdings Ltd Ord 0.50,KES 35.85,4114300,-62,835,45,-
4/27/2020,NCBA Bank Ltd Ord 5.00,KES 27.90,93100,0,-,,
4/27/2020,KCB Group Ltd Ord 1.00,KES 35.80,2374500,-20,498,115,-
4/26/2020,The Co-operative Bank of Kenya Ltd Ord 1.00,-,625400,319,270,-,
4/26/2020,Equity Group Holdings Ltd Ord 0.50,-,4114300,-,-,,
4/26/2020,KCB Group Ltd Ord 1.00,-,2374500,-,-,,
4/26/2020,Absa Bank Kenya Plc Ord 0.50,-,1502600,-,-,,
4/26/2020,NCBA Bank Ltd Ord 5.00,-,93100,-,-,,
4/24/2020,Equity Group Holdings Ltd Ord 0.50,KES 34.65,9100800,-145,560,800,0.14%
4/24/2020,The Co-operative Bank of Kenya Ltd Ord 1.00,KES 12.20,492700,0,-1.21%,,
4/24/2020,KCB Group Ltd Ord 1.00,KES 36.95,8481200,-120,145,680,0.96%
4/24/2020,NCBA Bank Ltd Ord 5.00,KES 28.10,147100,0,-2.26%,,
4/24/2020,Absa Bank Kenya Plc Ord 0.50,KES 10.55,659100,-2,797,870,-0.47%
4/23/2020,NCBA Bank Ltd Ord 5.00,KES 28.75,1238300,1,111,187.5,0.00%
4/23/2020,The Co-operative Bank of Kenya Ltd Ord 1.00,KES 12.35,82200,1,845,-0.40%,
4/23/2020,Absa Bank Kenya Plc Ord 0.50,KES 10.60,96800,-331,997.5,-0.93%,
4/23/2020,KCB Group Ltd Ord 1.00,KES 36.60,1014500,-17,470,20,-0.14%
4/23/2020,Equity Group Holdings Ltd Ord 0.50,KES 34.60,2472600,-27,982,880,-1.00%
4/22/2020,Equity Group Holdings Ltd Ord 0.50,KES 34.95,3040200,-13,492,282.5,-2.24%
4/22/2020,KCB Group Ltd Ord 1.00,KES 36.65,907400,-14,421,530,-0.27%
4/22/2020,NCBA Bank Ltd Ord 5.00,KES 28.75,437200,-5,386,707.5,0.00%
4/22/2020,Absa Bank Kenya Plc Ord 0.50,KES 10.70,84100,-525,3.38%,,
4/22/2020,The Co-operative Bank of Kenya Ltd Ord 1.00,KES 12.40,660000,-776,50,1.22%,
4/21/2020,KCB Group Ltd Ord 1.00,KES 36.75,2834300,-29,405,80,-0.68%
4/21/2020,The Co-operative Bank of Kenya Ltd Ord 1.00,KES 12.25,3364600,-11,634,450,0.00%
4/21/2020,NCBA Bank Ltd Ord 5.00,KES 28.75,7800,-17,340,-1.03%,
4/21/2020,Equity Group Holdings Ltd Ord 0.50,KES 35.75,2635500,-18,674,655,2.58%
4/21/2020,Absa Bank Kenya Plc Ord 0.50,KES 10.35,17396200,-84,618,270,0.98%
4/20/2020,The Co-operative Bank of Kenya Ltd Ord 1.00,KES 12.25,901100,-5,43,0,-
4/20/2020,Absa Bank Kenya Plc Ord 0.50,KES 10.25,3317000,-14,27,232.5,-
4/20/2020,NCBA Bank Ltd Ord 5.00,KES 29.05,7300,0,-,,
4/20/2020,Equity Group Holdings Ltd Ord 0.50,KES 34.85,3121900,-48,514,972.5,-
4/20/2020,KCB Group Ltd Ord 1.00,KES 37.00,777800,-7,117,350,-
4/19/2020,Absa Bank Kenya Plc Ord 0.50,-,3317000,-,-,,
4/19/2020,The Co-operative Bank of Kenya Ltd Ord 1.00,-,901100,-,-,,
4/19/2020,NCBA Bank Ltd Ord 5.00,-,7300,-,-,,
4/19/2020,KCB Group Ltd Ord 1.00,-,777800,-,-,,
4/19/2020,Equity Group Holdings Ltd Ord 0.50,-,3121900,-,-,,
4/17/2020,NCBA Bank Ltd Ord 5.00,KES 28.50,14100,0,1.24%,,
4/17/2020,Equity Group Holdings Ltd Ord 0.50,KES 33.50,2471300,-36,485,7.5,1.67%
4/17/2020,The Co-operative Bank of Kenya Ltd Ord 1.00,KES 12.30,150600,3,75,-0.81%,
4/17/2020,KCB Group Ltd Ord 1.00,KES 35.95,9479700,-157,734,352.5,3.90%
4/17/2020,Absa Bank Kenya Plc Ord 0.50,KES 10.05,86000,-256,250,-1.95%,
4/16/2020,Equity Group Holdings Ltd Ord 0.50,KES 32.95,3636800,-52,673,580,-1.05%
4/16/2020,Absa Bank Kenya Plc Ord 0.50,KES 10.25,289900,-523,880,0.00%,
4/16/2020,NCBA Bank Ltd Ord 5.00,KES 28.15,57300,0,0.54%,,
4/16/2020,KCB Group Ltd Ord 1.00,KES 34.60,2405600,-41,838,215,-1.28%
4/16/2020,The Co-operative Bank of Kenya Ltd Ord 1.00,KES 12.40,882000,-2,104,672.5,-0.40%
4/15/2020,The Co-operative Bank of Kenya Ltd Ord 1.00,KES 12.45,284200,667.5,-6.39%,,
4/15/2020,KCB Group Ltd Ord 1.00,KES 35.05,1919500,-33,71,715,0.14%
4/15/2020,Absa Bank Kenya Plc Ord 0.50,KES 10.25,2343900,-8,585,325,0.49%
4/15/2020,NCBA Bank Ltd Ord 5.00,KES 28.00,62000,0,0.36%,,
4/15/2020,Equity Group Holdings Ltd Ord 0.50,KES 33.30,4612700,-6,596,172.5,-0.75%
4/14/2020,NCBA Bank Ltd Ord 5.00,KES 27.90,25300,-176,390,-,
4/14/2020,Absa Bank Kenya Plc Ord 0.50,KES 10.20,8300,0,-,,
4/14/2020,KCB Group Ltd Ord 1.00,KES 35.00,1279300,-11,417,922.5,-
4/14/2020,The Co-operative Bank of Kenya Ltd Ord 1.00,KES 13.30,1679900,-10,180,625,-
4/14/2020,Equity Group Holdings Ltd Ord 0.50,KES 33.55,3231700,-24,335,220,-
4/13/2020,Equity Group Holdings Ltd Ord 0.50,-,3231700,-,-,,
4/13/2020,Absa Bank Kenya Plc Ord 0.50,-,8300,-,-,,
4/13/2020,KCB Group Ltd Ord 1.00,-,1279300,-,-,,
4/13/2020,The Co-operative Bank of Kenya Ltd Ord 1.00,-,1679900,-,-,,
4/13/2020,NCBA Bank Ltd Ord 5.00,-,25300,-,-,,
4/9/2020,Absa Bank Kenya Plc Ord 0.50,KES 10.35,770000,-3,545,375,4.97%
4/9/2020,The Co-operative Bank of Kenya Ltd Ord 1.00,KES 12.80,277300,-1,492,532.5,2.81%
4/9/2020,KCB Group Ltd Ord 1.00,KES 35.10,8383300,-124,197,657.5,1.74%
4/9/2020,NCBA Bank Ltd Ord 5.00,KES 27.60,8900,-102,200,-1.25%,
4/9/2020,Equity Group Holdings Ltd Ord 0.50,KES 33.05,5562700,-67,430,37.5,0.76%
4/8/2020,Equity Group Holdings Ltd Ord 0.50,KES 32.80,2428600,-22,773,842.5,-0.91%
4/8/2020,KCB Group Ltd Ord 1.00,KES 34.50,1056800,-17,122,415,0.00%
4/8/2020,Absa Bank Kenya Plc Ord 0.50,KES 9.86,497300,-2,40,875,-0.40%
4/8/2020,The Co-operative Bank of Kenya Ltd Ord 1.00,KES 12.45,5139800,-857,375,-0.40%,
4/8/2020,NCBA Bank Ltd Ord 5.00,KES 27.95,31000,0,0.00%,,
4/7/2020,Absa Bank Kenya Plc Ord 0.50,KES 9.90,468000,-2,76,992,0.00%
4/7/2020,KCB Group Ltd Ord 1.00,KES 34.50,2759500,-45,229,305,0.00%
4/7/2020,The Co-operative Bank of Kenya Ltd Ord 1.00,KES 12.50,378200,-1,938,640,1.21%
4/7/2020,NCBA Bank Ltd Ord 5.00,KES 27.95,24200,-322,980,0.00%,
4/7/2020,Equity Group Holdings Ltd Ord 0.50,KES 33.10,6665400,-82,132,957.5,-1.63%
4/6/2020,NCBA Bank Ltd Ord 5.00,KES 27.95,2700,-26,600,-,
4/6/2020,Equity Group Holdings Ltd Ord 0.50,KES 33.65,2698000,-8,106,12.5,-
4/6/2020,KCB Group Ltd Ord 1.00,KES 34.50,2360300,-4,768,25,-
4/6/2020,Absa Bank Kenya Plc Ord 0.50,KES 9.90,288100,-1,139,815,-
4/6/2020,The Co-operative Bank of Kenya Ltd Ord 1.00,KES 12.35,1662500,-9,864,675,-
4/5/2020,Absa Bank Kenya Plc Ord 0.50,-,288100,-,-,,
4/5/2020,The Co-operative Bank of Kenya Ltd Ord 1.00,-,1662500,-,-,,
4/5/2020,Equity Group Holdings Ltd Ord 0.50,-,2698000,-,-,,
4/5/2020,KCB Group Ltd Ord 1.00,-,2360300,-,-,,
4/5/2020,NCBA Bank Ltd Ord 5.00,-,2700,-,-,,
4/3/2020,NCBA Bank Ltd Ord 5.00,KES 27.90,31500,-57,250,-1.41%,
4/3/2020,The Co-operative Bank of Kenya Ltd Ord 1.00,KES 12.40,116800,-227,272.5,-3.88%,
4/3/2020,Equity Group Holdings Ltd Ord 0.50,KES 34.20,2356800,-7,763,840,0.59%
4/3/2020,KCB Group Ltd Ord 1.00,KES 34.80,369700,-3,280,555,0.58%
4/3/2020,Absa Bank Kenya Plc Ord 0.50,KES 9.92,666200,-3,229,25,0.20%
4/2/2020,Absa Bank Kenya Plc Ord 0.50,KES 9.90,429800,-468,0,-1.00%,
4/2/2020,NCBA Bank Ltd Ord 5.00,KES 28.30,165500,-1,236,900,-0.70%
4/2/2020,The Co-operative Bank of Kenya Ltd Ord 1.00,KES 12.90,226400,-578,607.5,0.39%,
4/2/2020,Equity Group Holdings Ltd Ord 0.50,KES 34.00,3080900,-21,232,710,0.44%
4/2/2020,KCB Group Ltd Ord 1.00,KES 34.60,1357900,-21,407,467.5,1.02%
4/1/2020,Absa Bank Kenya Plc Ord 0.50,KES 10.00,687900,-1,492,308,0.20%
4/1/2020,The Co-operative Bank of Kenya Ltd Ord 1.00,KES 12.85,64500,0,-0.77%,,
4/1/2020,KCB Group Ltd Ord 1.00,KES 34.25,2395300,-20,862,735,-1.86%
4/1/2020,NCBA Bank Ltd Ord 5.00,KES 28.50,40800,0,0.53%,,
4/1/2020,Equity Group Holdings Ltd Ord 0.50,KES 33.85,2216700,-24,706,402.5,-0.15%
3/31/2020,NCBA Bank Ltd Ord 5.00,KES 28.35,7700,0,-0.18%,,
3/31/2020,Equity Group Holdings Ltd Ord 0.50,KES 33.90,789900,-13,223,465,-0.15%
3/31/2020,Absa Bank Kenya Plc Ord 0.50,KES 9.98,426800,-2,6,362.5,-1.19%
3/31/2020,The Co-operative Bank of Kenya Ltd Ord 1.00,KES 12.95,1182100,-6,802,177.5,0.78%
3/31/2020,KCB Group Ltd Ord 1.00,KES 34.90,7041300,-95,371,415,-0.29%
3/30/2020,NCBA Bank Ltd Ord 5.00,KES 28.40,24300,0,-,,
3/30/2020,Absa Bank Kenya Plc Ord 0.50,KES 10.10,215000,-963,640,-,
3/30/2020,KCB Group Ltd Ord 1.00,KES 35.00,3028800,-52,628,420,-
3/30/2020,The Co-operative Bank of Kenya Ltd Ord 1.00,KES 12.85,101800,0,-,,
3/30/2020,Equity Group Holdings Ltd Ord 0.50,KES 33.95,150800,-2,505,792.5,-
3/29/2020,Absa Bank Kenya Plc Ord 0.50,-,215000,-,-,,
3/29/2020,KCB Group Ltd Ord 1.00,-,3028800,-,-,,
3/29/2020,The Co-operative Bank of Kenya Ltd Ord 1.00,-,101800,-,-,,
3/29/2020,Equity Group Holdings Ltd Ord 0.50,-,150800,-,-,,
3/29/2020,NCBA Bank Ltd Ord 5.00,-,24300,-,-,,
3/27/2020,KCB Group Ltd Ord 1.00,KES 35.00,1958600,-24,462,90,0.00%
3/27/2020,NCBA Bank Ltd Ord 5.00,KES 28.05,15300,11,722.5,6.25%,
3/27/2020,The Co-operative Bank of Kenya Ltd Ord 1.00,KES 12.85,108200,163,200,6.20%,
3/27/2020,Absa Bank Kenya Plc Ord 0.50,KES 10.15,2215700,-10,723,449.5,3.36%
3/27/2020,Equity Group Holdings Ltd Ord 0.50,KES 34.00,7143900,-111,550,212.5,2.41%
3/26/2020,Absa Bank Kenya Plc Ord 0.50,KES 9.82,213500,-656,759,-0.81%,
3/26/2020,KCB Group Ltd Ord 1.00,KES 35.00,7304400,-126,769,342.5,-0.14%
3/26/2020,The Co-operative Bank of Kenya Ltd Ord 1.00,KES 12.10,544300,-2,65,177.5,2.54%
3/26/2020,Equity Group Holdings Ltd Ord 0.50,KES 33.20,5703500,-92,517,580,0.15%
3/26/2020,NCBA Bank Ltd Ord 5.00,KES 26.40,28300,0,1.54%,,
3/25/2020,The Co-operative Bank of Kenya Ltd Ord 1.00,KES 11.80,1154700,4,175,40,-0.42%
3/25/2020,Equity Group Holdings Ltd Ord 0.50,KES 33.15,2343900,-20,555,962.5,0.91%
3/25/2020,KCB Group Ltd Ord 1.00,KES 35.05,3890600,-47,347,682.5,0.00%
3/25/2020,NCBA Bank Ltd Ord 5.00,KES 26.00,108400,0,3.17%,,
3/25/2020,Absa Bank Kenya Plc Ord 0.50,KES 9.90,2033500,-4,630,960,4.87%
3/24/2020,The Co-operative Bank of Kenya Ltd Ord 1.00,KES 11.85,10195000,2,950,-2.07%,
3/24/2020,Equity Group Holdings Ltd Ord 0.50,KES 32.85,15149600,-170,35,870,0.92%
3/24/2020,NCBA Bank Ltd Ord 5.00,KES 25.20,71700,-500,285,0.40%,
3/24/2020,Absa Bank Kenya Plc Ord 0.50,KES 9.44,323700,-932,994,-3.08%,
3/24/2020,KCB Group Ltd Ord 1.00,KES 35.05,5302000,-83,32,202.5,3.39%
3/23/2020,Equity Group Holdings Ltd Ord 0.50,KES 32.55,1388000,-5,785,877.5,-
3/23/2020,KCB Group Ltd Ord 1.00,KES 33.90,520600,-6,944,255,-
3/23/2020,NCBA Bank Ltd Ord 5.00,KES 25.10,291700,-150,500,-,
3/23/2020,The Co-operative Bank of Kenya Ltd Ord 1.00,KES 12.10,118200,3,25,-,
3/23/2020,Absa Bank Kenya Plc Ord 0.50,KES 9.74,314500,-650,310,-,
3/22/2020,The Co-operative Bank of Kenya Ltd Ord 1.00,-,118200,3,25,-,
3/22/2020,KCB Group Ltd Ord 1.00,-,520600,-,-,,
3/22/2020,NCBA Bank Ltd Ord 5.00,-,291700,-,-,,
3/22/2020,Absa Bank Kenya Plc Ord 0.50,-,314500,-,-,,
3/22/2020,Equity Group Holdings Ltd Ord 0.50,-,1388000,-,-,,
3/20/2020,KCB Group Ltd Ord 1.00,KES 37.45,1190300,-23,524,625,-7.64%
3/20/2020,Absa Bank Kenya Plc Ord 0.50,KES 10.20,188500,-670,345,-7.27%,
3/20/2020,Equity Group Holdings Ltd Ord 0.50,KES 35.00,7632700,-88,728,732.5,-10.14%
3/20/2020,The Co-operative Bank of Kenya Ltd Ord 1.00,KES 12.60,348900,-1,230,730,-1.18%
3/20/2020,NCBA Bank Ltd Ord 5.00,KES 27.65,59100,0,-99.02%,,
3/19/2020,NCBA Bank Ltd Ord 5.00,KES 2825.00,127300,42,150,9989.29%,
3/19/2020,Equity Group Holdings Ltd Ord 0.50,KES 38.95,1132300,-19,383,850,-0.26%
3/19/2020,Absa Bank Kenya Plc Ord 0.50,KES 11.00,137300,-3,202.5,-0.90%,
3/19/2020,The Co-operative Bank of Kenya Ltd Ord 1.00,KES 12.75,194600,-486,285,1.59%,
3/19/2020,KCB Group Ltd Ord 1.00,KES 40.55,1850100,-9,425,212.5,-0.12%
3/18/2020,KCB Group Ltd Ord 1.00,KES 40.60,3514200,-43,212,355,-2.29%
3/18/2020,NCBA Bank Ltd Ord 5.00,KES 28.00,30500,0,-0.18%,,
3/18/2020,The Co-operative Bank of Kenya Ltd Ord 1.00,KES 12.55,344800,-865,890,-0.79%,
3/18/2020,Absa Bank Kenya Plc Ord 0.50,KES 11.10,309200,-714,782.5,0.00%,
3/18/2020,Equity Group Holdings Ltd Ord 0.50,KES 39.05,6459800,-103,271,517.5,0.13%
3/17/2020,Absa Bank Kenya Plc Ord 0.50,KES 11.10,83100,-214,982.5,-2.63%,
3/17/2020,The Co-operative Bank of Kenya Ltd Ord 1.00,KES 12.65,167600,-208,302.5,-0.78%,
3/17/2020,Equity Group Holdings Ltd Ord 0.50,KES 39.00,927700,-17,481,735,-0.64%
3/17/2020,KCB Group Ltd Ord 1.00,KES 41.55,431100,-6,595,482.5,-0.36%
3/17/2020,NCBA Bank Ltd Ord 5.00,KES 28.05,162000,0,-0.36%,,
3/16/2020,The Co-operative Bank of Kenya Ltd Ord 1.00,KES 12.75,367300,-693,247.5,-,
3/16/2020,KCB Group Ltd Ord 1.00,KES 41.70,6452400,-123,284,410,-
3/16/2020,NCBA Bank Ltd Ord 5.00,KES 28.15,111600,0,-,,
3/16/2020,Absa Bank Kenya Plc Ord 0.50,KES 11.40,107200,-108,675,-,
3/16/2020,Equity Group Holdings Ltd Ord 0.50,KES 39.25,821600,-13,935,405,-
3/15/2020,The Co-operative Bank of Kenya Ltd Ord 1.00,-,367300,-,-,,
3/15/2020,Absa Bank Kenya Plc Ord 0.50,-,107200,-,-,,
3/15/2020,Equity Group Holdings Ltd Ord 0.50,-,821600,-,-,,
3/15/2020,KCB Group Ltd Ord 1.00,-,6452400,-,-,,
3/15/2020,NCBA Bank Ltd Ord 5.00,-,111600,-,-,,
3/13/2020,NCBA Bank Ltd Ord 5.00,KES 28.90,86100,-36,250,-3.51%,
3/13/2020,KCB Group Ltd Ord 1.00,KES 40.25,6953900,-130,576,102.5,-5.63%
3/13/2020,Equity Group Holdings Ltd Ord 0.50,KES 39.85,2003900,-5,450,910,-4.89%
3/13/2020,The Co-operative Bank of Kenya Ltd Ord 1.00,KES 12.80,876600,-36,445,-3.40%,
3/13/2020,Absa Bank Kenya Plc Ord 0.50,KES 11.35,130800,-356,925,-2.16%,
3/12/2020,NCBA Bank Ltd Ord 5.00,KES 29.95,423700,-1,257,950,-6.99%
3/12/2020,The Co-operative Bank of Kenya Ltd Ord 1.00,KES 13.25,1273400,-305,170,-7.02%,
3/12/2020,Absa Bank Kenya Plc Ord 0.50,KES 11.60,297200,-191,250,-6.83%,
3/12/2020,Equity Group Holdings Ltd Ord 0.50,KES 41.90,7387100,-53,324,127.5,-7.10%
3/12/2020,KCB Group Ltd Ord 1.00,KES 42.65,7087200,-60,646,542.5,-6.98%
3/11/2020,The Co-operative Bank of Kenya Ltd Ord 1.00,KES 14.25,854100,-309,655,-2.40%,
3/11/2020,NCBA Bank Ltd Ord 5.00,KES 32.20,14200,0,-2.87%,,
3/11/2020,Absa Bank Kenya Plc Ord 0.50,KES 12.45,116900,63,0,-2.73%,
3/11/2020,Equity Group Holdings Ltd Ord 0.50,KES 45.10,879700,-10,104,767.5,-4.25%
3/11/2020,KCB Group Ltd Ord 1.00,KES 45.85,183400,0,-5.76%,,
3/10/2020,Equity Group Holdings Ltd Ord 0.50,KES 47.10,470400,-4,311,877.5,0.00%
3/10/2020,The Co-operative Bank of Kenya Ltd Ord 1.00,KES 14.60,2487500,-16,841,687.5,3.55%
3/10/2020,NCBA Bank Ltd Ord 5.00,KES 33.15,19800,0,0.30%,,
3/10/2020,KCB Group Ltd Ord 1.00,KES 48.65,442600,-4,678,465,1.78%
3/10/2020,Absa Bank Kenya Plc Ord 0.50,KES 12.80,592000,-3,132,480,0.00%
3/9/2020,Equity Group Holdings Ltd Ord 0.50,KES 47.10,1596700,-27,644,547.5,-
3/9/2020,NCBA Bank Ltd Ord 5.00,KES 33.05,74200,0,-,,
3/9/2020,KCB Group Ltd Ord 1.00,KES 47.80,4596500,-88,486,540,-
3/9/2020,The Co-operative Bank of Kenya Ltd Ord 1.00,KES 14.10,708900,-2,507,780,-
3/9/2020,Absa Bank Kenya Plc Ord 0.50,KES 12.80,238200,-469,117.5,-,
3/8/2020,NCBA Bank Ltd Ord 5.00,-,74200,-,-,,
3/8/2020,Absa Bank Kenya Plc Ord 0.50,-,238200,-,-,,
3/8/2020,The Co-operative Bank of Kenya Ltd Ord 1.00,-,708900,-,-,,
3/8/2020,Equity Group Holdings Ltd Ord 0.50,-,1596700,-,-,,
3/8/2020,KCB Group Ltd Ord 1.00,-,4596500,-,-,,
3/6/2020,NCBA Bank Ltd Ord 5.00,KES 33.80,21400,0,-1.31%,,
3/6/2020,The Co-operative Bank of Kenya Ltd Ord 1.00,KES 14.15,427100,-2,368,50,-4.39%
3/6/2020,Absa Bank Kenya Plc Ord 0.50,KES 13.10,435700,0,-1.50%,,
3/6/2020,Equity Group Holdings Ltd Ord 0.50,KES 46.20,447900,-10,305,547.5,-5.81%
3/6/2020,KCB Group Ltd Ord 1.00,KES 46.70,3548100,-63,179,100,-7.06%
3/5/2020,Equity Group Holdings Ltd Ord 0.50,KES 49.05,830600,1,942,97.5,-1.70%
3/5/2020,Absa Bank Kenya Plc Ord 0.50,KES 13.30,2077300,1,355,377.5,0.00%
3/5/2020,The Co-operative Bank of Kenya Ltd Ord 1.00,KES 14.80,2091200,0,0.00%,,
3/5/2020,NCBA Bank Ltd Ord 5.00,KES 34.25,19600,0,-1.72%,,
3/5/2020,KCB Group Ltd Ord 1.00,KES 50.25,5323100,-21,971,75,-0.50%
3/4/2020,KCB Group Ltd Ord 1.00,KES 50.50,737200,-17,434,350,2.02%
3/4/2020,The Co-operative Bank of Kenya Ltd Ord 1.00,KES 14.80,672200,0,0.00%,,
3/4/2020,Equity Group Holdings Ltd Ord 0.50,KES 49.90,1911600,-21,120,60,1.63%
3/4/2020,Absa Bank Kenya Plc Ord 0.50,KES 13.30,47500,96,285,1.53%,
3/4/2020,NCBA Bank Ltd Ord 5.00,KES 34.85,1600,14,737.5,6.57%,
3/3/2020,Absa Bank Kenya Plc Ord 0.50,KES 13.10,272600,0,0.77%,,
3/3/2020,The Co-operative Bank of Kenya Ltd Ord 1.00,KES 14.80,1616000,-6,600,542.5,5.71%
3/3/2020,KCB Group Ltd Ord 1.00,KES 49.50,1704700,-10,390,190,3.77%
3/3/2020,Equity Group Holdings Ltd Ord 0.50,KES 49.10,1093600,-3,73,965,2.61%
3/3/2020,NCBA Bank Ltd Ord 5.00,KES 32.70,124800,0,0.15%,,
3/2/2020,The Co-operative Bank of Kenya Ltd Ord 1.00,KES 14.00,548900,-2,396,550,-
3/2/2020,Equity Group Holdings Ltd Ord 0.50,KES 47.85,3371000,-60,541,725,-
3/2/2020,KCB Group Ltd Ord 1.00,KES 47.70,2253700,-44,253,170,-
3/2/2020,Absa Bank Kenya Plc Ord 0.50,KES 13.00,1945400,-10,145,850,-
3/2/2020,NCBA Bank Ltd Ord 5.00,KES 32.65,226200,0,-,,
3/1/2020,NCBA Bank Ltd Ord 5.00,-,226200,-,-,,
3/1/2020,The Co-operative Bank of Kenya Ltd Ord 1.00,-,548900,-,-,,
3/1/2020,Absa Bank Kenya Plc Ord 0.50,-,1945400,-,-,,
3/1/2020,KCB Group Ltd Ord 1.00,-,2253700,-,-,,
3/1/2020,Equity Group Holdings Ltd Ord 0.50,-,3371000,-,-,,
2/28/2020,NCBA Bank Ltd Ord 5.00,KES 31.70,28600,0,-4.23%,,
2/28/2020,The Co-operative Bank of Kenya Ltd Ord 1.00,KES 13.95,1101300,-1,414,765,2.95%
2/28/2020,KCB Group Ltd Ord 1.00,KES 46.65,4621800,4,777,390,3.78%
2/28/2020,Equity Group Holdings Ltd Ord 0.50,KES 47.05,5565800,-7,8,125,3.98%
2/28/2020,Absa Bank Kenya Plc Ord 0.50,KES 12.95,135100,-28,912.5,0.00%,
2/27/2020,The Co-operative Bank of Kenya Ltd Ord 1.00,KES 13.55,212000,-309,100,-6.87%,
2/27/2020,Absa Bank Kenya Plc Ord 0.50,KES 12.95,715800,-865,685,-1.15%,
2/27/2020,Equity Group Holdings Ltd Ord 0.50,KES 45.25,1899400,-14,591,865,-5.73%
2/27/2020,NCBA Bank Ltd Ord 5.00,KES 33.10,642300,0,-5.43%,,
2/27/2020,KCB Group Ltd Ord 1.00,KES 44.95,3107500,-41,7,312.5,-3.64%
2/26/2020,NCBA Bank Ltd Ord 5.00,KES 35.00,36400,0,-0.28%,,
2/26/2020,KCB Group Ltd Ord 1.00,KES 46.65,278900,-3,125,142.5,-3.91%
2/26/2020,Equity Group Holdings Ltd Ord 0.50,KES 48.00,1510800,-1,996,990,-0.31%
2/26/2020,Absa Bank Kenya Plc Ord 0.50,KES 13.10,173300,0,0.77%,,
2/26/2020,The Co-operative Bank of Kenya Ltd Ord 1.00,KES 14.55,330800,-1,232,610,-1.69%
2/25/2020,Equity Group Holdings Ltd Ord 0.50,KES 48.15,1494300,-13,227,617.5,-0.93%
2/25/2020,The Co-operative Bank of Kenya Ltd Ord 1.00,KES 14.80,369600,67,567.5,-0.67%,
2/25/2020,KCB Group Ltd Ord 1.00,KES 48.55,3025300,-62,44,840,-0.92%
2/25/2020,NCBA Bank Ltd Ord 5.00,KES 35.10,157500,0,-1.54%,,
2/25/2020,Absa Bank Kenya Plc Ord 0.50,KES 13.00,68100,0,0.00%,,
2/24/2020,The Co-operative Bank of Kenya Ltd Ord 1.00,KES 14.90,312200,-2,212,445,-
2/24/2020,NCBA Bank Ltd Ord 5.00,KES 35.65,23500,-8,912.5,-,
2/24/2020,KCB Group Ltd Ord 1.00,KES 49.00,163680,-32,489,95,-
2/24/2020,Equity Group Holdings Ltd Ord 0.50,KES 48.60,35200,-642,875,-,
2/24/2020,Absa Bank Kenya Plc Ord 0.50,KES 13.00,49700,0,-,,
2/23/2020,KCB Group Ltd Ord 1.00,-,163680,-,-,,
2/23/2020,Equity Group Holdings Ltd Ord 0.50,-,35200,-,-,,
2/23/2020,NCBA Bank Ltd Ord 5.00,-,23500,-,-,,
2/23/2020,Absa Bank Kenya Plc Ord 0.50,-,49700,-,-,,
2/23/2020,The Co-operative Bank of Kenya Ltd Ord 1.00,-,312200,-,-,,
2/21/2020,NCBA Bank Ltd Ord 5.00,KES 35.80,37800,0,0.00%,,
2/21/2020,The Co-operative Bank of Kenya Ltd Ord 1.00,KES 14.85,384800,-376,865,0.00%,
2/21/2020,Absa Bank Kenya Plc Ord 0.50,KES 13.15,174800,-903,217.5,1.54%,
2/21/2020,Equity Group Holdings Ltd Ord 0.50,KES 49.45,1430300,-35,162,142.5,-0.10%
2/21/2020,KCB Group Ltd Ord 1.00,KES 49.75,559600,-11,482,687.5,-0.50%
2/20/2020,The Co-operative Bank of Kenya Ltd Ord 1.00,KES 14.85,2235000,-8,78,400,0.00%
2/20/2020,Absa Bank Kenya Plc Ord 0.50,KES 12.95,122500,-316,650,-1.52%,
2/20/2020,KCB Group Ltd Ord 1.00,KES 50.00,665700,-63,832,350,-0.99%
2/20/2020,Equity Group Holdings Ltd Ord 0.50,KES 49.50,866600,-9,446,950,-0.90%
2/20/2020,NCBA Bank Ltd Ord 5.00,KES 35.80,115800,-1,781,970,0.00%
2/19/2020,Absa Bank Kenya Plc Ord 0.50,KES 13.15,243300,0,0.00%,,
2/19/2020,The Co-operative Bank of Kenya Ltd Ord 1.00,KES 14.85,867100,-5,206,730,-0.34%
2/19/2020,KCB Group Ltd Ord 1.00,KES 50.50,623000,-13,128,525,-0.49%
2/19/2020,Equity Group Holdings Ltd Ord 0.50,KES 49.95,58700,110,162.5,-0.60%,
2/19/2020,NCBA Bank Ltd Ord 5.00,KES 35.80,21700,0,-0.14%,,
2/18/2020,Equity Group Holdings Ltd Ord 0.50,KES 50.25,1475700,-19,221,190,0.50%
2/18/2020,KCB Group Ltd Ord 1.00,KES 50.75,915800,-15,773,600,0.50%
2/18/2020,The Co-operative Bank of Kenya Ltd Ord 1.00,KES 14.90,2018500,-14,593,0,0.00%
2/18/2020,NCBA Bank Ltd Ord 5.00,KES 35.85,88300,0,-0.42%,,
2/18/2020,Absa Bank Kenya Plc Ord 0.50,KES 13.15,126800,-289,395,-0.75%,
2/17/2020,Absa Bank Kenya Plc Ord 0.50,KES 13.25,5388100,0,-,,
2/17/2020,Equity Group Holdings Ltd Ord 0.50,KES 50.00,591300,0,-,,
2/17/2020,The Co-operative Bank of Kenya Ltd Ord 1.00,KES 14.90,129600,0,-,,
2/17/2020,KCB Group Ltd Ord 1.00,KES 50.50,68100,0,-,,
2/17/2020,NCBA Bank Ltd Ord 5.00,KES 36.00,91500,0,-,,
2/16/2020,KCB Group Ltd Ord 1.00,-,68100,-,-,,
2/16/2020,The Co-operative Bank of Kenya Ltd Ord 1.00,-,129600,-,-,,
2/16/2020,NCBA Bank Ltd Ord 5.00,-,91500,-,-,,
2/16/2020,Absa Bank Kenya Plc Ord 0.50,-,5388100,-,-,,
2/16/2020,Equity Group Holdings Ltd Ord 0.50,-,591300,-,-,,
2/14/2020,NCBA Bank Ltd Ord 5.00,KES 35.80,62900,0,-0.14%,,
2/14/2020,KCB Group Ltd Ord 1.00,KES 50.25,2556500,-50,33,887.5,-0.50%
2/14/2020,The Co-operative Bank of Kenya Ltd Ord 1.00,KES 15.00,1812800,-1,679,740,0.00%
2/14/2020,Equity Group Holdings Ltd Ord 0.50,KES 49.95,3130200,-67,89,990,0.00%
2/14/2020,Absa Bank Kenya Plc Ord 0.50,KES 13.30,166800,-581,117.5,0.76%,
2/13/2020,NCBA Bank Ltd Ord 5.00,KES 35.85,91500,0,-0.42%,,
2/13/2020,Absa Bank Kenya Plc Ord 0.50,KES 13.20,3069800,0,-0.75%,,
2/13/2020,The Co-operative Bank of Kenya Ltd Ord 1.00,KES 15.00,750300,1,505,-0.99%,
2/13/2020,KCB Group Ltd Ord 1.00,KES 50.50,3508700,-25,124,300,0.00%
2/13/2020,Equity Group Holdings Ltd Ord 0.50,KES 49.95,6177800,-144,530,0,-0.10%
2/12/2020,The Co-operative Bank of Kenya Ltd Ord 1.00,KES 15.15,1515900,0,-,,
2/12/2020,NCBA Bank Ltd Ord 5.00,KES 36.00,23000,0,-,,
2/12/2020,Equity Group Holdings Ltd Ord 0.50,KES 50.00,2424200,-32,726,412.5,-
2/12/2020,Absa Bank Kenya Plc Ord 0.50,KES 13.30,10808200,133,250,-,
2/12/2020,KCB Group Ltd Ord 1.00,KES 50.50,3883400,-97,674,300,-
2/11/2020,Absa Bank Kenya Plc Ord 0.50,-,10808200,133,250,-,
2/11/2020,NCBA Bank Ltd Ord 5.00,-,23000,-,-,,
2/11/2020,KCB Group Ltd Ord 1.00,-,3883400,-,-,,
2/11/2020,The Co-operative Bank of Kenya Ltd Ord 1.00,-,1515900,-,-,,
2/11/2020,Equity Group Holdings Ltd Ord 0.50,-,2424200,-,-,,
2/10/2020,KCB Group Ltd Ord 1.00,KES 51.00,648400,-7,858,925,-
2/10/2020,NCBA Bank Ltd Ord 5.00,KES 36.05,55800,0,-,,
2/10/2020,Absa Bank Kenya Plc Ord 0.50,KES 13.30,0,0,-,,
2/10/2020,Equity Group Holdings Ltd Ord 0.50,KES 50.50,987000,5,632,762.5,-
2/10/2020,The Co-operative Bank of Kenya Ltd Ord 1.00,KES 15.00,237500,-949,500,-,
2/9/2020,Equity Group Holdings Ltd Ord 0.50,-,987000,5,632,763,-
2/9/2020,NCBA Bank Ltd Ord 5.00,-,55800,-,-,,
2/9/2020,KCB Group Ltd Ord 1.00,-,648400,-,-,,
2/9/2020,The Co-operative Bank of Kenya Ltd Ord 1.00,-,237500,-,-,,
2/9/2020,Absa Bank Kenya Plc Ord 0.50,-,0,-,-,,
2/7/2020,Absa Bank Kenya Plc Ord 0.50,KES 13.35,0,0,0.00%,,
2/7/2020,NCBA Bank Ltd Ord 5.00,KES 36.05,168000,0,-0.96%,,
2/7/2020,Equity Group Holdings Ltd Ord 0.50,KES 51.50,1187300,-8,583,875,-0.96%
2/7/2020,The Co-operative Bank of Kenya Ltd Ord 1.00,KES 14.95,4102700,1,537,832.5,0.67%
2/7/2020,KCB Group Ltd Ord 1.00,KES 51.00,2956300,-42,689,125,-0.49%
2/6/2020,NCBA Bank Ltd Ord 5.00,KES 36.40,442200,89,425,0.00%,
2/6/2020,Absa Bank Kenya Plc Ord 0.50,KES 13.35,48000,0,0.00%,,
2/6/2020,The Co-operative Bank of Kenya Ltd Ord 1.00,KES 14.85,1360400,-3,712,370,-1.00%
2/6/2020,KCB Group Ltd Ord 1.00,KES 51.25,4403300,-56,9,12.5,-1.91%
2/6/2020,Equity Group Holdings Ltd Ord 0.50,KES 52.00,2550100,50,532,950,-2.80%
2/5/2020,Equity Group Holdings Ltd Ord 0.50,KES 53.50,1312900,9,657,637.5,1.42%
2/5/2020,KCB Group Ltd Ord 1.00,KES 52.25,1292000,-16,997,337.5,0.00%
2/5/2020,NCBA Bank Ltd Ord 5.00,KES 36.40,14000,0,0.83%,,
2/5/2020,The Co-operative Bank of Kenya Ltd Ord 1.00,KES 15.00,2617800,-4,87,922.5,0.00%
2/5/2020,Absa Bank Kenya Plc Ord 0.50,KES 13.35,92700,65,750,1.14%,
2/4/2020,KCB Group Ltd Ord 1.00,KES 52.25,2530600,-24,189,612.5,1.46%
2/4/2020,Absa Bank Kenya Plc Ord 0.50,KES 13.20,162100,-97,690,0.38%,
2/4/2020,Equity Group Holdings Ltd Ord 0.50,KES 52.75,6850800,73,215,337.5,3.94%
2/4/2020,NCBA Bank Ltd Ord 5.00,KES 36.10,156900,-2,606,280,0.14%
2/4/2020,The Co-operative Bank of Kenya Ltd Ord 1.00,KES 15.00,266100,0,-2.28%,,
2/3/2020,The Co-operative Bank of Kenya Ltd Ord 1.00,KES 15.35,128700,0,-,,
2/3/2020,NCBA Bank Ltd Ord 5.00,KES 36.05,21200,0,-,,
2/3/2020,KCB Group Ltd Ord 1.00,KES 51.50,259800,-5,303,950,-
2/3/2020,Absa Bank Kenya Plc Ord 0.50,KES 13.15,113400,-109,700,-,
2/3/2020,Equity Group Holdings Ltd Ord 0.50,KES 50.75,174900,378,750,-,
2/2/2020,Equity Group Holdings Ltd Ord 0.50,-,174900,378,750,-,
2/2/2020,KCB Group Ltd Ord 1.00,-,259800,-,-,,
2/2/2020,NCBA Bank Ltd Ord 5.00,-,21200,-,-,,
2/2/2020,Absa Bank Kenya Plc Ord 0.50,-,113400,-,-,,
2/2/2020,The Co-operative Bank of Kenya Ltd Ord 1.00,-,128700,-,-,,
1/31/2020,The Co-operative Bank of Kenya Ltd Ord 1.00,KES 15.15,152300,0,-0.66%,,
1/31/2020,KCB Group Ltd Ord 1.00,KES 52.00,1534400,-25,562,50,-0.48%
1/31/2020,Equity Group Holdings Ltd Ord 0.50,KES 50.25,1525600,12,507,900,0.50%
1/31/2020,Absa Bank Kenya Plc Ord 0.50,KES 13.20,963800,-254,580,1.15%,
1/31/2020,NCBA Bank Ltd Ord 5.00,KES 36.20,31200,0,0.28%,,
1/30/2020,KCB Group Ltd Ord 1.00,KES 52.25,1162300,-16,990,762.5,0.48%
1/30/2020,Absa Bank Kenya Plc Ord 0.50,KES 13.05,1610400,-1,804,572.5,0.38%
1/30/2020,The Co-operative Bank of Kenya Ltd Ord 1.00,KES 15.25,155200,-57,375,0.33%,
1/30/2020,Equity Group Holdings Ltd Ord 0.50,KES 50.00,7156600,-59,515,375,0.00%
1/30/2020,NCBA Bank Ltd Ord 5.00,KES 36.10,19900,0,-0.14%,,
1/29/2020,The Co-operative Bank of Kenya Ltd Ord 1.00,KES 15.20,1607600,-2,318,250,-1.30%
1/29/2020,Absa Bank Kenya Plc Ord 0.50,KES 13.00,71700,0,0.00%,,
1/29/2020,NCBA Bank Ltd Ord 5.00,KES 36.15,42000,-112,530,-0.41%,
1/29/2020,Equity Group Holdings Ltd Ord 0.50,KES 50.00,1300000,-4,607,212.5,-0.99%
1/29/2020,KCB Group Ltd Ord 1.00,KES 52.00,1471100,-23,409,550,-0.48%
1/28/2020,The Co-operative Bank of Kenya Ltd Ord 1.00,KES 15.40,2242000,-3,133,130,0.00%
1/28/2020,NCBA Bank Ltd Ord 5.00,KES 36.30,64900,0,0.00%,,
1/28/2020,Equity Group Holdings Ltd Ord 0.50,KES 50.50,3395700,17,801,250,-0.49%
1/28/2020,Absa Bank Kenya Plc Ord 0.50,KES 13.00,399400,71,450,0.00%,
1/28/2020,KCB Group Ltd Ord 1.00,KES 52.25,362500,-2,958,800,0.48%
1/27/2020,The Co-operative Bank of Kenya Ltd Ord 1.00,KES 15.40,291600,0,-,,
1/27/2020,Equity Group Holdings Ltd Ord 0.50,KES 50.75,864800,4,689,450,-
1/27/2020,NCBA Bank Ltd Ord 5.00,KES 36.30,202100,5,445,-,
1/27/2020,Absa Bank Kenya Plc Ord 0.50,KES 13.00,257900,0,-,,
1/27/2020,KCB Group Ltd Ord 1.00,KES 52.00,1694100,-19,439,637.5,-
1/26/2020,Equity Group Holdings Ltd Ord 0.50,-,864800,4,689,450,-
1/26/2020,NCBA Bank Ltd Ord 5.00,-,202100,5,445,-,
1/26/2020,The Co-operative Bank of Kenya Ltd Ord 1.00,-,291600,-,-,,
1/26/2020,KCB Group Ltd Ord 1.00,-,1694100,-,-,,
1/26/2020,Absa Bank Kenya Plc Ord 0.50,-,257900,-,-,,
1/24/2020,KCB Group Ltd Ord 1.00,KES 52.00,1158500,-24,796,187.5,0.48%
1/24/2020,NCBA Bank Ltd Ord 5.00,KES 36.30,91600,12,740,-0.55%,
1/24/2020,Equity Group Holdings Ltd Ord 0.50,KES 51.00,1763000,38,639,375,-0.97%
1/24/2020,Absa Bank Kenya Plc Ord 0.50,KES 13.05,224600,-91,45,-0.38%,
1/24/2020,The Co-operative Bank of Kenya Ltd Ord 1.00,KES 15.55,122300,7,65,-0.32%,
1/23/2020,Equity Group Holdings Ltd Ord 0.50,KES 51.50,2986200,38,674,550,0.49%
1/23/2020,The Co-operative Bank of Kenya Ltd Ord 1.00,KES 15.60,5348300,-2,596,730,-1.27%
1/23/2020,KCB Group Ltd Ord 1.00,KES 51.75,67000,12,875,0.49%,
1/23/2020,NCBA Bank Ltd Ord 5.00,KES 36.50,296800,0,0.27%,,
1/23/2020,Absa Bank Kenya Plc Ord 0.50,KES 13.10,52300,0,0.00%,,
1/22/2020,Equity Group Holdings Ltd Ord 0.50,KES 51.25,373400,-3,459,775,0.49%
1/22/2020,Absa Bank Kenya Plc Ord 0.50,KES 13.10,96300,0,-0.76%,,
1/22/2020,NCBA Bank Ltd Ord 5.00,KES 36.40,36800,0,0.00%,,
1/22/2020,KCB Group Ltd Ord 1.00,KES 51.50,3229900,-50,149,287.5,0.00%
1/22/2020,The Co-operative Bank of Kenya Ltd Ord 1.00,KES 15.80,218700,0,0.00%,,
1/21/2020,Absa Bank Kenya Plc Ord 0.50,KES 13.20,265000,1,320,-2.22%,
1/21/2020,Equity Group Holdings Ltd Ord 0.50,KES 51.00,1681900,-6,138,687.5,0.00%
1/21/2020,NCBA Bank Ltd Ord 5.00,KES 36.40,1371400,115,107.5,-0.27%,
1/21/2020,KCB Group Ltd Ord 1.00,KES 51.50,945000,-9,350,87.5,-0.48%
1/21/2020,The Co-operative Bank of Kenya Ltd Ord 1.00,KES 15.80,86800,0,-0.32%,,
1/20/2020,NCBA Bank Ltd Ord 5.00,KES 36.50,116200,195,240,-,
1/20/2020,Absa Bank Kenya Plc Ord 0.50,KES 13.50,1624400,6,673,200,-
1/20/2020,The Co-operative Bank of Kenya Ltd Ord 1.00,KES 15.85,562700,0,-,,
1/20/2020,KCB Group Ltd Ord 1.00,KES 51.75,1963500,-24,96,362.5,-
1/20/2020,Equity Group Holdings Ltd Ord 0.50,KES 51.00,4030700,39,52,575,-
1/19/2020,Equity Group Holdings Ltd Ord 0.50,-,4030700,39,52,575,-
1/19/2020,NCBA Bank Ltd Ord 5.00,-,116200,195,240,-,
1/19/2020,Absa Bank Kenya Plc Ord 0.50,-,1624400,6,673,200,-
1/19/2020,KCB Group Ltd Ord 1.00,-,1963500,-,-,,
1/19/2020,The Co-operative Bank of Kenya Ltd Ord 1.00,-,562700,-,-,,
1/17/2020,KCB Group Ltd Ord 1.00,KES 52.00,2810500,-13,255,250,0.48%
1/17/2020,NCBA Bank Ltd Ord 5.00,KES 36.45,72700,0,0.55%,,
1/17/2020,Equity Group Holdings Ltd Ord 0.50,KES 51.75,1436800,-20,69,687.5,0.98%
1/17/2020,Absa Bank Kenya Plc Ord 0.50,KES 13.40,74800,0,-0.74%,,
1/17/2020,The Co-operative Bank of Kenya Ltd Ord 1.00,KES 15.85,446500,0,-0.94%,,
1/16/2020,The Co-operative Bank of Kenya Ltd Ord 1.00,KES 16.00,198600,0,0.63%,,
1/16/2020,NCBA Bank Ltd Ord 5.00,KES 36.25,292000,470,850,-0.68%,
1/16/2020,KCB Group Ltd Ord 1.00,KES 51.75,2396000,-34,625,862.5,0.00%
1/16/2020,Equity Group Holdings Ltd Ord 0.50,KES 51.25,1598700,39,52,850,-0.97%
1/16/2020,Absa Bank Kenya Plc Ord 0.50,KES 13.50,358100,0,0.37%,,
1/15/2020,Absa Bank Kenya Plc Ord 0.50,KES 13.45,50600,0,-1.10%,,
1/15/2020,KCB Group Ltd Ord 1.00,KES 51.75,2649800,-46,252,37.5,0.49%
1/15/2020,Equity Group Holdings Ltd Ord 0.50,KES 51.75,5004400,76,208,950,-0.48%
1/15/2020,The Co-operative Bank of Kenya Ltd Ord 1.00,KES 15.90,266600,0,0.00%,,
1/15/2020,NCBA Bank Ltd Ord 5.00,KES 36.50,93600,18,250,-0.54%,
1/14/2020,The Co-operative Bank of Kenya Ltd Ord 1.00,KES 15.90,496000,208,597.5,-0.93%,
1/14/2020,Absa Bank Kenya Plc Ord 0.50,KES 13.60,788700,88,0,0.74%,
1/14/2020,KCB Group Ltd Ord 1.00,KES 51.50,6659300,13,596,287.5,-4.19%
1/14/2020,Equity Group Holdings Ltd Ord 0.50,KES 52.00,762500,14,600,550,-1.89%
1/14/2020,NCBA Bank Ltd Ord 5.00,KES 36.70,1428600,0,0.55%,,
1/13/2020,The Co-operative Bank of Kenya Ltd Ord 1.00,KES 16.05,855700,8,40,-,
1/13/2020,Equity Group Holdings Ltd Ord 0.50,KES 53.00,2973900,543,112.5,-,
1/13/2020,NCBA Bank Ltd Ord 5.00,KES 36.50,452600,0,-,,
1/13/2020,Absa Bank Kenya Plc Ord 0.50,KES 13.50,605200,80,225,-,
1/13/2020,KCB Group Ltd Ord 1.00,KES 53.75,2383300,8,29,275,-
1/12/2020,KCB Group Ltd Ord 1.00,-,2383300,8,29,275,-
1/12/2020,The Co-operative Bank of Kenya Ltd Ord 1.00,-,855700,8,40,-,
1/12/2020,Absa Bank Kenya Plc Ord 0.50,-,605200,80,225,-,
1/12/2020,Equity Group Holdings Ltd Ord 0.50,-,2973900,543,113,-,
1/12/2020,NCBA Bank Ltd Ord 5.00,-,452600,-,-,,
1/10/2020,Absa Bank Kenya Plc Ord 0.50,KES 13.50,314600,1,451,587.5,1.50%
1/10/2020,KCB Group Ltd Ord 1.00,KES 54.75,3199400,-13,529,325,-0.45%
1/10/2020,The Co-operative Bank of Kenya Ltd Ord 1.00,KES 16.54,543700,137,357.5,0.24%,
1/10/2020,NCBA Bank Ltd Ord 5.00,KES 36.30,1387000,657,0,-0.55%,
1/10/2020,Equity Group Holdings Ltd Ord 0.50,KES 54.25,3775600,-8,500,462.5,-0.91%
1/9/2020,Absa Bank Kenya Plc Ord 0.50,KES 13.30,147200,0,0.38%,,
1/9/2020,KCB Group Ltd Ord 1.00,KES 55.00,1774700,-3,798,0,0.46%
1/9/2020,Equity Group Holdings Ltd Ord 0.50,KES 54.75,5463700,-21,800,112.5,1.39%
1/9/2020,NCBA Bank Ltd Ord 5.00,KES 36.50,1952300,-9,137.5,0.69%,
1/9/2020,The Co-operative Bank of Kenya Ltd Ord 1.00,KES 16.50,465700,0,0.61%,,
1/8/2020,KCB Group Ltd Ord 1.00,KES 54.75,925200,-15,977,925,2.82%
1/8/2020,The Co-operative Bank of Kenya Ltd Ord 1.00,KES 16.40,186200,0,-0.30%,,
1/8/2020,Absa Bank Kenya Plc Ord 0.50,KES 13.25,267300,0,0.38%,,
1/8/2020,NCBA Bank Ltd Ord 5.00,KES 36.25,118100,0,0.00%,,
1/8/2020,Equity Group Holdings Ltd Ord 0.50,KES 54.00,2444800,-1,576,775,0.00%
1/7/2020,NCBA Bank Ltd Ord 5.00,KES 36.25,196100,0,-0.82%,,
1/7/2020,Absa Bank Kenya Plc Ord 0.50,KES 13.20,2794200,-2,630,-0.75%,
1/7/2020,KCB Group Ltd Ord 1.00,KES 53.25,649000,-7,387,912.5,0.95%
1/7/2020,Equity Group Holdings Ltd Ord 0.50,KES 54.00,4482000,18,945,150,0.00%
1/7/2020,The Co-operative Bank of Kenya Ltd Ord 1.00,KES 16.45,142600,206,250,-0.30%,
1/6/2020,Equity Group Holdings Ltd Ord 0.50,KES 54.00,1766300,20,615,612.5,-
1/6/2020,KCB Group Ltd Ord 1.00,KES 52.75,152700,147,812.5,-,
1/6/2020,NCBA Bank Ltd Ord 5.00,KES 36.55,57700,0,-,,
1/6/2020,Absa Bank Kenya Plc Ord 0.50,KES 13.30,254100,-672.5,-,,
1/6/2020,The Co-operative Bank of Kenya Ltd Ord 1.00,KES 16.50,70000,14,850,-,
1/5/2020,KCB Group Ltd Ord 1.00,-,152700,147,813,-,
1/5/2020,Equity Group Holdings Ltd Ord 0.50,-,1766300,20,615,613,-
1/5/2020,The Co-operative Bank of Kenya Ltd Ord 1.00,-,70000,14,850,-,
1/5/2020,Absa Bank Kenya Plc Ord 0.50,-,254100,-,-,,
1/5/2020,NCBA Bank Ltd Ord 5.00,-,57700,-,-,,
1/3/2020,NCBA Bank Ltd Ord 5.00,KES 37.30,190400,-1,508,532.5,0.00%
1/3/2020,Equity Group Holdings Ltd Ord 0.50,KES 54.50,230400,5,611,875,-0.91%
1/3/2020,The Co-operative Bank of Kenya Ltd Ord 1.00,KES 16.55,434000,-1,364,215,0.00%
1/3/2020,KCB Group Ltd Ord 1.00,KES 53.75,392900,-3,228,375,-2.27%
1/3/2020,Absa Bank Kenya Plc Ord 0.50,KES 13.45,69200,0,0.75%,,
1/2/2020,Absa Bank Kenya Plc Ord 0.50,KES 13.35,51800,0,-,,
1/2/2020,Equity Group Holdings Ltd Ord 0.50,KES 55.00,306200,2,208,912.5,-
1/2/2020,NCBA Bank Ltd Ord 5.00,KES 37.30,167800,0,-,,
1/2/2020,The Co-operative Bank of Kenya Ltd Ord 1.00,KES 16.55,127400,0,-,,
1/2/2020,KCB Group Ltd Ord 1.00,KES 55.00,225000,2,844,837.5,-
1/1/2020,Equity Group Holdings Ltd Ord 0.50,-,306200,2,208,913,-
1/1/2020,KCB Group Ltd Ord 1.00,-,225000,2,844,838,-
1/1/2020,NCBA Bank Ltd Ord 5.00,-,167800,-,-,,
1/1/2020,Absa Bank Kenya Plc Ord 0.50,-,51800,-,-,,
1/1/2020,The Co-operative Bank of Kenya Ltd Ord 1.00,-,127400,-,-,,
12/31/2019,KCB Group Ltd Ord 1.00,KES 54.25,935400,13,884,875,0.46%
12/31/2019,Absa Bank Kenya Plc Ord 0.50,KES 13.35,115300,-73,700,0.00%,
12/31/2019,NCBA Bank Ltd Ord 5.00,KES 36.85,135400,0,0.00%,,
12/31/2019,The Co-operative Bank of Kenya Ltd Ord 1.00,KES 16.35,595600,0,0.00%,,
12/31/2019,Equity Group Holdings Ltd Ord 0.50,KES 54.25,257900,2,369,925,1.40%
12/30/2019,The Co-operative Bank of Kenya Ltd Ord 1.00,KES 16.35,380900,-10,367.5,-,
12/30/2019,KCB Group Ltd Ord 1.00,KES 54.00,979000,-9,124,637.5,-
12/30/2019,Equity Group Holdings Ltd Ord 0.50,KES 53.50,191300,710,775,-,
12/30/2019,Absa Bank Kenya Plc Ord 0.50,KES 13.35,320500,0,-,,
12/30/2019,NCBA Bank Ltd Ord 5.00,KES 36.85,94300,0,-,,
12/29/2019,Equity Group Holdings Ltd Ord 0.50,-,191300,710,775,-,
12/29/2019,The Co-operative Bank of Kenya Ltd Ord 1.00,-,380900,-,-,,
12/29/2019,Absa Bank Kenya Plc Ord 0.50,-,320500,-,-,,
12/29/2019,KCB Group Ltd Ord 1.00,-,979000,-,-,,
12/29/2019,NCBA Bank Ltd Ord 5.00,-,94300,-,-,,
12/27/2019,NCBA Bank Ltd Ord 5.00,KES 36.80,1369400,0,-,,
12/27/2019,Equity Group Holdings Ltd Ord 0.50,KES 52.75,747100,-5,876,675,-
12/27/2019,Absa Bank Kenya Plc Ord 0.50,KES 13.30,41100,0,-,,
12/27/2019,KCB Group Ltd Ord 1.00,KES 53.25,1520400,-27,394,462.5,-
12/27/2019,The Co-operative Bank of Kenya Ltd Ord 1.00,KES 16.00,45600,-19,200,-,
12/26/2019,The Co-operative Bank of Kenya Ltd Ord 1.00,-,45600,-,-,,
12/26/2019,Equity Group Holdings Ltd Ord 0.50,-,747100,-,-,,
12/26/2019,KCB Group Ltd Ord 1.00,-,1520400,-,-,,
12/26/2019,Absa Bank Kenya Plc Ord 0.50,-,41100,-,-,,
12/26/2019,NCBA Bank Ltd Ord 5.00,-,1369400,-,-,,
12/24/2019,The Co-operative Bank of Kenya Ltd Ord 1.00,KES 15.90,362900,0,-0.62%,,
12/24/2019,Equity Group Holdings Ltd Ord 0.50,KES 52.00,407700,1,399,262.5,-0.95%
12/24/2019,NCBA Bank Ltd Ord 5.00,KES 36.60,30200,0,3.83%,,
12/24/2019,KCB Group Ltd Ord 1.00,KES 53.25,751300,-2,654,800,0.00%
12/24/2019,Absa Bank Kenya Plc Ord 0.50,KES 13.30,98400,64,680,0.76%,
12/23/2019,NCBA Bank Ltd Ord 5.00,KES 35.25,8900,0,-,,
12/23/2019,The Co-operative Bank of Kenya Ltd Ord 1.00,KES 16.00,89500,0,-,,
12/23/2019,KCB Group Ltd Ord 1.00,KES 53.25,2713300,-52,782,100,-
12/23/2019,Equity Group Holdings Ltd Ord 0.50,KES 52.50,206800,-3,211,300,-
12/23/2019,Absa Bank Kenya Plc Ord 0.50,KES 13.20,118200,0,-,,
12/22/2019,KCB Group Ltd Ord 1.00,-,2713300,-,-,,
12/22/2019,NCBA Bank Ltd Ord 5.00,-,8900,-,-,,
12/22/2019,Absa Bank Kenya Plc Ord 0.50,-,118200,-,-,,
12/22/2019,Equity Group Holdings Ltd Ord 0.50,-,206800,-,-,,
12/22/2019,The Co-operative Bank of Kenya Ltd Ord 1.00,-,89500,-,-,,
12/20/2019,The Co-operative Bank of Kenya Ltd Ord 1.00,KES 15.80,144200,0,0.32%,,
12/20/2019,NCBA Bank Ltd Ord 5.00,KES 34.25,127100,10,335,0.29%,
12/20/2019,KCB Group Ltd Ord 1.00,KES 53.50,909300,-1,5,700,0.47%
12/20/2019,Absa Bank Kenya Plc Ord 0.50,KES 13.10,275000,0,0.00%,,
12/20/2019,Equity Group Holdings Ltd Ord 0.50,KES 52.25,6917300,33,612,337.5,-1.42%
12/19/2019,Absa Bank Kenya Plc Ord 0.50,KES 13.10,831300,0,0.38%,,
12/19/2019,KCB Group Ltd Ord 1.00,KES 53.25,1467900,9,523,950,0.47%
12/19/2019,NCBA Bank Ltd Ord 5.00,KES 34.15,443000,171,0,-0.15%,
12/19/2019,The Co-operative Bank of Kenya Ltd Ord 1.00,KES 15.75,554100,0,1.29%,,
12/19/2019,Equity Group Holdings Ltd Ord 0.50,KES 53.00,2806500,15,856,412.5,-0.93%
12/18/2019,Equity Group Holdings Ltd Ord 0.50,KES 53.50,2276500,47,913,50,1.42%
12/18/2019,KCB Group Ltd Ord 1.00,KES 53.00,1694600,-3,760,100,0.95%
12/18/2019,Absa Bank Kenya Plc Ord 0.50,KES 13.05,366000,1,315,0.00%,
12/18/2019,NCBA Bank Ltd Ord 5.00,KES 34.20,145500,0,0.88%,,
12/18/2019,The Co-operative Bank of Kenya Ltd Ord 1.00,KES 15.55,317200,172,445,0.32%,
12/17/2019,NCBA Bank Ltd Ord 5.00,KES 33.90,77200,90,990,0.59%,
12/17/2019,KCB Group Ltd Ord 1.00,KES 52.50,3701100,18,316,800,0.00%
12/17/2019,Equity Group Holdings Ltd Ord 0.50,KES 52.75,5814000,66,781,462.5,1.44%
12/17/2019,Absa Bank Kenya Plc Ord 0.50,KES 13.05,287700,0,0.38%,,
12/17/2019,The Co-operative Bank of Kenya Ltd Ord 1.00,KES 15.50,729400,0,0.00%,,
12/16/2019,Absa Bank Kenya Plc Ord 0.50,KES 13.00,393800,0,-,,
12/16/2019,NCBA Bank Ltd Ord 5.00,KES 33.70,85700,0,-,,
12/16/2019,Equity Group Holdings Ltd Ord 0.50,KES 52.00,1022300,5,508,0,-
12/16/2019,KCB Group Ltd Ord 1.00,KES 52.50,231900,434,12.5,-,
12/16/2019,The Co-operative Bank of Kenya Ltd Ord 1.00,KES 15.50,455600,0,-,,
12/15/2019,KCB Group Ltd Ord 1.00,-,231900,434,13,-,
12/15/2019,Equity Group Holdings Ltd Ord 0.50,-,1022300,5,508,0,-
12/15/2019,The Co-operative Bank of Kenya Ltd Ord 1.00,-,455600,-,-,,
12/15/2019,Absa Bank Kenya Plc Ord 0.50,-,393800,-,-,,
12/15/2019,NCBA Bank Ltd Ord 5.00,-,85700,-,-,,
12/13/2019,KCB Group Ltd Ord 1.00,KES 52.00,807400,-5,696,725,-
12/13/2019,Absa Bank Kenya Plc Ord 0.50,KES 13.00,32000,650,-,,
12/13/2019,NCBA Bank Ltd Ord 5.00,KES 33.80,45300,0,-,,
12/13/2019,Equity Group Holdings Ltd Ord 0.50,KES 51.00,13727300,292,153,550,-
12/13/2019,The Co-operative Bank of Kenya Ltd Ord 1.00,KES 15.45,80000,0,-,,
12/12/2019,Equity Group Holdings Ltd Ord 0.50,-,13727300,292,153,550,-
12/12/2019,Absa Bank Kenya Plc Ord 0.50,-,32000,650,-,,
12/12/2019,The Co-operative Bank of Kenya Ltd Ord 1.00,-,80000,-,-,,
12/12/2019,KCB Group Ltd Ord 1.00,-,807400,-,-,,
12/12/2019,NCBA Bank Ltd Ord 5.00,-,45300,-,-,,
12/11/2019,KCB Group Ltd Ord 1.00,KES 52.25,2254500,-3,459,350,0.97%
12/11/2019,Equity Group Holdings Ltd Ord 0.50,KES 51.25,927700,-10,562,137.5,-0.49%
12/11/2019,The Co-operative Bank of Kenya Ltd Ord 1.00,KES 15.55,213500,-193,827.5,-1.27%,
12/11/2019,Absa Bank Kenya Plc Ord 0.50,KES 13.00,457100,-33,150,0.00%,
12/11/2019,NCBA Bank Ltd Ord 5.00,KES 33.80,813800,0,-0.59%,,
12/10/2019,NCBA Bank Ltd Ord 5.00,KES 34.00,129200,0,0.29%,,
12/10/2019,The Co-operative Bank of Kenya Ltd Ord 1.00,KES 15.75,265100,0,-0.32%,,
12/10/2019,KCB Group Ltd Ord 1.00,KES 51.75,1381300,-15,301,875,1.97%
12/10/2019,Absa Bank Kenya Plc Ord 0.50,KES 13.00,310700,0,1.56%,,
12/10/2019,Equity Group Holdings Ltd Ord 0.50,KES 51.50,7055500,-25,718,362.5,-0.96%
12/9/2019,Equity Group Holdings Ltd Ord 0.50,KES 52.00,1672900,14,294,800,-
12/9/2019,The Co-operative Bank of Kenya Ltd Ord 1.00,KES 15.80,73000,0,-,,
12/9/2019,KCB Group Ltd Ord 1.00,KES 50.75,1543900,26,450,662.5,-
12/9/2019,NCBA Bank Ltd Ord 5.00,KES 33.90,23100,0,-,,
12/9/2019,Absa Bank Kenya Plc Ord 0.50,KES 12.80,683100,3,624,342.5,-
12/8/2019,Equity Group Holdings Ltd Ord 0.50,-,1672900,14,294,800,-
12/8/2019,Absa Bank Kenya Plc Ord 0.50,-,683100,3,624,343,-
12/8/2019,KCB Group Ltd Ord 1.00,-,1543900,26,450,663,-
12/8/2019,The Co-operative Bank of Kenya Ltd Ord 1.00,-,73000,-,-,,
12/8/2019,NCBA Bank Ltd Ord 5.00,-,23100,-,-,,
12/6/2019,The Co-operative Bank of Kenya Ltd Ord 1.00,KES 15.65,51500,0,-0.32%,,
12/6/2019,Equity Group Holdings Ltd Ord 0.50,KES 52.00,2909700,-1,632,825,-0.48%
12/6/2019,KCB Group Ltd Ord 1.00,KES 51.00,738200,0,-0.97%,,
12/6/2019,Absa Bank Kenya Plc Ord 0.50,KES 12.80,39300,0,1.19%,,
12/6/2019,NCBA Bank Ltd Ord 5.00,KES 33.75,1235800,0,-0.74%,,
12/5/2019,Equity Group Holdings Ltd Ord 0.50,KES 52.25,2266500,32,26,875,0.48%
12/5/2019,KCB Group Ltd Ord 1.00,KES 51.50,2272200,0,0.00%,,
12/5/2019,The Co-operative Bank of Kenya Ltd Ord 1.00,KES 15.70,338900,2,91,782.5,-0.95%
12/5/2019,Absa Bank Kenya Plc Ord 0.50,KES 12.65,473900,-126,107.5,-0.78%,
12/5/2019,NCBA Bank Ltd Ord 5.00,KES 34.00,36200,0,-0.58%,,
12/4/2019,Absa Bank Kenya Plc Ord 0.50,KES 12.75,86600,-17,850,0.39%,
12/4/2019,The Co-operative Bank of Kenya Ltd Ord 1.00,KES 15.85,364500,0,-0.63%,,
12/4/2019,KCB Group Ltd Ord 1.00,KES 51.50,1178900,-25,750,0,0.00%
12/4/2019,Equity Group Holdings Ltd Ord 0.50,KES 52.00,5782600,37,473,575,0.48%
12/4/2019,NCBA Bank Ltd Ord 5.00,KES 34.20,27000,171,0,-0.44%,
12/3/2019,The Co-operative Bank of Kenya Ltd Ord 1.00,KES 15.95,1179100,0,-0.93%,,
12/3/2019,Absa Bank Kenya Plc Ord 0.50,KES 12.70,377600,0,-1.93%,,
12/3/2019,Equity Group Holdings Ltd Ord 0.50,KES 51.75,4474000,4,233,525,1.47%
12/3/2019,NCBA Bank Ltd Ord 5.00,KES 34.35,363900,0,-0.58%,,
12/3/2019,KCB Group Ltd Ord 1.00,KES 51.50,2578200,-24,941,62.5,0.98%
12/2/2019,Equity Group Holdings Ltd Ord 0.50,KES 51.00,1634900,1,522,825,-
12/2/2019,KCB Group Ltd Ord 1.00,KES 51.00,358300,842,350,-,
12/2/2019,NCBA Bank Ltd Ord 5.00,KES 34.55,20100,0,-,,
12/2/2019,Absa Bank Kenya Plc Ord 0.50,KES 12.95,118600,0,-,,
12/2/2019,The Co-operative Bank of Kenya Ltd Ord 1.00,KES 16.10,908000,0,-,,
12/1/2019,KCB Group Ltd Ord 1.00,-,358300,842,350,-,
12/1/2019,Equity Group Holdings Ltd Ord 0.50,-,1634900,1,522,825,-
12/1/2019,The Co-operative Bank of Kenya Ltd Ord 1.00,-,908000,-,-,,
12/1/2019,NCBA Bank Ltd Ord 5.00,-,20100,-,-,,
12/1/2019,Absa Bank Kenya Plc Ord 0.50,-,118600,-,-,,
11/29/2019,The Co-operative Bank of Kenya Ltd Ord 1.00,KES 15.95,1097400,-6,480,0,-0.62%
11/29/2019,KCB Group Ltd Ord 1.00,KES 50.00,352300,99,925,0.00%,
11/29/2019,Absa Bank Kenya Plc Ord 0.50,KES 12.90,59000,0,3.61%,,
11/29/2019,NCBA Bank Ltd Ord 5.00,KES 34.75,49800,0,-0.57%,,
11/29/2019,Equity Group Holdings Ltd Ord 0.50,KES 50.50,5024600,76,77,37.5,-0.98%
11/28/2019,Absa Bank Kenya Plc Ord 0.50,KES 12.45,186500,0,1.63%,,
11/28/2019,NCBA Bank Ltd Ord 5.00,KES 34.95,199500,-101,65,0.72%,
11/28/2019,Equity Group Holdings Ltd Ord 0.50,KES 51.00,4720900,52,463,150,1.49%
11/28/2019,KCB Group Ltd Ord 1.00,KES 50.00,1095800,-636,725,0.00%,
11/28/2019,The Co-operative Bank of Kenya Ltd Ord 1.00,KES 16.05,175800,0,7.00%,,
11/27/2019,NCBA Bank Ltd Ord 5.00,KES 34.70,205400,-903,482.5,0.58%,
11/27/2019,Absa Bank Kenya Plc Ord 0.50,KES 12.25,436200,0,1.24%,,
11/27/2019,KCB Group Ltd Ord 1.00,KES 50.00,596900,-2,683,250,2.46%
11/27/2019,The Co-operative Bank of Kenya Ltd Ord 1.00,KES 15.00,564600,-2,255,545,3.09%
11/27/2019,Equity Group Holdings Ltd Ord 0.50,KES 50.25,1303200,27,853,517.5,0.60%
11/26/2019,NCBA Bank Ltd Ord 5.00,KES 34.50,71500,0,0.44%,,
11/26/2019,KCB Group Ltd Ord 1.00,KES 48.80,3646200,-49,769,450,2.09%
11/26/2019,Absa Bank Kenya Plc Ord 0.50,KES 12.10,190800,0,0.83%,,
11/26/2019,The Co-operative Bank of Kenya Ltd Ord 1.00,KES 14.55,324900,-49,245,-0.68%,
11/26/2019,Equity Group Holdings Ltd Ord 0.50,KES 49.95,4275700,414,357.5,1.94%,
11/25/2019,The Co-operative Bank of Kenya Ltd Ord 1.00,KES 14.65,1547900,1,105,335,-
11/25/2019,Absa Bank Kenya Plc Ord 0.50,KES 12.00,65800,0,-,,
11/25/2019,KCB Group Ltd Ord 1.00,KES 47.80,99000,-1,268,637.5,-
11/25/2019,NCBA Bank Ltd Ord 5.00,KES 34.35,62400,-791,925,-,
11/25/2019,Equity Group Holdings Ltd Ord 0.50,KES 49.00,1638800,6,720,567.5,-
11/24/2019,The Co-operative Bank of Kenya Ltd Ord 1.00,-,1547900,1,105,335,-
11/24/2019,Equity Group Holdings Ltd Ord 0.50,-,1638800,6,720,568,-
11/24/2019,Absa Bank Kenya Plc Ord 0.50,-,65800,-,-,,
11/24/2019,NCBA Bank Ltd Ord 5.00,-,62400,-,-,,
11/24/2019,KCB Group Ltd Ord 1.00,-,99000,-,-,,
11/22/2019,NCBA Bank Ltd Ord 5.00,KES 34.55,80600,195,275,0.29%,
11/22/2019,KCB Group Ltd Ord 1.00,KES 48.60,1885600,-4,607,725,-0.92%
11/22/2019,The Co-operative Bank of Kenya Ltd Ord 1.00,KES 14.60,194700,1,122,205,-2.34%
11/22/2019,Absa Bank Kenya Plc Ord 0.50,KES 12.00,155200,0,0.00%,,
11/22/2019,Equity Group Holdings Ltd Ord 0.50,KES 49.05,3323700,33,513,777.5,0.82%
11/21/2019,Absa Bank Kenya Plc Ord 0.50,KES 12.00,539400,0,0.84%,,
11/21/2019,Equity Group Holdings Ltd Ord 0.50,KES 48.65,3443200,4,953,125,1.04%
11/21/2019,KCB Group Ltd Ord 1.00,KES 49.05,129100,-511,340,-0.30%,
11/21/2019,NCBA Bank Ltd Ord 5.00,KES 34.45,99500,43,312.5,-0.58%,
11/21/2019,The Co-operative Bank of Kenya Ltd Ord 1.00,KES 14.95,1128500,257,227.5,-0.33%,
11/20/2019,KCB Group Ltd Ord 1.00,KES 49.20,1492600,-11,811,202.5,-1.60%
11/20/2019,Absa Bank Kenya Plc Ord 0.50,KES 11.90,764900,-3,178,245,0.42%
11/20/2019,Equity Group Holdings Ltd Ord 0.50,KES 48.15,2560400,1,756,970,0.31%
11/20/2019,The Co-operative Bank of Kenya Ltd Ord 1.00,KES 15.00,699700,48,262.5,-0.66%,
11/20/2019,NCBA Bank Ltd Ord 5.00,KES 34.65,14400,19,30,-0.43%,
11/19/2019,Absa Bank Kenya Plc Ord 0.50,KES 11.85,350700,-1,798,970,0.00%
11/19/2019,NCBA Bank Ltd Ord 5.00,KES 34.80,140100,0,1.16%,,
11/19/2019,The Co-operative Bank of Kenya Ltd Ord 1.00,KES 15.10,533200,-1,79,562.5,0.00%
11/19/2019,Equity Group Holdings Ltd Ord 0.50,KES 48.00,147200,2,929,412.5,0.21%
11/19/2019,KCB Group Ltd Ord 1.00,KES 50.00,733000,10,565,725,-0.50%
11/18/2019,Equity Group Holdings Ltd Ord 0.50,KES 47.90,1560200,20,203,705,-
11/18/2019,KCB Group Ltd Ord 1.00,KES 50.25,585300,10,653,0,-
11/18/2019,NCBA Bank Ltd Ord 5.00,KES 34.40,24600,0,-,,
11/18/2019,The Co-operative Bank of Kenya Ltd Ord 1.00,KES 15.10,343500,0,-,,
11/18/2019,Absa Bank Kenya Plc Ord 0.50,KES 11.85,301700,-297,500,-,
11/17/2019,KCB Group Ltd Ord 1.00,-,585300,10,653,0,-
11/17/2019,Equity Group Holdings Ltd Ord 0.50,-,1560200,20,203,705,-
11/17/2019,The Co-operative Bank of Kenya Ltd Ord 1.00,-,343500,-,-,,
11/17/2019,Absa Bank Kenya Plc Ord 0.50,-,301700,-,-,,
11/17/2019,NCBA Bank Ltd Ord 5.00,-,24600,-,-,,
11/15/2019,KCB Group Ltd Ord 1.00,KES 50.25,806900,5,338,212.5,0.00%
11/15/2019,NCBA Bank Ltd Ord 5.00,KES 34.55,77200,0,1.77%,,
11/15/2019,Equity Group Holdings Ltd Ord 0.50,KES 47.95,580800,-2,366,895,1.05%
11/15/2019,The Co-operative Bank of Kenya Ltd Ord 1.00,KES 15.10,231900,-404,312.5,0.67%,
11/15/2019,Absa Bank Kenya Plc Ord 0.50,KES 11.95,33600,0,0.84%,,
11/14/2019,KCB Group Ltd Ord 1.00,KES 50.25,1033600,18,271,960,0.70%
11/14/2019,Absa Bank Kenya Plc Ord 0.50,KES 11.85,91600,59,0,0.42%,
11/14/2019,The Co-operative Bank of Kenya Ltd Ord 1.00,KES 15.00,2615700,18,150,167.5,0.00%
11/14/2019,NCBA Bank Ltd Ord 5.00,KES 33.95,111800,160,750,4.46%,
11/14/2019,Equity Group Holdings Ltd Ord 0.50,KES 47.45,471000,6,551,472.5,-0.42%
11/13/2019,NCBA Bank Ltd Ord 5.00,KES 32.50,43100,0,-4.13%,,
11/13/2019,Equity Group Holdings Ltd Ord 0.50,KES 47.65,2018100,6,243,790,-0.10%
11/13/2019,The Co-operative Bank of Kenya Ltd Ord 1.00,KES 15.00,1169700,2,188,775,3.45%
11/13/2019,KCB Group Ltd Ord 1.00,KES 49.90,2408400,29,735,855,0.71%
11/13/2019,Absa Bank Kenya Plc Ord 0.50,KES 11.80,16000,0,-2.48%,,
11/12/2019,Equity Group Holdings Ltd Ord 0.50,KES 47.70,3016700,-497,5,-2.05%,
11/12/2019,Absa Bank Kenya Plc Ord 0.50,KES 12.10,43600,0,-2.02%,,
11/12/2019,KCB Group Ltd Ord 1.00,KES 49.55,2898800,26,21,467.5,0.51%
11/12/2019,The Co-operative Bank of Kenya Ltd Ord 1.00,KES 14.50,307600,0,-3.33%,,
11/12/2019,NCBA Bank Ltd Ord 5.00,KES 33.90,108800,5,175,-2.02%,
11/11/2019,Equity Group Holdings Ltd Ord 0.50,KES 48.70,3316100,-23,201,327.5,-
11/11/2019,NCBA Bank Ltd Ord 5.00,KES 34.60,68800,176,725,-,
11/11/2019,KCB Group Ltd Ord 1.00,KES 49.30,1234000,12,387,625,-
11/11/2019,The Co-operative Bank of Kenya Ltd Ord 1.00,KES 15.00,720800,0,-,,
11/11/2019,Absa Bank Kenya Plc Ord 0.50,KES 12.35,20200,0,-,,
11/10/2019,NCBA Bank Ltd Ord 5.00,-,68800,176,725,-,
11/10/2019,KCB Group Ltd Ord 1.00,-,1234000,12,387,625,-
11/10/2019,Absa Bank Kenya Plc Ord 0.50,-,20200,-,-,,
11/10/2019,The Co-operative Bank of Kenya Ltd Ord 1.00,-,720800,-,-,,
11/10/2019,Equity Group Holdings Ltd Ord 0.50,-,3316100,-,-,,
11/8/2019,KCB Group Ltd Ord 1.00,KES 49.75,1098800,26,288,775,-0.30%
11/8/2019,Absa Bank Kenya Plc Ord 0.50,KES 12.55,147900,-2,640,-1.18%,
11/8/2019,The Co-operative Bank of Kenya Ltd Ord 1.00,KES 15.40,526000,0,-1.91%,,
11/8/2019,Equity Group Holdings Ltd Ord 0.50,KES 48.50,1489900,2,409,615,-0.72%
11/8/2019,NCBA Bank Ltd Ord 5.00,KES 34.95,289200,258,750,0.29%,
11/7/2019,The Co-operative Bank of Kenya Ltd Ord 1.00,KES 15.70,672200,2,282,675,-0.95%
11/7/2019,Absa Bank Kenya Plc Ord 0.50,KES 12.70,2325200,-459,700,-2.68%,
11/7/2019,Equity Group Holdings Ltd Ord 0.50,KES 48.85,2031400,-16,690,630,0.21%
11/7/2019,KCB Group Ltd Ord 1.00,KES 49.90,4669800,76,183,625,-5.40%
11/7/2019,NCBA Bank Ltd Ord 5.00,KES 34.85,111300,3,800,-5.56%,
11/6/2019,The Co-operative Bank of Kenya Ltd Ord 1.00,KES 15.85,7291200,3,725,777.5,-0.94%
11/6/2019,KCB Group Ltd Ord 1.00,KES 52.75,5885600,79,45,687.5,-0.94%
11/6/2019,NCBA Bank Ltd Ord 5.00,KES 36.90,339100,55,100,-3.78%,
11/6/2019,Absa Bank Kenya Plc Ord 0.50,KES 13.05,575900,-338,137.5,-2.25%,
11/6/2019,Equity Group Holdings Ltd Ord 0.50,KES 48.75,15942300,-96,531,842.5,-2.99%
11/5/2019,Absa Bank Kenya Plc Ord 0.50,KES 13.35,225500,-9,787.5,2.30%,
11/5/2019,Equity Group Holdings Ltd Ord 0.50,KES 50.25,4293700,-31,841,162.5,5.46%
11/5/2019,KCB Group Ltd Ord 1.00,KES 53.25,3372700,47,457,862.5,5.97%
11/5/2019,The Co-operative Bank of Kenya Ltd Ord 1.00,KES 16.00,2979500,-1,118,0,1.59%
11/5/2019,NCBA Bank Ltd Ord 5.00,KES 38.35,154900,0,5.21%,,
11/4/2019,Equity Group Holdings Ltd Ord 0.50,KES 47.65,2402400,-11,427,512.5,-
11/4/2019,NCBA Bank Ltd Ord 5.00,KES 36.45,283800,0,-,,
11/4/2019,KCB Group Ltd Ord 1.00,KES 50.25,3163400,2,256,0,-
11/4/2019,The Co-operative Bank of Kenya Ltd Ord 1.00,KES 15.75,10955100,38,608,790,-
11/4/2019,Absa Bank Kenya Plc Ord 0.50,KES 13.05,1329800,178,177.5,-,
11/3/2019,Absa Bank Kenya Plc Ord 0.50,-,1329800,178,178,-,
11/3/2019,KCB Group Ltd Ord 1.00,-,3163400,2,256,0,-
11/3/2019,The Co-operative Bank of Kenya Ltd Ord 1.00,-,10955100,38,608,790,-
11/3/2019,Equity Group Holdings Ltd Ord 0.50,-,2402400,-,-,,
11/3/2019,NCBA Bank Ltd Ord 5.00,-,283800,-,-,,
11/1/2019,NCBA Bank Ltd Ord 5.00,KES 36.85,1706600,-11,124,900,-6.59%
11/1/2019,Equity Group Holdings Ltd Ord 0.50,KES 49.65,23830800,-45,714,300,-2.17%
11/1/2019,Absa Bank Kenya Plc Ord 0.50,KES 13.00,2995400,-451,405,-3.70%,
11/1/2019,KCB Group Ltd Ord 1.00,KES 51.00,12647400,-16,573,412.5,-4.23%
11/1/2019,The Co-operative Bank of Kenya Ltd Ord 1.00,KES 15.70,4758500,-1,192,500,-0.63%
10/31/2019,The Co-operative Bank of Kenya Ltd Ord 1.00,KES 15.80,2928800,18,375,8.59%,
10/31/2019,KCB Group Ltd Ord 1.00,KES 53.25,15005700,74,952,975,2.90%
10/31/2019,Absa Bank Kenya Plc Ord 0.50,KES 13.50,616100,47,520,1.50%,
10/31/2019,Equity Group Holdings Ltd Ord 0.50,KES 50.75,14401400,96,168,232.5,9.14%
10/31/2019,NCBA Bank Ltd Ord 5.00,KES 39.45,422700,49,0,0.77%,
10/30/2019,Absa Bank Kenya Plc Ord 0.50,KES 13.30,203600,0,5.56%,,
10/30/2019,The Co-operative Bank of Kenya Ltd Ord 1.00,KES 14.55,2803600,-4,490,847.5,8.99%
10/30/2019,KCB Group Ltd Ord 1.00,KES 51.75,1514500,9,878,820,7.59%
10/30/2019,NCBA Bank Ltd Ord 5.00,KES 39.15,261900,2,269,950,5.95%
10/30/2019,Equity Group Holdings Ltd Ord 0.50,KES 46.50,13081600,-163,679,965,7.76%
10/29/2019,Equity Group Holdings Ltd Ord 0.50,KES 43.15,5604000,-99,54,737.5,6.54%
10/29/2019,Absa Bank Kenya Plc Ord 0.50,KES 12.60,76500,0,6.78%,,
10/29/2019,The Co-operative Bank of Kenya Ltd Ord 1.00,KES 13.35,1491000,-3,758,125,6.80%
10/29/2019,KCB Group Ltd Ord 1.00,KES 48.10,400200,1,230,205,6.89%
10/29/2019,NCBA Bank Ltd Ord 5.00,KES 36.95,50700,0,8.52%,,
10/28/2019,NCBA Bank Ltd Ord 5.00,KES 34.05,13200,0,-,,
10/28/2019,Equity Group Holdings Ltd Ord 0.50,KES 40.50,3746200,-9,180,375,-
10/28/2019,The Co-operative Bank of Kenya Ltd Ord 1.00,KES 12.50,578300,-1,665,260,-
10/28/2019,KCB Group Ltd Ord 1.00,KES 45.00,952000,942,705,-,
10/28/2019,Absa Bank Kenya Plc Ord 0.50,KES 11.80,66700,29,580,-,
10/27/2019,Absa Bank Kenya Plc Ord 0.50,-,66700,29,580,-,
10/27/2019,KCB Group Ltd Ord 1.00,-,952000,942,705,-,
10/27/2019,The Co-operative Bank of Kenya Ltd Ord 1.00,-,578300,-,-,,
10/27/2019,NCBA Bank Ltd Ord 5.00,-,13200,-,-,,
10/27/2019,Equity Group Holdings Ltd Ord 0.50,-,3746200,-,-,,
10/25/2019,Absa Bank Kenya Plc Ord 0.50,KES 11.55,45800,0,0.43%,,
10/25/2019,NCBA Bank Ltd Ord 5.00,KES 34.20,42300,0,1.79%,,
10/25/2019,Equity Group Holdings Ltd Ord 0.50,KES 40.50,10023700,-149,89,135,1.38%
10/25/2019,The Co-operative Bank of Kenya Ltd Ord 1.00,KES 12.50,601000,323,750,0.00%,
10/25/2019,KCB Group Ltd Ord 1.00,KES 45.05,1477400,13,250,402.5,2.15%
10/24/2019,Equity Group Holdings Ltd Ord 0.50,KES 39.95,14899300,-69,490,345,1.14%
10/24/2019,Absa Bank Kenya Plc Ord 0.50,KES 11.50,124900,-98,900,0.00%,
10/24/2019,The Co-operative Bank of Kenya Ltd Ord 1.00,KES 12.50,514500,0,0.40%,,
10/24/2019,NCBA Bank Ltd Ord 5.00,KES 33.60,35400,0,0.00%,,
10/24/2019,KCB Group Ltd Ord 1.00,KES 44.10,2583900,-21,203,350,0.68%
10/23/2019,NCBA Bank Ltd Ord 5.00,KES 33.60,98800,0,0.45%,,
10/23/2019,Equity Group Holdings Ltd Ord 0.50,KES 39.50,614500,721,500,1.41%,
10/23/2019,The Co-operative Bank of Kenya Ltd Ord 1.00,KES 12.45,658100,-2,628,750,-0.40%
10/23/2019,Absa Bank Kenya Plc Ord 0.50,KES 11.50,69600,0,0.00%,,
10/23/2019,KCB Group Ltd Ord 1.00,KES 43.80,872900,-10,301,905,1.15%
10/22/2019,Absa Bank Kenya Plc Ord 0.50,KES 11.50,772800,0,-,,
10/22/2019,NCBA Bank Ltd Ord 5.00,KES 33.45,97600,0,-,,
10/22/2019,Equity Group Holdings Ltd Ord 0.50,KES 38.95,13883900,-26,970,670,-
10/22/2019,KCB Group Ltd Ord 1.00,KES 43.30,4418000,-19,900,950,-
10/22/2019,The Co-operative Bank of Kenya Ltd Ord 1.00,KES 12.50,736700,-4,305,37.5,-
10/21/2019,KCB Group Ltd Ord 1.00,-,4418000,-,-,,
10/21/2019,NCBA Bank Ltd Ord 5.00,-,97600,-,-,,
10/21/2019,The Co-operative Bank of Kenya Ltd Ord 1.00,-,736700,-,-,,
10/21/2019,Equity Group Holdings Ltd Ord 0.50,-,13883900,-,-,,
10/21/2019,Absa Bank Kenya Plc Ord 0.50,-,772800,-,-,,
10/18/2019,The Co-operative Bank of Kenya Ltd Ord 1.00,KES 12.60,244700,0,1.20%,,
10/18/2019,Equity Group Holdings Ltd Ord 0.50,KES 38.95,18281700,-43,192,707.5,2.50%
10/18/2019,NCBA Bank Ltd Ord 5.00,KES 33.65,51800,0,5.32%,,
10/18/2019,Absa Bank Kenya Plc Ord 0.50,KES 11.40,106100,-333,240,0.44%,
10/18/2019,KCB Group Ltd Ord 1.00,KES 43.55,3103900,-19,50,357.5,0.69%
10/17/2019,NCBA Bank Ltd Ord 5.00,KES 31.95,652300,0,9.61%,,
10/17/2019,The Co-operative Bank of Kenya Ltd Ord 1.00,KES 12.45,681900,0,0.00%,,
10/17/2019,Absa Bank Kenya Plc Ord 0.50,KES 11.35,139500,-4,481,137.5,1.79%
10/17/2019,Equity Group Holdings Ltd Ord 0.50,KES 38.00,40969500,2,498,437.5,1.06%
10/17/2019,KCB Group Ltd Ord 1.00,KES 43.25,1611100,0,1.53%,,
10/16/2019,Absa Bank Kenya Plc Ord 0.50,KES 11.15,994300,193,817.5,0.90%,
10/16/2019,Equity Group Holdings Ltd Ord 0.50,KES 37.60,195200,-2,799,425,4.30%
10/16/2019,The Co-operative Bank of Kenya Ltd Ord 1.00,KES 12.45,64500,0,3.32%,,
10/16/2019,NCBA Bank Ltd Ord 5.00,KES 29.15,52900,0,-1.02%,,
10/16/2019,KCB Group Ltd Ord 1.00,KES 42.60,552900,-1,507,122.5,2.90%
10/15/2019,Equity Group Holdings Ltd Ord 0.50,KES 36.05,297900,-3,774,687.5,0.14%
10/15/2019,Absa Bank Kenya Plc Ord 0.50,KES 11.05,43800,118,235,-0.45%,
10/15/2019,NCBA Bank Ltd Ord 5.00,KES 29.45,600,0,0.34%,,
10/15/2019,The Co-operative Bank of Kenya Ltd Ord 1.00,KES 12.05,117100,0,-0.41%,,
10/15/2019,KCB Group Ltd Ord 1.00,KES 41.40,1009400,10,571,640,-0.72%
10/14/2019,NCBA Bank Ltd Ord 5.00,KES 29.35,0,0,-,,
10/14/2019,Absa Bank Kenya Plc Ord 0.50,KES 11.10,13800,-1,615,-,
10/14/2019,KCB Group Ltd Ord 1.00,KES 41.70,33600,72,362.5,-,
10/14/2019,Equity Group Holdings Ltd Ord 0.50,KES 36.00,14000,18,500,-,
10/14/2019,The Co-operative Bank of Kenya Ltd Ord 1.00,KES 12.10,212400,-851,222.5,-,
10/13/2019,Equity Group Holdings Ltd Ord 0.50,-,14000,18,500,-,
10/13/2019,KCB Group Ltd Ord 1.00,-,33600,72,363,-,
10/13/2019,Absa Bank Kenya Plc Ord 0.50,-,13800,-,-,,
10/13/2019,NCBA Bank Ltd Ord 5.00,-,0,-,-,,
10/13/2019,The Co-operative Bank of Kenya Ltd Ord 1.00,-,212400,-,-,,
10/11/2019,KCB Group Ltd Ord 1.00,KES 41.45,2150000,26,595,650,-
10/11/2019,Absa Bank Kenya Plc Ord 0.50,KES 11.15,39500,13,260,-,
10/11/2019,NCBA Bank Ltd Ord 5.00,KES 29.00,23100,0,-,,
10/11/2019,The Co-operative Bank of Kenya Ltd Ord 1.00,KES 12.05,885200,0,-,,
10/11/2019,Equity Group Holdings Ltd Ord 0.50,KES 36.30,3820200,-32,827,120,-
10/10/2019,Absa Bank Kenya Plc Ord 0.50,-,39500,13,260,-,
10/10/2019,KCB Group Ltd Ord 1.00,-,2150000,26,595,650,-
10/10/2019,The Co-operative Bank of Kenya Ltd Ord 1.00,-,885200,-,-,,
10/10/2019,NCBA Bank Ltd Ord 5.00,-,23100,-,-,,
10/10/2019,Equity Group Holdings Ltd Ord 0.50,-,3820200,-,-,,
10/9/2019,NCBA Bank Ltd Ord 5.00,KES 29.00,40800,0,0.00%,,
10/9/2019,The Co-operative Bank of Kenya Ltd Ord 1.00,KES 12.10,97900,-284,487.5,0.83%,
10/9/2019,Absa Bank Kenya Plc Ord 0.50,KES 11.05,140400,-48,417.5,0.00%,
10/9/2019,Equity Group Holdings Ltd Ord 0.50,KES 36.10,2501000,-35,826,820,0.56%
10/9/2019,KCB Group Ltd Ord 1.00,KES 41.80,817700,14,304,482.5,0.36%
10/8/2019,Equity Group Holdings Ltd Ord 0.50,KES 35.90,1441900,-15,468,255,-0.97%
10/8/2019,Absa Bank Kenya Plc Ord 0.50,KES 11.05,22400,0,-0.45%,,
10/8/2019,KCB Group Ltd Ord 1.00,KES 41.65,1094000,539,790,1.83%,
10/8/2019,NCBA Bank Ltd Ord 5.00,KES 29.00,82200,-187,325,-2.68%,
10/8/2019,The Co-operative Bank of Kenya Ltd Ord 1.00,KES 12.00,1462800,2,40,710,-0.41%
10/7/2019,Absa Bank Kenya Plc Ord 0.50,KES 11.10,330000,0,-,,
10/7/2019,Equity Group Holdings Ltd Ord 0.50,KES 36.25,6140900,-74,732,290,-
10/7/2019,The Co-operative Bank of Kenya Ltd Ord 1.00,KES 12.05,278900,610,-,,
10/7/2019,KCB Group Ltd Ord 1.00,KES 40.90,622000,-3,536,750,-
10/7/2019,NCBA Bank Ltd Ord 5.00,KES 29.80,404600,0,-,,
10/6/2019,The Co-operative Bank of Kenya Ltd Ord 1.00,-,278900,610,-,,
10/6/2019,Absa Bank Kenya Plc Ord 0.50,-,330000,-,-,,
10/6/2019,NCBA Bank Ltd Ord 5.00,-,404600,-,-,,
10/6/2019,KCB Group Ltd Ord 1.00,-,622000,-,-,,
10/6/2019,Equity Group Holdings Ltd Ord 0.50,-,6140900,-,-,,
10/4/2019,KCB Group Ltd Ord 1.00,KES 40.80,1801200,14,651,20,-2.51%
10/4/2019,NCBA Bank Ltd Ord 5.00,KES 29.00,12900,0,-1.53%,,
10/4/2019,The Co-operative Bank of Kenya Ltd Ord 1.00,KES 12.00,54300,0,-0.41%,,
10/4/2019,Equity Group Holdings Ltd Ord 0.50,KES 37.50,158000,-1,528,677.5,-1.06%
10/4/2019,Absa Bank Kenya Plc Ord 0.50,KES 11.00,42700,0,-1.79%,,
10/3/2019,NCBA Bank Ltd Ord 5.00,KES 29.45,77400,0,-5.31%,,
10/3/2019,KCB Group Ltd Ord 1.00,KES 41.85,7430600,21,795,490,-0.71%
10/3/2019,Absa Bank Kenya Plc Ord 0.50,KES 11.20,1057900,-1,422.5,1.36%,
10/3/2019,Equity Group Holdings Ltd Ord 0.50,KES 37.90,6176300,-115,457,115,1.07%
10/3/2019,The Co-operative Bank of Kenya Ltd Ord 1.00,KES 12.05,364500,0,0.00%,,
10/2/2019,The Co-operative Bank of Kenya Ltd Ord 1.00,KES 12.05,128300,-18,0,0.42%,
10/2/2019,Equity Group Holdings Ltd Ord 0.50,KES 37.50,2033600,-4,435,937.5,0.13%
10/2/2019,KCB Group Ltd Ord 1.00,KES 42.15,4196700,24,550,7.5,0.00%
10/2/2019,Absa Bank Kenya Plc Ord 0.50,KES 11.05,113300,0,-0.45%,,
10/2/2019,NCBA Bank Ltd Ord 5.00,KES 31.10,8800,0,-0.16%,,
10/1/2019,The Co-operative Bank of Kenya Ltd Ord 1.00,KES 12.00,129600,0,0.00%,,
10/1/2019,Equity Group Holdings Ltd Ord 0.50,KES 37.45,773500,-5,934,225,0.00%
10/1/2019,KCB Group Ltd Ord 1.00,KES 42.15,538100,2,135,350,0.36%
10/1/2019,Absa Bank Kenya Plc Ord 0.50,KES 11.10,51700,0,0.00%,,
10/1/2019,NCBA Bank Ltd Ord 5.00,KES 31.15,3700,0,0.81%,,
9/30/2019,Absa Bank Kenya Plc Ord 0.50,KES 11.10,118900,-539,35,-,
9/30/2019,Equity Group Holdings Ltd Ord 0.50,KES 37.45,2657700,-3,730,325,-
9/30/2019,NCBA Bank Ltd Ord 5.00,KES 30.90,20000,0,-,,
9/30/2019,The Co-operative Bank of Kenya Ltd Ord 1.00,KES 12.00,79700,0,-,,
9/30/2019,KCB Group Ltd Ord 1.00,KES 42.00,476000,6,340,900,-
9/29/2019,KCB Group Ltd Ord 1.00,-,476000,6,340,900,-
9/29/2019,The Co-operative Bank of Kenya Ltd Ord 1.00,-,79700,-,-,,
9/29/2019,Absa Bank Kenya Plc Ord 0.50,-,118900,-,-,,
9/29/2019,Equity Group Holdings Ltd Ord 0.50,-,2657700,-,-,,
9/29/2019,NCBA Bank Ltd Ord 5.00,-,20000,-,-,,
9/27/2019,The Co-operative Bank of Kenya Ltd Ord 1.00,KES 11.80,1034300,-3,405,480,0.00%
9/27/2019,KCB Group Ltd Ord 1.00,KES 42.00,740400,9,729,300,0.00%
9/27/2019,Absa Bank Kenya Plc Ord 0.50,KES 11.00,1320800,7,595,0.46%,
9/27/2019,NCBA Bank Ltd Ord 5.00,KES 29.95,42000,0,3.45%,,
9/27/2019,Equity Group Holdings Ltd Ord 0.50,KES 37.45,6998900,-14,601,352.5,0.00%
9/26/2019,NCBA Bank Ltd Ord 5.00,KES 28.95,83500,0,0.00%,,
9/26/2019,Absa Bank Kenya Plc Ord 0.50,KES 10.95,315400,43,650,0.92%,
9/26/2019,KCB Group Ltd Ord 1.00,KES 42.00,2910800,19,685,0,0.12%
9/26/2019,Equity Group Holdings Ltd Ord 0.50,KES 37.45,568000,-6,830,955,-1.32%
9/26/2019,The Co-operative Bank of Kenya Ltd Ord 1.00,KES 11.80,328000,-1,643,817.5,0.00%
9/25/2019,NCBA Bank Ltd Ord 5.00,KES 28.95,97900,0,0.00%,,
9/25/2019,KCB Group Ltd Ord 1.00,KES 41.95,2718500,3,789,600,2.32%
9/25/2019,Absa Bank Kenya Plc Ord 0.50,KES 10.85,47300,542.5,-0.46%,,
9/25/2019,Equity Group Holdings Ltd Ord 0.50,KES 37.95,664600,-8,221,325,-1.04%
9/25/2019,The Co-operative Bank of Kenya Ltd Ord 1.00,KES 11.80,195700,-666,995,-0.84%,
9/24/2019,Absa Bank Kenya Plc Ord 0.50,KES 10.90,343000,0,0.46%,,
9/24/2019,NCBA Bank Ltd Ord 5.00,KES 28.95,2832100,0,-0.17%,,
9/24/2019,The Co-operative Bank of Kenya Ltd Ord 1.00,KES 11.90,70100,0,-0.42%,,
9/24/2019,Equity Group Holdings Ltd Ord 0.50,KES 38.35,1333900,-16,361,832.5,0.26%
9/24/2019,KCB Group Ltd Ord 1.00,KES 41.00,1140900,5,604,5,1.23%
9/23/2019,Equity Group Holdings Ltd Ord 0.50,KES 38.25,639900,-5,-,,
9/23/2019,NCBA Bank Ltd Ord 5.00,KES 29.00,43000,0,-,,
9/23/2019,KCB Group Ltd Ord 1.00,KES 40.50,48600,-56,140,-,
9/23/2019,Absa Bank Kenya Plc Ord 0.50,KES 10.85,142900,54,500,-,
9/23/2019,The Co-operative Bank of Kenya Ltd Ord 1.00,KES 11.95,2476400,9,246,0,-
9/22/2019,The Co-operative Bank of Kenya Ltd Ord 1.00,-,2476400,9,246,0,-
9/22/2019,Absa Bank Kenya Plc Ord 0.50,-,142900,54,500,-,
9/22/2019,KCB Group Ltd Ord 1.00,-,48600,-,-,,
9/22/2019,Equity Group Holdings Ltd Ord 0.50,-,639900,-,-,,
9/22/2019,NCBA Bank Ltd Ord 5.00,-,43000,-,-,,
9/20/2019,The Co-operative Bank of Kenya Ltd Ord 1.00,KES 12.00,2056900,0,-0.83%,,
9/20/2019,KCB Group Ltd Ord 1.00,KES 40.00,2566500,37,130,922.5,-0.25%
9/20/2019,NCBA Bank Ltd Ord 5.00,KES 28.70,59600,0,0.35%,,
9/20/2019,Equity Group Holdings Ltd Ord 0.50,KES 38.20,3907500,65,700,497.5,0.79%
9/20/2019,Absa Bank Kenya Plc Ord 0.50,KES 10.85,1144200,-5,395,262.5,-0.46%
9/19/2019,KCB Group Ltd Ord 1.00,KES 40.10,11804000,27,489,695,0.12%
9/19/2019,Equity Group Holdings Ltd Ord 0.50,KES 37.90,3823100,-48,83,230,-0.13%
9/19/2019,The Co-operative Bank of Kenya Ltd Ord 1.00,KES 12.10,367400,-605,0.41%,,
9/19/2019,Absa Bank Kenya Plc Ord 0.50,KES 10.90,13018800,11,275,0.00%,
9/19/2019,NCBA Bank Ltd Ord 5.00,KES 28.60,29800,-123,250,-0.17%,
9/18/2019,The Co-operative Bank of Kenya Ltd Ord 1.00,KES 12.05,5223100,0,-0.41%,,
9/18/2019,Equity Group Holdings Ltd Ord 0.50,KES 37.95,3002800,-112,100,0.00%,
9/18/2019,NCBA Bank Ltd Ord 5.00,KES 28.65,53900,0,-0.69%,,
9/18/2019,KCB Group Ltd Ord 1.00,KES 40.05,1791000,-331,645,2.30%,
9/18/2019,Absa Bank Kenya Plc Ord 0.50,KES 10.90,351500,54,750,0.46%,
9/17/2019,The Co-operative Bank of Kenya Ltd Ord 1.00,KES 12.10,151300,0,0.00%,,
9/17/2019,Absa Bank Kenya Plc Ord 0.50,KES 10.85,844100,-4,481,137.5,0.00%
9/17/2019,Equity Group Holdings Ltd Ord 0.50,KES 37.95,493500,2,498,437.5,0.93%
9/17/2019,NCBA Bank Ltd Ord 5.00,KES 28.85,33100,0,1.94%,,
9/17/2019,KCB Group Ltd Ord 1.00,KES 39.15,65800,0,0.64%,,
9/16/2019,Equity Group Holdings Ltd Ord 0.50,KES 37.60,59800,-769,230,-,
9/16/2019,NCBA Bank Ltd Ord 5.00,KES 28.30,5400,0,-,,
9/16/2019,KCB Group Ltd Ord 1.00,KES 38.90,165400,-1,180,580,-
9/16/2019,Absa Bank Kenya Plc Ord 0.50,KES 10.85,54500,0,-,,
9/16/2019,The Co-operative Bank of Kenya Ltd Ord 1.00,KES 12.10,70200,-12,200,-,
9/15/2019,NCBA Bank Ltd Ord 5.00,-,5400,-,-,,
9/15/2019,Absa Bank Kenya Plc Ord 0.50,-,54500,-,-,,
9/15/2019,The Co-operative Bank of Kenya Ltd Ord 1.00,-,70200,-,-,,
9/15/2019,KCB Group Ltd Ord 1.00,-,165400,-,-,,
9/15/2019,Equity Group Holdings Ltd Ord 0.50,-,59800,-,-,,
9/13/2019,Absa Bank Kenya Plc Ord 0.50,KES 10.85,142800,70,200,0.93%,
9/13/2019,Equity Group Holdings Ltd Ord 0.50,KES 37.75,727800,3,621,602.5,-0.40%
9/13/2019,The Co-operative Bank of Kenya Ltd Ord 1.00,KES 12.05,70600,-180,607.5,0.84%,
9/13/2019,NCBA Bank Ltd Ord 5.00,KES 28.25,32500,0,0.71%,,
9/13/2019,KCB Group Ltd Ord 1.00,KES 38.85,158300,-1,105,850,0.91%
9/12/2019,KCB Group Ltd Ord 1.00,KES 38.50,102900,289,250,0.13%,
9/12/2019,NCBA Bank Ltd Ord 5.00,KES 28.05,15800,-7,250,-1.23%,
9/12/2019,Equity Group Holdings Ltd Ord 0.50,KES 37.90,600300,-7,91,740,-0.52%
9/12/2019,Absa Bank Kenya Plc Ord 0.50,KES 10.75,121500,53,500,0.47%,
9/12/2019,The Co-operative Bank of Kenya Ltd Ord 1.00,KES 11.95,78700,0,1.27%,,
9/11/2019,The Co-operative Bank of Kenya Ltd Ord 1.00,KES 11.80,6453200,-5,229,957.5,3.96%
9/11/2019,KCB Group Ltd Ord 1.00,KES 38.45,122900,-190,0,1.18%,
9/11/2019,Absa Bank Kenya Plc Ord 0.50,KES 10.70,23079200,-125,410,200,-1.83%
9/11/2019,NCBA Bank Ltd Ord 5.00,KES 28.40,25000,0,0.71%,,
9/11/2019,Equity Group Holdings Ltd Ord 0.50,KES 38.10,47400,18,900,0.26%,
9/10/2019,KCB Group Ltd Ord 1.00,KES 38.00,118800,95,0,0.26%,
9/10/2019,The Co-operative Bank of Kenya Ltd Ord 1.00,KES 11.35,3775700,-3,760,437.5,3.18%
9/10/2019,Absa Bank Kenya Plc Ord 0.50,KES 10.90,29900,0,0.93%,,
9/10/2019,Equity Group Holdings Ltd Ord 0.50,KES 38.00,746000,-10,730,895,0.13%
9/10/2019,NCBA Bank Ltd Ord 5.00,KES 28.20,72900,0,0.71%,,
9/9/2019,Absa Bank Kenya Plc Ord 0.50,KES 10.80,951700,-4,925,152.5,-
9/9/2019,Equity Group Holdings Ltd Ord 0.50,KES 37.95,659000,-413,500,-,
9/9/2019,The Co-operative Bank of Kenya Ltd Ord 1.00,KES 11.00,199200,-49,740,-,
9/9/2019,NCBA Bank Ltd Ord 5.00,KES 28.00,12600,0,-,,
9/9/2019,KCB Group Ltd Ord 1.00,KES 37.90,1334000,-15,678,622.5,-
9/8/2019,Equity Group Holdings Ltd Ord 0.50,-,659000,-,-,,
9/8/2019,NCBA Bank Ltd Ord 5.00,-,12600,-,-,,
9/8/2019,KCB Group Ltd Ord 1.00,-,1334000,-,-,,
9/8/2019,The Co-operative Bank of Kenya Ltd Ord 1.00,-,199200,-,-,,
9/8/2019,Absa Bank Kenya Plc Ord 0.50,-,951700,-,-,,
9/6/2019,NCBA Bank Ltd Ord 5.00,KES 27.90,61300,0,-0.53%,,
9/6/2019,The Co-operative Bank of Kenya Ltd Ord 1.00,KES 11.15,2395300,-3,571,690,-1.33%
9/6/2019,Equity Group Holdings Ltd Ord 0.50,KES 37.95,5723300,-40,327,117.5,2.43%
9/6/2019,Absa Bank Kenya Plc Ord 0.50,KES 10.80,89000,-292,520,-1.37%,
9/6/2019,KCB Group Ltd Ord 1.00,KES 38.00,354700,-6,84,165,-0.52%
9/5/2019,The Co-operative Bank of Kenya Ltd Ord 1.00,KES 11.30,2663300,-2,237,250,-0.88%
9/5/2019,KCB Group Ltd Ord 1.00,KES 38.20,511600,-8,70,532.5,-4.38%
9/5/2019,NCBA Bank Ltd Ord 5.00,KES 28.05,2100,0,-4.10%,,
9/5/2019,Equity Group Holdings Ltd Ord 0.50,KES 37.05,1576400,-19,548,500,-2.76%
9/5/2019,Absa Bank Kenya Plc Ord 0.50,KES 10.95,2168400,1,835,900,-0.45%
9/4/2019,Absa Bank Kenya Plc Ord 0.50,KES 11.00,5564400,1,961,177.5,0.00%
9/4/2019,Equity Group Holdings Ltd Ord 0.50,KES 38.10,1576500,-26,804,455,-2.93%
9/4/2019,NCBA Bank Ltd Ord 5.00,KES 29.25,83100,0,3.72%,,
9/4/2019,KCB Group Ltd Ord 1.00,KES 39.95,7257600,-22,943,592.5,-0.12%
9/4/2019,The Co-operative Bank of Kenya Ltd Ord 1.00,KES 11.40,179000,-641,250,0.44%,
9/3/2019,The Co-operative Bank of Kenya Ltd Ord 1.00,KES 11.35,235200,-437,642.5,-0.44%,
9/3/2019,Equity Group Holdings Ltd Ord 0.50,KES 39.25,2156700,-40,244,205,-0.63%
9/3/2019,NCBA Bank Ltd Ord 5.00,KES 28.20,23900,0,-0.53%,,
9/3/2019,KCB Group Ltd Ord 1.00,KES 40.00,1471200,1,849,840,0.13%
9/3/2019,Absa Bank Kenya Plc Ord 0.50,KES 11.00,216500,270,0,1.38%,
9/2/2019,The Co-operative Bank of Kenya Ltd Ord 1.00,KES 11.40,493900,-68,175,-,
9/2/2019,Absa Bank Kenya Plc Ord 0.50,KES 10.85,190000,-575,-,,
9/2/2019,NCBA Bank Ltd Ord 5.00,KES 28.35,42200,0,-,,
9/2/2019,Equity Group Holdings Ltd Ord 0.50,KES 39.50,639400,-173,685,-,
9/2/2019,KCB Group Ltd Ord 1.00,KES 39.95,768300,0,-,,
9/1/2019,NCBA Bank Ltd Ord 5.00,-,42200,-,-,,
9/1/2019,Absa Bank Kenya Plc Ord 0.50,-,190000,-,-,,
9/1/2019,Equity Group Holdings Ltd Ord 0.50,-,639400,-,-,,
9/1/2019,The Co-operative Bank of Kenya Ltd Ord 1.00,-,493900,-,-,,
9/1/2019,KCB Group Ltd Ord 1.00,-,768300,-,-,,
8/30/2019,Equity Group Holdings Ltd Ord 0.50,KES 39.65,639400,-1,795,130,-0.63%
8/30/2019,Absa Bank Kenya Plc Ord 0.50,KES 10.95,190000,275,0,-0.45%,
8/30/2019,NCBA Bank Ltd Ord 5.00,KES 28.50,42200,0,0.18%,,
8/30/2019,KCB Group Ltd Ord 1.00,KES 39.95,768300,-1,460,455,-0.50%
8/30/2019,The Co-operative Bank of Kenya Ltd Ord 1.00,KES 11.45,493900,-2,319,65,0.44%
8/29/2019,KCB Group Ltd Ord 1.00,KES 40.15,3996000,37,62,422.5,-0.62%
8/29/2019,NCBA Bank Ltd Ord 5.00,KES 28.45,11600,0,-0.35%,,
8/29/2019,Absa Bank Kenya Plc Ord 0.50,KES 11.00,94100,70,400,-0.45%,
8/29/2019,The Co-operative Bank of Kenya Ltd Ord 1.00,KES 11.40,76400,-270,205,0.44%,
8/29/2019,Equity Group Holdings Ltd Ord 0.50,KES 39.90,711200,4,228,232.5,-1.36%
8/28/2019,NCBA Bank Ltd Ord 5.00,KES 28.55,26300,0,0.53%,,
8/28/2019,KCB Group Ltd Ord 1.00,KES 40.40,142200,518,475,0.50%,
8/28/2019,Absa Bank Kenya Plc Ord 0.50,KES 11.05,142200,648,450,0.45%,
8/28/2019,Equity Group Holdings Ltd Ord 0.50,KES 40.45,1386600,23,187,512.5,0.12%
8/28/2019,The Co-operative Bank of Kenya Ltd Ord 1.00,KES 11.35,308200,-1,398,815,0.44%
8/27/2019,KCB Group Ltd Ord 1.00,KES 40.20,461300,100,187.5,0.00%,
8/27/2019,The Co-operative Bank of Kenya Ltd Ord 1.00,KES 11.30,233100,-1,294,347.5,-0.44%
8/27/2019,Equity Group Holdings Ltd Ord 0.50,KES 40.40,4134400,24,875,327.5,0.12%
8/27/2019,Absa Bank Kenya Plc Ord 0.50,KES 11.00,994800,-150,165,0.92%,
8/27/2019,NCBA Bank Ltd Ord 5.00,KES 28.40,51200,0,0.00%,,
8/26/2019,Equity Group Holdings Ltd Ord 0.50,KES 40.35,285600,4,688,420.1,-
8/26/2019,Absa Bank Kenya Plc Ord 0.50,KES 10.90,60800,78,644.59,-,
8/26/2019,The Co-operative Bank of Kenya Ltd Ord 1.00,KES 11.35,209300,694,924.34,-,
8/26/2019,KCB Group Ltd Ord 1.00,KES 40.20,392600,4,96,44.96,-
8/26/2019,NCBA Bank Ltd Ord 5.00,KES 28.40,13300,-14,-,,
8/25/2019,KCB Group Ltd Ord 1.00,-,392600,4,96,45,-
8/25/2019,The Co-operative Bank of Kenya Ltd Ord 1.00,-,209300,694,924,-,
8/25/2019,Absa Bank Kenya Plc Ord 0.50,-,60800,78,645,-,
8/25/2019,Equity Group Holdings Ltd Ord 0.50,-,285600,4,688,420,-
8/25/2019,NCBA Bank Ltd Ord 5.00,-,13300,-,-,,
8/23/2019,NCBA Bank Ltd Ord 5.00,KES 27.95,9900,0,0.54%,,
8/23/2019,The Co-operative Bank of Kenya Ltd Ord 1.00,KES 11.30,275200,-1,294,347.5,-1.31%
8/23/2019,KCB Group Ltd Ord 1.00,KES 40.05,82000,100,187.5,-0.12%,
8/23/2019,Equity Group Holdings Ltd Ord 0.50,KES 39.80,1386400,24,875,327.5,0.00%
8/23/2019,Absa Bank Kenya Plc Ord 0.50,KES 10.80,88000,-150,165,1.41%,
8/22/2019,Equity Group Holdings Ltd Ord 0.50,KES 39.80,404900,-6,21,830,1.53%
8/22/2019,KCB Group Ltd Ord 1.00,KES 40.10,2736100,12,398,800,0.25%
8/22/2019,Absa Bank Kenya Plc Ord 0.50,KES 10.65,39800,115,20,0.00%,
8/22/2019,NCBA Bank Ltd Ord 5.00,KES 27.80,128800,0,-0.54%,,
8/22/2019,The Co-operative Bank of Kenya Ltd Ord 1.00,KES 11.45,2679000,15,115,210,-0.43%
8/21/2019,Equity Group Holdings Ltd Ord 0.50,KES 39.20,288400,413,360,2.62%,
8/21/2019,Absa Bank Kenya Plc Ord 0.50,KES 10.65,757600,374,250,0.00%,
8/21/2019,NCBA Bank Ltd Ord 5.00,KES 27.95,28800,-46,282.5,-0.18%,
8/21/2019,KCB Group Ltd Ord 1.00,KES 40.00,206600,-2,319,90,0.25%
8/21/2019,The Co-operative Bank of Kenya Ltd Ord 1.00,KES 11.50,183200,-601,560,-2.95%,
8/20/2019,Absa Bank Kenya Plc Ord 0.50,KES 10.65,58000,0,0.00%,,
8/20/2019,NCBA Bank Ltd Ord 5.00,KES 28.00,16400,0,-0.18%,,
8/20/2019,Equity Group Holdings Ltd Ord 0.50,KES 38.20,355300,4,380,957.5,0.13%
8/20/2019,The Co-operative Bank of Kenya Ltd Ord 1.00,KES 11.85,58300,0,0.00%,,
8/20/2019,KCB Group Ltd Ord 1.00,KES 39.90,1092700,-15,644,525,0.13%
8/19/2019,Absa Bank Kenya Plc Ord 0.50,KES 10.65,736200,0,-,,
8/19/2019,The Co-operative Bank of Kenya Ltd Ord 1.00,KES 11.85,96900,11,850,-,
8/19/2019,NCBA Bank Ltd Ord 5.00,KES 28.05,16700,0,-,,
8/19/2019,Equity Group Holdings Ltd Ord 0.50,KES 38.15,386000,3,632,262.5,-
8/19/2019,KCB Group Ltd Ord 1.00,KES 39.85,1436100,-3,623,377.5,-
8/18/2019,Equity Group Holdings Ltd Ord 0.50,-,386000,3,632,263,-
8/18/2019,The Co-operative Bank of Kenya Ltd Ord 1.00,-,96900,11,850,-,
8/18/2019,Absa Bank Kenya Plc Ord 0.50,-,736200,-,-,,
8/18/2019,NCBA Bank Ltd Ord 5.00,-,16700,-,-,,
8/18/2019,KCB Group Ltd Ord 1.00,-,1436100,-,-,,
8/16/2019,KCB Group Ltd Ord 1.00,KES 39.75,406100,147,475,-0.13%,
8/16/2019,Absa Bank Kenya Plc Ord 0.50,KES 10.75,2651900,-7,138,537.5,0.00%
8/16/2019,NCBA Bank Ltd Ord 5.00,KES 28.15,103000,-210,555,-0.18%,
8/16/2019,The Co-operative Bank of Kenya Ltd Ord 1.00,KES 11.85,57200,0,-0.84%,,
8/16/2019,Equity Group Holdings Ltd Ord 0.50,KES 38.85,35000,0,-0.89%,,
8/15/2019,Equity Group Holdings Ltd Ord 0.50,KES 39.20,46400,0,-1.13%,,
8/15/2019,NCBA Bank Ltd Ord 5.00,KES 28.20,35500,-63,0,0.89%,
8/15/2019,Absa Bank Kenya Plc Ord 0.50,KES 10.75,190300,0,0.00%,,
8/15/2019,KCB Group Ltd Ord 1.00,KES 39.80,249700,597,395,-0.13%,
8/15/2019,The Co-operative Bank of Kenya Ltd Ord 1.00,KES 11.95,74700,0,-0.42%,,
8/14/2019,The Co-operative Bank of Kenya Ltd Ord 1.00,KES 12.00,259300,0,0.00%,,
8/14/2019,Equity Group Holdings Ltd Ord 0.50,KES 39.65,18595900,-345,270,590,-0.75%
8/14/2019,Absa Bank Kenya Plc Ord 0.50,KES 10.75,289600,0,1.42%,,
8/14/2019,NCBA Bank Ltd Ord 5.00,KES 27.95,69300,-602,367.5,-1.06%,
8/14/2019,KCB Group Ltd Ord 1.00,KES 39.85,1262000,-13,838,297.5,-0.13%
8/13/2019,Absa Bank Kenya Plc Ord 0.50,KES 10.60,119800,0,-,,
8/13/2019,The Co-operative Bank of Kenya Ltd Ord 1.00,KES 12.00,258600,0,-,,
8/13/2019,KCB Group Ltd Ord 1.00,KES 39.90,99500,-1,140,292.5,-
8/13/2019,NCBA Bank Ltd Ord 5.00,KES 28.25,20400,0,-,,
8/13/2019,Equity Group Holdings Ltd Ord 0.50,KES 39.95,2437400,-15,89,512.5,-
8/12/2019,Equity Group Holdings Ltd Ord 0.50,-,2437400,-,-,,
8/12/2019,Absa Bank Kenya Plc Ord 0.50,-,119800,-,-,,
8/12/2019,The Co-operative Bank of Kenya Ltd Ord 1.00,-,258600,-,-,,
8/12/2019,KCB Group Ltd Ord 1.00,-,99500,-,-,,
8/12/2019,NCBA Bank Ltd Ord 5.00,-,20400,-,-,,
8/9/2019,Absa Bank Kenya Plc Ord 0.50,KES 10.65,354900,0,0.00%,,
8/9/2019,Equity Group Holdings Ltd Ord 0.50,KES 40.20,137000,2,498,780,-0.12%
8/9/2019,KCB Group Ltd Ord 1.00,KES 39.65,295800,518,87.5,-0.38%,
8/9/2019,The Co-operative Bank of Kenya Ltd Ord 1.00,KES 12.05,211100,0,-0.41%,,
8/9/2019,NCBA Bank Ltd Ord 5.00,KES 28.60,17400,0,-1.38%,,
8/8/2019,Absa Bank Kenya Plc Ord 0.50,KES 10.65,168300,0,-0.93%,,
8/8/2019,Equity Group Holdings Ltd Ord 0.50,KES 40.25,597700,8,978,452.5,-0.49%
8/8/2019,KCB Group Ltd Ord 1.00,KES 39.80,113300,-92,90,0.89%,
8/8/2019,The Co-operative Bank of Kenya Ltd Ord 1.00,KES 12.10,4419600,26,15,0,0.00%
8/8/2019,NCBA Bank Ltd Ord 5.00,KES 29.00,56800,0,-1.53%,,
8/7/2019,The Co-operative Bank of Kenya Ltd Ord 1.00,KES 12.10,68300,0,0.00%,,
8/7/2019,Absa Bank Kenya Plc Ord 0.50,KES 10.75,102300,10,750,0.94%,
8/7/2019,NCBA Bank Ltd Ord 5.00,KES 29.45,86600,-16,140,0.68%,
8/7/2019,Equity Group Holdings Ltd Ord 0.50,KES 40.45,206700,3,590,582.5,1.00%
8/7/2019,KCB Group Ltd Ord 1.00,KES 39.45,425900,-2,292,200,0.51%
8/6/2019,Absa Bank Kenya Plc Ord 0.50,KES 10.65,113500,-106,500,0.00%,
8/6/2019,KCB Group Ltd Ord 1.00,KES 39.25,314800,-3,26,2.5,-0.38%
8/6/2019,NCBA Bank Ltd Ord 5.00,KES 29.25,9300,0,0.52%,,
8/6/2019,Equity Group Holdings Ltd Ord 0.50,KES 40.05,149400,568,710,0.12%,
8/6/2019,The Co-operative Bank of Kenya Ltd Ord 1.00,KES 12.10,110900,0,2.11%,,
8/5/2019,KCB Group Ltd Ord 1.00,KES 39.40,958300,-10,51,450,-
8/5/2019,NCBA Bank Ltd Ord 5.00,KES 29.10,6500,0,-,,
8/5/2019,The Co-operative Bank of Kenya Ltd Ord 1.00,KES 11.85,83500,0,-,,
8/5/2019,Equity Group Holdings Ltd Ord 0.50,KES 40.00,1666900,5,317,520,-
8/5/2019,Absa Bank Kenya Plc Ord 0.50,KES 10.65,102400,0,-,,
8/4/2019,Equity Group Holdings Ltd Ord 0.50,-,1666900,5,317,520,-
8/4/2019,KCB Group Ltd Ord 1.00,-,958300,-,-,,
8/4/2019,Absa Bank Kenya Plc Ord 0.50,-,102400,-,-,,
8/4/2019,The Co-operative Bank of Kenya Ltd Ord 1.00,-,83500,-,-,,
8/4/2019,NCBA Bank Ltd Ord 5.00,-,6500,-,-,,
8/2/2019,Absa Bank Kenya Plc Ord 0.50,KES 10.70,48800,-2,207,410,0.00%
8/2/2019,NCBA Bank Ltd Ord 5.00,KES 29.20,31000,0,-0.51%,,
8/2/2019,KCB Group Ltd Ord 1.00,KES 39.50,1426700,-3,672,0,-1.25%
8/2/2019,Equity Group Holdings Ltd Ord 0.50,KES 40.00,18400,13,913,602.5,-1.11%
8/2/2019,The Co-operative Bank of Kenya Ltd Ord 1.00,KES 11.95,142800,0,0.00%,,
8/1/2019,KCB Group Ltd Ord 1.00,KES 40.00,1426700,2,806,975,0.00%
8/1/2019,The Co-operative Bank of Kenya Ltd Ord 1.00,KES 11.95,142800,0,0.00%,,
8/1/2019,Absa Bank Kenya Plc Ord 0.50,KES 10.70,48800,0,0.94%,,
8/1/2019,NCBA Bank Ltd Ord 5.00,KES 29.35,31000,0,-1.34%,,
8/1/2019,Equity Group Holdings Ltd Ord 0.50,KES 40.45,18400,-1,12,80,1.13%
7/31/2019,KCB Group Ltd Ord 1.00,KES 40.00,1426700,17,176,0,0.00%
7/31/2019,Equity Group Holdings Ltd Ord 0.50,KES 40.00,18400,25,358,230,-0.50%
7/31/2019,Absa Bank Kenya Plc Ord 0.50,KES 10.60,48800,0,-0.47%,,
7/31/2019,The Co-operative Bank of Kenya Ltd Ord 1.00,KES 11.95,142800,-3,568,765,0.00%
7/31/2019,NCBA Bank Ltd Ord 5.00,KES 29.75,31000,0,0.51%,,
7/30/2019,Equity Group Holdings Ltd Ord 0.50,KES 40.20,18400,5,831,117.5,0.12%
7/30/2019,KCB Group Ltd Ord 1.00,KES 40.00,1426700,590,295,0.13%,
7/30/2019,Absa Bank Kenya Plc Ord 0.50,KES 10.65,48800,0,0.95%,,
7/30/2019,NCBA Bank Ltd Ord 5.00,KES 29.60,31000,0,0.34%,,
7/30/2019,The Co-operative Bank of Kenya Ltd Ord 1.00,KES 11.95,142800,29,983,850,-0.42%
7/29/2019,NCBA Bank Ltd Ord 5.00,KES 29.50,31000,0,-,,
7/29/2019,KCB Group Ltd Ord 1.00,KES 39.95,1426700,6,495,990,-
7/29/2019,The Co-operative Bank of Kenya Ltd Ord 1.00,KES 12.00,142800,-1,661,832.5,-
7/29/2019,Absa Bank Kenya Plc Ord 0.50,KES 10.55,48800,0,-,,
7/29/2019,Equity Group Holdings Ltd Ord 0.50,KES 40.15,18400,4,431,865,-
7/28/2019,KCB Group Ltd Ord 1.00,-,1426700,6,495,990,-
7/28/2019,Equity Group Holdings Ltd Ord 0.50,-,18400,4,431,865,-
7/28/2019,Absa Bank Kenya Plc Ord 0.50,-,48800,-,-,,
7/28/2019,The Co-operative Bank of Kenya Ltd Ord 1.00,-,142800,-,-,,
7/28/2019,NCBA Bank Ltd Ord 5.00,-,31000,-,-,,
7/26/2019,KCB Group Ltd Ord 1.00,KES 39.90,1426700,10,7,632.5,0.00%
7/26/2019,Equity Group Holdings Ltd Ord 0.50,KES 40.30,18400,0,-0.12%,,
7/26/2019,The Co-operative Bank of Kenya Ltd Ord 1.00,KES 12.05,142800,-675,342.5,-0.41%,
7/26/2019,NCBA Bank Ltd Ord 5.00,KES 29.80,31000,0,-0.33%,,
7/26/2019,Absa Bank Kenya Plc Ord 0.50,KES 10.50,48800,0,0.48%,,
7/25/2019,Absa Bank Kenya Plc Ord 0.50,KES 10.45,520300,95,667.5,0.48%,
7/25/2019,The Co-operative Bank of Kenya Ltd Ord 1.00,KES 12.10,82400,0,-0.82%,,
7/25/2019,KCB Group Ltd Ord 1.00,KES 39.90,1880900,-7,251,600,0.00%
7/25/2019,Equity Group Holdings Ltd Ord 0.50,KES 40.35,4489200,-24,842,70,-0.62%
7/25/2019,NCBA Bank Ltd Ord 5.00,KES 29.90,130600,0,-0.33%,,
7/24/2019,The Co-operative Bank of Kenya Ltd Ord 1.00,KES 12.20,587700,0,0.00%,,
7/24/2019,NCBA Bank Ltd Ord 5.00,KES 30.00,18900,0,-0.33%,,
7/24/2019,Absa Bank Kenya Plc Ord 0.50,KES 10.40,116000,0,0.48%,,
7/24/2019,KCB Group Ltd Ord 1.00,KES 39.90,1101100,-13,610,627.5,-0.25%
7/24/2019,Equity Group Holdings Ltd Ord 0.50,KES 40.60,1505000,9,533,395,-0.49%
7/23/2019,KCB Group Ltd Ord 1.00,KES 40.00,2367400,-14,441,692.5,0.38%
7/23/2019,Absa Bank Kenya Plc Ord 0.50,KES 10.35,15501300,-79,306,150,0.49%
7/23/2019,NCBA Bank Ltd Ord 5.00,KES 30.10,62800,0,0.17%,,
7/23/2019,Equity Group Holdings Ltd Ord 0.50,KES 40.80,920600,2,340,50,0.49%
7/23/2019,The Co-operative Bank of Kenya Ltd Ord 1.00,KES 12.20,92300,0,0.00%,,
7/22/2019,Equity Group Holdings Ltd Ord 0.50,KES 40.60,1435700,1,921,740,-
7/22/2019,Absa Bank Kenya Plc Ord 0.50,KES 10.30,354200,-1,252,217.5,-
7/22/2019,The Co-operative Bank of Kenya Ltd Ord 1.00,KES 12.20,44100,85,400,-,
7/22/2019,NCBA Bank Ltd Ord 5.00,KES 30.05,16900,0,-,,
7/22/2019,KCB Group Ltd Ord 1.00,KES 39.85,1963700,3,894,412.5,-
7/21/2019,KCB Group Ltd Ord 1.00,-,1963700,3,894,413,-
7/21/2019,The Co-operative Bank of Kenya Ltd Ord 1.00,-,44100,85,400,-,
7/21/2019,Equity Group Holdings Ltd Ord 0.50,-,1435700,1,921,740,-
7/21/2019,Absa Bank Kenya Plc Ord 0.50,-,354200,-,-,,
7/21/2019,NCBA Bank Ltd Ord 5.00,-,16900,-,-,,
7/19/2019,NCBA Bank Ltd Ord 5.00,KES 30.90,5700,0,2.83%,,
7/19/2019,KCB Group Ltd Ord 1.00,KES 39.80,1018200,-2,657,257.5,0.63%
7/19/2019,Equity Group Holdings Ltd Ord 0.50,KES 40.50,3604800,-6,1,470,0.12%
7/19/2019,Absa Bank Kenya Plc Ord 0.50,KES 10.30,105600,-230,765,0.00%,
7/19/2019,The Co-operative Bank of Kenya Ltd Ord 1.00,KES 12.15,139000,136,885,1.25%,
7/18/2019,Absa Bank Kenya Plc Ord 0.50,KES 10.30,1125200,-402,350,0.00%,
7/18/2019,The Co-operative Bank of Kenya Ltd Ord 1.00,KES 12.00,184600,0,0.00%,,
7/18/2019,NCBA Bank Ltd Ord 5.00,KES 30.05,51300,0,-0.33%,,
7/18/2019,Equity Group Holdings Ltd Ord 0.50,KES 40.45,1938100,-36,552,0,1.13%
7/18/2019,KCB Group Ltd Ord 1.00,KES 39.55,5623200,-98,701,835,0.89%
7/17/2019,KCB Group Ltd Ord 1.00,KES 39.20,8035000,-8,590,195,0.51%
7/17/2019,Equity Group Holdings Ltd Ord 0.50,KES 40.00,3722300,-70,394,750,0.13%
7/17/2019,NCBA Bank Ltd Ord 5.00,KES 30.15,590800,0,-1.15%,,
7/17/2019,The Co-operative Bank of Kenya Ltd Ord 1.00,KES 12.00,1754500,4,659,950,0.00%
7/17/2019,Absa Bank Kenya Plc Ord 0.50,KES 10.30,97800,-196,932.5,-0.48%,
7/16/2019,Absa Bank Kenya Plc Ord 0.50,KES 10.35,591600,0,0.49%,,
7/16/2019,NCBA Bank Ltd Ord 5.00,KES 30.50,15300,0,-0.16%,,
7/16/2019,Equity Group Holdings Ltd Ord 0.50,KES 39.95,2070600,-23,644,0,-0.12%
7/16/2019,KCB Group Ltd Ord 1.00,KES 39.00,707700,-13,426,260,-1.02%
7/16/2019,The Co-operative Bank of Kenya Ltd Ord 1.00,KES 12.00,944900,-5,239,577.5,-0.41%
7/15/2019,The Co-operative Bank of Kenya Ltd Ord 1.00,KES 12.05,9262500,0,-,,
7/15/2019,KCB Group Ltd Ord 1.00,KES 39.40,99100,0,-,,
7/15/2019,Equity Group Holdings Ltd Ord 0.50,KES 40.00,118600,-2,282,30,-
7/15/2019,Absa Bank Kenya Plc Ord 0.50,KES 10.30,72700,51,500,-,
7/15/2019,NCBA Bank Ltd Ord 5.00,KES 30.55,31800,0,-,,
7/14/2019,Absa Bank Kenya Plc Ord 0.50,-,72700,51,500,-,
7/14/2019,Equity Group Holdings Ltd Ord 0.50,-,118600,-,-,,
7/14/2019,NCBA Bank Ltd Ord 5.00,-,31800,-,-,,
7/14/2019,KCB Group Ltd Ord 1.00,-,99100,-,-,,
7/14/2019,The Co-operative Bank of Kenya Ltd Ord 1.00,-,9262500,-,-,,
7/12/2019,Absa Bank Kenya Plc Ord 0.50,KES 10.25,47400,51,750,-0.49%,
7/12/2019,KCB Group Ltd Ord 1.00,KES 39.45,962900,-4,434,95,0.51%
7/12/2019,Equity Group Holdings Ltd Ord 0.50,KES 39.90,2430400,1,160,325,-1.60%
7/12/2019,NCBA Bank Ltd Ord 5.00,KES 30.55,302500,0,0.16%,,
7/12/2019,The Co-operative Bank of Kenya Ltd Ord 1.00,KES 12.10,98700,6,75,0.00%,
7/11/2019,KCB Group Ltd Ord 1.00,KES 39.25,922000,15,699,275,-0.51%
7/11/2019,NCBA Bank Ltd Ord 5.00,KES 30.50,13900,0,-0.16%,,
7/11/2019,The Co-operative Bank of Kenya Ltd Ord 1.00,KES 12.10,89500,0,-0.41%,,
7/11/2019,Absa Bank Kenya Plc Ord 0.50,KES 10.30,310400,-1,86,750,-0.48%
7/11/2019,Equity Group Holdings Ltd Ord 0.50,KES 40.55,2745300,-5,218,425,0.12%
7/10/2019,NCBA Bank Ltd Ord 5.00,KES 30.55,48300,0,-0.33%,,
7/10/2019,KCB Group Ltd Ord 1.00,KES 39.45,190900,-1,975,0,-0.13%
7/10/2019,Equity Group Holdings Ltd Ord 0.50,KES 40.50,10423600,-190,578,825,0.00%
7/10/2019,Absa Bank Kenya Plc Ord 0.50,KES 10.35,289600,-798,175,0.49%,
7/10/2019,The Co-operative Bank of Kenya Ltd Ord 1.00,KES 12.15,284800,0,0.83%,,
7/9/2019,Absa Bank Kenya Plc Ord 0.50,KES 10.30,117400,0,0.49%,,
7/9/2019,The Co-operative Bank of Kenya Ltd Ord 1.00,KES 12.05,158900,0,-1.23%,,
7/9/2019,KCB Group Ltd Ord 1.00,KES 39.50,251100,0,-0.25%,,
7/9/2019,NCBA Bank Ltd Ord 5.00,KES 30.65,9100,0,0.66%,,
7/9/2019,Equity Group Holdings Ltd Ord 0.50,KES 40.50,4858500,9,935,710,0.75%
7/8/2019,KCB Group Ltd Ord 1.00,KES 39.60,161900,0,-,,
7/8/2019,The Co-operative Bank of Kenya Ltd Ord 1.00,KES 12.20,2076400,0,-,,
7/8/2019,Equity Group Holdings Ltd Ord 0.50,KES 40.20,622700,-9,286,950,-
7/8/2019,Absa Bank Kenya Plc Ord 0.50,KES 10.25,217400,0,-,,
7/8/2019,NCBA Bank Ltd Ord 5.00,KES 30.45,14100,0,-,,
7/7/2019,Absa Bank Kenya Plc Ord 0.50,-,217400,-,-,,
7/7/2019,The Co-operative Bank of Kenya Ltd Ord 1.00,-,2076400,-,-,,
7/7/2019,Equity Group Holdings Ltd Ord 0.50,-,622700,-,-,,
7/7/2019,NCBA Bank Ltd Ord 5.00,-,14100,-,-,,
7/7/2019,KCB Group Ltd Ord 1.00,-,161900,-,-,,
7/5/2019,The Co-operative Bank of Kenya Ltd Ord 1.00,KES 12.25,51900,0,0.00%,,
7/5/2019,KCB Group Ltd Ord 1.00,KES 40.00,626600,10,798,0,0.00%
7/5/2019,Equity Group Holdings Ltd Ord 0.50,KES 40.00,3658400,-46,784,7.5,0.00%
7/5/2019,Absa Bank Kenya Plc Ord 0.50,KES 10.25,49900,0,-0.49%,,
7/5/2019,NCBA Bank Ltd Ord 5.00,KES 30.50,8900,0,0.16%,,
7/4/2019,NCBA Bank Ltd Ord 5.00,KES 30.45,16500,0,1.16%,,
7/4/2019,Equity Group Holdings Ltd Ord 0.50,KES 40.00,1010600,-16,190,62.5,0.13%
7/4/2019,Absa Bank Kenya Plc Ord 0.50,KES 10.30,10138800,-1,714,170,0.98%
7/4/2019,KCB Group Ltd Ord 1.00,KES 40.00,791100,-7,271,840,-0.37%
7/4/2019,The Co-operative Bank of Kenya Ltd Ord 1.00,KES 12.25,83800,267,185,0.41%,
7/3/2019,The Co-operative Bank of Kenya Ltd Ord 1.00,KES 12.20,60600,0,0.41%,,
7/3/2019,NCBA Bank Ltd Ord 5.00,KES 30.10,49500,0,0.00%,,
7/3/2019,Equity Group Holdings Ltd Ord 0.50,KES 39.95,1101000,-10,986,955,1.01%
7/3/2019,Absa Bank Kenya Plc Ord 0.50,KES 10.20,274000,-489,840,-1.45%,
7/3/2019,KCB Group Ltd Ord 1.00,KES 40.15,348400,-1,670,432.5,1.77%
7/2/2019,Equity Group Holdings Ltd Ord 0.50,KES 39.55,229400,-3,182,475,0.38%
7/2/2019,Absa Bank Kenya Plc Ord 0.50,KES 10.35,186400,31,50,0.00%,
7/2/2019,NCBA Bank Ltd Ord 5.00,KES 30.10,56500,90,450,-0.50%,
7/2/2019,The Co-operative Bank of Kenya Ltd Ord 1.00,KES 12.15,1683000,-8,623,80,2.10%
7/2/2019,KCB Group Ltd Ord 1.00,KES 39.45,805400,-12,936,562.5,0.64%
7/1/2019,NCBA Bank Ltd Ord 5.00,KES 30.25,27000,0,-,,
7/1/2019,KCB Group Ltd Ord 1.00,KES 39.20,326200,1,545,367.5,-
7/1/2019,The Co-operative Bank of Kenya Ltd Ord 1.00,KES 11.90,64500,-162,135,-,
7/1/2019,Equity Group Holdings Ltd Ord 0.50,KES 39.40,357800,1,291,735,-
7/1/2019,Absa Bank Kenya Plc Ord 0.50,KES 10.35,79300,0,-,,
6/30/2019,Equity Group Holdings Ltd Ord 0.50,-,357800,1,291,735,-
6/30/2019,KCB Group Ltd Ord 1.00,-,326200,1,545,368,-
6/30/2019,Absa Bank Kenya Plc Ord 0.50,-,79300,-,-,,
6/30/2019,The Co-operative Bank of Kenya Ltd Ord 1.00,-,64500,-,-,,
6/30/2019,NCBA Bank Ltd Ord 5.00,-,27000,-,-,,
6/28/2019,NCBA Bank Ltd Ord 5.00,KES 30.65,46800,0,0.16%,,
6/28/2019,The Co-operative Bank of Kenya Ltd Ord 1.00,KES 11.95,170100,-688,657.5,-0.42%,
6/28/2019,Equity Group Holdings Ltd Ord 0.50,KES 39.20,3684400,-18,275,302.5,0.64%
6/28/2019,Absa Bank Kenya Plc Ord 0.50,KES 10.40,340200,150,365,-0.48%,
6/28/2019,KCB Group Ltd Ord 1.00,KES 38.70,3655900,-20,602,502.5,1.18%
6/27/2019,Equity Group Holdings Ltd Ord 0.50,KES 38.95,1124100,977,800,1.17%,
6/27/2019,The Co-operative Bank of Kenya Ltd Ord 1.00,KES 12.00,150400,-622,140,-0.83%,
6/27/2019,KCB Group Ltd Ord 1.00,KES 38.25,5803100,-36,766,670,0.26%
6/27/2019,Absa Bank Kenya Plc Ord 0.50,KES 10.45,1544500,-7,729,800,0.48%
6/27/2019,NCBA Bank Ltd Ord 5.00,KES 30.60,13800,0,-2.55%,,
6/26/2019,Equity Group Holdings Ltd Ord 0.50,KES 38.50,547900,-9,994,200,-1.16%
6/26/2019,The Co-operative Bank of Kenya Ltd Ord 1.00,KES 12.10,151900,0,-0.41%,,
6/26/2019,NCBA Bank Ltd Ord 5.00,KES 31.40,63500,-12,400,1.95%,
6/26/2019,Absa Bank Kenya Plc Ord 0.50,KES 10.40,216900,83,430,0.48%,
6/26/2019,KCB Group Ltd Ord 1.00,KES 38.15,983900,-10,21,910,-0.91%
6/25/2019,Equity Group Holdings Ltd Ord 0.50,KES 38.95,5977100,-85,240,350,-0.13%
6/25/2019,The Co-operative Bank of Kenya Ltd Ord 1.00,KES 12.15,401200,60,500,0.41%,
6/25/2019,NCBA Bank Ltd Ord 5.00,KES 30.80,84700,-155,0,-0.65%,
6/25/2019,Absa Bank Kenya Plc Ord 0.50,KES 10.35,1853500,-1,140,880,-0.48%
6/25/2019,KCB Group Ltd Ord 1.00,KES 38.50,2224000,-16,661,942.5,-0.90%
6/24/2019,The Co-operative Bank of Kenya Ltd Ord 1.00,KES 12.10,1661300,-432,965,-,
6/24/2019,NCBA Bank Ltd Ord 5.00,KES 31.00,46000,0,-,,
6/24/2019,Absa Bank Kenya Plc Ord 0.50,KES 10.40,233000,954,907.5,-,
6/24/2019,Equity Group Holdings Ltd Ord 0.50,KES 39.00,22600,0,-,,
6/24/2019,KCB Group Ltd Ord 1.00,KES 38.85,76600,0,-,,
6/23/2019,Absa Bank Kenya Plc Ord 0.50,-,233000,954,908,-,
6/23/2019,Equity Group Holdings Ltd Ord 0.50,-,22600,-,-,,
6/23/2019,KCB Group Ltd Ord 1.00,-,76600,-,-,,
6/23/2019,NCBA Bank Ltd Ord 5.00,-,46000,-,-,,
6/23/2019,The Co-operative Bank of Kenya Ltd Ord 1.00,-,1661300,-,-,,
6/21/2019,Equity Group Holdings Ltd Ord 0.50,KES 39.00,1686600,8,846,70,-1.14%
6/21/2019,NCBA Bank Ltd Ord 5.00,KES 31.20,59200,0,1.63%,,
6/21/2019,KCB Group Ltd Ord 1.00,KES 38.95,393000,4,58,555,-0.38%
6/21/2019,The Co-operative Bank of Kenya Ltd Ord 1.00,KES 12.10,139600,-717,720,0.00%,
6/21/2019,Absa Bank Kenya Plc Ord 0.50,KES 10.35,61100,38,887.5,-0.48%,
6/20/2019,NCBA Bank Ltd Ord 5.00,KES 30.70,180700,31,0,-3.00%,
6/20/2019,The Co-operative Bank of Kenya Ltd Ord 1.00,KES 12.10,192000,-1,67,107.5,-1.22%
6/20/2019,KCB Group Ltd Ord 1.00,KES 39.10,688000,-5,778,135,0.13%
6/20/2019,Absa Bank Kenya Plc Ord 0.50,KES 10.40,322900,-379,642.5,0.00%,
6/20/2019,Equity Group Holdings Ltd Ord 0.50,KES 39.45,5355600,10,613,335,-0.50%
6/19/2019,The Co-operative Bank of Kenya Ltd Ord 1.00,KES 12.25,495200,0,-0.81%,,
6/19/2019,Equity Group Holdings Ltd Ord 0.50,KES 39.65,454900,-6,813,150,-0.13%
6/19/2019,Absa Bank Kenya Plc Ord 0.50,KES 10.40,2177800,-9,842,40,0.00%
6/19/2019,KCB Group Ltd Ord 1.00,KES 39.05,1964100,-3,582,682.5,-1.01%
6/19/2019,NCBA Bank Ltd Ord 5.00,KES 31.65,46400,0,-0.31%,,
6/18/2019,The Co-operative Bank of Kenya Ltd Ord 1.00,KES 12.35,88800,0,-0.40%,,
6/18/2019,Equity Group Holdings Ltd Ord 0.50,KES 39.70,3668100,-514,0,-0.75%,
6/18/2019,KCB Group Ltd Ord 1.00,KES 39.45,682500,-3,470,275,-0.13%
6/18/2019,NCBA Bank Ltd Ord 5.00,KES 31.75,17000,0,1.11%,,
6/18/2019,Absa Bank Kenya Plc Ord 0.50,KES 10.40,1317800,5,561,7.5,0.48%
6/17/2019,Absa Bank Kenya Plc Ord 0.50,KES 10.35,139700,0,-,,
6/17/2019,The Co-operative Bank of Kenya Ltd Ord 1.00,KES 12.40,531900,-2,692,317.5,-
6/17/2019,Equity Group Holdings Ltd Ord 0.50,KES 40.00,533800,-5,301,360,-
6/17/2019,NCBA Bank Ltd Ord 5.00,KES 31.40,24700,0,-,,
6/17/2019,KCB Group Ltd Ord 1.00,KES 39.50,440300,-3,943,710,-
6/16/2019,KCB Group Ltd Ord 1.00,-,440300,-,-,,
6/16/2019,NCBA Bank Ltd Ord 5.00,-,24700,-,-,,
6/16/2019,Equity Group Holdings Ltd Ord 0.50,-,533800,-,-,,
6/16/2019,The Co-operative Bank of Kenya Ltd Ord 1.00,-,531900,-,-,,
6/16/2019,Absa Bank Kenya Plc Ord 0.50,-,139700,-,-,,
6/14/2019,Absa Bank Kenya Plc Ord 0.50,KES 10.30,430400,97,45,-0.48%,
6/14/2019,Equity Group Holdings Ltd Ord 0.50,KES 39.80,2680500,-198,10,-0.50%,
6/14/2019,KCB Group Ltd Ord 1.00,KES 39.50,511000,-9,461,675,-0.38%
6/14/2019,The Co-operative Bank of Kenya Ltd Ord 1.00,KES 12.35,96100,0,-0.40%,,
6/14/2019,NCBA Bank Ltd Ord 5.00,KES 31.50,272000,23,775,-0.32%,
6/13/2019,Equity Group Holdings Ltd Ord 0.50,KES 40.00,5718600,2,156,0,0.00%
6/13/2019,KCB Group Ltd Ord 1.00,KES 39.65,4182000,-3,189,945,-0.13%
6/13/2019,The Co-operative Bank of Kenya Ltd Ord 1.00,KES 12.40,785700,-4,416,930,0.81%
6/13/2019,Absa Bank Kenya Plc Ord 0.50,KES 10.35,235200,0,0.98%,,
6/13/2019,NCBA Bank Ltd Ord 5.00,KES 31.60,797400,460,775,-0.63%,
6/12/2019,NCBA Bank Ltd Ord 5.00,KES 31.80,14600,175,657.5,0.47%,
6/12/2019,Equity Group Holdings Ltd Ord 0.50,KES 40.00,5003500,-38,942,267.5,0.00%
6/12/2019,The Co-operative Bank of Kenya Ltd Ord 1.00,KES 12.30,488000,-2,301,10,1.65%
6/12/2019,Absa Bank Kenya Plc Ord 0.50,KES 10.25,1206800,-5,425,885,-0.49%
6/12/2019,KCB Group Ltd Ord 1.00,KES 39.70,1107700,-21,69,977.5,0.00%
6/11/2019,Equity Group Holdings Ltd Ord 0.50,KES 40.00,1496900,-13,85,472.5,0.50%
6/11/2019,Absa Bank Kenya Plc Ord 0.50,KES 10.30,1367000,-6,878,442.5,-0.96%
6/11/2019,KCB Group Ltd Ord 1.00,KES 39.70,4905300,-8,14,655,0.76%
6/11/2019,NCBA Bank Ltd Ord 5.00,KES 31.65,72400,79,125,0.16%,
6/11/2019,The Co-operative Bank of Kenya Ltd Ord 1.00,KES 12.10,89200,-59,897.5,-1.63%,
6/10/2019,The Co-operative Bank of Kenya Ltd Ord 1.00,KES 12.30,57800,-1,860,-0.81%,
6/10/2019,NCBA Bank Ltd Ord 5.00,KES 31.60,8400,0,0.00%,,
6/10/2019,Equity Group Holdings Ltd Ord 0.50,KES 39.80,146500,0,0.00%,,
6/10/2019,KCB Group Ltd Ord 1.00,KES 39.40,557000,4,916,922.5,0.25%
6/10/2019,Absa Bank Kenya Plc Ord 0.50,KES 10.40,1874400,-19,612.5,0.97%,
6/9/2019,Equity Group Holdings Ltd Ord 0.50,KES 39.80,146500,-,-,,
6/9/2019,The Co-operative Bank of Kenya Ltd Ord 1.00,KES 12.40,57800,-,-,,
6/9/2019,KCB Group Ltd Ord 1.00,KES 39.30,557000,4,916,923,-
6/9/2019,Absa Bank Kenya Plc Ord 0.50,KES 10.30,1874400,-,-,,
6/9/2019,NCBA Bank Ltd Ord 5.00,KES 31.60,8400,-,-,,
6/7/2019,Equity Group Holdings Ltd Ord 0.50,-,97900,456,0,-,
6/7/2019,The Co-operative Bank of Kenya Ltd Ord 1.00,-,986400,0,-,,
6/7/2019,Absa Bank Kenya Plc Ord 0.50,-,117900,0,-,,
6/7/2019,KCB Group Ltd Ord 1.00,-,691100,-11,866,557.5,-
6/7/2019,NCBA Bank Ltd Ord 5.00,-,28000,0,-,,
6/6/2019,The Co-operative Bank of Kenya Ltd Ord 1.00,KES 12.30,255700,0,-,,
6/6/2019,NCBA Bank Ltd Ord 5.00,KES 31.45,32500,0,-,,
6/6/2019,KCB Group Ltd Ord 1.00,KES 39.55,667500,-10,855,852.5,-
6/6/2019,Absa Bank Kenya Plc Ord 0.50,KES 10.40,1280600,-6,53,967.5,-
6/6/2019,Equity Group Holdings Ltd Ord 0.50,KES 39.95,684400,6,278,602.5,-
6/5/2019,Equity Group Holdings Ltd Ord 0.50,-,684400,6,278,603,-
6/5/2019,NCBA Bank Ltd Ord 5.00,-,32500,-,-,,
6/5/2019,KCB Group Ltd Ord 1.00,-,667500,-,-,,
6/5/2019,Absa Bank Kenya Plc Ord 0.50,-,1280600,-,-,,
6/5/2019,The Co-operative Bank of Kenya Ltd Ord 1.00,-,255700,-,-,,
6/4/2019,KCB Group Ltd Ord 1.00,KES 39.60,437400,-2,783,950,-
6/4/2019,NCBA Bank Ltd Ord 5.00,KES 31.65,30500,14,377.5,-,
6/4/2019,The Co-operative Bank of Kenya Ltd Ord 1.00,KES 12.35,382000,3,50,-,
6/4/2019,Absa Bank Kenya Plc Ord 0.50,KES 10.40,67800,0,-,,
6/4/2019,Equity Group Holdings Ltd Ord 0.50,KES 39.70,4616600,1,178,185,-
6/3/2019,Absa Bank Kenya Plc Ord 0.50,-,219700,0,-,,
6/3/2019,The Co-operative Bank of Kenya Ltd Ord 1.00,-,4193000,0,-,,
6/3/2019,KCB Group Ltd Ord 1.00,-,445500,-5,75,25,-
6/3/2019,Equity Group Holdings Ltd Ord 0.50,-,5833300,29,310,762.5,-
6/3/2019,NCBA Bank Ltd Ord 5.00,-,46000,0,-,,
6/2/2019,Equity Group Holdings Ltd Ord 0.50,-,5833300,29,310,763,-
6/2/2019,The Co-operative Bank of Kenya Ltd Ord 1.00,-,4193000,-,-,,
6/2/2019,KCB Group Ltd Ord 1.00,-,445500,-,-,,
6/2/2019,NCBA Bank Ltd Ord 5.00,-,46000,-,-,,
6/2/2019,Absa Bank Kenya Plc Ord 0.50,-,219700,-,-,,
5/31/2019,Absa Bank Kenya Plc Ord 0.50,KES 10.35,154100,-67,987.5,0.49%,
5/31/2019,NCBA Bank Ltd Ord 5.00,KES 31.80,77700,0,1.76%,,
5/31/2019,KCB Group Ltd Ord 1.00,KES 39.65,538100,-4,817,270,0.00%
5/31/2019,The Co-operative Bank of Kenya Ltd Ord 1.00,KES 12.20,135600,0,0.83%,,
5/31/2019,Equity Group Holdings Ltd Ord 0.50,KES 39.45,1604300,5,373,705,2.87%
5/30/2019,NCBA Bank Ltd Ord 5.00,KES 31.25,128500,0,5.40%,,
5/30/2019,Equity Group Holdings Ltd Ord 0.50,KES 38.35,5984900,63,48,602.5,-1.29%
5/30/2019,KCB Group Ltd Ord 1.00,KES 39.65,3072900,-366,620,0.38%,
5/30/2019,Absa Bank Kenya Plc Ord 0.50,KES 10.30,2279300,-57,360,0.49%,
5/30/2019,The Co-operative Bank of Kenya Ltd Ord 1.00,KES 12.10,9398700,-6,773,392.5,-2.81%
5/29/2019,NCBA Bank Ltd Ord 5.00,KES 29.65,114400,0,0.00%,,
5/29/2019,Absa Bank Kenya Plc Ord 0.50,KES 10.25,621400,-59,42.5,-0.49%,
5/29/2019,The Co-operative Bank of Kenya Ltd Ord 1.00,KES 12.45,6196600,0,8.26%,,
5/29/2019,KCB Group Ltd Ord 1.00,KES 39.50,2776100,19,711,500,-1.25%
5/29/2019,Equity Group Holdings Ltd Ord 0.50,KES 38.85,1000,0,-0.89%,,
5/28/2019,The Co-operative Bank of Kenya Ltd Ord 1.00,KES 11.50,1336100,-5,45,590,0.44%
5/28/2019,Absa Bank Kenya Plc Ord 0.50,KES 10.30,310800,0,-0.96%,,
5/28/2019,Equity Group Holdings Ltd Ord 0.50,KES 39.20,4003500,1,329,832.5,0.64%
5/28/2019,NCBA Bank Ltd Ord 5.00,KES 29.65,409100,0,0.17%,,
5/28/2019,KCB Group Ltd Ord 1.00,KES 40.00,8270300,66,325,655,-0.87%
5/27/2019,Equity Group Holdings Ltd Ord 0.50,KES 38.95,1189400,-45,327.5,-,
5/27/2019,KCB Group Ltd Ord 1.00,KES 40.35,51200,33,617.5,-,
5/27/2019,Absa Bank Kenya Plc Ord 0.50,KES 10.40,56800,-24,675,-,
5/27/2019,NCBA Bank Ltd Ord 5.00,KES 29.60,38300,0,-,,
5/27/2019,The Co-operative Bank of Kenya Ltd Ord 1.00,KES 11.45,633300,-1,736,982.5,-
5/26/2019,KCB Group Ltd Ord 1.00,-,51200,33,618,-,
5/26/2019,NCBA Bank Ltd Ord 5.00,-,38300,-,-,,
5/26/2019,The Co-operative Bank of Kenya Ltd Ord 1.00,-,633300,-,-,,
5/26/2019,Equity Group Holdings Ltd Ord 0.50,-,1189400,-,-,,
5/26/2019,Absa Bank Kenya Plc Ord 0.50,-,56800,-,-,,
5/24/2019,KCB Group Ltd Ord 1.00,KES 40.45,542000,-4,250,740,2.80%
5/24/2019,The Co-operative Bank of Kenya Ltd Ord 1.00,KES 11.40,2399300,-4,780,290,0.00%
5/24/2019,Absa Bank Kenya Plc Ord 0.50,KES 10.40,135700,89,95,0.00%,
5/24/2019,NCBA Bank Ltd Ord 5.00,KES 29.70,13600,0,0.00%,,
5/24/2019,Equity Group Holdings Ltd Ord 0.50,KES 37.30,1487400,-21,972,132.5,1.08%
5/23/2019,Equity Group Holdings Ltd Ord 0.50,KES 36.90,516000,-2,366,150,0.00%
5/23/2019,NCBA Bank Ltd Ord 5.00,KES 29.70,32400,0,-0.50%,,
5/23/2019,KCB Group Ltd Ord 1.00,KES 39.35,1493900,25,645,215,1.03%
5/23/2019,The Co-operative Bank of Kenya Ltd Ord 1.00,KES 11.40,523600,-63,812.5,-0.44%,
5/23/2019,Absa Bank Kenya Plc Ord 0.50,KES 10.40,129200,104,0,0.48%,
5/22/2019,NCBA Bank Ltd Ord 5.00,KES 29.85,19700,0,0.51%,,
5/22/2019,Equity Group Holdings Ltd Ord 0.50,KES 36.90,3225100,-10,809,960,-1.20%
5/22/2019,Absa Bank Kenya Plc Ord 0.50,KES 10.35,538000,-357,0,0.49%,
5/22/2019,The Co-operative Bank of Kenya Ltd Ord 1.00,KES 11.45,5913600,-7,278,470,-0.87%
5/22/2019,KCB Group Ltd Ord 1.00,KES 38.95,698200,578,507.5,-0.13%,
5/21/2019,NCBA Bank Ltd Ord 5.00,KES 29.70,75600,0,-2.46%,,
5/21/2019,Absa Bank Kenya Plc Ord 0.50,KES 10.30,89500,0,-1.44%,,
5/21/2019,KCB Group Ltd Ord 1.00,KES 39.00,527100,1,167,202.5,0.13%
5/21/2019,Equity Group Holdings Ltd Ord 0.50,KES 37.35,666800,4,907,327.5,-0.13%
5/21/2019,The Co-operative Bank of Kenya Ltd Ord 1.00,KES 11.55,309600,-1,297,657.5,0.43%
5/20/2019,Absa Bank Kenya Plc Ord 0.50,KES 10.45,2672700,-1,512,525,-
5/20/2019,Equity Group Holdings Ltd Ord 0.50,KES 37.40,2297800,-8,15,280,-
5/20/2019,NCBA Bank Ltd Ord 5.00,KES 30.45,77700,0,-,,
5/20/2019,The Co-operative Bank of Kenya Ltd Ord 1.00,KES 11.50,322900,0,-,,
5/20/2019,KCB Group Ltd Ord 1.00,KES 38.95,4505700,-6,853,60,-
5/19/2019,The Co-operative Bank of Kenya Ltd Ord 1.00,-,322900,-,-,,
5/19/2019,KCB Group Ltd Ord 1.00,-,4505700,-,-,,
5/19/2019,Absa Bank Kenya Plc Ord 0.50,-,2672700,-,-,,
5/19/2019,Equity Group Holdings Ltd Ord 0.50,-,2297800,-,-,,
5/19/2019,NCBA Bank Ltd Ord 5.00,-,77700,-,-,,
5/17/2019,The Co-operative Bank of Kenya Ltd Ord 1.00,KES 11.65,993000,-979,165,0.00%,
5/17/2019,KCB Group Ltd Ord 1.00,KES 38.60,2927000,-4,517,615,5.75%
5/17/2019,NCBA Bank Ltd Ord 5.00,KES 31.15,68800,0,0.32%,,
5/17/2019,Equity Group Holdings Ltd Ord 0.50,KES 37.35,1786900,-16,418,247.5,1.77%
5/17/2019,Absa Bank Kenya Plc Ord 0.50,KES 10.15,350100,0,-2.87%,,
5/16/2019,NCBA Bank Ltd Ord 5.00,KES 31.05,3100,0,-1.74%,,
5/16/2019,Absa Bank Kenya Plc Ord 0.50,KES 10.45,109200,0,-0.48%,,
5/16/2019,KCB Group Ltd Ord 1.00,KES 36.50,1262500,-8,530,627.5,0.55%
5/16/2019,The Co-operative Bank of Kenya Ltd Ord 1.00,KES 11.65,379900,0,-2.10%,,
5/16/2019,Equity Group Holdings Ltd Ord 0.50,KES 36.70,2945300,-3,462,25,0.82%
5/15/2019,NCBA Bank Ltd Ord 5.00,KES 31.60,119000,0,0.00%,,
5/15/2019,Absa Bank Kenya Plc Ord 0.50,KES 10.50,313900,0,-0.47%,,
5/15/2019,KCB Group Ltd Ord 1.00,KES 36.30,1735200,-28,675,250,-0.41%
5/15/2019,Equity Group Holdings Ltd Ord 0.50,KES 36.40,13440800,52,335,167.5,-0.27%
5/15/2019,The Co-operative Bank of Kenya Ltd Ord 1.00,KES 11.90,64700,0,-0.83%,,
5/14/2019,Absa Bank Kenya Plc Ord 0.50,KES 10.55,6728100,0,-0.94%,,
5/14/2019,KCB Group Ltd Ord 1.00,KES 36.45,697900,0,-0.68%,,
5/14/2019,Equity Group Holdings Ltd Ord 0.50,KES 36.50,7925300,0,0.41%,,
5/14/2019,NCBA Bank Ltd Ord 5.00,KES 31.60,338200,0,8.59%,,
5/14/2019,The Co-operative Bank of Kenya Ltd Ord 1.00,KES 12.00,549600,0,-2.04%,,
5/13/2019,Equity Group Holdings Ltd Ord 0.50,KES 36.35,2231500,-4,371,575,-
5/13/2019,NCBA Bank Ltd Ord 5.00,KES 29.10,37600,0,-,,
5/13/2019,KCB Group Ltd Ord 1.00,KES 36.70,800100,-768,222.5,-,
5/13/2019,Absa Bank Kenya Plc Ord 0.50,KES 10.65,51100,107,0,-,
5/13/2019,The Co-operative Bank of Kenya Ltd Ord 1.00,KES 12.25,203300,-589,607.5,-,
5/12/2019,Absa Bank Kenya Plc Ord 0.50,-,51100,107,0,-,
5/12/2019,The Co-operative Bank of Kenya Ltd Ord 1.00,-,203300,-,-,,
5/12/2019,KCB Group Ltd Ord 1.00,-,800100,-,-,,
5/12/2019,NCBA Bank Ltd Ord 5.00,-,37600,-,-,,
5/12/2019,Equity Group Holdings Ltd Ord 0.50,-,2231500,-,-,,
5/10/2019,KCB Group Ltd Ord 1.00,KES 38.20,1585000,5,716,310,-4.62%
5/10/2019,NCBA Bank Ltd Ord 5.00,KES 29.00,64700,0,-4.61%,,
5/10/2019,Equity Group Holdings Ltd Ord 0.50,KES 36.05,2793000,-15,636,192.5,-4.38%
5/10/2019,The Co-operative Bank of Kenya Ltd Ord 1.00,KES 12.00,89100,-10,667.5,-2.04%,
5/10/2019,Absa Bank Kenya Plc Ord 0.50,KES 10.65,202300,127,330,0.00%,
5/9/2019,The Co-operative Bank of Kenya Ltd Ord 1.00,KES 12.25,1056800,-5,418,77.5,-2.00%
5/9/2019,Equity Group Holdings Ltd Ord 0.50,KES 37.70,161500,-1,687,442.5,-3.70%
5/9/2019,KCB Group Ltd Ord 1.00,KES 40.05,607600,84,562.5,-1.11%,
5/9/2019,Absa Bank Kenya Plc Ord 0.50,KES 10.65,934400,979,560,0.00%,
5/9/2019,NCBA Bank Ltd Ord 5.00,KES 30.40,142800,0,-1.78%,,
5/8/2019,The Co-operative Bank of Kenya Ltd Ord 1.00,KES 12.50,1960400,-1,3,752.5,-0.40%
5/8/2019,Equity Group Holdings Ltd Ord 0.50,KES 39.15,1335200,-901,77.5,-2.13%,
5/8/2019,KCB Group Ltd Ord 1.00,KES 40.50,479500,-4,708,175,-1.58%
5/8/2019,Absa Bank Kenya Plc Ord 0.50,KES 10.65,589700,913,245,-0.93%,
5/8/2019,NCBA Bank Ltd Ord 5.00,KES 30.95,205500,0,-3.43%,,
5/7/2019,The Co-operative Bank of Kenya Ltd Ord 1.00,KES 12.55,1319500,-2,513,637.5,0.00%
5/7/2019,Equity Group Holdings Ltd Ord 0.50,KES 40.00,6326900,-4,71,450,-3.96%
5/7/2019,KCB Group Ltd Ord 1.00,KES 41.15,2186600,-9,107,990,-0.60%
5/7/2019,Absa Bank Kenya Plc Ord 0.50,KES 10.75,127900,323,10,0.47%,
5/7/2019,NCBA Bank Ltd Ord 5.00,KES 32.05,196800,0,-1.69%,,
5/6/2019,Equity Group Holdings Ltd Ord 0.50,KES 41.65,1994000,404,325,-,
5/6/2019,Absa Bank Kenya Plc Ord 0.50,KES 10.70,120500,0,-,,
5/6/2019,NCBA Bank Ltd Ord 5.00,KES 32.60,57400,0,-,,
5/6/2019,The Co-operative Bank of Kenya Ltd Ord 1.00,KES 12.55,392600,-2,22,772.5,-
5/6/2019,KCB Group Ltd Ord 1.00,KES 41.40,1285000,210,360,-,
5/5/2019,Equity Group Holdings Ltd Ord 0.50,-,1994000,404,325,-,
5/5/2019,KCB Group Ltd Ord 1.00,-,1285000,210,360,-,
5/5/2019,NCBA Bank Ltd Ord 5.00,-,57400,-,-,,
5/5/2019,The Co-operative Bank of Kenya Ltd Ord 1.00,-,392600,-,-,,
5/5/2019,Absa Bank Kenya Plc Ord 0.50,-,120500,-,-,,
5/3/2019,NCBA Bank Ltd Ord 5.00,KES 33.00,55700,0,-1.20%,,
5/3/2019,KCB Group Ltd Ord 1.00,KES 41.35,1185800,13,383,265,0.12%
5/3/2019,Equity Group Holdings Ltd Ord 0.50,KES 41.35,5984600,61,588,540,0.49%
5/3/2019,The Co-operative Bank of Kenya Ltd Ord 1.00,KES 12.60,1962500,-4,510,170,0.40%
5/3/2019,Absa Bank Kenya Plc Ord 0.50,KES 10.70,298200,0,1.42%,,
5/2/2019,The Co-operative Bank of Kenya Ltd Ord 1.00,KES 12.55,1962500,0,0.00%,,
5/2/2019,Equity Group Holdings Ltd Ord 0.50,KES 41.15,5984600,546,955,-,
5/2/2019,NCBA Bank Ltd Ord 5.00,KES 33.40,55700,0,2.14%,,
5/2/2019,KCB Group Ltd Ord 1.00,KES 41.30,1185800,-10,575,2.5,0.00%
5/2/2019,Absa Bank Kenya Plc Ord 0.50,KES 10.55,298200,0,0.00%,,
5/1/2019,Equity Group Holdings Ltd Ord 0.50,-,-,546,955,-,
4/30/2019,Equity Group Holdings Ltd Ord 0.50,KES 41.95,7801500,-27,703,220,-
4/30/2019,The Co-operative Bank of Kenya Ltd Ord 1.00,KES 12.55,2471500,-9,333,697.5,-
4/30/2019,KCB Group Ltd Ord 1.00,KES 41.30,3479800,6,53,492.5,-
4/30/2019,NCBA Bank Ltd Ord 5.00,KES 32.70,65400,0,-,,
4/30/2019,Absa Bank Kenya Plc Ord 0.50,KES 10.55,1863100,0,-,,
4/29/2019,The Co-operative Bank of Kenya Ltd Ord 1.00,-,1348300,-7,391,435,-
4/29/2019,KCB Group Ltd Ord 1.00,-,3899700,27,350,897.5,-
4/29/2019,Equity Group Holdings Ltd Ord 0.50,-,1031800,-314,127.5,-,
4/29/2019,Absa Bank Kenya Plc Ord 0.50,-,340600,0,-,,
4/29/2019,NCBA Bank Ltd Ord 5.00,-,102200,159,500,-,
4/28/2019,NCBA Bank Ltd Ord 5.00,-,102200,159,500,-,
4/28/2019,KCB Group Ltd Ord 1.00,-,3899700,27,350,898,-
4/28/2019,Equity Group Holdings Ltd Ord 0.50,-,1031800,-,-,,
4/28/2019,Absa Bank Kenya Plc Ord 0.50,-,340600,-,-,,
4/28/2019,The Co-operative Bank of Kenya Ltd Ord 1.00,-,1348300,-,-,,
4/26/2019,Absa Bank Kenya Plc Ord 0.50,-,366600,0,-,,
4/26/2019,NCBA Bank Ltd Ord 5.00,-,221500,0,-,,
4/26/2019,The Co-operative Bank of Kenya Ltd Ord 1.00,-,508000,-3,53,477.5,-
4/26/2019,KCB Group Ltd Ord 1.00,-,1700100,13,13,420,-
4/26/2019,Equity Group Holdings Ltd Ord 0.50,-,2246100,9,870,645,-
4/25/2019,NCBA Bank Ltd Ord 5.00,KES 31.50,268100,0,-1.10%,,
4/25/2019,Absa Bank Kenya Plc Ord 0.50,KES 12.00,225600,0,0.84%,,
4/25/2019,Equity Group Holdings Ltd Ord 0.50,KES 40.90,4133600,60,397,225,2.89%
4/25/2019,The Co-operative Bank of Kenya Ltd Ord 1.00,KES 12.60,1480700,-3,704,57.5,-7.01%
4/25/2019,KCB Group Ltd Ord 1.00,KES 42.40,2010700,26,573,310,-5.78%
4/24/2019,KCB Group Ltd Ord 1.00,KES 45.00,747700,12,740,102.5,-0.44%
4/24/2019,Equity Group Holdings Ltd Ord 0.50,KES 39.75,2097800,24,141,717.5,-4.22%
4/24/2019,NCBA Bank Ltd Ord 5.00,KES 31.85,75600,0,1.76%,,
4/24/2019,Absa Bank Kenya Plc Ord 0.50,KES 11.90,2077200,-11,400,0,-0.42%
4/24/2019,The Co-operative Bank of Kenya Ltd Ord 1.00,KES 13.55,1512300,-7,934,32.5,0.00%
4/23/2019,NCBA Bank Ltd Ord 5.00,KES 31.30,57700,0,-,,
4/23/2019,Equity Group Holdings Ltd Ord 0.50,KES 41.50,1028900,2,147,375,-
4/23/2019,The Co-operative Bank of Kenya Ltd Ord 1.00,KES 13.55,432600,-1,11,622.5,-
4/23/2019,KCB Group Ltd Ord 1.00,KES 45.20,6993500,-14,344,325,-
4/23/2019,Absa Bank Kenya Plc Ord 0.50,KES 11.95,200800,0,-,,
4/22/2019,Equity Group Holdings Ltd Ord 0.50,-,1028900,2,147,375,-
4/22/2019,NCBA Bank Ltd Ord 5.00,-,57700,-,-,,
4/22/2019,The Co-operative Bank of Kenya Ltd Ord 1.00,-,432600,-,-,,
4/22/2019,Absa Bank Kenya Plc Ord 0.50,-,200800,-,-,,
4/22/2019,KCB Group Ltd Ord 1.00,-,6993500,-,-,,
4/18/2019,KCB Group Ltd Ord 1.00,KES 45.00,4061800,-1,462,500,0.22%
4/18/2019,Equity Group Holdings Ltd Ord 0.50,KES 41.50,1199500,-1,647,800,-0.95%
4/18/2019,Absa Bank Kenya Plc Ord 0.50,KES 11.90,408500,519,0,-0.83%,
4/18/2019,The Co-operative Bank of Kenya Ltd Ord 1.00,KES 13.60,523300,-2,577,970,0.00%
4/18/2019,NCBA Bank Ltd Ord 5.00,KES 32.95,147500,0,-3.23%,,
4/17/2019,KCB Group Ltd Ord 1.00,KES 44.90,687200,-10,433,250,-0.11%
4/17/2019,NCBA Bank Ltd Ord 5.00,KES 34.05,91400,92,0,-0.15%,
4/17/2019,The Co-operative Bank of Kenya Ltd Ord 1.00,KES 13.60,196500,-445,290,-2.51%,
4/17/2019,Absa Bank Kenya Plc Ord 0.50,KES 12.00,153700,211,800,0.84%,
4/17/2019,Equity Group Holdings Ltd Ord 0.50,KES 41.90,27800,353,842.5,0.00%,
4/16/2019,KCB Group Ltd Ord 1.00,KES 44.95,678400,13,832,57.5,-0.11%
4/16/2019,The Co-operative Bank of Kenya Ltd Ord 1.00,KES 13.95,475400,-2,899,675,-1.41%
4/16/2019,Equity Group Holdings Ltd Ord 0.50,KES 41.90,383200,-3,495,752.5,0.00%
4/16/2019,NCBA Bank Ltd Ord 5.00,KES 34.10,70300,0,-7.34%,,
4/16/2019,Absa Bank Kenya Plc Ord 0.50,KES 11.90,374100,628,800,-0.42%,
4/15/2019,KCB Group Ltd Ord 1.00,KES 45.00,661300,775,905,-,
4/15/2019,NCBA Bank Ltd Ord 5.00,KES 36.80,49500,0,-,,
4/15/2019,Equity Group Holdings Ltd Ord 0.50,KES 41.90,2363700,23,932,160,-
4/15/2019,The Co-operative Bank of Kenya Ltd Ord 1.00,KES 14.15,370800,-1,863,955,-
4/15/2019,Absa Bank Kenya Plc Ord 0.50,KES 11.95,116900,0,-,,
4/14/2019,KCB Group Ltd Ord 1.00,-,661300,775,905,-,
4/14/2019,Equity Group Holdings Ltd Ord 0.50,-,2363700,23,932,160,-
4/14/2019,Absa Bank Kenya Plc Ord 0.50,-,116900,-,-,,
4/14/2019,NCBA Bank Ltd Ord 5.00,-,49500,-,-,,
4/14/2019,The Co-operative Bank of Kenya Ltd Ord 1.00,-,370800,-,-,,
4/12/2019,The Co-operative Bank of Kenya Ltd Ord 1.00,KES 14.40,289500,-1,193,775,-0.69%
4/12/2019,NCBA Bank Ltd Ord 5.00,KES 36.80,46500,0,0.82%,,
4/12/2019,KCB Group Ltd Ord 1.00,KES 44.95,152900,-15,715,0.11%,
4/12/2019,Absa Bank Kenya Plc Ord 0.50,KES 12.00,113900,0,0.00%,,
4/12/2019,Equity Group Holdings Ltd Ord 0.50,KES 42.05,421400,313,635,-0.71%,
4/11/2019,The Co-operative Bank of Kenya Ltd Ord 1.00,KES 14.50,151000,-539,395,-1.36%,
4/11/2019,NCBA Bank Ltd Ord 5.00,KES 36.50,78200,0,0.00%,,
4/11/2019,KCB Group Ltd Ord 1.00,KES 44.90,373300,-2,309,627.5,0.11%
4/11/2019,Absa Bank Kenya Plc Ord 0.50,KES 12.00,464900,-513,320,0.00%,
4/11/2019,Equity Group Holdings Ltd Ord 0.50,KES 42.35,742900,701,670,-0.70%,
4/10/2019,KCB Group Ltd Ord 1.00,KES 44.85,1604500,10,130,127.5,0.11%
4/10/2019,Equity Group Holdings Ltd Ord 0.50,KES 42.65,4731200,-447,42.5,0.47%,
4/10/2019,The Co-operative Bank of Kenya Ltd Ord 1.00,KES 14.70,148800,-674,677.5,0.00%,
4/10/2019,Absa Bank Kenya Plc Ord 0.50,KES 12.00,255900,-539,345,-0.41%,
4/10/2019,NCBA Bank Ltd Ord 5.00,KES 36.50,52300,-283,152.5,0.14%,
4/9/2019,NCBA Bank Ltd Ord 5.00,KES 36.45,75900,0,0.00%,,
4/9/2019,Equity Group Holdings Ltd Ord 0.50,KES 42.45,147600,-281,465,1.19%,
4/9/2019,Absa Bank Kenya Plc Ord 0.50,KES 12.05,98300,0,0.00%,,
4/9/2019,KCB Group Ltd Ord 1.00,KES 44.80,4432800,-17,418,350,0.11%
4/9/2019,The Co-operative Bank of Kenya Ltd Ord 1.00,KES 14.70,450400,-2,319,295,0.00%
4/8/2019,Absa Bank Kenya Plc Ord 0.50,KES 12.05,1183700,6,0,-,
4/8/2019,NCBA Bank Ltd Ord 5.00,KES 36.45,47600,-3,695,-,
4/8/2019,KCB Group Ltd Ord 1.00,KES 44.75,116200,286,720,-,
4/8/2019,Equity Group Holdings Ltd Ord 0.50,KES 41.95,152600,-2,686,787.5,-
4/8/2019,The Co-operative Bank of Kenya Ltd Ord 1.00,KES 14.70,291300,-183,885,-,
4/7/2019,KCB Group Ltd Ord 1.00,-,116200,286,720,-,
4/7/2019,Absa Bank Kenya Plc Ord 0.50,-,1183700,6,0,-,
4/7/2019,Equity Group Holdings Ltd Ord 0.50,-,152600,-,-,,
4/7/2019,The Co-operative Bank of Kenya Ltd Ord 1.00,-,291300,-,-,,
4/7/2019,NCBA Bank Ltd Ord 5.00,-,47600,-,-,,
4/5/2019,KCB Group Ltd Ord 1.00,KES 44.85,263600,1,12,480,0.22%
4/5/2019,The Co-operative Bank of Kenya Ltd Ord 1.00,KES 14.60,52400,72,507.5,-0.34%,
4/5/2019,Equity Group Holdings Ltd Ord 0.50,KES 42.00,3757800,9,521,660,0.24%
4/5/2019,NCBA Bank Ltd Ord 5.00,KES 36.30,25500,-252,202.5,0.28%,
4/5/2019,Absa Bank Kenya Plc Ord 0.50,KES 12.10,145200,0,0.83%,,
4/4/2019,Equity Group Holdings Ltd Ord 0.50,KES 41.90,638000,6,868,32.5,-1.53%
4/4/2019,KCB Group Ltd Ord 1.00,KES 44.75,132400,0,0.00%,,
4/4/2019,Absa Bank Kenya Plc Ord 0.50,KES 12.00,739000,197,540,0.00%,
4/4/2019,The Co-operative Bank of Kenya Ltd Ord 1.00,KES 14.65,47100,0,-1.68%,,
4/4/2019,NCBA Bank Ltd Ord 5.00,KES 36.20,36900,-472,0,-0.41%,
4/3/2019,The Co-operative Bank of Kenya Ltd Ord 1.00,KES 14.90,458700,-2,969,350,-0.33%
4/3/2019,KCB Group Ltd Ord 1.00,KES 44.75,1142900,-9,215,932.5,-0.11%
4/3/2019,Absa Bank Kenya Plc Ord 0.50,KES 12.00,286200,0,0.42%,,
4/3/2019,Equity Group Holdings Ltd Ord 0.50,KES 42.55,3341800,5,807,287.5,-1.62%
4/3/2019,NCBA Bank Ltd Ord 5.00,KES 36.35,83400,-1,275,375,0.28%
4/2/2019,Absa Bank Kenya Plc Ord 0.50,KES 11.95,688600,-517,55,0.42%,
4/2/2019,KCB Group Ltd Ord 1.00,KES 44.80,4626100,-4,53,172.5,0.00%
4/2/2019,Equity Group Holdings Ltd Ord 0.50,KES 43.25,12466700,3,809,927.5,-0.12%
4/2/2019,NCBA Bank Ltd Ord 5.00,KES 36.25,18200,-109,500,0.55%,
4/2/2019,The Co-operative Bank of Kenya Ltd Ord 1.00,KES 14.95,273000,0,0.00%,,
4/1/2019,NCBA Bank Ltd Ord 5.00,KES 36.05,23900,0,-,,
4/1/2019,KCB Group Ltd Ord 1.00,KES 44.80,696000,-119,410,-,
4/1/2019,The Co-operative Bank of Kenya Ltd Ord 1.00,KES 14.95,38900,0,-,,
4/1/2019,Absa Bank Kenya Plc Ord 0.50,KES 11.90,52400,0,-,,
4/1/2019,Equity Group Holdings Ltd Ord 0.50,KES 43.30,1835400,18,461,412.5,-
3/31/2019,Equity Group Holdings Ltd Ord 0.50,-,1835400,18,461,413,-
3/31/2019,KCB Group Ltd Ord 1.00,-,696000,-,-,,
3/31/2019,The Co-operative Bank of Kenya Ltd Ord 1.00,-,38900,-,-,,
3/31/2019,NCBA Bank Ltd Ord 5.00,-,23900,-,-,,
3/31/2019,Absa Bank Kenya Plc Ord 0.50,-,52400,-,-,,
3/29/2019,KCB Group Ltd Ord 1.00,KES 44.90,3347700,10,970,632.5,1.13%
3/29/2019,The Co-operative Bank of Kenya Ltd Ord 1.00,KES 15.00,355600,0,0.00%,,
3/29/2019,NCBA Bank Ltd Ord 5.00,KES 36.35,334100,0,-0.27%,,
3/29/2019,Equity Group Holdings Ltd Ord 0.50,KES 43.45,5157800,70,476,887.5,1.05%
3/29/2019,Absa Bank Kenya Plc Ord 0.50,KES 11.85,158100,-11,900,-0.42%,
3/28/2019,Equity Group Holdings Ltd Ord 0.50,KES 43.00,7786000,105,85,430,0.00%
3/28/2019,The Co-operative Bank of Kenya Ltd Ord 1.00,KES 15.00,334500,0,0.33%,,
3/28/2019,Absa Bank Kenya Plc Ord 0.50,KES 11.90,234100,-7,140,0.85%,
3/28/2019,NCBA Bank Ltd Ord 5.00,KES 36.45,165300,54,750,-0.68%,
3/28/2019,KCB Group Ltd Ord 1.00,KES 44.40,419900,6,532,95,0.57%
3/27/2019,Equity Group Holdings Ltd Ord 0.50,KES 43.00,3198900,9,739,747.5,3.37%
3/27/2019,KCB Group Ltd Ord 1.00,KES 44.15,1249400,2,207,22.5,0.23%
3/27/2019,NCBA Bank Ltd Ord 5.00,KES 36.70,100700,0,0.96%,,
3/27/2019,The Co-operative Bank of Kenya Ltd Ord 1.00,KES 14.95,350600,-1,415,80,0.00%
3/27/2019,Absa Bank Kenya Plc Ord 0.50,KES 11.80,403800,0,0.00%,,
3/26/2019,Equity Group Holdings Ltd Ord 0.50,KES 41.60,661000,84,930,3.23%,
3/26/2019,The Co-operative Bank of Kenya Ltd Ord 1.00,KES 14.95,271900,0,0.00%,,
3/26/2019,Absa Bank Kenya Plc Ord 0.50,KES 11.80,429000,-4,760,0.43%,
3/26/2019,KCB Group Ltd Ord 1.00,KES 44.05,746400,7,805,177.5,0.34%
3/26/2019,NCBA Bank Ltd Ord 5.00,KES 36.35,21400,0,0.14%,,
3/25/2019,NCBA Bank Ltd Ord 5.00,KES 36.30,412000,0,-,,
3/25/2019,The Co-operative Bank of Kenya Ltd Ord 1.00,KES 14.95,2240100,-42,885,-,
3/25/2019,Absa Bank Kenya Plc Ord 0.50,KES 11.75,133500,0,-,,
3/25/2019,Equity Group Holdings Ltd Ord 0.50,KES 40.30,1653000,485,987.5,-,
3/25/2019,KCB Group Ltd Ord 1.00,KES 43.90,1451100,1,829,280,-
3/24/2019,Equity Group Holdings Ltd Ord 0.50,-,1653000,485,988,-,
3/24/2019,KCB Group Ltd Ord 1.00,-,1451100,1,829,280,-
3/24/2019,NCBA Bank Ltd Ord 5.00,-,412000,-,-,,
3/24/2019,The Co-operative Bank of Kenya Ltd Ord 1.00,-,2240100,-,-,,
3/24/2019,Absa Bank Kenya Plc Ord 0.50,-,133500,-,-,,
3/22/2019,Absa Bank Kenya Plc Ord 0.50,KES 11.85,3919000,-16,793,400,0.00%
3/22/2019,KCB Group Ltd Ord 1.00,KES 44.25,1083500,14,26,0,-0.23%
3/22/2019,NCBA Bank Ltd Ord 5.00,KES 36.50,50800,0,-0.41%,,
3/22/2019,Equity Group Holdings Ltd Ord 0.50,KES 40.45,3425800,-2,720,135,-4.49%
3/22/2019,The Co-operative Bank of Kenya Ltd Ord 1.00,KES 15.00,1209800,-989,137.5,-1.32%,
3/21/2019,NCBA Bank Ltd Ord 5.00,KES 36.65,1490300,185,750,-0.14%,
3/21/2019,Absa Bank Kenya Plc Ord 0.50,KES 11.85,105400,328,625,0.00%,
3/21/2019,The Co-operative Bank of Kenya Ltd Ord 1.00,KES 15.20,285800,-717,135,-0.98%,
3/21/2019,Equity Group Holdings Ltd Ord 0.50,KES 42.35,365100,-1,275,522.5,-1.40%
3/21/2019,KCB Group Ltd Ord 1.00,KES 44.35,1035600,-9,817,205,-0.11%
3/20/2019,The Co-operative Bank of Kenya Ltd Ord 1.00,KES 15.35,1132500,750,0,-1.29%,
3/20/2019,NCBA Bank Ltd Ord 5.00,KES 36.70,1068900,0,-0.81%,,
3/20/2019,Equity Group Holdings Ltd Ord 0.50,KES 42.95,1528600,25,791,705,-1.26%
3/20/2019,KCB Group Ltd Ord 1.00,KES 44.40,1706400,-6,764,637.5,-0.67%
3/20/2019,Absa Bank Kenya Plc Ord 0.50,KES 11.85,638800,0,-0.84%,,
3/19/2019,KCB Group Ltd Ord 1.00,KES 44.70,2495200,2,249,692.5,-0.11%
3/19/2019,Absa Bank Kenya Plc Ord 0.50,KES 11.95,2120600,14,937.5,0.42%,
3/19/2019,The Co-operative Bank of Kenya Ltd Ord 1.00,KES 15.55,609900,1,503,222.5,0.00%
3/19/2019,NCBA Bank Ltd Ord 5.00,KES 37.00,22100,0,-0.27%,,
3/19/2019,Equity Group Holdings Ltd Ord 0.50,KES 43.50,2387700,7,95,217.5,-0.80%
3/18/2019,NCBA Bank Ltd Ord 5.00,KES 37.10,119000,0,-,,
3/18/2019,Equity Group Holdings Ltd Ord 0.50,KES 43.85,4614300,6,189,950,-
3/18/2019,The Co-operative Bank of Kenya Ltd Ord 1.00,KES 15.55,317800,0,-,,
3/18/2019,KCB Group Ltd Ord 1.00,KES 44.75,6549700,13,522,765,-
3/18/2019,Absa Bank Kenya Plc Ord 0.50,KES 11.90,371700,-30,472.5,-,
3/17/2019,KCB Group Ltd Ord 1.00,-,6549700,13,522,765,-
3/17/2019,Equity Group Holdings Ltd Ord 0.50,-,4614300,6,189,950,-
3/17/2019,Absa Bank Kenya Plc Ord 0.50,-,371700,-,-,,
3/17/2019,NCBA Bank Ltd Ord 5.00,-,119000,-,-,,
3/17/2019,The Co-operative Bank of Kenya Ltd Ord 1.00,-,317800,-,-,,
3/15/2019,KCB Group Ltd Ord 1.00,KES 44.80,9444400,48,60,517.5,0.11%
3/15/2019,NCBA Bank Ltd Ord 5.00,KES 37.15,53600,0,-2.49%,,
3/15/2019,The Co-operative Bank of Kenya Ltd Ord 1.00,KES 15.05,328100,0,1.01%,,
3/15/2019,Absa Bank Kenya Plc Ord 0.50,KES 11.90,383000,0,0.00%,,
3/15/2019,Equity Group Holdings Ltd Ord 0.50,KES 43.05,14709600,52,813,450,0.00%
3/14/2019,Absa Bank Kenya Plc Ord 0.50,KES 11.90,3803900,0,0.00%,,
3/14/2019,KCB Group Ltd Ord 1.00,KES 44.75,446100,0,-0.44%,,
3/14/2019,NCBA Bank Ltd Ord 5.00,KES 38.10,36100,0,-0.39%,,
3/14/2019,Equity Group Holdings Ltd Ord 0.50,KES 43.05,1231000,0,0.12%,,
3/14/2019,The Co-operative Bank of Kenya Ltd Ord 1.00,KES 14.90,106000,0,-0.67%,,
3/13/2019,NCBA Bank Ltd Ord 5.00,KES 38.25,42900,0,3.24%,,
3/13/2019,Absa Bank Kenya Plc Ord 0.50,KES 11.90,182300,58,990,0.42%,
3/13/2019,KCB Group Ltd Ord 1.00,KES 44.95,293900,119,675,1.47%,
3/13/2019,The Co-operative Bank of Kenya Ltd Ord 1.00,KES 15.00,2267500,0,0.33%,,
3/13/2019,Equity Group Holdings Ltd Ord 0.50,KES 43.00,1572500,26,901,25,0.00%
3/12/2019,The Co-operative Bank of Kenya Ltd Ord 1.00,KES 14.95,212500,990,387.5,3.46%,
3/12/2019,Absa Bank Kenya Plc Ord 0.50,KES 11.85,164700,29,500,0.00%,
3/12/2019,Equity Group Holdings Ltd Ord 0.50,KES 43.00,1136400,4,574,245,2.50%
3/12/2019,NCBA Bank Ltd Ord 5.00,KES 37.05,72800,0,2.49%,,
3/12/2019,KCB Group Ltd Ord 1.00,KES 44.30,517800,1,454,492.5,2.31%
3/11/2019,Equity Group Holdings Ltd Ord 0.50,KES 41.95,146000,250,787.5,-,
3/11/2019,NCBA Bank Ltd Ord 5.00,KES 36.15,17300,12,792.5,-,
3/11/2019,Absa Bank Kenya Plc Ord 0.50,KES 11.85,186600,17,850,-,
3/11/2019,The Co-operative Bank of Kenya Ltd Ord 1.00,KES 14.45,218800,0,-,,
3/11/2019,KCB Group Ltd Ord 1.00,KES 43.30,798000,-9,183,327.5,-
3/10/2019,Absa Bank Kenya Plc Ord 0.50,-,186600,17,850,-,
3/10/2019,Equity Group Holdings Ltd Ord 0.50,-,146000,250,788,-,
3/10/2019,NCBA Bank Ltd Ord 5.00,-,17300,12,793,-,
3/10/2019,The Co-operative Bank of Kenya Ltd Ord 1.00,-,218800,-,-,,
3/10/2019,KCB Group Ltd Ord 1.00,-,798000,-,-,,
3/8/2019,KCB Group Ltd Ord 1.00,KES 43.50,-,-2,390,262.5,-0.34%
3/8/2019,Equity Group Holdings Ltd Ord 0.50,KES 42.00,-,-10,349,205,1.08%
3/8/2019,Absa Bank Kenya Plc Ord 0.50,KES 11.80,-,-5,940,242.5,0.00%
3/8/2019,The Co-operative Bank of Kenya Ltd Ord 1.00,KES 14.30,-,-45,725,-1.04%,
3/8/2019,NCBA Bank Ltd Ord 5.00,KES 36.00,-,0,-0.41%,,
3/7/2019,Absa Bank Kenya Plc Ord 0.50,KES 11.80,1067900,-5,940,242.5,0.85%
3/7/2019,Equity Group Holdings Ltd Ord 0.50,KES 41.55,1337600,-10,349,205,1.22%
3/7/2019,NCBA Bank Ltd Ord 5.00,KES 36.15,66100,0,-0.82%,,
3/7/2019,KCB Group Ltd Ord 1.00,KES 43.65,438300,-2,390,262.5,-0.57%
3/7/2019,The Co-operative Bank of Kenya Ltd Ord 1.00,KES 14.45,586800,-45,725,0.00%,
3/6/2019,KCB Group Ltd Ord 1.00,KES 43.90,833600,92,557.5,-,
3/6/2019,Equity Group Holdings Ltd Ord 0.50,KES 41.05,368500,-1,458,445,-
3/6/2019,Absa Bank Kenya Plc Ord 0.50,KES 11.70,5044100,-4,406,250,-
3/6/2019,The Co-operative Bank of Kenya Ltd Ord 1.00,KES 14.45,70800,-44,987.5,-,
3/6/2019,NCBA Bank Ltd Ord 5.00,KES 36.45,48300,-74,825,-,
3/5/2019,The Co-operative Bank of Kenya Ltd Ord 1.00,-,481500,2,136,195,-
3/5/2019,NCBA Bank Ltd Ord 5.00,-,237000,0,-,,
3/5/2019,Absa Bank Kenya Plc Ord 0.50,-,450800,1,389,90,-
3/5/2019,Equity Group Holdings Ltd Ord 0.50,-,1938800,-25,928,440,-
3/5/2019,KCB Group Ltd Ord 1.00,-,1484500,14,454,997.5,-
3/4/2019,Equity Group Holdings Ltd Ord 0.50,KES 41.90,252000,-3,33,730,-
3/4/2019,The Co-operative Bank of Kenya Ltd Ord 1.00,KES 14.55,106100,0,-,,
3/4/2019,KCB Group Ltd Ord 1.00,KES 43.85,78600,0,-,,
3/4/2019,Absa Bank Kenya Plc Ord 0.50,KES 11.75,124100,0,-,,
3/4/2019,NCBA Bank Ltd Ord 5.00,KES 36.35,85200,0,-,,
3/3/2019,Absa Bank Kenya Plc Ord 0.50,-,124100,-,-,,
3/3/2019,Equity Group Holdings Ltd Ord 0.50,-,252000,-,-,,
3/3/2019,NCBA Bank Ltd Ord 5.00,-,85200,-,-,,
3/3/2019,The Co-operative Bank of Kenya Ltd Ord 1.00,-,106100,-,-,,
3/3/2019,KCB Group Ltd Ord 1.00,-,78600,-,-,,
3/1/2019,KCB Group Ltd Ord 1.00,KES 43.05,2313700,-16,897,950,2.01%
3/1/2019,The Co-operative Bank of Kenya Ltd Ord 1.00,KES 14.55,523500,0,-0.34%,,
3/1/2019,NCBA Bank Ltd Ord 5.00,KES 36.70,66100,1,800,1.52%,
3/1/2019,Equity Group Holdings Ltd Ord 0.50,KES 41.10,1758400,-4,848,452.5,1.61%
3/1/2019,Absa Bank Kenya Plc Ord 0.50,KES 11.75,185100,-54,805,3.07%,
2/28/2019,The Co-operative Bank of Kenya Ltd Ord 1.00,KES 14.60,1155900,-510,480,0.69%,
2/28/2019,KCB Group Ltd Ord 1.00,KES 42.20,2777300,-13,964,602.5,1.81%
2/28/2019,NCBA Bank Ltd Ord 5.00,KES 36.15,250000,1,800,0.42%,
2/28/2019,Equity Group Holdings Ltd Ord 0.50,KES 40.45,1936200,-4,143,747.5,-0.37%
2/28/2019,Absa Bank Kenya Plc Ord 0.50,KES 11.40,2000600,9,661,77.5,0.88%
2/27/2019,Absa Bank Kenya Plc Ord 0.50,KES 11.30,123200,0,0.00%,,
2/27/2019,NCBA Bank Ltd Ord 5.00,KES 36.00,97300,0,0.28%,,
2/27/2019,The Co-operative Bank of Kenya Ltd Ord 1.00,KES 14.50,309100,0,0.35%,,
2/27/2019,Equity Group Holdings Ltd Ord 0.50,KES 40.60,393600,-3,72,0,-0.85%
2/27/2019,KCB Group Ltd Ord 1.00,KES 41.45,793500,-6,584,530,-0.48%
2/26/2019,Equity Group Holdings Ltd Ord 0.50,KES 40.95,1318600,5,706,40,-0.49%
2/26/2019,KCB Group Ltd Ord 1.00,KES 41.65,462500,1,808,120,0.00%
2/26/2019,NCBA Bank Ltd Ord 5.00,KES 35.90,62500,0,0.56%,,
2/26/2019,Absa Bank Kenya Plc Ord 0.50,KES 11.30,857300,3,425,100,1.80%
2/26/2019,The Co-operative Bank of Kenya Ltd Ord 1.00,KES 14.45,728500,-78,840,-0.34%,
2/25/2019,The Co-operative Bank of Kenya Ltd Ord 1.00,KES 14.50,398200,0,-,,
2/25/2019,Absa Bank Kenya Plc Ord 0.50,KES 11.10,873000,0,-,,
2/25/2019,Equity Group Holdings Ltd Ord 0.50,KES 41.15,559800,-9,266,510,-
2/25/2019,NCBA Bank Ltd Ord 5.00,KES 35.70,58000,0,-,,
2/25/2019,KCB Group Ltd Ord 1.00,KES 41.65,1262000,6,711,215,-
2/24/2019,KCB Group Ltd Ord 1.00,-,1262000,6,711,215,-
2/24/2019,The Co-operative Bank of Kenya Ltd Ord 1.00,-,398200,-,-,,
2/24/2019,Equity Group Holdings Ltd Ord 0.50,-,559800,-,-,,
2/24/2019,Absa Bank Kenya Plc Ord 0.50,-,873000,-,-,,
2/24/2019,NCBA Bank Ltd Ord 5.00,-,58000,-,-,,
2/22/2019,KCB Group Ltd Ord 1.00,KES 42.05,822200,4,649,957.5,-0.24%
2/22/2019,Equity Group Holdings Ltd Ord 0.50,KES 41.50,479800,-8,506,935,0.48%
2/22/2019,The Co-operative Bank of Kenya Ltd Ord 1.00,KES 14.45,745800,-4,892,630,-1.03%
2/22/2019,NCBA Bank Ltd Ord 5.00,KES 36.25,123300,0,-4.48%,,
2/22/2019,Absa Bank Kenya Plc Ord 0.50,KES 11.35,1057100,-1,129,385,-2.16%
2/21/2019,KCB Group Ltd Ord 1.00,KES 42.15,1729400,31,817,790,0.00%
2/21/2019,Equity Group Holdings Ltd Ord 0.50,KES 41.30,270500,-4,416,300,0.24%
2/21/2019,The Co-operative Bank of Kenya Ltd Ord 1.00,KES 14.60,2058100,52,895,0.34%,
2/21/2019,NCBA Bank Ltd Ord 5.00,KES 37.95,116700,12,135,-3.07%,
2/21/2019,Absa Bank Kenya Plc Ord 0.50,KES 11.60,52500,0,0.43%,,
2/20/2019,Absa Bank Kenya Plc Ord 0.50,KES 11.55,151400,0,0.43%,,
2/20/2019,Equity Group Holdings Ltd Ord 0.50,KES 41.20,2071200,24,555,750,-0.36%
2/20/2019,The Co-operative Bank of Kenya Ltd Ord 1.00,KES 14.55,1279300,0,-0.34%,,
2/20/2019,NCBA Bank Ltd Ord 5.00,KES 39.15,216000,0,-1.88%,,
2/20/2019,KCB Group Ltd Ord 1.00,KES 42.15,1123200,2,339,20,0.36%
2/19/2019,Absa Bank Kenya Plc Ord 0.50,KES 11.50,242400,-915,390,-0.86%,
2/19/2019,KCB Group Ltd Ord 1.00,KES 42.00,801500,106,642.5,0.12%,
2/19/2019,The Co-operative Bank of Kenya Ltd Ord 1.00,KES 14.60,785900,1,475,212.5,-1.02%
2/19/2019,NCBA Bank Ltd Ord 5.00,KES 39.90,407700,-594,207.5,-0.25%,
2/19/2019,Equity Group Holdings Ltd Ord 0.50,KES 41.35,2389000,11,167,135,-1.19%
2/18/2019,KCB Group Ltd Ord 1.00,KES 41.95,901300,4,500,430,-
2/18/2019,Absa Bank Kenya Plc Ord 0.50,KES 11.60,174000,-287,100,-,
2/18/2019,NCBA Bank Ltd Ord 5.00,KES 40.00,86800,-83,940,-,
2/18/2019,The Co-operative Bank of Kenya Ltd Ord 1.00,KES 14.75,65200,4,680,-,
2/18/2019,Equity Group Holdings Ltd Ord 0.50,KES 41.85,3748400,35,532,622.5,-
2/17/2019,KCB Group Ltd Ord 1.00,-,901300,4,500,430,-
2/17/2019,The Co-operative Bank of Kenya Ltd Ord 1.00,-,65200,4,680,-,
2/17/2019,Equity Group Holdings Ltd Ord 0.50,-,3748400,35,532,623,-
2/17/2019,NCBA Bank Ltd Ord 5.00,-,86800,-,-,,
2/17/2019,Absa Bank Kenya Plc Ord 0.50,-,174000,-,-,,
2/15/2019,KCB Group Ltd Ord 1.00,KES 41.70,1321800,6,465,15,-2.23%
2/15/2019,Absa Bank Kenya Plc Ord 0.50,KES 11.70,251100,-617,152.5,2.18%,
2/15/2019,The Co-operative Bank of Kenya Ltd Ord 1.00,KES 14.95,288000,0,-1.64%,,
2/15/2019,Equity Group Holdings Ltd Ord 0.50,KES 42.00,553500,-8,19,142.5,-0.47%
2/15/2019,NCBA Bank Ltd Ord 5.00,KES 40.40,77100,-98,625,0.87%,
2/14/2019,Absa Bank Kenya Plc Ord 0.50,KES 11.45,510900,-1,208,512.5,-0.43%
2/14/2019,The Co-operative Bank of Kenya Ltd Ord 1.00,KES 15.20,147700,0,-0.65%,,
2/14/2019,Equity Group Holdings Ltd Ord 0.50,KES 42.20,1913100,-4,792,315,0.00%
2/14/2019,NCBA Bank Ltd Ord 5.00,KES 40.05,461500,0,0.50%,,
2/14/2019,KCB Group Ltd Ord 1.00,KES 42.65,521800,-1,596,800,-0.35%
2/13/2019,The Co-operative Bank of Kenya Ltd Ord 1.00,KES 15.30,143600,0,-1.61%,,
2/13/2019,NCBA Bank Ltd Ord 5.00,KES 39.85,353500,0,0.89%,,
2/13/2019,Equity Group Holdings Ltd Ord 0.50,KES 42.20,648900,-1,479,807.5,-0.71%
2/13/2019,KCB Group Ltd Ord 1.00,KES 42.80,2129200,22,331,637.5,-1.50%
2/13/2019,Absa Bank Kenya Plc Ord 0.50,KES 11.50,531100,-717,0,-2.54%,
2/12/2019,Equity Group Holdings Ltd Ord 0.50,KES 42.50,2485000,-6,330,45,-0.12%
2/12/2019,Absa Bank Kenya Plc Ord 0.50,KES 11.80,608400,-3,40,820,-0.42%
2/12/2019,NCBA Bank Ltd Ord 5.00,KES 39.50,335800,0,1.28%,,
2/12/2019,The Co-operative Bank of Kenya Ltd Ord 1.00,KES 15.55,942900,996,92.5,-0.32%,
2/12/2019,KCB Group Ltd Ord 1.00,KES 43.45,3247000,32,361,447.5,-0.69%
2/11/2019,KCB Group Ltd Ord 1.00,KES 43.75,261000,-365,882.5,-,
2/11/2019,Equity Group Holdings Ltd Ord 0.50,KES 42.55,84500,-1,325,105,-
2/11/2019,NCBA Bank Ltd Ord 5.00,KES 39.00,178700,72,675,-,
2/11/2019,Absa Bank Kenya Plc Ord 0.50,KES 11.85,249800,-75,945,-,
2/11/2019,The Co-operative Bank of Kenya Ltd Ord 1.00,KES 15.60,723200,0,-,,
2/10/2019,NCBA Bank Ltd Ord 5.00,-,178700,72,675,-,
2/10/2019,Equity Group Holdings Ltd Ord 0.50,-,84500,-,-,,
2/10/2019,Absa Bank Kenya Plc Ord 0.50,-,249800,-,-,,
2/10/2019,The Co-operative Bank of Kenya Ltd Ord 1.00,-,723200,-,-,,
2/10/2019,KCB Group Ltd Ord 1.00,-,261000,-,-,,
2/8/2019,Absa Bank Kenya Plc Ord 0.50,KES 11.90,51400,0,-0.83%,,
2/8/2019,NCBA Bank Ltd Ord 5.00,KES 38.85,504500,0,1.83%,,
2/8/2019,Equity Group Holdings Ltd Ord 0.50,KES 42.85,15220300,-2,760,0.00%,
2/8/2019,The Co-operative Bank of Kenya Ltd Ord 1.00,KES 15.60,395600,0,-1.58%,,
2/8/2019,KCB Group Ltd Ord 1.00,KES 43.80,525700,-2,770,950,-0.23%
2/7/2019,Absa Bank Kenya Plc Ord 0.50,KES 12.00,18460500,-13,629,230,-1.64%
2/7/2019,The Co-operative Bank of Kenya Ltd Ord 1.00,KES 15.85,137300,0,-0.63%,,
2/7/2019,NCBA Bank Ltd Ord 5.00,KES 38.15,1483700,0,0.39%,,
2/7/2019,KCB Group Ltd Ord 1.00,KES 43.90,363100,1,176,675,0.69%
2/7/2019,Equity Group Holdings Ltd Ord 0.50,KES 42.85,3195200,-471,350,0.00%,
2/6/2019,Absa Bank Kenya Plc Ord 0.50,KES 12.20,103800,0,-0.41%,,
2/6/2019,KCB Group Ltd Ord 1.00,KES 43.60,2727800,-26,968,152.5,0.00%
2/6/2019,NCBA Bank Ltd Ord 5.00,KES 38.00,451600,53,550,-0.65%,
2/6/2019,Equity Group Holdings Ltd Ord 0.50,KES 42.85,935500,-12,937,847.5,1.30%
2/6/2019,The Co-operative Bank of Kenya Ltd Ord 1.00,KES 15.95,216100,0,-0.31%,,
2/5/2019,Equity Group Holdings Ltd Ord 0.50,KES 42.30,83700,-243,600,-,
2/5/2019,The Co-operative Bank of Kenya Ltd Ord 1.00,KES 16.00,115200,-387,630,-,
2/5/2019,KCB Group Ltd Ord 1.00,KES 43.60,1611200,-27,723,542.5,-
2/5/2019,Absa Bank Kenya Plc Ord 0.50,KES 12.25,3320600,-18,420,700,-
2/5/2019,NCBA Bank Ltd Ord 5.00,KES 38.25,102800,0,-,,
2/4/2019,The Co-operative Bank of Kenya Ltd Ord 1.00,-,198300,-563,752.5,-,
2/4/2019,NCBA Bank Ltd Ord 5.00,-,254900,0,-,,
2/4/2019,Absa Bank Kenya Plc Ord 0.50,-,131100,0,-,,
2/4/2019,Equity Group Holdings Ltd Ord 0.50,-,2501200,-8,400,710,-
2/4/2019,KCB Group Ltd Ord 1.00,-,3927300,-25,403,695,-
2/3/2019,KCB Group Ltd Ord 1.00,-,3927300,-,-,,
2/3/2019,NCBA Bank Ltd Ord 5.00,-,254900,-,-,,
2/3/2019,Equity Group Holdings Ltd Ord 0.50,-,2501200,-,-,,
2/3/2019,The Co-operative Bank of Kenya Ltd Ord 1.00,-,198300,-,-,,
2/3/2019,Absa Bank Kenya Plc Ord 0.50,-,131100,-,-,,
2/2/2019,The Co-operative Bank of Kenya Ltd Ord 1.00,KES 16.05,-,-,0.94%,,
2/2/2019,Equity Group Holdings Ltd Ord 0.50,KES 43.00,-,-,-0.12%,,
2/2/2019,NCBA Bank Ltd Ord 5.00,KES 38.45,-,-,-0.13%,,
2/2/2019,Absa Bank Kenya Plc Ord 0.50,KES 11.95,-,-,3.02%,,
2/2/2019,KCB Group Ltd Ord 1.00,KES 43.40,-,-,-1.25%,,
2/1/2019,The Co-operative Bank of Kenya Ltd Ord 1.00,KES 15.90,153600,-489,305,1.92%,
2/1/2019,Absa Bank Kenya Plc Ord 0.50,KES 11.60,152200,8,625,0.87%,
2/1/2019,NCBA Bank Ltd Ord 5.00,KES 38.50,244200,50,850,7.24%,
2/1/2019,Equity Group Holdings Ltd Ord 0.50,KES 43.05,2964200,-3,338,655,1.18%
2/1/2019,KCB Group Ltd Ord 1.00,KES 43.95,5775900,-12,153,697.5,4.27%
1/31/2019,Absa Bank Kenya Plc Ord 0.50,KES 11.50,11730800,-64,243,447.5,0.44%
1/31/2019,NCBA Bank Ltd Ord 5.00,KES 35.90,334400,0,2.87%,,
1/31/2019,Equity Group Holdings Ltd Ord 0.50,KES 42.55,6698300,-28,124,720,3.65%
1/31/2019,KCB Group Ltd Ord 1.00,KES 42.15,9444600,-34,685,22.5,2.68%
1/31/2019,The Co-operative Bank of Kenya Ltd Ord 1.00,KES 15.60,793500,-4,444,65,0.97%
1/30/2019,The Co-operative Bank of Kenya Ltd Ord 1.00,KES 15.45,2165700,-14,490,0,-1.90%
1/30/2019,Absa Bank Kenya Plc Ord 0.50,KES 11.45,783600,-3,921,487.5,0.00%
1/30/2019,NCBA Bank Ltd Ord 5.00,KES 34.90,135100,0,0.43%,,
1/30/2019,KCB Group Ltd Ord 1.00,KES 41.05,1413200,3,527,210,0.37%
1/30/2019,Equity Group Holdings Ltd Ord 0.50,KES 41.05,5712600,-21,616,750,0.37%
1/29/2019,Equity Group Holdings Ltd Ord 0.50,KES 40.90,1451900,3,687,322.5,0.00%
1/29/2019,Absa Bank Kenya Plc Ord 0.50,KES 11.45,58000,71,875,-0.43%,
1/29/2019,NCBA Bank Ltd Ord 5.00,KES 34.75,16800,-85,550,2.96%,
1/29/2019,The Co-operative Bank of Kenya Ltd Ord 1.00,KES 15.75,597000,1,554,825,-2.17%
1/29/2019,KCB Group Ltd Ord 1.00,KES 40.90,1672100,-4,162,30,0.49%
1/28/2019,NCBA Bank Ltd Ord 5.00,KES 33.75,13900,0,-,,
1/28/2019,The Co-operative Bank of Kenya Ltd Ord 1.00,KES 16.10,1129200,0,-,,
1/28/2019,Equity Group Holdings Ltd Ord 0.50,KES 40.90,307900,4,767,797.5,-
1/28/2019,Absa Bank Kenya Plc Ord 0.50,KES 11.50,2705600,-14,329,685,-
1/28/2019,KCB Group Ltd Ord 1.00,KES 40.70,1999400,-5,361,832.5,-
1/27/2019,Equity Group Holdings Ltd Ord 0.50,-,307900,4,767,798,-
1/27/2019,The Co-operative Bank of Kenya Ltd Ord 1.00,-,1129200,-,-,,
1/27/2019,KCB Group Ltd Ord 1.00,-,1999400,-,-,,
1/27/2019,NCBA Bank Ltd Ord 5.00,-,13900,-,-,,
1/27/2019,Absa Bank Kenya Plc Ord 0.50,-,2705600,-,-,,
1/25/2019,KCB Group Ltd Ord 1.00,KES 39.90,4906600,-55,82,770,0.00%
1/25/2019,Absa Bank Kenya Plc Ord 0.50,KES 11.50,94900,0,-0.43%,,
1/25/2019,NCBA Bank Ltd Ord 5.00,KES 29.10,48800,0,0.34%,,
1/25/2019,Equity Group Holdings Ltd Ord 0.50,KES 39.95,1779700,19,465,382.5,0.13%
1/25/2019,The Co-operative Bank of Kenya Ltd Ord 1.00,KES 16.05,1206300,0,1.26%,,
1/24/2019,Absa Bank Kenya Plc Ord 0.50,KES 11.55,582900,-1,512,825,0.43%
1/24/2019,KCB Group Ltd Ord 1.00,KES 39.90,2580400,14,818,907.5,0.00%
1/24/2019,Equity Group Holdings Ltd Ord 0.50,KES 39.90,3123800,-431,590,-0.25%,
1/24/2019,NCBA Bank Ltd Ord 5.00,KES 29.00,80800,0,1.05%,,
1/24/2019,The Co-operative Bank of Kenya Ltd Ord 1.00,KES 15.85,297000,0,4.28%,,
1/23/2019,NCBA Bank Ltd Ord 5.00,KES 28.70,58900,0,-0.69%,,
1/23/2019,Absa Bank Kenya Plc Ord 0.50,KES 11.50,176600,-730,410,1.32%,
1/23/2019,KCB Group Ltd Ord 1.00,KES 39.90,1119700,0,0.00%,,
1/23/2019,The Co-operative Bank of Kenya Ltd Ord 1.00,KES 15.20,131500,0,0.33%,,
1/23/2019,Equity Group Holdings Ltd Ord 0.50,KES 40.00,1265600,0,0.13%,,
1/22/2019,The Co-operative Bank of Kenya Ltd Ord 1.00,KES 15.15,186600,812,260,0.00%,
1/22/2019,Equity Group Holdings Ltd Ord 0.50,KES 39.95,3050000,-9,953,140,0.00%
1/22/2019,NCBA Bank Ltd Ord 5.00,KES 28.90,43500,0,-0.86%,,
1/22/2019,Absa Bank Kenya Plc Ord 0.50,KES 11.35,127900,0,-0.87%,,
1/22/2019,KCB Group Ltd Ord 1.00,KES 39.90,1290300,-2,117,610,-0.13%
1/21/2019,KCB Group Ltd Ord 1.00,KES 39.95,4306000,-9,108,875,-
1/21/2019,Absa Bank Kenya Plc Ord 0.50,KES 11.45,623700,-2,410,137.5,-
1/21/2019,NCBA Bank Ltd Ord 5.00,KES 29.15,65500,0,-,,
1/21/2019,Equity Group Holdings Ltd Ord 0.50,KES 39.95,1597500,16,960,122.5,-
1/21/2019,The Co-operative Bank of Kenya Ltd Ord 1.00,KES 15.15,620600,-841,725,-,
1/20/2019,Equity Group Holdings Ltd Ord 0.50,-,1597500,16,960,123,-
1/20/2019,KCB Group Ltd Ord 1.00,-,4306000,-,-,,
1/20/2019,NCBA Bank Ltd Ord 5.00,-,65500,-,-,,
1/20/2019,The Co-operative Bank of Kenya Ltd Ord 1.00,-,620600,-,-,,
1/20/2019,Absa Bank Kenya Plc Ord 0.50,-,623700,-,-,,
1/18/2019,The Co-operative Bank of Kenya Ltd Ord 1.00,KES 14.95,258100,0,0.67%,,
1/18/2019,Absa Bank Kenya Plc Ord 0.50,KES 11.45,650800,-2,921,190,-0.43%
1/18/2019,KCB Group Ltd Ord 1.00,KES 40.25,588700,-597,180,-0.37%,
1/18/2019,NCBA Bank Ltd Ord 5.00,KES 29.65,73600,148,0,2.24%,
1/18/2019,Equity Group Holdings Ltd Ord 0.50,KES 40.35,788800,6,54,877.5,-0.37%
1/17/2019,Absa Bank Kenya Plc Ord 0.50,KES 11.50,153100,0,-0.43%,,
1/17/2019,KCB Group Ltd Ord 1.00,KES 40.40,3793000,-11,116,917.5,-0.74%
1/17/2019,The Co-operative Bank of Kenya Ltd Ord 1.00,KES 14.85,2099400,-1,386,110,2.41%
1/17/2019,Equity Group Holdings Ltd Ord 0.50,KES 40.50,1040500,3,977,465,-0.12%
1/17/2019,NCBA Bank Ltd Ord 5.00,KES 29.00,72100,-178,500,-0.17%,
1/16/2019,NCBA Bank Ltd Ord 5.00,KES 29.05,43500,0,-2.02%,,
1/16/2019,Equity Group Holdings Ltd Ord 0.50,KES 40.55,32200,28,875,3.18%,
1/16/2019,Absa Bank Kenya Plc Ord 0.50,KES 11.55,47100,0,-0.86%,,
1/16/2019,KCB Group Ltd Ord 1.00,KES 40.70,2491300,-15,120,767.5,4.90%
1/16/2019,The Co-operative Bank of Kenya Ltd Ord 1.00,KES 14.50,102900,-408,545,3.94%,
1/15/2019,KCB Group Ltd Ord 1.00,KES 38.80,3136700,0,2.24%,,
1/15/2019,Absa Bank Kenya Plc Ord 0.50,KES 11.65,58500,0,1.30%,,
1/15/2019,The Co-operative Bank of Kenya Ltd Ord 1.00,KES 13.95,132800,0,0.36%,,
1/15/2019,NCBA Bank Ltd Ord 5.00,KES 29.65,32000,0,0.68%,,
1/15/2019,Equity Group Holdings Ltd Ord 0.50,KES 39.30,2704800,0,3.29%,,
1/14/2019,NCBA Bank Ltd Ord 5.00,KES 29.45,24800,0,-,,
1/14/2019,KCB Group Ltd Ord 1.00,KES 37.95,639000,-6,499,587.5,-
1/14/2019,Absa Bank Kenya Plc Ord 0.50,KES 11.50,272100,864,35,-,
1/14/2019,Equity Group Holdings Ltd Ord 0.50,KES 38.05,63900,0,-,,
1/14/2019,The Co-operative Bank of Kenya Ltd Ord 1.00,KES 13.90,90000,-250,247.5,-,
1/13/2019,Absa Bank Kenya Plc Ord 0.50,-,272100,864,35,-,
1/13/2019,The Co-operative Bank of Kenya Ltd Ord 1.00,-,90000,-,-,,
1/13/2019,KCB Group Ltd Ord 1.00,-,639000,-,-,,
1/13/2019,NCBA Bank Ltd Ord 5.00,-,24800,-,-,,
1/13/2019,Equity Group Holdings Ltd Ord 0.50,-,63900,-,-,,
1/11/2019,Absa Bank Kenya Plc Ord 0.50,KES 11.35,75600,0,1.34%,,
1/11/2019,The Co-operative Bank of Kenya Ltd Ord 1.00,KES 13.85,56200,0,-0.36%,,
1/11/2019,NCBA Bank Ltd Ord 5.00,KES 28.85,52600,0,2.30%,,
1/11/2019,KCB Group Ltd Ord 1.00,KES 37.35,605000,-3,146,287.5,2.61%
1/11/2019,Equity Group Holdings Ltd Ord 0.50,KES 37.55,593300,-1,928,495,1.49%
1/10/2019,Absa Bank Kenya Plc Ord 0.50,KES 11.20,92300,0,1.36%,,
1/10/2019,Equity Group Holdings Ltd Ord 0.50,KES 37.00,1207500,-5,83,737.5,0.27%
1/10/2019,NCBA Bank Ltd Ord 5.00,KES 28.20,22300,0,-1.40%,,
1/10/2019,KCB Group Ltd Ord 1.00,KES 36.40,2868000,-19,235,752.5,-0.95%
1/10/2019,The Co-operative Bank of Kenya Ltd Ord 1.00,KES 13.90,71300,-57,200,0.00%,
1/9/2019,KCB Group Ltd Ord 1.00,KES 36.75,1002100,-16,47,802.5,-0.41%
1/9/2019,Equity Group Holdings Ltd Ord 0.50,KES 36.90,1243200,-5,323,40,-0.14%
1/9/2019,NCBA Bank Ltd Ord 5.00,KES 28.60,88300,0,3.81%,,
1/9/2019,Absa Bank Kenya Plc Ord 0.50,KES 11.05,113500,0,-0.45%,,
1/9/2019,The Co-operative Bank of Kenya Ltd Ord 1.00,KES 13.90,94100,0,0.36%,,
1/8/2019,Absa Bank Kenya Plc Ord 0.50,KES 11.10,35400,152,300,0.00%,
1/8/2019,NCBA Bank Ltd Ord 5.00,KES 27.55,3200,0,0.36%,,
1/8/2019,KCB Group Ltd Ord 1.00,KES 36.90,69100,-7,904,742.5,-0.27%
1/8/2019,The Co-operative Bank of Kenya Ltd Ord 1.00,KES 13.85,14300,0,-0.72%,,
1/8/2019,Equity Group Holdings Ltd Ord 0.50,KES 36.95,3283600,-26,949,455,0.00%
1/7/2019,Absa Bank Kenya Plc Ord 0.50,KES 11.10,153600,607,745,-,
1/7/2019,The Co-operative Bank of Kenya Ltd Ord 1.00,KES 13.95,27200,0,-,,
1/7/2019,NCBA Bank Ltd Ord 5.00,KES 27.45,28400,0,-,,
1/7/2019,KCB Group Ltd Ord 1.00,KES 37.00,508300,1,128,42.5,-
1/7/2019,Equity Group Holdings Ltd Ord 0.50,KES 36.95,125400,-418,325,-,
1/6/2019,KCB Group Ltd Ord 1.00,-,508300,1,128,43,-
1/6/2019,Absa Bank Kenya Plc Ord 0.50,-,153600,607,745,-,
1/6/2019,NCBA Bank Ltd Ord 5.00,-,28400,-,-,,
1/6/2019,Equity Group Holdings Ltd Ord 0.50,-,125400,-,-,,
1/6/2019,The Co-operative Bank of Kenya Ltd Ord 1.00,-,27200,-,-,,
1/4/2019,KCB Group Ltd Ord 1.00,KES 37.35,41900,0,-0.13%,,
1/4/2019,NCBA Bank Ltd Ord 5.00,KES 27.50,20200,0,0.00%,,
1/4/2019,The Co-operative Bank of Kenya Ltd Ord 1.00,KES 13.85,74500,0,0.00%,,
1/4/2019,Absa Bank Kenya Plc Ord 0.50,KES 11.00,47300,0,0.00%,,
1/4/2019,Equity Group Holdings Ltd Ord 0.50,KES 34.80,1817300,-23,725,112.5,3.11%
1/3/2019,Absa Bank Kenya Plc Ord 0.50,KES 11.00,53200,0,0.92%,,
1/3/2019,NCBA Bank Ltd Ord 5.00,KES 27.50,156200,-1,605,927.5,0.55%
1/3/2019,Equity Group Holdings Ltd Ord 0.50,KES 33.75,4147000,-23,468,555,0.45%
1/3/2019,The Co-operative Bank of Kenya Ltd Ord 1.00,KES 13.85,24000,0,0.00%,,
1/3/2019,KCB Group Ltd Ord 1.00,KES 37.40,908200,-11,751,705,0.13%
1/2/2019,KCB Group Ltd Ord 1.00,KES 37.35,876500,-3,334,757.5,-
1/2/2019,Absa Bank Kenya Plc Ord 0.50,KES 10.90,120200,-90,842.5,-,
1/2/2019,The Co-operative Bank of Kenya Ltd Ord 1.00,KES 13.85,69300,-92,652.5,-,
1/2/2019,NCBA Bank Ltd Ord 5.00,KES 27.35,14900,0,-,,
1/2/2019,Equity Group Holdings Ltd Ord 0.50,KES 33.60,863000,-8,482,970,-
1/1/2019,Absa Bank Kenya Plc Ord 0.50,-,120200,-,-,,
1/1/2019,NCBA Bank Ltd Ord 5.00,-,14900,-,-,,
1/1/2019,Equity Group Holdings Ltd Ord 0.50,-,863000,-,-,,
1/1/2019,The Co-operative Bank of Kenya Ltd Ord 1.00,-,69300,-,-,,
1/1/2019,KCB Group Ltd Ord 1.00,-,876500,-,-,,
12/31/2018,Absa Bank Kenya Plc Ord 0.50,-,241100,0,-,,
12/31/2018,The Co-operative Bank of Kenya Ltd Ord 1.00,-,103200,-48,630,-,
12/31/2018,Equity Group Holdings Ltd Ord 0.50,-,1649200,-28,661,552.5,-
12/31/2018,NCBA Bank Ltd Ord 5.00,-,30400,0,-,,
12/31/2018,KCB Group Ltd Ord 1.00,-,1016000,3,993,10,-
12/30/2018,Equity Group Holdings Ltd Ord 0.50,KES 33.75,1649200,-,-1.03%,,
12/30/2018,The Co-operative Bank of Kenya Ltd Ord 1.00,KES 13.90,103200,-,0.72%,,
12/30/2018,KCB Group Ltd Ord 1.00,KES 37.35,1016000,3,993,10,0.81%
12/30/2018,Absa Bank Kenya Plc Ord 0.50,KES 10.90,241100,-,0.00%,,
12/30/2018,NCBA Bank Ltd Ord 5.00,KES 27.40,30400,-,-0.90%,,
12/28/2018,KCB Group Ltd Ord 1.00,KES 37.05,587600,-4,682,0,-0.13%
12/28/2018,Absa Bank Kenya Plc Ord 0.50,KES 10.90,40600,0,0.46%,,
12/28/2018,The Co-operative Bank of Kenya Ltd Ord 1.00,KES 13.80,148800,-105,325,-0.36%,
12/28/2018,Equity Group Holdings Ltd Ord 0.50,KES 34.10,1095600,-13,959,215,-1.59%
12/28/2018,NCBA Bank Ltd Ord 5.00,KES 27.65,23300,0,0.00%,,
12/27/2018,Equity Group Holdings Ltd Ord 0.50,KES 34.65,621800,-10,388,70,-
12/27/2018,KCB Group Ltd Ord 1.00,KES 37.10,264200,37,500,-,
12/27/2018,NCBA Bank Ltd Ord 5.00,KES 27.65,5100,0,-,,
12/27/2018,The Co-operative Bank of Kenya Ltd Ord 1.00,KES 13.85,120100,-79,310,-,
12/27/2018,Absa Bank Kenya Plc Ord 0.50,KES 10.85,31300,0,-,,
12/26/2018,KCB Group Ltd Ord 1.00,-,264200,37,500,-,
12/26/2018,Equity Group Holdings Ltd Ord 0.50,-,621800,-,-,,
12/26/2018,The Co-operative Bank of Kenya Ltd Ord 1.00,-,120100,-,-,,
12/26/2018,NCBA Bank Ltd Ord 5.00,-,5100,-,-,,
12/26/2018,Absa Bank Kenya Plc Ord 0.50,-,31300,-,-,,
12/24/2018,KCB Group Ltd Ord 1.00,KES 37.45,399100,18.86,-,,
12/24/2018,Equity Group Holdings Ltd Ord 0.50,KES 34.85,1267700,-5,837,7.11,-
12/24/2018,NCBA Bank Ltd Ord 5.00,KES 27.80,26600,14.09,-,,
12/24/2018,Absa Bank Kenya Plc Ord 0.50,KES 10.95,68800,5.54,-,,
12/24/2018,The Co-operative Bank of Kenya Ltd Ord 1.00,KES 14.30,133900,6.84,-,,
12/23/2018,KCB Group Ltd Ord 1.00,-,399100,19,-,,
12/23/2018,NCBA Bank Ltd Ord 5.00,-,26600,14,-,,
12/23/2018,The Co-operative Bank of Kenya Ltd Ord 1.00,-,133900,7,-,,
12/23/2018,Absa Bank Kenya Plc Ord 0.50,-,68800,6,-,,
12/23/2018,Equity Group Holdings Ltd Ord 0.50,-,1267700,-,-,,
12/21/2018,The Co-operative Bank of Kenya Ltd Ord 1.00,KES 14.05,130800,-730,515,1.81%,
12/21/2018,Equity Group Holdings Ltd Ord 0.50,KES 35.20,1613200,-18,254,177.5,-1.26%
12/21/2018,Absa Bank Kenya Plc Ord 0.50,KES 10.90,80700,0,-1.36%,,
12/21/2018,KCB Group Ltd Ord 1.00,KES 37.45,453600,-6,467,580,-0.13%
12/21/2018,NCBA Bank Ltd Ord 5.00,KES 27.60,22300,0,-0.54%,,
12/20/2018,KCB Group Ltd Ord 1.00,KES 37.50,1245400,-7,136,30,-0.53%
12/20/2018,Equity Group Holdings Ltd Ord 0.50,KES 35.65,516400,-2,880,735,-0.28%
12/20/2018,The Co-operative Bank of Kenya Ltd Ord 1.00,KES 13.80,828000,-107,100,1.10%,
12/20/2018,NCBA Bank Ltd Ord 5.00,KES 27.75,114100,0,-1.42%,,
12/20/2018,Absa Bank Kenya Plc Ord 0.50,KES 11.05,49700,0,0.00%,,
12/19/2018,Absa Bank Kenya Plc Ord 0.50,KES 11.05,16000,0,-0.45%,,
12/19/2018,KCB Group Ltd Ord 1.00,KES 37.70,1454700,-7,489,105,-0.66%
12/19/2018,NCBA Bank Ltd Ord 5.00,KES 28.15,100700,0,2.93%,,
12/19/2018,Equity Group Holdings Ltd Ord 0.50,KES 35.75,2059200,-22,303,420,-0.69%
12/19/2018,The Co-operative Bank of Kenya Ltd Ord 1.00,KES 13.65,72400,0,-1.80%,,
12/18/2018,The Co-operative Bank of Kenya Ltd Ord 1.00,KES 13.90,229400,0,-0.71%,,
12/18/2018,Equity Group Holdings Ltd Ord 0.50,KES 36.00,1247700,0,-1.77%,,
12/18/2018,NCBA Bank Ltd Ord 5.00,KES 27.35,82100,0,-1.44%,,
12/18/2018,Absa Bank Kenya Plc Ord 0.50,KES 11.10,158800,0,1.37%,,
12/18/2018,KCB Group Ltd Ord 1.00,KES 37.95,494600,0,-0.26%,,
12/17/2018,NCBA Bank Ltd Ord 5.00,KES 27.75,26100,-,-,,
12/17/2018,Equity Group Holdings Ltd Ord 0.50,KES 36.65,2149400,-,-,,
12/17/2018,Absa Bank Kenya Plc Ord 0.50,KES 10.95,291400,-,-,,
12/17/2018,The Co-operative Bank of Kenya Ltd Ord 1.00,KES 14.00,728200,-,-,,
12/17/2018,KCB Group Ltd Ord 1.00,KES 38.05,292800,-,-,,
12/16/2018,Equity Group Holdings Ltd Ord 0.50,-,2149400,-,-,,
12/16/2018,KCB Group Ltd Ord 1.00,-,292800,-,-,,
12/16/2018,NCBA Bank Ltd Ord 5.00,-,26100,-,-,,
12/16/2018,The Co-operative Bank of Kenya Ltd Ord 1.00,-,728200,-,-,,
12/16/2018,Absa Bank Kenya Plc Ord 0.50,-,291400,-,-,,
12/14/2018,Absa Bank Kenya Plc Ord 0.50,KES 10.95,224500,0,0.00%,,
12/14/2018,NCBA Bank Ltd Ord 5.00,KES 27.95,87500,0,-0.71%,,
12/14/2018,KCB Group Ltd Ord 1.00,KES 38.00,1391900,-14,911,712.5,-2.06%
12/14/2018,Equity Group Holdings Ltd Ord 0.50,KES 36.70,606200,-11,468,320,-1.48%
12/14/2018,The Co-operative Bank of Kenya Ltd Ord 1.00,KES 14.05,1118100,-7,84,320,0.36%
12/13/2018,KCB Group Ltd Ord 1.00,KES 38.80,2268200,-15,3,615,-
12/13/2018,Equity Group Holdings Ltd Ord 0.50,KES 37.25,3385600,-36,271,22.5,-
12/13/2018,The Co-operative Bank of Kenya Ltd Ord 1.00,KES 14.00,1283700,-82,20,-,
12/13/2018,NCBA Bank Ltd Ord 5.00,KES 28.15,167500,3,915,-,
12/13/2018,Absa Bank Kenya Plc Ord 0.50,KES 10.95,1040700,540,-,,
12/12/2018,Absa Bank Kenya Plc Ord 0.50,-,1040700,540,-,,
12/12/2018,NCBA Bank Ltd Ord 5.00,-,167500,3,915,-,
12/12/2018,The Co-operative Bank of Kenya Ltd Ord 1.00,-,1283700,-,-,,
12/12/2018,KCB Group Ltd Ord 1.00,-,2268200,-,-,,
12/12/2018,Equity Group Holdings Ltd Ord 0.50,-,3385600,-,-,,
12/11/2018,NCBA Bank Ltd Ord 5.00,KES 27.10,4530100,-198,290,1.88%,
12/11/2018,KCB Group Ltd Ord 1.00,KES 39.45,224500,650,860,0.13%,
12/11/2018,Equity Group Holdings Ltd Ord 0.50,KES 38.50,1280800,-20,710,637.5,-1.16%
12/11/2018,Absa Bank Kenya Plc Ord 0.50,KES 10.95,88100,537.5,1.39%,,
12/11/2018,The Co-operative Bank of Kenya Ltd Ord 1.00,KES 14.05,49100,0,-0.35%,,
12/10/2018,KCB Group Ltd Ord 1.00,KES 39.40,1014200,-17,704,832.5,-
12/10/2018,NCBA Bank Ltd Ord 5.00,KES 26.60,339700,9,800,-,
12/10/2018,Absa Bank Kenya Plc Ord 0.50,KES 10.80,402100,0,-,,
12/10/2018,Equity Group Holdings Ltd Ord 0.50,KES 38.95,362900,-2,99,455,-
12/10/2018,The Co-operative Bank of Kenya Ltd Ord 1.00,KES 14.10,36000,0,-,,
12/9/2018,NCBA Bank Ltd Ord 5.00,-,339700,9,800,-,
12/9/2018,KCB Group Ltd Ord 1.00,-,1014200,-,-,,
12/9/2018,Equity Group Holdings Ltd Ord 0.50,-,362900,-,-,,
12/9/2018,Absa Bank Kenya Plc Ord 0.50,-,402100,-,-,,
12/9/2018,The Co-operative Bank of Kenya Ltd Ord 1.00,-,36000,-,-,,
12/7/2018,KCB Group Ltd Ord 1.00,KES 39.60,2033100,-32,535,145,-0.25%
12/7/2018,Equity Group Holdings Ltd Ord 0.50,KES 39.20,217100,-3,925,350,-0.13%
12/7/2018,The Co-operative Bank of Kenya Ltd Ord 1.00,KES 14.35,466600,-2,113,525,-0.35%
12/7/2018,Absa Bank Kenya Plc Ord 0.50,KES 10.75,368400,0,0.47%,,
12/7/2018,NCBA Bank Ltd Ord 5.00,KES 26.15,591900,-90,132.5,4.60%,
12/6/2018,Equity Group Holdings Ltd Ord 0.50,KES 39.25,273200,-4,281,712.5,0.13%
12/6/2018,The Co-operative Bank of Kenya Ltd Ord 1.00,KES 14.40,682700,3,150,945,-1.03%
12/6/2018,Absa Bank Kenya Plc Ord 0.50,KES 10.70,571700,-2,169,900,-0.47%
12/6/2018,KCB Group Ltd Ord 1.00,KES 39.70,347600,-5,157,447.5,-0.38%
12/6/2018,NCBA Bank Ltd Ord 5.00,KES 25.00,217400,0,-9.26%,,
12/5/2018,Equity Group Holdings Ltd Ord 0.50,KES 39.20,899300,-13,690,177.5,-0.51%
12/5/2018,KCB Group Ltd Ord 1.00,KES 39.85,624900,2,437,75,-0.25%
12/5/2018,Absa Bank Kenya Plc Ord 0.50,KES 10.75,92900,3,210,0.00%,
12/5/2018,The Co-operative Bank of Kenya Ltd Ord 1.00,KES 14.55,72100,0,0.69%,,
12/5/2018,NCBA Bank Ltd Ord 5.00,KES 27.55,1611300,0,-8.17%,,
12/4/2018,NCBA Bank Ltd Ord 5.00,KES 30.00,3800,0,32.45%,,
12/4/2018,Equity Group Holdings Ltd Ord 0.50,KES 39.40,956900,4,368,647.5,-0.51%
12/4/2018,KCB Group Ltd Ord 1.00,KES 39.95,1281500,2,356,0,-0.25%
12/4/2018,Absa Bank Kenya Plc Ord 0.50,KES 10.75,488700,0,0.00%,,
12/4/2018,The Co-operative Bank of Kenya Ltd Ord 1.00,KES 14.45,79100,165,267.5,-2.03%,
12/3/2018,Equity Group Holdings Ltd Ord 0.50,KES 39.60,956900,33,392,440,-
12/3/2018,NCBA Bank Ltd Ord 5.00,KES 22.65,3800,-12,375,-,
12/3/2018,The Co-operative Bank of Kenya Ltd Ord 1.00,KES 14.75,79100,-15,512.5,-,
12/3/2018,Absa Bank Kenya Plc Ord 0.50,KES 10.75,488700,-53,575,-,
12/3/2018,KCB Group Ltd Ord 1.00,KES 40.05,1281500,-3,797,597.5,-
12/2/2018,Equity Group Holdings Ltd Ord 0.50,-,956900,33,392,440,-
12/2/2018,KCB Group Ltd Ord 1.00,-,1281500,-,-,,
12/2/2018,Absa Bank Kenya Plc Ord 0.50,-,488700,-,-,,
12/2/2018,The Co-operative Bank of Kenya Ltd Ord 1.00,-,79100,-,-,,
12/2/2018,NCBA Bank Ltd Ord 5.00,-,3800,-,-,,
11/30/2018,Equity Group Holdings Ltd Ord 0.50,KES 40.00,4567300,-6,196,957.5,0.38%
11/30/2018,KCB Group Ltd Ord 1.00,KES 40.55,3608700,-4,132,700,1.38%
11/30/2018,NCBA Bank Ltd Ord 5.00,KES 22.50,40400,2,275,-4.46%,
11/30/2018,The Co-operative Bank of Kenya Ltd Ord 1.00,KES 14.80,322200,973,242.5,0.68%,
11/30/2018,Absa Bank Kenya Plc Ord 0.50,KES 10.70,169100,0,0.00%,,
11/29/2018,Absa Bank Kenya Plc Ord 0.50,KES 10.70,79100,3,762.5,0.00%,
11/29/2018,Equity Group Holdings Ltd Ord 0.50,KES 39.85,1792500,826,700,0.00%,
11/29/2018,The Co-operative Bank of Kenya Ltd Ord 1.00,KES 14.70,123800,0,0.34%,,
11/29/2018,NCBA Bank Ltd Ord 5.00,KES 23.55,53000,0,3.74%,,
11/29/2018,KCB Group Ltd Ord 1.00,KES 40.00,230500,-2,160,460,0.50%
11/28/2018,KCB Group Ltd Ord 1.00,KES 39.80,1632800,520,370,0.76%,
11/28/2018,The Co-operative Bank of Kenya Ltd Ord 1.00,KES 14.65,68300,163,905,-0.68%,
11/28/2018,Absa Bank Kenya Plc Ord 0.50,KES 10.70,0,32,100,-0.47%,
11/28/2018,Equity Group Holdings Ltd Ord 0.50,KES 39.85,354800,252,795,0.89%,
11/28/2018,NCBA Bank Ltd Ord 5.00,KES 22.70,47800,141,50,-0.22%,
11/27/2018,KCB Group Ltd Ord 1.00,KES 39.50,163100,485,400,0.64%,
11/27/2018,Equity Group Holdings Ltd Ord 0.50,KES 39.50,3241600,-461,850,-1.13%,
11/27/2018,Absa Bank Kenya Plc Ord 0.50,KES 10.75,322400,-244,460,0.47%,
11/27/2018,The Co-operative Bank of Kenya Ltd Ord 1.00,KES 14.75,41800,0,0.34%,,
11/27/2018,NCBA Bank Ltd Ord 5.00,KES 22.75,29600,0,0.22%,,
11/26/2018,NCBA Bank Ltd Ord 5.00,KES 22.70,9800,0,-,,
11/26/2018,The Co-operative Bank of Kenya Ltd Ord 1.00,KES 14.70,531800,-3,83,397.5,-
11/26/2018,KCB Group Ltd Ord 1.00,KES 39.25,4715600,-16,659,290,-
11/26/2018,Equity Group Holdings Ltd Ord 0.50,KES 39.95,1408600,-4,722,900,-
11/26/2018,Absa Bank Kenya Plc Ord 0.50,KES 10.70,195900,0,-,,
11/25/2018,The Co-operative Bank of Kenya Ltd Ord 1.00,-,531800,-,-,,
11/25/2018,Absa Bank Kenya Plc Ord 0.50,-,195900,-,-,,
11/25/2018,NCBA Bank Ltd Ord 5.00,-,9800,-,-,,
11/25/2018,KCB Group Ltd Ord 1.00,-,4715600,-,-,,
11/25/2018,Equity Group Holdings Ltd Ord 0.50,-,1408600,-,-,,
11/23/2018,Absa Bank Kenya Plc Ord 0.50,KES 10.65,97400,0,-0.47%,,
11/23/2018,NCBA Bank Ltd Ord 5.00,KES 22.65,25000,0,0.22%,,
11/23/2018,The Co-operative Bank of Kenya Ltd Ord 1.00,KES 14.60,1735100,-2,665,870,2.82%
11/23/2018,Equity Group Holdings Ltd Ord 0.50,KES 39.50,413500,-7,133,575,0.64%
11/23/2018,KCB Group Ltd Ord 1.00,KES 39.45,1730000,-18,946,200,0.51%
11/22/2018,Absa Bank Kenya Plc Ord 0.50,KES 10.70,448900,532.5,0.00%,,
11/22/2018,The Co-operative Bank of Kenya Ltd Ord 1.00,KES 14.20,139900,0,0.35%,,
11/22/2018,Equity Group Holdings Ltd Ord 0.50,KES 39.25,19700,-13,987.5,0.64%,
11/22/2018,NCBA Bank Ltd Ord 5.00,KES 22.60,2087000,0,-1.31%,,
11/22/2018,KCB Group Ltd Ord 1.00,KES 39.25,403700,6,151,487.5,0.77%
11/21/2018,Equity Group Holdings Ltd Ord 0.50,KES 39.00,3540900,-4,670,800,0.00%
11/21/2018,The Co-operative Bank of Kenya Ltd Ord 1.00,KES 14.15,865800,-96,632.5,0.00%,
11/21/2018,KCB Group Ltd Ord 1.00,KES 38.95,1494700,-22,290,437.5,0.52%
11/21/2018,NCBA Bank Ltd Ord 5.00,KES 22.90,845100,0,4.09%,,
11/21/2018,Absa Bank Kenya Plc Ord 0.50,KES 10.70,349000,0,-2.28%,,
11/20/2018,Equity Group Holdings Ltd Ord 0.50,KES 39.00,62300,-159,125,-0.64%,
11/20/2018,NCBA Bank Ltd Ord 5.00,KES 22.00,25200,0,-1.12%,,
11/20/2018,Absa Bank Kenya Plc Ord 0.50,KES 10.95,175100,-152,412.5,-2.23%,
11/20/2018,KCB Group Ltd Ord 1.00,KES 38.75,260500,-3,26,987.5,0.00%
11/20/2018,The Co-operative Bank of Kenya Ltd Ord 1.00,KES 14.15,346100,0,0.00%,,
11/19/2018,KCB Group Ltd Ord 1.00,KES 38.75,1332000,-5,248,462.5,-
11/19/2018,NCBA Bank Ltd Ord 5.00,KES 22.25,21300,0,-,,
11/19/2018,Equity Group Holdings Ltd Ord 0.50,KES 39.25,1535900,4,809,837.5,-
11/19/2018,The Co-operative Bank of Kenya Ltd Ord 1.00,KES 14.15,198100,0,-,,
11/19/2018,Absa Bank Kenya Plc Ord 0.50,KES 11.20,171900,0,-,,
11/18/2018,Equity Group Holdings Ltd Ord 0.50,-,1535900,4,809,838,-
11/18/2018,KCB Group Ltd Ord 1.00,-,1332000,-,-,,
11/18/2018,Absa Bank Kenya Plc Ord 0.50,-,171900,-,-,,
11/18/2018,The Co-operative Bank of Kenya Ltd Ord 1.00,-,198100,-,-,,
11/18/2018,NCBA Bank Ltd Ord 5.00,-,21300,-,-,,
11/16/2018,Absa Bank Kenya Plc Ord 0.50,KES 11.50,105100,-105,682.5,0.00%,
11/16/2018,KCB Group Ltd Ord 1.00,KES 38.75,5097000,-28,266,0,-0.64%
11/16/2018,Equity Group Holdings Ltd Ord 0.50,KES 39.50,96400,98,125,0.00%,
11/16/2018,The Co-operative Bank of Kenya Ltd Ord 1.00,KES 14.10,1274800,0,-0.35%,,
11/16/2018,NCBA Bank Ltd Ord 5.00,KES 22.50,16400,0,-2.17%,,
11/15/2018,Absa Bank Kenya Plc Ord 0.50,KES 11.50,839100,0,0.00%,,
11/15/2018,KCB Group Ltd Ord 1.00,KES 39.00,1829400,-10,729,725,0.00%
11/15/2018,Equity Group Holdings Ltd Ord 0.50,KES 39.50,26400,191,100,-0.63%,
11/15/2018,NCBA Bank Ltd Ord 5.00,KES 23.00,569900,0,1.10%,,
11/15/2018,The Co-operative Bank of Kenya Ltd Ord 1.00,KES 14.15,61400,0,0.35%,,
11/14/2018,The Co-operative Bank of Kenya Ltd Ord 1.00,KES 14.10,40200,0,0.00%,,
11/14/2018,KCB Group Ltd Ord 1.00,KES 39.00,2442200,-8,562,137.5,0.00%
11/14/2018,Equity Group Holdings Ltd Ord 0.50,KES 39.75,1969600,1,80,300,1.27%
11/14/2018,Absa Bank Kenya Plc Ord 0.50,KES 11.50,263600,0,-0.43%,,
11/14/2018,NCBA Bank Ltd Ord 5.00,KES 22.75,316800,0,0.00%,,
11/13/2018,Absa Bank Kenya Plc Ord 0.50,KES 11.55,403200,0,0.00%,,
11/13/2018,NCBA Bank Ltd Ord 5.00,KES 22.75,96600,23,0,0.00%,
11/13/2018,The Co-operative Bank of Kenya Ltd Ord 1.00,KES 14.10,214800,741,885,0.00%,
11/13/2018,KCB Group Ltd Ord 1.00,KES 39.00,506700,5,198,175,0.65%
11/13/2018,Equity Group Holdings Ltd Ord 0.50,KES 39.25,666300,-5,213,512.5,0.64%
11/12/2018,Equity Group Holdings Ltd Ord 0.50,KES 39.00,548091,249,237.5,-,
11/12/2018,The Co-operative Bank of Kenya Ltd Ord 1.00,KES 14.10,83604,70,0,-,
11/12/2018,KCB Group Ltd Ord 1.00,KES 38.75,1090920,-484,500,-,
11/12/2018,Absa Bank Kenya Plc Ord 0.50,KES 11.55,67508,0,-,,
11/12/2018,NCBA Bank Ltd Ord 5.00,KES 22.75,19620,0,-,,
11/11/2018,The Co-operative Bank of Kenya Ltd Ord 1.00,-,83604,70,0,-,
11/11/2018,Equity Group Holdings Ltd Ord 0.50,-,548091,249,238,-,
11/11/2018,KCB Group Ltd Ord 1.00,-,1090920,-,-,,
11/11/2018,Absa Bank Kenya Plc Ord 0.50,-,67508,-,-,,
11/11/2018,NCBA Bank Ltd Ord 5.00,-,19620,-,-,,
11/9/2018,The Co-operative Bank of Kenya Ltd Ord 1.00,KES 14.05,80800,0,-0.71%,,
11/9/2018,KCB Group Ltd Ord 1.00,KES 38.25,1357800,-11,443,700,0.66%
11/9/2018,Absa Bank Kenya Plc Ord 0.50,KES 11.50,22300,0,0.00%,,
11/9/2018,Equity Group Holdings Ltd Ord 0.50,KES 39.00,1157300,10,301,687.5,0.00%
11/9/2018,NCBA Bank Ltd Ord 5.00,KES 23.00,96500,0,0.00%,,
11/8/2018,Equity Group Holdings Ltd Ord 0.50,KES 39.00,871900,-2,793,862.5,-0.64%
11/8/2018,Absa Bank Kenya Plc Ord 0.50,KES 11.50,1431600,-7,435,150,1.32%
11/8/2018,NCBA Bank Ltd Ord 5.00,KES 23.00,61100,3,600,0.00%,
11/8/2018,The Co-operative Bank of Kenya Ltd Ord 1.00,KES 14.15,580800,1,430,0.35%,
11/8/2018,KCB Group Ltd Ord 1.00,KES 38.00,973600,-590,775,0.00%,
11/7/2018,The Co-operative Bank of Kenya Ltd Ord 1.00,KES 14.10,205800,5,680,-0.70%,
11/7/2018,NCBA Bank Ltd Ord 5.00,KES 23.00,253200,0,0.00%,,
11/7/2018,Absa Bank Kenya Plc Ord 0.50,KES 11.35,63900,0,1.34%,,
11/7/2018,Equity Group Holdings Ltd Ord 0.50,KES 39.25,201500,-1,899,425,0.64%
11/7/2018,KCB Group Ltd Ord 1.00,KES 38.00,151800,-1,46,162.5,0.00%
11/6/2018,The Co-operative Bank of Kenya Ltd Ord 1.00,KES 14.20,700000,-1,375,612.5,0.00%
11/6/2018,Equity Group Holdings Ltd Ord 0.50,KES 39.00,986200,-8,389,725,0.65%
11/6/2018,NCBA Bank Ltd Ord 5.00,KES 23.00,103100,0,1.10%,,
11/6/2018,KCB Group Ltd Ord 1.00,KES 38.00,464100,-5,37,262.5,0.66%
11/6/2018,Absa Bank Kenya Plc Ord 0.50,KES 11.20,185600,0,0.45%,,
11/5/2018,NCBA Bank Ltd Ord 5.00,KES 22.75,46400,0,-,,
11/5/2018,KCB Group Ltd Ord 1.00,KES 37.75,124600,93,100,-,
11/5/2018,Absa Bank Kenya Plc Ord 0.50,KES 11.15,140100,55,0,-,
11/5/2018,Equity Group Holdings Ltd Ord 0.50,KES 38.75,807400,15,302,925,-
11/5/2018,The Co-operative Bank of Kenya Ltd Ord 1.00,KES 14.20,48200,14,400,-,
11/4/2018,Equity Group Holdings Ltd Ord 0.50,-,807400,15,302,925,-
11/4/2018,Absa Bank Kenya Plc Ord 0.50,-,140100,55,0,-,
11/4/2018,The Co-operative Bank of Kenya Ltd Ord 1.00,-,48200,14,400,-,
11/4/2018,KCB Group Ltd Ord 1.00,-,124600,93,100,-,
11/4/2018,NCBA Bank Ltd Ord 5.00,-,46400,-,-,,
11/2/2018,The Co-operative Bank of Kenya Ltd Ord 1.00,KES 14.20,73400,-115,830,-0.70%,
11/2/2018,Absa Bank Kenya Plc Ord 0.50,KES 11.15,162500,69,160,-0.89%,
11/2/2018,KCB Group Ltd Ord 1.00,KES 37.50,4019100,0,0.00%,,
11/2/2018,Equity Group Holdings Ltd Ord 0.50,KES 39.00,5347400,-44,296,12.5,0.00%
11/2/2018,NCBA Bank Ltd Ord 5.00,KES 22.75,86000,0,-1.09%,,
11/1/2018,NCBA Bank Ltd Ord 5.00,KES 23.00,197300,0,0.00%,,
11/1/2018,Absa Bank Kenya Plc Ord 0.50,KES 11.25,68600,0,4.17%,,
11/1/2018,Equity Group Holdings Ltd Ord 0.50,KES 39.00,5933300,412,962.5,-1.89%,
11/1/2018,KCB Group Ltd Ord 1.00,KES 37.50,7911400,-72,476,987.5,-1.32%
11/1/2018,The Co-operative Bank of Kenya Ltd Ord 1.00,KES 14.30,326400,0,0.00%,,
10/31/2018,The Co-operative Bank of Kenya Ltd Ord 1.00,KES 14.30,96700,0,-0.35%,,
10/31/2018,NCBA Bank Ltd Ord 5.00,KES 23.00,239800,115,0,0.00%,
10/31/2018,Absa Bank Kenya Plc Ord 0.50,KES 10.80,99700,68,650,-1.37%,
10/31/2018,KCB Group Ltd Ord 1.00,KES 38.00,1887600,-20,383,825,0.00%
10/31/2018,Equity Group Holdings Ltd Ord 0.50,KES 39.75,294300,-1,348,600,0.63%
10/30/2018,NCBA Bank Ltd Ord 5.00,KES 23.00,277400,0,0.00%,,
10/30/2018,Absa Bank Kenya Plc Ord 0.50,KES 10.95,126300,0,2.82%,,
10/30/2018,The Co-operative Bank of Kenya Ltd Ord 1.00,KES 14.35,586400,-339,385,0.70%,
10/30/2018,Equity Group Holdings Ltd Ord 0.50,KES 39.50,979200,-10,55,450,0.64%
10/30/2018,KCB Group Ltd Ord 1.00,KES 38.00,1946000,-18,126,62.5,0.00%
10/29/2018,Absa Bank Kenya Plc Ord 0.50,KES 10.65,49300,0,-,,
10/29/2018,Equity Group Holdings Ltd Ord 0.50,KES 39.25,290900,-1,990,12.5,-
10/29/2018,The Co-operative Bank of Kenya Ltd Ord 1.00,KES 14.25,39700,7,225,-,
10/29/2018,KCB Group Ltd Ord 1.00,KES 38.00,1280500,-6,997,375,-
10/29/2018,NCBA Bank Ltd Ord 5.00,KES 23.00,1202300,-2,475,300,-
10/28/2018,The Co-operative Bank of Kenya Ltd Ord 1.00,-,39700,7,225,-,
10/28/2018,Absa Bank Kenya Plc Ord 0.50,-,49300,-,-,,
10/28/2018,NCBA Bank Ltd Ord 5.00,-,1202300,-,-,,
10/28/2018,KCB Group Ltd Ord 1.00,-,1280500,-,-,,
10/28/2018,Equity Group Holdings Ltd Ord 0.50,-,290900,-,-,,
10/26/2018,The Co-operative Bank of Kenya Ltd Ord 1.00,KES 14.25,90300,0,0.35%,,
10/26/2018,KCB Group Ltd Ord 1.00,KES 38.25,3221300,-26,243,387.5,-0.65%
10/26/2018,Equity Group Holdings Ltd Ord 0.50,KES 39.25,3717700,4,122,75,-1.26%
10/26/2018,Absa Bank Kenya Plc Ord 0.50,KES 10.65,622700,-2,547,750,-0.47%
10/26/2018,NCBA Bank Ltd Ord 5.00,KES 23.00,795400,-13,887.5,0.00%,
10/25/2018,Absa Bank Kenya Plc Ord 0.50,KES 10.70,56000,29,120,0.94%,
10/25/2018,KCB Group Ltd Ord 1.00,KES 38.50,1466400,-5,443,975,0.00%
10/25/2018,The Co-operative Bank of Kenya Ltd Ord 1.00,KES 14.20,23900,0,-1.39%,,
10/25/2018,NCBA Bank Ltd Ord 5.00,KES 23.00,15100,0,0.00%,,
10/25/2018,Equity Group Holdings Ltd Ord 0.50,KES 39.75,882200,-6,540,0,-0.63%
10/24/2018,KCB Group Ltd Ord 1.00,KES 38.50,1899100,-31,497,375,0.00%
10/24/2018,NCBA Bank Ltd Ord 5.00,KES 23.00,38700,0,0.00%,,
10/24/2018,Equity Group Holdings Ltd Ord 0.50,KES 40.00,2203000,-12,802,0,0.00%
10/24/2018,Absa Bank Kenya Plc Ord 0.50,KES 10.60,63500,51,500,1.92%,
10/24/2018,The Co-operative Bank of Kenya Ltd Ord 1.00,KES 14.40,1672800,-1,686,737.5,-1.03%
10/23/2018,Absa Bank Kenya Plc Ord 0.50,KES 10.40,272400,-1,50,15,1.46%
10/23/2018,NCBA Bank Ltd Ord 5.00,KES 23.00,57800,0,-7.07%,,
10/23/2018,The Co-operative Bank of Kenya Ltd Ord 1.00,KES 14.55,133500,691,390,0.69%,
10/23/2018,KCB Group Ltd Ord 1.00,KES 38.50,1852200,-1,171,75,-0.65%
10/23/2018,Equity Group Holdings Ltd Ord 0.50,KES 40.00,3182500,11,709,650,0.00%
10/22/2018,Absa Bank Kenya Plc Ord 0.50,KES 10.25,245500,0,-,,
10/22/2018,NCBA Bank Ltd Ord 5.00,KES 24.75,30800,0,-,,
10/22/2018,KCB Group Ltd Ord 1.00,KES 38.75,172400,-1,954,825,-
10/22/2018,Equity Group Holdings Ltd Ord 0.50,KES 40.00,128600,762,0,-,
10/22/2018,The Co-operative Bank of Kenya Ltd Ord 1.00,KES 14.45,630100,-3,577,365,-
10/21/2018,Equity Group Holdings Ltd Ord 0.50,-,128600,762,0,-,
10/21/2018,Absa Bank Kenya Plc Ord 0.50,-,245500,-,-,,
10/21/2018,The Co-operative Bank of Kenya Ltd Ord 1.00,-,630100,-,-,,
10/21/2018,NCBA Bank Ltd Ord 5.00,-,30800,-,-,,
10/21/2018,KCB Group Ltd Ord 1.00,-,172400,-,-,,
10/19/2018,NCBA Bank Ltd Ord 5.00,KES 24.50,26200,0,1.03%,,
10/19/2018,The Co-operative Bank of Kenya Ltd Ord 1.00,KES 14.25,298300,-549,550,-1.04%,
10/19/2018,Absa Bank Kenya Plc Ord 0.50,KES 10.30,265900,52,250,-1.90%,
10/19/2018,KCB Group Ltd Ord 1.00,KES 38.75,1929600,-24,220,125,0.00%
10/19/2018,Equity Group Holdings Ltd Ord 0.50,KES 39.75,1758700,26,599,587.5,0.00%
10/18/2018,Equity Group Holdings Ltd Ord 0.50,KES 39.75,3075200,-44,296,12.5,-0.63%
10/18/2018,NCBA Bank Ltd Ord 5.00,KES 24.25,67800,0,-1.02%,,
10/18/2018,Absa Bank Kenya Plc Ord 0.50,KES 10.50,73400,69,160,0.00%,
10/18/2018,KCB Group Ltd Ord 1.00,KES 38.75,71400,0,-0.64%,,
10/18/2018,The Co-operative Bank of Kenya Ltd Ord 1.00,KES 14.40,66500,-115,830,-0.35%,
10/17/2018,KCB Group Ltd Ord 1.00,KES 39.00,1006200,-13,953,600,1.96%
10/17/2018,Equity Group Holdings Ltd Ord 0.50,KES 40.00,2868600,-28,402,325,4.58%
10/17/2018,The Co-operative Bank of Kenya Ltd Ord 1.00,KES 14.45,240200,-398,417.5,-1.03%,
10/17/2018,Absa Bank Kenya Plc Ord 0.50,KES 10.50,279800,530,0.48%,,
10/17/2018,NCBA Bank Ltd Ord 5.00,KES 24.50,35800,0,-1.01%,,
10/16/2018,The Co-operative Bank of Kenya Ltd Ord 1.00,KES 14.60,647100,-3,34,827.5,-1.02%
10/16/2018,NCBA Bank Ltd Ord 5.00,KES 24.75,50100,-120,0,2.06%,
10/16/2018,KCB Group Ltd Ord 1.00,KES 38.25,2344500,708,525,4.08%,
10/16/2018,Equity Group Holdings Ltd Ord 0.50,KES 38.25,928400,-7,884,862.5,4.79%
10/16/2018,Absa Bank Kenya Plc Ord 0.50,KES 10.45,168800,0,0.00%,,
10/15/2018,NCBA Bank Ltd Ord 5.00,KES 24.25,114300,0,-,,
10/15/2018,KCB Group Ltd Ord 1.00,KES 36.75,1118200,-16,346,525,-
10/15/2018,The Co-operative Bank of Kenya Ltd Ord 1.00,KES 14.75,76500,214,975,-,
10/15/2018,Absa Bank Kenya Plc Ord 0.50,KES 10.45,68000,0,-,,
10/15/2018,Equity Group Holdings Ltd Ord 0.50,KES 36.50,358700,-3,892,575,-
10/14/2018,The Co-operative Bank of Kenya Ltd Ord 1.00,-,76500,214,975,-,
10/14/2018,Equity Group Holdings Ltd Ord 0.50,-,358700,-,-,,
10/14/2018,KCB Group Ltd Ord 1.00,-,1118200,-,-,,
10/14/2018,Absa Bank Kenya Plc Ord 0.50,-,68000,-,-,,
10/14/2018,NCBA Bank Ltd Ord 5.00,-,114300,-,-,,
10/12/2018,KCB Group Ltd Ord 1.00,KES 36.00,1591000,-19,480,400,0.70%
10/12/2018,NCBA Bank Ltd Ord 5.00,KES 24.75,49100,0,3.13%,,
10/12/2018,Absa Bank Kenya Plc Ord 0.50,KES 10.50,67800,0,0.48%,,
10/12/2018,The Co-operative Bank of Kenya Ltd Ord 1.00,KES 14.90,98300,250,430,-2.30%,
10/12/2018,Equity Group Holdings Ltd Ord 0.50,KES 35.00,1994700,-30,329,587.5,-0.71%
10/11/2018,Equity Group Holdings Ltd Ord 0.50,KES 35.25,973300,-12,581,425,-
10/11/2018,NCBA Bank Ltd Ord 5.00,KES 24.00,800,0,-,,
10/11/2018,The Co-operative Bank of Kenya Ltd Ord 1.00,KES 15.25,54300,0,-,,
10/11/2018,Absa Bank Kenya Plc Ord 0.50,KES 10.45,2109300,-1,113,707.5,-
10/11/2018,KCB Group Ltd Ord 1.00,KES 35.75,3988100,-67,197,37.5,-
10/10/2018,The Co-operative Bank of Kenya Ltd Ord 1.00,-,54300,-,-,,
10/10/2018,KCB Group Ltd Ord 1.00,-,3988100,-,-,,
10/10/2018,Equity Group Holdings Ltd Ord 0.50,-,973300,-,-,,
10/10/2018,NCBA Bank Ltd Ord 5.00,-,800,-,-,,
10/10/2018,Absa Bank Kenya Plc Ord 0.50,-,2109300,-,-,,
10/9/2018,KCB Group Ltd Ord 1.00,KES 36.00,228000,-894,550,-2.04%,
10/9/2018,Equity Group Holdings Ltd Ord 0.50,KES 36.50,320000,-3,231,475,-3.95%
10/9/2018,NCBA Bank Ltd Ord 5.00,KES 24.25,1001500,0,-1.02%,,
10/9/2018,The Co-operative Bank of Kenya Ltd Ord 1.00,KES 15.30,158100,395,147.5,-0.33%,
10/9/2018,Absa Bank Kenya Plc Ord 0.50,KES 10.35,309000,-1,46,325,0.00%
10/8/2018,KCB Group Ltd Ord 1.00,KES 36.75,298000,445,587.5,-,
10/8/2018,Equity Group Holdings Ltd Ord 0.50,KES 38.00,12500,-14,350,-,
10/8/2018,The Co-operative Bank of Kenya Ltd Ord 1.00,KES 15.35,151300,0,-,,
10/8/2018,NCBA Bank Ltd Ord 5.00,KES 24.50,177800,0,-,,
10/8/2018,Absa Bank Kenya Plc Ord 0.50,KES 10.35,111200,0,-,,
10/7/2018,KCB Group Ltd Ord 1.00,-,298000,445,588,-,
10/7/2018,The Co-operative Bank of Kenya Ltd Ord 1.00,-,151300,-,-,,
10/7/2018,Absa Bank Kenya Plc Ord 0.50,-,111200,-,-,,
10/7/2018,NCBA Bank Ltd Ord 5.00,-,177800,-,-,,
10/7/2018,Equity Group Holdings Ltd Ord 0.50,-,12500,-,-,,
10/5/2018,NCBA Bank Ltd Ord 5.00,KES 24.50,541400,-215,512.5,1.03%,
10/5/2018,KCB Group Ltd Ord 1.00,KES 38.00,928900,-1,405,187.5,-1.30%
10/5/2018,The Co-operative Bank of Kenya Ltd Ord 1.00,KES 15.50,993300,435,25,0.65%,
10/5/2018,Equity Group Holdings Ltd Ord 0.50,KES 39.50,1477200,-41,165,775,-3.07%
10/5/2018,Absa Bank Kenya Plc Ord 0.50,KES 10.00,92800,-3,390,-4.76%,
10/4/2018,Equity Group Holdings Ltd Ord 0.50,KES 40.75,4586700,-20,803,812.5,0.62%
10/4/2018,NCBA Bank Ltd Ord 5.00,KES 24.25,139900,0,-1.02%,,
10/4/2018,KCB Group Ltd Ord 1.00,KES 38.50,1627700,-25,319,262.5,0.00%
10/4/2018,Absa Bank Kenya Plc Ord 0.50,KES 10.50,77300,530,-0.94%,,
10/4/2018,The Co-operative Bank of Kenya Ltd Ord 1.00,KES 15.40,248900,0,0.65%,,
10/3/2018,The Co-operative Bank of Kenya Ltd Ord 1.00,KES 15.30,66300,13,175,-0.33%,
10/3/2018,Absa Bank Kenya Plc Ord 0.50,KES 10.60,105300,358,280,-0.47%,
10/3/2018,Equity Group Holdings Ltd Ord 0.50,KES 40.50,1175000,-12,489,612.5,0.00%
10/3/2018,NCBA Bank Ltd Ord 5.00,KES 24.50,21300,0,0.00%,,
10/3/2018,KCB Group Ltd Ord 1.00,KES 38.50,3861800,-46,908,325,-0.65%
10/2/2018,Absa Bank Kenya Plc Ord 0.50,KES 10.65,572000,-1,248,267.5,0.47%
10/2/2018,The Co-operative Bank of Kenya Ltd Ord 1.00,KES 15.35,310200,-818,822.5,0.33%,
10/2/2018,KCB Group Ltd Ord 1.00,KES 38.75,2407900,-39,739,62.5,-1.27%
10/2/2018,Equity Group Holdings Ltd Ord 0.50,KES 40.50,6377500,-16,195,412.5,0.00%
10/2/2018,NCBA Bank Ltd Ord 5.00,KES 24.50,62000,61,250,0.00%,
10/1/2018,Equity Group Holdings Ltd Ord 0.50,KES 40.50,813700,-7,922,962.5,-
10/1/2018,NCBA Bank Ltd Ord 5.00,KES 24.50,18100,0,-,,
10/1/2018,Absa Bank Kenya Plc Ord 0.50,KES 10.60,102600,329,660,-,
10/1/2018,The Co-operative Bank of Kenya Ltd Ord 1.00,KES 15.30,17900,0,-,,
10/1/2018,KCB Group Ltd Ord 1.00,KES 39.25,31900,102,500,-,
9/30/2018,Absa Bank Kenya Plc Ord 0.50,-,102600,329,660,-,
9/30/2018,KCB Group Ltd Ord 1.00,-,31900,102,500,-,
9/30/2018,The Co-operative Bank of Kenya Ltd Ord 1.00,-,17900,-,-,,
9/30/2018,NCBA Bank Ltd Ord 5.00,-,18100,-,-,,
9/30/2018,Equity Group Holdings Ltd Ord 0.50,-,813700,-,-,,
9/28/2018,NCBA Bank Ltd Ord 5.00,KES 25.00,637700,0,0.00%,,
9/28/2018,Absa Bank Kenya Plc Ord 0.50,KES 10.60,137800,0,0.47%,,
9/28/2018,The Co-operative Bank of Kenya Ltd Ord 1.00,KES 15.50,213200,0,1.64%,,
9/28/2018,Equity Group Holdings Ltd Ord 0.50,KES 39.75,3250100,-14,570,412.5,0.63%
9/28/2018,KCB Group Ltd Ord 1.00,KES 39.50,2651800,-10,785,250,-1.25%
9/27/2018,Absa Bank Kenya Plc Ord 0.50,KES 10.55,154100,-21,0,-0.94%,
9/27/2018,Equity Group Holdings Ltd Ord 0.50,KES 39.50,3173700,-10,825,637.5,-0.63%
9/27/2018,KCB Group Ltd Ord 1.00,KES 40.00,3411600,-65,495,362.5,-1.23%
9/27/2018,NCBA Bank Ltd Ord 5.00,KES 25.00,312300,375,0,0.00%,
9/27/2018,The Co-operative Bank of Kenya Ltd Ord 1.00,KES 15.25,364500,796,485,0.00%,
9/26/2018,KCB Group Ltd Ord 1.00,KES 40.50,2354100,-31,377,400,1.25%
9/26/2018,Absa Bank Kenya Plc Ord 0.50,KES 10.65,135900,132,500,0.47%,
9/26/2018,NCBA Bank Ltd Ord 5.00,KES 25.00,942500,140,750,2.04%,
9/26/2018,The Co-operative Bank of Kenya Ltd Ord 1.00,KES 15.25,1354900,-9,551,250,0.66%
9/26/2018,Equity Group Holdings Ltd Ord 0.50,KES 39.75,8488300,-48,182,0,-0.63%
9/25/2018,The Co-operative Bank of Kenya Ltd Ord 1.00,KES 15.15,84900,108,5,0.33%,
9/25/2018,KCB Group Ltd Ord 1.00,KES 40.00,1821900,-10,933,700,-1.23%
9/25/2018,Absa Bank Kenya Plc Ord 0.50,KES 10.60,105000,4,320,0.47%,
9/25/2018,NCBA Bank Ltd Ord 5.00,KES 24.50,49300,0,-1.01%,,
9/25/2018,Equity Group Holdings Ltd Ord 0.50,KES 40.00,5261400,-49,589,175,0.00%
9/24/2018,Equity Group Holdings Ltd Ord 0.50,KES 40.00,8396100,-77,725,37.5,-
9/24/2018,The Co-operative Bank of Kenya Ltd Ord 1.00,KES 15.10,1086900,0,-,,
9/24/2018,KCB Group Ltd Ord 1.00,KES 40.50,3285300,-55,608,125,-
9/24/2018,NCBA Bank Ltd Ord 5.00,KES 24.75,438400,0,-,,
9/24/2018,Absa Bank Kenya Plc Ord 0.50,KES 10.55,124300,0,-,,
9/23/2018,The Co-operative Bank of Kenya Ltd Ord 1.00,-,1086900,-,-,,
9/23/2018,NCBA Bank Ltd Ord 5.00,-,438400,-,-,,
9/23/2018,Equity Group Holdings Ltd Ord 0.50,-,8396100,-,-,,
9/23/2018,KCB Group Ltd Ord 1.00,-,3285300,-,-,,
9/23/2018,Absa Bank Kenya Plc Ord 0.50,-,124300,-,-,,
9/21/2018,Equity Group Holdings Ltd Ord 0.50,KES 40.00,4416500,-29,948,987.5,0.00%
9/21/2018,Absa Bank Kenya Plc Ord 0.50,KES 10.55,281700,0,1.44%,,
9/21/2018,The Co-operative Bank of Kenya Ltd Ord 1.00,KES 15.00,287400,0,3.09%,,
9/21/2018,NCBA Bank Ltd Ord 5.00,KES 24.75,180900,0,-1.98%,,
9/21/2018,KCB Group Ltd Ord 1.00,KES 40.75,3435100,-34,610,125,2.52%
9/20/2018,Equity Group Holdings Ltd Ord 0.50,KES 40.00,81600,-1,98,737.5,-0.62%
9/20/2018,KCB Group Ltd Ord 1.00,KES 39.75,1812600,9,127,525,0.00%
9/20/2018,The Co-operative Bank of Kenya Ltd Ord 1.00,KES 14.55,110400,-395,245,4.30%,
9/20/2018,Absa Bank Kenya Plc Ord 0.50,KES 10.40,303300,0,1.96%,,
9/20/2018,NCBA Bank Ltd Ord 5.00,KES 25.25,30900,132,950,-5.61%,
9/19/2018,Absa Bank Kenya Plc Ord 0.50,KES 10.20,306900,685,950,0.49%,
9/19/2018,NCBA Bank Ltd Ord 5.00,KES 26.75,70000,0,0.94%,,
9/19/2018,The Co-operative Bank of Kenya Ltd Ord 1.00,KES 13.95,2224600,-15,295,880,0.72%
9/19/2018,KCB Group Ltd Ord 1.00,KES 39.75,944300,-6,204,37.5,4.61%
9/19/2018,Equity Group Holdings Ltd Ord 0.50,KES 40.25,1527700,-18,881,562.5,3.87%
9/18/2018,Equity Group Holdings Ltd Ord 0.50,KES 38.75,3511900,-33,628,37.5,-1.90%
9/18/2018,NCBA Bank Ltd Ord 5.00,KES 26.50,101100,0,-0.93%,,
9/18/2018,Absa Bank Kenya Plc Ord 0.50,KES 10.15,4586000,725,932.5,0.50%,
9/18/2018,KCB Group Ltd Ord 1.00,KES 38.00,3224900,-39,221,537.5,-1.94%
9/18/2018,The Co-operative Bank of Kenya Ltd Ord 1.00,KES 13.85,368400,-727,35,0.00%,
9/17/2018,KCB Group Ltd Ord 1.00,KES 38.75,506800,-3,241,525,-
9/17/2018,Equity Group Holdings Ltd Ord 0.50,KES 39.50,307200,-4,119,612.5,-
9/17/2018,The Co-operative Bank of Kenya Ltd Ord 1.00,KES 13.85,617500,-4,444,855,-
9/17/2018,Absa Bank Kenya Plc Ord 0.50,KES 10.10,5113300,0,-,,
9/17/2018,NCBA Bank Ltd Ord 5.00,KES 26.75,400700,0,-,,
9/16/2018,KCB Group Ltd Ord 1.00,-,506800,-,-,,
9/16/2018,NCBA Bank Ltd Ord 5.00,-,400700,-,-,,
9/16/2018,Equity Group Holdings Ltd Ord 0.50,-,307200,-,-,,
9/16/2018,The Co-operative Bank of Kenya Ltd Ord 1.00,-,617500,-,-,,
9/16/2018,Absa Bank Kenya Plc Ord 0.50,-,5113300,-,-,,
9/14/2018,Absa Bank Kenya Plc Ord 0.50,KES 10.15,8935200,0,-0.49%,,
9/14/2018,Equity Group Holdings Ltd Ord 0.50,KES 42.25,2494300,13,938,375,-1.74%
9/14/2018,The Co-operative Bank of Kenya Ltd Ord 1.00,KES 14.90,1642900,-9,847,440,-4.49%
9/14/2018,KCB Group Ltd Ord 1.00,KES 40.25,8958000,-64,866,0,-1.83%
9/14/2018,NCBA Bank Ltd Ord 5.00,KES 27.75,67700,0,-0.89%,,
9/13/2018,NCBA Bank Ltd Ord 5.00,KES 28.00,127900,0,-1.75%,,
9/13/2018,Absa Bank Kenya Plc Ord 0.50,KES 10.20,202500,0,0.49%,,
9/13/2018,Equity Group Holdings Ltd Ord 0.50,KES 43.00,1042200,-6,455,975,-0.58%
9/13/2018,The Co-operative Bank of Kenya Ltd Ord 1.00,KES 15.60,2720600,-20,572,677.5,-1.89%
9/13/2018,KCB Group Ltd Ord 1.00,KES 41.00,1702300,-12,803,537.5,0.00%
9/12/2018,NCBA Bank Ltd Ord 5.00,KES 28.50,20300,0,0.00%,,
9/12/2018,KCB Group Ltd Ord 1.00,KES 41.00,432100,363,225,-0.61%,
9/12/2018,Absa Bank Kenya Plc Ord 0.50,KES 10.15,88300,0,0.00%,,
9/12/2018,Equity Group Holdings Ltd Ord 0.50,KES 43.25,65500,-107,187.5,-0.57%,
9/12/2018,The Co-operative Bank of Kenya Ltd Ord 1.00,KES 15.90,1333800,-8,481,980,-1.24%
9/11/2018,KCB Group Ltd Ord 1.00,KES 41.25,2886600,-51,517,262.5,1.23%
9/11/2018,NCBA Bank Ltd Ord 5.00,KES 28.50,72500,0,-0.87%,,
9/11/2018,Absa Bank Kenya Plc Ord 0.50,KES 10.15,68900,0,0.00%,,
9/11/2018,The Co-operative Bank of Kenya Ltd Ord 1.00,KES 16.10,200800,0,-0.31%,,
9/11/2018,Equity Group Holdings Ltd Ord 0.50,KES 43.50,958300,-15,474,625,2.35%
9/10/2018,Absa Bank Kenya Plc Ord 0.50,KES 10.15,2133800,424,730,-,
9/10/2018,KCB Group Ltd Ord 1.00,KES 40.75,79500,-222,400,-,
9/10/2018,Equity Group Holdings Ltd Ord 0.50,KES 42.50,943800,-445,0,-,
9/10/2018,NCBA Bank Ltd Ord 5.00,KES 28.75,109400,0,-,,
9/10/2018,The Co-operative Bank of Kenya Ltd Ord 1.00,KES 16.15,101700,0,-,,
9/9/2018,Absa Bank Kenya Plc Ord 0.50,-,2133800,424,730,-,
9/9/2018,Equity Group Holdings Ltd Ord 0.50,-,943800,-,-,,
9/9/2018,KCB Group Ltd Ord 1.00,-,79500,-,-,,
9/9/2018,NCBA Bank Ltd Ord 5.00,-,109400,-,-,,
9/9/2018,The Co-operative Bank of Kenya Ltd Ord 1.00,-,101700,-,-,,
9/7/2018,Absa Bank Kenya Plc Ord 0.50,KES 10.25,2918600,-5,835,565,-2.84%
9/7/2018,KCB Group Ltd Ord 1.00,KES 41.50,945900,-1,521,187.5,-1.19%
9/7/2018,NCBA Bank Ltd Ord 5.00,KES 28.75,86200,0,0.00%,,
9/7/2018,The Co-operative Bank of Kenya Ltd Ord 1.00,KES 16.15,31800,0,0.00%,,
9/7/2018,Equity Group Holdings Ltd Ord 0.50,KES 43.50,1096200,-599,575,-1.14%,
9/6/2018,NCBA Bank Ltd Ord 5.00,KES 28.75,42700,0,-0.86%,,
9/6/2018,Equity Group Holdings Ltd Ord 0.50,KES 44.00,1993900,-40,628,950,-1.12%
9/6/2018,Absa Bank Kenya Plc Ord 0.50,KES 10.55,212500,30,800,-2.31%,
9/6/2018,The Co-operative Bank of Kenya Ltd Ord 1.00,KES 16.15,134500,513,220,-1.52%,
9/6/2018,KCB Group Ltd Ord 1.00,KES 42.00,1464500,-29,201,25,-1.18%
9/5/2018,KCB Group Ltd Ord 1.00,KES 42.50,716100,-1,405,187.5,-0.58%
9/5/2018,Absa Bank Kenya Plc Ord 0.50,KES 10.80,90000,-3,390,-1.82%,
9/5/2018,NCBA Bank Ltd Ord 5.00,KES 29.00,73900,-215,512.5,-1.69%,
9/5/2018,Equity Group Holdings Ltd Ord 0.50,KES 44.50,3275400,-41,165,775,0.56%
9/5/2018,The Co-operative Bank of Kenya Ltd Ord 1.00,KES 16.40,252000,435,25,-1.50%,
9/4/2018,KCB Group Ltd Ord 1.00,KES 42.75,2232900,-27,687,175,-1.72%
9/4/2018,Absa Bank Kenya Plc Ord 0.50,KES 11.00,84500,0,-0.45%,,
9/4/2018,The Co-operative Bank of Kenya Ltd Ord 1.00,KES 16.65,119600,463,210,-1.19%,
9/4/2018,NCBA Bank Ltd Ord 5.00,KES 29.50,62900,0,0.85%,,
9/4/2018,Equity Group Holdings Ltd Ord 0.50,KES 44.25,7670400,-6,996,262.5,0.00%
9/3/2018,Equity Group Holdings Ltd Ord 0.50,KES 44.25,2896900,-60,941,700,-
9/3/2018,NCBA Bank Ltd Ord 5.00,KES 29.25,22700,0,-,,
9/3/2018,KCB Group Ltd Ord 1.00,KES 43.50,4875600,-77,180,637.5,-
9/3/2018,Absa Bank Kenya Plc Ord 0.50,KES 11.05,299400,1,100,0,-
9/3/2018,The Co-operative Bank of Kenya Ltd Ord 1.00,KES 16.85,112800,33,0,-,
9/2/2018,Absa Bank Kenya Plc Ord 0.50,-,299400,1,100,0,-
9/2/2018,The Co-operative Bank of Kenya Ltd Ord 1.00,-,112800,33,0,-,
9/2/2018,Equity Group Holdings Ltd Ord 0.50,-,2896900,-,-,,
9/2/2018,NCBA Bank Ltd Ord 5.00,-,22700,-,-,,
9/2/2018,KCB Group Ltd Ord 1.00,-,4875600,-,-,,
8/31/2018,Absa Bank Kenya Plc Ord 0.50,KES 11.15,-,0,0.45%,,
8/31/2018,KCB Group Ltd Ord 1.00,KES 44.50,-,-37,174,650,0.00%
8/31/2018,Equity Group Holdings Ltd Ord 0.50,KES 44.75,-,-74,729,62.5,-1.65%
8/31/2018,NCBA Bank Ltd Ord 5.00,KES 29.00,-,0,-2.52%,,
8/31/2018,The Co-operative Bank of Kenya Ltd Ord 1.00,KES 16.75,-,0,0.90%,,
8/30/2018,The Co-operative Bank of Kenya Ltd Ord 1.00,KES 16.60,193300,-1,159,950,0.61%
8/30/2018,Absa Bank Kenya Plc Ord 0.50,KES 11.10,2100800,-1,620,395,0.45%
8/30/2018,Equity Group Holdings Ltd Ord 0.50,KES 45.50,233100,-3,954,112.5,2.25%
8/30/2018,KCB Group Ltd Ord 1.00,KES 44.50,491700,-5,55,450,-1.11%
8/30/2018,NCBA Bank Ltd Ord 5.00,KES 29.75,128600,0,-1.65%,,
8/29/2018,KCB Group Ltd Ord 1.00,KES 45.00,1462200,-18,148,975,-3.23%
8/29/2018,Absa Bank Kenya Plc Ord 0.50,KES 11.05,790400,-1,96,200,-3.91%
8/29/2018,The Co-operative Bank of Kenya Ltd Ord 1.00,KES 16.50,467800,-2,783,550,0.00%
8/29/2018,NCBA Bank Ltd Ord 5.00,KES 30.25,28500,0,-3.20%,,
8/29/2018,Equity Group Holdings Ltd Ord 0.50,KES 44.50,1946700,-42,150,100,-6.32%
8/28/2018,NCBA Bank Ltd Ord 5.00,KES 31.25,10500,0,0.00%,,
8/28/2018,The Co-operative Bank of Kenya Ltd Ord 1.00,KES 16.50,407600,-84,505,0.00%,
8/28/2018,Absa Bank Kenya Plc Ord 0.50,KES 11.50,138400,0,-1.29%,,
8/28/2018,Equity Group Holdings Ltd Ord 0.50,KES 47.50,3913000,8,985,525,-2.56%
8/28/2018,KCB Group Ltd Ord 1.00,KES 46.50,1308600,6,355,175,-1.06%
8/27/2018,NCBA Bank Ltd Ord 5.00,KES 31.25,21700,0,-,,
8/27/2018,KCB Group Ltd Ord 1.00,KES 47.00,421800,3,581,250,-
8/27/2018,The Co-operative Bank of Kenya Ltd Ord 1.00,KES 16.50,281100,0,-,,
8/27/2018,Equity Group Holdings Ltd Ord 0.50,KES 48.75,3154700,28,389,200,-
8/27/2018,Absa Bank Kenya Plc Ord 0.50,KES 11.65,232100,0,-,,
8/26/2018,KCB Group Ltd Ord 1.00,-,421800,3,581,250,-
8/26/2018,Equity Group Holdings Ltd Ord 0.50,-,3154700,28,389,200,-
8/26/2018,NCBA Bank Ltd Ord 5.00,-,21700,-,-,,
8/26/2018,Absa Bank Kenya Plc Ord 0.50,-,232100,-,-,,
8/26/2018,The Co-operative Bank of Kenya Ltd Ord 1.00,-,281100,-,-,,
8/24/2018,NCBA Bank Ltd Ord 5.00,KES 31.50,49100,0,-2.33%,,
8/24/2018,Absa Bank Kenya Plc Ord 0.50,KES 11.65,174300,0,0.00%,,
8/24/2018,Equity Group Holdings Ltd Ord 0.50,KES 49.25,6712700,1,277,500,-0.51%
8/24/2018,The Co-operative Bank of Kenya Ltd Ord 1.00,KES 16.35,70700,0,2.19%,,
8/24/2018,KCB Group Ltd Ord 1.00,KES 47.00,340800,3,557,625,-1.05%
8/23/2018,Equity Group Holdings Ltd Ord 0.50,KES 49.50,259000,111,100,-1.00%,
8/23/2018,The Co-operative Bank of Kenya Ltd Ord 1.00,KES 16.00,144300,-809,927.5,-3.61%,
8/23/2018,NCBA Bank Ltd Ord 5.00,KES 32.25,101900,3,300,-1.53%,
8/23/2018,KCB Group Ltd Ord 1.00,KES 47.50,1590500,-13,159,0,-1.04%
8/23/2018,Absa Bank Kenya Plc Ord 0.50,KES 11.65,193800,88,500,-0.85%,
8/22/2018,KCB Group Ltd Ord 1.00,KES 48.00,371900,-7,626,175,-
8/22/2018,Equity Group Holdings Ltd Ord 0.50,KES 50.00,1268500,-1,171,225,-
8/22/2018,NCBA Bank Ltd Ord 5.00,KES 32.75,167100,0,-,,
8/22/2018,The Co-operative Bank of Kenya Ltd Ord 1.00,KES 16.60,1839600,-1,908,210,-
8/22/2018,Absa Bank Kenya Plc Ord 0.50,KES 11.75,2817900,-14,507,645,-
8/21/2018,KCB Group Ltd Ord 1.00,-,371900,-,-,,
8/21/2018,Equity Group Holdings Ltd Ord 0.50,-,1268500,-,-,,
8/21/2018,NCBA Bank Ltd Ord 5.00,-,167100,-,-,,
8/21/2018,The Co-operative Bank of Kenya Ltd Ord 1.00,-,1839600,-,-,,
8/21/2018,Absa Bank Kenya Plc Ord 0.50,-,2817900,-,-,,
8/20/2018,KCB Group Ltd Ord 1.00,KES 47.75,1087700,-23,206,775,-
8/20/2018,The Co-operative Bank of Kenya Ltd Ord 1.00,KES 16.90,3597600,0,-,,
8/20/2018,Equity Group Holdings Ltd Ord 0.50,KES 50.00,693400,-9,56,975,-
8/20/2018,NCBA Bank Ltd Ord 5.00,KES 33.00,64400,0,-,,
8/20/2018,Absa Bank Kenya Plc Ord 0.50,KES 11.75,44800,0,-,,
8/19/2018,The Co-operative Bank of Kenya Ltd Ord 1.00,-,3597600,-,-,,
8/19/2018,Absa Bank Kenya Plc Ord 0.50,-,44800,-,-,,
8/19/2018,NCBA Bank Ltd Ord 5.00,-,64400,-,-,,
8/19/2018,Equity Group Holdings Ltd Ord 0.50,-,693400,-,-,,
8/19/2018,KCB Group Ltd Ord 1.00,-,1087700,-,-,,
8/17/2018,Absa Bank Kenya Plc Ord 0.50,KES 11.75,130100,0,-2.49%,,
8/17/2018,Equity Group Holdings Ltd Ord 0.50,KES 50.00,103100,2,135,162.5,0.00%
8/17/2018,KCB Group Ltd Ord 1.00,KES 48.25,185000,3,40,337.5,-1.53%
8/17/2018,NCBA Bank Ltd Ord 5.00,KES 34.00,22400,0,-0.73%,,
8/17/2018,The Co-operative Bank of Kenya Ltd Ord 1.00,KES 17.05,125800,0,-0.58%,,
8/16/2018,KCB Group Ltd Ord 1.00,KES 49.00,666300,-2,652,387.5,-1.01%
8/16/2018,NCBA Bank Ltd Ord 5.00,KES 34.25,9400,0,-1.44%,,
8/16/2018,The Co-operative Bank of Kenya Ltd Ord 1.00,KES 17.15,101000,0,0.29%,,
8/16/2018,Absa Bank Kenya Plc Ord 0.50,KES 12.05,188300,0,0.42%,,
8/16/2018,Equity Group Holdings Ltd Ord 0.50,KES 50.00,2246100,-2,20,125,0.00%
8/15/2018,KCB Group Ltd Ord 1.00,KES 49.50,1366800,-22,115,925,1.02%
8/15/2018,The Co-operative Bank of Kenya Ltd Ord 1.00,KES 17.10,115300,0,0.29%,,
8/15/2018,Equity Group Holdings Ltd Ord 0.50,KES 50.00,3972700,1,16,925,0.50%
8/15/2018,Absa Bank Kenya Plc Ord 0.50,KES 12.00,254300,121,30,-1.23%,
8/15/2018,NCBA Bank Ltd Ord 5.00,KES 34.75,33300,-8,750,0.00%,
8/14/2018,Absa Bank Kenya Plc Ord 0.50,KES 12.15,196300,0,-0.82%,,
8/14/2018,KCB Group Ltd Ord 1.00,KES 49.00,1631400,-16,765,587.5,-1.01%
8/14/2018,Equity Group Holdings Ltd Ord 0.50,KES 49.75,6123800,56,200,-3.40%,
8/14/2018,NCBA Bank Ltd Ord 5.00,KES 34.75,18500,0,0.00%,,
8/14/2018,The Co-operative Bank of Kenya Ltd Ord 1.00,KES 17.05,1022800,-171,140,0.00%,
8/13/2018,KCB Group Ltd Ord 1.00,KES 49.50,3981600,-13,861,425,-
8/13/2018,NCBA Bank Ltd Ord 5.00,KES 34.75,2800,0,-,,
8/13/2018,Equity Group Holdings Ltd Ord 0.50,KES 51.50,1267600,4,285,775,-
8/13/2018,Absa Bank Kenya Plc Ord 0.50,KES 12.25,78200,0,-,,
8/13/2018,The Co-operative Bank of Kenya Ltd Ord 1.00,KES 17.05,214400,-267,375,-,
8/12/2018,Equity Group Holdings Ltd Ord 0.50,-,1267600,4,285,775,-
8/12/2018,KCB Group Ltd Ord 1.00,-,3981600,-,-,,
8/12/2018,NCBA Bank Ltd Ord 5.00,-,2800,-,-,,
8/12/2018,Absa Bank Kenya Plc Ord 0.50,-,78200,-,-,,
8/12/2018,The Co-operative Bank of Kenya Ltd Ord 1.00,-,214400,-,-,,
8/10/2018,Absa Bank Kenya Plc Ord 0.50,KES 12.55,288000,0,1.62%,,
8/10/2018,Equity Group Holdings Ltd Ord 0.50,KES 52.50,240800,2,680,825,0.96%
8/10/2018,NCBA Bank Ltd Ord 5.00,KES 34.75,103300,0,0.72%,,
8/10/2018,The Co-operative Bank of Kenya Ltd Ord 1.00,KES 17.20,121100,0,0.00%,,
8/10/2018,KCB Group Ltd Ord 1.00,KES 50.00,2498600,9,386,900,-0.99%
8/9/2018,Absa Bank Kenya Plc Ord 0.50,KES 12.35,484300,0,2.07%,,
8/9/2018,Equity Group Holdings Ltd Ord 0.50,KES 52.00,1269800,6,557,400,0.97%
8/9/2018,The Co-operative Bank of Kenya Ltd Ord 1.00,KES 17.20,206800,0,0.00%,,
8/9/2018,NCBA Bank Ltd Ord 5.00,KES 34.50,176600,0,-0.72%,,
8/9/2018,KCB Group Ltd Ord 1.00,KES 50.50,1427300,-6,954,700,-0.98%
8/8/2018,Absa Bank Kenya Plc Ord 0.50,KES 12.10,299600,23,10,0.41%,
8/8/2018,KCB Group Ltd Ord 1.00,KES 51.00,3492700,12,695,462.5,2.00%
8/8/2018,The Co-operative Bank of Kenya Ltd Ord 1.00,KES 17.20,69100,0,0.58%,,
8/8/2018,NCBA Bank Ltd Ord 5.00,KES 34.75,24800,-119,775,0.72%,
8/8/2018,Equity Group Holdings Ltd Ord 0.50,KES 51.50,168400,3,16,650,0.98%
8/7/2018,Absa Bank Kenya Plc Ord 0.50,KES 12.05,269000,0,0.84%,,
8/7/2018,Equity Group Holdings Ltd Ord 0.50,KES 51.00,1469900,-650,800,0.99%,
8/7/2018,The Co-operative Bank of Kenya Ltd Ord 1.00,KES 17.10,101600,0,0.00%,,
8/7/2018,KCB Group Ltd Ord 1.00,KES 50.00,697800,2,453,0,0.50%
8/7/2018,NCBA Bank Ltd Ord 5.00,KES 34.50,34100,0,-0.72%,,
8/6/2018,KCB Group Ltd Ord 1.00,KES 49.75,1464700,-7,3,450,-
8/6/2018,Absa Bank Kenya Plc Ord 0.50,KES 11.95,189400,-556,310,-,
8/6/2018,Equity Group Holdings Ltd Ord 0.50,KES 50.50,844300,10,182,0,-
8/6/2018,The Co-operative Bank of Kenya Ltd Ord 1.00,KES 17.10,101600,0,-,,
8/6/2018,NCBA Bank Ltd Ord 5.00,KES 34.75,60400,0,-,,
8/5/2018,Equity Group Holdings Ltd Ord 0.50,-,844300,10,182,0,-
8/5/2018,KCB Group Ltd Ord 1.00,-,1464700,-,-,,
8/5/2018,The Co-operative Bank of Kenya Ltd Ord 1.00,-,101600,-,-,,
8/5/2018,Absa Bank Kenya Plc Ord 0.50,-,189400,-,-,,
8/5/2018,NCBA Bank Ltd Ord 5.00,-,60400,-,-,,
8/3/2018,NCBA Bank Ltd Ord 5.00,KES 35.00,1800,5,175,2.19%,
8/3/2018,The Co-operative Bank of Kenya Ltd Ord 1.00,KES 17.05,109700,0,0.29%,,
8/3/2018,Equity Group Holdings Ltd Ord 0.50,KES 50.50,121100,706,837.5,1.51%,
8/3/2018,KCB Group Ltd Ord 1.00,KES 48.75,795800,778,325,0.52%,
8/3/2018,Absa Bank Kenya Plc Ord 0.50,KES 11.75,223900,0,0.43%,,
8/2/2018,NCBA Bank Ltd Ord 5.00,KES 34.25,11600,0,-0.72%,,
8/2/2018,KCB Group Ltd Ord 1.00,KES 48.50,1580200,-1,868,400,1.04%
8/2/2018,The Co-operative Bank of Kenya Ltd Ord 1.00,KES 17.00,93800,0,0.29%,,
8/2/2018,Absa Bank Kenya Plc Ord 0.50,KES 11.70,866600,2,389,600,0.00%
8/2/2018,Equity Group Holdings Ltd Ord 0.50,KES 49.75,25700,306,275,1.02%,
8/1/2018,Equity Group Holdings Ltd Ord 0.50,KES 49.25,2166900,786,100,0.00%,
8/1/2018,The Co-operative Bank of Kenya Ltd Ord 1.00,KES 16.95,214100,-1,569,167.5,0.00%
8/1/2018,Absa Bank Kenya Plc Ord 0.50,KES 11.70,103000,0,0.86%,,
8/1/2018,NCBA Bank Ltd Ord 5.00,KES 34.50,29500,0,1.47%,,
8/1/2018,KCB Group Ltd Ord 1.00,KES 48.00,523200,-7,360,312.5,0.52%
7/31/2018,Absa Bank Kenya Plc Ord 0.50,KES 11.60,103000,73,700,0.00%,
7/31/2018,The Co-operative Bank of Kenya Ltd Ord 1.00,KES 16.95,214100,-1,465,732.5,0.00%
7/31/2018,Equity Group Holdings Ltd Ord 0.50,KES 49.25,2166900,-88,522,62.5,1.55%
7/31/2018,KCB Group Ltd Ord 1.00,KES 47.75,523200,-7,467,862.5,1.06%
7/31/2018,NCBA Bank Ltd Ord 5.00,KES 34.00,29500,30,700,0.74%,
7/30/2018,Absa Bank Kenya Plc Ord 0.50,KES 11.60,240700,499,315,-,
7/30/2018,KCB Group Ltd Ord 1.00,KES 47.25,2361100,-50,373,750,-
7/30/2018,Equity Group Holdings Ltd Ord 0.50,KES 48.50,529300,410,0,-,
7/30/2018,NCBA Bank Ltd Ord 5.00,KES 33.75,14700,0,-,,
7/30/2018,The Co-operative Bank of Kenya Ltd Ord 1.00,KES 16.95,165000,1,140,655,-
7/29/2018,Absa Bank Kenya Plc Ord 0.50,-,240700,499,315,-,
7/29/2018,Equity Group Holdings Ltd Ord 0.50,-,529300,410,0,-,
7/29/2018,The Co-operative Bank of Kenya Ltd Ord 1.00,-,165000,1,140,655,-
7/29/2018,KCB Group Ltd Ord 1.00,-,2361100,-,-,,
7/29/2018,NCBA Bank Ltd Ord 5.00,-,14700,-,-,,
7/27/2018,The Co-operative Bank of Kenya Ltd Ord 1.00,KES 16.95,190400,-42,500,-0.88%,
7/27/2018,KCB Group Ltd Ord 1.00,KES 47.00,1655000,-30,687,375,-1.05%
7/27/2018,NCBA Bank Ltd Ord 5.00,KES 34.50,45400,37,675,0.00%,
7/27/2018,Absa Bank Kenya Plc Ord 0.50,KES 11.55,174700,0,0.43%,,
7/27/2018,Equity Group Holdings Ltd Ord 0.50,KES 48.00,278900,407,500,-4.00%,
7/26/2018,The Co-operative Bank of Kenya Ltd Ord 1.00,KES 17.10,94900,0,0.59%,,
7/26/2018,Absa Bank Kenya Plc Ord 0.50,KES 11.50,117800,0,-0.43%,,
7/26/2018,KCB Group Ltd Ord 1.00,KES 47.50,1064000,-23,639,525,0.00%
7/26/2018,NCBA Bank Ltd Ord 5.00,KES 34.50,49100,1,712.5,-0.72%,
7/26/2018,Equity Group Holdings Ltd Ord 0.50,KES 50.00,54900,1,125,125,0.00%
7/25/2018,The Co-operative Bank of Kenya Ltd Ord 1.00,KES 17.00,404000,0,-0.29%,,
7/25/2018,KCB Group Ltd Ord 1.00,KES 47.50,810800,-15,917,462.5,0.00%
7/25/2018,Absa Bank Kenya Plc Ord 0.50,KES 11.55,638200,3,245,250,0.00%
7/25/2018,Equity Group Holdings Ltd Ord 0.50,KES 50.00,2229200,697,850,0.00%,
7/25/2018,NCBA Bank Ltd Ord 5.00,KES 34.75,360900,20,637.5,1.46%,
7/24/2018,NCBA Bank Ltd Ord 5.00,KES 34.25,36300,173,750,-0.72%,
7/24/2018,Equity Group Holdings Ltd Ord 0.50,KES 50.00,4727500,3,158,750,0.50%
7/24/2018,The Co-operative Bank of Kenya Ltd Ord 1.00,KES 17.05,145400,1,63,817.5,0.29%
7/24/2018,KCB Group Ltd Ord 1.00,KES 47.50,859300,-17,906,887.5,0.00%
7/24/2018,Absa Bank Kenya Plc Ord 0.50,KES 11.55,856200,4,319,975,0.00%
7/23/2018,The Co-operative Bank of Kenya Ltd Ord 1.00,KES 17.00,60200,0,-,,
7/23/2018,Absa Bank Kenya Plc Ord 0.50,KES 11.55,3293500,14,161,875,-
7/23/2018,KCB Group Ltd Ord 1.00,KES 47.50,1736600,-40,386,175,-
7/23/2018,Equity Group Holdings Ltd Ord 0.50,KES 49.75,179300,4,150,575,-
7/23/2018,NCBA Bank Ltd Ord 5.00,KES 34.50,77100,0,-,,
7/22/2018,Absa Bank Kenya Plc Ord 0.50,-,3293500,14,161,875,-
7/22/2018,Equity Group Holdings Ltd Ord 0.50,-,179300,4,150,575,-
7/22/2018,The Co-operative Bank of Kenya Ltd Ord 1.00,-,60200,-,-,,
7/22/2018,NCBA Bank Ltd Ord 5.00,-,77100,-,-,,
7/22/2018,KCB Group Ltd Ord 1.00,-,1736600,-,-,,
7/20/2018,NCBA Bank Ltd Ord 5.00,KES 34.50,59100,0,-0.72%,,
7/20/2018,Equity Group Holdings Ltd Ord 0.50,KES 49.75,243900,-139,0,0.51%,
7/20/2018,Absa Bank Kenya Plc Ord 0.50,KES 11.50,206400,922,300,0.00%,
7/20/2018,The Co-operative Bank of Kenya Ltd Ord 1.00,KES 17.10,953400,0,0.00%,,
7/20/2018,KCB Group Ltd Ord 1.00,KES 47.50,744200,-16,773,850,0.00%
7/19/2018,KCB Group Ltd Ord 1.00,KES 47.50,1022500,-8,529,25,28.38%
7/19/2018,NCBA Bank Ltd Ord 5.00,KES 34.75,91100,0,1.46%,,
7/19/2018,Equity Group Holdings Ltd Ord 0.50,KES 49.50,358000,8,738,237.5,29.41%
7/19/2018,The Co-operative Bank of Kenya Ltd Ord 1.00,KES 17.10,94900,0,0.59%,,
7/19/2018,Absa Bank Kenya Plc Ord 0.50,KES 11.50,252800,753,585,15.58%,
7/18/2018,The Co-operative Bank of Kenya Ltd Ord 1.00,KES 17.00,1408100,-7,841,97.5,0.29%
7/18/2018,Absa Bank Kenya Plc Ord 0.50,KES 9.95,64600,0,-13.10%,,
7/18/2018,NCBA Bank Ltd Ord 5.00,KES 34.25,131200,-1,16,437.5,0.00%
7/18/2018,KCB Group Ltd Ord 1.00,KES 37.00,2988500,-63,600,0,-23.32%
7/18/2018,Equity Group Holdings Ltd Ord 0.50,KES 38.25,355400,5,119,162.5,-22.34%
7/17/2018,KCB Group Ltd Ord 1.00,KES 48.25,1424800,-25,910,725,0.52%
7/17/2018,Absa Bank Kenya Plc Ord 0.50,KES 11.45,159800,-14,900,-0.43%,
7/17/2018,NCBA Bank Ltd Ord 5.00,KES 34.25,115000,-1,267,125,3.01%
7/17/2018,The Co-operative Bank of Kenya Ltd Ord 1.00,KES 16.95,535500,-962,445,-0.29%,
7/17/2018,Equity Group Holdings Ltd Ord 0.50,KES 49.25,1793900,10,227,0,0.00%
7/16/2018,Equity Group Holdings Ltd Ord 0.50,KES 49.25,1116400,1,810,387.5,-
7/16/2018,Absa Bank Kenya Plc Ord 0.50,KES 11.50,124700,0,-,,
7/16/2018,KCB Group Ltd Ord 1.00,KES 48.00,3255100,-74,780,562.5,-
7/16/2018,The Co-operative Bank of Kenya Ltd Ord 1.00,KES 17.00,29000,0,-,,
7/16/2018,NCBA Bank Ltd Ord 5.00,KES 33.25,446400,-1,34,950,-
7/15/2018,Equity Group Holdings Ltd Ord 0.50,-,1116400,1,810,388,-
7/15/2018,Absa Bank Kenya Plc Ord 0.50,-,124700,-,-,,
7/15/2018,NCBA Bank Ltd Ord 5.00,-,446400,-,-,,
7/15/2018,The Co-operative Bank of Kenya Ltd Ord 1.00,-,29000,-,-,,
7/15/2018,KCB Group Ltd Ord 1.00,-,3255100,-,-,,
7/13/2018,Absa Bank Kenya Plc Ord 0.50,KES 11.45,100300,50,150,0.00%,
7/13/2018,KCB Group Ltd Ord 1.00,KES 47.50,91000,45,500,0.00%,
7/13/2018,The Co-operative Bank of Kenya Ltd Ord 1.00,KES 17.10,747200,373,600,-0.58%,
7/13/2018,NCBA Bank Ltd Ord 5.00,KES 33.50,95400,47,700,-1.47%,
7/13/2018,Equity Group Holdings Ltd Ord 0.50,KES 48.50,274400,-6,379,187.5,-0.51%
7/12/2018,KCB Group Ltd Ord 1.00,KES 47.50,204500,-3,875,162.5,-0.52%
7/12/2018,NCBA Bank Ltd Ord 5.00,KES 34.00,20300,10,150,-2.16%,
7/12/2018,Equity Group Holdings Ltd Ord 0.50,KES 48.75,305300,-6,304,862.5,0.00%
7/12/2018,Absa Bank Kenya Plc Ord 0.50,KES 11.45,1343500,671,750,0.00%,
7/12/2018,The Co-operative Bank of Kenya Ltd Ord 1.00,KES 17.20,264400,-817,712.5,1.18%,
7/11/2018,Equity Group Holdings Ltd Ord 0.50,KES 48.75,1332100,-13,920,862.5,0.00%
7/11/2018,Absa Bank Kenya Plc Ord 0.50,KES 11.45,605900,-2,443,717.5,-0.43%
7/11/2018,KCB Group Ltd Ord 1.00,KES 47.75,2160000,-32,53,962.5,0.00%
7/11/2018,The Co-operative Bank of Kenya Ltd Ord 1.00,KES 17.00,456500,-3,584,560,-1.16%
7/11/2018,NCBA Bank Ltd Ord 5.00,KES 34.75,363000,-3,783,600,-1.42%
7/10/2018,Equity Group Holdings Ltd Ord 0.50,KES 48.75,1732400,-13,646,750,0.52%
7/10/2018,NCBA Bank Ltd Ord 5.00,KES 35.25,359500,0,-2.08%,,
7/10/2018,The Co-operative Bank of Kenya Ltd Ord 1.00,KES 17.20,49600,0,-0.58%,,
7/10/2018,KCB Group Ltd Ord 1.00,KES 47.75,3916800,-22,70,850,-0.52%
7/10/2018,Absa Bank Kenya Plc Ord 0.50,KES 11.50,129600,0,0.44%,,
7/9/2018,NCBA Bank Ltd Ord 5.00,KES 36.00,11200,0,-,,
7/9/2018,KCB Group Ltd Ord 1.00,KES 48.00,1762400,-21,205,225,-
7/9/2018,Absa Bank Kenya Plc Ord 0.50,KES 11.45,101000,0,-,,
7/9/2018,The Co-operative Bank of Kenya Ltd Ord 1.00,KES 17.30,208800,-45,240,-,
7/9/2018,Equity Group Holdings Ltd Ord 0.50,KES 48.50,1508800,3,117,162.5,-
7/8/2018,Equity Group Holdings Ltd Ord 0.50,-,1508800,3,117,163,-
7/8/2018,Absa Bank Kenya Plc Ord 0.50,-,101000,-,-,,
7/8/2018,KCB Group Ltd Ord 1.00,-,1762400,-,-,,
7/8/2018,The Co-operative Bank of Kenya Ltd Ord 1.00,-,208800,-,-,,
7/8/2018,NCBA Bank Ltd Ord 5.00,-,11200,-,-,,
7/6/2018,Absa Bank Kenya Plc Ord 0.50,KES 11.45,181300,-249,900,0.44%,
7/6/2018,NCBA Bank Ltd Ord 5.00,KES 36.50,126300,90,337.5,1.39%,
7/6/2018,KCB Group Ltd Ord 1.00,KES 48.75,659600,-60,423,600,2.63%
7/6/2018,The Co-operative Bank of Kenya Ltd Ord 1.00,KES 17.30,33400,-175,0,0.00%,
7/6/2018,Equity Group Holdings Ltd Ord 0.50,KES 48.75,38000,-18,414,337.5,0.52%
7/5/2018,Equity Group Holdings Ltd Ord 0.50,KES 48.50,1140900,-8,905,775,1.57%
7/5/2018,The Co-operative Bank of Kenya Ltd Ord 1.00,KES 17.30,79300,-14,875,1.17%,
7/5/2018,KCB Group Ltd Ord 1.00,KES 47.50,4916100,-29,958,100,2.15%
7/5/2018,Absa Bank Kenya Plc Ord 0.50,KES 11.40,98300,0,0.44%,,
7/5/2018,NCBA Bank Ltd Ord 5.00,KES 36.00,45600,-143,775,-1.37%,
7/4/2018,Absa Bank Kenya Plc Ord 0.50,KES 11.35,106900,290,352.5,-0.44%,
7/4/2018,KCB Group Ltd Ord 1.00,KES 46.50,1620000,-23,906,875,2.20%
7/4/2018,Equity Group Holdings Ltd Ord 0.50,KES 47.75,49600,-266,750,1.06%,
7/4/2018,The Co-operative Bank of Kenya Ltd Ord 1.00,KES 17.10,22500,0,0.29%,,
7/4/2018,NCBA Bank Ltd Ord 5.00,KES 36.50,81400,0,2.82%,,
7/3/2018,Equity Group Holdings Ltd Ord 0.50,KES 47.25,2052800,-4,754,937.5,1.61%
7/3/2018,KCB Group Ltd Ord 1.00,KES 45.50,2100400,-15,847,637.5,0.55%
7/3/2018,Absa Bank Kenya Plc Ord 0.50,KES 11.40,7794400,282,325,-0.44%,
7/3/2018,NCBA Bank Ltd Ord 5.00,KES 35.50,44700,-1,740,25,0.00%
7/3/2018,The Co-operative Bank of Kenya Ltd Ord 1.00,KES 17.05,243900,-6,73,57.5,0.00%
7/2/2018,KCB Group Ltd Ord 1.00,KES 45.25,1511600,-38,771,100,-
7/2/2018,NCBA Bank Ltd Ord 5.00,KES 35.50,59200,0,-,,
7/2/2018,Equity Group Holdings Ltd Ord 0.50,KES 46.50,2019700,-3,441,700,-
7/2/2018,The Co-operative Bank of Kenya Ltd Ord 1.00,KES 17.05,881600,1,542,457.5,-
7/2/2018,Absa Bank Kenya Plc Ord 0.50,KES 11.45,216000,-1,70,425,-
7/1/2018,The Co-operative Bank of Kenya Ltd Ord 1.00,-,881600,1,542,458,-
7/1/2018,Equity Group Holdings Ltd Ord 0.50,-,2019700,-,-,,
7/1/2018,Absa Bank Kenya Plc Ord 0.50,-,216000,-,-,,
7/1/2018,KCB Group Ltd Ord 1.00,-,1511600,-,-,,
7/1/2018,NCBA Bank Ltd Ord 5.00,-,59200,-,-,,
6/29/2018,KCB Group Ltd Ord 1.00,KES 45.50,1511600,-24,217,287.5,-1.62%
6/29/2018,Absa Bank Kenya Plc Ord 0.50,KES 11.70,216000,575,920,2.18%,
6/29/2018,The Co-operative Bank of Kenya Ltd Ord 1.00,KES 17.45,881600,-397,250,-0.29%,
6/29/2018,Equity Group Holdings Ltd Ord 0.50,KES 46.00,2019700,-13,659,725,-0.54%
6/29/2018,NCBA Bank Ltd Ord 5.00,KES 35.75,59200,0,0.70%,,
6/28/2018,Absa Bank Kenya Plc Ord 0.50,KES 11.45,158200,-249,900,0.00%,
6/28/2018,KCB Group Ltd Ord 1.00,KES 46.25,3223200,-60,423,600,0.00%
6/28/2018,Equity Group Holdings Ltd Ord 0.50,KES 46.25,852900,-18,414,337.5,0.00%
6/28/2018,The Co-operative Bank of Kenya Ltd Ord 1.00,KES 17.50,67500,-175,0,0.00%,
6/28/2018,NCBA Bank Ltd Ord 5.00,KES 35.50,29500,90,337.5,0.00%,
6/27/2018,KCB Group Ltd Ord 1.00,KES 46.25,3343800,-52,669,362.5,1.09%
6/27/2018,The Co-operative Bank of Kenya Ltd Ord 1.00,KES 17.50,929600,-5,335,265,0.00%
6/27/2018,NCBA Bank Ltd Ord 5.00,KES 35.50,61100,0,-0.70%,,
6/27/2018,Equity Group Holdings Ltd Ord 0.50,KES 46.25,1394700,-8,167,87.5,-2.12%
6/27/2018,Absa Bank Kenya Plc Ord 0.50,KES 11.45,276600,-295,72.5,-3.38%,
6/26/2018,KCB Group Ltd Ord 1.00,KES 45.75,1890400,-37,97,887.5,-1.61%
6/26/2018,The Co-operative Bank of Kenya Ltd Ord 1.00,KES 17.50,529800,-3,528,800,-0.28%
6/26/2018,Absa Bank Kenya Plc Ord 0.50,KES 11.85,429700,-1,456,452.5,-0.42%
6/26/2018,NCBA Bank Ltd Ord 5.00,KES 35.75,94600,169,812.5,0.00%,
6/26/2018,Equity Group Holdings Ltd Ord 0.50,KES 47.25,3669700,-27,936,475,-2.58%
6/25/2018,NCBA Bank Ltd Ord 5.00,KES 35.75,216300,0,-,,
6/25/2018,Equity Group Holdings Ltd Ord 0.50,KES 48.50,237200,2,939,625,-
6/25/2018,KCB Group Ltd Ord 1.00,KES 46.50,733000,4,708,150,-
6/25/2018,Absa Bank Kenya Plc Ord 0.50,KES 11.90,462000,0,-,,
6/25/2018,The Co-operative Bank of Kenya Ltd Ord 1.00,KES 17.55,378800,-2,541,535,-
6/24/2018,Equity Group Holdings Ltd Ord 0.50,-,237200,2,939,625,-
6/24/2018,KCB Group Ltd Ord 1.00,-,733000,4,708,150,-
6/24/2018,Absa Bank Kenya Plc Ord 0.50,-,462000,-,-,,
6/24/2018,The Co-operative Bank of Kenya Ltd Ord 1.00,-,378800,-,-,,
6/24/2018,NCBA Bank Ltd Ord 5.00,-,216300,-,-,,
6/22/2018,NCBA Bank Ltd Ord 5.00,KES 35.75,27400,0,-0.69%,,
6/22/2018,KCB Group Ltd Ord 1.00,KES 46.75,583700,3,708,987.5,-1.58%
6/22/2018,Absa Bank Kenya Plc Ord 0.50,KES 11.90,266600,-44,215,-0.42%,
6/22/2018,Equity Group Holdings Ltd Ord 0.50,KES 48.50,928500,-8,37,950,-0.51%
6/22/2018,The Co-operative Bank of Kenya Ltd Ord 1.00,KES 17.55,182600,1,209,250,-0.28%
6/21/2018,The Co-operative Bank of Kenya Ltd Ord 1.00,KES 17.60,133700,-87,500,0.57%,
6/21/2018,NCBA Bank Ltd Ord 5.00,KES 36.00,60800,0,-0.69%,,
6/21/2018,KCB Group Ltd Ord 1.00,KES 47.50,1537500,-5,319,812.5,-1.55%
6/21/2018,Equity Group Holdings Ltd Ord 0.50,KES 48.75,5482700,10,146,162.5,0.00%
6/21/2018,Absa Bank Kenya Plc Ord 0.50,KES 11.95,571000,47,600,0.42%,
6/20/2018,KCB Group Ltd Ord 1.00,KES 48.25,493200,5,33,437.5,-0.52%
6/20/2018,NCBA Bank Ltd Ord 5.00,KES 36.25,210300,286,687.5,0.00%,
6/20/2018,Absa Bank Kenya Plc Ord 0.50,KES 11.90,547800,-79,467.5,0.00%,
6/20/2018,The Co-operative Bank of Kenya Ltd Ord 1.00,KES 17.50,302800,-612,500,0.29%,
6/20/2018,Equity Group Holdings Ltd Ord 0.50,KES 48.75,6946500,2,733,712.5,1.04%
6/19/2018,KCB Group Ltd Ord 1.00,KES 48.50,1888900,-14,206,737.5,0.00%
6/19/2018,NCBA Bank Ltd Ord 5.00,KES 36.25,16100,0,0.69%,,
6/19/2018,Absa Bank Kenya Plc Ord 0.50,KES 11.90,124300,0,-0.42%,,
6/19/2018,Equity Group Holdings Ltd Ord 0.50,KES 48.25,3974500,-93,114,25,0.52%
6/19/2018,The Co-operative Bank of Kenya Ltd Ord 1.00,KES 17.45,218800,0,0.00%,,
6/18/2018,KCB Group Ltd Ord 1.00,KES 48.50,671100,-487,950,-,
6/18/2018,Equity Group Holdings Ltd Ord 0.50,KES 48.00,1624300,-13,438,250,-
6/18/2018,Absa Bank Kenya Plc Ord 0.50,KES 11.95,591500,644,530,-,
6/18/2018,The Co-operative Bank of Kenya Ltd Ord 1.00,KES 17.45,455700,-262,500,-,
6/18/2018,NCBA Bank Ltd Ord 5.00,KES 36.00,75700,0,-,,
6/17/2018,Absa Bank Kenya Plc Ord 0.50,-,591500,644,530,-,
6/17/2018,KCB Group Ltd Ord 1.00,-,671100,-,-,,
6/17/2018,Equity Group Holdings Ltd Ord 0.50,-,1624300,-,-,,
6/17/2018,The Co-operative Bank of Kenya Ltd Ord 1.00,-,455700,-,-,,
6/17/2018,NCBA Bank Ltd Ord 5.00,-,75700,-,-,,
6/14/2018,Absa Bank Kenya Plc Ord 0.50,KES 11.90,141300,-8,887.5,0.42%,
6/14/2018,The Co-operative Bank of Kenya Ltd Ord 1.00,KES 17.50,93700,0,0.00%,,
6/14/2018,KCB Group Ltd Ord 1.00,KES 48.75,2539900,-59,599,650,0.00%
6/14/2018,NCBA Bank Ltd Ord 5.00,KES 37.25,7200,3,600,-0.67%,
6/14/2018,Equity Group Holdings Ltd Ord 0.50,KES 48.75,4356400,-31,814,237.5,-0.51%
6/13/2018,Equity Group Holdings Ltd Ord 0.50,KES 49.00,3668800,-7,493,362.5,0.51%
6/13/2018,NCBA Bank Ltd Ord 5.00,KES 37.50,39200,0,6.38%,,
6/13/2018,Absa Bank Kenya Plc Ord 0.50,KES 11.85,158000,-296,250,0.00%,
6/13/2018,KCB Group Ltd Ord 1.00,KES 48.75,543300,-6,762,687.5,0.00%
6/13/2018,The Co-operative Bank of Kenya Ltd Ord 1.00,KES 17.50,1205000,4,450,2.34%,
6/12/2018,The Co-operative Bank of Kenya Ltd Ord 1.00,KES 17.10,358900,-16,682.5,-2.29%,
6/12/2018,Equity Group Holdings Ltd Ord 0.50,KES 48.75,3862100,-64,548,37.5,-0.51%
6/12/2018,Absa Bank Kenya Plc Ord 0.50,KES 11.85,108600,0,0.00%,,
6/12/2018,NCBA Bank Ltd Ord 5.00,KES 35.25,159200,175,0,1.44%,
6/12/2018,KCB Group Ltd Ord 1.00,KES 48.75,631200,-14,497,262.5,0.52%
6/11/2018,NCBA Bank Ltd Ord 5.00,KES 34.75,62200,175,0,-,
6/11/2018,Absa Bank Kenya Plc Ord 0.50,KES 11.85,106500,-,-,,
6/11/2018,Equity Group Holdings Ltd Ord 0.50,KES 49.00,838800,-,-,,
6/11/2018,The Co-operative Bank of Kenya Ltd Ord 1.00,KES 17.50,227500,-,-,,
6/11/2018,KCB Group Ltd Ord 1.00,KES 48.50,1721700,-,-,,
6/10/2018,NCBA Bank Ltd Ord 5.00,-,62200,-,-,,
6/10/2018,Equity Group Holdings Ltd Ord 0.50,-,838800,-,-,,
6/10/2018,KCB Group Ltd Ord 1.00,-,1721700,-,-,,
6/10/2018,The Co-operative Bank of Kenya Ltd Ord 1.00,-,227500,-,-,,
6/10/2018,Absa Bank Kenya Plc Ord 0.50,-,106500,-,-,,
6/8/2018,Equity Group Holdings Ltd Ord 0.50,KES 49.25,1070700,-9,828,225,0.00%
6/8/2018,The Co-operative Bank of Kenya Ltd Ord 1.00,KES 17.90,154200,0,0.56%,,
6/8/2018,KCB Group Ltd Ord 1.00,KES 48.75,474300,-7,266,350,-0.51%
6/8/2018,NCBA Bank Ltd Ord 5.00,KES 34.75,67800,-1,88,500,0.00%
6/8/2018,Absa Bank Kenya Plc Ord 0.50,KES 11.85,341500,-999,600,0.42%,
6/7/2018,NCBA Bank Ltd Ord 5.00,KES 34.75,6500,0,-0.71%,,
6/7/2018,KCB Group Ltd Ord 1.00,KES 49.00,5467100,-106,178,987.5,1.03%
6/7/2018,Equity Group Holdings Ltd Ord 0.50,KES 49.25,6994500,-157,105,587.5,0.00%
6/7/2018,Absa Bank Kenya Plc Ord 0.50,KES 11.80,19000,0,-0.42%,,
6/7/2018,The Co-operative Bank of Kenya Ltd Ord 1.00,KES 17.80,108400,0,1.71%,,
6/6/2018,NCBA Bank Ltd Ord 5.00,KES 35.00,7100,0,0.00%,,
6/6/2018,Absa Bank Kenya Plc Ord 0.50,KES 11.85,1204000,0,0.00%,,
6/6/2018,Equity Group Holdings Ltd Ord 0.50,KES 49.25,1148300,-31,919,0,0.00%
6/6/2018,The Co-operative Bank of Kenya Ltd Ord 1.00,KES 17.50,6331100,0,0.00%,,
6/6/2018,KCB Group Ltd Ord 1.00,KES 48.50,1009600,-45,358,975,-1.02%
6/5/2018,Absa Bank Kenya Plc Ord 0.50,KES 11.85,250400,-235,750,0.42%,
6/5/2018,KCB Group Ltd Ord 1.00,KES 49.00,3353700,563,737.5,0.51%,
6/5/2018,The Co-operative Bank of Kenya Ltd Ord 1.00,KES 17.50,347100,0,1.16%,,
6/5/2018,NCBA Bank Ltd Ord 5.00,KES 35.00,47900,-17,375,0.00%,
6/5/2018,Equity Group Holdings Ltd Ord 0.50,KES 49.25,4538300,-20,805,600,0.51%
6/4/2018,Equity Group Holdings Ltd Ord 0.50,KES 49.00,2620800,-17,288,587.5,-
6/4/2018,KCB Group Ltd Ord 1.00,KES 48.75,709900,930,325,-,
6/4/2018,Absa Bank Kenya Plc Ord 0.50,KES 11.80,143700,-33,320,-,
6/4/2018,The Co-operative Bank of Kenya Ltd Ord 1.00,KES 17.30,898000,-6,408,952.5,-
6/4/2018,NCBA Bank Ltd Ord 5.00,KES 35.00,34100,35,0,-,
6/3/2018,NCBA Bank Ltd Ord 5.00,-,34100,35,0,-,
6/3/2018,KCB Group Ltd Ord 1.00,-,709900,930,325,-,
6/3/2018,Absa Bank Kenya Plc Ord 0.50,-,143700,-,-,,
6/3/2018,Equity Group Holdings Ltd Ord 0.50,-,2620800,-,-,,
6/3/2018,The Co-operative Bank of Kenya Ltd Ord 1.00,-,898000,-,-,,
5/31/2018,NCBA Bank Ltd Ord 5.00,KES 34.75,17000,87,500,0.00%,
5/31/2018,The Co-operative Bank of Kenya Ltd Ord 1.00,KES 16.85,1735200,-10,221,555,2.12%
5/31/2018,Absa Bank Kenya Plc Ord 0.50,KES 11.80,243500,-298,750,-0.42%,
5/31/2018,KCB Group Ltd Ord 1.00,KES 47.50,6114300,-16,442,962.5,2.70%
5/31/2018,Equity Group Holdings Ltd Ord 0.50,KES 48.25,3355600,-5,988,287.5,2.12%
5/30/2018,NCBA Bank Ltd Ord 5.00,KES 34.75,64900,0,0.00%,,
5/30/2018,KCB Group Ltd Ord 1.00,KES 46.25,2155900,-42,628,125,0.54%
5/30/2018,Equity Group Holdings Ltd Ord 0.50,KES 47.25,4197600,-85,141,675,0.00%
5/30/2018,The Co-operative Bank of Kenya Ltd Ord 1.00,KES 16.50,543800,-1,510,255,-2.94%
5/30/2018,Absa Bank Kenya Plc Ord 0.50,KES 11.85,573400,-293,750,0.42%,
5/29/2018,KCB Group Ltd Ord 1.00,KES 46.00,604000,-11,279,925,-0.54%
5/29/2018,Absa Bank Kenya Plc Ord 0.50,KES 11.80,722900,-293,750,0.43%,
5/29/2018,NCBA Bank Ltd Ord 5.00,KES 34.75,481400,176,250,0.00%,
5/29/2018,Equity Group Holdings Ltd Ord 0.50,KES 47.25,9905900,-33,704,162.5,-3.08%
5/29/2018,The Co-operative Bank of Kenya Ltd Ord 1.00,KES 17.00,469900,-1,206,662.5,-2.86%
5/28/2018,Absa Bank Kenya Plc Ord 0.50,KES 11.75,144500,0,-,,
5/28/2018,NCBA Bank Ltd Ord 5.00,KES 34.75,12600,0,-,,
5/28/2018,The Co-operative Bank of Kenya Ltd Ord 1.00,KES 17.50,17237300,0,-,,
5/28/2018,Equity Group Holdings Ltd Ord 0.50,KES 48.75,216300,927,350,-,
5/28/2018,KCB Group Ltd Ord 1.00,KES 46.25,493100,-6,657,500,-
5/27/2018,Equity Group Holdings Ltd Ord 0.50,-,216300,927,350,-,
5/27/2018,KCB Group Ltd Ord 1.00,-,493100,-,-,,
5/27/2018,Absa Bank Kenya Plc Ord 0.50,-,144500,-,-,,
5/27/2018,The Co-operative Bank of Kenya Ltd Ord 1.00,-,17237300,-,-,,
5/27/2018,NCBA Bank Ltd Ord 5.00,-,12600,-,-,,
5/25/2018,The Co-operative Bank of Kenya Ltd Ord 1.00,KES 17.40,2109500,0,-0.85%,,
5/25/2018,Absa Bank Kenya Plc Ord 0.50,KES 11.75,1125300,-587,500,0.00%,
5/25/2018,NCBA Bank Ltd Ord 5.00,KES 34.75,38500,175,0,2.21%,
5/25/2018,Equity Group Holdings Ltd Ord 0.50,KES 48.75,103300,-44,384,612.5,1.04%
5/25/2018,KCB Group Ltd Ord 1.00,KES 46.75,2205000,-312,487.5,0.00%,
5/24/2018,KCB Group Ltd Ord 1.00,KES 46.75,2205000,-44,207,362.5,1.08%
5/24/2018,NCBA Bank Ltd Ord 5.00,KES 34.00,38500,2,337.5,-2.16%,
5/24/2018,Absa Bank Kenya Plc Ord 0.50,KES 11.75,1125300,-587,500,0.00%,
5/24/2018,Equity Group Holdings Ltd Ord 0.50,KES 48.25,103300,-418,275,0.00%,
5/24/2018,The Co-operative Bank of Kenya Ltd Ord 1.00,KES 17.55,2109500,-8,590,950,0.00%
5/23/2018,Equity Group Holdings Ltd Ord 0.50,KES 48.25,4178800,-62,959,437.5,-2.03%
5/23/2018,NCBA Bank Ltd Ord 5.00,KES 34.75,29100,166,800,0.00%,
5/23/2018,KCB Group Ltd Ord 1.00,KES 46.25,6288200,-116,290,987.5,-1.07%
5/23/2018,The Co-operative Bank of Kenya Ltd Ord 1.00,KES 17.55,1294800,-5,591,467.5,-3.84%
5/23/2018,Absa Bank Kenya Plc Ord 0.50,KES 11.75,15376200,87,540,0,0.00%
5/22/2018,KCB Group Ltd Ord 1.00,KES 46.75,1112500,-9,788,512.5,-0.53%
5/22/2018,NCBA Bank Ltd Ord 5.00,KES 34.75,43300,0,-0.71%,,
5/22/2018,Absa Bank Kenya Plc Ord 0.50,KES 11.75,538000,2,392,650,0.00%
5/22/2018,Equity Group Holdings Ltd Ord 0.50,KES 49.25,569700,46,93,125,-1.01%
5/22/2018,The Co-operative Bank of Kenya Ltd Ord 1.00,KES 18.25,3183300,-24,831,930,-1.62%
5/21/2018,KCB Group Ltd Ord 1.00,KES 47.00,1275900,-11,207,337.5,-
5/21/2018,The Co-operative Bank of Kenya Ltd Ord 1.00,KES 18.55,2001900,-11,331,45,-
5/21/2018,Equity Group Holdings Ltd Ord 0.50,KES 49.75,2141000,2,641,100,-
5/21/2018,Absa Bank Kenya Plc Ord 0.50,KES 11.75,474400,2,392,650,-
5/21/2018,NCBA Bank Ltd Ord 5.00,KES 35.00,109200,0,-,,
5/20/2018,Equity Group Holdings Ltd Ord 0.50,-,2141000,2,641,100,-
5/20/2018,Absa Bank Kenya Plc Ord 0.50,-,474400,2,392,650,-
5/20/2018,The Co-operative Bank of Kenya Ltd Ord 1.00,-,2001900,-,-,,
5/20/2018,KCB Group Ltd Ord 1.00,-,1275900,-,-,,
5/20/2018,NCBA Bank Ltd Ord 5.00,-,109200,-,-,,
5/18/2018,KCB Group Ltd Ord 1.00,KES 47.50,2143300,-9,504,612.5,-1.04%
5/18/2018,Equity Group Holdings Ltd Ord 0.50,KES 49.50,2748600,8,218,687.5,0.00%
5/18/2018,The Co-operative Bank of Kenya Ltd Ord 1.00,KES 18.55,221600,0,-0.27%,,
5/18/2018,NCBA Bank Ltd Ord 5.00,KES 36.25,54900,0,0.69%,,
5/18/2018,Absa Bank Kenya Plc Ord 0.50,KES 11.75,965300,1,71,135,0.43%
5/17/2018,Equity Group Holdings Ltd Ord 0.50,KES 49.50,1577500,-25,197,500,-0.50%
5/17/2018,KCB Group Ltd Ord 1.00,KES 48.00,1915700,-30,17,0,-3.52%
5/17/2018,The Co-operative Bank of Kenya Ltd Ord 1.00,KES 18.60,1539900,-1,266,295,-0.53%
5/17/2018,NCBA Bank Ltd Ord 5.00,KES 36.00,252700,584,600,0.00%,
5/17/2018,Absa Bank Kenya Plc Ord 0.50,KES 11.70,1815600,9,48,780,-0.43%
5/16/2018,Absa Bank Kenya Plc Ord 0.50,KES 11.75,546700,902,315,0.43%,
5/16/2018,NCBA Bank Ltd Ord 5.00,KES 36.00,20200,0,-1.37%,,
5/16/2018,KCB Group Ltd Ord 1.00,KES 49.75,1820700,-30,571,150,-1.49%
5/16/2018,Equity Group Holdings Ltd Ord 0.50,KES 49.75,2372000,-53,685,0,-0.50%
5/16/2018,The Co-operative Bank of Kenya Ltd Ord 1.00,KES 18.70,470700,-1,592,160,0.27%
5/15/2018,The Co-operative Bank of Kenya Ltd Ord 1.00,KES 18.65,860600,-803,215,0.54%,
5/15/2018,Absa Bank Kenya Plc Ord 0.50,KES 11.70,105400,0,0.43%,,
5/15/2018,Equity Group Holdings Ltd Ord 0.50,KES 50.00,5074600,-39,2,250,0.00%
5/15/2018,KCB Group Ltd Ord 1.00,KES 50.50,1172000,-1,955,800,0.00%
5/15/2018,NCBA Bank Ltd Ord 5.00,KES 36.50,68400,80,87.5,-1.35%,
5/14/2018,NCBA Bank Ltd Ord 5.00,KES 37.00,27300,0,-,,
5/14/2018,KCB Group Ltd Ord 1.00,KES 50.50,358500,-654,275,-,
5/14/2018,The Co-operative Bank of Kenya Ltd Ord 1.00,KES 18.55,1412100,-2,643,375,-
5/14/2018,Absa Bank Kenya Plc Ord 0.50,KES 11.65,108400,-40,950,-,
5/14/2018,Equity Group Holdings Ltd Ord 0.50,KES 50.00,599300,99,925,-,
5/13/2018,Equity Group Holdings Ltd Ord 0.50,-,599300,99,925,-,
5/13/2018,The Co-operative Bank of Kenya Ltd Ord 1.00,-,1412100,-,-,,
5/13/2018,Absa Bank Kenya Plc Ord 0.50,-,108400,-,-,,
5/13/2018,KCB Group Ltd Ord 1.00,-,358500,-,-,,
5/13/2018,NCBA Bank Ltd Ord 5.00,-,27300,-,-,,
5/11/2018,NCBA Bank Ltd Ord 5.00,KES 37.50,96600,0,0.00%,,
5/11/2018,KCB Group Ltd Ord 1.00,KES 50.00,2296800,-20,481,0,0.00%
5/11/2018,Absa Bank Kenya Plc Ord 0.50,KES 11.70,377600,0,0.00%,,
5/11/2018,The Co-operative Bank of Kenya Ltd Ord 1.00,KES 18.50,381400,0,-0.27%,,
5/11/2018,Equity Group Holdings Ltd Ord 0.50,KES 51.00,2297400,-6,254,400,0.00%
5/10/2018,The Co-operative Bank of Kenya Ltd Ord 1.00,KES 18.55,586700,0,0.27%,,
5/10/2018,Absa Bank Kenya Plc Ord 0.50,KES 11.70,486300,-134,550,0.00%,
5/10/2018,Equity Group Holdings Ltd Ord 0.50,KES 51.00,2249500,-22,90,925,0.00%
5/10/2018,NCBA Bank Ltd Ord 5.00,KES 37.50,911000,592,900,-1.96%,
5/10/2018,KCB Group Ltd Ord 1.00,KES 50.00,423400,1,865,800,0.00%
5/9/2018,Absa Bank Kenya Plc Ord 0.50,KES 11.70,7620800,11,317,75,0.00%
5/9/2018,The Co-operative Bank of Kenya Ltd Ord 1.00,KES 18.50,631300,0,0.00%,,
5/9/2018,KCB Group Ltd Ord 1.00,KES 50.00,368400,-4,917,325,0.50%
5/9/2018,Equity Group Holdings Ltd Ord 0.50,KES 51.00,1214900,-2,958,675,-0.97%
5/9/2018,NCBA Bank Ltd Ord 5.00,KES 38.25,122200,158,737.5,-1.29%,
5/8/2018,NCBA Bank Ltd Ord 5.00,KES 38.75,860200,0,0.65%,,
5/8/2018,Absa Bank Kenya Plc Ord 0.50,KES 11.70,59500,7,140,0.00%,
5/8/2018,KCB Group Ltd Ord 1.00,KES 49.75,2176400,-21,260,87.5,0.51%
5/8/2018,Equity Group Holdings Ltd Ord 0.50,KES 51.50,790200,3,270,350,0.00%
5/8/2018,The Co-operative Bank of Kenya Ltd Ord 1.00,KES 18.50,1601700,0,-0.54%,,
5/7/2018,Absa Bank Kenya Plc Ord 0.50,KES 11.70,6047900,35,640,0,-
5/7/2018,NCBA Bank Ltd Ord 5.00,KES 38.50,42700,18,500,-,
5/7/2018,Equity Group Holdings Ltd Ord 0.50,KES 51.50,3367600,-10,778,850,-
5/7/2018,KCB Group Ltd Ord 1.00,KES 49.50,733600,-945,762.5,-,
5/7/2018,The Co-operative Bank of Kenya Ltd Ord 1.00,KES 18.60,170300,0,-,,
5/6/2018,NCBA Bank Ltd Ord 5.00,-,42700,18,500,-,
5/6/2018,Absa Bank Kenya Plc Ord 0.50,-,6047900,35,640,0,-
5/6/2018,The Co-operative Bank of Kenya Ltd Ord 1.00,-,170300,-,-,,
5/6/2018,Equity Group Holdings Ltd Ord 0.50,-,3367600,-,-,,
5/6/2018,KCB Group Ltd Ord 1.00,-,733600,-,-,,
5/4/2018,Equity Group Holdings Ltd Ord 0.50,KES 51.00,133700,-576,575,0.00%,
5/4/2018,The Co-operative Bank of Kenya Ltd Ord 1.00,KES 18.45,729400,0,2.79%,,
5/4/2018,NCBA Bank Ltd Ord 5.00,KES 37.75,50000,0,2.03%,,
5/4/2018,Absa Bank Kenya Plc Ord 0.50,KES 11.75,5397000,19,368,700,-2.08%
5/4/2018,KCB Group Ltd Ord 1.00,KES 48.75,1330400,-25,900,487.5,1.04%
5/3/2018,KCB Group Ltd Ord 1.00,KES 48.25,3263800,-57,531,825,1.05%
5/3/2018,Equity Group Holdings Ltd Ord 0.50,KES 51.00,1709300,3,506,200,0.99%
5/3/2018,The Co-operative Bank of Kenya Ltd Ord 1.00,KES 17.95,544200,2,73,420,-3.49%
5/3/2018,NCBA Bank Ltd Ord 5.00,KES 37.00,175300,0,2.07%,,
5/3/2018,Absa Bank Kenya Plc Ord 0.50,KES 12.00,819800,3,714,620,0.00%
5/2/2018,KCB Group Ltd Ord 1.00,KES 47.75,1302300,-21,524,587.5,-
5/2/2018,Absa Bank Kenya Plc Ord 0.50,KES 12.00,1033800,1,697,110,-
5/2/2018,Equity Group Holdings Ltd Ord 0.50,KES 50.50,590000,6,745,100,-
5/2/2018,The Co-operative Bank of Kenya Ltd Ord 1.00,KES 18.60,257800,545,247.5,-,
5/2/2018,NCBA Bank Ltd Ord 5.00,KES 36.25,31200,0,-,,
5/1/2018,Absa Bank Kenya Plc Ord 0.50,-,1033800,1,697,110,-
5/1/2018,The Co-operative Bank of Kenya Ltd Ord 1.00,-,257800,545,248,-,
5/1/2018,Equity Group Holdings Ltd Ord 0.50,-,590000,6,745,100,-
5/1/2018,NCBA Bank Ltd Ord 5.00,-,31200,-,-,,
5/1/2018,KCB Group Ltd Ord 1.00,-,1302300,-,-,,
4/30/2018,NCBA Bank Ltd Ord 5.00,KES 36.50,425200,-1,804,687.5,-
4/30/2018,The Co-operative Bank of Kenya Ltd Ord 1.00,KES 18.65,101600,0,-,,
4/30/2018,Equity Group Holdings Ltd Ord 0.50,KES 50.00,5539400,-71,681,712.5,-
4/30/2018,Absa Bank Kenya Plc Ord 0.50,KES 12.00,801200,-293,265,-,
4/30/2018,KCB Group Ltd Ord 1.00,KES 47.75,1763000,-13,588,450,-
4/29/2018,Equity Group Holdings Ltd Ord 0.50,-,5539400,-,-,,
4/29/2018,NCBA Bank Ltd Ord 5.00,-,425200,-,-,,
4/29/2018,The Co-operative Bank of Kenya Ltd Ord 1.00,-,101600,-,-,,
4/29/2018,KCB Group Ltd Ord 1.00,-,1763000,-,-,,
4/29/2018,Absa Bank Kenya Plc Ord 0.50,-,801200,-,-,,
4/27/2018,NCBA Bank Ltd Ord 5.00,KES 36.75,210800,205,0,-10.37%,
4/27/2018,Absa Bank Kenya Plc Ord 0.50,KES 12.05,899500,0,-9.06%,,
4/27/2018,The Co-operative Bank of Kenya Ltd Ord 1.00,KES 18.55,249200,797,350,0.00%,
4/27/2018,Equity Group Holdings Ltd Ord 0.50,KES 49.25,2505100,-17,146,987.5,0.00%
4/27/2018,KCB Group Ltd Ord 1.00,KES 47.75,592500,-5,265,150,-4.50%
4/26/2018,KCB Group Ltd Ord 1.00,KES 50.00,500000,-8,207,375,1.01%
4/26/2018,NCBA Bank Ltd Ord 5.00,KES 41.00,166900,967,600,0.61%,
4/26/2018,Absa Bank Kenya Plc Ord 0.50,KES 13.25,2301900,6,748,555,-0.75%
4/26/2018,Equity Group Holdings Ltd Ord 0.50,KES 49.25,1008000,-7,653,287.5,1.03%
4/26/2018,The Co-operative Bank of Kenya Ltd Ord 1.00,KES 18.55,726700,684,800,0.27%,
4/25/2018,Equity Group Holdings Ltd Ord 0.50,KES 48.75,2045000,-15,47,125,0.00%
4/25/2018,KCB Group Ltd Ord 1.00,KES 49.50,4311400,-49,923,525,-2.94%
4/25/2018,NCBA Bank Ltd Ord 5.00,KES 40.75,847900,7,999,612.5,-0.61%
4/25/2018,Absa Bank Kenya Plc Ord 0.50,KES 13.35,1940800,4,68,230,-0.37%
4/25/2018,The Co-operative Bank of Kenya Ltd Ord 1.00,KES 18.50,1189700,5,200,840,0.27%
4/24/2018,Absa Bank Kenya Plc Ord 0.50,KES 13.40,931200,3,323,590,1.90%
4/24/2018,Equity Group Holdings Ltd Ord 0.50,KES 48.75,1949600,-24,0,87.5,0.00%
4/24/2018,The Co-operative Bank of Kenya Ltd Ord 1.00,KES 18.45,1063400,93,205,0.27%,
4/24/2018,NCBA Bank Ltd Ord 5.00,KES 41.00,181400,0,0.00%,,
4/24/2018,KCB Group Ltd Ord 1.00,KES 51.00,5692100,-27,746,750,-1.92%
4/23/2018,NCBA Bank Ltd Ord 5.00,KES 41.00,206600,0,-,,
4/23/2018,The Co-operative Bank of Kenya Ltd Ord 1.00,KES 18.40,110900,0,-,,
4/23/2018,Equity Group Holdings Ltd Ord 0.50,KES 48.75,1034200,-15,136,675,-
4/23/2018,KCB Group Ltd Ord 1.00,KES 52.00,2124200,36,314,525,-
4/23/2018,Absa Bank Kenya Plc Ord 0.50,KES 13.15,340900,0,-,,
4/22/2018,KCB Group Ltd Ord 1.00,-,2124200,36,314,525,-
4/22/2018,The Co-operative Bank of Kenya Ltd Ord 1.00,-,110900,-,-,,
4/22/2018,Absa Bank Kenya Plc Ord 0.50,-,340900,-,-,,
4/22/2018,NCBA Bank Ltd Ord 5.00,-,206600,-,-,,
4/22/2018,Equity Group Holdings Ltd Ord 0.50,-,1034200,-,-,,
4/20/2018,Absa Bank Kenya Plc Ord 0.50,KES 12.70,1526800,6,426,702.5,-0.78%
4/20/2018,The Co-operative Bank of Kenya Ltd Ord 1.00,KES 18.55,161200,0,-0.27%,,
4/20/2018,Equity Group Holdings Ltd Ord 0.50,KES 48.50,1138800,-11,268,875,1.04%
4/20/2018,KCB Group Ltd Ord 1.00,KES 53.00,585400,710,25,0.95%,
4/20/2018,NCBA Bank Ltd Ord 5.00,KES 41.75,167800,-414,675,-1.18%,
4/19/2018,Equity Group Holdings Ltd Ord 0.50,KES 48.00,1285000,-14,710,912.5,-5.88%
4/19/2018,KCB Group Ltd Ord 1.00,KES 52.50,1033700,-12,901,450,0.96%
4/19/2018,Absa Bank Kenya Plc Ord 0.50,KES 12.80,1787200,8,275,150,-1.16%
4/19/2018,The Co-operative Bank of Kenya Ltd Ord 1.00,KES 18.60,91900,0,0.54%,,
4/19/2018,NCBA Bank Ltd Ord 5.00,KES 42.25,304800,-242,250,-0.59%,
4/18/2018,KCB Group Ltd Ord 1.00,KES 52.00,1653600,1,84,550,0.97%
4/18/2018,The Co-operative Bank of Kenya Ltd Ord 1.00,KES 18.50,243500,-423,532.5,0.00%,
4/18/2018,Absa Bank Kenya Plc Ord 0.50,KES 12.95,526500,0,-0.38%,,
4/18/2018,NCBA Bank Ltd Ord 5.00,KES 42.50,206300,397,875,0.59%,
4/18/2018,Equity Group Holdings Ltd Ord 0.50,KES 51.00,3116600,-291,875,2.00%,
4/17/2018,Equity Group Holdings Ltd Ord 0.50,KES 50.00,1598700,15,678,0,-1.96%
4/17/2018,NCBA Bank Ltd Ord 5.00,KES 42.25,354600,-1,221,750,0.00%
4/17/2018,KCB Group Ltd Ord 1.00,KES 51.50,1280800,32,296,625,0.00%
4/17/2018,Absa Bank Kenya Plc Ord 0.50,KES 13.00,1413600,5,187,700,-1.52%
4/17/2018,The Co-operative Bank of Kenya Ltd Ord 1.00,KES 18.50,2675800,0,-1.60%,,
4/16/2018,The Co-operative Bank of Kenya Ltd Ord 1.00,KES 18.80,1609600,-40,320,-,
4/16/2018,Absa Bank Kenya Plc Ord 0.50,KES 13.20,494500,-90,440,-,
4/16/2018,KCB Group Ltd Ord 1.00,KES 51.50,1768700,32,317,925,-
4/16/2018,Equity Group Holdings Ltd Ord 0.50,KES 51.00,2112500,32,761,950,-
4/16/2018,NCBA Bank Ltd Ord 5.00,KES 42.25,315300,0,-,,
4/15/2018,Equity Group Holdings Ltd Ord 0.50,-,2112500,32,761,950,-
4/15/2018,KCB Group Ltd Ord 1.00,-,1768700,32,317,925,-
4/15/2018,The Co-operative Bank of Kenya Ltd Ord 1.00,-,1609600,-,-,,
4/15/2018,NCBA Bank Ltd Ord 5.00,-,315300,-,-,,
4/15/2018,Absa Bank Kenya Plc Ord 0.50,-,494500,-,-,,
4/13/2018,KCB Group Ltd Ord 1.00,KES 51.50,1402100,26,170,175,0.00%
4/13/2018,NCBA Bank Ltd Ord 5.00,KES 43.25,278900,11,125,-1.14%,
4/13/2018,Equity Group Holdings Ltd Ord 0.50,KES 54.00,6946200,41,680,300,-2.70%
4/13/2018,Absa Bank Kenya Plc Ord 0.50,KES 13.30,10219200,-1,467,610,-0.37%
4/13/2018,The Co-operative Bank of Kenya Ltd Ord 1.00,KES 18.95,348000,0,-2.32%,,
4/12/2018,The Co-operative Bank of Kenya Ltd Ord 1.00,KES 19.40,956400,2,127,637.5,0.78%
4/12/2018,Equity Group Holdings Ltd Ord 0.50,KES 55.50,4893700,57,288,0,0.00%
4/12/2018,Absa Bank Kenya Plc Ord 0.50,KES 13.35,1004200,5,494,450,2.69%
4/12/2018,NCBA Bank Ltd Ord 5.00,KES 43.75,375900,-332,212.5,-0.57%,
4/12/2018,KCB Group Ltd Ord 1.00,KES 51.50,680000,5,919,775,-1.90%
4/11/2018,NCBA Bank Ltd Ord 5.00,KES 44.00,274800,25,200,0.00%,
4/11/2018,Absa Bank Kenya Plc Ord 0.50,KES 13.00,985800,464,400,0.39%,
4/11/2018,KCB Group Ltd Ord 1.00,KES 52.50,1524600,-10,616,875,-0.94%
4/11/2018,The Co-operative Bank of Kenya Ltd Ord 1.00,KES 19.25,613400,1,749,590,-3.27%
4/11/2018,Equity Group Holdings Ltd Ord 0.50,KES 55.50,1350300,27,481,200,-0.89%
4/10/2018,NCBA Bank Ltd Ord 5.00,KES 44.00,79300,0,0.57%,,
4/10/2018,Absa Bank Kenya Plc Ord 0.50,KES 12.95,5302800,22,913,620,0.39%
4/10/2018,The Co-operative Bank of Kenya Ltd Ord 1.00,KES 19.90,222300,1,248,980,0.76%
4/10/2018,KCB Group Ltd Ord 1.00,KES 53.00,419800,5,121,275,-1.85%
4/10/2018,Equity Group Holdings Ltd Ord 0.50,KES 56.00,6594800,36,8,375,0.00%
4/9/2018,The Co-operative Bank of Kenya Ltd Ord 1.00,KES 19.75,217100,520,80,-,
4/9/2018,Absa Bank Kenya Plc Ord 0.50,KES 12.90,1639700,8,307,425,-
4/9/2018,Equity Group Holdings Ltd Ord 0.50,KES 56.00,131100,1,419,275,-
4/9/2018,KCB Group Ltd Ord 1.00,KES 54.00,341500,6,255,900,-
4/9/2018,NCBA Bank Ltd Ord 5.00,KES 43.75,85700,0,-,,
4/8/2018,KCB Group Ltd Ord 1.00,-,341500,6,255,900,-
4/8/2018,Equity Group Holdings Ltd Ord 0.50,-,131100,1,419,275,-
4/8/2018,The Co-operative Bank of Kenya Ltd Ord 1.00,-,217100,520,80,-,
4/8/2018,Absa Bank Kenya Plc Ord 0.50,-,1639700,8,307,425,-
4/8/2018,NCBA Bank Ltd Ord 5.00,-,85700,-,-,,
4/6/2018,NCBA Bank Ltd Ord 5.00,KES 41.75,622800,0,0.60%,,
4/6/2018,KCB Group Ltd Ord 1.00,KES 54.00,377300,6,386,750,0.00%
4/6/2018,Equity Group Holdings Ltd Ord 0.50,KES 56.00,2388400,65,145,375,2.75%
4/6/2018,Absa Bank Kenya Plc Ord 0.50,KES 12.95,2263000,10,23,300,0.00%
4/6/2018,The Co-operative Bank of Kenya Ltd Ord 1.00,KES 19.70,152000,542,897.5,1.03%,
4/5/2018,KCB Group Ltd Ord 1.00,KES 54.00,695000,-7,723,550,0.00%
4/5/2018,NCBA Bank Ltd Ord 5.00,KES 41.50,752000,509,375,1.84%,
4/5/2018,The Co-operative Bank of Kenya Ltd Ord 1.00,KES 19.50,2324500,10,823,875,-1.52%
4/5/2018,Absa Bank Kenya Plc Ord 0.50,KES 12.95,376200,-399,695,0.00%,
4/5/2018,Equity Group Holdings Ltd Ord 0.50,KES 54.50,1332400,8,11,650,0.00%
4/4/2018,KCB Group Ltd Ord 1.00,KES 54.00,1209500,-11,811,50,0.93%
4/4/2018,NCBA Bank Ltd Ord 5.00,KES 40.75,139700,0,0.00%,,
4/4/2018,Equity Group Holdings Ltd Ord 0.50,KES 54.50,5069800,-8,956,150,0.00%
4/4/2018,The Co-operative Bank of Kenya Ltd Ord 1.00,KES 19.80,1338100,2,146,817.5,-0.75%
4/4/2018,Absa Bank Kenya Plc Ord 0.50,KES 12.95,1322500,-4,412,207.5,0.00%
4/3/2018,The Co-operative Bank of Kenya Ltd Ord 1.00,KES 19.95,1260900,301,797.5,-,
4/3/2018,Equity Group Holdings Ltd Ord 0.50,KES 54.50,1355400,3,442,525,-
4/3/2018,NCBA Bank Ltd Ord 5.00,KES 40.75,155800,412,500,-,
4/3/2018,Absa Bank Kenya Plc Ord 0.50,KES 12.95,1252600,1,671,807.5,-
4/3/2018,KCB Group Ltd Ord 1.00,KES 53.50,1811000,-8,695,675,-
4/2/2018,Absa Bank Kenya Plc Ord 0.50,-,1252600,1,671,808,-
4/2/2018,The Co-operative Bank of Kenya Ltd Ord 1.00,-,1260900,301,798,-,
4/2/2018,NCBA Bank Ltd Ord 5.00,-,155800,412,500,-,
4/2/2018,Equity Group Holdings Ltd Ord 0.50,-,1355400,3,442,525,-
4/2/2018,KCB Group Ltd Ord 1.00,-,1811000,-,-,,
3/29/2018,KCB Group Ltd Ord 1.00,KES 53.00,7452600,-25,463,300,0.95%
3/29/2018,Equity Group Holdings Ltd Ord 0.50,KES 54.00,6001800,81,184,500,0.93%
3/29/2018,Absa Bank Kenya Plc Ord 0.50,KES 12.80,946700,12,727.5,0.00%,
3/29/2018,NCBA Bank Ltd Ord 5.00,KES 40.75,274700,-94,875,-1.21%,
3/29/2018,The Co-operative Bank of Kenya Ltd Ord 1.00,KES 19.70,321900,-1,822,252.5,0.51%
3/28/2018,NCBA Bank Ltd Ord 5.00,KES 41.25,128600,0,0.00%,,
3/28/2018,Absa Bank Kenya Plc Ord 0.50,KES 12.80,940000,-1,15,742.5,1.99%
3/28/2018,The Co-operative Bank of Kenya Ltd Ord 1.00,KES 19.60,2148500,-14,312,295,0.00%
3/28/2018,Equity Group Holdings Ltd Ord 0.50,KES 53.50,5765400,101,292,750,-0.93%
3/28/2018,KCB Group Ltd Ord 1.00,KES 52.50,1197100,14,301,50,0.96%
3/27/2018,Absa Bank Kenya Plc Ord 0.50,KES 12.55,4629900,10,834,227.5,0.00%
3/27/2018,NCBA Bank Ltd Ord 5.00,KES 41.25,1089600,-357,550,0.00%,
3/27/2018,Equity Group Holdings Ltd Ord 0.50,KES 54.00,3115400,57,780,600,0.93%
3/27/2018,The Co-operative Bank of Kenya Ltd Ord 1.00,KES 19.60,1788100,0,0.00%,,
3/27/2018,KCB Group Ltd Ord 1.00,KES 52.00,1072700,3,422,100,1.96%
3/26/2018,NCBA Bank Ltd Ord 5.00,KES 41.25,721300,-2,705,575,-
3/26/2018,The Co-operative Bank of Kenya Ltd Ord 1.00,KES 19.60,831300,-3,412,530,-
3/26/2018,Equity Group Holdings Ltd Ord 0.50,KES 53.50,3136000,64,595,625,-
3/26/2018,Absa Bank Kenya Plc Ord 0.50,KES 12.55,1571200,5,463,232.5,-
3/26/2018,KCB Group Ltd Ord 1.00,KES 51.00,826400,-7,117,600,-
3/25/2018,Equity Group Holdings Ltd Ord 0.50,-,3136000,64,595,625,-
3/25/2018,Absa Bank Kenya Plc Ord 0.50,-,1571200,5,463,233,-
3/25/2018,NCBA Bank Ltd Ord 5.00,-,721300,-,-,,
3/25/2018,KCB Group Ltd Ord 1.00,-,826400,-,-,,
3/25/2018,The Co-operative Bank of Kenya Ltd Ord 1.00,-,831300,-,-,,
3/23/2018,Absa Bank Kenya Plc Ord 0.50,KES 12.60,1139900,1,876,327.5,-0.40%
3/23/2018,Equity Group Holdings Ltd Ord 0.50,KES 53.00,4650900,23,901,75,0.00%
3/23/2018,NCBA Bank Ltd Ord 5.00,KES 41.25,520600,0,-1.20%,,
3/23/2018,KCB Group Ltd Ord 1.00,KES 50.50,1634600,-25,766,350,-0.98%
3/23/2018,The Co-operative Bank of Kenya Ltd Ord 1.00,KES 19.50,490600,-1,66,452.5,0.00%
3/22/2018,The Co-operative Bank of Kenya Ltd Ord 1.00,KES 19.50,357200,0,0.00%,,
3/22/2018,NCBA Bank Ltd Ord 5.00,KES 41.75,1311400,412,500,1.21%,
3/22/2018,Absa Bank Kenya Plc Ord 0.50,KES 12.65,1254400,-252,880,0.00%,
3/22/2018,Equity Group Holdings Ltd Ord 0.50,KES 53.00,9624400,61,721,375,0.95%
3/22/2018,KCB Group Ltd Ord 1.00,KES 51.00,6383500,-38,421,425,-0.97%
3/21/2018,The Co-operative Bank of Kenya Ltd Ord 1.00,KES 19.50,1918100,202,57.5,0.26%,
3/21/2018,NCBA Bank Ltd Ord 5.00,KES 41.25,322600,-150,150,1.85%,
3/21/2018,Absa Bank Kenya Plc Ord 0.50,KES 12.65,1616600,2,244,575,0.00%
3/21/2018,Equity Group Holdings Ltd Ord 0.50,KES 52.50,13066600,72,857,750,0.00%
3/21/2018,KCB Group Ltd Ord 1.00,KES 51.50,7148800,-40,436,525,0.00%
3/20/2018,The Co-operative Bank of Kenya Ltd Ord 1.00,KES 19.45,1980400,-588,957.5,0.00%,
3/20/2018,KCB Group Ltd Ord 1.00,KES 51.50,3743300,-63,713,350,0.98%
3/20/2018,Equity Group Holdings Ltd Ord 0.50,KES 52.50,9114900,83,911,925,-1.87%
3/20/2018,Absa Bank Kenya Plc Ord 0.50,KES 12.65,3218100,11,669,880,0.00%
3/20/2018,NCBA Bank Ltd Ord 5.00,KES 40.50,173900,20,0,3.85%,
3/19/2018,Absa Bank Kenya Plc Ord 0.50,KES 12.65,2086300,7,196,497.5,-
3/19/2018,The Co-operative Bank of Kenya Ltd Ord 1.00,KES 19.45,3571900,-19,121,350,-
3/19/2018,KCB Group Ltd Ord 1.00,KES 51.00,6487100,-34,776,375,-
3/19/2018,Equity Group Holdings Ltd Ord 0.50,KES 53.50,8492700,-1,431,700,-
3/19/2018,NCBA Bank Ltd Ord 5.00,KES 39.00,363100,0,-,,
3/18/2018,Absa Bank Kenya Plc Ord 0.50,-,2086300,7,196,498,-
3/18/2018,Equity Group Holdings Ltd Ord 0.50,-,8492700,-,-,,
3/18/2018,NCBA Bank Ltd Ord 5.00,-,363100,-,-,,
3/18/2018,The Co-operative Bank of Kenya Ltd Ord 1.00,-,3571900,-,-,,
3/18/2018,KCB Group Ltd Ord 1.00,-,6487100,-,-,,
3/16/2018,The Co-operative Bank of Kenya Ltd Ord 1.00,KES 19.20,2168000,418,950,0.52%,
3/16/2018,KCB Group Ltd Ord 1.00,KES 50.00,2129900,23,994,850,-3.85%
3/16/2018,Equity Group Holdings Ltd Ord 0.50,KES 52.50,2839200,10,847,500,-0.94%
3/16/2018,Absa Bank Kenya Plc Ord 0.50,KES 12.30,1177300,-44,840,0.82%,
3/16/2018,NCBA Bank Ltd Ord 5.00,KES 38.75,1019900,496,875,1.31%,
3/15/2018,KCB Group Ltd Ord 1.00,KES 52.00,3894100,54,748,50,1.96%
3/15/2018,NCBA Bank Ltd Ord 5.00,KES 38.25,475600,0,2.68%,,
3/15/2018,Equity Group Holdings Ltd Ord 0.50,KES 53.00,1793700,18,194,550,3.92%
3/15/2018,The Co-operative Bank of Kenya Ltd Ord 1.00,KES 19.10,1746500,1,360,437.5,0.53%
3/15/2018,Absa Bank Kenya Plc Ord 0.50,KES 12.20,1344000,1,603,485,2.09%
3/14/2018,NCBA Bank Ltd Ord 5.00,KES 37.25,1797800,0,1.36%,,
3/14/2018,KCB Group Ltd Ord 1.00,KES 51.00,2686100,-57,389,275,0.00%
3/14/2018,Absa Bank Kenya Plc Ord 0.50,KES 11.95,1736000,4,254,410,0.00%
3/14/2018,The Co-operative Bank of Kenya Ltd Ord 1.00,KES 19.00,751200,0,0.00%,,
3/14/2018,Equity Group Holdings Ltd Ord 0.50,KES 51.00,7273800,-61,656,250,2.51%
3/13/2018,Equity Group Holdings Ltd Ord 0.50,KES 49.75,2185400,211,462.5,-0.50%,
3/13/2018,KCB Group Ltd Ord 1.00,KES 51.00,10319500,-97,329,637.5,0.00%
3/13/2018,Absa Bank Kenya Plc Ord 0.50,KES 11.95,2123400,-2,47,50,2.58%
3/13/2018,The Co-operative Bank of Kenya Ltd Ord 1.00,KES 19.00,1673400,0,-2.06%,,
3/13/2018,NCBA Bank Ltd Ord 5.00,KES 36.75,306400,-374,300,0.00%,
3/12/2018,Absa Bank Kenya Plc Ord 0.50,KES 11.65,513600,-167,70,-,
3/12/2018,Equity Group Holdings Ltd Ord 0.50,KES 50.00,2436600,572,837.5,-,
3/12/2018,KCB Group Ltd Ord 1.00,KES 51.00,3893200,5,128,512.5,-
3/12/2018,NCBA Bank Ltd Ord 5.00,KES 36.75,188100,0,-,,
3/12/2018,The Co-operative Bank of Kenya Ltd Ord 1.00,KES 19.40,502100,0,-,,
3/11/2018,Equity Group Holdings Ltd Ord 0.50,-,2436600,572,838,-,
3/11/2018,KCB Group Ltd Ord 1.00,-,3893200,5,128,513,-
3/11/2018,NCBA Bank Ltd Ord 5.00,-,188100,-,-,,
3/11/2018,The Co-operative Bank of Kenya Ltd Ord 1.00,-,502100,-,-,,
3/11/2018,Absa Bank Kenya Plc Ord 0.50,-,513600,-,-,,
3/9/2018,NCBA Bank Ltd Ord 5.00,KES 37.50,250800,0,-0.66%,,
3/9/2018,Equity Group Holdings Ltd Ord 0.50,KES 48.75,1349500,15,925,50,1.56%
3/9/2018,KCB Group Ltd Ord 1.00,KES 50.00,986900,9,303,375,1.52%
3/9/2018,Absa Bank Kenya Plc Ord 0.50,KES 11.45,2039800,-4,801,305,2.23%
3/9/2018,The Co-operative Bank of Kenya Ltd Ord 1.00,KES 19.05,2104100,0,0.53%,,
3/8/2018,KCB Group Ltd Ord 1.00,KES 49.25,3120400,0,1.03%,,
3/8/2018,Equity Group Holdings Ltd Ord 0.50,KES 48.00,5424200,0,0.52%,,
3/8/2018,NCBA Bank Ltd Ord 5.00,KES 37.75,536900,0,0.67%,,
3/8/2018,The Co-operative Bank of Kenya Ltd Ord 1.00,KES 18.95,3043700,0,0.80%,,
3/8/2018,Absa Bank Kenya Plc Ord 0.50,KES 11.20,642000,0,0.90%,,
3/7/2018,NCBA Bank Ltd Ord 5.00,KES 37.50,1876300,0,-0.66%,,
3/7/2018,Equity Group Holdings Ltd Ord 0.50,KES 47.75,2125600,49,935,687.5,0.00%
3/7/2018,Absa Bank Kenya Plc Ord 0.50,KES 11.10,661400,0,-0.89%,,
3/7/2018,The Co-operative Bank of Kenya Ltd Ord 1.00,KES 18.80,1882500,1,117,45,1.35%
3/7/2018,KCB Group Ltd Ord 1.00,KES 48.75,6262400,-64,240,112.5,1.04%
3/6/2018,Absa Bank Kenya Plc Ord 0.50,KES 11.20,664100,1,808,115,0.00%
3/6/2018,Equity Group Holdings Ltd Ord 0.50,KES 47.75,3843200,-20,517,25,0.00%
3/6/2018,The Co-operative Bank of Kenya Ltd Ord 1.00,KES 18.55,331500,747,800,0.54%,
3/6/2018,NCBA Bank Ltd Ord 5.00,KES 37.75,253900,2,486,800,-0.66%
3/6/2018,KCB Group Ltd Ord 1.00,KES 48.25,2548500,-8,926,837.5,-2.03%
3/5/2018,The Co-operative Bank of Kenya Ltd Ord 1.00,KES 18.45,463500,1,550,427.5,-
3/5/2018,Equity Group Holdings Ltd Ord 0.50,KES 47.75,3576900,58,267,687.5,-
3/5/2018,Absa Bank Kenya Plc Ord 0.50,KES 11.20,272300,-281,940,-,
3/5/2018,KCB Group Ltd Ord 1.00,KES 49.25,352200,459,712.5,-,
3/5/2018,NCBA Bank Ltd Ord 5.00,KES 38.00,65900,-130,462.5,-,
3/4/2018,The Co-operative Bank of Kenya Ltd Ord 1.00,-,463500,1,550,428,-
3/4/2018,Equity Group Holdings Ltd Ord 0.50,-,3576900,58,267,688,-
3/4/2018,KCB Group Ltd Ord 1.00,-,352200,459,713,-,
3/4/2018,Absa Bank Kenya Plc Ord 0.50,-,272300,-,-,,
3/4/2018,NCBA Bank Ltd Ord 5.00,-,65900,-,-,,
3/2/2018,Equity Group Holdings Ltd Ord 0.50,KES 46.75,2317200,45,583,125,-0.53%
3/2/2018,Absa Bank Kenya Plc Ord 0.50,KES 11.10,349000,0,0.45%,,
3/2/2018,NCBA Bank Ltd Ord 5.00,KES 37.25,372600,0,2.05%,,
3/2/2018,The Co-operative Bank of Kenya Ltd Ord 1.00,KES 18.30,864900,2,826,652.5,-0.81%
3/2/2018,KCB Group Ltd Ord 1.00,KES 48.75,988900,9,75,787.5,1.56%
3/1/2018,The Co-operative Bank of Kenya Ltd Ord 1.00,KES 18.45,3675700,-3,871,25,-0.81%
3/1/2018,NCBA Bank Ltd Ord 5.00,KES 36.50,1344100,0,-1.35%,,
3/1/2018,KCB Group Ltd Ord 1.00,KES 48.00,1300300,837,50,0.52%,
3/1/2018,Absa Bank Kenya Plc Ord 0.50,KES 11.05,4430900,105,945,-0.45%,
3/1/2018,Equity Group Holdings Ltd Ord 0.50,KES 47.00,547400,319,200,2.17%,
2/28/2018,NCBA Bank Ltd Ord 5.00,KES 37.00,497000,0,-0.67%,,
2/28/2018,Equity Group Holdings Ltd Ord 0.50,KES 46.00,1418800,5,80,337.5,1.66%
2/28/2018,KCB Group Ltd Ord 1.00,KES 47.75,2062900,34,143,162.5,0.00%
2/28/2018,Absa Bank Kenya Plc Ord 0.50,KES 11.10,786500,0,-1.33%,,
2/28/2018,The Co-operative Bank of Kenya Ltd Ord 1.00,KES 18.60,2890900,805,0,1.09%,
2/27/2018,Equity Group Holdings Ltd Ord 0.50,KES 45.25,4491000,7,388,587.5,2.84%
2/27/2018,KCB Group Ltd Ord 1.00,KES 47.75,1483300,28,64,650,1.06%
2/27/2018,The Co-operative Bank of Kenya Ltd Ord 1.00,KES 18.40,495200,216,250,2.51%,
2/27/2018,NCBA Bank Ltd Ord 5.00,KES 37.25,412800,2,575,525,1.36%
2/27/2018,Absa Bank Kenya Plc Ord 0.50,KES 11.25,475900,1,617,400,2.27%
2/26/2018,Absa Bank Kenya Plc Ord 0.50,KES 11.00,410800,0,-,,
2/26/2018,NCBA Bank Ltd Ord 5.00,KES 36.75,1482200,292,875,-,
2/26/2018,KCB Group Ltd Ord 1.00,KES 47.25,212000,430,50,-,
2/26/2018,The Co-operative Bank of Kenya Ltd Ord 1.00,KES 17.95,332600,-1,905,50,-
2/26/2018,Equity Group Holdings Ltd Ord 0.50,KES 44.00,5485000,19,46,75,-
2/25/2018,NCBA Bank Ltd Ord 5.00,-,1482200,292,875,-,
2/25/2018,Equity Group Holdings Ltd Ord 0.50,-,5485000,19,46,75,-
2/25/2018,KCB Group Ltd Ord 1.00,-,212000,430,50,-,
2/25/2018,The Co-operative Bank of Kenya Ltd Ord 1.00,-,332600,-,-,,
2/25/2018,Absa Bank Kenya Plc Ord 0.50,-,410800,-,-,,
2/23/2018,NCBA Bank Ltd Ord 5.00,KES 35.50,201600,-176,250,-0.70%,
2/23/2018,Absa Bank Kenya Plc Ord 0.50,KES 10.95,275400,0,0.92%,,
2/23/2018,Equity Group Holdings Ltd Ord 0.50,KES 43.25,1246200,-8,516,712.5,0.58%
2/23/2018,The Co-operative Bank of Kenya Ltd Ord 1.00,KES 17.40,3550700,-2,836,820,0.58%
2/23/2018,KCB Group Ltd Ord 1.00,KES 46.00,475300,-69,260,100,1.10%
2/22/2018,Equity Group Holdings Ltd Ord 0.50,KES 43.00,1246200,-3,713,275,0.58%
2/22/2018,Absa Bank Kenya Plc Ord 0.50,KES 10.85,275400,0,0.00%,,
2/22/2018,The Co-operative Bank of Kenya Ltd Ord 1.00,KES 17.30,3550700,-11,54,230,0.58%
2/22/2018,NCBA Bank Ltd Ord 5.00,KES 35.75,201600,176,250,1.42%,
2/22/2018,KCB Group Ltd Ord 1.00,KES 45.50,475300,6,515,475,0.00%
2/21/2018,KCB Group Ltd Ord 1.00,KES 45.50,1752900,7,115,450,0.55%
2/21/2018,NCBA Bank Ltd Ord 5.00,KES 35.25,278500,0,0.71%,,
2/21/2018,Equity Group Holdings Ltd Ord 0.50,KES 42.75,2148100,-18,298,875,0.00%
2/21/2018,Absa Bank Kenya Plc Ord 0.50,KES 10.85,142200,0,0.00%,,
2/21/2018,The Co-operative Bank of Kenya Ltd Ord 1.00,KES 17.20,3133200,0,0.58%,,
2/20/2018,The Co-operative Bank of Kenya Ltd Ord 1.00,KES 17.10,147900,1,710,0.00%,
2/20/2018,Equity Group Holdings Ltd Ord 0.50,KES 42.75,10547400,-40,294,12.5,-0.58%
2/20/2018,Absa Bank Kenya Plc Ord 0.50,KES 10.85,1638600,1,300,585,0.93%
2/20/2018,KCB Group Ltd Ord 1.00,KES 45.25,6307800,-108,411,487.5,-0.55%
2/20/2018,NCBA Bank Ltd Ord 5.00,KES 35.00,229200,0,-1.41%,,
2/19/2018,NCBA Bank Ltd Ord 5.00,KES 35.50,502800,1,242,500,-
2/19/2018,KCB Group Ltd Ord 1.00,KES 45.50,855800,-3,68,150,-
2/19/2018,The Co-operative Bank of Kenya Ltd Ord 1.00,KES 17.10,132700,0,-,,
2/19/2018,Absa Bank Kenya Plc Ord 0.50,KES 10.75,786700,0,-,,
2/19/2018,Equity Group Holdings Ltd Ord 0.50,KES 43.00,660900,9,582,125,-
2/18/2018,NCBA Bank Ltd Ord 5.00,-,502800,1,242,500,-
2/18/2018,Equity Group Holdings Ltd Ord 0.50,-,660900,9,582,125,-
2/18/2018,Absa Bank Kenya Plc Ord 0.50,-,786700,-,-,,
2/18/2018,KCB Group Ltd Ord 1.00,-,855800,-,-,,
2/18/2018,The Co-operative Bank of Kenya Ltd Ord 1.00,-,132700,-,-,,
2/16/2018,NCBA Bank Ltd Ord 5.00,KES 35.25,23200,36,0,-0.70%,
2/16/2018,Absa Bank Kenya Plc Ord 0.50,KES 10.70,472700,17,40,0.47%,
2/16/2018,Equity Group Holdings Ltd Ord 0.50,KES 43.25,1332100,-12,335,512.5,1.17%
2/16/2018,KCB Group Ltd Ord 1.00,KES 45.75,2658200,-53,868,350,0.55%
2/16/2018,The Co-operative Bank of Kenya Ltd Ord 1.00,KES 17.05,1930900,-4,531,500,-0.29%
2/15/2018,Absa Bank Kenya Plc Ord 0.50,KES 10.65,249900,90,525,0.00%,
2/15/2018,NCBA Bank Ltd Ord 5.00,KES 35.50,515900,0,-1.39%,,
2/15/2018,KCB Group Ltd Ord 1.00,KES 45.50,2772600,-50,569,900,0.00%
2/15/2018,Equity Group Holdings Ltd Ord 0.50,KES 42.75,569800,-9,302,400,0.00%
2/15/2018,The Co-operative Bank of Kenya Ltd Ord 1.00,KES 17.10,204700,-94,25,0.00%,
2/14/2018,Absa Bank Kenya Plc Ord 0.50,KES 10.65,652100,-1,464,830,0.00%
2/14/2018,NCBA Bank Ltd Ord 5.00,KES 36.00,3465300,0,1.41%,,
2/14/2018,KCB Group Ltd Ord 1.00,KES 45.50,378200,-147,437.5,0.00%,
2/14/2018,Equity Group Holdings Ltd Ord 0.50,KES 42.75,3033400,-16,47,300,0.00%
2/14/2018,The Co-operative Bank of Kenya Ltd Ord 1.00,KES 17.10,1480400,-596,750,0.29%,
2/13/2018,KCB Group Ltd Ord 1.00,KES 45.50,1088100,-23,243,675,0.00%
2/13/2018,Equity Group Holdings Ltd Ord 0.50,KES 42.75,1810000,-142,850,-0.58%,
2/13/2018,The Co-operative Bank of Kenya Ltd Ord 1.00,KES 17.05,1772700,-3,204,497.5,0.00%
2/13/2018,NCBA Bank Ltd Ord 5.00,KES 35.50,92400,0,0.71%,,
2/13/2018,Absa Bank Kenya Plc Ord 0.50,KES 10.65,128400,60,705,0.00%,
2/12/2018,KCB Group Ltd Ord 1.00,KES 45.50,2385100,-27,57,262.5,-
2/12/2018,NCBA Bank Ltd Ord 5.00,KES 35.25,1162400,0,-,,
2/12/2018,The Co-operative Bank of Kenya Ltd Ord 1.00,KES 17.05,337600,0,-,,
2/12/2018,Absa Bank Kenya Plc Ord 0.50,KES 10.65,154900,-59,385,-,
2/12/2018,Equity Group Holdings Ltd Ord 0.50,KES 43.00,5499600,-95,133,300,-
2/11/2018,NCBA Bank Ltd Ord 5.00,-,1162400,-,-,,
2/11/2018,The Co-operative Bank of Kenya Ltd Ord 1.00,-,337600,-,-,,
2/11/2018,KCB Group Ltd Ord 1.00,-,2385100,-,-,,
2/11/2018,Absa Bank Kenya Plc Ord 0.50,-,154900,-,-,,
2/11/2018,Equity Group Holdings Ltd Ord 0.50,-,5499600,-,-,,
2/9/2018,Absa Bank Kenya Plc Ord 0.50,KES 10.60,153500,6,857.5,-0.47%,
2/9/2018,NCBA Bank Ltd Ord 5.00,KES 35.50,37600,-487,800,0.00%,
2/9/2018,KCB Group Ltd Ord 1.00,KES 45.50,8475800,-127,985,75,1.11%
2/9/2018,Equity Group Holdings Ltd Ord 0.50,KES 43.00,1631100,-10,70,762.5,0.00%
2/9/2018,The Co-operative Bank of Kenya Ltd Ord 1.00,KES 17.05,26700,0,0.29%,,
2/8/2018,Equity Group Holdings Ltd Ord 0.50,KES 43.00,4201400,-63,476,950,-0.58%
2/8/2018,The Co-operative Bank of Kenya Ltd Ord 1.00,KES 17.00,4987700,-787.5,0.00%,,
2/8/2018,KCB Group Ltd Ord 1.00,KES 45.00,2098100,-34,936,725,-0.55%
2/8/2018,NCBA Bank Ltd Ord 5.00,KES 35.50,178800,0,-0.70%,,
2/8/2018,Absa Bank Kenya Plc Ord 0.50,KES 10.65,264700,523,807.5,0.47%,
2/7/2018,KCB Group Ltd Ord 1.00,KES 45.25,5318900,-94,900,550,-0.55%
2/7/2018,Absa Bank Kenya Plc Ord 0.50,KES 10.60,19200,0,0.47%,,
2/7/2018,Equity Group Holdings Ltd Ord 0.50,KES 43.25,896300,-4,208,550,1.17%
2/7/2018,The Co-operative Bank of Kenya Ltd Ord 1.00,KES 17.00,672300,-1,374,620,0.29%
2/7/2018,NCBA Bank Ltd Ord 5.00,KES 35.75,318000,-363,562.5,0.00%,
2/6/2018,NCBA Bank Ltd Ord 5.00,KES 35.75,226300,-3,337,512.5,-2.72%
2/6/2018,KCB Group Ltd Ord 1.00,KES 45.50,3316800,-42,341,187.5,0.55%
2/6/2018,Absa Bank Kenya Plc Ord 0.50,KES 10.55,1044500,0,0.00%,,
2/6/2018,Equity Group Holdings Ltd Ord 0.50,KES 42.75,7750300,-146,695,162.5,0.00%
2/6/2018,The Co-operative Bank of Kenya Ltd Ord 1.00,KES 16.95,5452600,-41,178,250,0.00%
2/5/2018,NCBA Bank Ltd Ord 5.00,KES 36.75,107300,0,-,,
2/5/2018,Absa Bank Kenya Plc Ord 0.50,KES 10.55,3522800,-12,686,455,-
2/5/2018,KCB Group Ltd Ord 1.00,KES 45.25,196300,0,-,,
2/5/2018,Equity Group Holdings Ltd Ord 0.50,KES 42.75,6211800,-3,901,387.5,-
2/5/2018,The Co-operative Bank of Kenya Ltd Ord 1.00,KES 16.95,4169200,1,334,562.5,-
2/4/2018,The Co-operative Bank of Kenya Ltd Ord 1.00,-,4169200,1,334,563,-
2/4/2018,NCBA Bank Ltd Ord 5.00,-,107300,-,-,,
2/4/2018,Absa Bank Kenya Plc Ord 0.50,-,3522800,-,-,,
2/4/2018,KCB Group Ltd Ord 1.00,-,196300,-,-,,
2/4/2018,Equity Group Holdings Ltd Ord 0.50,-,6211800,-,-,,
2/2/2018,Equity Group Holdings Ltd Ord 0.50,KES 43.50,2481800,4,888,400,-0.57%
2/2/2018,KCB Group Ltd Ord 1.00,KES 46.25,639400,-922,325,0.00%,
2/2/2018,NCBA Bank Ltd Ord 5.00,KES 37.25,319300,0,-0.67%,,
2/2/2018,The Co-operative Bank of Kenya Ltd Ord 1.00,KES 17.00,267800,-541,712.5,0.29%,
2/2/2018,Absa Bank Kenya Plc Ord 0.50,KES 10.50,2833000,-13,291,837.5,-1.41%
2/1/2018,The Co-operative Bank of Kenya Ltd Ord 1.00,KES 16.95,399300,581,225,1.50%,
2/1/2018,KCB Group Ltd Ord 1.00,KES 46.25,257600,-701,950,1.09%,
2/1/2018,NCBA Bank Ltd Ord 5.00,KES 37.50,168300,0,2.04%,,
2/1/2018,Equity Group Holdings Ltd Ord 0.50,KES 43.75,1111800,-19,468,312.5,0.00%
2/1/2018,Absa Bank Kenya Plc Ord 0.50,KES 10.65,2392000,1,378,982.5,-0.47%
1/31/2018,KCB Group Ltd Ord 1.00,KES 45.75,1787100,-28,363,287.5,0.55%
1/31/2018,NCBA Bank Ltd Ord 5.00,KES 36.75,162400,0,0.00%,,
1/31/2018,Absa Bank Kenya Plc Ord 0.50,KES 10.70,430200,42,200,-0.47%,
1/31/2018,The Co-operative Bank of Kenya Ltd Ord 1.00,KES 16.70,169600,31,930,0.00%,
1/31/2018,Equity Group Holdings Ltd Ord 0.50,KES 43.75,4875600,-39,125,700,1.16%
1/30/2018,The Co-operative Bank of Kenya Ltd Ord 1.00,KES 16.70,178100,973,925,0.91%,
1/30/2018,Absa Bank Kenya Plc Ord 0.50,KES 10.75,14715300,74,626,650,1.42%
1/30/2018,Equity Group Holdings Ltd Ord 0.50,KES 43.25,2682800,-42,901,100,0.58%
1/30/2018,KCB Group Ltd Ord 1.00,KES 45.50,2977000,-52,307,337.5,0.55%
1/30/2018,NCBA Bank Ltd Ord 5.00,KES 36.75,88000,0,1.38%,,
1/29/2018,NCBA Bank Ltd Ord 5.00,KES 36.25,703300,367,500,-,
1/29/2018,KCB Group Ltd Ord 1.00,KES 45.25,216600,1,426,587.5,-
1/29/2018,Absa Bank Kenya Plc Ord 0.50,KES 10.60,299200,0,-,,
1/29/2018,Equity Group Holdings Ltd Ord 0.50,KES 43.00,381600,6,572,975,-
1/29/2018,The Co-operative Bank of Kenya Ltd Ord 1.00,KES 16.55,175800,0,-,,
1/28/2018,KCB Group Ltd Ord 1.00,-,216600,1,426,588,-
1/28/2018,NCBA Bank Ltd Ord 5.00,-,703300,367,500,-,
1/28/2018,Equity Group Holdings Ltd Ord 0.50,-,381600,6,572,975,-
1/28/2018,Absa Bank Kenya Plc Ord 0.50,-,299200,-,-,,
1/28/2018,The Co-operative Bank of Kenya Ltd Ord 1.00,-,175800,-,-,,
1/26/2018,NCBA Bank Ltd Ord 5.00,KES 36.00,13500,0,-0.69%,,
1/26/2018,The Co-operative Bank of Kenya Ltd Ord 1.00,KES 16.25,122100,0,-1.22%,,
1/26/2018,Equity Group Holdings Ltd Ord 0.50,KES 43.00,213200,3,363,987.5,-1.71%
1/26/2018,Absa Bank Kenya Plc Ord 0.50,KES 10.50,643500,2,362,500,0.00%
1/26/2018,KCB Group Ltd Ord 1.00,KES 44.75,1294800,-10,171,25,1.70%
1/25/2018,Absa Bank Kenya Plc Ord 0.50,KES 10.50,258500,0,0.00%,,
1/25/2018,Equity Group Holdings Ltd Ord 0.50,KES 43.75,3304000,-23,633,150,0.57%
1/25/2018,KCB Group Ltd Ord 1.00,KES 44.00,2157100,3,196,100,0.57%
1/25/2018,NCBA Bank Ltd Ord 5.00,KES 36.25,1470400,0,0.69%,,
1/25/2018,The Co-operative Bank of Kenya Ltd Ord 1.00,KES 16.45,3891300,-24,449,975,-0.30%
1/24/2018,Equity Group Holdings Ltd Ord 0.50,KES 43.50,3050100,17,166,262.5,0.58%
1/24/2018,The Co-operative Bank of Kenya Ltd Ord 1.00,KES 16.50,4213400,-33,48,587.5,-1.20%
1/24/2018,KCB Group Ltd Ord 1.00,KES 43.75,1473200,2,521,800,1.16%
1/24/2018,NCBA Bank Ltd Ord 5.00,KES 36.00,318600,0,3.60%,,
1/24/2018,Absa Bank Kenya Plc Ord 0.50,KES 10.50,255300,0,1.45%,,
1/23/2018,NCBA Bank Ltd Ord 5.00,KES 34.75,303500,0,-0.71%,,
1/23/2018,Equity Group Holdings Ltd Ord 0.50,KES 43.25,6802400,-57,615,250,1.76%
1/23/2018,The Co-operative Bank of Kenya Ltd Ord 1.00,KES 16.70,1837000,-14,605,360,0.00%
1/23/2018,Absa Bank Kenya Plc Ord 0.50,KES 10.35,239600,0,1.97%,,
1/23/2018,KCB Group Ltd Ord 1.00,KES 43.25,761200,-1,277,550,0.58%
1/22/2018,NCBA Bank Ltd Ord 5.00,KES 35.00,409300,98,550,-,
1/22/2018,KCB Group Ltd Ord 1.00,KES 43.00,1216500,-90,262.5,-,
1/22/2018,Absa Bank Kenya Plc Ord 0.50,KES 10.15,669400,-69,300,-,
1/22/2018,The Co-operative Bank of Kenya Ltd Ord 1.00,KES 16.70,4285800,-35,569,402.5,-
1/22/2018,Equity Group Holdings Ltd Ord 0.50,KES 42.50,2235000,27,412,462.5,-
1/21/2018,Equity Group Holdings Ltd Ord 0.50,-,2235000,27,412,463,-
1/21/2018,NCBA Bank Ltd Ord 5.00,-,409300,98,550,-,
1/21/2018,The Co-operative Bank of Kenya Ltd Ord 1.00,-,4285800,-,-,,
1/21/2018,KCB Group Ltd Ord 1.00,-,1216500,-,-,,
1/21/2018,Absa Bank Kenya Plc Ord 0.50,-,669400,-,-,,
1/19/2018,KCB Group Ltd Ord 1.00,KES 44.50,1909100,14,356,937.5,-1.11%
1/19/2018,Equity Group Holdings Ltd Ord 0.50,KES 43.00,846400,15,233,775,-1.71%
1/19/2018,Absa Bank Kenya Plc Ord 0.50,KES 10.70,297000,-299,775,-1.83%,
1/19/2018,NCBA Bank Ltd Ord 5.00,KES 35.25,68900,0,-3.42%,,
1/19/2018,The Co-operative Bank of Kenya Ltd Ord 1.00,KES 16.75,766800,0,0.00%,,
1/18/2018,The Co-operative Bank of Kenya Ltd Ord 1.00,KES 16.75,311000,-819,210,0.00%,
1/18/2018,KCB Group Ltd Ord 1.00,KES 45.00,10807300,64,223,312.5,-0.55%
1/18/2018,NCBA Bank Ltd Ord 5.00,KES 36.50,566300,0,-1.35%,,
1/18/2018,Absa Bank Kenya Plc Ord 0.50,KES 10.90,4203600,-19,43,940,0.93%
1/18/2018,Equity Group Holdings Ltd Ord 0.50,KES 43.75,1251000,17,262,525,-0.57%
1/17/2018,NCBA Bank Ltd Ord 5.00,KES 37.00,366700,0,8.82%,,
1/17/2018,The Co-operative Bank of Kenya Ltd Ord 1.00,KES 16.75,523400,0,1.52%,,
1/17/2018,Absa Bank Kenya Plc Ord 0.50,KES 10.80,668000,-923,175,8.54%,
1/17/2018,Equity Group Holdings Ltd Ord 0.50,KES 44.00,1621600,25,874,400,1.73%
1/17/2018,KCB Group Ltd Ord 1.00,KES 45.25,10882700,12,618,425,0.00%
1/16/2018,Absa Bank Kenya Plc Ord 0.50,KES 9.95,404100,0,1.53%,,
1/16/2018,NCBA Bank Ltd Ord 5.00,KES 34.00,682800,1,352,500,0.00%
1/16/2018,Equity Group Holdings Ltd Ord 0.50,KES 43.25,2297400,-9,879,950,1.17%
1/16/2018,KCB Group Ltd Ord 1.00,KES 45.25,1742800,-13,883,825,0.00%
1/16/2018,The Co-operative Bank of Kenya Ltd Ord 1.00,KES 16.50,648600,0,2.48%,,
1/15/2018,KCB Group Ltd Ord 1.00,KES 45.25,1117900,4,186,812.5,-
1/15/2018,The Co-operative Bank of Kenya Ltd Ord 1.00,KES 16.10,680500,-141,975,-,
1/15/2018,Absa Bank Kenya Plc Ord 0.50,KES 9.80,5438100,-24,500,0,-
1/15/2018,NCBA Bank Ltd Ord 5.00,KES 34.00,162400,0,-,,
1/15/2018,Equity Group Holdings Ltd Ord 0.50,KES 42.75,855700,-2,309,87.5,-
1/14/2018,KCB Group Ltd Ord 1.00,-,1117900,4,186,813,-
1/14/2018,Equity Group Holdings Ltd Ord 0.50,-,855700,-,-,,
1/14/2018,The Co-operative Bank of Kenya Ltd Ord 1.00,-,680500,-,-,,
1/14/2018,NCBA Bank Ltd Ord 5.00,-,162400,-,-,,
1/14/2018,Absa Bank Kenya Plc Ord 0.50,-,5438100,-,-,,
1/12/2018,NCBA Bank Ltd Ord 5.00,KES 33.75,1237200,2,224,850,-4.26%
1/12/2018,KCB Group Ltd Ord 1.00,KES 44.75,1484800,-15,649,837.5,0.00%
1/12/2018,The Co-operative Bank of Kenya Ltd Ord 1.00,KES 16.40,475300,-221,290,0.00%,
1/12/2018,Equity Group Holdings Ltd Ord 0.50,KES 42.25,177800,1,422,437.5,0.60%
1/12/2018,Absa Bank Kenya Plc Ord 0.50,KES 9.75,586300,-2,326,30,-0.51%
1/11/2018,The Co-operative Bank of Kenya Ltd Ord 1.00,KES 16.40,371900,820,-0.61%,,
1/11/2018,Equity Group Holdings Ltd Ord 0.50,KES 42.00,2021000,-495,450,1.20%,
1/11/2018,KCB Group Ltd Ord 1.00,KES 44.75,1291000,-9,929,712.5,1.13%
1/11/2018,NCBA Bank Ltd Ord 5.00,KES 35.25,415900,-1,775,0.00%,
1/11/2018,Absa Bank Kenya Plc Ord 0.50,KES 9.80,916600,-4,259,192.5,0.51%
1/10/2018,NCBA Bank Ltd Ord 5.00,KES 35.25,137000,216,0,0.00%,
1/10/2018,The Co-operative Bank of Kenya Ltd Ord 1.00,KES 16.50,75300,0,1.23%,,
1/10/2018,Absa Bank Kenya Plc Ord 0.50,KES 9.75,285400,-1,9,985,-0.51%
1/10/2018,Equity Group Holdings Ltd Ord 0.50,KES 41.50,2882000,1,320,200,-0.60%
1/10/2018,KCB Group Ltd Ord 1.00,KES 44.25,1354100,-20,341,612.5,2.31%
1/9/2018,KCB Group Ltd Ord 1.00,KES 43.25,762600,1,420,537.5,0.58%
1/9/2018,The Co-operative Bank of Kenya Ltd Ord 1.00,KES 16.30,259900,0,-0.31%,,
1/9/2018,Absa Bank Kenya Plc Ord 0.50,KES 9.80,110500,-237,735,0.51%,
1/9/2018,Equity Group Holdings Ltd Ord 0.50,KES 41.75,1463900,337,425,1.83%,
1/9/2018,NCBA Bank Ltd Ord 5.00,KES 35.25,239000,-23,400,-0.70%,
1/8/2018,Equity Group Holdings Ltd Ord 0.50,KES 41.00,349200,-1,564,312.5,-
1/8/2018,Absa Bank Kenya Plc Ord 0.50,KES 9.75,189200,-190,605,-,
1/8/2018,KCB Group Ltd Ord 1.00,KES 43.00,194300,-770,875,-,
1/8/2018,The Co-operative Bank of Kenya Ltd Ord 1.00,KES 16.35,230300,523,802.5,-,
1/8/2018,NCBA Bank Ltd Ord 5.00,KES 35.50,209300,0,-,,
1/7/2018,The Co-operative Bank of Kenya Ltd Ord 1.00,-,230300,523,803,-,
1/7/2018,NCBA Bank Ltd Ord 5.00,-,209300,-,-,,
1/7/2018,KCB Group Ltd Ord 1.00,-,194300,-,-,,
1/7/2018,Equity Group Holdings Ltd Ord 0.50,-,349200,-,-,,
1/7/2018,Absa Bank Kenya Plc Ord 0.50,-,189200,-,-,,
1/5/2018,NCBA Bank Ltd Ord 5.00,KES 35.50,46800,-1,800,-1.39%,
1/5/2018,KCB Group Ltd Ord 1.00,KES 42.75,1323700,-26,718,750,0.59%
1/5/2018,The Co-operative Bank of Kenya Ltd Ord 1.00,KES 16.30,388400,991,692.5,0.00%,
1/5/2018,Absa Bank Kenya Plc Ord 0.50,KES 9.65,253800,0,0.52%,,
1/5/2018,Equity Group Holdings Ltd Ord 0.50,KES 40.75,424700,-416,587.5,1.88%,
1/4/2018,Absa Bank Kenya Plc Ord 0.50,KES 9.60,1361000,-6,14,590,0.52%
1/4/2018,NCBA Bank Ltd Ord 5.00,KES 36.00,39800,0,-1.37%,,
1/4/2018,Equity Group Holdings Ltd Ord 0.50,KES 40.00,1709300,-29,504,0,-0.62%
1/4/2018,KCB Group Ltd Ord 1.00,KES 42.50,41800,-213,750,-0.58%,
1/4/2018,The Co-operative Bank of Kenya Ltd Ord 1.00,KES 16.30,1487000,481,665,0.00%,
1/3/2018,NCBA Bank Ltd Ord 5.00,KES 36.50,49700,-476,0,0.69%,
1/3/2018,Absa Bank Kenya Plc Ord 0.50,KES 9.55,376400,-1,397,760,0.00%
1/3/2018,The Co-operative Bank of Kenya Ltd Ord 1.00,KES 16.30,142200,467,930,0.00%,
1/3/2018,Equity Group Holdings Ltd Ord 0.50,KES 40.25,1654600,-7,66,0,0.63%
1/3/2018,KCB Group Ltd Ord 1.00,KES 42.75,1490500,-20,43,0,0.59%
1/2/2018,KCB Group Ltd Ord 1.00,KES 42.50,624400,2,45,575,-
1/2/2018,Absa Bank Kenya Plc Ord 0.50,KES 9.55,67300,-879,140,-,
1/2/2018,NCBA Bank Ltd Ord 5.00,KES 36.25,190500,0,-,,
1/2/2018,Equity Group Holdings Ltd Ord 0.50,KES 40.00,338200,-10,754,225,-
1/2/2018,The Co-operative Bank of Kenya Ltd Ord 1.00,KES 16.30,707000,192,427.5,-,
1/1/2018,The Co-operative Bank of Kenya Ltd Ord 1.00,-,707000,192,428,-,
1/1/2018,KCB Group Ltd Ord 1.00,-,624400,2,45,575,-
1/1/2018,Equity Group Holdings Ltd Ord 0.50,-,338200,-,-,,
1/1/2018,Absa Bank Kenya Plc Ord 0.50,-,67300,-,-,,
1/1/2018,NCBA Bank Ltd Ord 5.00,-,190500,-,-,,
12/29/2017,Absa Bank Kenya Plc Ord 0.50,KES 9.60,67300,0,0.00%,,
12/29/2017,Equity Group Holdings Ltd Ord 0.50,KES 40.00,338200,-43,487.5,0.63%,
12/29/2017,KCB Group Ltd Ord 1.00,KES 42.50,624400,7,8,487.5,-0.58%
12/29/2017,NCBA Bank Ltd Ord 5.00,KES 34.00,190500,102,0,0.74%,
12/29/2017,The Co-operative Bank of Kenya Ltd Ord 1.00,KES 16.20,707000,-160,0,1.25%,
12/28/2017,The Co-operative Bank of Kenya Ltd Ord 1.00,KES 16.00,511000,0,0.00%,,
12/28/2017,Absa Bank Kenya Plc Ord 0.50,KES 9.60,138300,-423,650,0.00%,
12/28/2017,Equity Group Holdings Ltd Ord 0.50,KES 39.75,80800,-837,0,0.00%,
12/28/2017,NCBA Bank Ltd Ord 5.00,KES 33.75,28700,0,0.00%,,
12/28/2017,KCB Group Ltd Ord 1.00,KES 42.75,691100,3,54,587.5,0.00%
12/27/2017,KCB Group Ltd Ord 1.00,KES 42.75,378500,-2,462,275,-
12/27/2017,Absa Bank Kenya Plc Ord 0.50,KES 9.60,535500,-2,244,277.5,-
12/27/2017,The Co-operative Bank of Kenya Ltd Ord 1.00,KES 16.00,70200,1,580,-,
12/27/2017,Equity Group Holdings Ltd Ord 0.50,KES 39.75,302400,-5,307,437.5,-
12/27/2017,NCBA Bank Ltd Ord 5.00,KES 33.75,105200,0,-,,
12/26/2017,The Co-operative Bank of Kenya Ltd Ord 1.00,-,70200,1,580,-,
12/26/2017,NCBA Bank Ltd Ord 5.00,-,105200,-,-,,
12/26/2017,Equity Group Holdings Ltd Ord 0.50,-,302400,-,-,,
12/26/2017,Absa Bank Kenya Plc Ord 0.50,-,535500,-,-,,
12/26/2017,KCB Group Ltd Ord 1.00,-,378500,-,-,,
12/22/2017,The Co-operative Bank of Kenya Ltd Ord 1.00,KES 15.95,104600,-80,0,0.95%,
12/22/2017,KCB Group Ltd Ord 1.00,KES 42.75,1302400,-20,803,475,0.00%
12/22/2017,NCBA Bank Ltd Ord 5.00,KES 33.75,457500,0,0.00%,,
12/22/2017,Equity Group Holdings Ltd Ord 0.50,KES 38.75,102900,-1,679,437.5,-0.64%
12/22/2017,Absa Bank Kenya Plc Ord 0.50,KES 9.65,230300,0,-0.52%,,
12/21/2017,The Co-operative Bank of Kenya Ltd Ord 1.00,KES 15.80,96600,0,-0.63%,,
12/21/2017,NCBA Bank Ltd Ord 5.00,KES 33.75,129300,0,-0.74%,,
12/21/2017,KCB Group Ltd Ord 1.00,KES 42.75,264500,2,704,550,0.00%
12/21/2017,Absa Bank Kenya Plc Ord 0.50,KES 9.70,61900,0,-0.51%,,
12/21/2017,Equity Group Holdings Ltd Ord 0.50,KES 39.00,544400,-10,179,712.5,-3.11%
12/20/2017,NCBA Bank Ltd Ord 5.00,KES 34.00,196600,0,0.74%,,
12/20/2017,KCB Group Ltd Ord 1.00,KES 42.75,1931300,-13,150,975,0.00%
12/20/2017,Absa Bank Kenya Plc Ord 0.50,KES 9.75,133200,48,750,0.00%,
12/20/2017,The Co-operative Bank of Kenya Ltd Ord 1.00,KES 15.90,2535300,0,-0.62%,,
12/20/2017,Equity Group Holdings Ltd Ord 0.50,KES 40.25,1727500,9,402,725,0.00%
12/19/2017,Equity Group Holdings Ltd Ord 0.50,KES 40.25,759300,2,991,987.5,0.00%
12/19/2017,KCB Group Ltd Ord 1.00,KES 42.75,2019700,1,553,575,0.59%
12/19/2017,The Co-operative Bank of Kenya Ltd Ord 1.00,KES 16.00,1182100,0,-1.54%,,
12/19/2017,NCBA Bank Ltd Ord 5.00,KES 33.75,121100,0,-0.74%,,
12/19/2017,Absa Bank Kenya Plc Ord 0.50,KES 9.75,212200,0,0.52%,,
12/18/2017,KCB Group Ltd Ord 1.00,KES 42.50,358500,12,525,-,
12/18/2017,Equity Group Holdings Ltd Ord 0.50,KES 40.25,131700,502,125,-,
12/18/2017,NCBA Bank Ltd Ord 5.00,KES 34.00,105500,0,-,,
12/18/2017,The Co-operative Bank of Kenya Ltd Ord 1.00,KES 16.25,105300,0,-,,
12/18/2017,Absa Bank Kenya Plc Ord 0.50,KES 9.70,23900,0,-,,
12/17/2017,KCB Group Ltd Ord 1.00,-,358500,12,525,-,
12/17/2017,Equity Group Holdings Ltd Ord 0.50,-,131700,502,125,-,
12/17/2017,NCBA Bank Ltd Ord 5.00,-,105500,-,-,,
12/17/2017,The Co-operative Bank of Kenya Ltd Ord 1.00,-,105300,-,-,,
12/17/2017,Absa Bank Kenya Plc Ord 0.50,-,23900,-,-,,
12/15/2017,The Co-operative Bank of Kenya Ltd Ord 1.00,KES 16.00,8514300,0,0.00%,,
12/15/2017,Absa Bank Kenya Plc Ord 0.50,KES 9.75,198300,0,-0.51%,,
12/15/2017,KCB Group Ltd Ord 1.00,KES 42.25,3799300,-1,746,350,1.81%
12/15/2017,Equity Group Holdings Ltd Ord 0.50,KES 40.00,3337200,5,673,412.5,0.00%
12/15/2017,NCBA Bank Ltd Ord 5.00,KES 34.50,159500,0,-2.13%,,
12/14/2017,Equity Group Holdings Ltd Ord 0.50,KES 40.00,1246300,-2,990,762.5,-0.62%
12/14/2017,The Co-operative Bank of Kenya Ltd Ord 1.00,KES 16.00,271600,5,617.5,0.00%,
12/14/2017,NCBA Bank Ltd Ord 5.00,KES 35.25,497800,2,759,900,-0.70%
12/14/2017,Absa Bank Kenya Plc Ord 0.50,KES 9.80,114100,0,0.00%,,
12/14/2017,KCB Group Ltd Ord 1.00,KES 41.50,1754500,-864,200,-1.19%,
12/13/2017,KCB Group Ltd Ord 1.00,KES 42.00,1606300,15,901,700,-
12/13/2017,NCBA Bank Ltd Ord 5.00,KES 35.50,200700,0,-,,
12/13/2017,The Co-operative Bank of Kenya Ltd Ord 1.00,KES 16.00,3190000,-20,137,600,-
12/13/2017,Equity Group Holdings Ltd Ord 0.50,KES 40.25,3145000,74,212.5,-,
12/13/2017,Absa Bank Kenya Plc Ord 0.50,KES 9.80,122900,0,-,,
12/12/2017,Equity Group Holdings Ltd Ord 0.50,-,3145000,74,213,-,
12/12/2017,KCB Group Ltd Ord 1.00,-,1606300,15,901,700,-
12/12/2017,Absa Bank Kenya Plc Ord 0.50,-,122900,-,-,,
12/12/2017,The Co-operative Bank of Kenya Ltd Ord 1.00,-,3190000,-,-,,
12/12/2017,NCBA Bank Ltd Ord 5.00,-,200700,-,-,,
12/11/2017,KCB Group Ltd Ord 1.00,KES 42.25,399800,-5,704,25,-
12/11/2017,NCBA Bank Ltd Ord 5.00,KES 35.75,44800,0,-,,
12/11/2017,Absa Bank Kenya Plc Ord 0.50,KES 9.85,54800,0,-,,
12/11/2017,The Co-operative Bank of Kenya Ltd Ord 1.00,KES 16.00,182700,0,-,,
12/11/2017,Equity Group Holdings Ltd Ord 0.50,KES 40.25,2261100,1,243,425,-
12/10/2017,Equity Group Holdings Ltd Ord 0.50,-,2261100,1,243,425,-
12/10/2017,Absa Bank Kenya Plc Ord 0.50,-,54800,-,-,,
12/10/2017,The Co-operative Bank of Kenya Ltd Ord 1.00,-,182700,-,-,,
12/10/2017,NCBA Bank Ltd Ord 5.00,-,44800,-,-,,
12/10/2017,KCB Group Ltd Ord 1.00,-,399800,-,-,,
12/8/2017,The Co-operative Bank of Kenya Ltd Ord 1.00,KES 16.00,152400,0,-,,
12/8/2017,Equity Group Holdings Ltd Ord 0.50,KES 40.25,2429300,-16,830,500,-
12/8/2017,KCB Group Ltd Ord 1.00,KES 42.00,933200,-215,737.5,-,
12/8/2017,Absa Bank Kenya Plc Ord 0.50,KES 9.85,1256800,-6,6,705,-
12/8/2017,NCBA Bank Ltd Ord 5.00,KES 35.50,154600,0,-,,
12/7/2017,KCB Group Ltd Ord 1.00,-,93400,99,87.5,-,
12/7/2017,Equity Group Holdings Ltd Ord 0.50,-,3365400,-33,53,687.5,-
12/7/2017,The Co-operative Bank of Kenya Ltd Ord 1.00,-,117900,0,-,,
12/7/2017,Absa Bank Kenya Plc Ord 0.50,-,329900,-1,234,880,-
12/7/2017,NCBA Bank Ltd Ord 5.00,-,353500,0,-,,
12/6/2017,Absa Bank Kenya Plc Ord 0.50,KES 9.90,263100,-355,410,1.02%,
12/6/2017,Equity Group Holdings Ltd Ord 0.50,KES 40.75,891900,-4,697,150,-0.61%
12/6/2017,KCB Group Ltd Ord 1.00,KES 42.00,1983100,-37,595,0,-0.59%
12/6/2017,The Co-operative Bank of Kenya Ltd Ord 1.00,KES 16.00,1581000,-10,230,640,0.00%
12/6/2017,NCBA Bank Ltd Ord 5.00,KES 35.75,19000,0,-0.69%,,
12/5/2017,Equity Group Holdings Ltd Ord 0.50,KES 41.00,1513100,-977,12.5,1.23%,
12/5/2017,NCBA Bank Ltd Ord 5.00,KES 36.00,129800,0,0.00%,,
12/5/2017,KCB Group Ltd Ord 1.00,KES 42.25,2266400,7,627,125,0.00%
12/5/2017,Absa Bank Kenya Plc Ord 0.50,KES 9.80,152900,99,500,-1.01%,
12/5/2017,The Co-operative Bank of Kenya Ltd Ord 1.00,KES 16.00,578400,-1,725,915,0.00%
12/4/2017,NCBA Bank Ltd Ord 5.00,KES 36.00,386500,0,-,,
12/4/2017,KCB Group Ltd Ord 1.00,KES 42.25,814300,-7,692,325,-
12/4/2017,Absa Bank Kenya Plc Ord 0.50,KES 9.90,174800,-447,750,-,
12/4/2017,The Co-operative Bank of Kenya Ltd Ord 1.00,KES 16.00,272600,-4,875,-,
12/4/2017,Equity Group Holdings Ltd Ord 0.50,KES 40.50,4629900,-16,832,787.5,-
12/3/2017,Absa Bank Kenya Plc Ord 0.50,-,174800,-,-,,
12/3/2017,NCBA Bank Ltd Ord 5.00,-,386500,-,-,,
12/3/2017,The Co-operative Bank of Kenya Ltd Ord 1.00,-,272600,-,-,,
12/3/2017,Equity Group Holdings Ltd Ord 0.50,-,4629900,-,-,,
12/3/2017,KCB Group Ltd Ord 1.00,-,814300,-,-,,
12/1/2017,KCB Group Ltd Ord 1.00,KES 42.00,1197100,8,883,687.5,1.82%
12/1/2017,Absa Bank Kenya Plc Ord 0.50,KES 9.85,27900,0,-0.51%,,
12/1/2017,Equity Group Holdings Ltd Ord 0.50,KES 41.00,2416600,3,586,300,-2.38%
12/1/2017,The Co-operative Bank of Kenya Ltd Ord 1.00,KES 16.00,401300,-2,766,110,0.00%
12/1/2017,NCBA Bank Ltd Ord 5.00,KES 36.75,10700,0,0.00%,,
11/30/2017,Equity Group Holdings Ltd Ord 0.50,KES 42.00,3832800,39,131,700,-0.59%
11/30/2017,NCBA Bank Ltd Ord 5.00,KES 36.75,410200,0,0.00%,,
11/30/2017,Absa Bank Kenya Plc Ord 0.50,KES 9.90,118600,0,-0.50%,,
11/30/2017,The Co-operative Bank of Kenya Ltd Ord 1.00,KES 16.00,1747800,-11,34,285,-0.93%
11/30/2017,KCB Group Ltd Ord 1.00,KES 41.25,3095900,45,591,487.5,0.61%
11/29/2017,NCBA Bank Ltd Ord 5.00,KES 36.75,17500,0,-,,
11/29/2017,KCB Group Ltd Ord 1.00,KES 41.00,3337400,33,555,375,-
11/29/2017,Absa Bank Kenya Plc Ord 0.50,KES 9.95,286000,64,350,-,
11/29/2017,Equity Group Holdings Ltd Ord 0.50,KES 42.25,2231800,14,830,700,-
11/29/2017,The Co-operative Bank of Kenya Ltd Ord 1.00,KES 16.15,1555000,-12,421,375,-
11/28/2017,KCB Group Ltd Ord 1.00,-,3337400,33,555,375,-
11/28/2017,Equity Group Holdings Ltd Ord 0.50,-,2231800,14,830,700,-
11/28/2017,Absa Bank Kenya Plc Ord 0.50,-,286000,64,350,-,
11/28/2017,The Co-operative Bank of Kenya Ltd Ord 1.00,-,1555000,-,-,,
11/28/2017,NCBA Bank Ltd Ord 5.00,-,17500,-,-,,
11/27/2017,Equity Group Holdings Ltd Ord 0.50,KES 42.25,284200,1,304,37.5,-
11/27/2017,The Co-operative Bank of Kenya Ltd Ord 1.00,KES 16.30,2955900,-17,196,295,-
11/27/2017,NCBA Bank Ltd Ord 5.00,KES 37.25,49200,0,-,,
11/27/2017,KCB Group Ltd Ord 1.00,KES 40.75,2857900,18,857,575,-
11/27/2017,Absa Bank Kenya Plc Ord 0.50,KES 9.85,7568000,-30,135,500,-
11/26/2017,Equity Group Holdings Ltd Ord 0.50,-,284200,1,304,38,-
11/26/2017,KCB Group Ltd Ord 1.00,-,2857900,18,857,575,-
11/26/2017,NCBA Bank Ltd Ord 5.00,-,49200,-,-,,
11/26/2017,Absa Bank Kenya Plc Ord 0.50,-,7568000,-,-,,
11/26/2017,The Co-operative Bank of Kenya Ltd Ord 1.00,-,2955900,-,-,,
11/24/2017,Absa Bank Kenya Plc Ord 0.50,KES 9.85,241400,-522,375,-0.51%,
11/24/2017,NCBA Bank Ltd Ord 5.00,KES 37.00,311100,0,-5.13%,,
11/24/2017,The Co-operative Bank of Kenya Ltd Ord 1.00,KES 16.30,1524300,-3,336,420,0.62%
11/24/2017,KCB Group Ltd Ord 1.00,KES 41.25,188100,-2,734,800,-1.20%
11/24/2017,Equity Group Holdings Ltd Ord 0.50,KES 42.75,2898200,27,973,650,-0.58%
11/23/2017,The Co-operative Bank of Kenya Ltd Ord 1.00,KES 16.20,1213200,-2,360,650,-
11/23/2017,Equity Group Holdings Ltd Ord 0.50,KES 43.00,628200,-9,697,287.5,-
11/23/2017,KCB Group Ltd Ord 1.00,KES 41.75,1053400,4,140,237.5,-
11/23/2017,NCBA Bank Ltd Ord 5.00,KES 39.00,159700,0,-,,
11/23/2017,Absa Bank Kenya Plc Ord 0.50,KES 9.90,227700,-572,237.5,-,
11/22/2017,NCBA Bank Ltd Ord 5.00,-,348500,-877,812.5,-,
11/22/2017,Equity Group Holdings Ltd Ord 0.50,-,3480800,826,350,-,
11/22/2017,Absa Bank Kenya Plc Ord 0.50,-,1376500,-6,183,95,-
11/22/2017,KCB Group Ltd Ord 1.00,-,2846400,-11,981,612.5,-
11/22/2017,The Co-operative Bank of Kenya Ltd Ord 1.00,-,2939800,-597,902.5,-,
11/21/2017,Equity Group Holdings Ltd Ord 0.50,KES 43.00,2447700,-3,81,75,0.00%
11/21/2017,NCBA Bank Ltd Ord 5.00,KES 39.25,174100,0,6.80%,,
11/21/2017,KCB Group Ltd Ord 1.00,KES 42.00,161700,1,868,125,-1.75%
11/21/2017,Absa Bank Kenya Plc Ord 0.50,KES 9.95,6357200,-30,413,985,0.51%
11/21/2017,The Co-operative Bank of Kenya Ltd Ord 1.00,KES 16.20,7530100,0,0.00%,,
11/20/2017,NCBA Bank Ltd Ord 5.00,KES 36.75,554400,2,713,775,-
11/20/2017,KCB Group Ltd Ord 1.00,KES 42.75,1136400,896,625,-,
11/20/2017,Absa Bank Kenya Plc Ord 0.50,KES 9.90,852200,-1,673,800,-
11/20/2017,The Co-operative Bank of Kenya Ltd Ord 1.00,KES 16.20,81800,0,-,,
11/20/2017,Equity Group Holdings Ltd Ord 0.50,KES 43.00,3138600,43,693,850,-
11/19/2017,NCBA Bank Ltd Ord 5.00,-,554400,2,713,775,-
11/19/2017,Equity Group Holdings Ltd Ord 0.50,-,3138600,43,693,850,-
11/19/2017,KCB Group Ltd Ord 1.00,-,1136400,896,625,-,
11/19/2017,The Co-operative Bank of Kenya Ltd Ord 1.00,-,81800,-,-,,
11/19/2017,Absa Bank Kenya Plc Ord 0.50,-,852200,-,-,,
11/17/2017,KCB Group Ltd Ord 1.00,KES 43.25,5749500,43,537,687.5,-1.14%
11/17/2017,NCBA Bank Ltd Ord 5.00,KES 36.50,145100,0,-0.68%,,
11/17/2017,Equity Group Holdings Ltd Ord 0.50,KES 43.00,3865600,54,144,812.5,-0.58%
11/17/2017,Absa Bank Kenya Plc Ord 0.50,KES 9.95,348900,-972,472.5,-0.50%,
11/17/2017,The Co-operative Bank of Kenya Ltd Ord 1.00,KES 16.50,857000,0,-2.37%,,
11/16/2017,Equity Group Holdings Ltd Ord 0.50,KES 43.25,591300,869,162.5,1.76%,
11/16/2017,KCB Group Ltd Ord 1.00,KES 43.75,2240900,28,237,562.5,1.16%
11/16/2017,The Co-operative Bank of Kenya Ltd Ord 1.00,KES 16.90,5103300,-1,29,602.5,-0.29%
11/16/2017,NCBA Bank Ltd Ord 5.00,KES 36.75,3200,0,-0.68%,,
11/16/2017,Absa Bank Kenya Plc Ord 0.50,KES 10.00,256800,49,500,0.00%,
11/15/2017,The Co-operative Bank of Kenya Ltd Ord 1.00,KES 16.95,2621300,0,4.63%,,
11/15/2017,Absa Bank Kenya Plc Ord 0.50,KES 10.00,368900,-1,3,5,2.04%
11/15/2017,KCB Group Ltd Ord 1.00,KES 43.25,2548200,31,758,512.5,2.37%
11/15/2017,NCBA Bank Ltd Ord 5.00,KES 37.00,242900,0,1.37%,,
11/15/2017,Equity Group Holdings Ltd Ord 0.50,KES 42.50,306900,-162,0,1.19%,
11/14/2017,Absa Bank Kenya Plc Ord 0.50,KES 9.80,33000,50,0,-0.51%,
11/14/2017,NCBA Bank Ltd Ord 5.00,KES 36.50,2800,0,0.69%,,
11/14/2017,Equity Group Holdings Ltd Ord 0.50,KES 42.00,125400,46,275,3.07%,
11/14/2017,KCB Group Ltd Ord 1.00,KES 42.25,946000,937,750,3.05%,
11/14/2017,The Co-operative Bank of Kenya Ltd Ord 1.00,KES 16.20,5842600,-323,852.5,0.93%,
11/13/2017,Absa Bank Kenya Plc Ord 0.50,KES 9.85,62600,-112,67.5,-,
11/13/2017,Equity Group Holdings Ltd Ord 0.50,KES 40.75,1017500,14,354,750,-
11/13/2017,KCB Group Ltd Ord 1.00,KES 41.00,1592100,-983,912.5,-,
11/13/2017,NCBA Bank Ltd Ord 5.00,KES 36.25,86700,0,-,,
11/13/2017,The Co-operative Bank of Kenya Ltd Ord 1.00,KES 16.05,301700,-1,908,527.5,-
11/12/2017,Equity Group Holdings Ltd Ord 0.50,-,1017500,14,354,750,-
11/12/2017,KCB Group Ltd Ord 1.00,-,1592100,-,-,,
11/12/2017,Absa Bank Kenya Plc Ord 0.50,-,62600,-,-,,
11/12/2017,NCBA Bank Ltd Ord 5.00,-,86700,-,-,,
11/12/2017,The Co-operative Bank of Kenya Ltd Ord 1.00,-,301700,-,-,,
11/10/2017,Absa Bank Kenya Plc Ord 0.50,KES 9.95,364000,-1,326,500,0.00%
11/10/2017,KCB Group Ltd Ord 1.00,KES 40.75,993500,-9,184,775,0.62%
11/10/2017,Equity Group Holdings Ltd Ord 0.50,KES 40.25,515500,-3,160,462.5,0.63%
11/10/2017,The Co-operative Bank of Kenya Ltd Ord 1.00,KES 16.05,180300,-1,181,750,-0.31%
11/10/2017,NCBA Bank Ltd Ord 5.00,KES 36.50,2004200,0,-2.67%,,
11/9/2017,Absa Bank Kenya Plc Ord 0.50,KES 9.95,1338500,-5,1,855,-0.50%
11/9/2017,The Co-operative Bank of Kenya Ltd Ord 1.00,KES 16.10,112000,0,0.63%,,
11/9/2017,KCB Group Ltd Ord 1.00,KES 40.50,520000,-4,170,612.5,2.53%
11/9/2017,NCBA Bank Ltd Ord 5.00,KES 37.50,19000,0,-0.66%,,
11/9/2017,Equity Group Holdings Ltd Ord 0.50,KES 40.00,144400,2,0,0,2.56%
11/8/2017,The Co-operative Bank of Kenya Ltd Ord 1.00,KES 16.00,4053500,0,-1.23%,,
11/8/2017,KCB Group Ltd Ord 1.00,KES 39.50,807900,-11,551,437.5,-0.63%
11/8/2017,Absa Bank Kenya Plc Ord 0.50,KES 10.00,165200,-235,480,0.00%,
11/8/2017,Equity Group Holdings Ltd Ord 0.50,KES 39.00,1269200,21,765,75,-1.27%
11/8/2017,NCBA Bank Ltd Ord 5.00,KES 37.75,315900,0,-,,
11/7/2017,Equity Group Holdings Ltd Ord 0.50,KES 39.50,2993400,19,886,225,-1.25%
11/7/2017,Absa Bank Kenya Plc Ord 0.50,KES 10.00,504300,-1,670,305,0.00%
11/7/2017,KCB Group Ltd Ord 1.00,KES 39.75,798700,-3,25,75,-1.85%
11/7/2017,The Co-operative Bank of Kenya Ltd Ord 1.00,KES 16.20,2176500,0,-0.31%,,
11/7/2017,NCBA Bank Ltd Ord 5.00,-,18300,-131,100,-,
11/6/2017,Absa Bank Kenya Plc Ord 0.50,KES 10.00,79400,101,0,-,
11/6/2017,KCB Group Ltd Ord 1.00,KES 40.50,1711800,-13,512,150,-
11/6/2017,The Co-operative Bank of Kenya Ltd Ord 1.00,KES 16.25,146800,-282,150,-,
11/6/2017,Equity Group Holdings Ltd Ord 0.50,KES 40.00,1626200,30,602,400,-
11/6/2017,NCBA Bank Ltd Ord 5.00,-,44600,-1,912.5,-,
11/5/2017,Absa Bank Kenya Plc Ord 0.50,-,79400,101,0,-,
11/5/2017,Equity Group Holdings Ltd Ord 0.50,-,1626200,30,602,400,-
11/5/2017,KCB Group Ltd Ord 1.00,-,1711800,-,-,,
11/5/2017,The Co-operative Bank of Kenya Ltd Ord 1.00,-,146800,-,-,,
11/5/2017,NCBA Bank Ltd Ord 5.00,-,44600,-,-,,
11/3/2017,Equity Group Holdings Ltd Ord 0.50,KES 40.00,1436000,-607,975,-0.62%,
11/3/2017,Absa Bank Kenya Plc Ord 0.50,KES 10.00,263100,-496,530,-0.99%,
11/3/2017,The Co-operative Bank of Kenya Ltd Ord 1.00,KES 16.35,105100,0,0.00%,,
11/3/2017,KCB Group Ltd Ord 1.00,KES 41.00,863900,-10,49,950,0.61%
11/3/2017,NCBA Bank Ltd Ord 5.00,-,231900,3,218,600,-
11/2/2017,The Co-operative Bank of Kenya Ltd Ord 1.00,KES 16.35,197000,0,-0.30%,,
11/2/2017,Absa Bank Kenya Plc Ord 0.50,KES 10.10,729300,-2,648,355,-0.49%
11/2/2017,Equity Group Holdings Ltd Ord 0.50,KES 40.25,3092000,40,666,650,0.63%
11/2/2017,KCB Group Ltd Ord 1.00,KES 40.75,3500200,10,878,62.5,0.00%
11/2/2017,NCBA Bank Ltd Ord 5.00,KES 38.25,193100,0,0.66%,,
11/1/2017,Equity Group Holdings Ltd Ord 0.50,KES 40.00,4239700,57,466,162.5,0.00%
11/1/2017,KCB Group Ltd Ord 1.00,KES 40.75,5195000,8,315,625,-1.21%
11/1/2017,NCBA Bank Ltd Ord 5.00,KES 38.00,554400,0,0.00%,,
11/1/2017,The Co-operative Bank of Kenya Ltd Ord 1.00,KES 16.40,5842700,13,977,342.5,-0.61%
11/1/2017,Absa Bank Kenya Plc Ord 0.50,KES 10.15,1093500,-4,995,500,0.00%
10/31/2017,KCB Group Ltd Ord 1.00,KES 41.25,5747000,7,755,837.5,-0.60%
10/31/2017,Equity Group Holdings Ltd Ord 0.50,KES 40.00,227600,-475,187.5,-0.62%,
10/31/2017,Absa Bank Kenya Plc Ord 0.50,KES 10.15,176900,100,0,0.00%,
10/31/2017,The Co-operative Bank of Kenya Ltd Ord 1.00,KES 16.50,308700,488,0,-1.20%,
10/31/2017,NCBA Bank Ltd Ord 5.00,KES 38.00,297800,0,-0.65%,,
10/30/2017,Equity Group Holdings Ltd Ord 0.50,KES 40.25,786900,-4,343,775,-
10/30/2017,Absa Bank Kenya Plc Ord 0.50,KES 10.15,173500,90,695,-,
10/30/2017,The Co-operative Bank of Kenya Ltd Ord 1.00,KES 16.70,1755600,0,-,,
10/30/2017,KCB Group Ltd Ord 1.00,KES 41.50,3055000,-8,840,187.5,-
10/30/2017,NCBA Bank Ltd Ord 5.00,KES 38.25,55000,0,-,,
10/29/2017,Absa Bank Kenya Plc Ord 0.50,-,173500,90,695,-,
10/29/2017,The Co-operative Bank of Kenya Ltd Ord 1.00,-,1755600,-,-,,
10/29/2017,KCB Group Ltd Ord 1.00,-,3055000,-,-,,
10/29/2017,Equity Group Holdings Ltd Ord 0.50,-,786900,-,-,,
10/29/2017,NCBA Bank Ltd Ord 5.00,-,55000,-,-,,
10/27/2017,Equity Group Holdings Ltd Ord 0.50,KES 40.75,2003700,-10,929,975,-
10/27/2017,The Co-operative Bank of Kenya Ltd Ord 1.00,KES 16.30,250500,2,422.5,-,
10/27/2017,KCB Group Ltd Ord 1.00,KES 41.00,3097000,3,368,212.5,-
10/27/2017,NCBA Bank Ltd Ord 5.00,KES 38.00,25500,0,-,,
10/27/2017,Absa Bank Kenya Plc Ord 0.50,KES 10.05,367700,-341,752.5,-,
10/26/2017,The Co-operative Bank of Kenya Ltd Ord 1.00,-,250500,2,423,-,
10/26/2017,KCB Group Ltd Ord 1.00,-,3097000,3,368,213,-
10/26/2017,Absa Bank Kenya Plc Ord 0.50,-,367700,-,-,,
10/26/2017,NCBA Bank Ltd Ord 5.00,-,25500,-,-,,
10/26/2017,Equity Group Holdings Ltd Ord 0.50,-,2003700,-,-,,
10/25/2017,Absa Bank Kenya Plc Ord 0.50,-,256800,-,-,,
10/25/2017,The Co-operative Bank of Kenya Ltd Ord 1.00,-,5103300,-,-,,
10/25/2017,KCB Group Ltd Ord 1.00,-,2240900,-,-,,
10/25/2017,Equity Group Holdings Ltd Ord 0.50,-,591300,-,-,,
10/25/2017,NCBA Bank Ltd Ord 5.00,-,3200,-,-,,
10/24/2017,KCB Group Ltd Ord 1.00,KES 39.25,1731000,-22,950,962.5,3.29%
10/24/2017,Absa Bank Kenya Plc Ord 0.50,KES 9.95,1110500,-4,509,432.5,0.00%
10/24/2017,NCBA Bank Ltd Ord 5.00,KES 37.75,17900,0,0.67%,,
10/24/2017,Equity Group Holdings Ltd Ord 0.50,KES 40.75,4501900,67,612,600,7.24%
10/24/2017,The Co-operative Bank of Kenya Ltd Ord 1.00,KES 16.00,75100,0,0.31%,,
10/23/2017,KCB Group Ltd Ord 1.00,KES 38.00,3975500,65,130,262.5,-
10/23/2017,Equity Group Holdings Ltd Ord 0.50,KES 38.00,2667200,12,929,450,-
10/23/2017,Absa Bank Kenya Plc Ord 0.50,KES 9.95,81000,45,250,-,
10/23/2017,The Co-operative Bank of Kenya Ltd Ord 1.00,KES 15.95,514800,-1,267,230,-
10/23/2017,NCBA Bank Ltd Ord 5.00,KES 37.50,19500,0,-,,
10/22/2017,Equity Group Holdings Ltd Ord 0.50,-,2667200,12,929,450,-
10/22/2017,Absa Bank Kenya Plc Ord 0.50,-,81000,45,250,-,
10/22/2017,KCB Group Ltd Ord 1.00,-,3975500,65,130,263,-
10/22/2017,The Co-operative Bank of Kenya Ltd Ord 1.00,-,514800,-,-,,
10/22/2017,NCBA Bank Ltd Ord 5.00,-,19500,-,-,,
10/19/2017,Equity Group Holdings Ltd Ord 0.50,KES 36.50,6734000,45,753,475,0.69%
10/19/2017,NCBA Bank Ltd Ord 5.00,KES 38.00,148300,1,320,112.5,0.00%
10/19/2017,The Co-operative Bank of Kenya Ltd Ord 1.00,KES 16.00,56600,0,-0.62%,,
10/19/2017,Absa Bank Kenya Plc Ord 0.50,KES 9.45,243900,-757,492.5,3.28%,
10/19/2017,KCB Group Ltd Ord 1.00,KES 38.25,1466600,24,516,62.5,-0.65%
10/18/2017,Equity Group Holdings Ltd Ord 0.50,KES 36.25,208300,3,21,487.5,-
10/18/2017,The Co-operative Bank of Kenya Ltd Ord 1.00,KES 16.10,131700,0,-,,
10/18/2017,Absa Bank Kenya Plc Ord 0.50,KES 9.15,47400,-86,480,-,
10/18/2017,KCB Group Ltd Ord 1.00,KES 38.50,1076800,-2,816,575,-
10/18/2017,NCBA Bank Ltd Ord 5.00,KES 38.00,16300,0,-,,
10/17/2017,KCB Group Ltd Ord 1.00,-,4303700,-19,589,175,-
10/17/2017,Equity Group Holdings Ltd Ord 0.50,-,3815500,-36,135,825,-
10/17/2017,Absa Bank Kenya Plc Ord 0.50,-,666400,-2,206,675,-
10/17/2017,NCBA Bank Ltd Ord 5.00,-,52700,0,-,,
10/17/2017,The Co-operative Bank of Kenya Ltd Ord 1.00,-,292500,8,175,-,
10/16/2017,Equity Group Holdings Ltd Ord 0.50,-,943100,-10,60,662.5,-
10/16/2017,KCB Group Ltd Ord 1.00,-,1505800,-3,431,125,-
10/16/2017,Absa Bank Kenya Plc Ord 0.50,-,196700,-703,720,-,
10/16/2017,The Co-operative Bank of Kenya Ltd Ord 1.00,-,659600,-412,500,-,
10/16/2017,NCBA Bank Ltd Ord 5.00,-,11000,0,-,,
10/15/2017,Absa Bank Kenya Plc Ord 0.50,-,196700,-,-,,
10/15/2017,Equity Group Holdings Ltd Ord 0.50,-,943100,-,-,,
10/15/2017,NCBA Bank Ltd Ord 5.00,-,11000,-,-,,
10/15/2017,The Co-operative Bank of Kenya Ltd Ord 1.00,-,659600,-,-,,
10/15/2017,KCB Group Ltd Ord 1.00,-,1505800,-,-,,
10/13/2017,The Co-operative Bank of Kenya Ltd Ord 1.00,KES 15.90,79700,0,0.00%,,
10/13/2017,KCB Group Ltd Ord 1.00,KES 38.25,7964700,30,566,750,4.08%
10/13/2017,NCBA Bank Ltd Ord 5.00,KES 36.75,92300,-260,950,0.00%,
10/13/2017,Equity Group Holdings Ltd Ord 0.50,KES 36.50,1735800,-12,300,437.5,0.69%
10/13/2017,Absa Bank Kenya Plc Ord 0.50,KES 9.00,128500,-542,450,0.00%,
10/12/2017,The Co-operative Bank of Kenya Ltd Ord 1.00,KES 15.90,882900,-412,500,-1.24%,
10/12/2017,Equity Group Holdings Ltd Ord 0.50,KES 36.25,87500,0,0.00%,,
10/12/2017,Absa Bank Kenya Plc Ord 0.50,KES 9.00,268600,-297,960,0.00%,
10/12/2017,KCB Group Ltd Ord 1.00,KES 36.75,101800,396,375,0.68%,
10/12/2017,NCBA Bank Ltd Ord 5.00,KES 36.75,29600,0,-0.68%,,
10/11/2017,Absa Bank Kenya Plc Ord 0.50,KES 9.00,218000,-516,282.5,-1.64%,
10/11/2017,KCB Group Ltd Ord 1.00,KES 36.50,377200,3,365,550,0.00%
10/11/2017,NCBA Bank Ltd Ord 5.00,KES 37.00,9600,0,-0.67%,,
10/11/2017,Equity Group Holdings Ltd Ord 0.50,KES 36.25,2010900,-4,945,850,0.00%
10/11/2017,The Co-operative Bank of Kenya Ltd Ord 1.00,KES 16.10,705400,0,-1.23%,,
10/10/2017,Absa Bank Kenya Plc Ord 0.50,KES 9.15,103000,159,600,0.55%,
10/10/2017,The Co-operative Bank of Kenya Ltd Ord 1.00,KES 16.30,2308800,0,0.00%,,
10/10/2017,Equity Group Holdings Ltd Ord 0.50,KES 36.25,2604200,0,0.69%,,
10/10/2017,KCB Group Ltd Ord 1.00,KES 36.50,209200,-1,506,612.5,-1.35%
10/10/2017,NCBA Bank Ltd Ord 5.00,KES 37.25,15300,0,0.00%,,
10/9/2017,NCBA Bank Ltd Ord 5.00,KES 37.25,29700,0,-,,
10/9/2017,KCB Group Ltd Ord 1.00,KES 37.00,174200,-1,506,612.5,-
10/9/2017,The Co-operative Bank of Kenya Ltd Ord 1.00,KES 16.30,71300,0,-,,
10/9/2017,Equity Group Holdings Ltd Ord 0.50,KES 36.00,1632100,-28,102,262.5,-
10/9/2017,Absa Bank Kenya Plc Ord 0.50,KES 9.10,141600,-580,810,-,
10/8/2017,The Co-operative Bank of Kenya Ltd Ord 1.00,-,71300,-,-,,
10/8/2017,KCB Group Ltd Ord 1.00,-,174200,-,-,,
10/8/2017,Equity Group Holdings Ltd Ord 0.50,-,1632100,-,-,,
10/8/2017,NCBA Bank Ltd Ord 5.00,-,29700,-,-,,
10/8/2017,Absa Bank Kenya Plc Ord 0.50,-,141600,-,-,,
10/6/2017,Equity Group Holdings Ltd Ord 0.50,KES 36.00,221300,2,127,500,0.00%
10/6/2017,NCBA Bank Ltd Ord 5.00,KES 36.00,2300,0,-0.69%,,
10/6/2017,Absa Bank Kenya Plc Ord 0.50,KES 9.45,33300,47,430,-0.53%,
10/6/2017,The Co-operative Bank of Kenya Ltd Ord 1.00,KES 16.50,136800,0,0.00%,,
10/6/2017,KCB Group Ltd Ord 1.00,KES 37.00,155000,-1,569,787.5,0.00%
10/5/2017,The Co-operative Bank of Kenya Ltd Ord 1.00,KES 16.50,134200,0,0.00%,,
10/5/2017,Equity Group Holdings Ltd Ord 0.50,KES 36.00,3905700,-39,234,725,1.41%
10/5/2017,NCBA Bank Ltd Ord 5.00,KES 36.25,9600,0,0.69%,,
10/5/2017,Absa Bank Kenya Plc Ord 0.50,KES 9.50,793400,-3,845,625,-2.06%
10/5/2017,KCB Group Ltd Ord 1.00,KES 37.00,93600,-324,787.5,-1.33%,
10/4/2017,The Co-operative Bank of Kenya Ltd Ord 1.00,KES 16.50,872200,-,0.00%,,
10/4/2017,KCB Group Ltd Ord 1.00,KES 37.50,2537900,-,-0.66%,,
10/4/2017,Equity Group Holdings Ltd Ord 0.50,KES 35.50,673300,-,-0.70%,,
10/4/2017,NCBA Bank Ltd Ord 5.00,KES 36.00,64700,-,-2.70%,,
10/4/2017,Absa Bank Kenya Plc Ord 0.50,KES 9.70,221500,-,1.04%,,
10/3/2017,NCBA Bank Ltd Ord 5.00,KES 37.00,61100,0,-0.67%,,
10/3/2017,The Co-operative Bank of Kenya Ltd Ord 1.00,KES 16.50,126000,201,270,0.00%,
10/3/2017,KCB Group Ltd Ord 1.00,KES 37.75,3385600,306,300,-3.21%,
10/3/2017,Equity Group Holdings Ltd Ord 0.50,KES 35.75,29900,-73,650,-2.05%,
10/3/2017,Absa Bank Kenya Plc Ord 0.50,KES 9.60,190800,30,957.5,-3.52%,
10/2/2017,Equity Group Holdings Ltd Ord 0.50,KES 36.50,1055900,-20,20,487.5,-
10/2/2017,Absa Bank Kenya Plc Ord 0.50,KES 9.95,522000,-2,375,252.5,-
10/2/2017,NCBA Bank Ltd Ord 5.00,KES 37.25,637400,-11,950,412.5,-
10/2/2017,The Co-operative Bank of Kenya Ltd Ord 1.00,KES 16.50,339700,-2,708,952.5,-
10/2/2017,KCB Group Ltd Ord 1.00,KES 39.00,923700,-18,480,812.5,-
10/1/2017,KCB Group Ltd Ord 1.00,-,923700,-,-,,
10/1/2017,Equity Group Holdings Ltd Ord 0.50,-,1055900,-,-,,
10/1/2017,The Co-operative Bank of Kenya Ltd Ord 1.00,-,339700,-,-,,
10/1/2017,Absa Bank Kenya Plc Ord 0.50,-,522000,-,-,,
10/1/2017,NCBA Bank Ltd Ord 5.00,-,637400,-,-,,
9/29/2017,Equity Group Holdings Ltd Ord 0.50,KES 36.00,514800,-7,391,662.5,-2.70%
9/29/2017,NCBA Bank Ltd Ord 5.00,KES 38.00,2100,0,0.66%,,
9/29/2017,Absa Bank Kenya Plc Ord 0.50,KES 10.10,16400,228,0,-0.49%,
9/29/2017,The Co-operative Bank of Kenya Ltd Ord 1.00,KES 16.50,742500,-157,250,-0.90%,
9/29/2017,KCB Group Ltd Ord 1.00,KES 39.50,888800,-2,648,900,-1.25%
9/28/2017,NCBA Bank Ltd Ord 5.00,KES 37.75,25300,0,-0.66%,,
9/28/2017,Absa Bank Kenya Plc Ord 0.50,KES 10.15,82700,51,500,-0.49%,
9/28/2017,Equity Group Holdings Ltd Ord 0.50,KES 37.00,384300,614,637.5,0.00%,
9/28/2017,The Co-operative Bank of Kenya Ltd Ord 1.00,KES 16.65,237900,0,0.00%,,
9/28/2017,KCB Group Ltd Ord 1.00,KES 40.00,918300,7,559,62.5,-0.62%
9/27/2017,NCBA Bank Ltd Ord 5.00,KES 38.00,47600,0,-0.65%,,
9/27/2017,Equity Group Holdings Ltd Ord 0.50,KES 37.00,495400,1,27,650,0.00%
9/27/2017,KCB Group Ltd Ord 1.00,KES 40.25,987400,-167,850,-0.62%,
9/27/2017,Absa Bank Kenya Plc Ord 0.50,KES 10.20,340200,103,500,-0.49%,
9/27/2017,The Co-operative Bank of Kenya Ltd Ord 1.00,KES 16.65,526100,84,750,-0.30%,
9/26/2017,NCBA Bank Ltd Ord 5.00,KES 38.25,57900,0,0.00%,,
9/26/2017,Absa Bank Kenya Plc Ord 0.50,KES 10.25,181000,0,1.49%,,
9/26/2017,KCB Group Ltd Ord 1.00,KES 40.50,1858600,22,150,550,-0.61%
9/26/2017,Equity Group Holdings Ltd Ord 0.50,KES 37.00,440500,-6,509,325,-2.63%
9/26/2017,The Co-operative Bank of Kenya Ltd Ord 1.00,KES 16.70,1055500,-8,171,595,-0.89%
9/25/2017,Absa Bank Kenya Plc Ord 0.50,KES 10.10,119300,0,-,,
9/25/2017,NCBA Bank Ltd Ord 5.00,KES 38.25,22300,0,-,,
9/25/2017,Equity Group Holdings Ltd Ord 0.50,KES 38.00,366800,-6,539,262.5,-
9/25/2017,The Co-operative Bank of Kenya Ltd Ord 1.00,KES 16.85,177900,1,700,-,
9/25/2017,KCB Group Ltd Ord 1.00,KES 40.75,323900,0,-,,
9/24/2017,The Co-operative Bank of Kenya Ltd Ord 1.00,-,177900,1,700,-,
9/24/2017,Equity Group Holdings Ltd Ord 0.50,-,366800,-,-,,
9/24/2017,NCBA Bank Ltd Ord 5.00,-,22300,-,-,,
9/24/2017,KCB Group Ltd Ord 1.00,-,323900,-,-,,
9/24/2017,Absa Bank Kenya Plc Ord 0.50,-,119300,-,-,,
9/22/2017,NCBA Bank Ltd Ord 5.00,KES 38.50,24700,0,0.00%,,
9/22/2017,KCB Group Ltd Ord 1.00,KES 41.00,1704500,18,823,62.5,0.00%
9/22/2017,Absa Bank Kenya Plc Ord 0.50,KES 10.10,109400,0,0.00%,,
9/22/2017,The Co-operative Bank of Kenya Ltd Ord 1.00,KES 16.95,795800,0,-0.59%,,
9/22/2017,Equity Group Holdings Ltd Ord 0.50,KES 38.75,195900,-2,678,550,0.00%
9/21/2017,KCB Group Ltd Ord 1.00,KES 41.00,2550700,-20,624,500,-0.61%
9/21/2017,NCBA Bank Ltd Ord 5.00,KES 38.50,36600,550,25,-0.65%,
9/21/2017,Absa Bank Kenya Plc Ord 0.50,KES 10.10,76900,0,0.00%,,
9/21/2017,Equity Group Holdings Ltd Ord 0.50,KES 38.75,1272400,-22,822,25,-0.64%
9/21/2017,The Co-operative Bank of Kenya Ltd Ord 1.00,KES 17.05,280000,0,0.89%,,
9/20/2017,NCBA Bank Ltd Ord 5.00,KES 38.75,380000,32,0,0.00%,
9/20/2017,The Co-operative Bank of Kenya Ltd Ord 1.00,KES 16.90,150500,-134,77.5,-0.29%,
9/20/2017,Absa Bank Kenya Plc Ord 0.50,KES 10.10,151900,0,-1.46%,,
9/20/2017,Equity Group Holdings Ltd Ord 0.50,KES 39.00,471400,-7,642,0,0.00%
9/20/2017,KCB Group Ltd Ord 1.00,KES 41.25,702100,3,504,212.5,-0.60%
9/19/2017,Equity Group Holdings Ltd Ord 0.50,KES 39.00,694200,0,-0.64%,,
9/19/2017,KCB Group Ltd Ord 1.00,KES 41.50,2202700,-4,497,720,-0.60%
9/19/2017,NCBA Bank Ltd Ord 5.00,KES 38.75,230300,0,-0.64%,,
9/19/2017,Absa Bank Kenya Plc Ord 0.50,KES 10.25,178600,76,0,-0.49%,
9/19/2017,The Co-operative Bank of Kenya Ltd Ord 1.00,KES 16.95,245000,0,0.00%,,
9/18/2017,The Co-operative Bank of Kenya Ltd Ord 1.00,KES 16.95,827200,-4,980,0,-
9/18/2017,KCB Group Ltd Ord 1.00,KES 41.75,1151100,-3,221,837.5,-
9/18/2017,Absa Bank Kenya Plc Ord 0.50,KES 10.30,102200,0,-,,
9/18/2017,Equity Group Holdings Ltd Ord 0.50,KES 39.25,51100,0,-,,
9/18/2017,NCBA Bank Ltd Ord 5.00,KES 39.00,18800,0,-,,
9/17/2017,NCBA Bank Ltd Ord 5.00,-,18800,-,-,,
9/17/2017,Equity Group Holdings Ltd Ord 0.50,-,51100,-,-,,
9/17/2017,Absa Bank Kenya Plc Ord 0.50,-,102200,-,-,,
9/17/2017,The Co-operative Bank of Kenya Ltd Ord 1.00,-,827200,-,-,,
9/17/2017,KCB Group Ltd Ord 1.00,-,1151100,-,-,,
9/15/2017,KCB Group Ltd Ord 1.00,KES 42.50,18931200,-18,65,787.5,-1.16%
9/15/2017,The Co-operative Bank of Kenya Ltd Ord 1.00,KES 17.00,972900,0,0.00%,,
9/15/2017,NCBA Bank Ltd Ord 5.00,KES 39.25,25700,58,725,-0.63%,
9/15/2017,Equity Group Holdings Ltd Ord 0.50,KES 39.00,3519700,-26,449,0,-1.27%
9/15/2017,Absa Bank Kenya Plc Ord 0.50,KES 10.35,501800,41,682.5,-0.48%,
9/14/2017,Equity Group Holdings Ltd Ord 0.50,KES 39.50,403100,-4,906,187.5,-1.25%
9/14/2017,Absa Bank Kenya Plc Ord 0.50,KES 10.40,414200,1,130,495,-0.48%
9/14/2017,KCB Group Ltd Ord 1.00,KES 43.00,2207700,-15,87,737.5,0.00%
9/14/2017,NCBA Bank Ltd Ord 5.00,KES 39.50,812500,28,0,-1.25%,
9/14/2017,The Co-operative Bank of Kenya Ltd Ord 1.00,KES 17.00,168600,0,1.19%,,
9/13/2017,NCBA Bank Ltd Ord 5.00,KES 40.00,20700,0,-0.62%,,
9/13/2017,The Co-operative Bank of Kenya Ltd Ord 1.00,KES 16.80,147900,0,1.51%,,
9/13/2017,Absa Bank Kenya Plc Ord 0.50,KES 10.45,124200,0,0.00%,,
9/13/2017,Equity Group Holdings Ltd Ord 0.50,KES 40.00,3641100,-50,905,950,0.63%
9/13/2017,KCB Group Ltd Ord 1.00,KES 43.00,794300,-13,549,825,0.58%
9/12/2017,NCBA Bank Ltd Ord 5.00,KES 40.25,643400,0,1.26%,,
9/12/2017,Absa Bank Kenya Plc Ord 0.50,KES 10.45,1480000,494,605,0.48%,
9/12/2017,The Co-operative Bank of Kenya Ltd Ord 1.00,KES 16.55,1689100,-12,962,470,0.00%
9/12/2017,KCB Group Ltd Ord 1.00,KES 42.75,1681000,-30,16,262.5,1.79%
9/12/2017,Equity Group Holdings Ltd Ord 0.50,KES 39.75,3902000,-74,575,750,0.63%
9/11/2017,Absa Bank Kenya Plc Ord 0.50,KES 10.40,68400,0,-,,
9/11/2017,KCB Group Ltd Ord 1.00,KES 42.00,458400,-5,497,212.5,-
9/11/2017,Equity Group Holdings Ltd Ord 0.50,KES 39.50,6539200,-63,6,62.5,-
9/11/2017,NCBA Bank Ltd Ord 5.00,KES 39.75,1034300,0,-,,
9/11/2017,The Co-operative Bank of Kenya Ltd Ord 1.00,KES 16.55,91200,0,-,,
9/10/2017,KCB Group Ltd Ord 1.00,-,458400,-,-,,
9/10/2017,Absa Bank Kenya Plc Ord 0.50,-,68400,-,-,,
9/10/2017,Equity Group Holdings Ltd Ord 0.50,-,6539200,-,-,,
9/10/2017,NCBA Bank Ltd Ord 5.00,-,1034300,-,-,,
9/10/2017,The Co-operative Bank of Kenya Ltd Ord 1.00,-,91200,-,-,,
9/8/2017,The Co-operative Bank of Kenya Ltd Ord 1.00,KES 16.60,5306400,0,0.00%,,
9/8/2017,Equity Group Holdings Ltd Ord 0.50,KES 40.00,2510500,0,2.56%,,
9/8/2017,NCBA Bank Ltd Ord 5.00,KES 39.75,5300,0,-0.63%,,
9/8/2017,Absa Bank Kenya Plc Ord 0.50,KES 10.40,399400,11,400,0.00%,
9/8/2017,KCB Group Ltd Ord 1.00,KES 41.75,1792100,-24,700,837.5,-0.60%
9/7/2017,KCB Group Ltd Ord 1.00,KES 42.00,1981600,-22,427,500,0.00%
9/7/2017,The Co-operative Bank of Kenya Ltd Ord 1.00,KES 16.60,5858800,-47,358,412.5,-0.30%
9/7/2017,Equity Group Holdings Ltd Ord 0.50,KES 39.00,5251800,-101,329,450,0.00%
9/7/2017,NCBA Bank Ltd Ord 5.00,KES 40.00,783500,0,0.00%,,
9/7/2017,Absa Bank Kenya Plc Ord 0.50,KES 10.40,1974000,438,752.5,0.48%,
9/6/2017,The Co-operative Bank of Kenya Ltd Ord 1.00,KES 16.65,6054200,-47,405,800,0.60%
9/6/2017,NCBA Bank Ltd Ord 5.00,KES 40.00,13500,0,0.63%,,
9/6/2017,KCB Group Ltd Ord 1.00,KES 42.00,902100,-16,908,900,0.00%
9/6/2017,Equity Group Holdings Ltd Ord 0.50,KES 39.00,6066400,-114,764,487.5,0.65%
9/6/2017,Absa Bank Kenya Plc Ord 0.50,KES 10.35,134600,0,-0.96%,,
9/5/2017,The Co-operative Bank of Kenya Ltd Ord 1.00,KES 16.55,1328000,-9,92,250,0.30%
9/5/2017,Equity Group Holdings Ltd Ord 0.50,KES 38.75,4702200,-85,799,775,-0.64%
9/5/2017,KCB Group Ltd Ord 1.00,KES 42.00,1543600,-28,307,375,0.00%
9/5/2017,Absa Bank Kenya Plc Ord 0.50,KES 10.45,108500,0,0.97%,,
9/5/2017,NCBA Bank Ltd Ord 5.00,KES 39.75,116400,0,0.00%,,
9/4/2017,Equity Group Holdings Ltd Ord 0.50,KES 39.00,1659900,-31,557,550,-
9/4/2017,NCBA Bank Ltd Ord 5.00,KES 39.75,1524300,0,-,,
9/4/2017,Absa Bank Kenya Plc Ord 0.50,KES 10.35,1232100,12,937.5,-,
9/4/2017,The Co-operative Bank of Kenya Ltd Ord 1.00,KES 16.50,771000,-3,657,992.5,-
9/4/2017,KCB Group Ltd Ord 1.00,KES 42.00,452400,-3,93,162.5,-
9/3/2017,Absa Bank Kenya Plc Ord 0.50,-,1232100,12,938,-,
9/3/2017,KCB Group Ltd Ord 1.00,-,452400,-,-,,
9/3/2017,Equity Group Holdings Ltd Ord 0.50,-,1659900,-,-,,
9/3/2017,The Co-operative Bank of Kenya Ltd Ord 1.00,-,771000,-,-,,
9/3/2017,NCBA Bank Ltd Ord 5.00,-,1524300,-,-,,
9/1/2017,The Co-operative Bank of Kenya Ltd Ord 1.00,KES 16.55,368400,49,867.5,0.61%,
9/1/2017,KCB Group Ltd Ord 1.00,KES 42.00,2217600,-10,709,400,-0.59%
9/1/2017,Absa Bank Kenya Plc Ord 0.50,KES 10.30,2184100,-8,115,270,-0.48%
9/1/2017,Equity Group Holdings Ltd Ord 0.50,KES 39.25,5141800,-82,721,887.5,0.00%
9/1/2017,NCBA Bank Ltd Ord 5.00,KES 39.75,175400,0,1.92%,,
8/31/2017,Absa Bank Kenya Plc Ord 0.50,KES 10.35,494900,699,15,0.00%,
8/31/2017,KCB Group Ltd Ord 1.00,KES 42.25,665600,-9,899,187.5,0.00%
8/31/2017,NCBA Bank Ltd Ord 5.00,KES 39.00,328800,0,-4.29%,,
8/31/2017,The Co-operative Bank of Kenya Ltd Ord 1.00,KES 16.45,1815100,-11,37,0,0.61%
8/31/2017,Equity Group Holdings Ltd Ord 0.50,KES 39.25,3039700,9,305,625,0.00%
8/30/2017,NCBA Bank Ltd Ord 5.00,KES 40.75,440500,0,5.16%,,
8/30/2017,KCB Group Ltd Ord 1.00,KES 42.25,1130500,-16,409,575,0.60%
8/30/2017,Absa Bank Kenya Plc Ord 0.50,KES 10.35,2141800,0,0.00%,,
8/30/2017,The Co-operative Bank of Kenya Ltd Ord 1.00,KES 16.35,363900,127,972.5,0.31%,
8/30/2017,Equity Group Holdings Ltd Ord 0.50,KES 39.25,318200,1,397,0,0.64%
8/29/2017,Absa Bank Kenya Plc Ord 0.50,KES 10.35,1971700,159,0,-0.96%,
8/29/2017,The Co-operative Bank of Kenya Ltd Ord 1.00,KES 16.30,2331900,-11,756,312.5,0.62%
8/29/2017,KCB Group Ltd Ord 1.00,KES 42.00,1625200,-30,851,275,0.60%
8/29/2017,NCBA Bank Ltd Ord 5.00,KES 38.75,223600,0,0.00%,,
8/29/2017,Equity Group Holdings Ltd Ord 0.50,KES 39.00,1008100,-7,471,737.5,0.65%
8/28/2017,Equity Group Holdings Ltd Ord 0.50,KES 38.75,636000,-4,184,412.5,-
8/28/2017,NCBA Bank Ltd Ord 5.00,KES 38.75,1022100,118,125,-,
8/28/2017,The Co-operative Bank of Kenya Ltd Ord 1.00,KES 16.20,631000,-6,845,-,
8/28/2017,Absa Bank Kenya Plc Ord 0.50,KES 10.45,102000,0,-,,
8/28/2017,KCB Group Ltd Ord 1.00,KES 41.75,1173300,-15,549,700,-
8/27/2017,NCBA Bank Ltd Ord 5.00,-,1022100,118,125,-,
8/27/2017,Equity Group Holdings Ltd Ord 0.50,-,636000,-,-,,
8/27/2017,Absa Bank Kenya Plc Ord 0.50,-,102000,-,-,,
8/27/2017,The Co-operative Bank of Kenya Ltd Ord 1.00,-,631000,-,-,,
8/27/2017,KCB Group Ltd Ord 1.00,-,1173300,-,-,,
8/25/2017,NCBA Bank Ltd Ord 5.00,KES 38.00,126800,0,-1.94%,,
8/25/2017,KCB Group Ltd Ord 1.00,KES 41.50,929700,-9,122,425,-5.14%
8/25/2017,Absa Bank Kenya Plc Ord 0.50,KES 10.30,543000,-147,812.5,0.00%,
8/25/2017,The Co-operative Bank of Kenya Ltd Ord 1.00,KES 16.00,724300,0,-4.19%,,
8/25/2017,Equity Group Holdings Ltd Ord 0.50,KES 40.00,796900,-7,499,300,-0.62%
8/24/2017,NCBA Bank Ltd Ord 5.00,KES 38.75,199700,0,-4.32%,,
8/24/2017,KCB Group Ltd Ord 1.00,KES 43.75,158900,376,412.5,-2.78%,
8/24/2017,Equity Group Holdings Ltd Ord 0.50,KES 40.25,139400,-136,575,-8.00%,
8/24/2017,The Co-operative Bank of Kenya Ltd Ord 1.00,KES 16.70,929900,0,-2.05%,,
8/24/2017,Absa Bank Kenya Plc Ord 0.50,KES 10.30,345900,0,-3.29%,,
8/23/2017,NCBA Bank Ltd Ord 5.00,KES 40.50,12400,0,7.28%,,
8/23/2017,Absa Bank Kenya Plc Ord 0.50,KES 10.65,306500,0,0.95%,,
8/23/2017,The Co-operative Bank of Kenya Ltd Ord 1.00,KES 17.05,291200,4,150,0.29%,
8/23/2017,Equity Group Holdings Ltd Ord 0.50,KES 43.75,410000,4,887,912.5,0.00%
8/23/2017,KCB Group Ltd Ord 1.00,KES 45.00,184100,772,662.5,-0.55%,
8/22/2017,NCBA Bank Ltd Ord 5.00,KES 37.75,59500,-319,0,-0.66%,
8/22/2017,Equity Group Holdings Ltd Ord 0.50,KES 43.75,5507100,-36,414,737.5,0.00%
8/22/2017,KCB Group Ltd Ord 1.00,KES 45.25,3855200,0,0.00%,,
8/22/2017,The Co-operative Bank of Kenya Ltd Ord 1.00,KES 17.00,581400,0,0.00%,,
8/22/2017,Absa Bank Kenya Plc Ord 0.50,KES 10.55,2179600,-3,520,25,-0.47%
8/21/2017,KCB Group Ltd Ord 1.00,KES 45.25,109000,-221,250,-,
8/21/2017,The Co-operative Bank of Kenya Ltd Ord 1.00,KES 17.00,253100,0,-,,
8/21/2017,Absa Bank Kenya Plc Ord 0.50,KES 10.60,143500,8,712.5,-,
8/21/2017,NCBA Bank Ltd Ord 5.00,KES 38.00,440400,0,-,,
8/21/2017,Equity Group Holdings Ltd Ord 0.50,KES 43.75,812200,-376,250,-,
8/20/2017,Absa Bank Kenya Plc Ord 0.50,-,143500,8,713,-,
8/20/2017,KCB Group Ltd Ord 1.00,-,109000,-,-,,
8/20/2017,NCBA Bank Ltd Ord 5.00,-,440400,-,-,,
8/20/2017,The Co-operative Bank of Kenya Ltd Ord 1.00,-,253100,-,-,,
8/20/2017,Equity Group Holdings Ltd Ord 0.50,-,812200,-,-,,
8/18/2017,Equity Group Holdings Ltd Ord 0.50,KES 44.25,3498500,-15,604,700,1.72%
8/18/2017,The Co-operative Bank of Kenya Ltd Ord 1.00,KES 16.90,1981700,-13,897,510,-0.29%
8/18/2017,NCBA Bank Ltd Ord 5.00,KES 37.50,1052800,0,1.35%,,
8/18/2017,KCB Group Ltd Ord 1.00,KES 45.50,2126300,2,99,675,0.00%
8/18/2017,Absa Bank Kenya Plc Ord 0.50,KES 10.80,1611500,442,425,1.89%,
8/17/2017,NCBA Bank Ltd Ord 5.00,KES 37.00,611600,2,348,775,0.68%
8/17/2017,Absa Bank Kenya Plc Ord 0.50,KES 10.60,1241800,184,260,0.47%,
8/17/2017,Equity Group Holdings Ltd Ord 0.50,KES 43.50,5106300,-1,841,437.5,0.58%
8/17/2017,KCB Group Ltd Ord 1.00,KES 45.50,1394400,-4,888,575,0.55%
8/17/2017,The Co-operative Bank of Kenya Ltd Ord 1.00,KES 16.95,2939500,-19,563,817.5,1.50%
8/16/2017,Equity Group Holdings Ltd Ord 0.50,KES 43.25,3467000,-38,157,812.5,0.58%
8/16/2017,The Co-operative Bank of Kenya Ltd Ord 1.00,KES 16.70,3878100,-20,729,775,0.91%
8/16/2017,NCBA Bank Ltd Ord 5.00,KES 36.75,375500,0,0.00%,,
8/16/2017,KCB Group Ltd Ord 1.00,KES 45.25,4543100,20,562,225,0.56%
8/16/2017,Absa Bank Kenya Plc Ord 0.50,KES 10.55,368500,0,1.44%,,
8/15/2017,Equity Group Holdings Ltd Ord 0.50,KES 43.00,3830400,-7,473,950,0.00%
8/15/2017,Absa Bank Kenya Plc Ord 0.50,KES 10.40,567600,92,792.5,0.97%,
8/15/2017,KCB Group Ltd Ord 1.00,KES 45.00,1764500,-927,912.5,0.56%,
8/15/2017,NCBA Bank Ltd Ord 5.00,KES 36.75,766200,0,2.08%,,
8/15/2017,The Co-operative Bank of Kenya Ltd Ord 1.00,KES 16.55,1100200,8,650,1.22%,
8/14/2017,KCB Group Ltd Ord 1.00,KES 44.75,201400,363,0,-,
8/14/2017,Equity Group Holdings Ltd Ord 0.50,KES 43.00,5979900,-50,282,550,-
8/14/2017,Absa Bank Kenya Plc Ord 0.50,KES 10.30,685600,2,607,510,-
8/14/2017,The Co-operative Bank of Kenya Ltd Ord 1.00,KES 16.35,745600,0,-,,
8/14/2017,NCBA Bank Ltd Ord 5.00,KES 36.00,298700,0,-,,
8/13/2017,KCB Group Ltd Ord 1.00,-,201400,363,0,-,
8/13/2017,Absa Bank Kenya Plc Ord 0.50,-,685600,2,607,510,-
8/13/2017,Equity Group Holdings Ltd Ord 0.50,-,5979900,-,-,,
8/13/2017,The Co-operative Bank of Kenya Ltd Ord 1.00,-,745600,-,-,,
8/13/2017,NCBA Bank Ltd Ord 5.00,-,298700,-,-,,
8/11/2017,The Co-operative Bank of Kenya Ltd Ord 1.00,KES 16.45,387300,-2,226,447.5,1.54%
8/11/2017,Equity Group Holdings Ltd Ord 0.50,KES 43.00,2615400,-4,65,25,0.00%
8/11/2017,NCBA Bank Ltd Ord 5.00,KES 36.00,144500,0,-0.69%,,
8/11/2017,Absa Bank Kenya Plc Ord 0.50,KES 10.35,116200,0,-0.96%,,
8/11/2017,KCB Group Ltd Ord 1.00,KES 44.25,11410700,3,469,737.5,0.57%
8/10/2017,Absa Bank Kenya Plc Ord 0.50,KES 10.45,43400,51,500,-2.79%,
8/10/2017,NCBA Bank Ltd Ord 5.00,KES 36.25,37400,0,0.00%,,
8/10/2017,Equity Group Holdings Ltd Ord 0.50,KES 43.00,925600,15,394,0,-0.58%
8/10/2017,The Co-operative Bank of Kenya Ltd Ord 1.00,KES 16.20,1054900,-8,240,482.5,-7.16%
8/10/2017,KCB Group Ltd Ord 1.00,KES 44.00,1555900,-4,313,462.5,0.00%
8/9/2017,KCB Group Ltd Ord 1.00,KES 44.00,2013800,-,-,,
8/9/2017,Equity Group Holdings Ltd Ord 0.50,KES 43.25,109900,15,394,0,-
8/9/2017,The Co-operative Bank of Kenya Ltd Ord 1.00,KES 17.45,106500,-,-,,
8/9/2017,NCBA Bank Ltd Ord 5.00,KES 36.25,18200,-,-,,
8/9/2017,Absa Bank Kenya Plc Ord 0.50,KES 10.75,201200,51,500,-,
8/8/2017,The Co-operative Bank of Kenya Ltd Ord 1.00,-,106500,-,-,,
8/8/2017,Equity Group Holdings Ltd Ord 0.50,-,109900,-,-,,
8/8/2017,KCB Group Ltd Ord 1.00,-,2013800,-,-,,
8/8/2017,NCBA Bank Ltd Ord 5.00,-,18200,-,-,,
8/8/2017,Absa Bank Kenya Plc Ord 0.50,-,201200,-,-,,
8/7/2017,The Co-operative Bank of Kenya Ltd Ord 1.00,KES 17.55,1505100,-5,659,865,-
8/7/2017,Equity Group Holdings Ltd Ord 0.50,KES 43.75,57200,-97,200,-,
8/7/2017,NCBA Bank Ltd Ord 5.00,KES 36.25,62600,0,-,,
8/7/2017,Absa Bank Kenya Plc Ord 0.50,KES 11.05,117100,0,-,,
8/7/2017,KCB Group Ltd Ord 1.00,KES 44.75,34000,0,-,,
8/6/2017,Absa Bank Kenya Plc Ord 0.50,-,117100,-,-,,
8/6/2017,The Co-operative Bank of Kenya Ltd Ord 1.00,-,1505100,-,-,,
8/6/2017,KCB Group Ltd Ord 1.00,-,34000,-,-,,
8/6/2017,Equity Group Holdings Ltd Ord 0.50,-,57200,-,-,,
8/6/2017,NCBA Bank Ltd Ord 5.00,-,62600,-,-,,
8/4/2017,Absa Bank Kenya Plc Ord 0.50,KES 11.60,168900,0,0.43%,,
8/4/2017,KCB Group Ltd Ord 1.00,KES 45.25,1808600,-34,198,812.5,0.00%
8/4/2017,NCBA Bank Ltd Ord 5.00,KES 36.25,5721400,-6,550,0.00%,
8/4/2017,The Co-operative Bank of Kenya Ltd Ord 1.00,KES 17.50,200300,0,3.24%,,
8/4/2017,Equity Group Holdings Ltd Ord 0.50,KES 44.25,635500,-473,812.5,0.57%,
8/3/2017,The Co-operative Bank of Kenya Ltd Ord 1.00,KES 16.95,316000,-3,887.5,4.95%,
8/3/2017,Absa Bank Kenya Plc Ord 0.50,KES 11.55,2458400,10,791,500,8.96%
8/3/2017,KCB Group Ltd Ord 1.00,KES 45.25,1202600,-9,853,525,4.02%
8/3/2017,Equity Group Holdings Ltd Ord 0.50,KES 44.00,349300,-5,299,750,2.92%
8/3/2017,NCBA Bank Ltd Ord 5.00,KES 36.25,197100,1,860,200,-0.68%
8/2/2017,Equity Group Holdings Ltd Ord 0.50,KES 42.75,2677200,15,438,412.5,4.27%
8/2/2017,KCB Group Ltd Ord 1.00,KES 43.50,3121600,-28,94,900,2.35%
8/2/2017,Absa Bank Kenya Plc Ord 0.50,KES 10.60,608000,0,2.91%,,
8/2/2017,The Co-operative Bank of Kenya Ltd Ord 1.00,KES 16.15,2765100,-2,742,790,1.57%
8/2/2017,NCBA Bank Ltd Ord 5.00,KES 36.50,625600,0,4.29%,,
8/1/2017,NCBA Bank Ltd Ord 5.00,KES 35.00,405000,0,2.94%,,
8/1/2017,Equity Group Holdings Ltd Ord 0.50,KES 41.00,5354700,-68,970,200,-0.61%
8/1/2017,KCB Group Ltd Ord 1.00,KES 42.50,2104600,-36,593,462.5,0.00%
8/1/2017,Absa Bank Kenya Plc Ord 0.50,KES 10.30,126000,0,3.52%,,
8/1/2017,The Co-operative Bank of Kenya Ltd Ord 1.00,KES 15.90,7505200,-24,435,660,0.32%
7/31/2017,NCBA Bank Ltd Ord 5.00,KES 34.00,17300,0,-,,
7/31/2017,The Co-operative Bank of Kenya Ltd Ord 1.00,KES 15.85,5510500,-16,287,420,-
7/31/2017,KCB Group Ltd Ord 1.00,KES 42.50,2277200,-13,49,475,-
7/31/2017,Absa Bank Kenya Plc Ord 0.50,KES 9.95,300600,0,-,,
7/31/2017,Equity Group Holdings Ltd Ord 0.50,KES 41.25,1135000,-8,154,900,-
7/30/2017,Absa Bank Kenya Plc Ord 0.50,-,300600,-,-,,
7/30/2017,The Co-operative Bank of Kenya Ltd Ord 1.00,-,5510500,-,-,,
7/30/2017,KCB Group Ltd Ord 1.00,-,2277200,-,-,,
7/30/2017,Equity Group Holdings Ltd Ord 0.50,-,1135000,-,-,,
7/30/2017,NCBA Bank Ltd Ord 5.00,-,17300,-,-,,
7/28/2017,The Co-operative Bank of Kenya Ltd Ord 1.00,-,2114400,135,342.5,-,
7/28/2017,KCB Group Ltd Ord 1.00,-,385600,-3,913,325,-
7/28/2017,Equity Group Holdings Ltd Ord 0.50,-,8208300,-108,883,87.5,-
7/28/2017,Absa Bank Kenya Plc Ord 0.50,-,1873900,4,975,-,
7/28/2017,NCBA Bank Ltd Ord 5.00,-,1869200,0,-,,
7/27/2017,KCB Group Ltd Ord 1.00,KES 41.50,5105400,7,882,0,2.47%
7/27/2017,Equity Group Holdings Ltd Ord 0.50,KES 40.25,2245900,3,257,137.5,1.26%
7/27/2017,NCBA Bank Ltd Ord 5.00,KES 32.75,304500,0,2.34%,,
7/27/2017,The Co-operative Bank of Kenya Ltd Ord 1.00,KES 15.70,1184400,-76,250,0.96%,
7/27/2017,Absa Bank Kenya Plc Ord 0.50,KES 9.65,3270100,-14,700,0,0.52%
7/26/2017,KCB Group Ltd Ord 1.00,KES 40.50,1379200,25,602,387.5,0.00%
7/26/2017,Equity Group Holdings Ltd Ord 0.50,KES 39.75,441000,182,450,-0.63%,
7/26/2017,Absa Bank Kenya Plc Ord 0.50,KES 9.60,57600,0,0.52%,,
7/26/2017,NCBA Bank Ltd Ord 5.00,KES 32.00,131800,0,-1.54%,,
7/26/2017,The Co-operative Bank of Kenya Ltd Ord 1.00,KES 15.55,139400,-65,575,-0.32%,
7/25/2017,NCBA Bank Ltd Ord 5.00,KES 32.50,4488800,0,0.00%,,
7/25/2017,The Co-operative Bank of Kenya Ltd Ord 1.00,KES 15.60,1363800,-7,500,0,-0.32%
7/25/2017,Equity Group Holdings Ltd Ord 0.50,KES 40.00,2090000,42,659,675,-1.84%
7/25/2017,KCB Group Ltd Ord 1.00,KES 40.50,1135800,0,2.53%,,
7/25/2017,Absa Bank Kenya Plc Ord 0.50,KES 9.55,2158400,132,300,0.00%,
7/24/2017,NCBA Bank Ltd Ord 5.00,KES 32.50,40600,0,-,,
7/24/2017,KCB Group Ltd Ord 1.00,KES 39.50,2075100,806,0,-,
7/24/2017,Absa Bank Kenya Plc Ord 0.50,KES 9.55,216900,0,-,,
7/24/2017,The Co-operative Bank of Kenya Ltd Ord 1.00,KES 15.65,2084100,-11,46,97.5,-
7/24/2017,Equity Group Holdings Ltd Ord 0.50,KES 40.75,2961000,879,525,-,
7/23/2017,Equity Group Holdings Ltd Ord 0.50,-,2961000,879,525,-,
7/23/2017,KCB Group Ltd Ord 1.00,-,2075100,806,0,-,
7/23/2017,Absa Bank Kenya Plc Ord 0.50,-,216900,-,-,,
7/23/2017,NCBA Bank Ltd Ord 5.00,-,40600,-,-,,
7/23/2017,The Co-operative Bank of Kenya Ltd Ord 1.00,-,2084100,-,-,,
7/21/2017,NCBA Bank Ltd Ord 5.00,KES 32.50,9900,0,-3.70%,,
7/21/2017,Absa Bank Kenya Plc Ord 0.50,KES 9.50,44800,0,-3.55%,,
7/21/2017,The Co-operative Bank of Kenya Ltd Ord 1.00,KES 15.70,4932900,-3,833,175,0.32%
7/21/2017,KCB Group Ltd Ord 1.00,KES 39.50,5101700,3,4,612.5,-3.07%
7/21/2017,Equity Group Holdings Ltd Ord 0.50,KES 41.00,1609900,-3,319,862.5,0.61%
7/20/2017,Equity Group Holdings Ltd Ord 0.50,KES 40.75,24100,0,-1.81%,,
7/20/2017,Absa Bank Kenya Plc Ord 0.50,KES 9.85,1663800,24,250,0.51%,
7/20/2017,NCBA Bank Ltd Ord 5.00,KES 33.75,868900,0,-2.88%,,
7/20/2017,KCB Group Ltd Ord 1.00,KES 40.75,6820700,10,85,487.5,-0.61%
7/20/2017,The Co-operative Bank of Kenya Ltd Ord 1.00,KES 15.65,1817600,-6,894,875,1.62%
7/19/2017,The Co-operative Bank of Kenya Ltd Ord 1.00,KES 15.40,5924700,1,681,597.5,1.99%
7/19/2017,Equity Group Holdings Ltd Ord 0.50,KES 41.50,523700,-1,590,475,0.61%
7/19/2017,Absa Bank Kenya Plc Ord 0.50,KES 9.80,137800,0,0.51%,,
7/19/2017,KCB Group Ltd Ord 1.00,KES 41.00,1398400,124,0,2.50%,
7/19/2017,NCBA Bank Ltd Ord 5.00,KES 34.75,29500,0,2.21%,,
7/18/2017,NCBA Bank Ltd Ord 5.00,KES 34.00,40300,0,0.00%,,
7/18/2017,Absa Bank Kenya Plc Ord 0.50,KES 9.75,327200,-48,0,0.52%,
7/18/2017,KCB Group Ltd Ord 1.00,KES 40.00,136000,1,703,487.5,0.63%
7/18/2017,Equity Group Holdings Ltd Ord 0.50,KES 41.25,9190800,-82,561,425,0.00%
7/18/2017,The Co-operative Bank of Kenya Ltd Ord 1.00,KES 15.10,2160100,1,665,325,-0.33%
7/17/2017,KCB Group Ltd Ord 1.00,KES 39.75,8965700,-146,124,0,-
7/17/2017,NCBA Bank Ltd Ord 5.00,KES 34.00,146800,-423,300,-,
7/17/2017,Equity Group Holdings Ltd Ord 0.50,KES 41.25,4159300,424,712.5,-,
7/17/2017,The Co-operative Bank of Kenya Ltd Ord 1.00,KES 15.15,1767800,10,984,490,-
7/17/2017,Absa Bank Kenya Plc Ord 0.50,KES 9.70,68900,-74,205,-,
7/16/2017,Equity Group Holdings Ltd Ord 0.50,-,4159300,424,713,-,
7/16/2017,The Co-operative Bank of Kenya Ltd Ord 1.00,-,1767800,10,984,490,-
7/16/2017,Absa Bank Kenya Plc Ord 0.50,-,68900,-,-,,
7/16/2017,NCBA Bank Ltd Ord 5.00,-,146800,-,-,,
7/16/2017,KCB Group Ltd Ord 1.00,-,8965700,-,-,,
7/14/2017,The Co-operative Bank of Kenya Ltd Ord 1.00,KES 15.00,2086300,-9,562,400,0.00%
7/14/2017,Absa Bank Kenya Plc Ord 0.50,KES 9.80,79800,-49,955,1.55%,
7/14/2017,KCB Group Ltd Ord 1.00,KES 39.50,4294000,-48,25,125,-1.25%
7/14/2017,Equity Group Holdings Ltd Ord 0.50,KES 40.75,847300,2,801,450,0.62%
7/14/2017,NCBA Bank Ltd Ord 5.00,KES 34.75,37800,0,2.21%,,
7/13/2017,Absa Bank Kenya Plc Ord 0.50,KES 9.65,1324000,0,0.00%,,
7/13/2017,KCB Group Ltd Ord 1.00,KES 40.00,573700,0,0.63%,,
7/13/2017,Equity Group Holdings Ltd Ord 0.50,KES 40.50,8830200,0,1.89%,,
7/13/2017,NCBA Bank Ltd Ord 5.00,KES 34.00,5300,0,0.74%,,
7/13/2017,The Co-operative Bank of Kenya Ltd Ord 1.00,KES 15.00,15567000,0,0.33%,,
7/12/2017,KCB Group Ltd Ord 1.00,KES 39.75,84700,315,562.5,0.00%,
7/12/2017,The Co-operative Bank of Kenya Ltd Ord 1.00,KES 14.95,1508500,0,0.34%,,
7/12/2017,Absa Bank Kenya Plc Ord 0.50,KES 9.65,369800,0,0.00%,,
7/12/2017,Equity Group Holdings Ltd Ord 0.50,KES 39.75,1106200,-9,870,387.5,1.27%
7/12/2017,NCBA Bank Ltd Ord 5.00,KES 33.75,298300,0,-0.74%,,
7/11/2017,KCB Group Ltd Ord 1.00,KES 39.75,1894700,25,942,287.5,1.27%
7/11/2017,Absa Bank Kenya Plc Ord 0.50,KES 9.65,319600,386,650,0.52%,
7/11/2017,Equity Group Holdings Ltd Ord 0.50,KES 39.25,4439000,10,897,662.5,-1.26%
7/11/2017,The Co-operative Bank of Kenya Ltd Ord 1.00,KES 14.90,1260800,1,328,690,0.00%
7/11/2017,NCBA Bank Ltd Ord 5.00,KES 34.00,402600,0,-0.73%,,
7/10/2017,KCB Group Ltd Ord 1.00,KES 39.25,82400,0,-,,
7/10/2017,Absa Bank Kenya Plc Ord 0.50,KES 9.60,47200,0,-,,
7/10/2017,NCBA Bank Ltd Ord 5.00,KES 34.25,3100,0,-,,
7/10/2017,The Co-operative Bank of Kenya Ltd Ord 1.00,KES 14.90,283200,0,-,,
7/10/2017,Equity Group Holdings Ltd Ord 0.50,KES 39.75,48000,133,125,-,
7/9/2017,Equity Group Holdings Ltd Ord 0.50,-,48000,133,125,-,
7/9/2017,KCB Group Ltd Ord 1.00,-,82400,-,-,,
7/9/2017,The Co-operative Bank of Kenya Ltd Ord 1.00,-,283200,-,-,,
7/9/2017,Absa Bank Kenya Plc Ord 0.50,-,47200,-,-,,
7/9/2017,NCBA Bank Ltd Ord 5.00,-,3100,-,-,,
7/7/2017,Equity Group Holdings Ltd Ord 0.50,KES 39.50,34900,0,1.94%,,
7/7/2017,Absa Bank Kenya Plc Ord 0.50,KES 9.55,252800,0,-0.52%,,
7/7/2017,NCBA Bank Ltd Ord 5.00,KES 33.75,4200,0,0.00%,,
7/7/2017,KCB Group Ltd Ord 1.00,KES 39.75,2575500,21,879,262.5,-0.63%
7/7/2017,The Co-operative Bank of Kenya Ltd Ord 1.00,KES 14.50,7104700,-47,703,600,0.00%
7/6/2017,Absa Bank Kenya Plc Ord 0.50,KES 9.60,133600,-48,500,0.00%,
7/6/2017,KCB Group Ltd Ord 1.00,KES 40.00,235700,2,741,162.5,1.91%
7/6/2017,NCBA Bank Ltd Ord 5.00,KES 33.75,83600,0,0.00%,,
7/6/2017,The Co-operative Bank of Kenya Ltd Ord 1.00,KES 14.50,1156700,-5,595,457.5,3.57%
7/6/2017,Equity Group Holdings Ltd Ord 0.50,KES 38.75,68582400,10,523,512.5,1.97%
7/5/2017,Absa Bank Kenya Plc Ord 0.50,KES 9.60,445200,0,0.52%,,
7/5/2017,The Co-operative Bank of Kenya Ltd Ord 1.00,KES 14.00,1035400,-630,0,0.00%,
7/5/2017,KCB Group Ltd Ord 1.00,KES 39.25,1190400,-1,925,1.29%,
7/5/2017,NCBA Bank Ltd Ord 5.00,KES 33.75,18300,0,-0.74%,,
7/5/2017,Equity Group Holdings Ltd Ord 0.50,KES 38.00,59900,330,237.5,1.33%,
7/4/2017,NCBA Bank Ltd Ord 5.00,KES 34.00,51500,0,0.74%,,
7/4/2017,KCB Group Ltd Ord 1.00,KES 38.75,1455400,2,869,575,1.97%
7/4/2017,Equity Group Holdings Ltd Ord 0.50,KES 37.50,2038000,32,530,787.5,0.67%
7/4/2017,Absa Bank Kenya Plc Ord 0.50,KES 9.55,524000,0,0.53%,,
7/4/2017,The Co-operative Bank of Kenya Ltd Ord 1.00,KES 14.00,497600,177,800,0.36%,
7/3/2017,Absa Bank Kenya Plc Ord 0.50,KES 9.50,796800,0,-,,
7/3/2017,Equity Group Holdings Ltd Ord 0.50,KES 37.25,39500,1,409,762.5,-
7/3/2017,The Co-operative Bank of Kenya Ltd Ord 1.00,KES 13.95,60300,-3,137,947.5,-
7/3/2017,NCBA Bank Ltd Ord 5.00,KES 33.75,1000,0,-,,
7/3/2017,KCB Group Ltd Ord 1.00,KES 38.00,1347700,1,576,325,-
7/2/2017,Equity Group Holdings Ltd Ord 0.50,-,39500,1,409,763,-
7/2/2017,KCB Group Ltd Ord 1.00,-,1347700,1,576,325,-
7/2/2017,The Co-operative Bank of Kenya Ltd Ord 1.00,-,60300,-,-,,
7/2/2017,Absa Bank Kenya Plc Ord 0.50,-,796800,-,-,,
7/2/2017,NCBA Bank Ltd Ord 5.00,-,1000,-,-,,
6/30/2017,NCBA Bank Ltd Ord 5.00,KES 34.00,575100,0,1.49%,,
6/30/2017,Absa Bank Kenya Plc Ord 0.50,KES 9.55,410800,0,0.53%,,
6/30/2017,KCB Group Ltd Ord 1.00,KES 38.00,1564800,6,547,0,0.66%
6/30/2017,The Co-operative Bank of Kenya Ltd Ord 1.00,KES 14.00,1257200,-1,403,360,0.00%
6/30/2017,Equity Group Holdings Ltd Ord 0.50,KES 37.50,3314500,52,938,275,1.35%
6/29/2017,Absa Bank Kenya Plc Ord 0.50,KES 9.50,275900,0,-0.52%,,
6/29/2017,Equity Group Holdings Ltd Ord 0.50,KES 37.00,4245100,76,347,537.5,-0.67%
6/29/2017,KCB Group Ltd Ord 1.00,KES 37.75,176100,1,774,200,0.00%
6/29/2017,NCBA Bank Ltd Ord 5.00,KES 33.50,298600,0,0.00%,,
6/29/2017,The Co-operative Bank of Kenya Ltd Ord 1.00,KES 14.00,815600,2,497.5,0.00%,
6/28/2017,The Co-operative Bank of Kenya Ltd Ord 1.00,KES 14.00,379400,-1,425,530,0.00%
6/28/2017,Equity Group Holdings Ltd Ord 0.50,KES 37.25,559300,10,404,650,-0.67%
6/28/2017,KCB Group Ltd Ord 1.00,KES 37.75,251000,665,987.5,0.00%,
6/28/2017,Absa Bank Kenya Plc Ord 0.50,KES 9.55,38000,0,-2.55%,,
6/28/2017,NCBA Bank Ltd Ord 5.00,KES 33.50,16500,6,400,0.00%,
6/27/2017,Absa Bank Kenya Plc Ord 0.50,KES 9.80,362000,0,-,,
6/27/2017,KCB Group Ltd Ord 1.00,KES 37.75,1057300,7,132,350,-
6/27/2017,Equity Group Holdings Ltd Ord 0.50,KES 37.50,4043100,2,789,600,-
6/27/2017,NCBA Bank Ltd Ord 5.00,KES 33.50,334900,3,275,-,
6/27/2017,The Co-operative Bank of Kenya Ltd Ord 1.00,KES 14.00,1981000,-15,534,460,-
6/26/2017,NCBA Bank Ltd Ord 5.00,-,334900,3,275,-,
6/26/2017,Equity Group Holdings Ltd Ord 0.50,-,4043100,2,789,600,-
6/26/2017,KCB Group Ltd Ord 1.00,-,1057300,7,132,350,-
6/26/2017,The Co-operative Bank of Kenya Ltd Ord 1.00,-,1981000,-,-,,
6/26/2017,Absa Bank Kenya Plc Ord 0.50,-,362000,-,-,,
6/23/2017,KCB Group Ltd Ord 1.00,KES 38.00,2148900,-37,417,912.5,0.00%
6/23/2017,Absa Bank Kenya Plc Ord 0.50,KES 9.95,207200,0,1.02%,,
6/23/2017,NCBA Bank Ltd Ord 5.00,KES 33.75,3700,0,0.00%,,
6/23/2017,Equity Group Holdings Ltd Ord 0.50,KES 37.25,1086300,13,337.5,-1.32%,
6/23/2017,The Co-operative Bank of Kenya Ltd Ord 1.00,KES 13.80,898700,-5,915,202.5,-2.82%
6/22/2017,KCB Group Ltd Ord 1.00,KES 38.00,4427200,-70,347,912.5,155.89%
6/22/2017,Absa Bank Kenya Plc Ord 0.50,KES 9.85,458500,-1,499,200,-73.91%
6/22/2017,The Co-operative Bank of Kenya Ltd Ord 1.00,KES 14.20,8393700,-64,587,412.5,173.08%
6/22/2017,Equity Group Holdings Ltd Ord 0.50,KES 37.75,5179500,2,528,550,11.03%
6/22/2017,NCBA Bank Ltd Ord 5.00,KES 33.75,363500,982,125,754.43%,
6/21/2017,The Co-operative Bank of Kenya Ltd Ord 1.00,KES 5.20,6331100,-42,540,800,-69.32%
6/21/2017,KCB Group Ltd Ord 1.00,KES 14.85,1009600,2,91,475,-60.66%
6/21/2017,NCBA Bank Ltd Ord 5.00,KES 3.95,7100,0,-88.21%,,
6/21/2017,Equity Group Holdings Ltd Ord 0.50,KES 34.00,1148300,2,594,787.5,-9.93%
6/21/2017,Absa Bank Kenya Plc Ord 0.50,KES 37.75,1204000,1,0,500,279.40%
6/20/2017,Absa Bank Kenya Plc Ord 0.50,KES 9.95,538800,-9,950,0.51%,
6/20/2017,NCBA Bank Ltd Ord 5.00,KES 33.50,1022300,0,3.88%,,
6/20/2017,Equity Group Holdings Ltd Ord 0.50,KES 37.75,1941900,-12,46,950,-0.66%
6/20/2017,The Co-operative Bank of Kenya Ltd Ord 1.00,KES 16.95,9612900,-52,742,190,1.80%
6/20/2017,KCB Group Ltd Ord 1.00,KES 37.75,3946500,-3,724,850,0.67%
6/19/2017,KCB Group Ltd Ord 1.00,KES 37.50,4573900,-6,902,25,-
6/19/2017,The Co-operative Bank of Kenya Ltd Ord 1.00,KES 16.65,175000,-2,587.5,-,
6/19/2017,NCBA Bank Ltd Ord 5.00,KES 32.25,179800,0,-,,
6/19/2017,Absa Bank Kenya Plc Ord 0.50,KES 9.90,387900,-168,652.5,-,
6/19/2017,Equity Group Holdings Ltd Ord 0.50,KES 38.00,1419700,23,123,787.5,-
6/18/2017,Equity Group Holdings Ltd Ord 0.50,-,1419700,23,123,788,-
6/18/2017,The Co-operative Bank of Kenya Ltd Ord 1.00,-,175000,-,-,,
6/18/2017,KCB Group Ltd Ord 1.00,-,4573900,-,-,,
6/18/2017,Absa Bank Kenya Plc Ord 0.50,-,387900,-,-,,
6/18/2017,NCBA Bank Ltd Ord 5.00,-,179800,-,-,,
6/16/2017,NCBA Bank Ltd Ord 5.00,KES 32.75,-,-,-2.96%,,
6/16/2017,KCB Group Ltd Ord 1.00,KES 37.00,-,-,-1.99%,,
6/16/2017,Absa Bank Kenya Plc Ord 0.50,KES 9.85,-,-,2.07%,,
6/16/2017,The Co-operative Bank of Kenya Ltd Ord 1.00,KES 16.85,-,-,-0.59%,,
6/16/2017,Equity Group Holdings Ltd Ord 0.50,KES 37.75,-,-,0.00%,,
6/15/2017,Absa Bank Kenya Plc Ord 0.50,KES 9.65,-,-,-3.50%,,
6/15/2017,KCB Group Ltd Ord 1.00,KES 37.75,-,-,0.00%,,
6/15/2017,The Co-operative Bank of Kenya Ltd Ord 1.00,KES 16.95,-,-,-0.29%,,
6/15/2017,NCBA Bank Ltd Ord 5.00,KES 33.75,-,-,5.47%,,
6/15/2017,Equity Group Holdings Ltd Ord 0.50,KES 37.75,-,-,0.67%,,
6/13/2017,Equity Group Holdings Ltd Ord 0.50,KES 37.50,-,-,0.00%,,
6/13/2017,Absa Bank Kenya Plc Ord 0.50,KES 10.00,-,-,0.00%,,
6/13/2017,KCB Group Ltd Ord 1.00,KES 37.75,-,-,0.67%,,
6/13/2017,NCBA Bank Ltd Ord 5.00,KES 32.00,-,-,-6.57%,,
6/13/2017,The Co-operative Bank of Kenya Ltd Ord 1.00,KES 17.00,-,-,0.00%,,
6/12/2017,NCBA Bank Ltd Ord 5.00,KES 34.25,0,-,-1.44%,,
6/12/2017,Equity Group Holdings Ltd Ord 0.50,KES 37.50,15834500,-,-,,
6/12/2017,The Co-operative Bank of Kenya Ltd Ord 1.00,KES 17.00,10644800,-,-,,
6/12/2017,Absa Bank Kenya Plc Ord 0.50,KES 10.00,0,-,0.00%,,
6/12/2017,KCB Group Ltd Ord 1.00,KES 37.50,6314000,-,-,,
6/11/2017,Equity Group Holdings Ltd Ord 0.50,-,15834500,9,196,538,-
6/11/2017,KCB Group Ltd Ord 1.00,-,6314000,1,698,975,-
6/11/2017,The Co-operative Bank of Kenya Ltd Ord 1.00,-,10644800,-,-,,
6/9/2017,Equity Group Holdings Ltd Ord 0.50,KES 38.50,-,-,-,,
6/9/2017,The Co-operative Bank of Kenya Ltd Ord 1.00,KES 17.00,-,-,-,,
6/9/2017,Absa Bank Kenya Plc Ord 0.50,KES 10.00,-,-,-,,
6/9/2017,KCB Group Ltd Ord 1.00,KES 37.50,-,-,-,,
6/9/2017,NCBA Bank Ltd Ord 5.00,KES 34.75,-,-,-,,
