"Date","Currency_pair","Exchange Rate","Source"
"Jun 25, 2026","USD/KES","129.6400","Rock Investment Bank | Licensed to kironjiemmanuel@gmail.com | Ref RIB-FEA52689EF55 | 10/6/2026, 4:39:40 PM | Confidential - redistribution prohibited"
"Jun 24, 2026","USD/KES","129.6300","Rock Investment Bank | Licensed to kironjiemmanuel@gmail.com | Ref RIB-FEA52689EF55 | 10/6/2026, 4:39:40 PM | Confidential - redistribution prohibited"
"Jun 23, 2026","USD/KES","129.4600","Rock Investment Bank | Licensed to kironjiemmanuel@gmail.com | Ref RIB-FEA52689EF55 | 10/6/2026, 4:39:40 PM | Confidential - redistribution prohibited"
"Jun 22, 2026","USD/KES","129.4200","Rock Investment Bank | Licensed to kironjiemmanuel@gmail.com | Ref RIB-FEA52689EF55 | 10/6/2026, 4:39:40 PM | Confidential - redistribution prohibited"
"Jun 21, 2026","USD/KES","129.4400","Rock Investment Bank | Licensed to kironjiemmanuel@gmail.com | Ref RIB-FEA52689EF55 | 10/6/2026, 4:39:40 PM | Confidential - redistribution prohibited"
"Jun 18, 2026","USD/KES","129.4700","Rock Investment Bank | Licensed to kironjiemmanuel@gmail.com | Ref RIB-FEA52689EF55 | 10/6/2026, 4:39:40 PM | Confidential - redistribution prohibited"
"Jun 17, 2026","USD/KES","129.5500","Rock Investment Bank | Licensed to kironjiemmanuel@gmail.com | Ref RIB-FEA52689EF55 | 10/6/2026, 4:39:40 PM | Confidential - redistribution prohibited"
"Jun 16, 2026","USD/KES","129.5400","Rock Investment Bank | Licensed to kironjiemmanuel@gmail.com | Ref RIB-FEA52689EF55 | 10/6/2026, 4:39:40 PM | Confidential - redistribution prohibited"
"Jun 15, 2026","USD/KES","129.3900","Rock Investment Bank | Licensed to kironjiemmanuel@gmail.com | Ref RIB-FEA52689EF55 | 10/6/2026, 4:39:40 PM | Confidential - redistribution prohibited"
"Jun 14, 2026","USD/KES","129.5800","Rock Investment Bank | Licensed to kironjiemmanuel@gmail.com | Ref RIB-FEA52689EF55 | 10/6/2026, 4:39:40 PM | Confidential - redistribution prohibited"
"Jun 11, 2026","USD/KES","129.6600","Rock Investment Bank | Licensed to kironjiemmanuel@gmail.com | Ref RIB-FEA52689EF55 | 10/6/2026, 4:39:40 PM | Confidential - redistribution prohibited"
"Jun 10, 2026","USD/KES","129.4800","Rock Investment Bank | Licensed to kironjiemmanuel@gmail.com | Ref RIB-FEA52689EF55 | 10/6/2026, 4:39:40 PM | Confidential - redistribution prohibited"
"Jun 9, 2026","USD/KES","129.4300","Rock Investment Bank | Licensed to kironjiemmanuel@gmail.com | Ref RIB-FEA52689EF55 | 10/6/2026, 4:39:40 PM | Confidential - redistribution prohibited"
"Jun 8, 2026","USD/KES","129.3900","Rock Investment Bank | Licensed to kironjiemmanuel@gmail.com | Ref RIB-FEA52689EF55 | 10/6/2026, 4:39:40 PM | Confidential - redistribution prohibited"
"Jun 7, 2026","USD/KES","129.3500","Rock Investment Bank | Licensed to kironjiemmanuel@gmail.com | Ref RIB-FEA52689EF55 | 10/6/2026, 4:39:40 PM | Confidential - redistribution prohibited"
"Jun 4, 2026","USD/KES","129.3200","Rock Investment Bank | Licensed to kironjiemmanuel@gmail.com | Ref RIB-FEA52689EF55 | 10/6/2026, 4:39:40 PM | Confidential - redistribution prohibited"
"Jun 3, 2026","USD/KES","129.3700","Rock Investment Bank | Licensed to kironjiemmanuel@gmail.com | Ref RIB-FEA52689EF55 | 10/6/2026, 4:39:40 PM | Confidential - redistribution prohibited"
"Jun 2, 2026","USD/KES","129.4500","Rock Investment Bank | Licensed to kironjiemmanuel@gmail.com | Ref RIB-FEA52689EF55 | 10/6/2026, 4:39:40 PM | Confidential - redistribution prohibited"
"Jun 1, 2026","USD/KES","129.4500","Rock Investment Bank | Licensed to kironjiemmanuel@gmail.com | Ref RIB-FEA52689EF55 | 10/6/2026, 4:39:40 PM | Confidential - redistribution prohibited"
"May 28, 2026","USD/KES","129.5500","Rock Investment Bank | Licensed to kironjiemmanuel@gmail.com | Ref RIB-FEA52689EF55 | 10/6/2026, 4:39:40 PM | Confidential - redistribution prohibited"
"May 27, 2026","USD/KES","129.5200","Rock Investment Bank | Licensed to kironjiemmanuel@gmail.com | Ref RIB-FEA52689EF55 | 10/6/2026, 4:39:40 PM | Confidential - redistribution prohibited"
"May 26, 2026","USD/KES","129.5900","Rock Investment Bank | Licensed to kironjiemmanuel@gmail.com | Ref RIB-FEA52689EF55 | 10/6/2026, 4:39:40 PM | Confidential - redistribution prohibited"
"May 25, 2026","USD/KES","129.8600","Rock Investment Bank | Licensed to kironjiemmanuel@gmail.com | Ref RIB-FEA52689EF55 | 10/6/2026, 4:39:40 PM | Confidential - redistribution prohibited"
"May 24, 2026","USD/KES","129.7500","Rock Investment Bank | Licensed to kironjiemmanuel@gmail.com | Ref RIB-FEA52689EF55 | 10/6/2026, 4:39:40 PM | Confidential - redistribution prohibited"
"May 21, 2026","USD/KES","129.7500","Rock Investment Bank | Licensed to kironjiemmanuel@gmail.com | Ref RIB-FEA52689EF55 | 10/6/2026, 4:39:40 PM | Confidential - redistribution prohibited"
"May 20, 2026","USD/KES","129.5700","Rock Investment Bank | Licensed to kironjiemmanuel@gmail.com | Ref RIB-FEA52689EF55 | 10/6/2026, 4:39:40 PM | Confidential - redistribution prohibited"
"May 19, 2026","USD/KES","129.6400","Rock Investment Bank | Licensed to kironjiemmanuel@gmail.com | Ref RIB-FEA52689EF55 | 10/6/2026, 4:39:40 PM | Confidential - redistribution prohibited"
"May 18, 2026","USD/KES","129.6600","Rock Investment Bank | Licensed to kironjiemmanuel@gmail.com | Ref RIB-FEA52689EF55 | 10/6/2026, 4:39:40 PM | Confidential - redistribution prohibited"
"May 17, 2026","USD/KES","129.4100","Rock Investment Bank | Licensed to kironjiemmanuel@gmail.com | Ref RIB-FEA52689EF55 | 10/6/2026, 4:39:40 PM | Confidential - redistribution prohibited"
"May 14, 2026","USD/KES","129.3300","Rock Investment Bank | Licensed to kironjiemmanuel@gmail.com | Ref RIB-FEA52689EF55 | 10/6/2026, 4:39:40 PM | Confidential - redistribution prohibited"
"May 13, 2026","USD/KES","129.2700","Rock Investment Bank | Licensed to kironjiemmanuel@gmail.com | Ref RIB-FEA52689EF55 | 10/6/2026, 4:39:40 PM | Confidential - redistribution prohibited"
"May 12, 2026","USD/KES","129.2000","Rock Investment Bank | Licensed to kironjiemmanuel@gmail.com | Ref RIB-FEA52689EF55 | 10/6/2026, 4:39:40 PM | Confidential - redistribution prohibited"
"May 11, 2026","USD/KES","129.1900","Rock Investment Bank | Licensed to kironjiemmanuel@gmail.com | Ref RIB-FEA52689EF55 | 10/6/2026, 4:39:40 PM | Confidential - redistribution prohibited"
"May 10, 2026","USD/KES","129.1900","Rock Investment Bank | Licensed to kironjiemmanuel@gmail.com | Ref RIB-FEA52689EF55 | 10/6/2026, 4:39:40 PM | Confidential - redistribution prohibited"
"May 7, 2026","USD/KES","129.1900","Rock Investment Bank | Licensed to kironjiemmanuel@gmail.com | Ref RIB-FEA52689EF55 | 10/6/2026, 4:39:40 PM | Confidential - redistribution prohibited"
"May 6, 2026","USD/KES","129.1900","Rock Investment Bank | Licensed to kironjiemmanuel@gmail.com | Ref RIB-FEA52689EF55 | 10/6/2026, 4:39:40 PM | Confidential - redistribution prohibited"
"May 5, 2026","USD/KES","129.1900","Rock Investment Bank | Licensed to kironjiemmanuel@gmail.com | Ref RIB-FEA52689EF55 | 10/6/2026, 4:39:40 PM | Confidential - redistribution prohibited"
"May 4, 2026","USD/KES","129.1800","Rock Investment Bank | Licensed to kironjiemmanuel@gmail.com | Ref RIB-FEA52689EF55 | 10/6/2026, 4:39:40 PM | Confidential - redistribution prohibited"
"May 3, 2026","USD/KES","129.1800","Rock Investment Bank | Licensed to kironjiemmanuel@gmail.com | Ref RIB-FEA52689EF55 | 10/6/2026, 4:39:40 PM | Confidential - redistribution prohibited"
"Apr 29, 2026","USD/KES","129.1900","Rock Investment Bank | Licensed to kironjiemmanuel@gmail.com | Ref RIB-FEA52689EF55 | 10/6/2026, 4:39:40 PM | Confidential - redistribution prohibited"
"Apr 28, 2026","USD/KES","129.1600","Rock Investment Bank | Licensed to kironjiemmanuel@gmail.com | Ref RIB-FEA52689EF55 | 10/6/2026, 4:39:40 PM | Confidential - redistribution prohibited"
"Apr 27, 2026","USD/KES","129.2700","Rock Investment Bank | Licensed to kironjiemmanuel@gmail.com | Ref RIB-FEA52689EF55 | 10/6/2026, 4:39:40 PM | Confidential - redistribution prohibited"
"Apr 26, 2026","USD/KES","129.3500","Rock Investment Bank | Licensed to kironjiemmanuel@gmail.com | Ref RIB-FEA52689EF55 | 10/6/2026, 4:39:40 PM | Confidential - redistribution prohibited"
"Apr 23, 2026","USD/KES","129.3200","Rock Investment Bank | Licensed to kironjiemmanuel@gmail.com | Ref RIB-FEA52689EF55 | 10/6/2026, 4:39:40 PM | Confidential - redistribution prohibited"
"Apr 22, 2026","USD/KES","129.2100","Rock Investment Bank | Licensed to kironjiemmanuel@gmail.com | Ref RIB-FEA52689EF55 | 10/6/2026, 4:39:40 PM | Confidential - redistribution prohibited"
"Apr 21, 2026","USD/KES","129.1200","Rock Investment Bank | Licensed to kironjiemmanuel@gmail.com | Ref RIB-FEA52689EF55 | 10/6/2026, 4:39:40 PM | Confidential - redistribution prohibited"
"Apr 20, 2026","USD/KES","129.1100","Rock Investment Bank | Licensed to kironjiemmanuel@gmail.com | Ref RIB-FEA52689EF55 | 10/6/2026, 4:39:40 PM | Confidential - redistribution prohibited"
"Apr 19, 2026","USD/KES","129.0400","Rock Investment Bank | Licensed to kironjiemmanuel@gmail.com | Ref RIB-FEA52689EF55 | 10/6/2026, 4:39:40 PM | Confidential - redistribution prohibited"
"Apr 16, 2026","USD/KES","129.1100","Rock Investment Bank | Licensed to kironjiemmanuel@gmail.com | Ref RIB-FEA52689EF55 | 10/6/2026, 4:39:40 PM | Confidential - redistribution prohibited"
"Apr 15, 2026","USD/KES","129.1800","Rock Investment Bank | Licensed to kironjiemmanuel@gmail.com | Ref RIB-FEA52689EF55 | 10/6/2026, 4:39:40 PM | Confidential - redistribution prohibited"
"Apr 14, 2026","USD/KES","129.3700","Rock Investment Bank | Licensed to kironjiemmanuel@gmail.com | Ref RIB-FEA52689EF55 | 10/6/2026, 4:39:40 PM | Confidential - redistribution prohibited"
"Apr 13, 2026","USD/KES","129.4800","Rock Investment Bank | Licensed to kironjiemmanuel@gmail.com | Ref RIB-FEA52689EF55 | 10/6/2026, 4:39:40 PM | Confidential - redistribution prohibited"
"Apr 12, 2026","USD/KES","129.2000","Rock Investment Bank | Licensed to kironjiemmanuel@gmail.com | Ref RIB-FEA52689EF55 | 10/6/2026, 4:39:40 PM | Confidential - redistribution prohibited"
"Apr 9, 2026","USD/KES","129.1500","Rock Investment Bank | Licensed to kironjiemmanuel@gmail.com | Ref RIB-FEA52689EF55 | 10/6/2026, 4:39:40 PM | Confidential - redistribution prohibited"
"Apr 8, 2026","USD/KES","129.5300","Rock Investment Bank | Licensed to kironjiemmanuel@gmail.com | Ref RIB-FEA52689EF55 | 10/6/2026, 4:39:40 PM | Confidential - redistribution prohibited"
"Apr 7, 2026","USD/KES","130.0600","Rock Investment Bank | Licensed to kironjiemmanuel@gmail.com | Ref RIB-FEA52689EF55 | 10/6/2026, 4:39:40 PM | Confidential - redistribution prohibited"
"Apr 6, 2026","USD/KES","130.0000","Rock Investment Bank | Licensed to kironjiemmanuel@gmail.com | Ref RIB-FEA52689EF55 | 10/6/2026, 4:39:40 PM | Confidential - redistribution prohibited"
"Apr 1, 2026","USD/KES","129.9900","Rock Investment Bank | Licensed to kironjiemmanuel@gmail.com | Ref RIB-FEA52689EF55 | 10/6/2026, 4:39:40 PM | Confidential - redistribution prohibited"
"Mar 31, 2026","USD/KES","129.9300","Rock Investment Bank | Licensed to kironjiemmanuel@gmail.com | Ref RIB-FEA52689EF55 | 10/6/2026, 4:39:40 PM | Confidential - redistribution prohibited"
"Mar 30, 2026","USD/KES","129.9300","Rock Investment Bank | Licensed to kironjiemmanuel@gmail.com | Ref RIB-FEA52689EF55 | 10/6/2026, 4:39:40 PM | Confidential - redistribution prohibited"
"Mar 29, 2026","USD/KES","129.8900","Rock Investment Bank | Licensed to kironjiemmanuel@gmail.com | Ref RIB-FEA52689EF55 | 10/6/2026, 4:39:40 PM | Confidential - redistribution prohibited"
"Mar 26, 2026","USD/KES","129.7500","Rock Investment Bank | Licensed to kironjiemmanuel@gmail.com | Ref RIB-FEA52689EF55 | 10/6/2026, 4:39:40 PM | Confidential - redistribution prohibited"
"Mar 25, 2026","USD/KES","129.7200","Rock Investment Bank | Licensed to kironjiemmanuel@gmail.com | Ref RIB-FEA52689EF55 | 10/6/2026, 4:39:40 PM | Confidential - redistribution prohibited"
"Mar 24, 2026","USD/KES","129.6700","Rock Investment Bank | Licensed to kironjiemmanuel@gmail.com | Ref RIB-FEA52689EF55 | 10/6/2026, 4:39:40 PM | Confidential - redistribution prohibited"
"Mar 23, 2026","USD/KES","129.6500","Rock Investment Bank | Licensed to kironjiemmanuel@gmail.com | Ref RIB-FEA52689EF55 | 10/6/2026, 4:39:40 PM | Confidential - redistribution prohibited"
"Mar 22, 2026","USD/KES","129.5400","Rock Investment Bank | Licensed to kironjiemmanuel@gmail.com | Ref RIB-FEA52689EF55 | 10/6/2026, 4:39:40 PM | Confidential - redistribution prohibited"
"Mar 18, 2026","USD/KES","129.5200","Rock Investment Bank | Licensed to kironjiemmanuel@gmail.com | Ref RIB-FEA52689EF55 | 10/6/2026, 4:39:40 PM | Confidential - redistribution prohibited"
"Mar 17, 2026","USD/KES","129.5000","Rock Investment Bank | Licensed to kironjiemmanuel@gmail.com | Ref RIB-FEA52689EF55 | 10/6/2026, 4:39:40 PM | Confidential - redistribution prohibited"
"Mar 16, 2026","USD/KES","129.5200","Rock Investment Bank | Licensed to kironjiemmanuel@gmail.com | Ref RIB-FEA52689EF55 | 10/6/2026, 4:39:40 PM | Confidential - redistribution prohibited"
"Mar 15, 2026","USD/KES","129.3600","Rock Investment Bank | Licensed to kironjiemmanuel@gmail.com | Ref RIB-FEA52689EF55 | 10/6/2026, 4:39:40 PM | Confidential - redistribution prohibited"
"Mar 12, 2026","USD/KES","129.3000","Rock Investment Bank | Licensed to kironjiemmanuel@gmail.com | Ref RIB-FEA52689EF55 | 10/6/2026, 4:39:40 PM | Confidential - redistribution prohibited"
"Mar 11, 2026","USD/KES","129.3000","Rock Investment Bank | Licensed to kironjiemmanuel@gmail.com | Ref RIB-FEA52689EF55 | 10/6/2026, 4:39:40 PM | Confidential - redistribution prohibited"
"Mar 10, 2026","USD/KES","129.2700","Rock Investment Bank | Licensed to kironjiemmanuel@gmail.com | Ref RIB-FEA52689EF55 | 10/6/2026, 4:39:40 PM | Confidential - redistribution prohibited"
"Mar 9, 2026","USD/KES","129.2300","Rock Investment Bank | Licensed to kironjiemmanuel@gmail.com | Ref RIB-FEA52689EF55 | 10/6/2026, 4:39:40 PM | Confidential - redistribution prohibited"
"Mar 8, 2026","USD/KES","129.1700","Rock Investment Bank | Licensed to kironjiemmanuel@gmail.com | Ref RIB-FEA52689EF55 | 10/6/2026, 4:39:40 PM | Confidential - redistribution prohibited"
"Mar 5, 2026","USD/KES","129.1800","Rock Investment Bank | Licensed to kironjiemmanuel@gmail.com | Ref RIB-FEA52689EF55 | 10/6/2026, 4:39:40 PM | Confidential - redistribution prohibited"
"Mar 4, 2026","USD/KES","129.2000","Rock Investment Bank | Licensed to kironjiemmanuel@gmail.com | Ref RIB-FEA52689EF55 | 10/6/2026, 4:39:40 PM | Confidential - redistribution prohibited"
"Mar 3, 2026","USD/KES","129.2000","Rock Investment Bank | Licensed to kironjiemmanuel@gmail.com | Ref RIB-FEA52689EF55 | 10/6/2026, 4:39:40 PM | Confidential - redistribution prohibited"
"Mar 2, 2026","USD/KES","129.1400","Rock Investment Bank | Licensed to kironjiemmanuel@gmail.com | Ref RIB-FEA52689EF55 | 10/6/2026, 4:39:40 PM | Confidential - redistribution prohibited"
"Mar 1, 2026","USD/KES","129.0200","Rock Investment Bank | Licensed to kironjiemmanuel@gmail.com | Ref RIB-FEA52689EF55 | 10/6/2026, 4:39:40 PM | Confidential - redistribution prohibited"
"Feb 26, 2026","USD/KES","129.0200","Rock Investment Bank | Licensed to kironjiemmanuel@gmail.com | Ref RIB-FEA52689EF55 | 10/6/2026, 4:39:40 PM | Confidential - redistribution prohibited"
"Feb 25, 2026","USD/KES","129.0200","Rock Investment Bank | Licensed to kironjiemmanuel@gmail.com | Ref RIB-FEA52689EF55 | 10/6/2026, 4:39:40 PM | Confidential - redistribution prohibited"
"Feb 24, 2026","USD/KES","129.0200","Rock Investment Bank | Licensed to kironjiemmanuel@gmail.com | Ref RIB-FEA52689EF55 | 10/6/2026, 4:39:40 PM | Confidential - redistribution prohibited"
"Feb 23, 2026","USD/KES","129.0200","Rock Investment Bank | Licensed to kironjiemmanuel@gmail.com | Ref RIB-FEA52689EF55 | 10/6/2026, 4:39:40 PM | Confidential - redistribution prohibited"
"Feb 22, 2026","USD/KES","129.0200","Rock Investment Bank | Licensed to kironjiemmanuel@gmail.com | Ref RIB-FEA52689EF55 | 10/6/2026, 4:39:40 PM | Confidential - redistribution prohibited"
"Feb 19, 2026","USD/KES","129.0200","Rock Investment Bank | Licensed to kironjiemmanuel@gmail.com | Ref RIB-FEA52689EF55 | 10/6/2026, 4:39:40 PM | Confidential - redistribution prohibited"
"Feb 18, 2026","USD/KES","129.0200","Rock Investment Bank | Licensed to kironjiemmanuel@gmail.com | Ref RIB-FEA52689EF55 | 10/6/2026, 4:39:40 PM | Confidential - redistribution prohibited"
"Feb 17, 2026","USD/KES","129.0200","Rock Investment Bank | Licensed to kironjiemmanuel@gmail.com | Ref RIB-FEA52689EF55 | 10/6/2026, 4:39:40 PM | Confidential - redistribution prohibited"
"Feb 16, 2026","USD/KES","129.0200","Rock Investment Bank | Licensed to kironjiemmanuel@gmail.com | Ref RIB-FEA52689EF55 | 10/6/2026, 4:39:40 PM | Confidential - redistribution prohibited"
"Feb 15, 2026","USD/KES","129.0200","Rock Investment Bank | Licensed to kironjiemmanuel@gmail.com | Ref RIB-FEA52689EF55 | 10/6/2026, 4:39:40 PM | Confidential - redistribution prohibited"
"Feb 13, 2026","USD/KES","129.0200","Rock Investment Bank | Licensed to kironjiemmanuel@gmail.com | Ref RIB-FEA52689EF55 | 10/6/2026, 4:39:40 PM | Confidential - redistribution prohibited"
"Feb 12, 2026","USD/KES","129.0200","Rock Investment Bank | Licensed to kironjiemmanuel@gmail.com | Ref RIB-FEA52689EF55 | 10/6/2026, 4:39:40 PM | Confidential - redistribution prohibited"
"Feb 11, 2026","USD/KES","129.0200","Rock Investment Bank | Licensed to kironjiemmanuel@gmail.com | Ref RIB-FEA52689EF55 | 10/6/2026, 4:39:40 PM | Confidential - redistribution prohibited"
"Feb 10, 2026","USD/KES","129.0200","Rock Investment Bank | Licensed to kironjiemmanuel@gmail.com | Ref RIB-FEA52689EF55 | 10/6/2026, 4:39:40 PM | Confidential - redistribution prohibited"
"Feb 9, 2026","USD/KES","129.0200","Rock Investment Bank | Licensed to kironjiemmanuel@gmail.com | Ref RIB-FEA52689EF55 | 10/6/2026, 4:39:40 PM | Confidential - redistribution prohibited"
"Feb 8, 2026","USD/KES","129.0200","Rock Investment Bank | Licensed to kironjiemmanuel@gmail.com | Ref RIB-FEA52689EF55 | 10/6/2026, 4:39:40 PM | Confidential - redistribution prohibited"
"Feb 6, 2026","USD/KES","129.0200","Rock Investment Bank | Licensed to kironjiemmanuel@gmail.com | Ref RIB-FEA52689EF55 | 10/6/2026, 4:39:40 PM | Confidential - redistribution prohibited"
"Feb 5, 2026","USD/KES","129.0200","Rock Investment Bank | Licensed to kironjiemmanuel@gmail.com | Ref RIB-FEA52689EF55 | 10/6/2026, 4:39:40 PM | Confidential - redistribution prohibited"
"Feb 4, 2026","USD/KES","129.0200","Rock Investment Bank | Licensed to kironjiemmanuel@gmail.com | Ref RIB-FEA52689EF55 | 10/6/2026, 4:39:40 PM | Confidential - redistribution prohibited"
"Feb 3, 2026","USD/KES","129.0200","Rock Investment Bank | Licensed to kironjiemmanuel@gmail.com | Ref RIB-FEA52689EF55 | 10/6/2026, 4:39:40 PM | Confidential - redistribution prohibited"
"Feb 2, 2026","USD/KES","129.0100","Rock Investment Bank | Licensed to kironjiemmanuel@gmail.com | Ref RIB-FEA52689EF55 | 10/6/2026, 4:39:40 PM | Confidential - redistribution prohibited"
"Feb 1, 2026","USD/KES","129.0100","Rock Investment Bank | Licensed to kironjiemmanuel@gmail.com | Ref RIB-FEA52689EF55 | 10/6/2026, 4:39:40 PM | Confidential - redistribution prohibited"
"Jan 30, 2026","USD/KES","129.0300","Rock Investment Bank | Licensed to kironjiemmanuel@gmail.com | Ref RIB-FEA52689EF55 | 10/6/2026, 4:39:40 PM | Confidential - redistribution prohibited"
"Jan 29, 2026","USD/KES","129.0300","Rock Investment Bank | Licensed to kironjiemmanuel@gmail.com | Ref RIB-FEA52689EF55 | 10/6/2026, 4:39:40 PM | Confidential - redistribution prohibited"
"Jan 28, 2026","USD/KES","129.0300","Rock Investment Bank | Licensed to kironjiemmanuel@gmail.com | Ref RIB-FEA52689EF55 | 10/6/2026, 4:39:40 PM | Confidential - redistribution prohibited"
"Jan 27, 2026","USD/KES","129.0300","Rock Investment Bank | Licensed to kironjiemmanuel@gmail.com | Ref RIB-FEA52689EF55 | 10/6/2026, 4:39:40 PM | Confidential - redistribution prohibited"
"Jan 26, 2026","USD/KES","129.0200","Rock Investment Bank | Licensed to kironjiemmanuel@gmail.com | Ref RIB-FEA52689EF55 | 10/6/2026, 4:39:40 PM | Confidential - redistribution prohibited"
"Jan 25, 2026","USD/KES","129.0200","Rock Investment Bank | Licensed to kironjiemmanuel@gmail.com | Ref RIB-FEA52689EF55 | 10/6/2026, 4:39:40 PM | Confidential - redistribution prohibited"
"Jan 23, 2026","USD/KES","129.0200","Rock Investment Bank | Licensed to kironjiemmanuel@gmail.com | Ref RIB-FEA52689EF55 | 10/6/2026, 4:39:40 PM | Confidential - redistribution prohibited"
"Jan 22, 2026","USD/KES","129.0200","Rock Investment Bank | Licensed to kironjiemmanuel@gmail.com | Ref RIB-FEA52689EF55 | 10/6/2026, 4:39:40 PM | Confidential - redistribution prohibited"
"Jan 21, 2026","USD/KES","129.0200","Rock Investment Bank | Licensed to kironjiemmanuel@gmail.com | Ref RIB-FEA52689EF55 | 10/6/2026, 4:39:40 PM | Confidential - redistribution prohibited"
"Jan 20, 2026","USD/KES","129.0500","Rock Investment Bank | Licensed to kironjiemmanuel@gmail.com | Ref RIB-FEA52689EF55 | 10/6/2026, 4:39:40 PM | Confidential - redistribution prohibited"
"Jan 19, 2026","USD/KES","129.0300","Rock Investment Bank | Licensed to kironjiemmanuel@gmail.com | Ref RIB-FEA52689EF55 | 10/6/2026, 4:39:40 PM | Confidential - redistribution prohibited"
"Jan 18, 2026","USD/KES","129.0200","Rock Investment Bank | Licensed to kironjiemmanuel@gmail.com | Ref RIB-FEA52689EF55 | 10/6/2026, 4:39:40 PM | Confidential - redistribution prohibited"
"Jan 16, 2026","USD/KES","129.0300","Rock Investment Bank | Licensed to kironjiemmanuel@gmail.com | Ref RIB-FEA52689EF55 | 10/6/2026, 4:39:40 PM | Confidential - redistribution prohibited"
"Jan 15, 2026","USD/KES","129.0300","Rock Investment Bank | Licensed to kironjiemmanuel@gmail.com | Ref RIB-FEA52689EF55 | 10/6/2026, 4:39:40 PM | Confidential - redistribution prohibited"
"Jan 14, 2026","USD/KES","129.0300","Rock Investment Bank | Licensed to kironjiemmanuel@gmail.com | Ref RIB-FEA52689EF55 | 10/6/2026, 4:39:40 PM | Confidential - redistribution prohibited"
"Jan 13, 2026","USD/KES","129.0200","Rock Investment Bank | Licensed to kironjiemmanuel@gmail.com | Ref RIB-FEA52689EF55 | 10/6/2026, 4:39:40 PM | Confidential - redistribution prohibited"
"Jan 12, 2026","USD/KES","129.0300","Rock Investment Bank | Licensed to kironjiemmanuel@gmail.com | Ref RIB-FEA52689EF55 | 10/6/2026, 4:39:40 PM | Confidential - redistribution prohibited"
"Jan 11, 2026","USD/KES","128.9800","Rock Investment Bank | Licensed to kironjiemmanuel@gmail.com | Ref RIB-FEA52689EF55 | 10/6/2026, 4:39:40 PM | Confidential - redistribution prohibited"
"Jan 9, 2026","USD/KES","129.0100","Rock Investment Bank | Licensed to kironjiemmanuel@gmail.com | Ref RIB-FEA52689EF55 | 10/6/2026, 4:39:40 PM | Confidential - redistribution prohibited"
"Jan 8, 2026","USD/KES","129.0100","Rock Investment Bank | Licensed to kironjiemmanuel@gmail.com | Ref RIB-FEA52689EF55 | 10/6/2026, 4:39:40 PM | Confidential - redistribution prohibited"
"Jan 7, 2026","USD/KES","128.9900","Rock Investment Bank | Licensed to kironjiemmanuel@gmail.com | Ref RIB-FEA52689EF55 | 10/6/2026, 4:39:40 PM | Confidential - redistribution prohibited"
"Jan 6, 2026","USD/KES","129.0000","Rock Investment Bank | Licensed to kironjiemmanuel@gmail.com | Ref RIB-FEA52689EF55 | 10/6/2026, 4:39:40 PM | Confidential - redistribution prohibited"
"Jan 5, 2026","USD/KES","129.0300","Rock Investment Bank | Licensed to kironjiemmanuel@gmail.com | Ref RIB-FEA52689EF55 | 10/6/2026, 4:39:40 PM | Confidential - redistribution prohibited"
"Jan 4, 2026","USD/KES","129.0000","Rock Investment Bank | Licensed to kironjiemmanuel@gmail.com | Ref RIB-FEA52689EF55 | 10/6/2026, 4:39:40 PM | Confidential - redistribution prohibited"
"Jan 2, 2026","USD/KES","129.0500","Rock Investment Bank | Licensed to kironjiemmanuel@gmail.com | Ref RIB-FEA52689EF55 | 10/6/2026, 4:39:40 PM | Confidential - redistribution prohibited"
"Jan 1, 2026","USD/KES","129.0500","Rock Investment Bank | Licensed to kironjiemmanuel@gmail.com | Ref RIB-FEA52689EF55 | 10/6/2026, 4:39:40 PM | Confidential - redistribution prohibited"
"Dec 31, 2025","USD/KES","129.0101","Rock Investment Bank | Licensed to kironjiemmanuel@gmail.com | Ref RIB-FEA52689EF55 | 10/6/2026, 4:39:40 PM | Confidential - redistribution prohibited"
"Dec 30, 2025","USD/KES","129.0101","Rock Investment Bank | Licensed to kironjiemmanuel@gmail.com | Ref RIB-FEA52689EF55 | 10/6/2026, 4:39:40 PM | Confidential - redistribution prohibited"
"Dec 29, 2025","USD/KES","129.0000","Rock Investment Bank | Licensed to kironjiemmanuel@gmail.com | Ref RIB-FEA52689EF55 | 10/6/2026, 4:39:40 PM | Confidential - redistribution prohibited"
"Dec 28, 2025","USD/KES","128.9924","Rock Investment Bank | Licensed to kironjiemmanuel@gmail.com | Ref RIB-FEA52689EF55 | 10/6/2026, 4:39:40 PM | Confidential - redistribution prohibited"
"Dec 24, 2025","USD/KES","128.9960","Rock Investment Bank | Licensed to kironjiemmanuel@gmail.com | Ref RIB-FEA52689EF55 | 10/6/2026, 4:39:40 PM | Confidential - redistribution prohibited"
"Dec 23, 2025","USD/KES","128.9960","Rock Investment Bank | Licensed to kironjiemmanuel@gmail.com | Ref RIB-FEA52689EF55 | 10/6/2026, 4:39:40 PM | Confidential - redistribution prohibited"
"Dec 22, 2025","USD/KES","128.9630","Rock Investment Bank | Licensed to kironjiemmanuel@gmail.com | Ref RIB-FEA52689EF55 | 10/6/2026, 4:39:40 PM | Confidential - redistribution prohibited"
"Dec 21, 2025","USD/KES","128.9414","Rock Investment Bank | Licensed to kironjiemmanuel@gmail.com | Ref RIB-FEA52689EF55 | 10/6/2026, 4:39:40 PM | Confidential - redistribution prohibited"
"Dec 19, 2025","USD/KES","128.9538","Rock Investment Bank | Licensed to kironjiemmanuel@gmail.com | Ref RIB-FEA52689EF55 | 10/6/2026, 4:39:40 PM | Confidential - redistribution prohibited"
"Dec 18, 2025","USD/KES","128.9538","Rock Investment Bank | Licensed to kironjiemmanuel@gmail.com | Ref RIB-FEA52689EF55 | 10/6/2026, 4:39:40 PM | Confidential - redistribution prohibited"
"Dec 17, 2025","USD/KES","128.9440","Rock Investment Bank | Licensed to kironjiemmanuel@gmail.com | Ref RIB-FEA52689EF55 | 10/6/2026, 4:39:40 PM | Confidential - redistribution prohibited"
"Dec 16, 2025","USD/KES","128.9474","Rock Investment Bank | Licensed to kironjiemmanuel@gmail.com | Ref RIB-FEA52689EF55 | 10/6/2026, 4:39:40 PM | Confidential - redistribution prohibited"
"Dec 15, 2025","USD/KES","128.9334","Rock Investment Bank | Licensed to kironjiemmanuel@gmail.com | Ref RIB-FEA52689EF55 | 10/6/2026, 4:39:40 PM | Confidential - redistribution prohibited"
"Dec 14, 2025","USD/KES","128.9632","Rock Investment Bank | Licensed to kironjiemmanuel@gmail.com | Ref RIB-FEA52689EF55 | 10/6/2026, 4:39:40 PM | Confidential - redistribution prohibited"
"Dec 11, 2025","USD/KES","129.1631","Rock Investment Bank | Licensed to kironjiemmanuel@gmail.com | Ref RIB-FEA52689EF55 | 10/6/2026, 4:39:40 PM | Confidential - redistribution prohibited"
"Dec 10, 2025","USD/KES","129.1631","Rock Investment Bank | Licensed to kironjiemmanuel@gmail.com | Ref RIB-FEA52689EF55 | 10/6/2026, 4:39:40 PM | Confidential - redistribution prohibited"
"Dec 9, 2025","USD/KES","129.2317","Rock Investment Bank | Licensed to kironjiemmanuel@gmail.com | Ref RIB-FEA52689EF55 | 10/6/2026, 4:39:40 PM | Confidential - redistribution prohibited"
"Dec 8, 2025","USD/KES","129.2420","Rock Investment Bank | Licensed to kironjiemmanuel@gmail.com | Ref RIB-FEA52689EF55 | 10/6/2026, 4:39:40 PM | Confidential - redistribution prohibited"
"Dec 7, 2025","USD/KES","129.2995","Rock Investment Bank | Licensed to kironjiemmanuel@gmail.com | Ref RIB-FEA52689EF55 | 10/6/2026, 4:39:40 PM | Confidential - redistribution prohibited"
"Dec 5, 2025","USD/KES","129.3095","Rock Investment Bank | Licensed to kironjiemmanuel@gmail.com | Ref RIB-FEA52689EF55 | 10/6/2026, 4:39:40 PM | Confidential - redistribution prohibited"
"Dec 4, 2025","USD/KES","129.3095","Rock Investment Bank | Licensed to kironjiemmanuel@gmail.com | Ref RIB-FEA52689EF55 | 10/6/2026, 4:39:40 PM | Confidential - redistribution prohibited"
"Dec 3, 2025","USD/KES","129.4146","Rock Investment Bank | Licensed to kironjiemmanuel@gmail.com | Ref RIB-FEA52689EF55 | 10/6/2026, 4:39:40 PM | Confidential - redistribution prohibited"
"Dec 2, 2025","USD/KES","129.2757","Rock Investment Bank | Licensed to kironjiemmanuel@gmail.com | Ref RIB-FEA52689EF55 | 10/6/2026, 4:39:40 PM | Confidential - redistribution prohibited"
"Dec 1, 2025","USD/KES","129.2872","Rock Investment Bank | Licensed to kironjiemmanuel@gmail.com | Ref RIB-FEA52689EF55 | 10/6/2026, 4:39:40 PM | Confidential - redistribution prohibited"
"Nov 30, 2025","USD/KES","129.6643","Rock Investment Bank | Licensed to kironjiemmanuel@gmail.com | Ref RIB-FEA52689EF55 | 10/6/2026, 4:39:40 PM | Confidential - redistribution prohibited"
"Nov 28, 2025","USD/KES","129.8194","Rock Investment Bank | Licensed to kironjiemmanuel@gmail.com | Ref RIB-FEA52689EF55 | 10/6/2026, 4:39:40 PM | Confidential - redistribution prohibited"
"Nov 27, 2025","USD/KES","129.8194","Rock Investment Bank | Licensed to kironjiemmanuel@gmail.com | Ref RIB-FEA52689EF55 | 10/6/2026, 4:39:40 PM | Confidential - redistribution prohibited"
"Nov 26, 2025","USD/KES","129.8599","Rock Investment Bank | Licensed to kironjiemmanuel@gmail.com | Ref RIB-FEA52689EF55 | 10/6/2026, 4:39:40 PM | Confidential - redistribution prohibited"
"Nov 25, 2025","USD/KES","129.8229","Rock Investment Bank | Licensed to kironjiemmanuel@gmail.com | Ref RIB-FEA52689EF55 | 10/6/2026, 4:39:40 PM | Confidential - redistribution prohibited"
"Nov 24, 2025","USD/KES","129.6189","Rock Investment Bank | Licensed to kironjiemmanuel@gmail.com | Ref RIB-FEA52689EF55 | 10/6/2026, 4:39:40 PM | Confidential - redistribution prohibited"
"Nov 23, 2025","USD/KES","129.4590","Rock Investment Bank | Licensed to kironjiemmanuel@gmail.com | Ref RIB-FEA52689EF55 | 10/6/2026, 4:39:40 PM | Confidential - redistribution prohibited"
"Nov 21, 2025","USD/KES","129.8696","Rock Investment Bank | Licensed to kironjiemmanuel@gmail.com | Ref RIB-FEA52689EF55 | 10/6/2026, 4:39:40 PM | Confidential - redistribution prohibited"
"Nov 20, 2025","USD/KES","129.8696","Rock Investment Bank | Licensed to kironjiemmanuel@gmail.com | Ref RIB-FEA52689EF55 | 10/6/2026, 4:39:40 PM | Confidential - redistribution prohibited"
"Nov 19, 2025","USD/KES","129.9636","Rock Investment Bank | Licensed to kironjiemmanuel@gmail.com | Ref RIB-FEA52689EF55 | 10/6/2026, 4:39:40 PM | Confidential - redistribution prohibited"
"Nov 18, 2025","USD/KES","129.8977","Rock Investment Bank | Licensed to kironjiemmanuel@gmail.com | Ref RIB-FEA52689EF55 | 10/6/2026, 4:39:40 PM | Confidential - redistribution prohibited"
"Nov 17, 2025","USD/KES","129.5179","Rock Investment Bank | Licensed to kironjiemmanuel@gmail.com | Ref RIB-FEA52689EF55 | 10/6/2026, 4:39:40 PM | Confidential - redistribution prohibited"
"Nov 16, 2025","USD/KES","129.3593","Rock Investment Bank | Licensed to kironjiemmanuel@gmail.com | Ref RIB-FEA52689EF55 | 10/6/2026, 4:39:40 PM | Confidential - redistribution prohibited"
"Nov 14, 2025","USD/KES","129.2866","Rock Investment Bank | Licensed to kironjiemmanuel@gmail.com | Ref RIB-FEA52689EF55 | 10/6/2026, 4:39:40 PM | Confidential - redistribution prohibited"
"Nov 13, 2025","USD/KES","129.2866","Rock Investment Bank | Licensed to kironjiemmanuel@gmail.com | Ref RIB-FEA52689EF55 | 10/6/2026, 4:39:40 PM | Confidential - redistribution prohibited"
"Nov 12, 2025","USD/KES","129.2512","Rock Investment Bank | Licensed to kironjiemmanuel@gmail.com | Ref RIB-FEA52689EF55 | 10/6/2026, 4:39:40 PM | Confidential - redistribution prohibited"
"Nov 11, 2025","USD/KES","129.2437","Rock Investment Bank | Licensed to kironjiemmanuel@gmail.com | Ref RIB-FEA52689EF55 | 10/6/2026, 4:39:40 PM | Confidential - redistribution prohibited"
"Nov 10, 2025","USD/KES","129.2399","Rock Investment Bank | Licensed to kironjiemmanuel@gmail.com | Ref RIB-FEA52689EF55 | 10/6/2026, 4:39:40 PM | Confidential - redistribution prohibited"
"Nov 9, 2025","USD/KES","129.2372","Rock Investment Bank | Licensed to kironjiemmanuel@gmail.com | Ref RIB-FEA52689EF55 | 10/6/2026, 4:39:40 PM | Confidential - redistribution prohibited"
"Nov 7, 2025","USD/KES","129.2397","Rock Investment Bank | Licensed to kironjiemmanuel@gmail.com | Ref RIB-FEA52689EF55 | 10/6/2026, 4:39:40 PM | Confidential - redistribution prohibited"
"Nov 6, 2025","USD/KES","129.2397","Rock Investment Bank | Licensed to kironjiemmanuel@gmail.com | Ref RIB-FEA52689EF55 | 10/6/2026, 4:39:40 PM | Confidential - redistribution prohibited"
"Nov 5, 2025","USD/KES","129.2316","Rock Investment Bank | Licensed to kironjiemmanuel@gmail.com | Ref RIB-FEA52689EF55 | 10/6/2026, 4:39:40 PM | Confidential - redistribution prohibited"
"Nov 4, 2025","USD/KES","129.2395","Rock Investment Bank | Licensed to kironjiemmanuel@gmail.com | Ref RIB-FEA52689EF55 | 10/6/2026, 4:39:40 PM | Confidential - redistribution prohibited"
"Nov 3, 2025","USD/KES","129.2399","Rock Investment Bank | Licensed to kironjiemmanuel@gmail.com | Ref RIB-FEA52689EF55 | 10/6/2026, 4:39:40 PM | Confidential - redistribution prohibited"
"Nov 2, 2025","USD/KES","129.2398","Rock Investment Bank | Licensed to kironjiemmanuel@gmail.com | Ref RIB-FEA52689EF55 | 10/6/2026, 4:39:40 PM | Confidential - redistribution prohibited"
"Oct 31, 2025","USD/KES","129.2394","Rock Investment Bank | Licensed to kironjiemmanuel@gmail.com | Ref RIB-FEA52689EF55 | 10/6/2026, 4:39:40 PM | Confidential - redistribution prohibited"
"Oct 30, 2025","USD/KES","129.2394","Rock Investment Bank | Licensed to kironjiemmanuel@gmail.com | Ref RIB-FEA52689EF55 | 10/6/2026, 4:39:40 PM | Confidential - redistribution prohibited"
"Oct 29, 2025","USD/KES","129.2399","Rock Investment Bank | Licensed to kironjiemmanuel@gmail.com | Ref RIB-FEA52689EF55 | 10/6/2026, 4:39:40 PM | Confidential - redistribution prohibited"
"Oct 28, 2025","USD/KES","129.2404","Rock Investment Bank | Licensed to kironjiemmanuel@gmail.com | Ref RIB-FEA52689EF55 | 10/6/2026, 4:39:40 PM | Confidential - redistribution prohibited"
"Oct 27, 2025","USD/KES","129.2390","Rock Investment Bank | Licensed to kironjiemmanuel@gmail.com | Ref RIB-FEA52689EF55 | 10/6/2026, 4:39:40 PM | Confidential - redistribution prohibited"
"Oct 26, 2025","USD/KES","129.2386","Rock Investment Bank | Licensed to kironjiemmanuel@gmail.com | Ref RIB-FEA52689EF55 | 10/6/2026, 4:39:40 PM | Confidential - redistribution prohibited"
"Oct 24, 2025","USD/KES","129.2399","Rock Investment Bank | Licensed to kironjiemmanuel@gmail.com | Ref RIB-FEA52689EF55 | 10/6/2026, 4:39:40 PM | Confidential - redistribution prohibited"
"Oct 23, 2025","USD/KES","129.2399","Rock Investment Bank | Licensed to kironjiemmanuel@gmail.com | Ref RIB-FEA52689EF55 | 10/6/2026, 4:39:40 PM | Confidential - redistribution prohibited"
"Oct 22, 2025","USD/KES","129.2386","Rock Investment Bank | Licensed to kironjiemmanuel@gmail.com | Ref RIB-FEA52689EF55 | 10/6/2026, 4:39:40 PM | Confidential - redistribution prohibited"
"Oct 21, 2025","USD/KES","129.2391","Rock Investment Bank | Licensed to kironjiemmanuel@gmail.com | Ref RIB-FEA52689EF55 | 10/6/2026, 4:39:40 PM | Confidential - redistribution prohibited"
"Oct 20, 2025","USD/KES","129.2398","Rock Investment Bank | Licensed to kironjiemmanuel@gmail.com | Ref RIB-FEA52689EF55 | 10/6/2026, 4:39:40 PM | Confidential - redistribution prohibited"
"Oct 16, 2025","USD/KES","129.2361","Rock Investment Bank | Licensed to kironjiemmanuel@gmail.com | Ref RIB-FEA52689EF55 | 10/6/2026, 4:39:40 PM | Confidential - redistribution prohibited"
"Oct 15, 2025","USD/KES","129.2361","Rock Investment Bank | Licensed to kironjiemmanuel@gmail.com | Ref RIB-FEA52689EF55 | 10/6/2026, 4:39:40 PM | Confidential - redistribution prohibited"
"Oct 14, 2025","USD/KES","129.2364","Rock Investment Bank | Licensed to kironjiemmanuel@gmail.com | Ref RIB-FEA52689EF55 | 10/6/2026, 4:39:40 PM | Confidential - redistribution prohibited"
"Oct 13, 2025","USD/KES","129.2367","Rock Investment Bank | Licensed to kironjiemmanuel@gmail.com | Ref RIB-FEA52689EF55 | 10/6/2026, 4:39:40 PM | Confidential - redistribution prohibited"
"Oct 12, 2025","USD/KES","129.2331","Rock Investment Bank | Licensed to kironjiemmanuel@gmail.com | Ref RIB-FEA52689EF55 | 10/6/2026, 4:39:40 PM | Confidential - redistribution prohibited"
"Oct 9, 2025","USD/KES","129.2398","Rock Investment Bank | Licensed to kironjiemmanuel@gmail.com | Ref RIB-FEA52689EF55 | 10/6/2026, 4:39:40 PM | Confidential - redistribution prohibited"
"Oct 8, 2025","USD/KES","129.2398","Rock Investment Bank | Licensed to kironjiemmanuel@gmail.com | Ref RIB-FEA52689EF55 | 10/6/2026, 4:39:40 PM | Confidential - redistribution prohibited"
"Oct 7, 2025","USD/KES","129.2402","Rock Investment Bank | Licensed to kironjiemmanuel@gmail.com | Ref RIB-FEA52689EF55 | 10/6/2026, 4:39:40 PM | Confidential - redistribution prohibited"
"Oct 6, 2025","USD/KES","129.2395","Rock Investment Bank | Licensed to kironjiemmanuel@gmail.com | Ref RIB-FEA52689EF55 | 10/6/2026, 4:39:40 PM | Confidential - redistribution prohibited"
"Oct 5, 2025","USD/KES","129.2398","Rock Investment Bank | Licensed to kironjiemmanuel@gmail.com | Ref RIB-FEA52689EF55 | 10/6/2026, 4:39:40 PM | Confidential - redistribution prohibited"
"Oct 3, 2025","USD/KES","129.2400","Rock Investment Bank | Licensed to kironjiemmanuel@gmail.com | Ref RIB-FEA52689EF55 | 10/6/2026, 4:39:40 PM | Confidential - redistribution prohibited"
"Oct 2, 2025","USD/KES","129.2400","Rock Investment Bank | Licensed to kironjiemmanuel@gmail.com | Ref RIB-FEA52689EF55 | 10/6/2026, 4:39:40 PM | Confidential - redistribution prohibited"
"Oct 1, 2025","USD/KES","129.2395","Rock Investment Bank | Licensed to kironjiemmanuel@gmail.com | Ref RIB-FEA52689EF55 | 10/6/2026, 4:39:40 PM | Confidential - redistribution prohibited"
"Sep 30, 2025","USD/KES","129.2399","Rock Investment Bank | Licensed to kironjiemmanuel@gmail.com | Ref RIB-FEA52689EF55 | 10/6/2026, 4:39:40 PM | Confidential - redistribution prohibited"
"Sep 29, 2025","USD/KES","129.2404","Rock Investment Bank | Licensed to kironjiemmanuel@gmail.com | Ref RIB-FEA52689EF55 | 10/6/2026, 4:39:40 PM | Confidential - redistribution prohibited"
"Sep 28, 2025","USD/KES","129.2472","Rock Investment Bank | Licensed to kironjiemmanuel@gmail.com | Ref RIB-FEA52689EF55 | 10/6/2026, 4:39:40 PM | Confidential - redistribution prohibited"
"Sep 26, 2025","USD/KES","129.2620","Rock Investment Bank | Licensed to kironjiemmanuel@gmail.com | Ref RIB-FEA52689EF55 | 10/6/2026, 4:39:40 PM | Confidential - redistribution prohibited"
"Sep 25, 2025","USD/KES","129.2620","Rock Investment Bank | Licensed to kironjiemmanuel@gmail.com | Ref RIB-FEA52689EF55 | 10/6/2026, 4:39:40 PM | Confidential - redistribution prohibited"
"Sep 24, 2025","USD/KES","129.2616","Rock Investment Bank | Licensed to kironjiemmanuel@gmail.com | Ref RIB-FEA52689EF55 | 10/6/2026, 4:39:40 PM | Confidential - redistribution prohibited"
"Sep 23, 2025","USD/KES","129.2421","Rock Investment Bank | Licensed to kironjiemmanuel@gmail.com | Ref RIB-FEA52689EF55 | 10/6/2026, 4:39:40 PM | Confidential - redistribution prohibited"
"Sep 22, 2025","USD/KES","129.2367","Rock Investment Bank | Licensed to kironjiemmanuel@gmail.com | Ref RIB-FEA52689EF55 | 10/6/2026, 4:39:40 PM | Confidential - redistribution prohibited"
"Sep 21, 2025","USD/KES","129.2399","Rock Investment Bank | Licensed to kironjiemmanuel@gmail.com | Ref RIB-FEA52689EF55 | 10/6/2026, 4:39:40 PM | Confidential - redistribution prohibited"
"Sep 19, 2025","USD/KES","129.2400","Rock Investment Bank | Licensed to kironjiemmanuel@gmail.com | Ref RIB-FEA52689EF55 | 10/6/2026, 4:39:40 PM | Confidential - redistribution prohibited"
"Sep 18, 2025","USD/KES","129.2400","Rock Investment Bank | Licensed to kironjiemmanuel@gmail.com | Ref RIB-FEA52689EF55 | 10/6/2026, 4:39:40 PM | Confidential - redistribution prohibited"
"Sep 17, 2025","USD/KES","129.2393","Rock Investment Bank | Licensed to kironjiemmanuel@gmail.com | Ref RIB-FEA52689EF55 | 10/6/2026, 4:39:40 PM | Confidential - redistribution prohibited"
"Sep 16, 2025","USD/KES","129.2389","Rock Investment Bank | Licensed to kironjiemmanuel@gmail.com | Ref RIB-FEA52689EF55 | 10/6/2026, 4:39:40 PM | Confidential - redistribution prohibited"
"Sep 15, 2025","USD/KES","129.2400","Rock Investment Bank | Licensed to kironjiemmanuel@gmail.com | Ref RIB-FEA52689EF55 | 10/6/2026, 4:39:40 PM | Confidential - redistribution prohibited"
"Sep 14, 2025","USD/KES","129.2400","Rock Investment Bank | Licensed to kironjiemmanuel@gmail.com | Ref RIB-FEA52689EF55 | 10/6/2026, 4:39:40 PM | Confidential - redistribution prohibited"
"Sep 12, 2025","USD/KES","129.2400","Rock Investment Bank | Licensed to kironjiemmanuel@gmail.com | Ref RIB-FEA52689EF55 | 10/6/2026, 4:39:40 PM | Confidential - redistribution prohibited"
"Sep 11, 2025","USD/KES","129.2400","Rock Investment Bank | Licensed to kironjiemmanuel@gmail.com | Ref RIB-FEA52689EF55 | 10/6/2026, 4:39:40 PM | Confidential - redistribution prohibited"
"Sep 10, 2025","USD/KES","129.2402","Rock Investment Bank | Licensed to kironjiemmanuel@gmail.com | Ref RIB-FEA52689EF55 | 10/6/2026, 4:39:40 PM | Confidential - redistribution prohibited"
"Sep 9, 2025","USD/KES","129.2399","Rock Investment Bank | Licensed to kironjiemmanuel@gmail.com | Ref RIB-FEA52689EF55 | 10/6/2026, 4:39:40 PM | Confidential - redistribution prohibited"
"Sep 8, 2025","USD/KES","129.2399","Rock Investment Bank | Licensed to kironjiemmanuel@gmail.com | Ref RIB-FEA52689EF55 | 10/6/2026, 4:39:40 PM | Confidential - redistribution prohibited"
"Sep 7, 2025","USD/KES","129.2386","Rock Investment Bank | Licensed to kironjiemmanuel@gmail.com | Ref RIB-FEA52689EF55 | 10/6/2026, 4:39:40 PM | Confidential - redistribution prohibited"
"Sep 5, 2025","USD/KES","129.2395","Rock Investment Bank | Licensed to kironjiemmanuel@gmail.com | Ref RIB-FEA52689EF55 | 10/6/2026, 4:39:40 PM | Confidential - redistribution prohibited"
"Sep 4, 2025","USD/KES","129.2395","Rock Investment Bank | Licensed to kironjiemmanuel@gmail.com | Ref RIB-FEA52689EF55 | 10/6/2026, 4:39:40 PM | Confidential - redistribution prohibited"
"Sep 3, 2025","USD/KES","129.2400","Rock Investment Bank | Licensed to kironjiemmanuel@gmail.com | Ref RIB-FEA52689EF55 | 10/6/2026, 4:39:40 PM | Confidential - redistribution prohibited"
"Sep 2, 2025","USD/KES","129.2400","Rock Investment Bank | Licensed to kironjiemmanuel@gmail.com | Ref RIB-FEA52689EF55 | 10/6/2026, 4:39:40 PM | Confidential - redistribution prohibited"
"Sep 1, 2025","USD/KES","129.2397","Rock Investment Bank | Licensed to kironjiemmanuel@gmail.com | Ref RIB-FEA52689EF55 | 10/6/2026, 4:39:40 PM | Confidential - redistribution prohibited"
"Aug 31, 2025","USD/KES","129.2398","Rock Investment Bank | Licensed to kironjiemmanuel@gmail.com | Ref RIB-FEA52689EF55 | 10/6/2026, 4:39:40 PM | Confidential - redistribution prohibited"
"Aug 29, 2025","USD/KES","129.2924","Rock Investment Bank | Licensed to kironjiemmanuel@gmail.com | Ref RIB-FEA52689EF55 | 10/6/2026, 4:39:40 PM | Confidential - redistribution prohibited"
"Aug 28, 2025","USD/KES","129.2924","Rock Investment Bank | Licensed to kironjiemmanuel@gmail.com | Ref RIB-FEA52689EF55 | 10/6/2026, 4:39:40 PM | Confidential - redistribution prohibited"
"Aug 27, 2025","USD/KES","129.2393","Rock Investment Bank | Licensed to kironjiemmanuel@gmail.com | Ref RIB-FEA52689EF55 | 10/6/2026, 4:39:40 PM | Confidential - redistribution prohibited"
"Aug 26, 2025","USD/KES","129.2411","Rock Investment Bank | Licensed to kironjiemmanuel@gmail.com | Ref RIB-FEA52689EF55 | 10/6/2026, 4:39:40 PM | Confidential - redistribution prohibited"
"Aug 25, 2025","USD/KES","129.2390","Rock Investment Bank | Licensed to kironjiemmanuel@gmail.com | Ref RIB-FEA52689EF55 | 10/6/2026, 4:39:40 PM | Confidential - redistribution prohibited"
"Aug 24, 2025","USD/KES","129.2404","Rock Investment Bank | Licensed to kironjiemmanuel@gmail.com | Ref RIB-FEA52689EF55 | 10/6/2026, 4:39:40 PM | Confidential - redistribution prohibited"
"Aug 22, 2025","USD/KES","129.2391","Rock Investment Bank | Licensed to kironjiemmanuel@gmail.com | Ref RIB-FEA52689EF55 | 10/6/2026, 4:39:40 PM | Confidential - redistribution prohibited"
"Aug 21, 2025","USD/KES","129.2391","Rock Investment Bank | Licensed to kironjiemmanuel@gmail.com | Ref RIB-FEA52689EF55 | 10/6/2026, 4:39:40 PM | Confidential - redistribution prohibited"
"Aug 20, 2025","USD/KES","129.2400","Rock Investment Bank | Licensed to kironjiemmanuel@gmail.com | Ref RIB-FEA52689EF55 | 10/6/2026, 4:39:40 PM | Confidential - redistribution prohibited"
"Aug 19, 2025","USD/KES","129.2411","Rock Investment Bank | Licensed to kironjiemmanuel@gmail.com | Ref RIB-FEA52689EF55 | 10/6/2026, 4:39:40 PM | Confidential - redistribution prohibited"
"Aug 18, 2025","USD/KES","129.2395","Rock Investment Bank | Licensed to kironjiemmanuel@gmail.com | Ref RIB-FEA52689EF55 | 10/6/2026, 4:39:40 PM | Confidential - redistribution prohibited"
"Aug 17, 2025","USD/KES","129.2407","Rock Investment Bank | Licensed to kironjiemmanuel@gmail.com | Ref RIB-FEA52689EF55 | 10/6/2026, 4:39:40 PM | Confidential - redistribution prohibited"
"Aug 15, 2025","USD/KES","129.2400","Rock Investment Bank | Licensed to kironjiemmanuel@gmail.com | Ref RIB-FEA52689EF55 | 10/6/2026, 4:39:40 PM | Confidential - redistribution prohibited"
"Aug 14, 2025","USD/KES","129.2400","Rock Investment Bank | Licensed to kironjiemmanuel@gmail.com | Ref RIB-FEA52689EF55 | 10/6/2026, 4:39:40 PM | Confidential - redistribution prohibited"
"Aug 13, 2025","USD/KES","129.2398","Rock Investment Bank | Licensed to kironjiemmanuel@gmail.com | Ref RIB-FEA52689EF55 | 10/6/2026, 4:39:40 PM | Confidential - redistribution prohibited"
"Aug 12, 2025","USD/KES","129.2391","Rock Investment Bank | Licensed to kironjiemmanuel@gmail.com | Ref RIB-FEA52689EF55 | 10/6/2026, 4:39:40 PM | Confidential - redistribution prohibited"
"Aug 11, 2025","USD/KES","129.2395","Rock Investment Bank | Licensed to kironjiemmanuel@gmail.com | Ref RIB-FEA52689EF55 | 10/6/2026, 4:39:40 PM | Confidential - redistribution prohibited"
"Aug 10, 2025","USD/KES","129.2385","Rock Investment Bank | Licensed to kironjiemmanuel@gmail.com | Ref RIB-FEA52689EF55 | 10/6/2026, 4:39:40 PM | Confidential - redistribution prohibited"
"Aug 8, 2025","USD/KES","129.2392","Rock Investment Bank | Licensed to kironjiemmanuel@gmail.com | Ref RIB-FEA52689EF55 | 10/6/2026, 4:39:40 PM | Confidential - redistribution prohibited"
"Aug 7, 2025","USD/KES","129.2392","Rock Investment Bank | Licensed to kironjiemmanuel@gmail.com | Ref RIB-FEA52689EF55 | 10/6/2026, 4:39:40 PM | Confidential - redistribution prohibited"
"Aug 6, 2025","USD/KES","129.2374","Rock Investment Bank | Licensed to kironjiemmanuel@gmail.com | Ref RIB-FEA52689EF55 | 10/6/2026, 4:39:40 PM | Confidential - redistribution prohibited"
"Aug 5, 2025","USD/KES","129.2334","Rock Investment Bank | Licensed to kironjiemmanuel@gmail.com | Ref RIB-FEA52689EF55 | 10/6/2026, 4:39:40 PM | Confidential - redistribution prohibited"
"Aug 4, 2025","USD/KES","129.2400","Rock Investment Bank | Licensed to kironjiemmanuel@gmail.com | Ref RIB-FEA52689EF55 | 10/6/2026, 4:39:40 PM | Confidential - redistribution prohibited"
"Aug 3, 2025","USD/KES","129.2350","Rock Investment Bank | Licensed to kironjiemmanuel@gmail.com | Ref RIB-FEA52689EF55 | 10/6/2026, 4:39:40 PM | Confidential - redistribution prohibited"
"Aug 1, 2025","USD/KES","129.2383","Rock Investment Bank | Licensed to kironjiemmanuel@gmail.com | Ref RIB-FEA52689EF55 | 10/6/2026, 4:39:40 PM | Confidential - redistribution prohibited"
"Jul 31, 2025","USD/KES","129.2383","Rock Investment Bank | Licensed to kironjiemmanuel@gmail.com | Ref RIB-FEA52689EF55 | 10/6/2026, 4:39:40 PM | Confidential - redistribution prohibited"
"Jul 30, 2025","USD/KES","129.2394","Rock Investment Bank | Licensed to kironjiemmanuel@gmail.com | Ref RIB-FEA52689EF55 | 10/6/2026, 4:39:40 PM | Confidential - redistribution prohibited"
"Jul 29, 2025","USD/KES","129.2401","Rock Investment Bank | Licensed to kironjiemmanuel@gmail.com | Ref RIB-FEA52689EF55 | 10/6/2026, 4:39:40 PM | Confidential - redistribution prohibited"
"Jul 28, 2025","USD/KES","129.2523","Rock Investment Bank | Licensed to kironjiemmanuel@gmail.com | Ref RIB-FEA52689EF55 | 10/6/2026, 4:39:40 PM | Confidential - redistribution prohibited"
"Jul 27, 2025","USD/KES","129.2537","Rock Investment Bank | Licensed to kironjiemmanuel@gmail.com | Ref RIB-FEA52689EF55 | 10/6/2026, 4:39:40 PM | Confidential - redistribution prohibited"
"Jul 25, 2025","USD/KES","129.2638","Rock Investment Bank | Licensed to kironjiemmanuel@gmail.com | Ref RIB-FEA52689EF55 | 10/6/2026, 4:39:40 PM | Confidential - redistribution prohibited"
"Jul 24, 2025","USD/KES","129.2638","Rock Investment Bank | Licensed to kironjiemmanuel@gmail.com | Ref RIB-FEA52689EF55 | 10/6/2026, 4:39:40 PM | Confidential - redistribution prohibited"
"Jul 23, 2025","USD/KES","129.2592","Rock Investment Bank | Licensed to kironjiemmanuel@gmail.com | Ref RIB-FEA52689EF55 | 10/6/2026, 4:39:40 PM | Confidential - redistribution prohibited"
"Jul 22, 2025","USD/KES","129.2495","Rock Investment Bank | Licensed to kironjiemmanuel@gmail.com | Ref RIB-FEA52689EF55 | 10/6/2026, 4:39:40 PM | Confidential - redistribution prohibited"
"Jul 21, 2025","USD/KES","129.2495","Rock Investment Bank | Licensed to kironjiemmanuel@gmail.com | Ref RIB-FEA52689EF55 | 10/6/2026, 4:39:40 PM | Confidential - redistribution prohibited"
"Jul 20, 2025","USD/KES","129.2456","Rock Investment Bank | Licensed to kironjiemmanuel@gmail.com | Ref RIB-FEA52689EF55 | 10/6/2026, 4:39:40 PM | Confidential - redistribution prohibited"
"Jul 18, 2025","USD/KES","129.2426","Rock Investment Bank | Licensed to kironjiemmanuel@gmail.com | Ref RIB-FEA52689EF55 | 10/6/2026, 4:39:40 PM | Confidential - redistribution prohibited"
"Jul 17, 2025","USD/KES","129.2426","Rock Investment Bank | Licensed to kironjiemmanuel@gmail.com | Ref RIB-FEA52689EF55 | 10/6/2026, 4:39:40 PM | Confidential - redistribution prohibited"
"Jul 16, 2025","USD/KES","129.2399","Rock Investment Bank | Licensed to kironjiemmanuel@gmail.com | Ref RIB-FEA52689EF55 | 10/6/2026, 4:39:40 PM | Confidential - redistribution prohibited"
"Jul 15, 2025","USD/KES","129.2424","Rock Investment Bank | Licensed to kironjiemmanuel@gmail.com | Ref RIB-FEA52689EF55 | 10/6/2026, 4:39:40 PM | Confidential - redistribution prohibited"
"Jul 14, 2025","USD/KES","129.2418","Rock Investment Bank | Licensed to kironjiemmanuel@gmail.com | Ref RIB-FEA52689EF55 | 10/6/2026, 4:39:40 PM | Confidential - redistribution prohibited"
"Jul 13, 2025","USD/KES","129.2424","Rock Investment Bank | Licensed to kironjiemmanuel@gmail.com | Ref RIB-FEA52689EF55 | 10/6/2026, 4:39:40 PM | Confidential - redistribution prohibited"
"Jul 11, 2025","USD/KES","129.2410","Rock Investment Bank | Licensed to kironjiemmanuel@gmail.com | Ref RIB-FEA52689EF55 | 10/6/2026, 4:39:40 PM | Confidential - redistribution prohibited"
"Jul 10, 2025","USD/KES","129.2410","Rock Investment Bank | Licensed to kironjiemmanuel@gmail.com | Ref RIB-FEA52689EF55 | 10/6/2026, 4:39:40 PM | Confidential - redistribution prohibited"
"Jul 9, 2025","USD/KES","129.2421","Rock Investment Bank | Licensed to kironjiemmanuel@gmail.com | Ref RIB-FEA52689EF55 | 10/6/2026, 4:39:40 PM | Confidential - redistribution prohibited"
"Jul 8, 2025","USD/KES","129.2371","Rock Investment Bank | Licensed to kironjiemmanuel@gmail.com | Ref RIB-FEA52689EF55 | 10/6/2026, 4:39:40 PM | Confidential - redistribution prohibited"
"Jul 7, 2025","USD/KES","129.2381","Rock Investment Bank | Licensed to kironjiemmanuel@gmail.com | Ref RIB-FEA52689EF55 | 10/6/2026, 4:39:40 PM | Confidential - redistribution prohibited"
"Jul 6, 2025","USD/KES","129.2387","Rock Investment Bank | Licensed to kironjiemmanuel@gmail.com | Ref RIB-FEA52689EF55 | 10/6/2026, 4:39:40 PM | Confidential - redistribution prohibited"
"Jul 4, 2025","USD/KES","129.2391","Rock Investment Bank | Licensed to kironjiemmanuel@gmail.com | Ref RIB-FEA52689EF55 | 10/6/2026, 4:39:40 PM | Confidential - redistribution prohibited"
"Jul 3, 2025","USD/KES","129.2391","Rock Investment Bank | Licensed to kironjiemmanuel@gmail.com | Ref RIB-FEA52689EF55 | 10/6/2026, 4:39:40 PM | Confidential - redistribution prohibited"
"Jul 2, 2025","USD/KES","129.2386","Rock Investment Bank | Licensed to kironjiemmanuel@gmail.com | Ref RIB-FEA52689EF55 | 10/6/2026, 4:39:40 PM | Confidential - redistribution prohibited"
"Jul 1, 2025","USD/KES","129.2384","Rock Investment Bank | Licensed to kironjiemmanuel@gmail.com | Ref RIB-FEA52689EF55 | 10/6/2026, 4:39:40 PM | Confidential - redistribution prohibited"
"Jun 30, 2025","USD/KES","129.2429","Rock Investment Bank | Licensed to kironjiemmanuel@gmail.com | Ref RIB-FEA52689EF55 | 10/6/2026, 4:39:40 PM | Confidential - redistribution prohibited"
"Jun 29, 2025","USD/KES","129.2343","Rock Investment Bank | Licensed to kironjiemmanuel@gmail.com | Ref RIB-FEA52689EF55 | 10/6/2026, 4:39:40 PM | Confidential - redistribution prohibited"
"Jun 27, 2025","USD/KES","129.2542","Rock Investment Bank | Licensed to kironjiemmanuel@gmail.com | Ref RIB-FEA52689EF55 | 10/6/2026, 4:39:40 PM | Confidential - redistribution prohibited"
"Jun 26, 2025","USD/KES","129.2542","Rock Investment Bank | Licensed to kironjiemmanuel@gmail.com | Ref RIB-FEA52689EF55 | 10/6/2026, 4:39:40 PM | Confidential - redistribution prohibited"
"Jun 25, 2025","USD/KES","129.2854","Rock Investment Bank | Licensed to kironjiemmanuel@gmail.com | Ref RIB-FEA52689EF55 | 10/6/2026, 4:39:40 PM | Confidential - redistribution prohibited"
"Jun 24, 2025","USD/KES","129.2913","Rock Investment Bank | Licensed to kironjiemmanuel@gmail.com | Ref RIB-FEA52689EF55 | 10/6/2026, 4:39:40 PM | Confidential - redistribution prohibited"
"Jun 23, 2025","USD/KES","129.2741","Rock Investment Bank | Licensed to kironjiemmanuel@gmail.com | Ref RIB-FEA52689EF55 | 10/6/2026, 4:39:40 PM | Confidential - redistribution prohibited"
"Jun 22, 2025","USD/KES","129.2507","Rock Investment Bank | Licensed to kironjiemmanuel@gmail.com | Ref RIB-FEA52689EF55 | 10/6/2026, 4:39:40 PM | Confidential - redistribution prohibited"
"Jun 20, 2025","USD/KES","129.2739","Rock Investment Bank | Licensed to kironjiemmanuel@gmail.com | Ref RIB-FEA52689EF55 | 10/6/2026, 4:39:40 PM | Confidential - redistribution prohibited"
"Jun 19, 2025","USD/KES","129.2739","Rock Investment Bank | Licensed to kironjiemmanuel@gmail.com | Ref RIB-FEA52689EF55 | 10/6/2026, 4:39:40 PM | Confidential - redistribution prohibited"
"Jun 18, 2025","USD/KES","129.2814","Rock Investment Bank | Licensed to kironjiemmanuel@gmail.com | Ref RIB-FEA52689EF55 | 10/6/2026, 4:39:40 PM | Confidential - redistribution prohibited"
"Jun 17, 2025","USD/KES","129.2785","Rock Investment Bank | Licensed to kironjiemmanuel@gmail.com | Ref RIB-FEA52689EF55 | 10/6/2026, 4:39:40 PM | Confidential - redistribution prohibited"
"Jun 16, 2025","USD/KES","129.2559","Rock Investment Bank | Licensed to kironjiemmanuel@gmail.com | Ref RIB-FEA52689EF55 | 10/6/2026, 4:39:40 PM | Confidential - redistribution prohibited"
"Jun 15, 2025","USD/KES","129.2636","Rock Investment Bank | Licensed to kironjiemmanuel@gmail.com | Ref RIB-FEA52689EF55 | 10/6/2026, 4:39:40 PM | Confidential - redistribution prohibited"
"Jun 13, 2025","USD/KES","129.2401","Rock Investment Bank | Licensed to kironjiemmanuel@gmail.com | Ref RIB-FEA52689EF55 | 10/6/2026, 4:39:40 PM | Confidential - redistribution prohibited"
"Jun 12, 2025","USD/KES","129.2401","Rock Investment Bank | Licensed to kironjiemmanuel@gmail.com | Ref RIB-FEA52689EF55 | 10/6/2026, 4:39:40 PM | Confidential - redistribution prohibited"
"Jun 11, 2025","USD/KES","129.2392","Rock Investment Bank | Licensed to kironjiemmanuel@gmail.com | Ref RIB-FEA52689EF55 | 10/6/2026, 4:39:40 PM | Confidential - redistribution prohibited"
"Jun 10, 2025","USD/KES","129.2378","Rock Investment Bank | Licensed to kironjiemmanuel@gmail.com | Ref RIB-FEA52689EF55 | 10/6/2026, 4:39:40 PM | Confidential - redistribution prohibited"
"Jun 9, 2025","USD/KES","129.2356","Rock Investment Bank | Licensed to kironjiemmanuel@gmail.com | Ref RIB-FEA52689EF55 | 10/6/2026, 4:39:40 PM | Confidential - redistribution prohibited"
"Jun 8, 2025","USD/KES","129.2391","Rock Investment Bank | Licensed to kironjiemmanuel@gmail.com | Ref RIB-FEA52689EF55 | 10/6/2026, 4:39:40 PM | Confidential - redistribution prohibited"
"Jun 5, 2025","USD/KES","129.2237","Rock Investment Bank | Licensed to kironjiemmanuel@gmail.com | Ref RIB-FEA52689EF55 | 10/6/2026, 4:39:40 PM | Confidential - redistribution prohibited"
"Jun 4, 2025","USD/KES","129.2237","Rock Investment Bank | Licensed to kironjiemmanuel@gmail.com | Ref RIB-FEA52689EF55 | 10/6/2026, 4:39:40 PM | Confidential - redistribution prohibited"
"Jun 3, 2025","USD/KES","129.2382","Rock Investment Bank | Licensed to kironjiemmanuel@gmail.com | Ref RIB-FEA52689EF55 | 10/6/2026, 4:39:40 PM | Confidential - redistribution prohibited"
"Jun 2, 2025","USD/KES","129.0550","Rock Investment Bank | Licensed to kironjiemmanuel@gmail.com | Ref RIB-FEA52689EF55 | 10/6/2026, 4:39:40 PM | Confidential - redistribution prohibited"
"May 30, 2025","USD/KES","129.2417","Rock Investment Bank | Licensed to kironjiemmanuel@gmail.com | Ref RIB-FEA52689EF55 | 10/6/2026, 4:39:40 PM | Confidential - redistribution prohibited"
"May 29, 2025","USD/KES","129.2417","Rock Investment Bank | Licensed to kironjiemmanuel@gmail.com | Ref RIB-FEA52689EF55 | 10/6/2026, 4:39:40 PM | Confidential - redistribution prohibited"
"May 28, 2025","USD/KES","129.2648","Rock Investment Bank | Licensed to kironjiemmanuel@gmail.com | Ref RIB-FEA52689EF55 | 10/6/2026, 4:39:40 PM | Confidential - redistribution prohibited"
"May 27, 2025","USD/KES","129.2949","Rock Investment Bank | Licensed to kironjiemmanuel@gmail.com | Ref RIB-FEA52689EF55 | 10/6/2026, 4:39:40 PM | Confidential - redistribution prohibited"
"May 26, 2025","USD/KES","129.2370","Rock Investment Bank | Licensed to kironjiemmanuel@gmail.com | Ref RIB-FEA52689EF55 | 10/6/2026, 4:39:40 PM | Confidential - redistribution prohibited"
"May 25, 2025","USD/KES","129.2442","Rock Investment Bank | Licensed to kironjiemmanuel@gmail.com | Ref RIB-FEA52689EF55 | 10/6/2026, 4:39:40 PM | Confidential - redistribution prohibited"
"May 23, 2025","USD/KES","129.2541","Rock Investment Bank | Licensed to kironjiemmanuel@gmail.com | Ref RIB-FEA52689EF55 | 10/6/2026, 4:39:40 PM | Confidential - redistribution prohibited"
"May 22, 2025","USD/KES","129.2541","Rock Investment Bank | Licensed to kironjiemmanuel@gmail.com | Ref RIB-FEA52689EF55 | 10/6/2026, 4:39:40 PM | Confidential - redistribution prohibited"
"May 21, 2025","USD/KES","129.2367","Rock Investment Bank | Licensed to kironjiemmanuel@gmail.com | Ref RIB-FEA52689EF55 | 10/6/2026, 4:39:40 PM | Confidential - redistribution prohibited"
"May 20, 2025","USD/KES","129.2332","Rock Investment Bank | Licensed to kironjiemmanuel@gmail.com | Ref RIB-FEA52689EF55 | 10/6/2026, 4:39:40 PM | Confidential - redistribution prohibited"
"May 19, 2025","USD/KES","129.2385","Rock Investment Bank | Licensed to kironjiemmanuel@gmail.com | Ref RIB-FEA52689EF55 | 10/6/2026, 4:39:40 PM | Confidential - redistribution prohibited"
"May 18, 2025","USD/KES","129.2330","Rock Investment Bank | Licensed to kironjiemmanuel@gmail.com | Ref RIB-FEA52689EF55 | 10/6/2026, 4:39:40 PM | Confidential - redistribution prohibited"
"May 16, 2025","USD/KES","129.2975","Rock Investment Bank | Licensed to kironjiemmanuel@gmail.com | Ref RIB-FEA52689EF55 | 10/6/2026, 4:39:40 PM | Confidential - redistribution prohibited"
"May 15, 2025","USD/KES","129.2975","Rock Investment Bank | Licensed to kironjiemmanuel@gmail.com | Ref RIB-FEA52689EF55 | 10/6/2026, 4:39:40 PM | Confidential - redistribution prohibited"
"May 14, 2025","USD/KES","129.2538","Rock Investment Bank | Licensed to kironjiemmanuel@gmail.com | Ref RIB-FEA52689EF55 | 10/6/2026, 4:39:40 PM | Confidential - redistribution prohibited"
"May 13, 2025","USD/KES","129.2349","Rock Investment Bank | Licensed to kironjiemmanuel@gmail.com | Ref RIB-FEA52689EF55 | 10/6/2026, 4:39:40 PM | Confidential - redistribution prohibited"
"May 12, 2025","USD/KES","129.2304","Rock Investment Bank | Licensed to kironjiemmanuel@gmail.com | Ref RIB-FEA52689EF55 | 10/6/2026, 4:39:40 PM | Confidential - redistribution prohibited"
"May 11, 2025","USD/KES","129.2653","Rock Investment Bank | Licensed to kironjiemmanuel@gmail.com | Ref RIB-FEA52689EF55 | 10/6/2026, 4:39:40 PM | Confidential - redistribution prohibited"
"May 9, 2025","USD/KES","129.2663","Rock Investment Bank | Licensed to kironjiemmanuel@gmail.com | Ref RIB-FEA52689EF55 | 10/6/2026, 4:39:40 PM | Confidential - redistribution prohibited"
"May 8, 2025","USD/KES","129.2663","Rock Investment Bank | Licensed to kironjiemmanuel@gmail.com | Ref RIB-FEA52689EF55 | 10/6/2026, 4:39:40 PM | Confidential - redistribution prohibited"
"May 7, 2025","USD/KES","129.2679","Rock Investment Bank | Licensed to kironjiemmanuel@gmail.com | Ref RIB-FEA52689EF55 | 10/6/2026, 4:39:40 PM | Confidential - redistribution prohibited"
"May 6, 2025","USD/KES","129.2508","Rock Investment Bank | Licensed to kironjiemmanuel@gmail.com | Ref RIB-FEA52689EF55 | 10/6/2026, 4:39:40 PM | Confidential - redistribution prohibited"
"May 5, 2025","USD/KES","129.2763","Rock Investment Bank | Licensed to kironjiemmanuel@gmail.com | Ref RIB-FEA52689EF55 | 10/6/2026, 4:39:40 PM | Confidential - redistribution prohibited"
"May 4, 2025","USD/KES","129.3118","Rock Investment Bank | Licensed to kironjiemmanuel@gmail.com | Ref RIB-FEA52689EF55 | 10/6/2026, 4:39:40 PM | Confidential - redistribution prohibited"
"May 2, 2025","USD/KES","129.5004","Rock Investment Bank | Licensed to kironjiemmanuel@gmail.com | Ref RIB-FEA52689EF55 | 10/6/2026, 4:39:40 PM | Confidential - redistribution prohibited"
"May 1, 2025","USD/KES","129.5004","Rock Investment Bank | Licensed to kironjiemmanuel@gmail.com | Ref RIB-FEA52689EF55 | 10/6/2026, 4:39:40 PM | Confidential - redistribution prohibited"
"Apr 30, 2025","USD/KES","129.3434","Rock Investment Bank | Licensed to kironjiemmanuel@gmail.com | Ref RIB-FEA52689EF55 | 10/6/2026, 4:39:40 PM | Confidential - redistribution prohibited"
"Apr 29, 2025","USD/KES","129.3434","Rock Investment Bank | Licensed to kironjiemmanuel@gmail.com | Ref RIB-FEA52689EF55 | 10/6/2026, 4:39:40 PM | Confidential - redistribution prohibited"
"Apr 28, 2025","USD/KES","129.2690","Rock Investment Bank | Licensed to kironjiemmanuel@gmail.com | Ref RIB-FEA52689EF55 | 10/6/2026, 4:39:40 PM | Confidential - redistribution prohibited"
"Apr 27, 2025","USD/KES","129.2976","Rock Investment Bank | Licensed to kironjiemmanuel@gmail.com | Ref RIB-FEA52689EF55 | 10/6/2026, 4:39:40 PM | Confidential - redistribution prohibited"
"Apr 25, 2025","USD/KES","129.3476","Rock Investment Bank | Licensed to kironjiemmanuel@gmail.com | Ref RIB-FEA52689EF55 | 10/6/2026, 4:39:40 PM | Confidential - redistribution prohibited"
"Apr 24, 2025","USD/KES","129.3476","Rock Investment Bank | Licensed to kironjiemmanuel@gmail.com | Ref RIB-FEA52689EF55 | 10/6/2026, 4:39:40 PM | Confidential - redistribution prohibited"
"Apr 23, 2025","USD/KES","129.5407","Rock Investment Bank | Licensed to kironjiemmanuel@gmail.com | Ref RIB-FEA52689EF55 | 10/6/2026, 4:39:40 PM | Confidential - redistribution prohibited"
"Apr 22, 2025","USD/KES","129.7567","Rock Investment Bank | Licensed to kironjiemmanuel@gmail.com | Ref RIB-FEA52689EF55 | 10/6/2026, 4:39:40 PM | Confidential - redistribution prohibited"
"Apr 21, 2025","USD/KES","129.8010","Rock Investment Bank | Licensed to kironjiemmanuel@gmail.com | Ref RIB-FEA52689EF55 | 10/6/2026, 4:39:40 PM | Confidential - redistribution prohibited"
"Apr 17, 2025","USD/KES","129.7912","Rock Investment Bank | Licensed to kironjiemmanuel@gmail.com | Ref RIB-FEA52689EF55 | 10/6/2026, 4:39:40 PM | Confidential - redistribution prohibited"
"Apr 16, 2025","USD/KES","129.7912","Rock Investment Bank | Licensed to kironjiemmanuel@gmail.com | Ref RIB-FEA52689EF55 | 10/6/2026, 4:39:40 PM | Confidential - redistribution prohibited"
"Apr 15, 2025","USD/KES","129.8049","Rock Investment Bank | Licensed to kironjiemmanuel@gmail.com | Ref RIB-FEA52689EF55 | 10/6/2026, 4:39:40 PM | Confidential - redistribution prohibited"
"Apr 14, 2025","USD/KES","129.7302","Rock Investment Bank | Licensed to kironjiemmanuel@gmail.com | Ref RIB-FEA52689EF55 | 10/6/2026, 4:39:40 PM | Confidential - redistribution prohibited"
"Apr 13, 2025","USD/KES","129.7387","Rock Investment Bank | Licensed to kironjiemmanuel@gmail.com | Ref RIB-FEA52689EF55 | 10/6/2026, 4:39:40 PM | Confidential - redistribution prohibited"
"Apr 11, 2025","USD/KES","129.7110","Rock Investment Bank | Licensed to kironjiemmanuel@gmail.com | Ref RIB-FEA52689EF55 | 10/6/2026, 4:39:40 PM | Confidential - redistribution prohibited"
"Apr 10, 2025","USD/KES","129.7110","Rock Investment Bank | Licensed to kironjiemmanuel@gmail.com | Ref RIB-FEA52689EF55 | 10/6/2026, 4:39:40 PM | Confidential - redistribution prohibited"
"Apr 9, 2025","USD/KES","129.6685","Rock Investment Bank | Licensed to kironjiemmanuel@gmail.com | Ref RIB-FEA52689EF55 | 10/6/2026, 4:39:40 PM | Confidential - redistribution prohibited"
"Apr 8, 2025","USD/KES","129.6502","Rock Investment Bank | Licensed to kironjiemmanuel@gmail.com | Ref RIB-FEA52689EF55 | 10/6/2026, 4:39:40 PM | Confidential - redistribution prohibited"
"Apr 7, 2025","USD/KES","129.5635","Rock Investment Bank | Licensed to kironjiemmanuel@gmail.com | Ref RIB-FEA52689EF55 | 10/6/2026, 4:39:40 PM | Confidential - redistribution prohibited"
"Apr 6, 2025","USD/KES","129.2646","Rock Investment Bank | Licensed to kironjiemmanuel@gmail.com | Ref RIB-FEA52689EF55 | 10/6/2026, 4:39:40 PM | Confidential - redistribution prohibited"
"Apr 4, 2025","USD/KES","129.2451","Rock Investment Bank | Licensed to kironjiemmanuel@gmail.com | Ref RIB-FEA52689EF55 | 10/6/2026, 4:39:40 PM | Confidential - redistribution prohibited"
"Apr 3, 2025","USD/KES","129.2451","Rock Investment Bank | Licensed to kironjiemmanuel@gmail.com | Ref RIB-FEA52689EF55 | 10/6/2026, 4:39:40 PM | Confidential - redistribution prohibited"
"Apr 2, 2025","USD/KES","129.2454","Rock Investment Bank | Licensed to kironjiemmanuel@gmail.com | Ref RIB-FEA52689EF55 | 10/6/2026, 4:39:40 PM | Confidential - redistribution prohibited"
"Apr 1, 2025","USD/KES","129.2452","Rock Investment Bank | Licensed to kironjiemmanuel@gmail.com | Ref RIB-FEA52689EF55 | 10/6/2026, 4:39:40 PM | Confidential - redistribution prohibited"
"Mar 31, 2025","USD/KES","129.2688","Rock Investment Bank | Licensed to kironjiemmanuel@gmail.com | Ref RIB-FEA52689EF55 | 10/6/2026, 4:39:40 PM | Confidential - redistribution prohibited"
"Mar 28, 2025","USD/KES","129.3165","Rock Investment Bank | Licensed to kironjiemmanuel@gmail.com | Ref RIB-FEA52689EF55 | 10/6/2026, 4:39:40 PM | Confidential - redistribution prohibited"
"Mar 27, 2025","USD/KES","129.3165","Rock Investment Bank | Licensed to kironjiemmanuel@gmail.com | Ref RIB-FEA52689EF55 | 10/6/2026, 4:39:40 PM | Confidential - redistribution prohibited"
"Mar 26, 2025","USD/KES","129.3738","Rock Investment Bank | Licensed to kironjiemmanuel@gmail.com | Ref RIB-FEA52689EF55 | 10/6/2026, 4:39:40 PM | Confidential - redistribution prohibited"
"Mar 25, 2025","USD/KES","129.3862","Rock Investment Bank | Licensed to kironjiemmanuel@gmail.com | Ref RIB-FEA52689EF55 | 10/6/2026, 4:39:40 PM | Confidential - redistribution prohibited"
"Mar 24, 2025","USD/KES","129.3669","Rock Investment Bank | Licensed to kironjiemmanuel@gmail.com | Ref RIB-FEA52689EF55 | 10/6/2026, 4:39:40 PM | Confidential - redistribution prohibited"
"Mar 23, 2025","USD/KES","129.4253","Rock Investment Bank | Licensed to kironjiemmanuel@gmail.com | Ref RIB-FEA52689EF55 | 10/6/2026, 4:39:40 PM | Confidential - redistribution prohibited"
"Mar 21, 2025","USD/KES","129.3941","Rock Investment Bank | Licensed to kironjiemmanuel@gmail.com | Ref RIB-FEA52689EF55 | 10/6/2026, 4:39:40 PM | Confidential - redistribution prohibited"
"Mar 20, 2025","USD/KES","129.3941","Rock Investment Bank | Licensed to kironjiemmanuel@gmail.com | Ref RIB-FEA52689EF55 | 10/6/2026, 4:39:40 PM | Confidential - redistribution prohibited"
"Mar 19, 2025","USD/KES","129.3794","Rock Investment Bank | Licensed to kironjiemmanuel@gmail.com | Ref RIB-FEA52689EF55 | 10/6/2026, 4:39:40 PM | Confidential - redistribution prohibited"
"Mar 18, 2025","USD/KES","129.3759","Rock Investment Bank | Licensed to kironjiemmanuel@gmail.com | Ref RIB-FEA52689EF55 | 10/6/2026, 4:39:40 PM | Confidential - redistribution prohibited"
"Mar 17, 2025","USD/KES","129.3933","Rock Investment Bank | Licensed to kironjiemmanuel@gmail.com | Ref RIB-FEA52689EF55 | 10/6/2026, 4:39:40 PM | Confidential - redistribution prohibited"
"Mar 16, 2025","USD/KES","129.5105","Rock Investment Bank | Licensed to kironjiemmanuel@gmail.com | Ref RIB-FEA52689EF55 | 10/6/2026, 4:39:40 PM | Confidential - redistribution prohibited"
"Mar 14, 2025","USD/KES","129.5060","Rock Investment Bank | Licensed to kironjiemmanuel@gmail.com | Ref RIB-FEA52689EF55 | 10/6/2026, 4:39:40 PM | Confidential - redistribution prohibited"
"Mar 13, 2025","USD/KES","129.5060","Rock Investment Bank | Licensed to kironjiemmanuel@gmail.com | Ref RIB-FEA52689EF55 | 10/6/2026, 4:39:40 PM | Confidential - redistribution prohibited"
"Mar 12, 2025","USD/KES","129.4307","Rock Investment Bank | Licensed to kironjiemmanuel@gmail.com | Ref RIB-FEA52689EF55 | 10/6/2026, 4:39:40 PM | Confidential - redistribution prohibited"
"Mar 11, 2025","USD/KES","129.3116","Rock Investment Bank | Licensed to kironjiemmanuel@gmail.com | Ref RIB-FEA52689EF55 | 10/6/2026, 4:39:40 PM | Confidential - redistribution prohibited"
"Mar 10, 2025","USD/KES","129.2552","Rock Investment Bank | Licensed to kironjiemmanuel@gmail.com | Ref RIB-FEA52689EF55 | 10/6/2026, 4:39:40 PM | Confidential - redistribution prohibited"
"Mar 9, 2025","USD/KES","129.2372","Rock Investment Bank | Licensed to kironjiemmanuel@gmail.com | Ref RIB-FEA52689EF55 | 10/6/2026, 4:39:40 PM | Confidential - redistribution prohibited"
"Mar 7, 2025","USD/KES","129.2363","Rock Investment Bank | Licensed to kironjiemmanuel@gmail.com | Ref RIB-FEA52689EF55 | 10/6/2026, 4:39:40 PM | Confidential - redistribution prohibited"
"Mar 6, 2025","USD/KES","129.2363","Rock Investment Bank | Licensed to kironjiemmanuel@gmail.com | Ref RIB-FEA52689EF55 | 10/6/2026, 4:39:40 PM | Confidential - redistribution prohibited"
"Mar 5, 2025","USD/KES","129.2266","Rock Investment Bank | Licensed to kironjiemmanuel@gmail.com | Ref RIB-FEA52689EF55 | 10/6/2026, 4:39:40 PM | Confidential - redistribution prohibited"
"Mar 4, 2025","USD/KES","129.2198","Rock Investment Bank | Licensed to kironjiemmanuel@gmail.com | Ref RIB-FEA52689EF55 | 10/6/2026, 4:39:40 PM | Confidential - redistribution prohibited"
"Mar 3, 2025","USD/KES","129.1983","Rock Investment Bank | Licensed to kironjiemmanuel@gmail.com | Ref RIB-FEA52689EF55 | 10/6/2026, 4:39:40 PM | Confidential - redistribution prohibited"
"Mar 2, 2025","USD/KES","129.1525","Rock Investment Bank | Licensed to kironjiemmanuel@gmail.com | Ref RIB-FEA52689EF55 | 10/6/2026, 4:39:40 PM | Confidential - redistribution prohibited"
"Feb 28, 2025","USD/KES","129.2256","Rock Investment Bank | Licensed to kironjiemmanuel@gmail.com | Ref RIB-FEA52689EF55 | 10/6/2026, 4:39:40 PM | Confidential - redistribution prohibited"
"Feb 27, 2025","USD/KES","129.2256","Rock Investment Bank | Licensed to kironjiemmanuel@gmail.com | Ref RIB-FEA52689EF55 | 10/6/2026, 4:39:40 PM | Confidential - redistribution prohibited"
"Feb 26, 2025","USD/KES","129.3095","Rock Investment Bank | Licensed to kironjiemmanuel@gmail.com | Ref RIB-FEA52689EF55 | 10/6/2026, 4:39:40 PM | Confidential - redistribution prohibited"
"Feb 25, 2025","USD/KES","129.3827","Rock Investment Bank | Licensed to kironjiemmanuel@gmail.com | Ref RIB-FEA52689EF55 | 10/6/2026, 4:39:40 PM | Confidential - redistribution prohibited"
"Feb 24, 2025","USD/KES","129.4893","Rock Investment Bank | Licensed to kironjiemmanuel@gmail.com | Ref RIB-FEA52689EF55 | 10/6/2026, 4:39:40 PM | Confidential - redistribution prohibited"
"Feb 23, 2025","USD/KES","129.6432","Rock Investment Bank | Licensed to kironjiemmanuel@gmail.com | Ref RIB-FEA52689EF55 | 10/6/2026, 4:39:40 PM | Confidential - redistribution prohibited"
"Feb 21, 2025","USD/KES","129.5838","Rock Investment Bank | Licensed to kironjiemmanuel@gmail.com | Ref RIB-FEA52689EF55 | 10/6/2026, 4:39:40 PM | Confidential - redistribution prohibited"
"Feb 20, 2025","USD/KES","129.5838","Rock Investment Bank | Licensed to kironjiemmanuel@gmail.com | Ref RIB-FEA52689EF55 | 10/6/2026, 4:39:40 PM | Confidential - redistribution prohibited"
"Feb 19, 2025","USD/KES","129.4501","Rock Investment Bank | Licensed to kironjiemmanuel@gmail.com | Ref RIB-FEA52689EF55 | 10/6/2026, 4:39:40 PM | Confidential - redistribution prohibited"
"Feb 18, 2025","USD/KES","129.3542","Rock Investment Bank | Licensed to kironjiemmanuel@gmail.com | Ref RIB-FEA52689EF55 | 10/6/2026, 4:39:40 PM | Confidential - redistribution prohibited"
"Feb 17, 2025","USD/KES","129.2803","Rock Investment Bank | Licensed to kironjiemmanuel@gmail.com | Ref RIB-FEA52689EF55 | 10/6/2026, 4:39:40 PM | Confidential - redistribution prohibited"
"Feb 16, 2025","USD/KES","129.2240","Rock Investment Bank | Licensed to kironjiemmanuel@gmail.com | Ref RIB-FEA52689EF55 | 10/6/2026, 4:39:40 PM | Confidential - redistribution prohibited"
"Feb 14, 2025","USD/KES","129.2242","Rock Investment Bank | Licensed to kironjiemmanuel@gmail.com | Ref RIB-FEA52689EF55 | 10/6/2026, 4:39:40 PM | Confidential - redistribution prohibited"
"Feb 13, 2025","USD/KES","129.2242","Rock Investment Bank | Licensed to kironjiemmanuel@gmail.com | Ref RIB-FEA52689EF55 | 10/6/2026, 4:39:40 PM | Confidential - redistribution prohibited"
"Feb 12, 2025","USD/KES","129.2096","Rock Investment Bank | Licensed to kironjiemmanuel@gmail.com | Ref RIB-FEA52689EF55 | 10/6/2026, 4:39:40 PM | Confidential - redistribution prohibited"
"Feb 11, 2025","USD/KES","129.2178","Rock Investment Bank | Licensed to kironjiemmanuel@gmail.com | Ref RIB-FEA52689EF55 | 10/6/2026, 4:39:40 PM | Confidential - redistribution prohibited"
"Feb 10, 2025","USD/KES","129.2189","Rock Investment Bank | Licensed to kironjiemmanuel@gmail.com | Ref RIB-FEA52689EF55 | 10/6/2026, 4:39:40 PM | Confidential - redistribution prohibited"
"Feb 9, 2025","USD/KES","129.2116","Rock Investment Bank | Licensed to kironjiemmanuel@gmail.com | Ref RIB-FEA52689EF55 | 10/6/2026, 4:39:40 PM | Confidential - redistribution prohibited"
"Feb 7, 2025","USD/KES","129.2116","Rock Investment Bank | Licensed to kironjiemmanuel@gmail.com | Ref RIB-FEA52689EF55 | 10/6/2026, 4:39:40 PM | Confidential - redistribution prohibited"
"Feb 6, 2025","USD/KES","129.2116","Rock Investment Bank | Licensed to kironjiemmanuel@gmail.com | Ref RIB-FEA52689EF55 | 10/6/2026, 4:39:40 PM | Confidential - redistribution prohibited"
"Feb 5, 2025","USD/KES","129.1938","Rock Investment Bank | Licensed to kironjiemmanuel@gmail.com | Ref RIB-FEA52689EF55 | 10/6/2026, 4:39:40 PM | Confidential - redistribution prohibited"
"Feb 4, 2025","USD/KES","129.2063","Rock Investment Bank | Licensed to kironjiemmanuel@gmail.com | Ref RIB-FEA52689EF55 | 10/6/2026, 4:39:40 PM | Confidential - redistribution prohibited"
"Feb 3, 2025","USD/KES","129.2031","Rock Investment Bank | Licensed to kironjiemmanuel@gmail.com | Ref RIB-FEA52689EF55 | 10/6/2026, 4:39:40 PM | Confidential - redistribution prohibited"
"Feb 2, 2025","USD/KES","129.2187","Rock Investment Bank | Licensed to kironjiemmanuel@gmail.com | Ref RIB-FEA52689EF55 | 10/6/2026, 4:39:40 PM | Confidential - redistribution prohibited"
"Jan 31, 2025","USD/KES","129.2292","Rock Investment Bank | Licensed to kironjiemmanuel@gmail.com | Ref RIB-FEA52689EF55 | 10/6/2026, 4:39:40 PM | Confidential - redistribution prohibited"
"Jan 30, 2025","USD/KES","129.2292","Rock Investment Bank | Licensed to kironjiemmanuel@gmail.com | Ref RIB-FEA52689EF55 | 10/6/2026, 4:39:40 PM | Confidential - redistribution prohibited"
"Jan 29, 2025","USD/KES","129.2483","Rock Investment Bank | Licensed to kironjiemmanuel@gmail.com | Ref RIB-FEA52689EF55 | 10/6/2026, 4:39:40 PM | Confidential - redistribution prohibited"
"Jan 28, 2025","USD/KES","129.2463","Rock Investment Bank | Licensed to kironjiemmanuel@gmail.com | Ref RIB-FEA52689EF55 | 10/6/2026, 4:39:40 PM | Confidential - redistribution prohibited"
"Jan 27, 2025","USD/KES","129.2533","Rock Investment Bank | Licensed to kironjiemmanuel@gmail.com | Ref RIB-FEA52689EF55 | 10/6/2026, 4:39:40 PM | Confidential - redistribution prohibited"
"Jan 26, 2025","USD/KES","129.2560","Rock Investment Bank | Licensed to kironjiemmanuel@gmail.com | Ref RIB-FEA52689EF55 | 10/6/2026, 4:39:40 PM | Confidential - redistribution prohibited"
"Jan 24, 2025","USD/KES","129.2625","Rock Investment Bank | Licensed to kironjiemmanuel@gmail.com | Ref RIB-FEA52689EF55 | 10/6/2026, 4:39:40 PM | Confidential - redistribution prohibited"
"Jan 23, 2025","USD/KES","129.2625","Rock Investment Bank | Licensed to kironjiemmanuel@gmail.com | Ref RIB-FEA52689EF55 | 10/6/2026, 4:39:40 PM | Confidential - redistribution prohibited"
"Jan 22, 2025","USD/KES","129.2794","Rock Investment Bank | Licensed to kironjiemmanuel@gmail.com | Ref RIB-FEA52689EF55 | 10/6/2026, 4:39:40 PM | Confidential - redistribution prohibited"
"Jan 21, 2025","USD/KES","129.4248","Rock Investment Bank | Licensed to kironjiemmanuel@gmail.com | Ref RIB-FEA52689EF55 | 10/6/2026, 4:39:40 PM | Confidential - redistribution prohibited"
"Jan 20, 2025","USD/KES","129.5648","Rock Investment Bank | Licensed to kironjiemmanuel@gmail.com | Ref RIB-FEA52689EF55 | 10/6/2026, 4:39:40 PM | Confidential - redistribution prohibited"
"Jan 19, 2025","USD/KES","129.5639","Rock Investment Bank | Licensed to kironjiemmanuel@gmail.com | Ref RIB-FEA52689EF55 | 10/6/2026, 4:39:40 PM | Confidential - redistribution prohibited"
"Jan 17, 2025","USD/KES","129.5699","Rock Investment Bank | Licensed to kironjiemmanuel@gmail.com | Ref RIB-FEA52689EF55 | 10/6/2026, 4:39:40 PM | Confidential - redistribution prohibited"
"Jan 16, 2025","USD/KES","129.5699","Rock Investment Bank | Licensed to kironjiemmanuel@gmail.com | Ref RIB-FEA52689EF55 | 10/6/2026, 4:39:40 PM | Confidential - redistribution prohibited"
"Jan 15, 2025","USD/KES","129.5370","Rock Investment Bank | Licensed to kironjiemmanuel@gmail.com | Ref RIB-FEA52689EF55 | 10/6/2026, 4:39:40 PM | Confidential - redistribution prohibited"
"Jan 14, 2025","USD/KES","129.4729","Rock Investment Bank | Licensed to kironjiemmanuel@gmail.com | Ref RIB-FEA52689EF55 | 10/6/2026, 4:39:40 PM | Confidential - redistribution prohibited"
"Jan 13, 2025","USD/KES","129.5006","Rock Investment Bank | Licensed to kironjiemmanuel@gmail.com | Ref RIB-FEA52689EF55 | 10/6/2026, 4:39:40 PM | Confidential - redistribution prohibited"
"Jan 12, 2025","USD/KES","129.4843","Rock Investment Bank | Licensed to kironjiemmanuel@gmail.com | Ref RIB-FEA52689EF55 | 10/6/2026, 4:39:40 PM | Confidential - redistribution prohibited"
"Jan 10, 2025","USD/KES","129.4860","Rock Investment Bank | Licensed to kironjiemmanuel@gmail.com | Ref RIB-FEA52689EF55 | 10/6/2026, 4:39:40 PM | Confidential - redistribution prohibited"
"Jan 9, 2025","USD/KES","129.4860","Rock Investment Bank | Licensed to kironjiemmanuel@gmail.com | Ref RIB-FEA52689EF55 | 10/6/2026, 4:39:40 PM | Confidential - redistribution prohibited"
"Jan 8, 2025","USD/KES","129.4688","Rock Investment Bank | Licensed to kironjiemmanuel@gmail.com | Ref RIB-FEA52689EF55 | 10/6/2026, 4:39:40 PM | Confidential - redistribution prohibited"
"Jan 7, 2025","USD/KES","129.4176","Rock Investment Bank | Licensed to kironjiemmanuel@gmail.com | Ref RIB-FEA52689EF55 | 10/6/2026, 4:39:40 PM | Confidential - redistribution prohibited"
"Jan 6, 2025","USD/KES","129.3805","Rock Investment Bank | Licensed to kironjiemmanuel@gmail.com | Ref RIB-FEA52689EF55 | 10/6/2026, 4:39:40 PM | Confidential - redistribution prohibited"
"Jan 5, 2025","USD/KES","129.3480","Rock Investment Bank | Licensed to kironjiemmanuel@gmail.com | Ref RIB-FEA52689EF55 | 10/6/2026, 4:39:40 PM | Confidential - redistribution prohibited"
"Jan 3, 2025","USD/KES","129.2894","Rock Investment Bank | Licensed to kironjiemmanuel@gmail.com | Ref RIB-FEA52689EF55 | 10/6/2026, 4:39:40 PM | Confidential - redistribution prohibited"
"Jan 2, 2025","USD/KES","129.2894","Rock Investment Bank | Licensed to kironjiemmanuel@gmail.com | Ref RIB-FEA52689EF55 | 10/6/2026, 4:39:40 PM | Confidential - redistribution prohibited"
"Jan 1, 2025","USD/KES","129.3060","Rock Investment Bank | Licensed to kironjiemmanuel@gmail.com | Ref RIB-FEA52689EF55 | 10/6/2026, 4:39:40 PM | Confidential - redistribution prohibited"
"Dec 31, 2024","USD/KES","129.2927","Rock Investment Bank | Licensed to kironjiemmanuel@gmail.com | Ref RIB-FEA52689EF55 | 10/6/2026, 4:39:40 PM | Confidential - redistribution prohibited"
"Dec 30, 2024","USD/KES","129.2927","Rock Investment Bank | Licensed to kironjiemmanuel@gmail.com | Ref RIB-FEA52689EF55 | 10/6/2026, 4:39:40 PM | Confidential - redistribution prohibited"
"Dec 29, 2024","USD/KES","129.2984","Rock Investment Bank | Licensed to kironjiemmanuel@gmail.com | Ref RIB-FEA52689EF55 | 10/6/2026, 4:39:40 PM | Confidential - redistribution prohibited"
"Dec 27, 2024","USD/KES","129.2909","Rock Investment Bank | Licensed to kironjiemmanuel@gmail.com | Ref RIB-FEA52689EF55 | 10/6/2026, 4:39:40 PM | Confidential - redistribution prohibited"
"Dec 26, 2024","USD/KES","129.2909","Rock Investment Bank | Licensed to kironjiemmanuel@gmail.com | Ref RIB-FEA52689EF55 | 10/6/2026, 4:39:40 PM | Confidential - redistribution prohibited"
"Dec 24, 2024","USD/KES","129.2988","Rock Investment Bank | Licensed to kironjiemmanuel@gmail.com | Ref RIB-FEA52689EF55 | 10/6/2026, 4:39:40 PM | Confidential - redistribution prohibited"
"Dec 23, 2024","USD/KES","129.2988","Rock Investment Bank | Licensed to kironjiemmanuel@gmail.com | Ref RIB-FEA52689EF55 | 10/6/2026, 4:39:40 PM | Confidential - redistribution prohibited"
"Dec 22, 2024","USD/KES","129.2978","Rock Investment Bank | Licensed to kironjiemmanuel@gmail.com | Ref RIB-FEA52689EF55 | 10/6/2026, 4:39:40 PM | Confidential - redistribution prohibited"
"Dec 20, 2024","USD/KES","129.2948","Rock Investment Bank | Licensed to kironjiemmanuel@gmail.com | Ref RIB-FEA52689EF55 | 10/6/2026, 4:39:40 PM | Confidential - redistribution prohibited"
"Dec 19, 2024","USD/KES","129.2948","Rock Investment Bank | Licensed to kironjiemmanuel@gmail.com | Ref RIB-FEA52689EF55 | 10/6/2026, 4:39:40 PM | Confidential - redistribution prohibited"
"Dec 18, 2024","USD/KES","129.2935","Rock Investment Bank | Licensed to kironjiemmanuel@gmail.com | Ref RIB-FEA52689EF55 | 10/6/2026, 4:39:40 PM | Confidential - redistribution prohibited"
"Dec 17, 2024","USD/KES","129.2906","Rock Investment Bank | Licensed to kironjiemmanuel@gmail.com | Ref RIB-FEA52689EF55 | 10/6/2026, 4:39:40 PM | Confidential - redistribution prohibited"
"Dec 16, 2024","USD/KES","129.2761","Rock Investment Bank | Licensed to kironjiemmanuel@gmail.com | Ref RIB-FEA52689EF55 | 10/6/2026, 4:39:40 PM | Confidential - redistribution prohibited"
"Dec 15, 2024","USD/KES","129.2922","Rock Investment Bank | Licensed to kironjiemmanuel@gmail.com | Ref RIB-FEA52689EF55 | 10/6/2026, 4:39:40 PM | Confidential - redistribution prohibited"
"Dec 13, 2024","USD/KES","129.2997","Rock Investment Bank | Licensed to kironjiemmanuel@gmail.com | Ref RIB-FEA52689EF55 | 10/6/2026, 4:39:40 PM | Confidential - redistribution prohibited"
"Dec 12, 2024","USD/KES","129.2997","Rock Investment Bank | Licensed to kironjiemmanuel@gmail.com | Ref RIB-FEA52689EF55 | 10/6/2026, 4:39:40 PM | Confidential - redistribution prohibited"
"Dec 11, 2024","USD/KES","129.3144","Rock Investment Bank | Licensed to kironjiemmanuel@gmail.com | Ref RIB-FEA52689EF55 | 10/6/2026, 4:39:40 PM | Confidential - redistribution prohibited"
"Dec 10, 2024","USD/KES","129.3144","Rock Investment Bank | Licensed to kironjiemmanuel@gmail.com | Ref RIB-FEA52689EF55 | 10/6/2026, 4:39:40 PM | Confidential - redistribution prohibited"
"Dec 9, 2024","USD/KES","129.3100","Rock Investment Bank | Licensed to kironjiemmanuel@gmail.com | Ref RIB-FEA52689EF55 | 10/6/2026, 4:39:40 PM | Confidential - redistribution prohibited"
"Dec 8, 2024","USD/KES","129.2984","Rock Investment Bank | Licensed to kironjiemmanuel@gmail.com | Ref RIB-FEA52689EF55 | 10/6/2026, 4:39:40 PM | Confidential - redistribution prohibited"
"Dec 6, 2024","USD/KES","129.3005","Rock Investment Bank | Licensed to kironjiemmanuel@gmail.com | Ref RIB-FEA52689EF55 | 10/6/2026, 4:39:40 PM | Confidential - redistribution prohibited"
"Dec 5, 2024","USD/KES","129.3005","Rock Investment Bank | Licensed to kironjiemmanuel@gmail.com | Ref RIB-FEA52689EF55 | 10/6/2026, 4:39:40 PM | Confidential - redistribution prohibited"
"Dec 4, 2024","USD/KES","129.3301","Rock Investment Bank | Licensed to kironjiemmanuel@gmail.com | Ref RIB-FEA52689EF55 | 10/6/2026, 4:39:40 PM | Confidential - redistribution prohibited"
"Dec 3, 2024","USD/KES","129.5931","Rock Investment Bank | Licensed to kironjiemmanuel@gmail.com | Ref RIB-FEA52689EF55 | 10/6/2026, 4:39:40 PM | Confidential - redistribution prohibited"
"Dec 2, 2024","USD/KES","129.7727","Rock Investment Bank | Licensed to kironjiemmanuel@gmail.com | Ref RIB-FEA52689EF55 | 10/6/2026, 4:39:40 PM | Confidential - redistribution prohibited"
"Dec 1, 2024","USD/KES","129.7568","Rock Investment Bank | Licensed to kironjiemmanuel@gmail.com | Ref RIB-FEA52689EF55 | 10/6/2026, 4:39:40 PM | Confidential - redistribution prohibited"
"Nov 29, 2024","USD/KES","129.6754","Rock Investment Bank | Licensed to kironjiemmanuel@gmail.com | Ref RIB-FEA52689EF55 | 10/6/2026, 4:39:40 PM | Confidential - redistribution prohibited"
"Nov 28, 2024","USD/KES","129.6754","Rock Investment Bank | Licensed to kironjiemmanuel@gmail.com | Ref RIB-FEA52689EF55 | 10/6/2026, 4:39:40 PM | Confidential - redistribution prohibited"
"Nov 27, 2024","USD/KES","129.6421","Rock Investment Bank | Licensed to kironjiemmanuel@gmail.com | Ref RIB-FEA52689EF55 | 10/6/2026, 4:39:40 PM | Confidential - redistribution prohibited"
"Nov 26, 2024","USD/KES","129.6126","Rock Investment Bank | Licensed to kironjiemmanuel@gmail.com | Ref RIB-FEA52689EF55 | 10/6/2026, 4:39:40 PM | Confidential - redistribution prohibited"
"Nov 25, 2024","USD/KES","129.5736","Rock Investment Bank | Licensed to kironjiemmanuel@gmail.com | Ref RIB-FEA52689EF55 | 10/6/2026, 4:39:40 PM | Confidential - redistribution prohibited"
"Nov 24, 2024","USD/KES","129.5559","Rock Investment Bank | Licensed to kironjiemmanuel@gmail.com | Ref RIB-FEA52689EF55 | 10/6/2026, 4:39:40 PM | Confidential - redistribution prohibited"
"Nov 22, 2024","USD/KES","129.5794","Rock Investment Bank | Licensed to kironjiemmanuel@gmail.com | Ref RIB-FEA52689EF55 | 10/6/2026, 4:39:40 PM | Confidential - redistribution prohibited"
"Nov 21, 2024","USD/KES","129.5794","Rock Investment Bank | Licensed to kironjiemmanuel@gmail.com | Ref RIB-FEA52689EF55 | 10/6/2026, 4:39:40 PM | Confidential - redistribution prohibited"
"Nov 20, 2024","USD/KES","129.5219","Rock Investment Bank | Licensed to kironjiemmanuel@gmail.com | Ref RIB-FEA52689EF55 | 10/6/2026, 4:39:40 PM | Confidential - redistribution prohibited"
"Nov 19, 2024","USD/KES","129.4946","Rock Investment Bank | Licensed to kironjiemmanuel@gmail.com | Ref RIB-FEA52689EF55 | 10/6/2026, 4:39:40 PM | Confidential - redistribution prohibited"
"Nov 18, 2024","USD/KES","129.5060","Rock Investment Bank | Licensed to kironjiemmanuel@gmail.com | Ref RIB-FEA52689EF55 | 10/6/2026, 4:39:40 PM | Confidential - redistribution prohibited"
"Nov 17, 2024","USD/KES","129.4311","Rock Investment Bank | Licensed to kironjiemmanuel@gmail.com | Ref RIB-FEA52689EF55 | 10/6/2026, 4:39:40 PM | Confidential - redistribution prohibited"
"Nov 15, 2024","USD/KES","129.3454","Rock Investment Bank | Licensed to kironjiemmanuel@gmail.com | Ref RIB-FEA52689EF55 | 10/6/2026, 4:39:40 PM | Confidential - redistribution prohibited"
"Nov 14, 2024","USD/KES","129.3454","Rock Investment Bank | Licensed to kironjiemmanuel@gmail.com | Ref RIB-FEA52689EF55 | 10/6/2026, 4:39:40 PM | Confidential - redistribution prohibited"
"Nov 13, 2024","USD/KES","129.3507","Rock Investment Bank | Licensed to kironjiemmanuel@gmail.com | Ref RIB-FEA52689EF55 | 10/6/2026, 4:39:40 PM | Confidential - redistribution prohibited"
"Nov 12, 2024","USD/KES","129.2549","Rock Investment Bank | Licensed to kironjiemmanuel@gmail.com | Ref RIB-FEA52689EF55 | 10/6/2026, 4:39:40 PM | Confidential - redistribution prohibited"
"Nov 11, 2024","USD/KES","129.2137","Rock Investment Bank | Licensed to kironjiemmanuel@gmail.com | Ref RIB-FEA52689EF55 | 10/6/2026, 4:39:40 PM | Confidential - redistribution prohibited"
"Nov 10, 2024","USD/KES","129.2255","Rock Investment Bank | Licensed to kironjiemmanuel@gmail.com | Ref RIB-FEA52689EF55 | 10/6/2026, 4:39:40 PM | Confidential - redistribution prohibited"
"Nov 8, 2024","USD/KES","129.2057","Rock Investment Bank | Licensed to kironjiemmanuel@gmail.com | Ref RIB-FEA52689EF55 | 10/6/2026, 4:39:40 PM | Confidential - redistribution prohibited"
"Nov 7, 2024","USD/KES","129.2057","Rock Investment Bank | Licensed to kironjiemmanuel@gmail.com | Ref RIB-FEA52689EF55 | 10/6/2026, 4:39:40 PM | Confidential - redistribution prohibited"
"Nov 6, 2024","USD/KES","129.1989","Rock Investment Bank | Licensed to kironjiemmanuel@gmail.com | Ref RIB-FEA52689EF55 | 10/6/2026, 4:39:40 PM | Confidential - redistribution prohibited"
"Nov 5, 2024","USD/KES","129.1978","Rock Investment Bank | Licensed to kironjiemmanuel@gmail.com | Ref RIB-FEA52689EF55 | 10/6/2026, 4:39:40 PM | Confidential - redistribution prohibited"
"Nov 4, 2024","USD/KES","129.1994","Rock Investment Bank | Licensed to kironjiemmanuel@gmail.com | Ref RIB-FEA52689EF55 | 10/6/2026, 4:39:40 PM | Confidential - redistribution prohibited"
"Nov 3, 2024","USD/KES","129.1886","Rock Investment Bank | Licensed to kironjiemmanuel@gmail.com | Ref RIB-FEA52689EF55 | 10/6/2026, 4:39:40 PM | Confidential - redistribution prohibited"
"Oct 31, 2024","USD/KES","129.1999","Rock Investment Bank | Licensed to kironjiemmanuel@gmail.com | Ref RIB-FEA52689EF55 | 10/6/2026, 4:39:40 PM | Confidential - redistribution prohibited"
"Oct 30, 2024","USD/KES","129.1999","Rock Investment Bank | Licensed to kironjiemmanuel@gmail.com | Ref RIB-FEA52689EF55 | 10/6/2026, 4:39:40 PM | Confidential - redistribution prohibited"
"Oct 29, 2024","USD/KES","129.1985","Rock Investment Bank | Licensed to kironjiemmanuel@gmail.com | Ref RIB-FEA52689EF55 | 10/6/2026, 4:39:40 PM | Confidential - redistribution prohibited"
"Oct 28, 2024","USD/KES","129.2007","Rock Investment Bank | Licensed to kironjiemmanuel@gmail.com | Ref RIB-FEA52689EF55 | 10/6/2026, 4:39:40 PM | Confidential - redistribution prohibited"
"Oct 27, 2024","USD/KES","129.1964","Rock Investment Bank | Licensed to kironjiemmanuel@gmail.com | Ref RIB-FEA52689EF55 | 10/6/2026, 4:39:40 PM | Confidential - redistribution prohibited"
"Oct 25, 2024","USD/KES","129.1966","Rock Investment Bank | Licensed to kironjiemmanuel@gmail.com | Ref RIB-FEA52689EF55 | 10/6/2026, 4:39:40 PM | Confidential - redistribution prohibited"
"Oct 24, 2024","USD/KES","129.1966","Rock Investment Bank | Licensed to kironjiemmanuel@gmail.com | Ref RIB-FEA52689EF55 | 10/6/2026, 4:39:40 PM | Confidential - redistribution prohibited"
"Oct 23, 2024","USD/KES","129.1985","Rock Investment Bank | Licensed to kironjiemmanuel@gmail.com | Ref RIB-FEA52689EF55 | 10/6/2026, 4:39:40 PM | Confidential - redistribution prohibited"
"Oct 22, 2024","USD/KES","129.1784","Rock Investment Bank | Licensed to kironjiemmanuel@gmail.com | Ref RIB-FEA52689EF55 | 10/6/2026, 4:39:40 PM | Confidential - redistribution prohibited"
"Oct 21, 2024","USD/KES","129.2084","Rock Investment Bank | Licensed to kironjiemmanuel@gmail.com | Ref RIB-FEA52689EF55 | 10/6/2026, 4:39:40 PM | Confidential - redistribution prohibited"
"Oct 18, 2024","USD/KES","129.2066","Rock Investment Bank | Licensed to kironjiemmanuel@gmail.com | Ref RIB-FEA52689EF55 | 10/6/2026, 4:39:40 PM | Confidential - redistribution prohibited"
"Oct 17, 2024","USD/KES","129.2066","Rock Investment Bank | Licensed to kironjiemmanuel@gmail.com | Ref RIB-FEA52689EF55 | 10/6/2026, 4:39:40 PM | Confidential - redistribution prohibited"
"Oct 16, 2024","USD/KES","129.1984","Rock Investment Bank | Licensed to kironjiemmanuel@gmail.com | Ref RIB-FEA52689EF55 | 10/6/2026, 4:39:40 PM | Confidential - redistribution prohibited"
"Oct 15, 2024","USD/KES","129.1987","Rock Investment Bank | Licensed to kironjiemmanuel@gmail.com | Ref RIB-FEA52689EF55 | 10/6/2026, 4:39:40 PM | Confidential - redistribution prohibited"
"Oct 14, 2024","USD/KES","129.1965","Rock Investment Bank | Licensed to kironjiemmanuel@gmail.com | Ref RIB-FEA52689EF55 | 10/6/2026, 4:39:40 PM | Confidential - redistribution prohibited"
"Oct 13, 2024","USD/KES","129.1955","Rock Investment Bank | Licensed to kironjiemmanuel@gmail.com | Ref RIB-FEA52689EF55 | 10/6/2026, 4:39:40 PM | Confidential - redistribution prohibited"
"Oct 11, 2024","USD/KES","129.1973","Rock Investment Bank | Licensed to kironjiemmanuel@gmail.com | Ref RIB-FEA52689EF55 | 10/6/2026, 4:39:40 PM | Confidential - redistribution prohibited"
"Oct 10, 2024","USD/KES","129.1973","Rock Investment Bank | Licensed to kironjiemmanuel@gmail.com | Ref RIB-FEA52689EF55 | 10/6/2026, 4:39:40 PM | Confidential - redistribution prohibited"
"Oct 9, 2024","USD/KES","129.1944","Rock Investment Bank | Licensed to kironjiemmanuel@gmail.com | Ref RIB-FEA52689EF55 | 10/6/2026, 4:39:40 PM | Confidential - redistribution prohibited"
"Oct 8, 2024","USD/KES","129.1944","Rock Investment Bank | Licensed to kironjiemmanuel@gmail.com | Ref RIB-FEA52689EF55 | 10/6/2026, 4:39:40 PM | Confidential - redistribution prohibited"
"Oct 7, 2024","USD/KES","129.1955","Rock Investment Bank | Licensed to kironjiemmanuel@gmail.com | Ref RIB-FEA52689EF55 | 10/6/2026, 4:39:40 PM | Confidential - redistribution prohibited"
"Oct 6, 2024","USD/KES","129.1947","Rock Investment Bank | Licensed to kironjiemmanuel@gmail.com | Ref RIB-FEA52689EF55 | 10/6/2026, 4:39:40 PM | Confidential - redistribution prohibited"
"Oct 4, 2024","USD/KES","129.1798","Rock Investment Bank | Licensed to kironjiemmanuel@gmail.com | Ref RIB-FEA52689EF55 | 10/6/2026, 4:39:40 PM | Confidential - redistribution prohibited"
"Oct 3, 2024","USD/KES","129.1798","Rock Investment Bank | Licensed to kironjiemmanuel@gmail.com | Ref RIB-FEA52689EF55 | 10/6/2026, 4:39:40 PM | Confidential - redistribution prohibited"
"Oct 2, 2024","USD/KES","129.1928","Rock Investment Bank | Licensed to kironjiemmanuel@gmail.com | Ref RIB-FEA52689EF55 | 10/6/2026, 4:39:40 PM | Confidential - redistribution prohibited"
"Oct 1, 2024","USD/KES","129.1988","Rock Investment Bank | Licensed to kironjiemmanuel@gmail.com | Ref RIB-FEA52689EF55 | 10/6/2026, 4:39:40 PM | Confidential - redistribution prohibited"
"Sep 30, 2024","USD/KES","129.1879","Rock Investment Bank | Licensed to kironjiemmanuel@gmail.com | Ref RIB-FEA52689EF55 | 10/6/2026, 4:39:40 PM | Confidential - redistribution prohibited"
"Sep 29, 2024","USD/KES","129.1957","Rock Investment Bank | Licensed to kironjiemmanuel@gmail.com | Ref RIB-FEA52689EF55 | 10/6/2026, 4:39:40 PM | Confidential - redistribution prohibited"
"Sep 27, 2024","USD/KES","129.1971","Rock Investment Bank | Licensed to kironjiemmanuel@gmail.com | Ref RIB-FEA52689EF55 | 10/6/2026, 4:39:40 PM | Confidential - redistribution prohibited"
"Sep 26, 2024","USD/KES","129.1971","Rock Investment Bank | Licensed to kironjiemmanuel@gmail.com | Ref RIB-FEA52689EF55 | 10/6/2026, 4:39:40 PM | Confidential - redistribution prohibited"
"Sep 25, 2024","USD/KES","129.1942","Rock Investment Bank | Licensed to kironjiemmanuel@gmail.com | Ref RIB-FEA52689EF55 | 10/6/2026, 4:39:40 PM | Confidential - redistribution prohibited"
"Sep 24, 2024","USD/KES","129.1863","Rock Investment Bank | Licensed to kironjiemmanuel@gmail.com | Ref RIB-FEA52689EF55 | 10/6/2026, 4:39:40 PM | Confidential - redistribution prohibited"
"Sep 23, 2024","USD/KES","129.1840","Rock Investment Bank | Licensed to kironjiemmanuel@gmail.com | Ref RIB-FEA52689EF55 | 10/6/2026, 4:39:40 PM | Confidential - redistribution prohibited"
"Sep 22, 2024","USD/KES","129.1962","Rock Investment Bank | Licensed to kironjiemmanuel@gmail.com | Ref RIB-FEA52689EF55 | 10/6/2026, 4:39:40 PM | Confidential - redistribution prohibited"
"Sep 20, 2024","USD/KES","129.1810","Rock Investment Bank | Licensed to kironjiemmanuel@gmail.com | Ref RIB-FEA52689EF55 | 10/6/2026, 4:39:40 PM | Confidential - redistribution prohibited"
"Sep 19, 2024","USD/KES","129.1810","Rock Investment Bank | Licensed to kironjiemmanuel@gmail.com | Ref RIB-FEA52689EF55 | 10/6/2026, 4:39:40 PM | Confidential - redistribution prohibited"
"Sep 18, 2024","USD/KES","129.2045","Rock Investment Bank | Licensed to kironjiemmanuel@gmail.com | Ref RIB-FEA52689EF55 | 10/6/2026, 4:39:40 PM | Confidential - redistribution prohibited"
"Sep 17, 2024","USD/KES","129.2928","Rock Investment Bank | Licensed to kironjiemmanuel@gmail.com | Ref RIB-FEA52689EF55 | 10/6/2026, 4:39:40 PM | Confidential - redistribution prohibited"
"Sep 16, 2024","USD/KES","129.3000","Rock Investment Bank | Licensed to kironjiemmanuel@gmail.com | Ref RIB-FEA52689EF55 | 10/6/2026, 4:39:40 PM | Confidential - redistribution prohibited"
"Sep 15, 2024","USD/KES","129.2738","Rock Investment Bank | Licensed to kironjiemmanuel@gmail.com | Ref RIB-FEA52689EF55 | 10/6/2026, 4:39:40 PM | Confidential - redistribution prohibited"
"Sep 13, 2024","USD/KES","129.1989","Rock Investment Bank | Licensed to kironjiemmanuel@gmail.com | Ref RIB-FEA52689EF55 | 10/6/2026, 4:39:40 PM | Confidential - redistribution prohibited"
"Sep 12, 2024","USD/KES","129.1989","Rock Investment Bank | Licensed to kironjiemmanuel@gmail.com | Ref RIB-FEA52689EF55 | 10/6/2026, 4:39:40 PM | Confidential - redistribution prohibited"
"Sep 11, 2024","USD/KES","129.1781","Rock Investment Bank | Licensed to kironjiemmanuel@gmail.com | Ref RIB-FEA52689EF55 | 10/6/2026, 4:39:40 PM | Confidential - redistribution prohibited"
"Sep 10, 2024","USD/KES","129.1860","Rock Investment Bank | Licensed to kironjiemmanuel@gmail.com | Ref RIB-FEA52689EF55 | 10/6/2026, 4:39:40 PM | Confidential - redistribution prohibited"
"Sep 9, 2024","USD/KES","129.1923","Rock Investment Bank | Licensed to kironjiemmanuel@gmail.com | Ref RIB-FEA52689EF55 | 10/6/2026, 4:39:40 PM | Confidential - redistribution prohibited"
"Sep 8, 2024","USD/KES","129.1970","Rock Investment Bank | Licensed to kironjiemmanuel@gmail.com | Ref RIB-FEA52689EF55 | 10/6/2026, 4:39:40 PM | Confidential - redistribution prohibited"
"Sep 6, 2024","USD/KES","129.1907","Rock Investment Bank | Licensed to kironjiemmanuel@gmail.com | Ref RIB-FEA52689EF55 | 10/6/2026, 4:39:40 PM | Confidential - redistribution prohibited"
"Sep 5, 2024","USD/KES","129.1907","Rock Investment Bank | Licensed to kironjiemmanuel@gmail.com | Ref RIB-FEA52689EF55 | 10/6/2026, 4:39:40 PM | Confidential - redistribution prohibited"
"Sep 4, 2024","USD/KES","129.1862","Rock Investment Bank | Licensed to kironjiemmanuel@gmail.com | Ref RIB-FEA52689EF55 | 10/6/2026, 4:39:40 PM | Confidential - redistribution prohibited"
"Sep 3, 2024","USD/KES","129.1876","Rock Investment Bank | Licensed to kironjiemmanuel@gmail.com | Ref RIB-FEA52689EF55 | 10/6/2026, 4:39:40 PM | Confidential - redistribution prohibited"
"Sep 2, 2024","USD/KES","129.1787","Rock Investment Bank | Licensed to kironjiemmanuel@gmail.com | Ref RIB-FEA52689EF55 | 10/6/2026, 4:39:40 PM | Confidential - redistribution prohibited"
"Sep 1, 2024","USD/KES","129.1921","Rock Investment Bank | Licensed to kironjiemmanuel@gmail.com | Ref RIB-FEA52689EF55 | 10/6/2026, 4:39:40 PM | Confidential - redistribution prohibited"
"Aug 30, 2024","USD/KES","129.1747","Rock Investment Bank | Licensed to kironjiemmanuel@gmail.com | Ref RIB-FEA52689EF55 | 10/6/2026, 4:39:40 PM | Confidential - redistribution prohibited"
"Aug 29, 2024","USD/KES","129.1747","Rock Investment Bank | Licensed to kironjiemmanuel@gmail.com | Ref RIB-FEA52689EF55 | 10/6/2026, 4:39:40 PM | Confidential - redistribution prohibited"
"Aug 28, 2024","USD/KES","129.0409","Rock Investment Bank | Licensed to kironjiemmanuel@gmail.com | Ref RIB-FEA52689EF55 | 10/6/2026, 4:39:40 PM | Confidential - redistribution prohibited"
"Aug 27, 2024","USD/KES","129.1614","Rock Investment Bank | Licensed to kironjiemmanuel@gmail.com | Ref RIB-FEA52689EF55 | 10/6/2026, 4:39:40 PM | Confidential - redistribution prohibited"
"Aug 26, 2024","USD/KES","129.1714","Rock Investment Bank | Licensed to kironjiemmanuel@gmail.com | Ref RIB-FEA52689EF55 | 10/6/2026, 4:39:40 PM | Confidential - redistribution prohibited"
"Aug 25, 2024","USD/KES","129.1846","Rock Investment Bank | Licensed to kironjiemmanuel@gmail.com | Ref RIB-FEA52689EF55 | 10/6/2026, 4:39:40 PM | Confidential - redistribution prohibited"
"Aug 23, 2024","USD/KES","129.0532","Rock Investment Bank | Licensed to kironjiemmanuel@gmail.com | Ref RIB-FEA52689EF55 | 10/6/2026, 4:39:40 PM | Confidential - redistribution prohibited"
"Aug 22, 2024","USD/KES","129.0532","Rock Investment Bank | Licensed to kironjiemmanuel@gmail.com | Ref RIB-FEA52689EF55 | 10/6/2026, 4:39:40 PM | Confidential - redistribution prohibited"
"Aug 21, 2024","USD/KES","129.0800","Rock Investment Bank | Licensed to kironjiemmanuel@gmail.com | Ref RIB-FEA52689EF55 | 10/6/2026, 4:39:40 PM | Confidential - redistribution prohibited"
"Aug 20, 2024","USD/KES","128.9765","Rock Investment Bank | Licensed to kironjiemmanuel@gmail.com | Ref RIB-FEA52689EF55 | 10/6/2026, 4:39:40 PM | Confidential - redistribution prohibited"
"Aug 19, 2024","USD/KES","129.0916","Rock Investment Bank | Licensed to kironjiemmanuel@gmail.com | Ref RIB-FEA52689EF55 | 10/6/2026, 4:39:40 PM | Confidential - redistribution prohibited"
"Aug 18, 2024","USD/KES","129.0649","Rock Investment Bank | Licensed to kironjiemmanuel@gmail.com | Ref RIB-FEA52689EF55 | 10/6/2026, 4:39:40 PM | Confidential - redistribution prohibited"
"Aug 16, 2024","USD/KES","129.1443","Rock Investment Bank | Licensed to kironjiemmanuel@gmail.com | Ref RIB-FEA52689EF55 | 10/6/2026, 4:39:40 PM | Confidential - redistribution prohibited"
"Aug 15, 2024","USD/KES","129.1443","Rock Investment Bank | Licensed to kironjiemmanuel@gmail.com | Ref RIB-FEA52689EF55 | 10/6/2026, 4:39:40 PM | Confidential - redistribution prohibited"
"Aug 14, 2024","USD/KES","129.2033","Rock Investment Bank | Licensed to kironjiemmanuel@gmail.com | Ref RIB-FEA52689EF55 | 10/6/2026, 4:39:40 PM | Confidential - redistribution prohibited"
"Aug 13, 2024","USD/KES","129.0600","Rock Investment Bank | Licensed to kironjiemmanuel@gmail.com | Ref RIB-FEA52689EF55 | 10/6/2026, 4:39:40 PM | Confidential - redistribution prohibited"
"Aug 12, 2024","USD/KES","129.3451","Rock Investment Bank | Licensed to kironjiemmanuel@gmail.com | Ref RIB-FEA52689EF55 | 10/6/2026, 4:39:40 PM | Confidential - redistribution prohibited"
"Aug 11, 2024","USD/KES","129.5436","Rock Investment Bank | Licensed to kironjiemmanuel@gmail.com | Ref RIB-FEA52689EF55 | 10/6/2026, 4:39:40 PM | Confidential - redistribution prohibited"
"Aug 9, 2024","USD/KES","129.2536","Rock Investment Bank | Licensed to kironjiemmanuel@gmail.com | Ref RIB-FEA52689EF55 | 10/6/2026, 4:39:40 PM | Confidential - redistribution prohibited"
"Aug 8, 2024","USD/KES","129.2536","Rock Investment Bank | Licensed to kironjiemmanuel@gmail.com | Ref RIB-FEA52689EF55 | 10/6/2026, 4:39:40 PM | Confidential - redistribution prohibited"
"Aug 7, 2024","USD/KES","129.4100","Rock Investment Bank | Licensed to kironjiemmanuel@gmail.com | Ref RIB-FEA52689EF55 | 10/6/2026, 4:39:40 PM | Confidential - redistribution prohibited"
"Aug 6, 2024","USD/KES","129.7907","Rock Investment Bank | Licensed to kironjiemmanuel@gmail.com | Ref RIB-FEA52689EF55 | 10/6/2026, 4:39:40 PM | Confidential - redistribution prohibited"
"Aug 5, 2024","USD/KES","130.1085","Rock Investment Bank | Licensed to kironjiemmanuel@gmail.com | Ref RIB-FEA52689EF55 | 10/6/2026, 4:39:40 PM | Confidential - redistribution prohibited"
"Aug 4, 2024","USD/KES","130.1570","Rock Investment Bank | Licensed to kironjiemmanuel@gmail.com | Ref RIB-FEA52689EF55 | 10/6/2026, 4:39:40 PM | Confidential - redistribution prohibited"
"Aug 2, 2024","USD/KES","129.9461","Rock Investment Bank | Licensed to kironjiemmanuel@gmail.com | Ref RIB-FEA52689EF55 | 10/6/2026, 4:39:40 PM | Confidential - redistribution prohibited"
"Aug 1, 2024","USD/KES","129.9461","Rock Investment Bank | Licensed to kironjiemmanuel@gmail.com | Ref RIB-FEA52689EF55 | 10/6/2026, 4:39:40 PM | Confidential - redistribution prohibited"
"Jul 31, 2024","USD/KES","129.1510","Rock Investment Bank | Licensed to kironjiemmanuel@gmail.com | Ref RIB-FEA52689EF55 | 10/6/2026, 4:39:40 PM | Confidential - redistribution prohibited"
"Jul 30, 2024","USD/KES","129.9225","Rock Investment Bank | Licensed to kironjiemmanuel@gmail.com | Ref RIB-FEA52689EF55 | 10/6/2026, 4:39:40 PM | Confidential - redistribution prohibited"
"Jul 29, 2024","USD/KES","130.6756","Rock Investment Bank | Licensed to kironjiemmanuel@gmail.com | Ref RIB-FEA52689EF55 | 10/6/2026, 4:39:40 PM | Confidential - redistribution prohibited"
"Jul 28, 2024","USD/KES","131.5746","Rock Investment Bank | Licensed to kironjiemmanuel@gmail.com | Ref RIB-FEA52689EF55 | 10/6/2026, 4:39:40 PM | Confidential - redistribution prohibited"
"Jul 26, 2024","USD/KES","132.5695","Rock Investment Bank | Licensed to kironjiemmanuel@gmail.com | Ref RIB-FEA52689EF55 | 10/6/2026, 4:39:40 PM | Confidential - redistribution prohibited"
"Jul 25, 2024","USD/KES","132.5695","Rock Investment Bank | Licensed to kironjiemmanuel@gmail.com | Ref RIB-FEA52689EF55 | 10/6/2026, 4:39:40 PM | Confidential - redistribution prohibited"
"Jul 24, 2024","USD/KES","132.2195","Rock Investment Bank | Licensed to kironjiemmanuel@gmail.com | Ref RIB-FEA52689EF55 | 10/6/2026, 4:39:40 PM | Confidential - redistribution prohibited"
"Jul 23, 2024","USD/KES","131.0515","Rock Investment Bank | Licensed to kironjiemmanuel@gmail.com | Ref RIB-FEA52689EF55 | 10/6/2026, 4:39:40 PM | Confidential - redistribution prohibited"
"Jul 22, 2024","USD/KES","130.8862","Rock Investment Bank | Licensed to kironjiemmanuel@gmail.com | Ref RIB-FEA52689EF55 | 10/6/2026, 4:39:40 PM | Confidential - redistribution prohibited"
"Jul 21, 2024","USD/KES","130.7299","Rock Investment Bank | Licensed to kironjiemmanuel@gmail.com | Ref RIB-FEA52689EF55 | 10/6/2026, 4:39:40 PM | Confidential - redistribution prohibited"
"Jul 19, 2024","USD/KES","130.4669","Rock Investment Bank | Licensed to kironjiemmanuel@gmail.com | Ref RIB-FEA52689EF55 | 10/6/2026, 4:39:40 PM | Confidential - redistribution prohibited"
"Jul 18, 2024","USD/KES","130.4669","Rock Investment Bank | Licensed to kironjiemmanuel@gmail.com | Ref RIB-FEA52689EF55 | 10/6/2026, 4:39:40 PM | Confidential - redistribution prohibited"
"Jul 17, 2024","USD/KES","129.9895","Rock Investment Bank | Licensed to kironjiemmanuel@gmail.com | Ref RIB-FEA52689EF55 | 10/6/2026, 4:39:40 PM | Confidential - redistribution prohibited"
"Jul 16, 2024","USD/KES","129.5854","Rock Investment Bank | Licensed to kironjiemmanuel@gmail.com | Ref RIB-FEA52689EF55 | 10/6/2026, 4:39:40 PM | Confidential - redistribution prohibited"
"Jul 15, 2024","USD/KES","129.6316","Rock Investment Bank | Licensed to kironjiemmanuel@gmail.com | Ref RIB-FEA52689EF55 | 10/6/2026, 4:39:40 PM | Confidential - redistribution prohibited"
"Jul 14, 2024","USD/KES","129.5579","Rock Investment Bank | Licensed to kironjiemmanuel@gmail.com | Ref RIB-FEA52689EF55 | 10/6/2026, 4:39:40 PM | Confidential - redistribution prohibited"
"Jul 12, 2024","USD/KES","129.2570","Rock Investment Bank | Licensed to kironjiemmanuel@gmail.com | Ref RIB-FEA52689EF55 | 10/6/2026, 4:39:40 PM | Confidential - redistribution prohibited"
"Jul 11, 2024","USD/KES","129.2570","Rock Investment Bank | Licensed to kironjiemmanuel@gmail.com | Ref RIB-FEA52689EF55 | 10/6/2026, 4:39:40 PM | Confidential - redistribution prohibited"
"Jul 10, 2024","USD/KES","128.9824","Rock Investment Bank | Licensed to kironjiemmanuel@gmail.com | Ref RIB-FEA52689EF55 | 10/6/2026, 4:39:40 PM | Confidential - redistribution prohibited"
"Jul 9, 2024","USD/KES","128.6068","Rock Investment Bank | Licensed to kironjiemmanuel@gmail.com | Ref RIB-FEA52689EF55 | 10/6/2026, 4:39:40 PM | Confidential - redistribution prohibited"
"Jul 8, 2024","USD/KES","128.5290","Rock Investment Bank | Licensed to kironjiemmanuel@gmail.com | Ref RIB-FEA52689EF55 | 10/6/2026, 4:39:40 PM | Confidential - redistribution prohibited"
"Jul 7, 2024","USD/KES","128.5046","Rock Investment Bank | Licensed to kironjiemmanuel@gmail.com | Ref RIB-FEA52689EF55 | 10/6/2026, 4:39:40 PM | Confidential - redistribution prohibited"
"Jul 5, 2024","USD/KES","128.4678","Rock Investment Bank | Licensed to kironjiemmanuel@gmail.com | Ref RIB-FEA52689EF55 | 10/6/2026, 4:39:40 PM | Confidential - redistribution prohibited"
"Jul 4, 2024","USD/KES","128.4678","Rock Investment Bank | Licensed to kironjiemmanuel@gmail.com | Ref RIB-FEA52689EF55 | 10/6/2026, 4:39:40 PM | Confidential - redistribution prohibited"
"Jul 3, 2024","USD/KES","128.7077","Rock Investment Bank | Licensed to kironjiemmanuel@gmail.com | Ref RIB-FEA52689EF55 | 10/6/2026, 4:39:40 PM | Confidential - redistribution prohibited"
"Jul 2, 2024","USD/KES","128.7004","Rock Investment Bank | Licensed to kironjiemmanuel@gmail.com | Ref RIB-FEA52689EF55 | 10/6/2026, 4:39:40 PM | Confidential - redistribution prohibited"
"Jul 1, 2024","USD/KES","128.8970","Rock Investment Bank | Licensed to kironjiemmanuel@gmail.com | Ref RIB-FEA52689EF55 | 10/6/2026, 4:39:40 PM | Confidential - redistribution prohibited"
"Jun 30, 2024","USD/KES","129.5228","Rock Investment Bank | Licensed to kironjiemmanuel@gmail.com | Ref RIB-FEA52689EF55 | 10/6/2026, 4:39:40 PM | Confidential - redistribution prohibited"
"Jun 28, 2024","USD/KES","129.5270","Rock Investment Bank | Licensed to kironjiemmanuel@gmail.com | Ref RIB-FEA52689EF55 | 10/6/2026, 4:39:40 PM | Confidential - redistribution prohibited"
"Jun 27, 2024","USD/KES","129.5270","Rock Investment Bank | Licensed to kironjiemmanuel@gmail.com | Ref RIB-FEA52689EF55 | 10/6/2026, 4:39:40 PM | Confidential - redistribution prohibited"
"Jun 26, 2024","USD/KES","129.1497","Rock Investment Bank | Licensed to kironjiemmanuel@gmail.com | Ref RIB-FEA52689EF55 | 10/6/2026, 4:39:40 PM | Confidential - redistribution prohibited"
"Jun 25, 2024","USD/KES","128.7633","Rock Investment Bank | Licensed to kironjiemmanuel@gmail.com | Ref RIB-FEA52689EF55 | 10/6/2026, 4:39:40 PM | Confidential - redistribution prohibited"
"Jun 24, 2024","USD/KES","128.6990","Rock Investment Bank | Licensed to kironjiemmanuel@gmail.com | Ref RIB-FEA52689EF55 | 10/6/2026, 4:39:40 PM | Confidential - redistribution prohibited"
"Jun 23, 2024","USD/KES","128.6365","Rock Investment Bank | Licensed to kironjiemmanuel@gmail.com | Ref RIB-FEA52689EF55 | 10/6/2026, 4:39:40 PM | Confidential - redistribution prohibited"
"Jun 21, 2024","USD/KES","128.5537","Rock Investment Bank | Licensed to kironjiemmanuel@gmail.com | Ref RIB-FEA52689EF55 | 10/6/2026, 4:39:40 PM | Confidential - redistribution prohibited"
"Jun 20, 2024","USD/KES","128.5537","Rock Investment Bank | Licensed to kironjiemmanuel@gmail.com | Ref RIB-FEA52689EF55 | 10/6/2026, 4:39:40 PM | Confidential - redistribution prohibited"
"Jun 19, 2024","USD/KES","128.6524","Rock Investment Bank | Licensed to kironjiemmanuel@gmail.com | Ref RIB-FEA52689EF55 | 10/6/2026, 4:39:40 PM | Confidential - redistribution prohibited"
"Jun 18, 2024","USD/KES","128.7840","Rock Investment Bank | Licensed to kironjiemmanuel@gmail.com | Ref RIB-FEA52689EF55 | 10/6/2026, 4:39:40 PM | Confidential - redistribution prohibited"
"Jun 17, 2024","USD/KES","128.7755","Rock Investment Bank | Licensed to kironjiemmanuel@gmail.com | Ref RIB-FEA52689EF55 | 10/6/2026, 4:39:40 PM | Confidential - redistribution prohibited"
"Jun 14, 2024","USD/KES","128.6587","Rock Investment Bank | Licensed to kironjiemmanuel@gmail.com | Ref RIB-FEA52689EF55 | 10/6/2026, 4:39:40 PM | Confidential - redistribution prohibited"
"Jun 13, 2024","USD/KES","128.6587","Rock Investment Bank | Licensed to kironjiemmanuel@gmail.com | Ref RIB-FEA52689EF55 | 10/6/2026, 4:39:40 PM | Confidential - redistribution prohibited"
"Jun 12, 2024","USD/KES","128.4630","Rock Investment Bank | Licensed to kironjiemmanuel@gmail.com | Ref RIB-FEA52689EF55 | 10/6/2026, 4:39:40 PM | Confidential - redistribution prohibited"
"Jun 11, 2024","USD/KES","129.2341","Rock Investment Bank | Licensed to kironjiemmanuel@gmail.com | Ref RIB-FEA52689EF55 | 10/6/2026, 4:39:40 PM | Confidential - redistribution prohibited"
"Jun 10, 2024","USD/KES","129.6477","Rock Investment Bank | Licensed to kironjiemmanuel@gmail.com | Ref RIB-FEA52689EF55 | 10/6/2026, 4:39:40 PM | Confidential - redistribution prohibited"
"Jun 9, 2024","USD/KES","129.3960","Rock Investment Bank | Licensed to kironjiemmanuel@gmail.com | Ref RIB-FEA52689EF55 | 10/6/2026, 4:39:40 PM | Confidential - redistribution prohibited"
"Jun 7, 2024","USD/KES","130.0433","Rock Investment Bank | Licensed to kironjiemmanuel@gmail.com | Ref RIB-FEA52689EF55 | 10/6/2026, 4:39:40 PM | Confidential - redistribution prohibited"
"Jun 6, 2024","USD/KES","130.0433","Rock Investment Bank | Licensed to kironjiemmanuel@gmail.com | Ref RIB-FEA52689EF55 | 10/6/2026, 4:39:40 PM | Confidential - redistribution prohibited"
"Jun 5, 2024","USD/KES","130.7163","Rock Investment Bank | Licensed to kironjiemmanuel@gmail.com | Ref RIB-FEA52689EF55 | 10/6/2026, 4:39:40 PM | Confidential - redistribution prohibited"
"Jun 4, 2024","USD/KES","131.0338","Rock Investment Bank | Licensed to kironjiemmanuel@gmail.com | Ref RIB-FEA52689EF55 | 10/6/2026, 4:39:40 PM | Confidential - redistribution prohibited"
"Jun 3, 2024","USD/KES","130.7398","Rock Investment Bank | Licensed to kironjiemmanuel@gmail.com | Ref RIB-FEA52689EF55 | 10/6/2026, 4:39:40 PM | Confidential - redistribution prohibited"
"Jun 2, 2024","USD/KES","130.4737","Rock Investment Bank | Licensed to kironjiemmanuel@gmail.com | Ref RIB-FEA52689EF55 | 10/6/2026, 4:39:40 PM | Confidential - redistribution prohibited"
"May 31, 2024","USD/KES","130.2333","Rock Investment Bank | Licensed to kironjiemmanuel@gmail.com | Ref RIB-FEA52689EF55 | 10/6/2026, 4:39:40 PM | Confidential - redistribution prohibited"
"May 30, 2024","USD/KES","130.2333","Rock Investment Bank | Licensed to kironjiemmanuel@gmail.com | Ref RIB-FEA52689EF55 | 10/6/2026, 4:39:40 PM | Confidential - redistribution prohibited"
"May 29, 2024","USD/KES","131.8700","Rock Investment Bank | Licensed to kironjiemmanuel@gmail.com | Ref RIB-FEA52689EF55 | 10/6/2026, 4:39:40 PM | Confidential - redistribution prohibited"
"May 28, 2024","USD/KES","132.7129","Rock Investment Bank | Licensed to kironjiemmanuel@gmail.com | Ref RIB-FEA52689EF55 | 10/6/2026, 4:39:40 PM | Confidential - redistribution prohibited"
"May 27, 2024","USD/KES","132.4123","Rock Investment Bank | Licensed to kironjiemmanuel@gmail.com | Ref RIB-FEA52689EF55 | 10/6/2026, 4:39:40 PM | Confidential - redistribution prohibited"
"May 26, 2024","USD/KES","132.0312","Rock Investment Bank | Licensed to kironjiemmanuel@gmail.com | Ref RIB-FEA52689EF55 | 10/6/2026, 4:39:40 PM | Confidential - redistribution prohibited"
"May 24, 2024","USD/KES","131.7262","Rock Investment Bank | Licensed to kironjiemmanuel@gmail.com | Ref RIB-FEA52689EF55 | 10/6/2026, 4:39:40 PM | Confidential - redistribution prohibited"
"May 23, 2024","USD/KES","131.7262","Rock Investment Bank | Licensed to kironjiemmanuel@gmail.com | Ref RIB-FEA52689EF55 | 10/6/2026, 4:39:40 PM | Confidential - redistribution prohibited"
"May 22, 2024","USD/KES","131.3595","Rock Investment Bank | Licensed to kironjiemmanuel@gmail.com | Ref RIB-FEA52689EF55 | 10/6/2026, 4:39:40 PM | Confidential - redistribution prohibited"
"May 21, 2024","USD/KES","131.1404","Rock Investment Bank | Licensed to kironjiemmanuel@gmail.com | Ref RIB-FEA52689EF55 | 10/6/2026, 4:39:40 PM | Confidential - redistribution prohibited"
"May 20, 2024","USD/KES","131.1970","Rock Investment Bank | Licensed to kironjiemmanuel@gmail.com | Ref RIB-FEA52689EF55 | 10/6/2026, 4:39:40 PM | Confidential - redistribution prohibited"
"May 19, 2024","USD/KES","130.9888","Rock Investment Bank | Licensed to kironjiemmanuel@gmail.com | Ref RIB-FEA52689EF55 | 10/6/2026, 4:39:40 PM | Confidential - redistribution prohibited"
"May 17, 2024","USD/KES","130.7288","Rock Investment Bank | Licensed to kironjiemmanuel@gmail.com | Ref RIB-FEA52689EF55 | 10/6/2026, 4:39:40 PM | Confidential - redistribution prohibited"
"May 16, 2024","USD/KES","130.7288","Rock Investment Bank | Licensed to kironjiemmanuel@gmail.com | Ref RIB-FEA52689EF55 | 10/6/2026, 4:39:40 PM | Confidential - redistribution prohibited"
"May 15, 2024","USD/KES","130.4771","Rock Investment Bank | Licensed to kironjiemmanuel@gmail.com | Ref RIB-FEA52689EF55 | 10/6/2026, 4:39:40 PM | Confidential - redistribution prohibited"
"May 14, 2024","USD/KES","130.6048","Rock Investment Bank | Licensed to kironjiemmanuel@gmail.com | Ref RIB-FEA52689EF55 | 10/6/2026, 4:39:40 PM | Confidential - redistribution prohibited"
"May 13, 2024","USD/KES","130.7787","Rock Investment Bank | Licensed to kironjiemmanuel@gmail.com | Ref RIB-FEA52689EF55 | 10/6/2026, 4:39:40 PM | Confidential - redistribution prohibited"
"May 12, 2024","USD/KES","131.2136","Rock Investment Bank | Licensed to kironjiemmanuel@gmail.com | Ref RIB-FEA52689EF55 | 10/6/2026, 4:39:40 PM | Confidential - redistribution prohibited"
"May 9, 2024","USD/KES","131.2532","Rock Investment Bank | Licensed to kironjiemmanuel@gmail.com | Ref RIB-FEA52689EF55 | 10/6/2026, 4:39:40 PM | Confidential - redistribution prohibited"
"May 8, 2024","USD/KES","131.2532","Rock Investment Bank | Licensed to kironjiemmanuel@gmail.com | Ref RIB-FEA52689EF55 | 10/6/2026, 4:39:40 PM | Confidential - redistribution prohibited"
"May 7, 2024","USD/KES","132.3973","Rock Investment Bank | Licensed to kironjiemmanuel@gmail.com | Ref RIB-FEA52689EF55 | 10/6/2026, 4:39:40 PM | Confidential - redistribution prohibited"
"May 6, 2024","USD/KES","133.0434","Rock Investment Bank | Licensed to kironjiemmanuel@gmail.com | Ref RIB-FEA52689EF55 | 10/6/2026, 4:39:40 PM | Confidential - redistribution prohibited"
"May 5, 2024","USD/KES","133.0500","Rock Investment Bank | Licensed to kironjiemmanuel@gmail.com | Ref RIB-FEA52689EF55 | 10/6/2026, 4:39:40 PM | Confidential - redistribution prohibited"
"May 3, 2024","USD/KES","133.0844","Rock Investment Bank | Licensed to kironjiemmanuel@gmail.com | Ref RIB-FEA52689EF55 | 10/6/2026, 4:39:40 PM | Confidential - redistribution prohibited"
"May 2, 2024","USD/KES","133.0844","Rock Investment Bank | Licensed to kironjiemmanuel@gmail.com | Ref RIB-FEA52689EF55 | 10/6/2026, 4:39:40 PM | Confidential - redistribution prohibited"
"May 1, 2024","USD/KES","133.1980","Rock Investment Bank | Licensed to kironjiemmanuel@gmail.com | Ref RIB-FEA52689EF55 | 10/6/2026, 4:39:40 PM | Confidential - redistribution prohibited"
"Apr 30, 2024","USD/KES","133.2789","Rock Investment Bank | Licensed to kironjiemmanuel@gmail.com | Ref RIB-FEA52689EF55 | 10/6/2026, 4:39:40 PM | Confidential - redistribution prohibited"
"Apr 29, 2024","USD/KES","133.2789","Rock Investment Bank | Licensed to kironjiemmanuel@gmail.com | Ref RIB-FEA52689EF55 | 10/6/2026, 4:39:40 PM | Confidential - redistribution prohibited"
"Apr 28, 2024","USD/KES","133.3400","Rock Investment Bank | Licensed to kironjiemmanuel@gmail.com | Ref RIB-FEA52689EF55 | 10/6/2026, 4:39:40 PM | Confidential - redistribution prohibited"
"Apr 26, 2024","USD/KES","133.4697","Rock Investment Bank | Licensed to kironjiemmanuel@gmail.com | Ref RIB-FEA52689EF55 | 10/6/2026, 4:39:40 PM | Confidential - redistribution prohibited"
"Apr 25, 2024","USD/KES","133.4697","Rock Investment Bank | Licensed to kironjiemmanuel@gmail.com | Ref RIB-FEA52689EF55 | 10/6/2026, 4:39:40 PM | Confidential - redistribution prohibited"
"Apr 24, 2024","USD/KES","133.1628","Rock Investment Bank | Licensed to kironjiemmanuel@gmail.com | Ref RIB-FEA52689EF55 | 10/6/2026, 4:39:40 PM | Confidential - redistribution prohibited"
"Apr 23, 2024","USD/KES","132.6271","Rock Investment Bank | Licensed to kironjiemmanuel@gmail.com | Ref RIB-FEA52689EF55 | 10/6/2026, 4:39:40 PM | Confidential - redistribution prohibited"
"Apr 22, 2024","USD/KES","132.3003","Rock Investment Bank | Licensed to kironjiemmanuel@gmail.com | Ref RIB-FEA52689EF55 | 10/6/2026, 4:39:40 PM | Confidential - redistribution prohibited"
"Apr 21, 2024","USD/KES","131.7896","Rock Investment Bank | Licensed to kironjiemmanuel@gmail.com | Ref RIB-FEA52689EF55 | 10/6/2026, 4:39:40 PM | Confidential - redistribution prohibited"
"Apr 19, 2024","USD/KES","131.4359","Rock Investment Bank | Licensed to kironjiemmanuel@gmail.com | Ref RIB-FEA52689EF55 | 10/6/2026, 4:39:40 PM | Confidential - redistribution prohibited"
"Apr 18, 2024","USD/KES","131.4359","Rock Investment Bank | Licensed to kironjiemmanuel@gmail.com | Ref RIB-FEA52689EF55 | 10/6/2026, 4:39:40 PM | Confidential - redistribution prohibited"
"Apr 17, 2024","USD/KES","131.3650","Rock Investment Bank | Licensed to kironjiemmanuel@gmail.com | Ref RIB-FEA52689EF55 | 10/6/2026, 4:39:40 PM | Confidential - redistribution prohibited"
"Apr 16, 2024","USD/KES","131.0169","Rock Investment Bank | Licensed to kironjiemmanuel@gmail.com | Ref RIB-FEA52689EF55 | 10/6/2026, 4:39:40 PM | Confidential - redistribution prohibited"
"Apr 15, 2024","USD/KES","130.7749","Rock Investment Bank | Licensed to kironjiemmanuel@gmail.com | Ref RIB-FEA52689EF55 | 10/6/2026, 4:39:40 PM | Confidential - redistribution prohibited"
"Apr 14, 2024","USD/KES","130.4436","Rock Investment Bank | Licensed to kironjiemmanuel@gmail.com | Ref RIB-FEA52689EF55 | 10/6/2026, 4:39:40 PM | Confidential - redistribution prohibited"
"Apr 12, 2024","USD/KES","130.3514","Rock Investment Bank | Licensed to kironjiemmanuel@gmail.com | Ref RIB-FEA52689EF55 | 10/6/2026, 4:39:40 PM | Confidential - redistribution prohibited"
"Apr 11, 2024","USD/KES","130.3514","Rock Investment Bank | Licensed to kironjiemmanuel@gmail.com | Ref RIB-FEA52689EF55 | 10/6/2026, 4:39:40 PM | Confidential - redistribution prohibited"
"Apr 10, 2024","USD/KES","130.3898","Rock Investment Bank | Licensed to kironjiemmanuel@gmail.com | Ref RIB-FEA52689EF55 | 10/6/2026, 4:39:40 PM | Confidential - redistribution prohibited"
"Apr 9, 2024","USD/KES","130.2203","Rock Investment Bank | Licensed to kironjiemmanuel@gmail.com | Ref RIB-FEA52689EF55 | 10/6/2026, 4:39:40 PM | Confidential - redistribution prohibited"
"Apr 8, 2024","USD/KES","130.2203","Rock Investment Bank | Licensed to kironjiemmanuel@gmail.com | Ref RIB-FEA52689EF55 | 10/6/2026, 4:39:40 PM | Confidential - redistribution prohibited"
"Apr 7, 2024","USD/KES","130.4655","Rock Investment Bank | Licensed to kironjiemmanuel@gmail.com | Ref RIB-FEA52689EF55 | 10/6/2026, 4:39:40 PM | Confidential - redistribution prohibited"
"Apr 5, 2024","USD/KES","130.7443","Rock Investment Bank | Licensed to kironjiemmanuel@gmail.com | Ref RIB-FEA52689EF55 | 10/6/2026, 4:39:40 PM | Confidential - redistribution prohibited"
"Apr 4, 2024","USD/KES","130.7443","Rock Investment Bank | Licensed to kironjiemmanuel@gmail.com | Ref RIB-FEA52689EF55 | 10/6/2026, 4:39:40 PM | Confidential - redistribution prohibited"
"Apr 3, 2024","USD/KES","131.1675","Rock Investment Bank | Licensed to kironjiemmanuel@gmail.com | Ref RIB-FEA52689EF55 | 10/6/2026, 4:39:40 PM | Confidential - redistribution prohibited"
"Apr 2, 2024","USD/KES","131.4892","Rock Investment Bank | Licensed to kironjiemmanuel@gmail.com | Ref RIB-FEA52689EF55 | 10/6/2026, 4:39:40 PM | Confidential - redistribution prohibited"
"Apr 1, 2024","USD/KES","131.5609","Rock Investment Bank | Licensed to kironjiemmanuel@gmail.com | Ref RIB-FEA52689EF55 | 10/6/2026, 4:39:40 PM | Confidential - redistribution prohibited"
"Mar 28, 2024","USD/KES","131.8005","Rock Investment Bank | Licensed to kironjiemmanuel@gmail.com | Ref RIB-FEA52689EF55 | 10/6/2026, 4:39:40 PM | Confidential - redistribution prohibited"
"Mar 27, 2024","USD/KES","131.8005","Rock Investment Bank | Licensed to kironjiemmanuel@gmail.com | Ref RIB-FEA52689EF55 | 10/6/2026, 4:39:40 PM | Confidential - redistribution prohibited"
"Mar 26, 2024","USD/KES","132.0565","Rock Investment Bank | Licensed to kironjiemmanuel@gmail.com | Ref RIB-FEA52689EF55 | 10/6/2026, 4:39:40 PM | Confidential - redistribution prohibited"
"Mar 25, 2024","USD/KES","132.4280","Rock Investment Bank | Licensed to kironjiemmanuel@gmail.com | Ref RIB-FEA52689EF55 | 10/6/2026, 4:39:40 PM | Confidential - redistribution prohibited"
"Mar 24, 2024","USD/KES","132.6741","Rock Investment Bank | Licensed to kironjiemmanuel@gmail.com | Ref RIB-FEA52689EF55 | 10/6/2026, 4:39:40 PM | Confidential - redistribution prohibited"
"Mar 22, 2024","USD/KES","132.9222","Rock Investment Bank | Licensed to kironjiemmanuel@gmail.com | Ref RIB-FEA52689EF55 | 10/6/2026, 4:39:40 PM | Confidential - redistribution prohibited"
"Mar 21, 2024","USD/KES","132.9222","Rock Investment Bank | Licensed to kironjiemmanuel@gmail.com | Ref RIB-FEA52689EF55 | 10/6/2026, 4:39:40 PM | Confidential - redistribution prohibited"
"Mar 20, 2024","USD/KES","133.0671","Rock Investment Bank | Licensed to kironjiemmanuel@gmail.com | Ref RIB-FEA52689EF55 | 10/6/2026, 4:39:40 PM | Confidential - redistribution prohibited"
"Mar 19, 2024","USD/KES","133.2675","Rock Investment Bank | Licensed to kironjiemmanuel@gmail.com | Ref RIB-FEA52689EF55 | 10/6/2026, 4:39:40 PM | Confidential - redistribution prohibited"
"Mar 18, 2024","USD/KES","133.9955","Rock Investment Bank | Licensed to kironjiemmanuel@gmail.com | Ref RIB-FEA52689EF55 | 10/6/2026, 4:39:40 PM | Confidential - redistribution prohibited"
"Mar 17, 2024","USD/KES","134.5843","Rock Investment Bank | Licensed to kironjiemmanuel@gmail.com | Ref RIB-FEA52689EF55 | 10/6/2026, 4:39:40 PM | Confidential - redistribution prohibited"
"Mar 15, 2024","USD/KES","135.1470","Rock Investment Bank | Licensed to kironjiemmanuel@gmail.com | Ref RIB-FEA52689EF55 | 10/6/2026, 4:39:40 PM | Confidential - redistribution prohibited"
"Mar 14, 2024","USD/KES","135.1470","Rock Investment Bank | Licensed to kironjiemmanuel@gmail.com | Ref RIB-FEA52689EF55 | 10/6/2026, 4:39:40 PM | Confidential - redistribution prohibited"
"Mar 13, 2024","USD/KES","137.4940","Rock Investment Bank | Licensed to kironjiemmanuel@gmail.com | Ref RIB-FEA52689EF55 | 10/6/2026, 4:39:40 PM | Confidential - redistribution prohibited"
"Mar 12, 2024","USD/KES","138.8010","Rock Investment Bank | Licensed to kironjiemmanuel@gmail.com | Ref RIB-FEA52689EF55 | 10/6/2026, 4:39:40 PM | Confidential - redistribution prohibited"
"Mar 11, 2024","USD/KES","139.4919","Rock Investment Bank | Licensed to kironjiemmanuel@gmail.com | Ref RIB-FEA52689EF55 | 10/6/2026, 4:39:40 PM | Confidential - redistribution prohibited"
"Mar 10, 2024","USD/KES","140.4357","Rock Investment Bank | Licensed to kironjiemmanuel@gmail.com | Ref RIB-FEA52689EF55 | 10/6/2026, 4:39:40 PM | Confidential - redistribution prohibited"
"Mar 8, 2024","USD/KES","142.8013","Rock Investment Bank | Licensed to kironjiemmanuel@gmail.com | Ref RIB-FEA52689EF55 | 10/6/2026, 4:39:40 PM | Confidential - redistribution prohibited"
"Mar 7, 2024","USD/KES","142.8013","Rock Investment Bank | Licensed to kironjiemmanuel@gmail.com | Ref RIB-FEA52689EF55 | 10/6/2026, 4:39:40 PM | Confidential - redistribution prohibited"
"Mar 6, 2024","USD/KES","142.0117","Rock Investment Bank | Licensed to kironjiemmanuel@gmail.com | Ref RIB-FEA52689EF55 | 10/6/2026, 4:39:40 PM | Confidential - redistribution prohibited"
"Mar 5, 2024","USD/KES","142.8287","Rock Investment Bank | Licensed to kironjiemmanuel@gmail.com | Ref RIB-FEA52689EF55 | 10/6/2026, 4:39:40 PM | Confidential - redistribution prohibited"
"Mar 4, 2024","USD/KES","143.8251","Rock Investment Bank | Licensed to kironjiemmanuel@gmail.com | Ref RIB-FEA52689EF55 | 10/6/2026, 4:39:40 PM | Confidential - redistribution prohibited"
"Mar 3, 2024","USD/KES","143.8630","Rock Investment Bank | Licensed to kironjiemmanuel@gmail.com | Ref RIB-FEA52689EF55 | 10/6/2026, 4:39:40 PM | Confidential - redistribution prohibited"
"Mar 1, 2024","USD/KES","143.5182","Rock Investment Bank | Licensed to kironjiemmanuel@gmail.com | Ref RIB-FEA52689EF55 | 10/6/2026, 4:39:40 PM | Confidential - redistribution prohibited"
"Feb 29, 2024","USD/KES","143.5182","Rock Investment Bank | Licensed to kironjiemmanuel@gmail.com | Ref RIB-FEA52689EF55 | 10/6/2026, 4:39:40 PM | Confidential - redistribution prohibited"
"Feb 28, 2024","USD/KES","143.5891","Rock Investment Bank | Licensed to kironjiemmanuel@gmail.com | Ref RIB-FEA52689EF55 | 10/6/2026, 4:39:40 PM | Confidential - redistribution prohibited"
"Feb 27, 2024","USD/KES","143.6241","Rock Investment Bank | Licensed to kironjiemmanuel@gmail.com | Ref RIB-FEA52689EF55 | 10/6/2026, 4:39:40 PM | Confidential - redistribution prohibited"
"Feb 26, 2024","USD/KES","144.1575","Rock Investment Bank | Licensed to kironjiemmanuel@gmail.com | Ref RIB-FEA52689EF55 | 10/6/2026, 4:39:40 PM | Confidential - redistribution prohibited"
"Feb 25, 2024","USD/KES","144.0597","Rock Investment Bank | Licensed to kironjiemmanuel@gmail.com | Ref RIB-FEA52689EF55 | 10/6/2026, 4:39:40 PM | Confidential - redistribution prohibited"
"Feb 23, 2024","USD/KES","144.0597","Rock Investment Bank | Licensed to kironjiemmanuel@gmail.com | Ref RIB-FEA52689EF55 | 10/6/2026, 4:39:40 PM | Confidential - redistribution prohibited"
"Feb 22, 2024","USD/KES","144.0597","Rock Investment Bank | Licensed to kironjiemmanuel@gmail.com | Ref RIB-FEA52689EF55 | 10/6/2026, 4:39:40 PM | Confidential - redistribution prohibited"
"Feb 21, 2024","USD/KES","144.1452","Rock Investment Bank | Licensed to kironjiemmanuel@gmail.com | Ref RIB-FEA52689EF55 | 10/6/2026, 4:39:40 PM | Confidential - redistribution prohibited"
"Feb 20, 2024","USD/KES","142.7826","Rock Investment Bank | Licensed to kironjiemmanuel@gmail.com | Ref RIB-FEA52689EF55 | 10/6/2026, 4:39:40 PM | Confidential - redistribution prohibited"
"Feb 19, 2024","USD/KES","142.8115","Rock Investment Bank | Licensed to kironjiemmanuel@gmail.com | Ref RIB-FEA52689EF55 | 10/6/2026, 4:39:40 PM | Confidential - redistribution prohibited"
"Feb 18, 2024","USD/KES","142.9185","Rock Investment Bank | Licensed to kironjiemmanuel@gmail.com | Ref RIB-FEA52689EF55 | 10/6/2026, 4:39:40 PM | Confidential - redistribution prohibited"
"Feb 16, 2024","USD/KES","145.8551","Rock Investment Bank | Licensed to kironjiemmanuel@gmail.com | Ref RIB-FEA52689EF55 | 10/6/2026, 4:39:40 PM | Confidential - redistribution prohibited"
"Feb 15, 2024","USD/KES","145.8551","Rock Investment Bank | Licensed to kironjiemmanuel@gmail.com | Ref RIB-FEA52689EF55 | 10/6/2026, 4:39:40 PM | Confidential - redistribution prohibited"
"Feb 14, 2024","USD/KES","153.2039","Rock Investment Bank | Licensed to kironjiemmanuel@gmail.com | Ref RIB-FEA52689EF55 | 10/6/2026, 4:39:40 PM | Confidential - redistribution prohibited"
"Feb 13, 2024","USD/KES","156.7067","Rock Investment Bank | Licensed to kironjiemmanuel@gmail.com | Ref RIB-FEA52689EF55 | 10/6/2026, 4:39:40 PM | Confidential - redistribution prohibited"
"Feb 12, 2024","USD/KES","158.6611","Rock Investment Bank | Licensed to kironjiemmanuel@gmail.com | Ref RIB-FEA52689EF55 | 10/6/2026, 4:39:40 PM | Confidential - redistribution prohibited"
"Feb 11, 2024","USD/KES","159.5596","Rock Investment Bank | Licensed to kironjiemmanuel@gmail.com | Ref RIB-FEA52689EF55 | 10/6/2026, 4:39:40 PM | Confidential - redistribution prohibited"
"Feb 9, 2024","USD/KES","160.0899","Rock Investment Bank | Licensed to kironjiemmanuel@gmail.com | Ref RIB-FEA52689EF55 | 10/6/2026, 4:39:40 PM | Confidential - redistribution prohibited"
"Feb 8, 2024","USD/KES","160.0899","Rock Investment Bank | Licensed to kironjiemmanuel@gmail.com | Ref RIB-FEA52689EF55 | 10/6/2026, 4:39:40 PM | Confidential - redistribution prohibited"
"Feb 7, 2024","USD/KES","160.1877","Rock Investment Bank | Licensed to kironjiemmanuel@gmail.com | Ref RIB-FEA52689EF55 | 10/6/2026, 4:39:40 PM | Confidential - redistribution prohibited"
"Feb 6, 2024","USD/KES","160.3246","Rock Investment Bank | Licensed to kironjiemmanuel@gmail.com | Ref RIB-FEA52689EF55 | 10/6/2026, 4:39:40 PM | Confidential - redistribution prohibited"
"Feb 5, 2024","USD/KES","160.3566","Rock Investment Bank | Licensed to kironjiemmanuel@gmail.com | Ref RIB-FEA52689EF55 | 10/6/2026, 4:39:40 PM | Confidential - redistribution prohibited"
"Feb 4, 2024","USD/KES","160.5068","Rock Investment Bank | Licensed to kironjiemmanuel@gmail.com | Ref RIB-FEA52689EF55 | 10/6/2026, 4:39:40 PM | Confidential - redistribution prohibited"
"Feb 2, 2024","USD/KES","160.5726","Rock Investment Bank | Licensed to kironjiemmanuel@gmail.com | Ref RIB-FEA52689EF55 | 10/6/2026, 4:39:40 PM | Confidential - redistribution prohibited"
"Feb 1, 2024","USD/KES","160.5726","Rock Investment Bank | Licensed to kironjiemmanuel@gmail.com | Ref RIB-FEA52689EF55 | 10/6/2026, 4:39:40 PM | Confidential - redistribution prohibited"
"Jan 31, 2024","USD/KES","160.6722","Rock Investment Bank | Licensed to kironjiemmanuel@gmail.com | Ref RIB-FEA52689EF55 | 10/6/2026, 4:39:40 PM | Confidential - redistribution prohibited"
"Jan 30, 2024","USD/KES","160.7510","Rock Investment Bank | Licensed to kironjiemmanuel@gmail.com | Ref RIB-FEA52689EF55 | 10/6/2026, 4:39:40 PM | Confidential - redistribution prohibited"
"Jan 29, 2024","USD/KES","160.7535","Rock Investment Bank | Licensed to kironjiemmanuel@gmail.com | Ref RIB-FEA52689EF55 | 10/6/2026, 4:39:40 PM | Confidential - redistribution prohibited"
"Jan 28, 2024","USD/KES","160.6972","Rock Investment Bank | Licensed to kironjiemmanuel@gmail.com | Ref RIB-FEA52689EF55 | 10/6/2026, 4:39:40 PM | Confidential - redistribution prohibited"
"Jan 26, 2024","USD/KES","160.6186","Rock Investment Bank | Licensed to kironjiemmanuel@gmail.com | Ref RIB-FEA52689EF55 | 10/6/2026, 4:39:40 PM | Confidential - redistribution prohibited"
"Jan 25, 2024","USD/KES","160.6186","Rock Investment Bank | Licensed to kironjiemmanuel@gmail.com | Ref RIB-FEA52689EF55 | 10/6/2026, 4:39:40 PM | Confidential - redistribution prohibited"
"Jan 24, 2024","USD/KES","160.8000","Rock Investment Bank | Licensed to kironjiemmanuel@gmail.com | Ref RIB-FEA52689EF55 | 10/6/2026, 4:39:40 PM | Confidential - redistribution prohibited"
"Jan 23, 2024","USD/KES","160.1875","Rock Investment Bank | Licensed to kironjiemmanuel@gmail.com | Ref RIB-FEA52689EF55 | 10/6/2026, 4:39:40 PM | Confidential - redistribution prohibited"
"Jan 22, 2024","USD/KES","161.3600","Rock Investment Bank | Licensed to kironjiemmanuel@gmail.com | Ref RIB-FEA52689EF55 | 10/6/2026, 4:39:40 PM | Confidential - redistribution prohibited"
"Jan 21, 2024","USD/KES","160.2500","Rock Investment Bank | Licensed to kironjiemmanuel@gmail.com | Ref RIB-FEA52689EF55 | 10/6/2026, 4:39:40 PM | Confidential - redistribution prohibited"
"Jan 19, 2024","USD/KES","160.3462","Rock Investment Bank | Licensed to kironjiemmanuel@gmail.com | Ref RIB-FEA52689EF55 | 10/6/2026, 4:39:40 PM | Confidential - redistribution prohibited"
"Jan 18, 2024","USD/KES","160.3462","Rock Investment Bank | Licensed to kironjiemmanuel@gmail.com | Ref RIB-FEA52689EF55 | 10/6/2026, 4:39:40 PM | Confidential - redistribution prohibited"
"Jan 17, 2024","USD/KES","160.7917","Rock Investment Bank | Licensed to kironjiemmanuel@gmail.com | Ref RIB-FEA52689EF55 | 10/6/2026, 4:39:40 PM | Confidential - redistribution prohibited"
"Jan 16, 2024","USD/KES","160.4349","Rock Investment Bank | Licensed to kironjiemmanuel@gmail.com | Ref RIB-FEA52689EF55 | 10/6/2026, 4:39:40 PM | Confidential - redistribution prohibited"
"Jan 15, 2024","USD/KES","160.1846","Rock Investment Bank | Licensed to kironjiemmanuel@gmail.com | Ref RIB-FEA52689EF55 | 10/6/2026, 4:39:40 PM | Confidential - redistribution prohibited"
"Jan 14, 2024","USD/KES","160.2384","Rock Investment Bank | Licensed to kironjiemmanuel@gmail.com | Ref RIB-FEA52689EF55 | 10/6/2026, 4:39:40 PM | Confidential - redistribution prohibited"
"Jan 12, 2024","USD/KES","159.8542","Rock Investment Bank | Licensed to kironjiemmanuel@gmail.com | Ref RIB-FEA52689EF55 | 10/6/2026, 4:39:40 PM | Confidential - redistribution prohibited"
"Jan 11, 2024","USD/KES","159.8542","Rock Investment Bank | Licensed to kironjiemmanuel@gmail.com | Ref RIB-FEA52689EF55 | 10/6/2026, 4:39:40 PM | Confidential - redistribution prohibited"
"Jan 10, 2024","USD/KES","159.8498","Rock Investment Bank | Licensed to kironjiemmanuel@gmail.com | Ref RIB-FEA52689EF55 | 10/6/2026, 4:39:40 PM | Confidential - redistribution prohibited"
"Jan 9, 2024","USD/KES","159.3762","Rock Investment Bank | Licensed to kironjiemmanuel@gmail.com | Ref RIB-FEA52689EF55 | 10/6/2026, 4:39:40 PM | Confidential - redistribution prohibited"
"Jan 8, 2024","USD/KES","158.8761","Rock Investment Bank | Licensed to kironjiemmanuel@gmail.com | Ref RIB-FEA52689EF55 | 10/6/2026, 4:39:40 PM | Confidential - redistribution prohibited"
"Jan 7, 2024","USD/KES","158.3000","Rock Investment Bank | Licensed to kironjiemmanuel@gmail.com | Ref RIB-FEA52689EF55 | 10/6/2026, 4:39:40 PM | Confidential - redistribution prohibited"
"Jan 5, 2024","USD/KES","157.9012","Rock Investment Bank | Licensed to kironjiemmanuel@gmail.com | Ref RIB-FEA52689EF55 | 10/6/2026, 4:39:40 PM | Confidential - redistribution prohibited"
"Jan 4, 2024","USD/KES","157.9012","Rock Investment Bank | Licensed to kironjiemmanuel@gmail.com | Ref RIB-FEA52689EF55 | 10/6/2026, 4:39:40 PM | Confidential - redistribution prohibited"
"Jan 3, 2024","USD/KES","157.3912","Rock Investment Bank | Licensed to kironjiemmanuel@gmail.com | Ref RIB-FEA52689EF55 | 10/6/2026, 4:39:40 PM | Confidential - redistribution prohibited"
"Jan 2, 2024","USD/KES","157.3235","Rock Investment Bank | Licensed to kironjiemmanuel@gmail.com | Ref RIB-FEA52689EF55 | 10/6/2026, 4:39:40 PM | Confidential - redistribution prohibited"
"Jan 1, 2024","USD/KES","156.9852","Rock Investment Bank | Licensed to kironjiemmanuel@gmail.com | Ref RIB-FEA52689EF55 | 10/6/2026, 4:39:40 PM | Confidential - redistribution prohibited"
"Dec 29, 2023","USD/KES","156.4618","Rock Investment Bank | Licensed to kironjiemmanuel@gmail.com | Ref RIB-FEA52689EF55 | 10/6/2026, 4:39:40 PM | Confidential - redistribution prohibited"
"Dec 28, 2023","USD/KES","156.4618","Rock Investment Bank | Licensed to kironjiemmanuel@gmail.com | Ref RIB-FEA52689EF55 | 10/6/2026, 4:39:40 PM | Confidential - redistribution prohibited"
"Dec 27, 2023","USD/KES","156.0941","Rock Investment Bank | Licensed to kironjiemmanuel@gmail.com | Ref RIB-FEA52689EF55 | 10/6/2026, 4:39:40 PM | Confidential - redistribution prohibited"
"Dec 26, 2023","USD/KES","155.4706","Rock Investment Bank | Licensed to kironjiemmanuel@gmail.com | Ref RIB-FEA52689EF55 | 10/6/2026, 4:39:40 PM | Confidential - redistribution prohibited"
"Dec 22, 2023","USD/KES","155.0853","Rock Investment Bank | Licensed to kironjiemmanuel@gmail.com | Ref RIB-FEA52689EF55 | 10/6/2026, 4:39:40 PM | Confidential - redistribution prohibited"
"Dec 21, 2023","USD/KES","155.0853","Rock Investment Bank | Licensed to kironjiemmanuel@gmail.com | Ref RIB-FEA52689EF55 | 10/6/2026, 4:39:40 PM | Confidential - redistribution prohibited"
"Dec 20, 2023","USD/KES","154.6853","Rock Investment Bank | Licensed to kironjiemmanuel@gmail.com | Ref RIB-FEA52689EF55 | 10/6/2026, 4:39:40 PM | Confidential - redistribution prohibited"
"Dec 19, 2023","USD/KES","154.3868","Rock Investment Bank | Licensed to kironjiemmanuel@gmail.com | Ref RIB-FEA52689EF55 | 10/6/2026, 4:39:40 PM | Confidential - redistribution prohibited"
"Dec 18, 2023","USD/KES","154.1647","Rock Investment Bank | Licensed to kironjiemmanuel@gmail.com | Ref RIB-FEA52689EF55 | 10/6/2026, 4:39:40 PM | Confidential - redistribution prohibited"
"Dec 17, 2023","USD/KES","153.7794","Rock Investment Bank | Licensed to kironjiemmanuel@gmail.com | Ref RIB-FEA52689EF55 | 10/6/2026, 4:39:40 PM | Confidential - redistribution prohibited"
"Dec 15, 2023","USD/KES","153.7382","Rock Investment Bank | Licensed to kironjiemmanuel@gmail.com | Ref RIB-FEA52689EF55 | 10/6/2026, 4:39:40 PM | Confidential - redistribution prohibited"
"Dec 14, 2023","USD/KES","153.7382","Rock Investment Bank | Licensed to kironjiemmanuel@gmail.com | Ref RIB-FEA52689EF55 | 10/6/2026, 4:39:40 PM | Confidential - redistribution prohibited"
"Dec 13, 2023","USD/KES","153.3735","Rock Investment Bank | Licensed to kironjiemmanuel@gmail.com | Ref RIB-FEA52689EF55 | 10/6/2026, 4:39:40 PM | Confidential - redistribution prohibited"
"Dec 12, 2023","USD/KES","153.3471","Rock Investment Bank | Licensed to kironjiemmanuel@gmail.com | Ref RIB-FEA52689EF55 | 10/6/2026, 4:39:40 PM | Confidential - redistribution prohibited"
"Dec 11, 2023","USD/KES","153.3412","Rock Investment Bank | Licensed to kironjiemmanuel@gmail.com | Ref RIB-FEA52689EF55 | 10/6/2026, 4:39:40 PM | Confidential - redistribution prohibited"
"Dec 10, 2023","USD/KES","153.3412","Rock Investment Bank | Licensed to kironjiemmanuel@gmail.com | Ref RIB-FEA52689EF55 | 10/6/2026, 4:39:40 PM | Confidential - redistribution prohibited"
"Dec 8, 2023","USD/KES","153.3382","Rock Investment Bank | Licensed to kironjiemmanuel@gmail.com | Ref RIB-FEA52689EF55 | 10/6/2026, 4:39:40 PM | Confidential - redistribution prohibited"
"Dec 7, 2023","USD/KES","153.3382","Rock Investment Bank | Licensed to kironjiemmanuel@gmail.com | Ref RIB-FEA52689EF55 | 10/6/2026, 4:39:40 PM | Confidential - redistribution prohibited"
"Dec 6, 2023","USD/KES","153.3235","Rock Investment Bank | Licensed to kironjiemmanuel@gmail.com | Ref RIB-FEA52689EF55 | 10/6/2026, 4:39:40 PM | Confidential - redistribution prohibited"
"Dec 5, 2023","USD/KES","153.2882","Rock Investment Bank | Licensed to kironjiemmanuel@gmail.com | Ref RIB-FEA52689EF55 | 10/6/2026, 4:39:40 PM | Confidential - redistribution prohibited"
"Dec 4, 2023","USD/KES","153.2765","Rock Investment Bank | Licensed to kironjiemmanuel@gmail.com | Ref RIB-FEA52689EF55 | 10/6/2026, 4:39:40 PM | Confidential - redistribution prohibited"
"Dec 3, 2023","USD/KES","153.2412","Rock Investment Bank | Licensed to kironjiemmanuel@gmail.com | Ref RIB-FEA52689EF55 | 10/6/2026, 4:39:40 PM | Confidential - redistribution prohibited"
"Dec 1, 2023","USD/KES","153.2353","Rock Investment Bank | Licensed to kironjiemmanuel@gmail.com | Ref RIB-FEA52689EF55 | 10/6/2026, 4:39:40 PM | Confidential - redistribution prohibited"
"Nov 30, 2023","USD/KES","153.2353","Rock Investment Bank | Licensed to kironjiemmanuel@gmail.com | Ref RIB-FEA52689EF55 | 10/6/2026, 4:39:40 PM | Confidential - redistribution prohibited"
"Nov 29, 2023","USD/KES","153.1500","Rock Investment Bank | Licensed to kironjiemmanuel@gmail.com | Ref RIB-FEA52689EF55 | 10/6/2026, 4:39:40 PM | Confidential - redistribution prohibited"
"Nov 28, 2023","USD/KES","153.0618","Rock Investment Bank | Licensed to kironjiemmanuel@gmail.com | Ref RIB-FEA52689EF55 | 10/6/2026, 4:39:40 PM | Confidential - redistribution prohibited"
"Nov 27, 2023","USD/KES","152.9706","Rock Investment Bank | Licensed to kironjiemmanuel@gmail.com | Ref RIB-FEA52689EF55 | 10/6/2026, 4:39:40 PM | Confidential - redistribution prohibited"
"Nov 26, 2023","USD/KES","152.9029","Rock Investment Bank | Licensed to kironjiemmanuel@gmail.com | Ref RIB-FEA52689EF55 | 10/6/2026, 4:39:40 PM | Confidential - redistribution prohibited"
"Nov 24, 2023","USD/KES","152.8147","Rock Investment Bank | Licensed to kironjiemmanuel@gmail.com | Ref RIB-FEA52689EF55 | 10/6/2026, 4:39:40 PM | Confidential - redistribution prohibited"
"Nov 23, 2023","USD/KES","152.8147","Rock Investment Bank | Licensed to kironjiemmanuel@gmail.com | Ref RIB-FEA52689EF55 | 10/6/2026, 4:39:40 PM | Confidential - redistribution prohibited"
"Nov 22, 2023","USD/KES","152.6912","Rock Investment Bank | Licensed to kironjiemmanuel@gmail.com | Ref RIB-FEA52689EF55 | 10/6/2026, 4:39:40 PM | Confidential - redistribution prohibited"
"Nov 21, 2023","USD/KES","152.5529","Rock Investment Bank | Licensed to kironjiemmanuel@gmail.com | Ref RIB-FEA52689EF55 | 10/6/2026, 4:39:40 PM | Confidential - redistribution prohibited"
"Nov 20, 2023","USD/KES","152.3382","Rock Investment Bank | Licensed to kironjiemmanuel@gmail.com | Ref RIB-FEA52689EF55 | 10/6/2026, 4:39:40 PM | Confidential - redistribution prohibited"
"Nov 19, 2023","USD/KES","152.3382","Rock Investment Bank | Licensed to kironjiemmanuel@gmail.com | Ref RIB-FEA52689EF55 | 10/6/2026, 4:39:40 PM | Confidential - redistribution prohibited"
"Nov 17, 2023","USD/KES","152.2265","Rock Investment Bank | Licensed to kironjiemmanuel@gmail.com | Ref RIB-FEA52689EF55 | 10/6/2026, 4:39:40 PM | Confidential - redistribution prohibited"
"Nov 16, 2023","USD/KES","152.2265","Rock Investment Bank | Licensed to kironjiemmanuel@gmail.com | Ref RIB-FEA52689EF55 | 10/6/2026, 4:39:40 PM | Confidential - redistribution prohibited"
"Nov 15, 2023","USD/KES","152.1088","Rock Investment Bank | Licensed to kironjiemmanuel@gmail.com | Ref RIB-FEA52689EF55 | 10/6/2026, 4:39:40 PM | Confidential - redistribution prohibited"
"Nov 14, 2023","USD/KES","151.9353","Rock Investment Bank | Licensed to kironjiemmanuel@gmail.com | Ref RIB-FEA52689EF55 | 10/6/2026, 4:39:40 PM | Confidential - redistribution prohibited"
"Nov 13, 2023","USD/KES","151.8382","Rock Investment Bank | Licensed to kironjiemmanuel@gmail.com | Ref RIB-FEA52689EF55 | 10/6/2026, 4:39:40 PM | Confidential - redistribution prohibited"
"Nov 10, 2023","USD/KES","151.6794","Rock Investment Bank | Licensed to kironjiemmanuel@gmail.com | Ref RIB-FEA52689EF55 | 10/6/2026, 4:39:40 PM | Confidential - redistribution prohibited"
"Nov 9, 2023","USD/KES","151.6794","Rock Investment Bank | Licensed to kironjiemmanuel@gmail.com | Ref RIB-FEA52689EF55 | 10/6/2026, 4:39:40 PM | Confidential - redistribution prohibited"
"Nov 8, 2023","USD/KES","151.5324","Rock Investment Bank | Licensed to kironjiemmanuel@gmail.com | Ref RIB-FEA52689EF55 | 10/6/2026, 4:39:40 PM | Confidential - redistribution prohibited"
"Nov 7, 2023","USD/KES","151.3794","Rock Investment Bank | Licensed to kironjiemmanuel@gmail.com | Ref RIB-FEA52689EF55 | 10/6/2026, 4:39:40 PM | Confidential - redistribution prohibited"
"Nov 6, 2023","USD/KES","151.2676","Rock Investment Bank | Licensed to kironjiemmanuel@gmail.com | Ref RIB-FEA52689EF55 | 10/6/2026, 4:39:40 PM | Confidential - redistribution prohibited"
"Nov 5, 2023","USD/KES","151.1647","Rock Investment Bank | Licensed to kironjiemmanuel@gmail.com | Ref RIB-FEA52689EF55 | 10/6/2026, 4:39:40 PM | Confidential - redistribution prohibited"
"Nov 3, 2023","USD/KES","151.0588","Rock Investment Bank | Licensed to kironjiemmanuel@gmail.com | Ref RIB-FEA52689EF55 | 10/6/2026, 4:39:40 PM | Confidential - redistribution prohibited"
"Nov 2, 2023","USD/KES","151.0588","Rock Investment Bank | Licensed to kironjiemmanuel@gmail.com | Ref RIB-FEA52689EF55 | 10/6/2026, 4:39:40 PM | Confidential - redistribution prohibited"
"Nov 1, 2023","USD/KES","150.8588","Rock Investment Bank | Licensed to kironjiemmanuel@gmail.com | Ref RIB-FEA52689EF55 | 10/6/2026, 4:39:40 PM | Confidential - redistribution prohibited"
"Oct 31, 2023","USD/KES","150.7929","Rock Investment Bank | Licensed to kironjiemmanuel@gmail.com | Ref RIB-FEA52689EF55 | 10/6/2026, 4:39:40 PM | Confidential - redistribution prohibited"
"Oct 30, 2023","USD/KES","150.5588","Rock Investment Bank | Licensed to kironjiemmanuel@gmail.com | Ref RIB-FEA52689EF55 | 10/6/2026, 4:39:40 PM | Confidential - redistribution prohibited"
"Oct 29, 2023","USD/KES","150.4588","Rock Investment Bank | Licensed to kironjiemmanuel@gmail.com | Ref RIB-FEA52689EF55 | 10/6/2026, 4:39:40 PM | Confidential - redistribution prohibited"
"Oct 27, 2023","USD/KES","150.3618","Rock Investment Bank | Licensed to kironjiemmanuel@gmail.com | Ref RIB-FEA52689EF55 | 10/6/2026, 4:39:40 PM | Confidential - redistribution prohibited"
"Oct 26, 2023","USD/KES","150.3618","Rock Investment Bank | Licensed to kironjiemmanuel@gmail.com | Ref RIB-FEA52689EF55 | 10/6/2026, 4:39:40 PM | Confidential - redistribution prohibited"
"Oct 25, 2023","USD/KES","150.2735","Rock Investment Bank | Licensed to kironjiemmanuel@gmail.com | Ref RIB-FEA52689EF55 | 10/6/2026, 4:39:40 PM | Confidential - redistribution prohibited"
"Oct 24, 2023","USD/KES","150.1706","Rock Investment Bank | Licensed to kironjiemmanuel@gmail.com | Ref RIB-FEA52689EF55 | 10/6/2026, 4:39:40 PM | Confidential - redistribution prohibited"
"Oct 23, 2023","USD/KES","150.0735","Rock Investment Bank | Licensed to kironjiemmanuel@gmail.com | Ref RIB-FEA52689EF55 | 10/6/2026, 4:39:40 PM | Confidential - redistribution prohibited"
"Oct 22, 2023","USD/KES","149.9441","Rock Investment Bank | Licensed to kironjiemmanuel@gmail.com | Ref RIB-FEA52689EF55 | 10/6/2026, 4:39:40 PM | Confidential - redistribution prohibited"
"Oct 19, 2023","USD/KES","149.7882","Rock Investment Bank | Licensed to kironjiemmanuel@gmail.com | Ref RIB-FEA52689EF55 | 10/6/2026, 4:39:40 PM | Confidential - redistribution prohibited"
"Oct 18, 2023","USD/KES","149.7882","Rock Investment Bank | Licensed to kironjiemmanuel@gmail.com | Ref RIB-FEA52689EF55 | 10/6/2026, 4:39:40 PM | Confidential - redistribution prohibited"
"Oct 17, 2023","USD/KES","149.5824","Rock Investment Bank | Licensed to kironjiemmanuel@gmail.com | Ref RIB-FEA52689EF55 | 10/6/2026, 4:39:40 PM | Confidential - redistribution prohibited"
"Oct 16, 2023","USD/KES","149.4382","Rock Investment Bank | Licensed to kironjiemmanuel@gmail.com | Ref RIB-FEA52689EF55 | 10/6/2026, 4:39:40 PM | Confidential - redistribution prohibited"
"Oct 15, 2023","USD/KES","149.2706","Rock Investment Bank | Licensed to kironjiemmanuel@gmail.com | Ref RIB-FEA52689EF55 | 10/6/2026, 4:39:40 PM | Confidential - redistribution prohibited"
"Oct 13, 2023","USD/KES","149.1324","Rock Investment Bank | Licensed to kironjiemmanuel@gmail.com | Ref RIB-FEA52689EF55 | 10/6/2026, 4:39:40 PM | Confidential - redistribution prohibited"
"Oct 12, 2023","USD/KES","149.1324","Rock Investment Bank | Licensed to kironjiemmanuel@gmail.com | Ref RIB-FEA52689EF55 | 10/6/2026, 4:39:40 PM | Confidential - redistribution prohibited"
"Oct 11, 2023","USD/KES","149.0059","Rock Investment Bank | Licensed to kironjiemmanuel@gmail.com | Ref RIB-FEA52689EF55 | 10/6/2026, 4:39:40 PM | Confidential - redistribution prohibited"
"Oct 10, 2023","USD/KES","148.8824","Rock Investment Bank | Licensed to kironjiemmanuel@gmail.com | Ref RIB-FEA52689EF55 | 10/6/2026, 4:39:40 PM | Confidential - redistribution prohibited"
"Oct 9, 2023","USD/KES","148.7941","Rock Investment Bank | Licensed to kironjiemmanuel@gmail.com | Ref RIB-FEA52689EF55 | 10/6/2026, 4:39:40 PM | Confidential - redistribution prohibited"
"Oct 8, 2023","USD/KES","148.7941","Rock Investment Bank | Licensed to kironjiemmanuel@gmail.com | Ref RIB-FEA52689EF55 | 10/6/2026, 4:39:40 PM | Confidential - redistribution prohibited"
"Oct 6, 2023","USD/KES","148.6882","Rock Investment Bank | Licensed to kironjiemmanuel@gmail.com | Ref RIB-FEA52689EF55 | 10/6/2026, 4:39:40 PM | Confidential - redistribution prohibited"
"Oct 5, 2023","USD/KES","148.6882","Rock Investment Bank | Licensed to kironjiemmanuel@gmail.com | Ref RIB-FEA52689EF55 | 10/6/2026, 4:39:40 PM | Confidential - redistribution prohibited"
"Oct 4, 2023","USD/KES","148.5647","Rock Investment Bank | Licensed to kironjiemmanuel@gmail.com | Ref RIB-FEA52689EF55 | 10/6/2026, 4:39:40 PM | Confidential - redistribution prohibited"
"Oct 3, 2023","USD/KES","148.4500","Rock Investment Bank | Licensed to kironjiemmanuel@gmail.com | Ref RIB-FEA52689EF55 | 10/6/2026, 4:39:40 PM | Confidential - redistribution prohibited"
"Oct 2, 2023","USD/KES","148.3176","Rock Investment Bank | Licensed to kironjiemmanuel@gmail.com | Ref RIB-FEA52689EF55 | 10/6/2026, 4:39:40 PM | Confidential - redistribution prohibited"
"Oct 1, 2023","USD/KES","148.2015","Rock Investment Bank | Licensed to kironjiemmanuel@gmail.com | Ref RIB-FEA52689EF55 | 10/6/2026, 4:39:40 PM | Confidential - redistribution prohibited"
"Sep 29, 2023","USD/KES","148.1000","Rock Investment Bank | Licensed to kironjiemmanuel@gmail.com | Ref RIB-FEA52689EF55 | 10/6/2026, 4:39:40 PM | Confidential - redistribution prohibited"
"Sep 28, 2023","USD/KES","148.1000","Rock Investment Bank | Licensed to kironjiemmanuel@gmail.com | Ref RIB-FEA52689EF55 | 10/6/2026, 4:39:40 PM | Confidential - redistribution prohibited"
"Sep 27, 2023","USD/KES","147.9412","Rock Investment Bank | Licensed to kironjiemmanuel@gmail.com | Ref RIB-FEA52689EF55 | 10/6/2026, 4:39:40 PM | Confidential - redistribution prohibited"
"Sep 26, 2023","USD/KES","147.8088","Rock Investment Bank | Licensed to kironjiemmanuel@gmail.com | Ref RIB-FEA52689EF55 | 10/6/2026, 4:39:40 PM | Confidential - redistribution prohibited"
"Sep 25, 2023","USD/KES","147.6412","Rock Investment Bank | Licensed to kironjiemmanuel@gmail.com | Ref RIB-FEA52689EF55 | 10/6/2026, 4:39:40 PM | Confidential - redistribution prohibited"
"Sep 24, 2023","USD/KES","147.4706","Rock Investment Bank | Licensed to kironjiemmanuel@gmail.com | Ref RIB-FEA52689EF55 | 10/6/2026, 4:39:40 PM | Confidential - redistribution prohibited"
"Sep 22, 2023","USD/KES","147.3559","Rock Investment Bank | Licensed to kironjiemmanuel@gmail.com | Ref RIB-FEA52689EF55 | 10/6/2026, 4:39:40 PM | Confidential - redistribution prohibited"
"Sep 21, 2023","USD/KES","147.3559","Rock Investment Bank | Licensed to kironjiemmanuel@gmail.com | Ref RIB-FEA52689EF55 | 10/6/2026, 4:39:40 PM | Confidential - redistribution prohibited"
"Sep 20, 2023","USD/KES","147.2647","Rock Investment Bank | Licensed to kironjiemmanuel@gmail.com | Ref RIB-FEA52689EF55 | 10/6/2026, 4:39:40 PM | Confidential - redistribution prohibited"
"Sep 19, 2023","USD/KES","147.1412","Rock Investment Bank | Licensed to kironjiemmanuel@gmail.com | Ref RIB-FEA52689EF55 | 10/6/2026, 4:39:40 PM | Confidential - redistribution prohibited"
"Sep 18, 2023","USD/KES","147.0059","Rock Investment Bank | Licensed to kironjiemmanuel@gmail.com | Ref RIB-FEA52689EF55 | 10/6/2026, 4:39:40 PM | Confidential - redistribution prohibited"
"Sep 17, 2023","USD/KES","146.9059","Rock Investment Bank | Licensed to kironjiemmanuel@gmail.com | Ref RIB-FEA52689EF55 | 10/6/2026, 4:39:40 PM | Confidential - redistribution prohibited"
"Sep 15, 2023","USD/KES","146.7918","Rock Investment Bank | Licensed to kironjiemmanuel@gmail.com | Ref RIB-FEA52689EF55 | 10/6/2026, 4:39:40 PM | Confidential - redistribution prohibited"
"Sep 14, 2023","USD/KES","146.7918","Rock Investment Bank | Licensed to kironjiemmanuel@gmail.com | Ref RIB-FEA52689EF55 | 10/6/2026, 4:39:40 PM | Confidential - redistribution prohibited"
"Sep 13, 2023","USD/KES","146.6588","Rock Investment Bank | Licensed to kironjiemmanuel@gmail.com | Ref RIB-FEA52689EF55 | 10/6/2026, 4:39:40 PM | Confidential - redistribution prohibited"
"Sep 12, 2023","USD/KES","146.4912","Rock Investment Bank | Licensed to kironjiemmanuel@gmail.com | Ref RIB-FEA52689EF55 | 10/6/2026, 4:39:40 PM | Confidential - redistribution prohibited"
"Sep 11, 2023","USD/KES","146.3618","Rock Investment Bank | Licensed to kironjiemmanuel@gmail.com | Ref RIB-FEA52689EF55 | 10/6/2026, 4:39:40 PM | Confidential - redistribution prohibited"
"Sep 10, 2023","USD/KES","146.2296","Rock Investment Bank | Licensed to kironjiemmanuel@gmail.com | Ref RIB-FEA52689EF55 | 10/6/2026, 4:39:40 PM | Confidential - redistribution prohibited"
"Sep 8, 2023","USD/KES","146.1353","Rock Investment Bank | Licensed to kironjiemmanuel@gmail.com | Ref RIB-FEA52689EF55 | 10/6/2026, 4:39:40 PM | Confidential - redistribution prohibited"
"Sep 7, 2023","USD/KES","146.1353","Rock Investment Bank | Licensed to kironjiemmanuel@gmail.com | Ref RIB-FEA52689EF55 | 10/6/2026, 4:39:40 PM | Confidential - redistribution prohibited"
"Sep 6, 2023","USD/KES","146.0412","Rock Investment Bank | Licensed to kironjiemmanuel@gmail.com | Ref RIB-FEA52689EF55 | 10/6/2026, 4:39:40 PM | Confidential - redistribution prohibited"
"Sep 5, 2023","USD/KES","145.9147","Rock Investment Bank | Licensed to kironjiemmanuel@gmail.com | Ref RIB-FEA52689EF55 | 10/6/2026, 4:39:40 PM | Confidential - redistribution prohibited"
"Sep 4, 2023","USD/KES","145.7559","Rock Investment Bank | Licensed to kironjiemmanuel@gmail.com | Ref RIB-FEA52689EF55 | 10/6/2026, 4:39:40 PM | Confidential - redistribution prohibited"
"Sep 3, 2023","USD/KES","145.6324","Rock Investment Bank | Licensed to kironjiemmanuel@gmail.com | Ref RIB-FEA52689EF55 | 10/6/2026, 4:39:40 PM | Confidential - redistribution prohibited"
"Sep 1, 2023","USD/KES","145.5088","Rock Investment Bank | Licensed to kironjiemmanuel@gmail.com | Ref RIB-FEA52689EF55 | 10/6/2026, 4:39:40 PM | Confidential - redistribution prohibited"
"Aug 31, 2023","USD/KES","145.5088","Rock Investment Bank | Licensed to kironjiemmanuel@gmail.com | Ref RIB-FEA52689EF55 | 10/6/2026, 4:39:40 PM | Confidential - redistribution prohibited"
"Aug 30, 2023","USD/KES","145.4059","Rock Investment Bank | Licensed to kironjiemmanuel@gmail.com | Ref RIB-FEA52689EF55 | 10/6/2026, 4:39:40 PM | Confidential - redistribution prohibited"
"Aug 29, 2023","USD/KES","145.2618","Rock Investment Bank | Licensed to kironjiemmanuel@gmail.com | Ref RIB-FEA52689EF55 | 10/6/2026, 4:39:40 PM | Confidential - redistribution prohibited"
"Aug 28, 2023","USD/KES","145.1500","Rock Investment Bank | Licensed to kironjiemmanuel@gmail.com | Ref RIB-FEA52689EF55 | 10/6/2026, 4:39:40 PM | Confidential - redistribution prohibited"
"Aug 27, 2023","USD/KES","144.9941","Rock Investment Bank | Licensed to kironjiemmanuel@gmail.com | Ref RIB-FEA52689EF55 | 10/6/2026, 4:39:40 PM | Confidential - redistribution prohibited"
"Aug 25, 2023","USD/KES","144.8735","Rock Investment Bank | Licensed to kironjiemmanuel@gmail.com | Ref RIB-FEA52689EF55 | 10/6/2026, 4:39:40 PM | Confidential - redistribution prohibited"
"Aug 24, 2023","USD/KES","144.8735","Rock Investment Bank | Licensed to kironjiemmanuel@gmail.com | Ref RIB-FEA52689EF55 | 10/6/2026, 4:39:40 PM | Confidential - redistribution prohibited"
"Aug 23, 2023","USD/KES","144.7176","Rock Investment Bank | Licensed to kironjiemmanuel@gmail.com | Ref RIB-FEA52689EF55 | 10/6/2026, 4:39:40 PM | Confidential - redistribution prohibited"
"Aug 22, 2023","USD/KES","144.5559","Rock Investment Bank | Licensed to kironjiemmanuel@gmail.com | Ref RIB-FEA52689EF55 | 10/6/2026, 4:39:40 PM | Confidential - redistribution prohibited"
"Aug 21, 2023","USD/KES","144.4059","Rock Investment Bank | Licensed to kironjiemmanuel@gmail.com | Ref RIB-FEA52689EF55 | 10/6/2026, 4:39:40 PM | Confidential - redistribution prohibited"
"Aug 20, 2023","USD/KES","144.3176","Rock Investment Bank | Licensed to kironjiemmanuel@gmail.com | Ref RIB-FEA52689EF55 | 10/6/2026, 4:39:40 PM | Confidential - redistribution prohibited"
"Aug 18, 2023","USD/KES","144.2824","Rock Investment Bank | Licensed to kironjiemmanuel@gmail.com | Ref RIB-FEA52689EF55 | 10/6/2026, 4:39:40 PM | Confidential - redistribution prohibited"
"Aug 17, 2023","USD/KES","144.2824","Rock Investment Bank | Licensed to kironjiemmanuel@gmail.com | Ref RIB-FEA52689EF55 | 10/6/2026, 4:39:40 PM | Confidential - redistribution prohibited"
"Aug 16, 2023","USD/KES","144.0441","Rock Investment Bank | Licensed to kironjiemmanuel@gmail.com | Ref RIB-FEA52689EF55 | 10/6/2026, 4:39:40 PM | Confidential - redistribution prohibited"
"Aug 15, 2023","USD/KES","143.9088","Rock Investment Bank | Licensed to kironjiemmanuel@gmail.com | Ref RIB-FEA52689EF55 | 10/6/2026, 4:39:40 PM | Confidential - redistribution prohibited"
"Aug 14, 2023","USD/KES","143.7588","Rock Investment Bank | Licensed to kironjiemmanuel@gmail.com | Ref RIB-FEA52689EF55 | 10/6/2026, 4:39:40 PM | Confidential - redistribution prohibited"
"Aug 13, 2023","USD/KES","143.6088","Rock Investment Bank | Licensed to kironjiemmanuel@gmail.com | Ref RIB-FEA52689EF55 | 10/6/2026, 4:39:40 PM | Confidential - redistribution prohibited"
"Aug 11, 2023","USD/KES","143.5765","Rock Investment Bank | Licensed to kironjiemmanuel@gmail.com | Ref RIB-FEA52689EF55 | 10/6/2026, 4:39:40 PM | Confidential - redistribution prohibited"
"Aug 10, 2023","USD/KES","143.5765","Rock Investment Bank | Licensed to kironjiemmanuel@gmail.com | Ref RIB-FEA52689EF55 | 10/6/2026, 4:39:40 PM | Confidential - redistribution prohibited"
"Aug 9, 2023","USD/KES","143.4441","Rock Investment Bank | Licensed to kironjiemmanuel@gmail.com | Ref RIB-FEA52689EF55 | 10/6/2026, 4:39:40 PM | Confidential - redistribution prohibited"
"Aug 8, 2023","USD/KES","143.2735","Rock Investment Bank | Licensed to kironjiemmanuel@gmail.com | Ref RIB-FEA52689EF55 | 10/6/2026, 4:39:40 PM | Confidential - redistribution prohibited"
"Aug 7, 2023","USD/KES","143.1176","Rock Investment Bank | Licensed to kironjiemmanuel@gmail.com | Ref RIB-FEA52689EF55 | 10/6/2026, 4:39:40 PM | Confidential - redistribution prohibited"
"Aug 6, 2023","USD/KES","142.9882","Rock Investment Bank | Licensed to kironjiemmanuel@gmail.com | Ref RIB-FEA52689EF55 | 10/6/2026, 4:39:40 PM | Confidential - redistribution prohibited"
"Aug 4, 2023","USD/KES","142.8868","Rock Investment Bank | Licensed to kironjiemmanuel@gmail.com | Ref RIB-FEA52689EF55 | 10/6/2026, 4:39:40 PM | Confidential - redistribution prohibited"
"Aug 3, 2023","USD/KES","142.8868","Rock Investment Bank | Licensed to kironjiemmanuel@gmail.com | Ref RIB-FEA52689EF55 | 10/6/2026, 4:39:40 PM | Confidential - redistribution prohibited"
"Aug 2, 2023","USD/KES","142.7765","Rock Investment Bank | Licensed to kironjiemmanuel@gmail.com | Ref RIB-FEA52689EF55 | 10/6/2026, 4:39:40 PM | Confidential - redistribution prohibited"
"Aug 1, 2023","USD/KES","142.6412","Rock Investment Bank | Licensed to kironjiemmanuel@gmail.com | Ref RIB-FEA52689EF55 | 10/6/2026, 4:39:40 PM | Confidential - redistribution prohibited"
"Jul 31, 2023","USD/KES","142.5265","Rock Investment Bank | Licensed to kironjiemmanuel@gmail.com | Ref RIB-FEA52689EF55 | 10/6/2026, 4:39:40 PM | Confidential - redistribution prohibited"
"Jul 30, 2023","USD/KES","142.3647","Rock Investment Bank | Licensed to kironjiemmanuel@gmail.com | Ref RIB-FEA52689EF55 | 10/6/2026, 4:39:40 PM | Confidential - redistribution prohibited"
"Jul 28, 2023","USD/KES","142.2971","Rock Investment Bank | Licensed to kironjiemmanuel@gmail.com | Ref RIB-FEA52689EF55 | 10/6/2026, 4:39:40 PM | Confidential - redistribution prohibited"
"Jul 27, 2023","USD/KES","142.2971","Rock Investment Bank | Licensed to kironjiemmanuel@gmail.com | Ref RIB-FEA52689EF55 | 10/6/2026, 4:39:40 PM | Confidential - redistribution prohibited"
"Jul 26, 2023","USD/KES","142.2000","Rock Investment Bank | Licensed to kironjiemmanuel@gmail.com | Ref RIB-FEA52689EF55 | 10/6/2026, 4:39:40 PM | Confidential - redistribution prohibited"
"Jul 25, 2023","USD/KES","142.1176","Rock Investment Bank | Licensed to kironjiemmanuel@gmail.com | Ref RIB-FEA52689EF55 | 10/6/2026, 4:39:40 PM | Confidential - redistribution prohibited"
"Jul 24, 2023","USD/KES","141.9985","Rock Investment Bank | Licensed to kironjiemmanuel@gmail.com | Ref RIB-FEA52689EF55 | 10/6/2026, 4:39:40 PM | Confidential - redistribution prohibited"
"Jul 23, 2023","USD/KES","141.8426","Rock Investment Bank | Licensed to kironjiemmanuel@gmail.com | Ref RIB-FEA52689EF55 | 10/6/2026, 4:39:40 PM | Confidential - redistribution prohibited"
"Jul 21, 2023","USD/KES","141.7747","Rock Investment Bank | Licensed to kironjiemmanuel@gmail.com | Ref RIB-FEA52689EF55 | 10/6/2026, 4:39:40 PM | Confidential - redistribution prohibited"
"Jul 20, 2023","USD/KES","141.7747","Rock Investment Bank | Licensed to kironjiemmanuel@gmail.com | Ref RIB-FEA52689EF55 | 10/6/2026, 4:39:40 PM | Confidential - redistribution prohibited"
"Jul 19, 2023","USD/KES","141.6971","Rock Investment Bank | Licensed to kironjiemmanuel@gmail.com | Ref RIB-FEA52689EF55 | 10/6/2026, 4:39:40 PM | Confidential - redistribution prohibited"
"Jul 18, 2023","USD/KES","141.5912","Rock Investment Bank | Licensed to kironjiemmanuel@gmail.com | Ref RIB-FEA52689EF55 | 10/6/2026, 4:39:40 PM | Confidential - redistribution prohibited"
"Jul 17, 2023","USD/KES","141.4971","Rock Investment Bank | Licensed to kironjiemmanuel@gmail.com | Ref RIB-FEA52689EF55 | 10/6/2026, 4:39:40 PM | Confidential - redistribution prohibited"
"Jul 16, 2023","USD/KES","141.4412","Rock Investment Bank | Licensed to kironjiemmanuel@gmail.com | Ref RIB-FEA52689EF55 | 10/6/2026, 4:39:40 PM | Confidential - redistribution prohibited"
"Jul 14, 2023","USD/KES","141.3824","Rock Investment Bank | Licensed to kironjiemmanuel@gmail.com | Ref RIB-FEA52689EF55 | 10/6/2026, 4:39:40 PM | Confidential - redistribution prohibited"
"Jul 13, 2023","USD/KES","141.3824","Rock Investment Bank | Licensed to kironjiemmanuel@gmail.com | Ref RIB-FEA52689EF55 | 10/6/2026, 4:39:40 PM | Confidential - redistribution prohibited"
"Jul 12, 2023","USD/KES","141.2853","Rock Investment Bank | Licensed to kironjiemmanuel@gmail.com | Ref RIB-FEA52689EF55 | 10/6/2026, 4:39:40 PM | Confidential - redistribution prohibited"
"Jul 11, 2023","USD/KES","141.2088","Rock Investment Bank | Licensed to kironjiemmanuel@gmail.com | Ref RIB-FEA52689EF55 | 10/6/2026, 4:39:40 PM | Confidential - redistribution prohibited"
"Jul 10, 2023","USD/KES","141.0647","Rock Investment Bank | Licensed to kironjiemmanuel@gmail.com | Ref RIB-FEA52689EF55 | 10/6/2026, 4:39:40 PM | Confidential - redistribution prohibited"
"Jul 9, 2023","USD/KES","140.9853","Rock Investment Bank | Licensed to kironjiemmanuel@gmail.com | Ref RIB-FEA52689EF55 | 10/6/2026, 4:39:40 PM | Confidential - redistribution prohibited"
"Jul 7, 2023","USD/KES","140.9206","Rock Investment Bank | Licensed to kironjiemmanuel@gmail.com | Ref RIB-FEA52689EF55 | 10/6/2026, 4:39:40 PM | Confidential - redistribution prohibited"
"Jul 6, 2023","USD/KES","140.9206","Rock Investment Bank | Licensed to kironjiemmanuel@gmail.com | Ref RIB-FEA52689EF55 | 10/6/2026, 4:39:40 PM | Confidential - redistribution prohibited"
"Jul 5, 2023","USD/KES","140.7824","Rock Investment Bank | Licensed to kironjiemmanuel@gmail.com | Ref RIB-FEA52689EF55 | 10/6/2026, 4:39:40 PM | Confidential - redistribution prohibited"
"Jul 4, 2023","USD/KES","140.7235","Rock Investment Bank | Licensed to kironjiemmanuel@gmail.com | Ref RIB-FEA52689EF55 | 10/6/2026, 4:39:40 PM | Confidential - redistribution prohibited"
"Jul 3, 2023","USD/KES","140.6735","Rock Investment Bank | Licensed to kironjiemmanuel@gmail.com | Ref RIB-FEA52689EF55 | 10/6/2026, 4:39:40 PM | Confidential - redistribution prohibited"
"Jul 2, 2023","USD/KES","140.5735","Rock Investment Bank | Licensed to kironjiemmanuel@gmail.com | Ref RIB-FEA52689EF55 | 10/6/2026, 4:39:40 PM | Confidential - redistribution prohibited"
"Jun 30, 2023","USD/KES","140.5235","Rock Investment Bank | Licensed to kironjiemmanuel@gmail.com | Ref RIB-FEA52689EF55 | 10/6/2026, 4:39:40 PM | Confidential - redistribution prohibited"
"Jun 29, 2023","USD/KES","140.5235","Rock Investment Bank | Licensed to kironjiemmanuel@gmail.com | Ref RIB-FEA52689EF55 | 10/6/2026, 4:39:40 PM | Confidential - redistribution prohibited"
"Jun 28, 2023","USD/KES","140.4500","Rock Investment Bank | Licensed to kironjiemmanuel@gmail.com | Ref RIB-FEA52689EF55 | 10/6/2026, 4:39:40 PM | Confidential - redistribution prohibited"
"Jun 27, 2023","USD/KES","140.4441","Rock Investment Bank | Licensed to kironjiemmanuel@gmail.com | Ref RIB-FEA52689EF55 | 10/6/2026, 4:39:40 PM | Confidential - redistribution prohibited"
"Jun 26, 2023","USD/KES","140.4441","Rock Investment Bank | Licensed to kironjiemmanuel@gmail.com | Ref RIB-FEA52689EF55 | 10/6/2026, 4:39:40 PM | Confidential - redistribution prohibited"
"Jun 25, 2023","USD/KES","140.4412","Rock Investment Bank | Licensed to kironjiemmanuel@gmail.com | Ref RIB-FEA52689EF55 | 10/6/2026, 4:39:40 PM | Confidential - redistribution prohibited"
"Jun 23, 2023","USD/KES","140.4029","Rock Investment Bank | Licensed to kironjiemmanuel@gmail.com | Ref RIB-FEA52689EF55 | 10/6/2026, 4:39:40 PM | Confidential - redistribution prohibited"
"Jun 22, 2023","USD/KES","140.4029","Rock Investment Bank | Licensed to kironjiemmanuel@gmail.com | Ref RIB-FEA52689EF55 | 10/6/2026, 4:39:40 PM | Confidential - redistribution prohibited"
"Jun 21, 2023","USD/KES","140.3059","Rock Investment Bank | Licensed to kironjiemmanuel@gmail.com | Ref RIB-FEA52689EF55 | 10/6/2026, 4:39:40 PM | Confidential - redistribution prohibited"
"Jun 20, 2023","USD/KES","140.2000","Rock Investment Bank | Licensed to kironjiemmanuel@gmail.com | Ref RIB-FEA52689EF55 | 10/6/2026, 4:39:40 PM | Confidential - redistribution prohibited"
"Jun 19, 2023","USD/KES","140.1206","Rock Investment Bank | Licensed to kironjiemmanuel@gmail.com | Ref RIB-FEA52689EF55 | 10/6/2026, 4:39:40 PM | Confidential - redistribution prohibited"
"Jun 18, 2023","USD/KES","140.0412","Rock Investment Bank | Licensed to kironjiemmanuel@gmail.com | Ref RIB-FEA52689EF55 | 10/6/2026, 4:39:40 PM | Confidential - redistribution prohibited"
"Jun 16, 2023","USD/KES","139.8706","Rock Investment Bank | Licensed to kironjiemmanuel@gmail.com | Ref RIB-FEA52689EF55 | 10/6/2026, 4:39:40 PM | Confidential - redistribution prohibited"
"Jun 15, 2023","USD/KES","139.8706","Rock Investment Bank | Licensed to kironjiemmanuel@gmail.com | Ref RIB-FEA52689EF55 | 10/6/2026, 4:39:40 PM | Confidential - redistribution prohibited"
"Jun 14, 2023","USD/KES","139.7118","Rock Investment Bank | Licensed to kironjiemmanuel@gmail.com | Ref RIB-FEA52689EF55 | 10/6/2026, 4:39:40 PM | Confidential - redistribution prohibited"
"Jun 13, 2023","USD/KES","139.5276","Rock Investment Bank | Licensed to kironjiemmanuel@gmail.com | Ref RIB-FEA52689EF55 | 10/6/2026, 4:39:40 PM | Confidential - redistribution prohibited"
"Jun 12, 2023","USD/KES","139.4776","Rock Investment Bank | Licensed to kironjiemmanuel@gmail.com | Ref RIB-FEA52689EF55 | 10/6/2026, 4:39:40 PM | Confidential - redistribution prohibited"
"Jun 11, 2023","USD/KES","139.3500","Rock Investment Bank | Licensed to kironjiemmanuel@gmail.com | Ref RIB-FEA52689EF55 | 10/6/2026, 4:39:40 PM | Confidential - redistribution prohibited"
"Jun 9, 2023","USD/KES","139.2235","Rock Investment Bank | Licensed to kironjiemmanuel@gmail.com | Ref RIB-FEA52689EF55 | 10/6/2026, 4:39:40 PM | Confidential - redistribution prohibited"
"Jun 8, 2023","USD/KES","139.2235","Rock Investment Bank | Licensed to kironjiemmanuel@gmail.com | Ref RIB-FEA52689EF55 | 10/6/2026, 4:39:40 PM | Confidential - redistribution prohibited"
"Jun 7, 2023","USD/KES","139.1124","Rock Investment Bank | Licensed to kironjiemmanuel@gmail.com | Ref RIB-FEA52689EF55 | 10/6/2026, 4:39:40 PM | Confidential - redistribution prohibited"
"Jun 6, 2023","USD/KES","138.9676","Rock Investment Bank | Licensed to kironjiemmanuel@gmail.com | Ref RIB-FEA52689EF55 | 10/6/2026, 4:39:40 PM | Confidential - redistribution prohibited"
"Jun 5, 2023","USD/KES","138.8735","Rock Investment Bank | Licensed to kironjiemmanuel@gmail.com | Ref RIB-FEA52689EF55 | 10/6/2026, 4:39:40 PM | Confidential - redistribution prohibited"
"Jun 4, 2023","USD/KES","138.7559","Rock Investment Bank | Licensed to kironjiemmanuel@gmail.com | Ref RIB-FEA52689EF55 | 10/6/2026, 4:39:40 PM | Confidential - redistribution prohibited"
"Jun 2, 2023","USD/KES","138.6088","Rock Investment Bank | Licensed to kironjiemmanuel@gmail.com | Ref RIB-FEA52689EF55 | 10/6/2026, 4:39:40 PM | Confidential - redistribution prohibited"
"Jun 1, 2023","USD/KES","138.6088","Rock Investment Bank | Licensed to kironjiemmanuel@gmail.com | Ref RIB-FEA52689EF55 | 10/6/2026, 4:39:40 PM | Confidential - redistribution prohibited"
"May 31, 2023","USD/KES","138.4912","Rock Investment Bank | Licensed to kironjiemmanuel@gmail.com | Ref RIB-FEA52689EF55 | 10/6/2026, 4:39:40 PM | Confidential - redistribution prohibited"
"May 30, 2023","USD/KES","138.4912","Rock Investment Bank | Licensed to kironjiemmanuel@gmail.com | Ref RIB-FEA52689EF55 | 10/6/2026, 4:39:40 PM | Confidential - redistribution prohibited"
"May 29, 2023","USD/KES","138.4176","Rock Investment Bank | Licensed to kironjiemmanuel@gmail.com | Ref RIB-FEA52689EF55 | 10/6/2026, 4:39:40 PM | Confidential - redistribution prohibited"
"May 28, 2023","USD/KES","138.3324","Rock Investment Bank | Licensed to kironjiemmanuel@gmail.com | Ref RIB-FEA52689EF55 | 10/6/2026, 4:39:40 PM | Confidential - redistribution prohibited"
"May 26, 2023","USD/KES","138.2529","Rock Investment Bank | Licensed to kironjiemmanuel@gmail.com | Ref RIB-FEA52689EF55 | 10/6/2026, 4:39:40 PM | Confidential - redistribution prohibited"
"May 25, 2023","USD/KES","138.2529","Rock Investment Bank | Licensed to kironjiemmanuel@gmail.com | Ref RIB-FEA52689EF55 | 10/6/2026, 4:39:40 PM | Confidential - redistribution prohibited"
"May 24, 2023","USD/KES","138.1324","Rock Investment Bank | Licensed to kironjiemmanuel@gmail.com | Ref RIB-FEA52689EF55 | 10/6/2026, 4:39:40 PM | Confidential - redistribution prohibited"
"May 23, 2023","USD/KES","137.9559","Rock Investment Bank | Licensed to kironjiemmanuel@gmail.com | Ref RIB-FEA52689EF55 | 10/6/2026, 4:39:40 PM | Confidential - redistribution prohibited"
"May 22, 2023","USD/KES","137.7618","Rock Investment Bank | Licensed to kironjiemmanuel@gmail.com | Ref RIB-FEA52689EF55 | 10/6/2026, 4:39:40 PM | Confidential - redistribution prohibited"
"May 21, 2023","USD/KES","137.6265","Rock Investment Bank | Licensed to kironjiemmanuel@gmail.com | Ref RIB-FEA52689EF55 | 10/6/2026, 4:39:40 PM | Confidential - redistribution prohibited"
"May 19, 2023","USD/KES","137.4912","Rock Investment Bank | Licensed to kironjiemmanuel@gmail.com | Ref RIB-FEA52689EF55 | 10/6/2026, 4:39:40 PM | Confidential - redistribution prohibited"
"May 18, 2023","USD/KES","137.4912","Rock Investment Bank | Licensed to kironjiemmanuel@gmail.com | Ref RIB-FEA52689EF55 | 10/6/2026, 4:39:40 PM | Confidential - redistribution prohibited"
"May 17, 2023","USD/KES","136.3735","Rock Investment Bank | Licensed to kironjiemmanuel@gmail.com | Ref RIB-FEA52689EF55 | 10/6/2026, 4:39:40 PM | Confidential - redistribution prohibited"
"May 16, 2023","USD/KES","137.2382","Rock Investment Bank | Licensed to kironjiemmanuel@gmail.com | Ref RIB-FEA52689EF55 | 10/6/2026, 4:39:40 PM | Confidential - redistribution prohibited"
"May 15, 2023","USD/KES","137.1029","Rock Investment Bank | Licensed to kironjiemmanuel@gmail.com | Ref RIB-FEA52689EF55 | 10/6/2026, 4:39:40 PM | Confidential - redistribution prohibited"
"May 14, 2023","USD/KES","137.1029","Rock Investment Bank | Licensed to kironjiemmanuel@gmail.com | Ref RIB-FEA52689EF55 | 10/6/2026, 4:39:40 PM | Confidential - redistribution prohibited"
"May 12, 2023","USD/KES","136.8765","Rock Investment Bank | Licensed to kironjiemmanuel@gmail.com | Ref RIB-FEA52689EF55 | 10/6/2026, 4:39:40 PM | Confidential - redistribution prohibited"
"May 11, 2023","USD/KES","136.8765","Rock Investment Bank | Licensed to kironjiemmanuel@gmail.com | Ref RIB-FEA52689EF55 | 10/6/2026, 4:39:40 PM | Confidential - redistribution prohibited"
"May 10, 2023","USD/KES","136.7912","Rock Investment Bank | Licensed to kironjiemmanuel@gmail.com | Ref RIB-FEA52689EF55 | 10/6/2026, 4:39:40 PM | Confidential - redistribution prohibited"
"May 9, 2023","USD/KES","136.6765","Rock Investment Bank | Licensed to kironjiemmanuel@gmail.com | Ref RIB-FEA52689EF55 | 10/6/2026, 4:39:40 PM | Confidential - redistribution prohibited"
"May 8, 2023","USD/KES","136.5853","Rock Investment Bank | Licensed to kironjiemmanuel@gmail.com | Ref RIB-FEA52689EF55 | 10/6/2026, 4:39:40 PM | Confidential - redistribution prohibited"
"May 7, 2023","USD/KES","136.4676","Rock Investment Bank | Licensed to kironjiemmanuel@gmail.com | Ref RIB-FEA52689EF55 | 10/6/2026, 4:39:40 PM | Confidential - redistribution prohibited"
"May 5, 2023","USD/KES","136.3971","Rock Investment Bank | Licensed to kironjiemmanuel@gmail.com | Ref RIB-FEA52689EF55 | 10/6/2026, 4:39:40 PM | Confidential - redistribution prohibited"
"May 4, 2023","USD/KES","136.3971","Rock Investment Bank | Licensed to kironjiemmanuel@gmail.com | Ref RIB-FEA52689EF55 | 10/6/2026, 4:39:40 PM | Confidential - redistribution prohibited"
"May 3, 2023","USD/KES","136.2618","Rock Investment Bank | Licensed to kironjiemmanuel@gmail.com | Ref RIB-FEA52689EF55 | 10/6/2026, 4:39:40 PM | Confidential - redistribution prohibited"
"May 2, 2023","USD/KES","136.1529","Rock Investment Bank | Licensed to kironjiemmanuel@gmail.com | Ref RIB-FEA52689EF55 | 10/6/2026, 4:39:40 PM | Confidential - redistribution prohibited"
"May 1, 2023","USD/KES","136.0176","Rock Investment Bank | Licensed to kironjiemmanuel@gmail.com | Ref RIB-FEA52689EF55 | 10/6/2026, 4:39:40 PM | Confidential - redistribution prohibited"
"Apr 28, 2023","USD/KES","135.9118","Rock Investment Bank | Licensed to kironjiemmanuel@gmail.com | Ref RIB-FEA52689EF55 | 10/6/2026, 4:39:40 PM | Confidential - redistribution prohibited"
"Apr 27, 2023","USD/KES","135.9118","Rock Investment Bank | Licensed to kironjiemmanuel@gmail.com | Ref RIB-FEA52689EF55 | 10/6/2026, 4:39:40 PM | Confidential - redistribution prohibited"
"Apr 26, 2023","USD/KES","135.8324","Rock Investment Bank | Licensed to kironjiemmanuel@gmail.com | Ref RIB-FEA52689EF55 | 10/6/2026, 4:39:40 PM | Confidential - redistribution prohibited"
"Apr 25, 2023","USD/KES","135.6588","Rock Investment Bank | Licensed to kironjiemmanuel@gmail.com | Ref RIB-FEA52689EF55 | 10/6/2026, 4:39:40 PM | Confidential - redistribution prohibited"
"Apr 24, 2023","USD/KES","135.4824","Rock Investment Bank | Licensed to kironjiemmanuel@gmail.com | Ref RIB-FEA52689EF55 | 10/6/2026, 4:39:40 PM | Confidential - redistribution prohibited"
"Apr 23, 2023","USD/KES","135.3147","Rock Investment Bank | Licensed to kironjiemmanuel@gmail.com | Ref RIB-FEA52689EF55 | 10/6/2026, 4:39:40 PM | Confidential - redistribution prohibited"
"Apr 20, 2023","USD/KES","135.1912","Rock Investment Bank | Licensed to kironjiemmanuel@gmail.com | Ref RIB-FEA52689EF55 | 10/6/2026, 4:39:40 PM | Confidential - redistribution prohibited"
"Apr 19, 2023","USD/KES","135.1912","Rock Investment Bank | Licensed to kironjiemmanuel@gmail.com | Ref RIB-FEA52689EF55 | 10/6/2026, 4:39:40 PM | Confidential - redistribution prohibited"
"Apr 18, 2023","USD/KES","134.9735","Rock Investment Bank | Licensed to kironjiemmanuel@gmail.com | Ref RIB-FEA52689EF55 | 10/6/2026, 4:39:40 PM | Confidential - redistribution prohibited"
"Apr 17, 2023","USD/KES","134.7382","Rock Investment Bank | Licensed to kironjiemmanuel@gmail.com | Ref RIB-FEA52689EF55 | 10/6/2026, 4:39:40 PM | Confidential - redistribution prohibited"
"Apr 16, 2023","USD/KES","134.5676","Rock Investment Bank | Licensed to kironjiemmanuel@gmail.com | Ref RIB-FEA52689EF55 | 10/6/2026, 4:39:40 PM | Confidential - redistribution prohibited"
"Apr 14, 2023","USD/KES","134.3529","Rock Investment Bank | Licensed to kironjiemmanuel@gmail.com | Ref RIB-FEA52689EF55 | 10/6/2026, 4:39:40 PM | Confidential - redistribution prohibited"
"Apr 13, 2023","USD/KES","134.3529","Rock Investment Bank | Licensed to kironjiemmanuel@gmail.com | Ref RIB-FEA52689EF55 | 10/6/2026, 4:39:40 PM | Confidential - redistribution prohibited"
"Apr 12, 2023","USD/KES","133.9529","Rock Investment Bank | Licensed to kironjiemmanuel@gmail.com | Ref RIB-FEA52689EF55 | 10/6/2026, 4:39:40 PM | Confidential - redistribution prohibited"
"Apr 11, 2023","USD/KES","133.7235","Rock Investment Bank | Licensed to kironjiemmanuel@gmail.com | Ref RIB-FEA52689EF55 | 10/6/2026, 4:39:40 PM | Confidential - redistribution prohibited"
"Apr 10, 2023","USD/KES","133.5882","Rock Investment Bank | Licensed to kironjiemmanuel@gmail.com | Ref RIB-FEA52689EF55 | 10/6/2026, 4:39:40 PM | Confidential - redistribution prohibited"
"Apr 6, 2023","USD/KES","133.3000","Rock Investment Bank | Licensed to kironjiemmanuel@gmail.com | Ref RIB-FEA52689EF55 | 10/6/2026, 4:39:40 PM | Confidential - redistribution prohibited"
"Apr 5, 2023","USD/KES","133.3000","Rock Investment Bank | Licensed to kironjiemmanuel@gmail.com | Ref RIB-FEA52689EF55 | 10/6/2026, 4:39:40 PM | Confidential - redistribution prohibited"
"Apr 4, 2023","USD/KES","132.9412","Rock Investment Bank | Licensed to kironjiemmanuel@gmail.com | Ref RIB-FEA52689EF55 | 10/6/2026, 4:39:40 PM | Confidential - redistribution prohibited"
"Apr 3, 2023","USD/KES","132.6735","Rock Investment Bank | Licensed to kironjiemmanuel@gmail.com | Ref RIB-FEA52689EF55 | 10/6/2026, 4:39:40 PM | Confidential - redistribution prohibited"
"Apr 2, 2023","USD/KES","132.5206","Rock Investment Bank | Licensed to kironjiemmanuel@gmail.com | Ref RIB-FEA52689EF55 | 10/6/2026, 4:39:40 PM | Confidential - redistribution prohibited"
"Mar 31, 2023","USD/KES","132.3324","Rock Investment Bank | Licensed to kironjiemmanuel@gmail.com | Ref RIB-FEA52689EF55 | 10/6/2026, 4:39:40 PM | Confidential - redistribution prohibited"
"Mar 30, 2023","USD/KES","132.3324","Rock Investment Bank | Licensed to kironjiemmanuel@gmail.com | Ref RIB-FEA52689EF55 | 10/6/2026, 4:39:40 PM | Confidential - redistribution prohibited"
"Mar 29, 2023","USD/KES","132.1265","Rock Investment Bank | Licensed to kironjiemmanuel@gmail.com | Ref RIB-FEA52689EF55 | 10/6/2026, 4:39:40 PM | Confidential - redistribution prohibited"
"Mar 28, 2023","USD/KES","131.7765","Rock Investment Bank | Licensed to kironjiemmanuel@gmail.com | Ref RIB-FEA52689EF55 | 10/6/2026, 4:39:40 PM | Confidential - redistribution prohibited"
"Mar 27, 2023","USD/KES","131.5294","Rock Investment Bank | Licensed to kironjiemmanuel@gmail.com | Ref RIB-FEA52689EF55 | 10/6/2026, 4:39:40 PM | Confidential - redistribution prohibited"
"Mar 26, 2023","USD/KES","131.3971","Rock Investment Bank | Licensed to kironjiemmanuel@gmail.com | Ref RIB-FEA52689EF55 | 10/6/2026, 4:39:40 PM | Confidential - redistribution prohibited"
"Mar 24, 2023","USD/KES","131.2735","Rock Investment Bank | Licensed to kironjiemmanuel@gmail.com | Ref RIB-FEA52689EF55 | 10/6/2026, 4:39:40 PM | Confidential - redistribution prohibited"
"Mar 23, 2023","USD/KES","131.2735","Rock Investment Bank | Licensed to kironjiemmanuel@gmail.com | Ref RIB-FEA52689EF55 | 10/6/2026, 4:39:40 PM | Confidential - redistribution prohibited"
"Mar 22, 2023","USD/KES","130.9941","Rock Investment Bank | Licensed to kironjiemmanuel@gmail.com | Ref RIB-FEA52689EF55 | 10/6/2026, 4:39:40 PM | Confidential - redistribution prohibited"
"Mar 21, 2023","USD/KES","130.6176","Rock Investment Bank | Licensed to kironjiemmanuel@gmail.com | Ref RIB-FEA52689EF55 | 10/6/2026, 4:39:40 PM | Confidential - redistribution prohibited"
"Mar 20, 2023","USD/KES","130.3206","Rock Investment Bank | Licensed to kironjiemmanuel@gmail.com | Ref RIB-FEA52689EF55 | 10/6/2026, 4:39:40 PM | Confidential - redistribution prohibited"
"Mar 19, 2023","USD/KES","130.0088","Rock Investment Bank | Licensed to kironjiemmanuel@gmail.com | Ref RIB-FEA52689EF55 | 10/6/2026, 4:39:40 PM | Confidential - redistribution prohibited"
"Mar 17, 2023","USD/KES","129.8824","Rock Investment Bank | Licensed to kironjiemmanuel@gmail.com | Ref RIB-FEA52689EF55 | 10/6/2026, 4:39:40 PM | Confidential - redistribution prohibited"
"Mar 16, 2023","USD/KES","129.8824","Rock Investment Bank | Licensed to kironjiemmanuel@gmail.com | Ref RIB-FEA52689EF55 | 10/6/2026, 4:39:40 PM | Confidential - redistribution prohibited"
"Mar 15, 2023","USD/KES","129.7618","Rock Investment Bank | Licensed to kironjiemmanuel@gmail.com | Ref RIB-FEA52689EF55 | 10/6/2026, 4:39:40 PM | Confidential - redistribution prohibited"
"Mar 14, 2023","USD/KES","129.5882","Rock Investment Bank | Licensed to kironjiemmanuel@gmail.com | Ref RIB-FEA52689EF55 | 10/6/2026, 4:39:40 PM | Confidential - redistribution prohibited"
"Mar 13, 2023","USD/KES","129.4529","Rock Investment Bank | Licensed to kironjiemmanuel@gmail.com | Ref RIB-FEA52689EF55 | 10/6/2026, 4:39:40 PM | Confidential - redistribution prohibited"
"Mar 12, 2023","USD/KES","129.2412","Rock Investment Bank | Licensed to kironjiemmanuel@gmail.com | Ref RIB-FEA52689EF55 | 10/6/2026, 4:39:40 PM | Confidential - redistribution prohibited"
"Mar 10, 2023","USD/KES","128.8882","Rock Investment Bank | Licensed to kironjiemmanuel@gmail.com | Ref RIB-FEA52689EF55 | 10/6/2026, 4:39:40 PM | Confidential - redistribution prohibited"
"Mar 9, 2023","USD/KES","128.8882","Rock Investment Bank | Licensed to kironjiemmanuel@gmail.com | Ref RIB-FEA52689EF55 | 10/6/2026, 4:39:40 PM | Confidential - redistribution prohibited"
"Mar 8, 2023","USD/KES","128.5912","Rock Investment Bank | Licensed to kironjiemmanuel@gmail.com | Ref RIB-FEA52689EF55 | 10/6/2026, 4:39:40 PM | Confidential - redistribution prohibited"
"Mar 7, 2023","USD/KES","128.3618","Rock Investment Bank | Licensed to kironjiemmanuel@gmail.com | Ref RIB-FEA52689EF55 | 10/6/2026, 4:39:40 PM | Confidential - redistribution prohibited"
"Mar 6, 2023","USD/KES","128.1088","Rock Investment Bank | Licensed to kironjiemmanuel@gmail.com | Ref RIB-FEA52689EF55 | 10/6/2026, 4:39:40 PM | Confidential - redistribution prohibited"
"Mar 5, 2023","USD/KES","127.7559","Rock Investment Bank | Licensed to kironjiemmanuel@gmail.com | Ref RIB-FEA52689EF55 | 10/6/2026, 4:39:40 PM | Confidential - redistribution prohibited"
"Mar 3, 2023","USD/KES","127.5441","Rock Investment Bank | Licensed to kironjiemmanuel@gmail.com | Ref RIB-FEA52689EF55 | 10/6/2026, 4:39:40 PM | Confidential - redistribution prohibited"
"Mar 2, 2023","USD/KES","127.5441","Rock Investment Bank | Licensed to kironjiemmanuel@gmail.com | Ref RIB-FEA52689EF55 | 10/6/2026, 4:39:40 PM | Confidential - redistribution prohibited"
"Mar 1, 2023","USD/KES","127.2941","Rock Investment Bank | Licensed to kironjiemmanuel@gmail.com | Ref RIB-FEA52689EF55 | 10/6/2026, 4:39:40 PM | Confidential - redistribution prohibited"
"Feb 28, 2023","USD/KES","127.0794","Rock Investment Bank | Licensed to kironjiemmanuel@gmail.com | Ref RIB-FEA52689EF55 | 10/6/2026, 4:39:40 PM | Confidential - redistribution prohibited"
"Feb 27, 2023","USD/KES","126.8529","Rock Investment Bank | Licensed to kironjiemmanuel@gmail.com | Ref RIB-FEA52689EF55 | 10/6/2026, 4:39:40 PM | Confidential - redistribution prohibited"
"Feb 26, 2023","USD/KES","126.6147","Rock Investment Bank | Licensed to kironjiemmanuel@gmail.com | Ref RIB-FEA52689EF55 | 10/6/2026, 4:39:40 PM | Confidential - redistribution prohibited"
"Feb 24, 2023","USD/KES","126.4294","Rock Investment Bank | Licensed to kironjiemmanuel@gmail.com | Ref RIB-FEA52689EF55 | 10/6/2026, 4:39:40 PM | Confidential - redistribution prohibited"
"Feb 23, 2023","USD/KES","126.4294","Rock Investment Bank | Licensed to kironjiemmanuel@gmail.com | Ref RIB-FEA52689EF55 | 10/6/2026, 4:39:40 PM | Confidential - redistribution prohibited"
"Feb 22, 2023","USD/KES","126.2676","Rock Investment Bank | Licensed to kironjiemmanuel@gmail.com | Ref RIB-FEA52689EF55 | 10/6/2026, 4:39:40 PM | Confidential - redistribution prohibited"
"Feb 21, 2023","USD/KES","126.0794","Rock Investment Bank | Licensed to kironjiemmanuel@gmail.com | Ref RIB-FEA52689EF55 | 10/6/2026, 4:39:40 PM | Confidential - redistribution prohibited"
"Feb 20, 2023","USD/KES","125.9353","Rock Investment Bank | Licensed to kironjiemmanuel@gmail.com | Ref RIB-FEA52689EF55 | 10/6/2026, 4:39:40 PM | Confidential - redistribution prohibited"
"Feb 19, 2023","USD/KES","125.7706","Rock Investment Bank | Licensed to kironjiemmanuel@gmail.com | Ref RIB-FEA52689EF55 | 10/6/2026, 4:39:40 PM | Confidential - redistribution prohibited"
"Feb 17, 2023","USD/KES","125.6265","Rock Investment Bank | Licensed to kironjiemmanuel@gmail.com | Ref RIB-FEA52689EF55 | 10/6/2026, 4:39:40 PM | Confidential - redistribution prohibited"