"Date","Indicator","Value","Source"
"June 25, 2026","Daily Volumes (KES Mn)","12230.00","Rock Investment Bank | Licensed to kironjiemmanuel@gmail.com | Ref RIB-60A6C432A027 | 10/6/2026, 4:44:04 PM | Confidential - redistribution prohibited"
"June 25, 2026","Daily Average Interbank Rate","8.75","Rock Investment Bank | Licensed to kironjiemmanuel@gmail.com | Ref RIB-60A6C432A027 | 10/6/2026, 4:44:04 PM | Confidential - redistribution prohibited"
"June 25, 2026","Upper Corridor Limit","9.25","Rock Investment Bank | Licensed to kironjiemmanuel@gmail.com | Ref RIB-60A6C432A027 | 10/6/2026, 4:44:04 PM | Confidential - redistribution prohibited"
"June 25, 2026","Lower Corridor Limit","8.25","Rock Investment Bank | Licensed to kironjiemmanuel@gmail.com | Ref RIB-60A6C432A027 | 10/6/2026, 4:44:04 PM | Confidential - redistribution prohibited"
"June 24, 2026","Daily Volumes (KES Mn)","15580.00","Rock Investment Bank | Licensed to kironjiemmanuel@gmail.com | Ref RIB-60A6C432A027 | 10/6/2026, 4:44:04 PM | Confidential - redistribution prohibited"
"June 24, 2026","Daily Average Interbank Rate","8.75","Rock Investment Bank | Licensed to kironjiemmanuel@gmail.com | Ref RIB-60A6C432A027 | 10/6/2026, 4:44:04 PM | Confidential - redistribution prohibited"
"June 24, 2026","Upper Corridor Limit","9.25","Rock Investment Bank | Licensed to kironjiemmanuel@gmail.com | Ref RIB-60A6C432A027 | 10/6/2026, 4:44:04 PM | Confidential - redistribution prohibited"
"June 24, 2026","Lower Corridor Limit","8.25","Rock Investment Bank | Licensed to kironjiemmanuel@gmail.com | Ref RIB-60A6C432A027 | 10/6/2026, 4:44:04 PM | Confidential - redistribution prohibited"
"June 23, 2026","Daily Volumes (KES Mn)","27530.00","Rock Investment Bank | Licensed to kironjiemmanuel@gmail.com | Ref RIB-60A6C432A027 | 10/6/2026, 4:44:04 PM | Confidential - redistribution prohibited"
"June 23, 2026","Daily Average Interbank Rate","8.75","Rock Investment Bank | Licensed to kironjiemmanuel@gmail.com | Ref RIB-60A6C432A027 | 10/6/2026, 4:44:04 PM | Confidential - redistribution prohibited"
"June 23, 2026","Upper Corridor Limit","9.25","Rock Investment Bank | Licensed to kironjiemmanuel@gmail.com | Ref RIB-60A6C432A027 | 10/6/2026, 4:44:04 PM | Confidential - redistribution prohibited"
"June 23, 2026","Lower Corridor Limit","8.25","Rock Investment Bank | Licensed to kironjiemmanuel@gmail.com | Ref RIB-60A6C432A027 | 10/6/2026, 4:44:04 PM | Confidential - redistribution prohibited"
"June 22, 2026","Daily Volumes (KES Mn)","18085.00","Rock Investment Bank | Licensed to kironjiemmanuel@gmail.com | Ref RIB-60A6C432A027 | 10/6/2026, 4:44:04 PM | Confidential - redistribution prohibited"
"June 22, 2026","Daily Average Interbank Rate","8.75","Rock Investment Bank | Licensed to kironjiemmanuel@gmail.com | Ref RIB-60A6C432A027 | 10/6/2026, 4:44:04 PM | Confidential - redistribution prohibited"
"June 22, 2026","Upper Corridor Limit","9.25","Rock Investment Bank | Licensed to kironjiemmanuel@gmail.com | Ref RIB-60A6C432A027 | 10/6/2026, 4:44:04 PM | Confidential - redistribution prohibited"
"June 22, 2026","Lower Corridor Limit","8.25","Rock Investment Bank | Licensed to kironjiemmanuel@gmail.com | Ref RIB-60A6C432A027 | 10/6/2026, 4:44:04 PM | Confidential - redistribution prohibited"
"June 19, 2026","Daily Volumes (KES Mn)","7310.00","Rock Investment Bank | Licensed to kironjiemmanuel@gmail.com | Ref RIB-60A6C432A027 | 10/6/2026, 4:44:04 PM | Confidential - redistribution prohibited"
"June 19, 2026","Daily Average Interbank Rate","8.75","Rock Investment Bank | Licensed to kironjiemmanuel@gmail.com | Ref RIB-60A6C432A027 | 10/6/2026, 4:44:04 PM | Confidential - redistribution prohibited"
"June 19, 2026","Upper Corridor Limit","9.25","Rock Investment Bank | Licensed to kironjiemmanuel@gmail.com | Ref RIB-60A6C432A027 | 10/6/2026, 4:44:04 PM | Confidential - redistribution prohibited"
"June 19, 2026","Lower Corridor Limit","8.25","Rock Investment Bank | Licensed to kironjiemmanuel@gmail.com | Ref RIB-60A6C432A027 | 10/6/2026, 4:44:04 PM | Confidential - redistribution prohibited"
"June 18, 2026","Daily Volumes (KES Mn)","5660.00","Rock Investment Bank | Licensed to kironjiemmanuel@gmail.com | Ref RIB-60A6C432A027 | 10/6/2026, 4:44:04 PM | Confidential - redistribution prohibited"
"June 18, 2026","Daily Average Interbank Rate","8.75","Rock Investment Bank | Licensed to kironjiemmanuel@gmail.com | Ref RIB-60A6C432A027 | 10/6/2026, 4:44:04 PM | Confidential - redistribution prohibited"
"June 18, 2026","Upper Corridor Limit","9.25","Rock Investment Bank | Licensed to kironjiemmanuel@gmail.com | Ref RIB-60A6C432A027 | 10/6/2026, 4:44:04 PM | Confidential - redistribution prohibited"
"June 18, 2026","Lower Corridor Limit","8.25","Rock Investment Bank | Licensed to kironjiemmanuel@gmail.com | Ref RIB-60A6C432A027 | 10/6/2026, 4:44:04 PM | Confidential - redistribution prohibited"
"June 17, 2026","Daily Volumes (KES Mn)","2550.00","Rock Investment Bank | Licensed to kironjiemmanuel@gmail.com | Ref RIB-60A6C432A027 | 10/6/2026, 4:44:04 PM | Confidential - redistribution prohibited"
"June 17, 2026","Daily Average Interbank Rate","8.75","Rock Investment Bank | Licensed to kironjiemmanuel@gmail.com | Ref RIB-60A6C432A027 | 10/6/2026, 4:44:04 PM | Confidential - redistribution prohibited"
"June 17, 2026","Upper Corridor Limit","9.25","Rock Investment Bank | Licensed to kironjiemmanuel@gmail.com | Ref RIB-60A6C432A027 | 10/6/2026, 4:44:04 PM | Confidential - redistribution prohibited"
"June 17, 2026","Lower Corridor Limit","8.25","Rock Investment Bank | Licensed to kironjiemmanuel@gmail.com | Ref RIB-60A6C432A027 | 10/6/2026, 4:44:04 PM | Confidential - redistribution prohibited"
"June 16, 2026","Daily Volumes (KES Mn)","3900.00","Rock Investment Bank | Licensed to kironjiemmanuel@gmail.com | Ref RIB-60A6C432A027 | 10/6/2026, 4:44:04 PM | Confidential - redistribution prohibited"
"June 16, 2026","Daily Average Interbank Rate","8.75","Rock Investment Bank | Licensed to kironjiemmanuel@gmail.com | Ref RIB-60A6C432A027 | 10/6/2026, 4:44:04 PM | Confidential - redistribution prohibited"
"June 16, 2026","Upper Corridor Limit","9.25","Rock Investment Bank | Licensed to kironjiemmanuel@gmail.com | Ref RIB-60A6C432A027 | 10/6/2026, 4:44:04 PM | Confidential - redistribution prohibited"
"June 16, 2026","Lower Corridor Limit","8.25","Rock Investment Bank | Licensed to kironjiemmanuel@gmail.com | Ref RIB-60A6C432A027 | 10/6/2026, 4:44:04 PM | Confidential - redistribution prohibited"
"June 15, 2026","Daily Volumes (KES Mn)","3750.00","Rock Investment Bank | Licensed to kironjiemmanuel@gmail.com | Ref RIB-60A6C432A027 | 10/6/2026, 4:44:04 PM | Confidential - redistribution prohibited"
"June 15, 2026","Daily Average Interbank Rate","8.75","Rock Investment Bank | Licensed to kironjiemmanuel@gmail.com | Ref RIB-60A6C432A027 | 10/6/2026, 4:44:04 PM | Confidential - redistribution prohibited"
"June 15, 2026","Upper Corridor Limit","9.25","Rock Investment Bank | Licensed to kironjiemmanuel@gmail.com | Ref RIB-60A6C432A027 | 10/6/2026, 4:44:04 PM | Confidential - redistribution prohibited"
"June 15, 2026","Lower Corridor Limit","8.25","Rock Investment Bank | Licensed to kironjiemmanuel@gmail.com | Ref RIB-60A6C432A027 | 10/6/2026, 4:44:04 PM | Confidential - redistribution prohibited"
"June 12, 2026","Daily Volumes (KES Mn)","12200.00","Rock Investment Bank | Licensed to kironjiemmanuel@gmail.com | Ref RIB-60A6C432A027 | 10/6/2026, 4:44:04 PM | Confidential - redistribution prohibited"
"June 12, 2026","Daily Average Interbank Rate","8.75","Rock Investment Bank | Licensed to kironjiemmanuel@gmail.com | Ref RIB-60A6C432A027 | 10/6/2026, 4:44:04 PM | Confidential - redistribution prohibited"
"June 12, 2026","Upper Corridor Limit","9.25","Rock Investment Bank | Licensed to kironjiemmanuel@gmail.com | Ref RIB-60A6C432A027 | 10/6/2026, 4:44:04 PM | Confidential - redistribution prohibited"
"June 12, 2026","Lower Corridor Limit","8.25","Rock Investment Bank | Licensed to kironjiemmanuel@gmail.com | Ref RIB-60A6C432A027 | 10/6/2026, 4:44:04 PM | Confidential - redistribution prohibited"
"June 11, 2026","Daily Volumes (KES Mn)","11298.00","Rock Investment Bank | Licensed to kironjiemmanuel@gmail.com | Ref RIB-60A6C432A027 | 10/6/2026, 4:44:04 PM | Confidential - redistribution prohibited"
"June 11, 2026","Daily Average Interbank Rate","8.75","Rock Investment Bank | Licensed to kironjiemmanuel@gmail.com | Ref RIB-60A6C432A027 | 10/6/2026, 4:44:04 PM | Confidential - redistribution prohibited"
"June 11, 2026","Upper Corridor Limit","9.25","Rock Investment Bank | Licensed to kironjiemmanuel@gmail.com | Ref RIB-60A6C432A027 | 10/6/2026, 4:44:04 PM | Confidential - redistribution prohibited"
"June 11, 2026","Lower Corridor Limit","8.25","Rock Investment Bank | Licensed to kironjiemmanuel@gmail.com | Ref RIB-60A6C432A027 | 10/6/2026, 4:44:04 PM | Confidential - redistribution prohibited"
"June 10, 2026","Daily Volumes (KES Mn)","12762.00","Rock Investment Bank | Licensed to kironjiemmanuel@gmail.com | Ref RIB-60A6C432A027 | 10/6/2026, 4:44:04 PM | Confidential - redistribution prohibited"
"June 10, 2026","Daily Average Interbank Rate","8.75","Rock Investment Bank | Licensed to kironjiemmanuel@gmail.com | Ref RIB-60A6C432A027 | 10/6/2026, 4:44:04 PM | Confidential - redistribution prohibited"
"June 10, 2026","Upper Corridor Limit","9.25","Rock Investment Bank | Licensed to kironjiemmanuel@gmail.com | Ref RIB-60A6C432A027 | 10/6/2026, 4:44:04 PM | Confidential - redistribution prohibited"
"June 10, 2026","Lower Corridor Limit","8.25","Rock Investment Bank | Licensed to kironjiemmanuel@gmail.com | Ref RIB-60A6C432A027 | 10/6/2026, 4:44:04 PM | Confidential - redistribution prohibited"
"June 9, 2026","Daily Volumes (KES Mn)","15460.00","Rock Investment Bank | Licensed to kironjiemmanuel@gmail.com | Ref RIB-60A6C432A027 | 10/6/2026, 4:44:04 PM | Confidential - redistribution prohibited"
"June 9, 2026","Daily Average Interbank Rate","8.75","Rock Investment Bank | Licensed to kironjiemmanuel@gmail.com | Ref RIB-60A6C432A027 | 10/6/2026, 4:44:04 PM | Confidential - redistribution prohibited"
"June 9, 2026","Upper Corridor Limit","9.25","Rock Investment Bank | Licensed to kironjiemmanuel@gmail.com | Ref RIB-60A6C432A027 | 10/6/2026, 4:44:04 PM | Confidential - redistribution prohibited"
"June 9, 2026","Lower Corridor Limit","8.25","Rock Investment Bank | Licensed to kironjiemmanuel@gmail.com | Ref RIB-60A6C432A027 | 10/6/2026, 4:44:04 PM | Confidential - redistribution prohibited"
"June 8, 2026","Daily Volumes (KES Mn)","5800.00","Rock Investment Bank | Licensed to kironjiemmanuel@gmail.com | Ref RIB-60A6C432A027 | 10/6/2026, 4:44:04 PM | Confidential - redistribution prohibited"
"June 8, 2026","Daily Average Interbank Rate","8.75","Rock Investment Bank | Licensed to kironjiemmanuel@gmail.com | Ref RIB-60A6C432A027 | 10/6/2026, 4:44:04 PM | Confidential - redistribution prohibited"
"June 8, 2026","Upper Corridor Limit","9.25","Rock Investment Bank | Licensed to kironjiemmanuel@gmail.com | Ref RIB-60A6C432A027 | 10/6/2026, 4:44:04 PM | Confidential - redistribution prohibited"
"June 8, 2026","Lower Corridor Limit","8.25","Rock Investment Bank | Licensed to kironjiemmanuel@gmail.com | Ref RIB-60A6C432A027 | 10/6/2026, 4:44:04 PM | Confidential - redistribution prohibited"
"June 5, 2026","Daily Volumes (KES Mn)","9460.00","Rock Investment Bank | Licensed to kironjiemmanuel@gmail.com | Ref RIB-60A6C432A027 | 10/6/2026, 4:44:04 PM | Confidential - redistribution prohibited"
"June 5, 2026","Daily Average Interbank Rate","8.75","Rock Investment Bank | Licensed to kironjiemmanuel@gmail.com | Ref RIB-60A6C432A027 | 10/6/2026, 4:44:04 PM | Confidential - redistribution prohibited"
"June 5, 2026","Upper Corridor Limit","9.25","Rock Investment Bank | Licensed to kironjiemmanuel@gmail.com | Ref RIB-60A6C432A027 | 10/6/2026, 4:44:04 PM | Confidential - redistribution prohibited"
"June 5, 2026","Lower Corridor Limit","8.25","Rock Investment Bank | Licensed to kironjiemmanuel@gmail.com | Ref RIB-60A6C432A027 | 10/6/2026, 4:44:04 PM | Confidential - redistribution prohibited"
"June 4, 2026","Daily Volumes (KES Mn)","7000.00","Rock Investment Bank | Licensed to kironjiemmanuel@gmail.com | Ref RIB-60A6C432A027 | 10/6/2026, 4:44:04 PM | Confidential - redistribution prohibited"
"June 4, 2026","Daily Average Interbank Rate","8.75","Rock Investment Bank | Licensed to kironjiemmanuel@gmail.com | Ref RIB-60A6C432A027 | 10/6/2026, 4:44:04 PM | Confidential - redistribution prohibited"
"June 4, 2026","Upper Corridor Limit","9.25","Rock Investment Bank | Licensed to kironjiemmanuel@gmail.com | Ref RIB-60A6C432A027 | 10/6/2026, 4:44:04 PM | Confidential - redistribution prohibited"
"June 4, 2026","Lower Corridor Limit","8.25","Rock Investment Bank | Licensed to kironjiemmanuel@gmail.com | Ref RIB-60A6C432A027 | 10/6/2026, 4:44:04 PM | Confidential - redistribution prohibited"
"June 3, 2026","Daily Volumes (KES Mn)","7350.00","Rock Investment Bank | Licensed to kironjiemmanuel@gmail.com | Ref RIB-60A6C432A027 | 10/6/2026, 4:44:04 PM | Confidential - redistribution prohibited"
"June 3, 2026","Daily Average Interbank Rate","8.75","Rock Investment Bank | Licensed to kironjiemmanuel@gmail.com | Ref RIB-60A6C432A027 | 10/6/2026, 4:44:04 PM | Confidential - redistribution prohibited"
"June 3, 2026","Upper Corridor Limit","9.25","Rock Investment Bank | Licensed to kironjiemmanuel@gmail.com | Ref RIB-60A6C432A027 | 10/6/2026, 4:44:04 PM | Confidential - redistribution prohibited"
"June 3, 2026","Lower Corridor Limit","8.25","Rock Investment Bank | Licensed to kironjiemmanuel@gmail.com | Ref RIB-60A6C432A027 | 10/6/2026, 4:44:04 PM | Confidential - redistribution prohibited"
"June 2, 2026","Daily Volumes (KES Mn)","14950.00","Rock Investment Bank | Licensed to kironjiemmanuel@gmail.com | Ref RIB-60A6C432A027 | 10/6/2026, 4:44:04 PM | Confidential - redistribution prohibited"
"June 2, 2026","Daily Average Interbank Rate","8.75","Rock Investment Bank | Licensed to kironjiemmanuel@gmail.com | Ref RIB-60A6C432A027 | 10/6/2026, 4:44:04 PM | Confidential - redistribution prohibited"
"June 2, 2026","Upper Corridor Limit","9.25","Rock Investment Bank | Licensed to kironjiemmanuel@gmail.com | Ref RIB-60A6C432A027 | 10/6/2026, 4:44:04 PM | Confidential - redistribution prohibited"
"June 2, 2026","Lower Corridor Limit","8.25","Rock Investment Bank | Licensed to kironjiemmanuel@gmail.com | Ref RIB-60A6C432A027 | 10/6/2026, 4:44:04 PM | Confidential - redistribution prohibited"
"May 29, 2026","Daily Volumes (KES Mn)","13590.32","Rock Investment Bank | Licensed to kironjiemmanuel@gmail.com | Ref RIB-60A6C432A027 | 10/6/2026, 4:44:04 PM | Confidential - redistribution prohibited"
"May 29, 2026","Daily Average Interbank Rate","8.75","Rock Investment Bank | Licensed to kironjiemmanuel@gmail.com | Ref RIB-60A6C432A027 | 10/6/2026, 4:44:04 PM | Confidential - redistribution prohibited"
"May 29, 2026","Upper Corridor Limit","9.25","Rock Investment Bank | Licensed to kironjiemmanuel@gmail.com | Ref RIB-60A6C432A027 | 10/6/2026, 4:44:04 PM | Confidential - redistribution prohibited"
"May 29, 2026","Lower Corridor Limit","8.25","Rock Investment Bank | Licensed to kironjiemmanuel@gmail.com | Ref RIB-60A6C432A027 | 10/6/2026, 4:44:04 PM | Confidential - redistribution prohibited"
"May 28, 2026","Daily Volumes (KES Mn)","10988.00","Rock Investment Bank | Licensed to kironjiemmanuel@gmail.com | Ref RIB-60A6C432A027 | 10/6/2026, 4:44:04 PM | Confidential - redistribution prohibited"
"May 28, 2026","Daily Average Interbank Rate","8.75","Rock Investment Bank | Licensed to kironjiemmanuel@gmail.com | Ref RIB-60A6C432A027 | 10/6/2026, 4:44:04 PM | Confidential - redistribution prohibited"
"May 28, 2026","Upper Corridor Limit","9.25","Rock Investment Bank | Licensed to kironjiemmanuel@gmail.com | Ref RIB-60A6C432A027 | 10/6/2026, 4:44:04 PM | Confidential - redistribution prohibited"
"May 28, 2026","Lower Corridor Limit","8.25","Rock Investment Bank | Licensed to kironjiemmanuel@gmail.com | Ref RIB-60A6C432A027 | 10/6/2026, 4:44:04 PM | Confidential - redistribution prohibited"
"May 26, 2026","Daily Volumes (KES Mn)","25081.00","Rock Investment Bank | Licensed to kironjiemmanuel@gmail.com | Ref RIB-60A6C432A027 | 10/6/2026, 4:44:04 PM | Confidential - redistribution prohibited"
"May 26, 2026","Daily Average Interbank Rate","8.75","Rock Investment Bank | Licensed to kironjiemmanuel@gmail.com | Ref RIB-60A6C432A027 | 10/6/2026, 4:44:04 PM | Confidential - redistribution prohibited"
"May 26, 2026","Upper Corridor Limit","9.25","Rock Investment Bank | Licensed to kironjiemmanuel@gmail.com | Ref RIB-60A6C432A027 | 10/6/2026, 4:44:04 PM | Confidential - redistribution prohibited"
"May 26, 2026","Lower Corridor Limit","8.25","Rock Investment Bank | Licensed to kironjiemmanuel@gmail.com | Ref RIB-60A6C432A027 | 10/6/2026, 4:44:04 PM | Confidential - redistribution prohibited"
"May 25, 2026","Daily Volumes (KES Mn)","22620.00","Rock Investment Bank | Licensed to kironjiemmanuel@gmail.com | Ref RIB-60A6C432A027 | 10/6/2026, 4:44:04 PM | Confidential - redistribution prohibited"
"May 25, 2026","Daily Average Interbank Rate","8.75","Rock Investment Bank | Licensed to kironjiemmanuel@gmail.com | Ref RIB-60A6C432A027 | 10/6/2026, 4:44:04 PM | Confidential - redistribution prohibited"
"May 25, 2026","Upper Corridor Limit","9.25","Rock Investment Bank | Licensed to kironjiemmanuel@gmail.com | Ref RIB-60A6C432A027 | 10/6/2026, 4:44:04 PM | Confidential - redistribution prohibited"
"May 25, 2026","Lower Corridor Limit","8.25","Rock Investment Bank | Licensed to kironjiemmanuel@gmail.com | Ref RIB-60A6C432A027 | 10/6/2026, 4:44:04 PM | Confidential - redistribution prohibited"
"May 22, 2026","Daily Volumes (KES Mn)","15680.00","Rock Investment Bank | Licensed to kironjiemmanuel@gmail.com | Ref RIB-60A6C432A027 | 10/6/2026, 4:44:04 PM | Confidential - redistribution prohibited"
"May 22, 2026","Daily Average Interbank Rate","8.75","Rock Investment Bank | Licensed to kironjiemmanuel@gmail.com | Ref RIB-60A6C432A027 | 10/6/2026, 4:44:04 PM | Confidential - redistribution prohibited"
"May 22, 2026","Upper Corridor Limit","9.25","Rock Investment Bank | Licensed to kironjiemmanuel@gmail.com | Ref RIB-60A6C432A027 | 10/6/2026, 4:44:04 PM | Confidential - redistribution prohibited"
"May 22, 2026","Lower Corridor Limit","8.25","Rock Investment Bank | Licensed to kironjiemmanuel@gmail.com | Ref RIB-60A6C432A027 | 10/6/2026, 4:44:04 PM | Confidential - redistribution prohibited"
"May 21, 2026","Daily Volumes (KES Mn)","10590.00","Rock Investment Bank | Licensed to kironjiemmanuel@gmail.com | Ref RIB-60A6C432A027 | 10/6/2026, 4:44:04 PM | Confidential - redistribution prohibited"
"May 21, 2026","Daily Average Interbank Rate","8.75","Rock Investment Bank | Licensed to kironjiemmanuel@gmail.com | Ref RIB-60A6C432A027 | 10/6/2026, 4:44:04 PM | Confidential - redistribution prohibited"
"May 21, 2026","Upper Corridor Limit","9.25","Rock Investment Bank | Licensed to kironjiemmanuel@gmail.com | Ref RIB-60A6C432A027 | 10/6/2026, 4:44:04 PM | Confidential - redistribution prohibited"
"May 21, 2026","Lower Corridor Limit","8.25","Rock Investment Bank | Licensed to kironjiemmanuel@gmail.com | Ref RIB-60A6C432A027 | 10/6/2026, 4:44:04 PM | Confidential - redistribution prohibited"
"May 20, 2026","Daily Volumes (KES Mn)","6277.00","Rock Investment Bank | Licensed to kironjiemmanuel@gmail.com | Ref RIB-60A6C432A027 | 10/6/2026, 4:44:04 PM | Confidential - redistribution prohibited"
"May 20, 2026","Daily Average Interbank Rate","8.75","Rock Investment Bank | Licensed to kironjiemmanuel@gmail.com | Ref RIB-60A6C432A027 | 10/6/2026, 4:44:04 PM | Confidential - redistribution prohibited"
"May 20, 2026","Upper Corridor Limit","9.25","Rock Investment Bank | Licensed to kironjiemmanuel@gmail.com | Ref RIB-60A6C432A027 | 10/6/2026, 4:44:04 PM | Confidential - redistribution prohibited"
"May 20, 2026","Lower Corridor Limit","8.25","Rock Investment Bank | Licensed to kironjiemmanuel@gmail.com | Ref RIB-60A6C432A027 | 10/6/2026, 4:44:04 PM | Confidential - redistribution prohibited"
"May 19, 2026","Daily Volumes (KES Mn)","7850.00","Rock Investment Bank | Licensed to kironjiemmanuel@gmail.com | Ref RIB-60A6C432A027 | 10/6/2026, 4:44:04 PM | Confidential - redistribution prohibited"
"May 19, 2026","Daily Average Interbank Rate","8.75","Rock Investment Bank | Licensed to kironjiemmanuel@gmail.com | Ref RIB-60A6C432A027 | 10/6/2026, 4:44:04 PM | Confidential - redistribution prohibited"
"May 19, 2026","Upper Corridor Limit","9.25","Rock Investment Bank | Licensed to kironjiemmanuel@gmail.com | Ref RIB-60A6C432A027 | 10/6/2026, 4:44:04 PM | Confidential - redistribution prohibited"
"May 19, 2026","Lower Corridor Limit","8.25","Rock Investment Bank | Licensed to kironjiemmanuel@gmail.com | Ref RIB-60A6C432A027 | 10/6/2026, 4:44:04 PM | Confidential - redistribution prohibited"
"May 18, 2026","Daily Volumes (KES Mn)","14290.00","Rock Investment Bank | Licensed to kironjiemmanuel@gmail.com | Ref RIB-60A6C432A027 | 10/6/2026, 4:44:04 PM | Confidential - redistribution prohibited"
"May 18, 2026","Daily Average Interbank Rate","8.75","Rock Investment Bank | Licensed to kironjiemmanuel@gmail.com | Ref RIB-60A6C432A027 | 10/6/2026, 4:44:04 PM | Confidential - redistribution prohibited"
"May 18, 2026","Upper Corridor Limit","9.25","Rock Investment Bank | Licensed to kironjiemmanuel@gmail.com | Ref RIB-60A6C432A027 | 10/6/2026, 4:44:04 PM | Confidential - redistribution prohibited"
"May 18, 2026","Lower Corridor Limit","8.25","Rock Investment Bank | Licensed to kironjiemmanuel@gmail.com | Ref RIB-60A6C432A027 | 10/6/2026, 4:44:04 PM | Confidential - redistribution prohibited"
"May 15, 2026","Daily Volumes (KES Mn)","24831.00","Rock Investment Bank | Licensed to kironjiemmanuel@gmail.com | Ref RIB-60A6C432A027 | 10/6/2026, 4:44:04 PM | Confidential - redistribution prohibited"
"May 15, 2026","Daily Average Interbank Rate","8.75","Rock Investment Bank | Licensed to kironjiemmanuel@gmail.com | Ref RIB-60A6C432A027 | 10/6/2026, 4:44:04 PM | Confidential - redistribution prohibited"
"May 15, 2026","Upper Corridor Limit","9.25","Rock Investment Bank | Licensed to kironjiemmanuel@gmail.com | Ref RIB-60A6C432A027 | 10/6/2026, 4:44:04 PM | Confidential - redistribution prohibited"
"May 15, 2026","Lower Corridor Limit","8.25","Rock Investment Bank | Licensed to kironjiemmanuel@gmail.com | Ref RIB-60A6C432A027 | 10/6/2026, 4:44:04 PM | Confidential - redistribution prohibited"
"May 14, 2026","Daily Volumes (KES Mn)","18850.00","Rock Investment Bank | Licensed to kironjiemmanuel@gmail.com | Ref RIB-60A6C432A027 | 10/6/2026, 4:44:04 PM | Confidential - redistribution prohibited"
"May 14, 2026","Daily Average Interbank Rate","8.75","Rock Investment Bank | Licensed to kironjiemmanuel@gmail.com | Ref RIB-60A6C432A027 | 10/6/2026, 4:44:04 PM | Confidential - redistribution prohibited"
"May 14, 2026","Upper Corridor Limit","9.25","Rock Investment Bank | Licensed to kironjiemmanuel@gmail.com | Ref RIB-60A6C432A027 | 10/6/2026, 4:44:04 PM | Confidential - redistribution prohibited"
"May 14, 2026","Lower Corridor Limit","8.25","Rock Investment Bank | Licensed to kironjiemmanuel@gmail.com | Ref RIB-60A6C432A027 | 10/6/2026, 4:44:04 PM | Confidential - redistribution prohibited"
"May 13, 2026","Daily Volumes (KES Mn)","14640.00","Rock Investment Bank | Licensed to kironjiemmanuel@gmail.com | Ref RIB-60A6C432A027 | 10/6/2026, 4:44:04 PM | Confidential - redistribution prohibited"
"May 13, 2026","Daily Average Interbank Rate","8.74","Rock Investment Bank | Licensed to kironjiemmanuel@gmail.com | Ref RIB-60A6C432A027 | 10/6/2026, 4:44:04 PM | Confidential - redistribution prohibited"
"May 13, 2026","Upper Corridor Limit","9.25","Rock Investment Bank | Licensed to kironjiemmanuel@gmail.com | Ref RIB-60A6C432A027 | 10/6/2026, 4:44:04 PM | Confidential - redistribution prohibited"
"May 13, 2026","Lower Corridor Limit","8.25","Rock Investment Bank | Licensed to kironjiemmanuel@gmail.com | Ref RIB-60A6C432A027 | 10/6/2026, 4:44:04 PM | Confidential - redistribution prohibited"
"May 12, 2026","Daily Volumes (KES Mn)","9650.00","Rock Investment Bank | Licensed to kironjiemmanuel@gmail.com | Ref RIB-60A6C432A027 | 10/6/2026, 4:44:04 PM | Confidential - redistribution prohibited"
"May 12, 2026","Daily Average Interbank Rate","8.74","Rock Investment Bank | Licensed to kironjiemmanuel@gmail.com | Ref RIB-60A6C432A027 | 10/6/2026, 4:44:04 PM | Confidential - redistribution prohibited"
"May 12, 2026","Upper Corridor Limit","9.25","Rock Investment Bank | Licensed to kironjiemmanuel@gmail.com | Ref RIB-60A6C432A027 | 10/6/2026, 4:44:04 PM | Confidential - redistribution prohibited"
"May 12, 2026","Lower Corridor Limit","8.25","Rock Investment Bank | Licensed to kironjiemmanuel@gmail.com | Ref RIB-60A6C432A027 | 10/6/2026, 4:44:04 PM | Confidential - redistribution prohibited"
"May 11, 2026","Daily Volumes (KES Mn)","5180.00","Rock Investment Bank | Licensed to kironjiemmanuel@gmail.com | Ref RIB-60A6C432A027 | 10/6/2026, 4:44:04 PM | Confidential - redistribution prohibited"
"May 11, 2026","Daily Average Interbank Rate","8.75","Rock Investment Bank | Licensed to kironjiemmanuel@gmail.com | Ref RIB-60A6C432A027 | 10/6/2026, 4:44:04 PM | Confidential - redistribution prohibited"
"May 11, 2026","Upper Corridor Limit","9.25","Rock Investment Bank | Licensed to kironjiemmanuel@gmail.com | Ref RIB-60A6C432A027 | 10/6/2026, 4:44:04 PM | Confidential - redistribution prohibited"
"May 11, 2026","Lower Corridor Limit","8.25","Rock Investment Bank | Licensed to kironjiemmanuel@gmail.com | Ref RIB-60A6C432A027 | 10/6/2026, 4:44:04 PM | Confidential - redistribution prohibited"
"May 8, 2026","Daily Volumes (KES Mn)","5050.00","Rock Investment Bank | Licensed to kironjiemmanuel@gmail.com | Ref RIB-60A6C432A027 | 10/6/2026, 4:44:04 PM | Confidential - redistribution prohibited"
"May 8, 2026","Daily Average Interbank Rate","8.75","Rock Investment Bank | Licensed to kironjiemmanuel@gmail.com | Ref RIB-60A6C432A027 | 10/6/2026, 4:44:04 PM | Confidential - redistribution prohibited"
"May 8, 2026","Upper Corridor Limit","9.25","Rock Investment Bank | Licensed to kironjiemmanuel@gmail.com | Ref RIB-60A6C432A027 | 10/6/2026, 4:44:04 PM | Confidential - redistribution prohibited"
"May 8, 2026","Lower Corridor Limit","8.25","Rock Investment Bank | Licensed to kironjiemmanuel@gmail.com | Ref RIB-60A6C432A027 | 10/6/2026, 4:44:04 PM | Confidential - redistribution prohibited"
"May 7, 2026","Daily Volumes (KES Mn)","7525.00","Rock Investment Bank | Licensed to kironjiemmanuel@gmail.com | Ref RIB-60A6C432A027 | 10/6/2026, 4:44:04 PM | Confidential - redistribution prohibited"
"May 7, 2026","Daily Average Interbank Rate","8.75","Rock Investment Bank | Licensed to kironjiemmanuel@gmail.com | Ref RIB-60A6C432A027 | 10/6/2026, 4:44:04 PM | Confidential - redistribution prohibited"
"May 7, 2026","Upper Corridor Limit","9.25","Rock Investment Bank | Licensed to kironjiemmanuel@gmail.com | Ref RIB-60A6C432A027 | 10/6/2026, 4:44:04 PM | Confidential - redistribution prohibited"
"May 7, 2026","Lower Corridor Limit","8.25","Rock Investment Bank | Licensed to kironjiemmanuel@gmail.com | Ref RIB-60A6C432A027 | 10/6/2026, 4:44:04 PM | Confidential - redistribution prohibited"
"May 6, 2026","Daily Volumes (KES Mn)","9650.00","Rock Investment Bank | Licensed to kironjiemmanuel@gmail.com | Ref RIB-60A6C432A027 | 10/6/2026, 4:44:04 PM | Confidential - redistribution prohibited"
"May 6, 2026","Daily Average Interbank Rate","8.75","Rock Investment Bank | Licensed to kironjiemmanuel@gmail.com | Ref RIB-60A6C432A027 | 10/6/2026, 4:44:04 PM | Confidential - redistribution prohibited"
"May 6, 2026","Upper Corridor Limit","9.25","Rock Investment Bank | Licensed to kironjiemmanuel@gmail.com | Ref RIB-60A6C432A027 | 10/6/2026, 4:44:04 PM | Confidential - redistribution prohibited"
"May 6, 2026","Lower Corridor Limit","8.25","Rock Investment Bank | Licensed to kironjiemmanuel@gmail.com | Ref RIB-60A6C432A027 | 10/6/2026, 4:44:04 PM | Confidential - redistribution prohibited"
"May 5, 2026","Daily Volumes (KES Mn)","11330.00","Rock Investment Bank | Licensed to kironjiemmanuel@gmail.com | Ref RIB-60A6C432A027 | 10/6/2026, 4:44:04 PM | Confidential - redistribution prohibited"
"May 5, 2026","Daily Average Interbank Rate","8.75","Rock Investment Bank | Licensed to kironjiemmanuel@gmail.com | Ref RIB-60A6C432A027 | 10/6/2026, 4:44:04 PM | Confidential - redistribution prohibited"
"May 5, 2026","Upper Corridor Limit","9.25","Rock Investment Bank | Licensed to kironjiemmanuel@gmail.com | Ref RIB-60A6C432A027 | 10/6/2026, 4:44:04 PM | Confidential - redistribution prohibited"
"May 5, 2026","Lower Corridor Limit","8.25","Rock Investment Bank | Licensed to kironjiemmanuel@gmail.com | Ref RIB-60A6C432A027 | 10/6/2026, 4:44:04 PM | Confidential - redistribution prohibited"
"May 4, 2026","Daily Volumes (KES Mn)","11800.00","Rock Investment Bank | Licensed to kironjiemmanuel@gmail.com | Ref RIB-60A6C432A027 | 10/6/2026, 4:44:04 PM | Confidential - redistribution prohibited"
"May 4, 2026","Daily Average Interbank Rate","8.75","Rock Investment Bank | Licensed to kironjiemmanuel@gmail.com | Ref RIB-60A6C432A027 | 10/6/2026, 4:44:04 PM | Confidential - redistribution prohibited"
"May 4, 2026","Upper Corridor Limit","9.25","Rock Investment Bank | Licensed to kironjiemmanuel@gmail.com | Ref RIB-60A6C432A027 | 10/6/2026, 4:44:04 PM | Confidential - redistribution prohibited"
"May 4, 2026","Lower Corridor Limit","8.25","Rock Investment Bank | Licensed to kironjiemmanuel@gmail.com | Ref RIB-60A6C432A027 | 10/6/2026, 4:44:04 PM | Confidential - redistribution prohibited"
"April 30, 2026","Daily Volumes (KES Mn)","17150.00","Rock Investment Bank | Licensed to kironjiemmanuel@gmail.com | Ref RIB-60A6C432A027 | 10/6/2026, 4:44:04 PM | Confidential - redistribution prohibited"
"April 30, 2026","Daily Average Interbank Rate","8.75","Rock Investment Bank | Licensed to kironjiemmanuel@gmail.com | Ref RIB-60A6C432A027 | 10/6/2026, 4:44:04 PM | Confidential - redistribution prohibited"
"April 30, 2026","Upper Corridor Limit","9.25","Rock Investment Bank | Licensed to kironjiemmanuel@gmail.com | Ref RIB-60A6C432A027 | 10/6/2026, 4:44:04 PM | Confidential - redistribution prohibited"
"April 30, 2026","Lower Corridor Limit","8.25","Rock Investment Bank | Licensed to kironjiemmanuel@gmail.com | Ref RIB-60A6C432A027 | 10/6/2026, 4:44:04 PM | Confidential - redistribution prohibited"
"April 29, 2026","Daily Volumes (KES Mn)","6400.00","Rock Investment Bank | Licensed to kironjiemmanuel@gmail.com | Ref RIB-60A6C432A027 | 10/6/2026, 4:44:04 PM | Confidential - redistribution prohibited"
"April 29, 2026","Daily Average Interbank Rate","8.75","Rock Investment Bank | Licensed to kironjiemmanuel@gmail.com | Ref RIB-60A6C432A027 | 10/6/2026, 4:44:04 PM | Confidential - redistribution prohibited"
"April 29, 2026","Upper Corridor Limit","9.25","Rock Investment Bank | Licensed to kironjiemmanuel@gmail.com | Ref RIB-60A6C432A027 | 10/6/2026, 4:44:04 PM | Confidential - redistribution prohibited"
"April 29, 2026","Lower Corridor Limit","8.25","Rock Investment Bank | Licensed to kironjiemmanuel@gmail.com | Ref RIB-60A6C432A027 | 10/6/2026, 4:44:04 PM | Confidential - redistribution prohibited"
"April 28, 2026","Daily Volumes (KES Mn)","6800.00","Rock Investment Bank | Licensed to kironjiemmanuel@gmail.com | Ref RIB-60A6C432A027 | 10/6/2026, 4:44:04 PM | Confidential - redistribution prohibited"
"April 28, 2026","Daily Average Interbank Rate","8.75","Rock Investment Bank | Licensed to kironjiemmanuel@gmail.com | Ref RIB-60A6C432A027 | 10/6/2026, 4:44:04 PM | Confidential - redistribution prohibited"
"April 28, 2026","Upper Corridor Limit","9.25","Rock Investment Bank | Licensed to kironjiemmanuel@gmail.com | Ref RIB-60A6C432A027 | 10/6/2026, 4:44:04 PM | Confidential - redistribution prohibited"
"April 28, 2026","Lower Corridor Limit","8.25","Rock Investment Bank | Licensed to kironjiemmanuel@gmail.com | Ref RIB-60A6C432A027 | 10/6/2026, 4:44:04 PM | Confidential - redistribution prohibited"
"April 27, 2026","Daily Volumes (KES Mn)","7250.00","Rock Investment Bank | Licensed to kironjiemmanuel@gmail.com | Ref RIB-60A6C432A027 | 10/6/2026, 4:44:04 PM | Confidential - redistribution prohibited"
"April 27, 2026","Daily Average Interbank Rate","8.75","Rock Investment Bank | Licensed to kironjiemmanuel@gmail.com | Ref RIB-60A6C432A027 | 10/6/2026, 4:44:04 PM | Confidential - redistribution prohibited"
"April 27, 2026","Upper Corridor Limit","9.25","Rock Investment Bank | Licensed to kironjiemmanuel@gmail.com | Ref RIB-60A6C432A027 | 10/6/2026, 4:44:04 PM | Confidential - redistribution prohibited"
"April 27, 2026","Lower Corridor Limit","8.25","Rock Investment Bank | Licensed to kironjiemmanuel@gmail.com | Ref RIB-60A6C432A027 | 10/6/2026, 4:44:04 PM | Confidential - redistribution prohibited"
"April 24, 2026","Daily Volumes (KES Mn)","5800.00","Rock Investment Bank | Licensed to kironjiemmanuel@gmail.com | Ref RIB-60A6C432A027 | 10/6/2026, 4:44:04 PM | Confidential - redistribution prohibited"
"April 24, 2026","Daily Average Interbank Rate","8.76","Rock Investment Bank | Licensed to kironjiemmanuel@gmail.com | Ref RIB-60A6C432A027 | 10/6/2026, 4:44:04 PM | Confidential - redistribution prohibited"
"April 24, 2026","Upper Corridor Limit","9.25","Rock Investment Bank | Licensed to kironjiemmanuel@gmail.com | Ref RIB-60A6C432A027 | 10/6/2026, 4:44:04 PM | Confidential - redistribution prohibited"
"April 24, 2026","Lower Corridor Limit","8.25","Rock Investment Bank | Licensed to kironjiemmanuel@gmail.com | Ref RIB-60A6C432A027 | 10/6/2026, 4:44:04 PM | Confidential - redistribution prohibited"
"April 23, 2026","Daily Volumes (KES Mn)","6060.00","Rock Investment Bank | Licensed to kironjiemmanuel@gmail.com | Ref RIB-60A6C432A027 | 10/6/2026, 4:44:04 PM | Confidential - redistribution prohibited"
"April 23, 2026","Daily Average Interbank Rate","8.76","Rock Investment Bank | Licensed to kironjiemmanuel@gmail.com | Ref RIB-60A6C432A027 | 10/6/2026, 4:44:04 PM | Confidential - redistribution prohibited"
"April 23, 2026","Upper Corridor Limit","9.25","Rock Investment Bank | Licensed to kironjiemmanuel@gmail.com | Ref RIB-60A6C432A027 | 10/6/2026, 4:44:04 PM | Confidential - redistribution prohibited"
"April 23, 2026","Lower Corridor Limit","8.25","Rock Investment Bank | Licensed to kironjiemmanuel@gmail.com | Ref RIB-60A6C432A027 | 10/6/2026, 4:44:04 PM | Confidential - redistribution prohibited"
"April 22, 2026","Daily Volumes (KES Mn)","8520.00","Rock Investment Bank | Licensed to kironjiemmanuel@gmail.com | Ref RIB-60A6C432A027 | 10/6/2026, 4:44:04 PM | Confidential - redistribution prohibited"
"April 22, 2026","Daily Average Interbank Rate","8.76","Rock Investment Bank | Licensed to kironjiemmanuel@gmail.com | Ref RIB-60A6C432A027 | 10/6/2026, 4:44:04 PM | Confidential - redistribution prohibited"
"April 22, 2026","Upper Corridor Limit","9.25","Rock Investment Bank | Licensed to kironjiemmanuel@gmail.com | Ref RIB-60A6C432A027 | 10/6/2026, 4:44:04 PM | Confidential - redistribution prohibited"
"April 22, 2026","Lower Corridor Limit","8.25","Rock Investment Bank | Licensed to kironjiemmanuel@gmail.com | Ref RIB-60A6C432A027 | 10/6/2026, 4:44:04 PM | Confidential - redistribution prohibited"
"April 21, 2026","Daily Volumes (KES Mn)","7720.00","Rock Investment Bank | Licensed to kironjiemmanuel@gmail.com | Ref RIB-60A6C432A027 | 10/6/2026, 4:44:04 PM | Confidential - redistribution prohibited"
"April 21, 2026","Daily Average Interbank Rate","8.75","Rock Investment Bank | Licensed to kironjiemmanuel@gmail.com | Ref RIB-60A6C432A027 | 10/6/2026, 4:44:04 PM | Confidential - redistribution prohibited"
"April 21, 2026","Upper Corridor Limit","9.25","Rock Investment Bank | Licensed to kironjiemmanuel@gmail.com | Ref RIB-60A6C432A027 | 10/6/2026, 4:44:04 PM | Confidential - redistribution prohibited"
"April 21, 2026","Lower Corridor Limit","8.25","Rock Investment Bank | Licensed to kironjiemmanuel@gmail.com | Ref RIB-60A6C432A027 | 10/6/2026, 4:44:04 PM | Confidential - redistribution prohibited"
"April 20, 2026","Daily Volumes (KES Mn)","13400.00","Rock Investment Bank | Licensed to kironjiemmanuel@gmail.com | Ref RIB-60A6C432A027 | 10/6/2026, 4:44:04 PM | Confidential - redistribution prohibited"
"April 20, 2026","Daily Average Interbank Rate","8.76","Rock Investment Bank | Licensed to kironjiemmanuel@gmail.com | Ref RIB-60A6C432A027 | 10/6/2026, 4:44:04 PM | Confidential - redistribution prohibited"
"April 20, 2026","Upper Corridor Limit","9.25","Rock Investment Bank | Licensed to kironjiemmanuel@gmail.com | Ref RIB-60A6C432A027 | 10/6/2026, 4:44:04 PM | Confidential - redistribution prohibited"
"April 20, 2026","Lower Corridor Limit","8.25","Rock Investment Bank | Licensed to kironjiemmanuel@gmail.com | Ref RIB-60A6C432A027 | 10/6/2026, 4:44:04 PM | Confidential - redistribution prohibited"
"April 17, 2026","Daily Volumes (KES Mn)","12495.00","Rock Investment Bank | Licensed to kironjiemmanuel@gmail.com | Ref RIB-60A6C432A027 | 10/6/2026, 4:44:04 PM | Confidential - redistribution prohibited"
"April 17, 2026","Daily Average Interbank Rate","8.75","Rock Investment Bank | Licensed to kironjiemmanuel@gmail.com | Ref RIB-60A6C432A027 | 10/6/2026, 4:44:04 PM | Confidential - redistribution prohibited"
"April 17, 2026","Upper Corridor Limit","9.25","Rock Investment Bank | Licensed to kironjiemmanuel@gmail.com | Ref RIB-60A6C432A027 | 10/6/2026, 4:44:04 PM | Confidential - redistribution prohibited"
"April 17, 2026","Lower Corridor Limit","8.25","Rock Investment Bank | Licensed to kironjiemmanuel@gmail.com | Ref RIB-60A6C432A027 | 10/6/2026, 4:44:04 PM | Confidential - redistribution prohibited"
"April 16, 2026","Daily Volumes (KES Mn)","7200.00","Rock Investment Bank | Licensed to kironjiemmanuel@gmail.com | Ref RIB-60A6C432A027 | 10/6/2026, 4:44:04 PM | Confidential - redistribution prohibited"
"April 16, 2026","Daily Average Interbank Rate","8.76","Rock Investment Bank | Licensed to kironjiemmanuel@gmail.com | Ref RIB-60A6C432A027 | 10/6/2026, 4:44:04 PM | Confidential - redistribution prohibited"
"April 16, 2026","Upper Corridor Limit","9.25","Rock Investment Bank | Licensed to kironjiemmanuel@gmail.com | Ref RIB-60A6C432A027 | 10/6/2026, 4:44:04 PM | Confidential - redistribution prohibited"
"April 16, 2026","Lower Corridor Limit","8.25","Rock Investment Bank | Licensed to kironjiemmanuel@gmail.com | Ref RIB-60A6C432A027 | 10/6/2026, 4:44:04 PM | Confidential - redistribution prohibited"
"April 15, 2026","Daily Volumes (KES Mn)","4045.00","Rock Investment Bank | Licensed to kironjiemmanuel@gmail.com | Ref RIB-60A6C432A027 | 10/6/2026, 4:44:04 PM | Confidential - redistribution prohibited"
"April 15, 2026","Daily Average Interbank Rate","8.76","Rock Investment Bank | Licensed to kironjiemmanuel@gmail.com | Ref RIB-60A6C432A027 | 10/6/2026, 4:44:04 PM | Confidential - redistribution prohibited"
"April 15, 2026","Upper Corridor Limit","9.25","Rock Investment Bank | Licensed to kironjiemmanuel@gmail.com | Ref RIB-60A6C432A027 | 10/6/2026, 4:44:04 PM | Confidential - redistribution prohibited"
"April 15, 2026","Lower Corridor Limit","8.25","Rock Investment Bank | Licensed to kironjiemmanuel@gmail.com | Ref RIB-60A6C432A027 | 10/6/2026, 4:44:04 PM | Confidential - redistribution prohibited"
"April 14, 2026","Daily Volumes (KES Mn)","8837.00","Rock Investment Bank | Licensed to kironjiemmanuel@gmail.com | Ref RIB-60A6C432A027 | 10/6/2026, 4:44:04 PM | Confidential - redistribution prohibited"
"April 14, 2026","Daily Average Interbank Rate","8.75","Rock Investment Bank | Licensed to kironjiemmanuel@gmail.com | Ref RIB-60A6C432A027 | 10/6/2026, 4:44:04 PM | Confidential - redistribution prohibited"
"April 14, 2026","Upper Corridor Limit","9.25","Rock Investment Bank | Licensed to kironjiemmanuel@gmail.com | Ref RIB-60A6C432A027 | 10/6/2026, 4:44:04 PM | Confidential - redistribution prohibited"
"April 14, 2026","Lower Corridor Limit","8.25","Rock Investment Bank | Licensed to kironjiemmanuel@gmail.com | Ref RIB-60A6C432A027 | 10/6/2026, 4:44:04 PM | Confidential - redistribution prohibited"
"April 13, 2026","Daily Volumes (KES Mn)","18167.00","Rock Investment Bank | Licensed to kironjiemmanuel@gmail.com | Ref RIB-60A6C432A027 | 10/6/2026, 4:44:04 PM | Confidential - redistribution prohibited"
"April 13, 2026","Daily Average Interbank Rate","8.75","Rock Investment Bank | Licensed to kironjiemmanuel@gmail.com | Ref RIB-60A6C432A027 | 10/6/2026, 4:44:04 PM | Confidential - redistribution prohibited"
"April 13, 2026","Upper Corridor Limit","9.25","Rock Investment Bank | Licensed to kironjiemmanuel@gmail.com | Ref RIB-60A6C432A027 | 10/6/2026, 4:44:04 PM | Confidential - redistribution prohibited"
"April 13, 2026","Lower Corridor Limit","8.25","Rock Investment Bank | Licensed to kironjiemmanuel@gmail.com | Ref RIB-60A6C432A027 | 10/6/2026, 4:44:04 PM | Confidential - redistribution prohibited"
"April 10, 2026","Daily Volumes (KES Mn)","17750.00","Rock Investment Bank | Licensed to kironjiemmanuel@gmail.com | Ref RIB-60A6C432A027 | 10/6/2026, 4:44:04 PM | Confidential - redistribution prohibited"
"April 10, 2026","Daily Average Interbank Rate","8.75","Rock Investment Bank | Licensed to kironjiemmanuel@gmail.com | Ref RIB-60A6C432A027 | 10/6/2026, 4:44:04 PM | Confidential - redistribution prohibited"
"April 10, 2026","Upper Corridor Limit","9.25","Rock Investment Bank | Licensed to kironjiemmanuel@gmail.com | Ref RIB-60A6C432A027 | 10/6/2026, 4:44:04 PM | Confidential - redistribution prohibited"
"April 10, 2026","Lower Corridor Limit","8.25","Rock Investment Bank | Licensed to kironjiemmanuel@gmail.com | Ref RIB-60A6C432A027 | 10/6/2026, 4:44:04 PM | Confidential - redistribution prohibited"
"April 9, 2026","Daily Volumes (KES Mn)","10650.00","Rock Investment Bank | Licensed to kironjiemmanuel@gmail.com | Ref RIB-60A6C432A027 | 10/6/2026, 4:44:04 PM | Confidential - redistribution prohibited"
"April 9, 2026","Daily Average Interbank Rate","8.75","Rock Investment Bank | Licensed to kironjiemmanuel@gmail.com | Ref RIB-60A6C432A027 | 10/6/2026, 4:44:04 PM | Confidential - redistribution prohibited"
"April 9, 2026","Upper Corridor Limit","9.25","Rock Investment Bank | Licensed to kironjiemmanuel@gmail.com | Ref RIB-60A6C432A027 | 10/6/2026, 4:44:04 PM | Confidential - redistribution prohibited"
"April 9, 2026","Lower Corridor Limit","8.25","Rock Investment Bank | Licensed to kironjiemmanuel@gmail.com | Ref RIB-60A6C432A027 | 10/6/2026, 4:44:04 PM | Confidential - redistribution prohibited"
"April 8, 2026","Daily Volumes (KES Mn)","14220.00","Rock Investment Bank | Licensed to kironjiemmanuel@gmail.com | Ref RIB-60A6C432A027 | 10/6/2026, 4:44:04 PM | Confidential - redistribution prohibited"
"April 8, 2026","Daily Average Interbank Rate","8.75","Rock Investment Bank | Licensed to kironjiemmanuel@gmail.com | Ref RIB-60A6C432A027 | 10/6/2026, 4:44:04 PM | Confidential - redistribution prohibited"
"April 8, 2026","Upper Corridor Limit","9.25","Rock Investment Bank | Licensed to kironjiemmanuel@gmail.com | Ref RIB-60A6C432A027 | 10/6/2026, 4:44:04 PM | Confidential - redistribution prohibited"
"April 8, 2026","Lower Corridor Limit","8.25","Rock Investment Bank | Licensed to kironjiemmanuel@gmail.com | Ref RIB-60A6C432A027 | 10/6/2026, 4:44:04 PM | Confidential - redistribution prohibited"
"April 7, 2026","Daily Volumes (KES Mn)","17220.60","Rock Investment Bank | Licensed to kironjiemmanuel@gmail.com | Ref RIB-60A6C432A027 | 10/6/2026, 4:44:04 PM | Confidential - redistribution prohibited"
"April 7, 2026","Daily Average Interbank Rate","8.75","Rock Investment Bank | Licensed to kironjiemmanuel@gmail.com | Ref RIB-60A6C432A027 | 10/6/2026, 4:44:04 PM | Confidential - redistribution prohibited"
"April 7, 2026","Upper Corridor Limit","9.25","Rock Investment Bank | Licensed to kironjiemmanuel@gmail.com | Ref RIB-60A6C432A027 | 10/6/2026, 4:44:04 PM | Confidential - redistribution prohibited"
"April 7, 2026","Lower Corridor Limit","8.25","Rock Investment Bank | Licensed to kironjiemmanuel@gmail.com | Ref RIB-60A6C432A027 | 10/6/2026, 4:44:04 PM | Confidential - redistribution prohibited"
"April 2, 2026","Daily Volumes (KES Mn)","22280.00","Rock Investment Bank | Licensed to kironjiemmanuel@gmail.com | Ref RIB-60A6C432A027 | 10/6/2026, 4:44:04 PM | Confidential - redistribution prohibited"
"April 2, 2026","Daily Average Interbank Rate","8.75","Rock Investment Bank | Licensed to kironjiemmanuel@gmail.com | Ref RIB-60A6C432A027 | 10/6/2026, 4:44:04 PM | Confidential - redistribution prohibited"
"April 2, 2026","Upper Corridor Limit","9.25","Rock Investment Bank | Licensed to kironjiemmanuel@gmail.com | Ref RIB-60A6C432A027 | 10/6/2026, 4:44:04 PM | Confidential - redistribution prohibited"
"April 2, 2026","Lower Corridor Limit","8.25","Rock Investment Bank | Licensed to kironjiemmanuel@gmail.com | Ref RIB-60A6C432A027 | 10/6/2026, 4:44:04 PM | Confidential - redistribution prohibited"
"April 1, 2026","Daily Volumes (KES Mn)","14550.00","Rock Investment Bank | Licensed to kironjiemmanuel@gmail.com | Ref RIB-60A6C432A027 | 10/6/2026, 4:44:04 PM | Confidential - redistribution prohibited"
"April 1, 2026","Daily Average Interbank Rate","8.74","Rock Investment Bank | Licensed to kironjiemmanuel@gmail.com | Ref RIB-60A6C432A027 | 10/6/2026, 4:44:04 PM | Confidential - redistribution prohibited"
"April 1, 2026","Upper Corridor Limit","9.25","Rock Investment Bank | Licensed to kironjiemmanuel@gmail.com | Ref RIB-60A6C432A027 | 10/6/2026, 4:44:04 PM | Confidential - redistribution prohibited"
"April 1, 2026","Lower Corridor Limit","8.25","Rock Investment Bank | Licensed to kironjiemmanuel@gmail.com | Ref RIB-60A6C432A027 | 10/6/2026, 4:44:04 PM | Confidential - redistribution prohibited"
"March 31, 2026","Daily Volumes (KES Mn)","24500.00","Rock Investment Bank | Licensed to kironjiemmanuel@gmail.com | Ref RIB-60A6C432A027 | 10/6/2026, 4:44:04 PM | Confidential - redistribution prohibited"
"March 31, 2026","Daily Average Interbank Rate","8.74","Rock Investment Bank | Licensed to kironjiemmanuel@gmail.com | Ref RIB-60A6C432A027 | 10/6/2026, 4:44:04 PM | Confidential - redistribution prohibited"
"March 31, 2026","Upper Corridor Limit","9.25","Rock Investment Bank | Licensed to kironjiemmanuel@gmail.com | Ref RIB-60A6C432A027 | 10/6/2026, 4:44:04 PM | Confidential - redistribution prohibited"
"March 31, 2026","Lower Corridor Limit","8.25","Rock Investment Bank | Licensed to kironjiemmanuel@gmail.com | Ref RIB-60A6C432A027 | 10/6/2026, 4:44:04 PM | Confidential - redistribution prohibited"
"March 30, 2026","Daily Volumes (KES Mn)","12400.00","Rock Investment Bank | Licensed to kironjiemmanuel@gmail.com | Ref RIB-60A6C432A027 | 10/6/2026, 4:44:04 PM | Confidential - redistribution prohibited"
"March 30, 2026","Daily Average Interbank Rate","8.74","Rock Investment Bank | Licensed to kironjiemmanuel@gmail.com | Ref RIB-60A6C432A027 | 10/6/2026, 4:44:04 PM | Confidential - redistribution prohibited"
"March 30, 2026","Upper Corridor Limit","9.25","Rock Investment Bank | Licensed to kironjiemmanuel@gmail.com | Ref RIB-60A6C432A027 | 10/6/2026, 4:44:04 PM | Confidential - redistribution prohibited"
"March 30, 2026","Lower Corridor Limit","8.25","Rock Investment Bank | Licensed to kironjiemmanuel@gmail.com | Ref RIB-60A6C432A027 | 10/6/2026, 4:44:04 PM | Confidential - redistribution prohibited"
"March 27, 2026","Daily Volumes (KES Mn)","19800.00","Rock Investment Bank | Licensed to kironjiemmanuel@gmail.com | Ref RIB-60A6C432A027 | 10/6/2026, 4:44:04 PM | Confidential - redistribution prohibited"
"March 27, 2026","Daily Average Interbank Rate","8.73","Rock Investment Bank | Licensed to kironjiemmanuel@gmail.com | Ref RIB-60A6C432A027 | 10/6/2026, 4:44:04 PM | Confidential - redistribution prohibited"
"March 27, 2026","Upper Corridor Limit","9.25","Rock Investment Bank | Licensed to kironjiemmanuel@gmail.com | Ref RIB-60A6C432A027 | 10/6/2026, 4:44:04 PM | Confidential - redistribution prohibited"
"March 27, 2026","Lower Corridor Limit","8.25","Rock Investment Bank | Licensed to kironjiemmanuel@gmail.com | Ref RIB-60A6C432A027 | 10/6/2026, 4:44:04 PM | Confidential - redistribution prohibited"
"March 26, 2026","Daily Volumes (KES Mn)","17450.00","Rock Investment Bank | Licensed to kironjiemmanuel@gmail.com | Ref RIB-60A6C432A027 | 10/6/2026, 4:44:04 PM | Confidential - redistribution prohibited"
"March 26, 2026","Daily Average Interbank Rate","8.73","Rock Investment Bank | Licensed to kironjiemmanuel@gmail.com | Ref RIB-60A6C432A027 | 10/6/2026, 4:44:04 PM | Confidential - redistribution prohibited"
"March 26, 2026","Upper Corridor Limit","9.25","Rock Investment Bank | Licensed to kironjiemmanuel@gmail.com | Ref RIB-60A6C432A027 | 10/6/2026, 4:44:04 PM | Confidential - redistribution prohibited"
"March 26, 2026","Lower Corridor Limit","8.25","Rock Investment Bank | Licensed to kironjiemmanuel@gmail.com | Ref RIB-60A6C432A027 | 10/6/2026, 4:44:04 PM | Confidential - redistribution prohibited"
"March 25, 2026","Daily Volumes (KES Mn)","7140.00","Rock Investment Bank | Licensed to kironjiemmanuel@gmail.com | Ref RIB-60A6C432A027 | 10/6/2026, 4:44:04 PM | Confidential - redistribution prohibited"
"March 25, 2026","Daily Average Interbank Rate","8.71","Rock Investment Bank | Licensed to kironjiemmanuel@gmail.com | Ref RIB-60A6C432A027 | 10/6/2026, 4:44:04 PM | Confidential - redistribution prohibited"
"March 25, 2026","Upper Corridor Limit","9.25","Rock Investment Bank | Licensed to kironjiemmanuel@gmail.com | Ref RIB-60A6C432A027 | 10/6/2026, 4:44:04 PM | Confidential - redistribution prohibited"
"March 25, 2026","Lower Corridor Limit","8.25","Rock Investment Bank | Licensed to kironjiemmanuel@gmail.com | Ref RIB-60A6C432A027 | 10/6/2026, 4:44:04 PM | Confidential - redistribution prohibited"
"March 24, 2026","Daily Volumes (KES Mn)","22240.00","Rock Investment Bank | Licensed to kironjiemmanuel@gmail.com | Ref RIB-60A6C432A027 | 10/6/2026, 4:44:04 PM | Confidential - redistribution prohibited"
"March 24, 2026","Daily Average Interbank Rate","8.71","Rock Investment Bank | Licensed to kironjiemmanuel@gmail.com | Ref RIB-60A6C432A027 | 10/6/2026, 4:44:04 PM | Confidential - redistribution prohibited"
"March 24, 2026","Upper Corridor Limit","9.25","Rock Investment Bank | Licensed to kironjiemmanuel@gmail.com | Ref RIB-60A6C432A027 | 10/6/2026, 4:44:04 PM | Confidential - redistribution prohibited"
"March 24, 2026","Lower Corridor Limit","8.25","Rock Investment Bank | Licensed to kironjiemmanuel@gmail.com | Ref RIB-60A6C432A027 | 10/6/2026, 4:44:04 PM | Confidential - redistribution prohibited"
"March 23, 2026","Daily Volumes (KES Mn)","6750.00","Rock Investment Bank | Licensed to kironjiemmanuel@gmail.com | Ref RIB-60A6C432A027 | 10/6/2026, 4:44:04 PM | Confidential - redistribution prohibited"
"March 23, 2026","Daily Average Interbank Rate","8.70","Rock Investment Bank | Licensed to kironjiemmanuel@gmail.com | Ref RIB-60A6C432A027 | 10/6/2026, 4:44:04 PM | Confidential - redistribution prohibited"
"March 23, 2026","Upper Corridor Limit","9.25","Rock Investment Bank | Licensed to kironjiemmanuel@gmail.com | Ref RIB-60A6C432A027 | 10/6/2026, 4:44:04 PM | Confidential - redistribution prohibited"
"March 23, 2026","Lower Corridor Limit","8.25","Rock Investment Bank | Licensed to kironjiemmanuel@gmail.com | Ref RIB-60A6C432A027 | 10/6/2026, 4:44:04 PM | Confidential - redistribution prohibited"
"March 19, 2026","Daily Volumes (KES Mn)","18150.00","Rock Investment Bank | Licensed to kironjiemmanuel@gmail.com | Ref RIB-60A6C432A027 | 10/6/2026, 4:44:04 PM | Confidential - redistribution prohibited"
"March 19, 2026","Daily Average Interbank Rate","8.68","Rock Investment Bank | Licensed to kironjiemmanuel@gmail.com | Ref RIB-60A6C432A027 | 10/6/2026, 4:44:04 PM | Confidential - redistribution prohibited"
"March 19, 2026","Upper Corridor Limit","9.25","Rock Investment Bank | Licensed to kironjiemmanuel@gmail.com | Ref RIB-60A6C432A027 | 10/6/2026, 4:44:04 PM | Confidential - redistribution prohibited"
"March 19, 2026","Lower Corridor Limit","8.25","Rock Investment Bank | Licensed to kironjiemmanuel@gmail.com | Ref RIB-60A6C432A027 | 10/6/2026, 4:44:04 PM | Confidential - redistribution prohibited"
"March 18, 2026","Daily Volumes (KES Mn)","10650.00","Rock Investment Bank | Licensed to kironjiemmanuel@gmail.com | Ref RIB-60A6C432A027 | 10/6/2026, 4:44:04 PM | Confidential - redistribution prohibited"
"March 18, 2026","Daily Average Interbank Rate","8.68","Rock Investment Bank | Licensed to kironjiemmanuel@gmail.com | Ref RIB-60A6C432A027 | 10/6/2026, 4:44:04 PM | Confidential - redistribution prohibited"
"March 18, 2026","Upper Corridor Limit","9.25","Rock Investment Bank | Licensed to kironjiemmanuel@gmail.com | Ref RIB-60A6C432A027 | 10/6/2026, 4:44:04 PM | Confidential - redistribution prohibited"
"March 18, 2026","Lower Corridor Limit","8.25","Rock Investment Bank | Licensed to kironjiemmanuel@gmail.com | Ref RIB-60A6C432A027 | 10/6/2026, 4:44:04 PM | Confidential - redistribution prohibited"
"March 17, 2026","Daily Volumes (KES Mn)","13070.00","Rock Investment Bank | Licensed to kironjiemmanuel@gmail.com | Ref RIB-60A6C432A027 | 10/6/2026, 4:44:04 PM | Confidential - redistribution prohibited"
"March 17, 2026","Daily Average Interbank Rate","8.68","Rock Investment Bank | Licensed to kironjiemmanuel@gmail.com | Ref RIB-60A6C432A027 | 10/6/2026, 4:44:04 PM | Confidential - redistribution prohibited"
"March 17, 2026","Upper Corridor Limit","9.25","Rock Investment Bank | Licensed to kironjiemmanuel@gmail.com | Ref RIB-60A6C432A027 | 10/6/2026, 4:44:04 PM | Confidential - redistribution prohibited"
"March 17, 2026","Lower Corridor Limit","8.25","Rock Investment Bank | Licensed to kironjiemmanuel@gmail.com | Ref RIB-60A6C432A027 | 10/6/2026, 4:44:04 PM | Confidential - redistribution prohibited"
"March 16, 2026","Daily Volumes (KES Mn)","10660.00","Rock Investment Bank | Licensed to kironjiemmanuel@gmail.com | Ref RIB-60A6C432A027 | 10/6/2026, 4:44:04 PM | Confidential - redistribution prohibited"
"March 16, 2026","Daily Average Interbank Rate","8.67","Rock Investment Bank | Licensed to kironjiemmanuel@gmail.com | Ref RIB-60A6C432A027 | 10/6/2026, 4:44:04 PM | Confidential - redistribution prohibited"
"March 16, 2026","Upper Corridor Limit","9.25","Rock Investment Bank | Licensed to kironjiemmanuel@gmail.com | Ref RIB-60A6C432A027 | 10/6/2026, 4:44:04 PM | Confidential - redistribution prohibited"
"March 16, 2026","Lower Corridor Limit","8.25","Rock Investment Bank | Licensed to kironjiemmanuel@gmail.com | Ref RIB-60A6C432A027 | 10/6/2026, 4:44:04 PM | Confidential - redistribution prohibited"
"March 13, 2026","Daily Volumes (KES Mn)","13450.00","Rock Investment Bank | Licensed to kironjiemmanuel@gmail.com | Ref RIB-60A6C432A027 | 10/6/2026, 4:44:04 PM | Confidential - redistribution prohibited"
"March 13, 2026","Daily Average Interbank Rate","8.67","Rock Investment Bank | Licensed to kironjiemmanuel@gmail.com | Ref RIB-60A6C432A027 | 10/6/2026, 4:44:04 PM | Confidential - redistribution prohibited"
"March 13, 2026","Upper Corridor Limit","9.25","Rock Investment Bank | Licensed to kironjiemmanuel@gmail.com | Ref RIB-60A6C432A027 | 10/6/2026, 4:44:04 PM | Confidential - redistribution prohibited"
"March 13, 2026","Lower Corridor Limit","8.25","Rock Investment Bank | Licensed to kironjiemmanuel@gmail.com | Ref RIB-60A6C432A027 | 10/6/2026, 4:44:04 PM | Confidential - redistribution prohibited"
"March 12, 2026","Daily Volumes (KES Mn)","11170.00","Rock Investment Bank | Licensed to kironjiemmanuel@gmail.com | Ref RIB-60A6C432A027 | 10/6/2026, 4:44:04 PM | Confidential - redistribution prohibited"
"March 12, 2026","Daily Average Interbank Rate","8.66","Rock Investment Bank | Licensed to kironjiemmanuel@gmail.com | Ref RIB-60A6C432A027 | 10/6/2026, 4:44:04 PM | Confidential - redistribution prohibited"
"March 12, 2026","Upper Corridor Limit","9.25","Rock Investment Bank | Licensed to kironjiemmanuel@gmail.com | Ref RIB-60A6C432A027 | 10/6/2026, 4:44:04 PM | Confidential - redistribution prohibited"
"March 12, 2026","Lower Corridor Limit","8.25","Rock Investment Bank | Licensed to kironjiemmanuel@gmail.com | Ref RIB-60A6C432A027 | 10/6/2026, 4:44:04 PM | Confidential - redistribution prohibited"
"March 11, 2026","Daily Volumes (KES Mn)","12505.00","Rock Investment Bank | Licensed to kironjiemmanuel@gmail.com | Ref RIB-60A6C432A027 | 10/6/2026, 4:44:04 PM | Confidential - redistribution prohibited"
"March 11, 2026","Daily Average Interbank Rate","8.67","Rock Investment Bank | Licensed to kironjiemmanuel@gmail.com | Ref RIB-60A6C432A027 | 10/6/2026, 4:44:04 PM | Confidential - redistribution prohibited"
"March 11, 2026","Upper Corridor Limit","9.25","Rock Investment Bank | Licensed to kironjiemmanuel@gmail.com | Ref RIB-60A6C432A027 | 10/6/2026, 4:44:04 PM | Confidential - redistribution prohibited"
"March 11, 2026","Lower Corridor Limit","8.25","Rock Investment Bank | Licensed to kironjiemmanuel@gmail.com | Ref RIB-60A6C432A027 | 10/6/2026, 4:44:04 PM | Confidential - redistribution prohibited"
"March 10, 2026","Daily Volumes (KES Mn)","13430.00","Rock Investment Bank | Licensed to kironjiemmanuel@gmail.com | Ref RIB-60A6C432A027 | 10/6/2026, 4:44:04 PM | Confidential - redistribution prohibited"
"March 10, 2026","Daily Average Interbank Rate","8.66","Rock Investment Bank | Licensed to kironjiemmanuel@gmail.com | Ref RIB-60A6C432A027 | 10/6/2026, 4:44:04 PM | Confidential - redistribution prohibited"
"March 10, 2026","Upper Corridor Limit","9.25","Rock Investment Bank | Licensed to kironjiemmanuel@gmail.com | Ref RIB-60A6C432A027 | 10/6/2026, 4:44:04 PM | Confidential - redistribution prohibited"
"March 10, 2026","Lower Corridor Limit","8.25","Rock Investment Bank | Licensed to kironjiemmanuel@gmail.com | Ref RIB-60A6C432A027 | 10/6/2026, 4:44:04 PM | Confidential - redistribution prohibited"
"March 9, 2026","Daily Volumes (KES Mn)","8400.00","Rock Investment Bank | Licensed to kironjiemmanuel@gmail.com | Ref RIB-60A6C432A027 | 10/6/2026, 4:44:04 PM | Confidential - redistribution prohibited"
"March 9, 2026","Daily Average Interbank Rate","8.67","Rock Investment Bank | Licensed to kironjiemmanuel@gmail.com | Ref RIB-60A6C432A027 | 10/6/2026, 4:44:04 PM | Confidential - redistribution prohibited"
"March 9, 2026","Upper Corridor Limit","9.25","Rock Investment Bank | Licensed to kironjiemmanuel@gmail.com | Ref RIB-60A6C432A027 | 10/6/2026, 4:44:04 PM | Confidential - redistribution prohibited"
"March 9, 2026","Lower Corridor Limit","8.25","Rock Investment Bank | Licensed to kironjiemmanuel@gmail.com | Ref RIB-60A6C432A027 | 10/6/2026, 4:44:04 PM | Confidential - redistribution prohibited"
"March 6, 2026","Daily Volumes (KES Mn)","15000.00","Rock Investment Bank | Licensed to kironjiemmanuel@gmail.com | Ref RIB-60A6C432A027 | 10/6/2026, 4:44:04 PM | Confidential - redistribution prohibited"
"March 6, 2026","Daily Average Interbank Rate","8.68","Rock Investment Bank | Licensed to kironjiemmanuel@gmail.com | Ref RIB-60A6C432A027 | 10/6/2026, 4:44:04 PM | Confidential - redistribution prohibited"
"March 6, 2026","Upper Corridor Limit","9.25","Rock Investment Bank | Licensed to kironjiemmanuel@gmail.com | Ref RIB-60A6C432A027 | 10/6/2026, 4:44:04 PM | Confidential - redistribution prohibited"
"March 6, 2026","Lower Corridor Limit","8.25","Rock Investment Bank | Licensed to kironjiemmanuel@gmail.com | Ref RIB-60A6C432A027 | 10/6/2026, 4:44:04 PM | Confidential - redistribution prohibited"
"March 5, 2026","Daily Volumes (KES Mn)","6470.00","Rock Investment Bank | Licensed to kironjiemmanuel@gmail.com | Ref RIB-60A6C432A027 | 10/6/2026, 4:44:04 PM | Confidential - redistribution prohibited"
"March 5, 2026","Daily Average Interbank Rate","8.72","Rock Investment Bank | Licensed to kironjiemmanuel@gmail.com | Ref RIB-60A6C432A027 | 10/6/2026, 4:44:04 PM | Confidential - redistribution prohibited"
"March 5, 2026","Upper Corridor Limit","9.25","Rock Investment Bank | Licensed to kironjiemmanuel@gmail.com | Ref RIB-60A6C432A027 | 10/6/2026, 4:44:04 PM | Confidential - redistribution prohibited"
"March 5, 2026","Lower Corridor Limit","8.25","Rock Investment Bank | Licensed to kironjiemmanuel@gmail.com | Ref RIB-60A6C432A027 | 10/6/2026, 4:44:04 PM | Confidential - redistribution prohibited"
"March 4, 2026","Daily Volumes (KES Mn)","9750.00","Rock Investment Bank | Licensed to kironjiemmanuel@gmail.com | Ref RIB-60A6C432A027 | 10/6/2026, 4:44:04 PM | Confidential - redistribution prohibited"
"March 4, 2026","Daily Average Interbank Rate","8.73","Rock Investment Bank | Licensed to kironjiemmanuel@gmail.com | Ref RIB-60A6C432A027 | 10/6/2026, 4:44:04 PM | Confidential - redistribution prohibited"
"March 4, 2026","Upper Corridor Limit","9.25","Rock Investment Bank | Licensed to kironjiemmanuel@gmail.com | Ref RIB-60A6C432A027 | 10/6/2026, 4:44:04 PM | Confidential - redistribution prohibited"
"March 4, 2026","Lower Corridor Limit","8.25","Rock Investment Bank | Licensed to kironjiemmanuel@gmail.com | Ref RIB-60A6C432A027 | 10/6/2026, 4:44:04 PM | Confidential - redistribution prohibited"
"March 3, 2026","Daily Volumes (KES Mn)","11896.00","Rock Investment Bank | Licensed to kironjiemmanuel@gmail.com | Ref RIB-60A6C432A027 | 10/6/2026, 4:44:04 PM | Confidential - redistribution prohibited"
"March 3, 2026","Daily Average Interbank Rate","8.74","Rock Investment Bank | Licensed to kironjiemmanuel@gmail.com | Ref RIB-60A6C432A027 | 10/6/2026, 4:44:04 PM | Confidential - redistribution prohibited"
"March 3, 2026","Upper Corridor Limit","9.25","Rock Investment Bank | Licensed to kironjiemmanuel@gmail.com | Ref RIB-60A6C432A027 | 10/6/2026, 4:44:04 PM | Confidential - redistribution prohibited"
"March 3, 2026","Lower Corridor Limit","8.25","Rock Investment Bank | Licensed to kironjiemmanuel@gmail.com | Ref RIB-60A6C432A027 | 10/6/2026, 4:44:04 PM | Confidential - redistribution prohibited"
"March 2, 2026","Daily Volumes (KES Mn)","7260.00","Rock Investment Bank | Licensed to kironjiemmanuel@gmail.com | Ref RIB-60A6C432A027 | 10/6/2026, 4:44:04 PM | Confidential - redistribution prohibited"
"March 2, 2026","Daily Average Interbank Rate","8.76","Rock Investment Bank | Licensed to kironjiemmanuel@gmail.com | Ref RIB-60A6C432A027 | 10/6/2026, 4:44:04 PM | Confidential - redistribution prohibited"
"March 2, 2026","Upper Corridor Limit","9.25","Rock Investment Bank | Licensed to kironjiemmanuel@gmail.com | Ref RIB-60A6C432A027 | 10/6/2026, 4:44:04 PM | Confidential - redistribution prohibited"
"March 2, 2026","Lower Corridor Limit","8.25","Rock Investment Bank | Licensed to kironjiemmanuel@gmail.com | Ref RIB-60A6C432A027 | 10/6/2026, 4:44:04 PM | Confidential - redistribution prohibited"
"February 27, 2026","Daily Volumes (KES Mn)","8550.00","Rock Investment Bank | Licensed to kironjiemmanuel@gmail.com | Ref RIB-60A6C432A027 | 10/6/2026, 4:44:04 PM | Confidential - redistribution prohibited"
"February 27, 2026","Daily Average Interbank Rate","8.76","Rock Investment Bank | Licensed to kironjiemmanuel@gmail.com | Ref RIB-60A6C432A027 | 10/6/2026, 4:44:04 PM | Confidential - redistribution prohibited"
"February 27, 2026","Upper Corridor Limit","9.25","Rock Investment Bank | Licensed to kironjiemmanuel@gmail.com | Ref RIB-60A6C432A027 | 10/6/2026, 4:44:04 PM | Confidential - redistribution prohibited"
"February 27, 2026","Lower Corridor Limit","8.25","Rock Investment Bank | Licensed to kironjiemmanuel@gmail.com | Ref RIB-60A6C432A027 | 10/6/2026, 4:44:04 PM | Confidential - redistribution prohibited"
"February 26, 2026","Daily Volumes (KES Mn)","11645.00","Rock Investment Bank | Licensed to kironjiemmanuel@gmail.com | Ref RIB-60A6C432A027 | 10/6/2026, 4:44:04 PM | Confidential - redistribution prohibited"
"February 26, 2026","Daily Average Interbank Rate","8.77","Rock Investment Bank | Licensed to kironjiemmanuel@gmail.com | Ref RIB-60A6C432A027 | 10/6/2026, 4:44:04 PM | Confidential - redistribution prohibited"
"February 26, 2026","Upper Corridor Limit","9.25","Rock Investment Bank | Licensed to kironjiemmanuel@gmail.com | Ref RIB-60A6C432A027 | 10/6/2026, 4:44:04 PM | Confidential - redistribution prohibited"
"February 26, 2026","Lower Corridor Limit","8.25","Rock Investment Bank | Licensed to kironjiemmanuel@gmail.com | Ref RIB-60A6C432A027 | 10/6/2026, 4:44:04 PM | Confidential - redistribution prohibited"
"February 25, 2026","Daily Volumes (KES Mn)","11705.00","Rock Investment Bank | Licensed to kironjiemmanuel@gmail.com | Ref RIB-60A6C432A027 | 10/6/2026, 4:44:04 PM | Confidential - redistribution prohibited"
"February 25, 2026","Daily Average Interbank Rate","8.77","Rock Investment Bank | Licensed to kironjiemmanuel@gmail.com | Ref RIB-60A6C432A027 | 10/6/2026, 4:44:04 PM | Confidential - redistribution prohibited"
"February 25, 2026","Upper Corridor Limit","9.25","Rock Investment Bank | Licensed to kironjiemmanuel@gmail.com | Ref RIB-60A6C432A027 | 10/6/2026, 4:44:04 PM | Confidential - redistribution prohibited"
"February 25, 2026","Lower Corridor Limit","8.25","Rock Investment Bank | Licensed to kironjiemmanuel@gmail.com | Ref RIB-60A6C432A027 | 10/6/2026, 4:44:04 PM | Confidential - redistribution prohibited"
"February 24, 2026","Daily Volumes (KES Mn)","10435.00","Rock Investment Bank | Licensed to kironjiemmanuel@gmail.com | Ref RIB-60A6C432A027 | 10/6/2026, 4:44:04 PM | Confidential - redistribution prohibited"
"February 24, 2026","Daily Average Interbank Rate","8.77","Rock Investment Bank | Licensed to kironjiemmanuel@gmail.com | Ref RIB-60A6C432A027 | 10/6/2026, 4:44:04 PM | Confidential - redistribution prohibited"
"February 24, 2026","Upper Corridor Limit","9.25","Rock Investment Bank | Licensed to kironjiemmanuel@gmail.com | Ref RIB-60A6C432A027 | 10/6/2026, 4:44:04 PM | Confidential - redistribution prohibited"
"February 24, 2026","Lower Corridor Limit","8.25","Rock Investment Bank | Licensed to kironjiemmanuel@gmail.com | Ref RIB-60A6C432A027 | 10/6/2026, 4:44:04 PM | Confidential - redistribution prohibited"
"February 23, 2026","Daily Volumes (KES Mn)","5500.00","Rock Investment Bank | Licensed to kironjiemmanuel@gmail.com | Ref RIB-60A6C432A027 | 10/6/2026, 4:44:04 PM | Confidential - redistribution prohibited"
"February 23, 2026","Daily Average Interbank Rate","8.77","Rock Investment Bank | Licensed to kironjiemmanuel@gmail.com | Ref RIB-60A6C432A027 | 10/6/2026, 4:44:04 PM | Confidential - redistribution prohibited"
"February 23, 2026","Upper Corridor Limit","9.25","Rock Investment Bank | Licensed to kironjiemmanuel@gmail.com | Ref RIB-60A6C432A027 | 10/6/2026, 4:44:04 PM | Confidential - redistribution prohibited"
"February 23, 2026","Lower Corridor Limit","8.25","Rock Investment Bank | Licensed to kironjiemmanuel@gmail.com | Ref RIB-60A6C432A027 | 10/6/2026, 4:44:04 PM | Confidential - redistribution prohibited"
"February 20, 2026","Daily Volumes (KES Mn)","5620.00","Rock Investment Bank | Licensed to kironjiemmanuel@gmail.com | Ref RIB-60A6C432A027 | 10/6/2026, 4:44:04 PM | Confidential - redistribution prohibited"
"February 20, 2026","Daily Average Interbank Rate","8.78","Rock Investment Bank | Licensed to kironjiemmanuel@gmail.com | Ref RIB-60A6C432A027 | 10/6/2026, 4:44:04 PM | Confidential - redistribution prohibited"
"February 20, 2026","Upper Corridor Limit","9.25","Rock Investment Bank | Licensed to kironjiemmanuel@gmail.com | Ref RIB-60A6C432A027 | 10/6/2026, 4:44:04 PM | Confidential - redistribution prohibited"
"February 20, 2026","Lower Corridor Limit","8.25","Rock Investment Bank | Licensed to kironjiemmanuel@gmail.com | Ref RIB-60A6C432A027 | 10/6/2026, 4:44:04 PM | Confidential - redistribution prohibited"
"February 19, 2026","Daily Volumes (KES Mn)","6700.00","Rock Investment Bank | Licensed to kironjiemmanuel@gmail.com | Ref RIB-60A6C432A027 | 10/6/2026, 4:44:04 PM | Confidential - redistribution prohibited"
"February 19, 2026","Daily Average Interbank Rate","8.77","Rock Investment Bank | Licensed to kironjiemmanuel@gmail.com | Ref RIB-60A6C432A027 | 10/6/2026, 4:44:04 PM | Confidential - redistribution prohibited"
"February 19, 2026","Upper Corridor Limit","9.25","Rock Investment Bank | Licensed to kironjiemmanuel@gmail.com | Ref RIB-60A6C432A027 | 10/6/2026, 4:44:04 PM | Confidential - redistribution prohibited"
"February 19, 2026","Lower Corridor Limit","8.25","Rock Investment Bank | Licensed to kironjiemmanuel@gmail.com | Ref RIB-60A6C432A027 | 10/6/2026, 4:44:04 PM | Confidential - redistribution prohibited"
"February 18, 2026","Daily Volumes (KES Mn)","5800.00","Rock Investment Bank | Licensed to kironjiemmanuel@gmail.com | Ref RIB-60A6C432A027 | 10/6/2026, 4:44:04 PM | Confidential - redistribution prohibited"
"February 18, 2026","Daily Average Interbank Rate","8.78","Rock Investment Bank | Licensed to kironjiemmanuel@gmail.com | Ref RIB-60A6C432A027 | 10/6/2026, 4:44:04 PM | Confidential - redistribution prohibited"
"February 18, 2026","Upper Corridor Limit","9.25","Rock Investment Bank | Licensed to kironjiemmanuel@gmail.com | Ref RIB-60A6C432A027 | 10/6/2026, 4:44:04 PM | Confidential - redistribution prohibited"
"February 18, 2026","Lower Corridor Limit","8.25","Rock Investment Bank | Licensed to kironjiemmanuel@gmail.com | Ref RIB-60A6C432A027 | 10/6/2026, 4:44:04 PM | Confidential - redistribution prohibited"
"February 17, 2026","Daily Volumes (KES Mn)","8100.00","Rock Investment Bank | Licensed to kironjiemmanuel@gmail.com | Ref RIB-60A6C432A027 | 10/6/2026, 4:44:04 PM | Confidential - redistribution prohibited"
"February 17, 2026","Daily Average Interbank Rate","8.77","Rock Investment Bank | Licensed to kironjiemmanuel@gmail.com | Ref RIB-60A6C432A027 | 10/6/2026, 4:44:04 PM | Confidential - redistribution prohibited"
"February 17, 2026","Upper Corridor Limit","9.25","Rock Investment Bank | Licensed to kironjiemmanuel@gmail.com | Ref RIB-60A6C432A027 | 10/6/2026, 4:44:04 PM | Confidential - redistribution prohibited"
"February 17, 2026","Lower Corridor Limit","8.25","Rock Investment Bank | Licensed to kironjiemmanuel@gmail.com | Ref RIB-60A6C432A027 | 10/6/2026, 4:44:04 PM | Confidential - redistribution prohibited"
"February 16, 2026","Daily Volumes (KES Mn)","11994.00","Rock Investment Bank | Licensed to kironjiemmanuel@gmail.com | Ref RIB-60A6C432A027 | 10/6/2026, 4:44:04 PM | Confidential - redistribution prohibited"
"February 16, 2026","Daily Average Interbank Rate","8.78","Rock Investment Bank | Licensed to kironjiemmanuel@gmail.com | Ref RIB-60A6C432A027 | 10/6/2026, 4:44:04 PM | Confidential - redistribution prohibited"
"February 16, 2026","Upper Corridor Limit","9.25","Rock Investment Bank | Licensed to kironjiemmanuel@gmail.com | Ref RIB-60A6C432A027 | 10/6/2026, 4:44:04 PM | Confidential - redistribution prohibited"
"February 16, 2026","Lower Corridor Limit","8.25","Rock Investment Bank | Licensed to kironjiemmanuel@gmail.com | Ref RIB-60A6C432A027 | 10/6/2026, 4:44:04 PM | Confidential - redistribution prohibited"
"February 13, 2026","Daily Volumes (KES Mn)","12940.00","Rock Investment Bank | Licensed to kironjiemmanuel@gmail.com | Ref RIB-60A6C432A027 | 10/6/2026, 4:44:04 PM | Confidential - redistribution prohibited"
"February 13, 2026","Daily Average Interbank Rate","8.77","Rock Investment Bank | Licensed to kironjiemmanuel@gmail.com | Ref RIB-60A6C432A027 | 10/6/2026, 4:44:04 PM | Confidential - redistribution prohibited"
"February 13, 2026","Upper Corridor Limit","9.25","Rock Investment Bank | Licensed to kironjiemmanuel@gmail.com | Ref RIB-60A6C432A027 | 10/6/2026, 4:44:04 PM | Confidential - redistribution prohibited"
"February 13, 2026","Lower Corridor Limit","8.25","Rock Investment Bank | Licensed to kironjiemmanuel@gmail.com | Ref RIB-60A6C432A027 | 10/6/2026, 4:44:04 PM | Confidential - redistribution prohibited"
"February 12, 2026","Daily Volumes (KES Mn)","10610.00","Rock Investment Bank | Licensed to kironjiemmanuel@gmail.com | Ref RIB-60A6C432A027 | 10/6/2026, 4:44:04 PM | Confidential - redistribution prohibited"
"February 12, 2026","Daily Average Interbank Rate","8.78","Rock Investment Bank | Licensed to kironjiemmanuel@gmail.com | Ref RIB-60A6C432A027 | 10/6/2026, 4:44:04 PM | Confidential - redistribution prohibited"
"February 12, 2026","Upper Corridor Limit","9.25","Rock Investment Bank | Licensed to kironjiemmanuel@gmail.com | Ref RIB-60A6C432A027 | 10/6/2026, 4:44:04 PM | Confidential - redistribution prohibited"
"February 12, 2026","Lower Corridor Limit","8.25","Rock Investment Bank | Licensed to kironjiemmanuel@gmail.com | Ref RIB-60A6C432A027 | 10/6/2026, 4:44:04 PM | Confidential - redistribution prohibited"
"February 11, 2026","Daily Volumes (KES Mn)","7400.00","Rock Investment Bank | Licensed to kironjiemmanuel@gmail.com | Ref RIB-60A6C432A027 | 10/6/2026, 4:44:04 PM | Confidential - redistribution prohibited"
"February 11, 2026","Daily Average Interbank Rate","8.81","Rock Investment Bank | Licensed to kironjiemmanuel@gmail.com | Ref RIB-60A6C432A027 | 10/6/2026, 4:44:04 PM | Confidential - redistribution prohibited"
"February 11, 2026","Upper Corridor Limit","9.25","Rock Investment Bank | Licensed to kironjiemmanuel@gmail.com | Ref RIB-60A6C432A027 | 10/6/2026, 4:44:04 PM | Confidential - redistribution prohibited"
"February 11, 2026","Lower Corridor Limit","8.25","Rock Investment Bank | Licensed to kironjiemmanuel@gmail.com | Ref RIB-60A6C432A027 | 10/6/2026, 4:44:04 PM | Confidential - redistribution prohibited"
"February 10, 2026","Daily Volumes (KES Mn)","5550.00","Rock Investment Bank | Licensed to kironjiemmanuel@gmail.com | Ref RIB-60A6C432A027 | 10/6/2026, 4:44:04 PM | Confidential - redistribution prohibited"
"February 10, 2026","Daily Average Interbank Rate","9.01","Rock Investment Bank | Licensed to kironjiemmanuel@gmail.com | Ref RIB-60A6C432A027 | 10/6/2026, 4:44:04 PM | Confidential - redistribution prohibited"
"February 10, 2026","Upper Corridor Limit","9.25","Rock Investment Bank | Licensed to kironjiemmanuel@gmail.com | Ref RIB-60A6C432A027 | 10/6/2026, 4:44:04 PM | Confidential - redistribution prohibited"
"February 10, 2026","Lower Corridor Limit","8.25","Rock Investment Bank | Licensed to kironjiemmanuel@gmail.com | Ref RIB-60A6C432A027 | 10/6/2026, 4:44:04 PM | Confidential - redistribution prohibited"
"February 9, 2026","Daily Volumes (KES Mn)","5600.00","Rock Investment Bank | Licensed to kironjiemmanuel@gmail.com | Ref RIB-60A6C432A027 | 10/6/2026, 4:44:04 PM | Confidential - redistribution prohibited"
"February 9, 2026","Daily Average Interbank Rate","9.00","Rock Investment Bank | Licensed to kironjiemmanuel@gmail.com | Ref RIB-60A6C432A027 | 10/6/2026, 4:44:04 PM | Confidential - redistribution prohibited"
"February 9, 2026","Upper Corridor Limit","9.75","Rock Investment Bank | Licensed to kironjiemmanuel@gmail.com | Ref RIB-60A6C432A027 | 10/6/2026, 4:44:04 PM | Confidential - redistribution prohibited"
"February 9, 2026","Lower Corridor Limit","8.25","Rock Investment Bank | Licensed to kironjiemmanuel@gmail.com | Ref RIB-60A6C432A027 | 10/6/2026, 4:44:04 PM | Confidential - redistribution prohibited"
"February 6, 2026","Daily Volumes (KES Mn)","8100.00","Rock Investment Bank | Licensed to kironjiemmanuel@gmail.com | Ref RIB-60A6C432A027 | 10/6/2026, 4:44:04 PM | Confidential - redistribution prohibited"
"February 6, 2026","Daily Average Interbank Rate","8.99","Rock Investment Bank | Licensed to kironjiemmanuel@gmail.com | Ref RIB-60A6C432A027 | 10/6/2026, 4:44:04 PM | Confidential - redistribution prohibited"
"February 6, 2026","Upper Corridor Limit","9.75","Rock Investment Bank | Licensed to kironjiemmanuel@gmail.com | Ref RIB-60A6C432A027 | 10/6/2026, 4:44:04 PM | Confidential - redistribution prohibited"
"February 6, 2026","Lower Corridor Limit","8.25","Rock Investment Bank | Licensed to kironjiemmanuel@gmail.com | Ref RIB-60A6C432A027 | 10/6/2026, 4:44:04 PM | Confidential - redistribution prohibited"
"February 5, 2026","Daily Volumes (KES Mn)","7050.00","Rock Investment Bank | Licensed to kironjiemmanuel@gmail.com | Ref RIB-60A6C432A027 | 10/6/2026, 4:44:04 PM | Confidential - redistribution prohibited"
"February 5, 2026","Daily Average Interbank Rate","8.99","Rock Investment Bank | Licensed to kironjiemmanuel@gmail.com | Ref RIB-60A6C432A027 | 10/6/2026, 4:44:04 PM | Confidential - redistribution prohibited"
"February 5, 2026","Upper Corridor Limit","9.75","Rock Investment Bank | Licensed to kironjiemmanuel@gmail.com | Ref RIB-60A6C432A027 | 10/6/2026, 4:44:04 PM | Confidential - redistribution prohibited"
"February 5, 2026","Lower Corridor Limit","8.25","Rock Investment Bank | Licensed to kironjiemmanuel@gmail.com | Ref RIB-60A6C432A027 | 10/6/2026, 4:44:04 PM | Confidential - redistribution prohibited"
"February 4, 2026","Daily Volumes (KES Mn)","6450.00","Rock Investment Bank | Licensed to kironjiemmanuel@gmail.com | Ref RIB-60A6C432A027 | 10/6/2026, 4:44:04 PM | Confidential - redistribution prohibited"
"February 4, 2026","Daily Average Interbank Rate","8.99","Rock Investment Bank | Licensed to kironjiemmanuel@gmail.com | Ref RIB-60A6C432A027 | 10/6/2026, 4:44:04 PM | Confidential - redistribution prohibited"
"February 4, 2026","Upper Corridor Limit","9.75","Rock Investment Bank | Licensed to kironjiemmanuel@gmail.com | Ref RIB-60A6C432A027 | 10/6/2026, 4:44:04 PM | Confidential - redistribution prohibited"
"February 4, 2026","Lower Corridor Limit","8.25","Rock Investment Bank | Licensed to kironjiemmanuel@gmail.com | Ref RIB-60A6C432A027 | 10/6/2026, 4:44:04 PM | Confidential - redistribution prohibited"
"February 3, 2026","Daily Volumes (KES Mn)","9400.00","Rock Investment Bank | Licensed to kironjiemmanuel@gmail.com | Ref RIB-60A6C432A027 | 10/6/2026, 4:44:04 PM | Confidential - redistribution prohibited"
"February 3, 2026","Daily Average Interbank Rate","8.99","Rock Investment Bank | Licensed to kironjiemmanuel@gmail.com | Ref RIB-60A6C432A027 | 10/6/2026, 4:44:04 PM | Confidential - redistribution prohibited"
"February 3, 2026","Upper Corridor Limit","9.75","Rock Investment Bank | Licensed to kironjiemmanuel@gmail.com | Ref RIB-60A6C432A027 | 10/6/2026, 4:44:04 PM | Confidential - redistribution prohibited"
"February 3, 2026","Lower Corridor Limit","8.25","Rock Investment Bank | Licensed to kironjiemmanuel@gmail.com | Ref RIB-60A6C432A027 | 10/6/2026, 4:44:04 PM | Confidential - redistribution prohibited"
"February 2, 2026","Daily Volumes (KES Mn)","2950.00","Rock Investment Bank | Licensed to kironjiemmanuel@gmail.com | Ref RIB-60A6C432A027 | 10/6/2026, 4:44:04 PM | Confidential - redistribution prohibited"
"February 2, 2026","Daily Average Interbank Rate","8.98","Rock Investment Bank | Licensed to kironjiemmanuel@gmail.com | Ref RIB-60A6C432A027 | 10/6/2026, 4:44:04 PM | Confidential - redistribution prohibited"
"February 2, 2026","Upper Corridor Limit","9.75","Rock Investment Bank | Licensed to kironjiemmanuel@gmail.com | Ref RIB-60A6C432A027 | 10/6/2026, 4:44:04 PM | Confidential - redistribution prohibited"
"February 2, 2026","Lower Corridor Limit","8.25","Rock Investment Bank | Licensed to kironjiemmanuel@gmail.com | Ref RIB-60A6C432A027 | 10/6/2026, 4:44:04 PM | Confidential - redistribution prohibited"
"January 30, 2026","Daily Volumes (KES Mn)","7550.00","Rock Investment Bank | Licensed to kironjiemmanuel@gmail.com | Ref RIB-60A6C432A027 | 10/6/2026, 4:44:04 PM | Confidential - redistribution prohibited"
"January 30, 2026","Daily Average Interbank Rate","9.00","Rock Investment Bank | Licensed to kironjiemmanuel@gmail.com | Ref RIB-60A6C432A027 | 10/6/2026, 4:44:04 PM | Confidential - redistribution prohibited"
"January 30, 2026","Upper Corridor Limit","9.75","Rock Investment Bank | Licensed to kironjiemmanuel@gmail.com | Ref RIB-60A6C432A027 | 10/6/2026, 4:44:04 PM | Confidential - redistribution prohibited"
"January 30, 2026","Lower Corridor Limit","8.25","Rock Investment Bank | Licensed to kironjiemmanuel@gmail.com | Ref RIB-60A6C432A027 | 10/6/2026, 4:44:04 PM | Confidential - redistribution prohibited"
"January 29, 2026","Daily Volumes (KES Mn)","10360.00","Rock Investment Bank | Licensed to kironjiemmanuel@gmail.com | Ref RIB-60A6C432A027 | 10/6/2026, 4:44:04 PM | Confidential - redistribution prohibited"
"January 29, 2026","Daily Average Interbank Rate","8.99","Rock Investment Bank | Licensed to kironjiemmanuel@gmail.com | Ref RIB-60A6C432A027 | 10/6/2026, 4:44:04 PM | Confidential - redistribution prohibited"
"January 29, 2026","Upper Corridor Limit","9.75","Rock Investment Bank | Licensed to kironjiemmanuel@gmail.com | Ref RIB-60A6C432A027 | 10/6/2026, 4:44:04 PM | Confidential - redistribution prohibited"
"January 29, 2026","Lower Corridor Limit","8.25","Rock Investment Bank | Licensed to kironjiemmanuel@gmail.com | Ref RIB-60A6C432A027 | 10/6/2026, 4:44:04 PM | Confidential - redistribution prohibited"
"January 28, 2026","Daily Volumes (KES Mn)","8290.00","Rock Investment Bank | Licensed to kironjiemmanuel@gmail.com | Ref RIB-60A6C432A027 | 10/6/2026, 4:44:04 PM | Confidential - redistribution prohibited"
"January 28, 2026","Daily Average Interbank Rate","8.98","Rock Investment Bank | Licensed to kironjiemmanuel@gmail.com | Ref RIB-60A6C432A027 | 10/6/2026, 4:44:04 PM | Confidential - redistribution prohibited"
"January 28, 2026","Upper Corridor Limit","9.75","Rock Investment Bank | Licensed to kironjiemmanuel@gmail.com | Ref RIB-60A6C432A027 | 10/6/2026, 4:44:04 PM | Confidential - redistribution prohibited"
"January 28, 2026","Lower Corridor Limit","8.25","Rock Investment Bank | Licensed to kironjiemmanuel@gmail.com | Ref RIB-60A6C432A027 | 10/6/2026, 4:44:04 PM | Confidential - redistribution prohibited"
"January 27, 2026","Daily Volumes (KES Mn)","14575.00","Rock Investment Bank | Licensed to kironjiemmanuel@gmail.com | Ref RIB-60A6C432A027 | 10/6/2026, 4:44:04 PM | Confidential - redistribution prohibited"
"January 27, 2026","Daily Average Interbank Rate","8.98","Rock Investment Bank | Licensed to kironjiemmanuel@gmail.com | Ref RIB-60A6C432A027 | 10/6/2026, 4:44:04 PM | Confidential - redistribution prohibited"
"January 27, 2026","Upper Corridor Limit","9.75","Rock Investment Bank | Licensed to kironjiemmanuel@gmail.com | Ref RIB-60A6C432A027 | 10/6/2026, 4:44:04 PM | Confidential - redistribution prohibited"
"January 27, 2026","Lower Corridor Limit","8.25","Rock Investment Bank | Licensed to kironjiemmanuel@gmail.com | Ref RIB-60A6C432A027 | 10/6/2026, 4:44:04 PM | Confidential - redistribution prohibited"
"January 26, 2026","Daily Volumes (KES Mn)","13350.00","Rock Investment Bank | Licensed to kironjiemmanuel@gmail.com | Ref RIB-60A6C432A027 | 10/6/2026, 4:44:04 PM | Confidential - redistribution prohibited"
"January 26, 2026","Daily Average Interbank Rate","8.99","Rock Investment Bank | Licensed to kironjiemmanuel@gmail.com | Ref RIB-60A6C432A027 | 10/6/2026, 4:44:04 PM | Confidential - redistribution prohibited"
"January 26, 2026","Upper Corridor Limit","9.75","Rock Investment Bank | Licensed to kironjiemmanuel@gmail.com | Ref RIB-60A6C432A027 | 10/6/2026, 4:44:04 PM | Confidential - redistribution prohibited"
"January 26, 2026","Lower Corridor Limit","8.25","Rock Investment Bank | Licensed to kironjiemmanuel@gmail.com | Ref RIB-60A6C432A027 | 10/6/2026, 4:44:04 PM | Confidential - redistribution prohibited"
"January 23, 2026","Daily Volumes (KES Mn)","15875.00","Rock Investment Bank | Licensed to kironjiemmanuel@gmail.com | Ref RIB-60A6C432A027 | 10/6/2026, 4:44:04 PM | Confidential - redistribution prohibited"
"January 23, 2026","Daily Average Interbank Rate","8.98","Rock Investment Bank | Licensed to kironjiemmanuel@gmail.com | Ref RIB-60A6C432A027 | 10/6/2026, 4:44:04 PM | Confidential - redistribution prohibited"
"January 23, 2026","Upper Corridor Limit","9.75","Rock Investment Bank | Licensed to kironjiemmanuel@gmail.com | Ref RIB-60A6C432A027 | 10/6/2026, 4:44:04 PM | Confidential - redistribution prohibited"
"January 23, 2026","Lower Corridor Limit","8.25","Rock Investment Bank | Licensed to kironjiemmanuel@gmail.com | Ref RIB-60A6C432A027 | 10/6/2026, 4:44:04 PM | Confidential - redistribution prohibited"
"January 22, 2026","Daily Volumes (KES Mn)","6300.00","Rock Investment Bank | Licensed to kironjiemmanuel@gmail.com | Ref RIB-60A6C432A027 | 10/6/2026, 4:44:04 PM | Confidential - redistribution prohibited"
"January 22, 2026","Daily Average Interbank Rate","8.98","Rock Investment Bank | Licensed to kironjiemmanuel@gmail.com | Ref RIB-60A6C432A027 | 10/6/2026, 4:44:04 PM | Confidential - redistribution prohibited"
"January 22, 2026","Upper Corridor Limit","9.75","Rock Investment Bank | Licensed to kironjiemmanuel@gmail.com | Ref RIB-60A6C432A027 | 10/6/2026, 4:44:04 PM | Confidential - redistribution prohibited"
"January 22, 2026","Lower Corridor Limit","8.25","Rock Investment Bank | Licensed to kironjiemmanuel@gmail.com | Ref RIB-60A6C432A027 | 10/6/2026, 4:44:04 PM | Confidential - redistribution prohibited"
"January 21, 2026","Daily Volumes (KES Mn)","9700.00","Rock Investment Bank | Licensed to kironjiemmanuel@gmail.com | Ref RIB-60A6C432A027 | 10/6/2026, 4:44:04 PM | Confidential - redistribution prohibited"
"January 21, 2026","Daily Average Interbank Rate","8.99","Rock Investment Bank | Licensed to kironjiemmanuel@gmail.com | Ref RIB-60A6C432A027 | 10/6/2026, 4:44:04 PM | Confidential - redistribution prohibited"
"January 21, 2026","Upper Corridor Limit","9.75","Rock Investment Bank | Licensed to kironjiemmanuel@gmail.com | Ref RIB-60A6C432A027 | 10/6/2026, 4:44:04 PM | Confidential - redistribution prohibited"
"January 21, 2026","Lower Corridor Limit","8.25","Rock Investment Bank | Licensed to kironjiemmanuel@gmail.com | Ref RIB-60A6C432A027 | 10/6/2026, 4:44:04 PM | Confidential - redistribution prohibited"
"January 20, 2026","Daily Volumes (KES Mn)","21250.00","Rock Investment Bank | Licensed to kironjiemmanuel@gmail.com | Ref RIB-60A6C432A027 | 10/6/2026, 4:44:04 PM | Confidential - redistribution prohibited"
"January 20, 2026","Daily Average Interbank Rate","8.99","Rock Investment Bank | Licensed to kironjiemmanuel@gmail.com | Ref RIB-60A6C432A027 | 10/6/2026, 4:44:04 PM | Confidential - redistribution prohibited"
"January 20, 2026","Upper Corridor Limit","9.75","Rock Investment Bank | Licensed to kironjiemmanuel@gmail.com | Ref RIB-60A6C432A027 | 10/6/2026, 4:44:04 PM | Confidential - redistribution prohibited"
"January 20, 2026","Lower Corridor Limit","8.25","Rock Investment Bank | Licensed to kironjiemmanuel@gmail.com | Ref RIB-60A6C432A027 | 10/6/2026, 4:44:04 PM | Confidential - redistribution prohibited"
"January 19, 2026","Daily Volumes (KES Mn)","9010.00","Rock Investment Bank | Licensed to kironjiemmanuel@gmail.com | Ref RIB-60A6C432A027 | 10/6/2026, 4:44:04 PM | Confidential - redistribution prohibited"
"January 19, 2026","Daily Average Interbank Rate","8.99","Rock Investment Bank | Licensed to kironjiemmanuel@gmail.com | Ref RIB-60A6C432A027 | 10/6/2026, 4:44:04 PM | Confidential - redistribution prohibited"
"January 19, 2026","Upper Corridor Limit","9.75","Rock Investment Bank | Licensed to kironjiemmanuel@gmail.com | Ref RIB-60A6C432A027 | 10/6/2026, 4:44:04 PM | Confidential - redistribution prohibited"
"January 19, 2026","Lower Corridor Limit","8.25","Rock Investment Bank | Licensed to kironjiemmanuel@gmail.com | Ref RIB-60A6C432A027 | 10/6/2026, 4:44:04 PM | Confidential - redistribution prohibited"
"January 16, 2026","Daily Volumes (KES Mn)","14200.00","Rock Investment Bank | Licensed to kironjiemmanuel@gmail.com | Ref RIB-60A6C432A027 | 10/6/2026, 4:44:04 PM | Confidential - redistribution prohibited"
"January 16, 2026","Daily Average Interbank Rate","9.00","Rock Investment Bank | Licensed to kironjiemmanuel@gmail.com | Ref RIB-60A6C432A027 | 10/6/2026, 4:44:04 PM | Confidential - redistribution prohibited"
"January 16, 2026","Upper Corridor Limit","9.75","Rock Investment Bank | Licensed to kironjiemmanuel@gmail.com | Ref RIB-60A6C432A027 | 10/6/2026, 4:44:04 PM | Confidential - redistribution prohibited"
"January 16, 2026","Lower Corridor Limit","8.25","Rock Investment Bank | Licensed to kironjiemmanuel@gmail.com | Ref RIB-60A6C432A027 | 10/6/2026, 4:44:04 PM | Confidential - redistribution prohibited"
"January 15, 2026","Daily Volumes (KES Mn)","21040.00","Rock Investment Bank | Licensed to kironjiemmanuel@gmail.com | Ref RIB-60A6C432A027 | 10/6/2026, 4:44:04 PM | Confidential - redistribution prohibited"
"January 15, 2026","Daily Average Interbank Rate","9.00","Rock Investment Bank | Licensed to kironjiemmanuel@gmail.com | Ref RIB-60A6C432A027 | 10/6/2026, 4:44:04 PM | Confidential - redistribution prohibited"
"January 15, 2026","Upper Corridor Limit","9.75","Rock Investment Bank | Licensed to kironjiemmanuel@gmail.com | Ref RIB-60A6C432A027 | 10/6/2026, 4:44:04 PM | Confidential - redistribution prohibited"
"January 15, 2026","Lower Corridor Limit","8.25","Rock Investment Bank | Licensed to kironjiemmanuel@gmail.com | Ref RIB-60A6C432A027 | 10/6/2026, 4:44:04 PM | Confidential - redistribution prohibited"
"January 14, 2026","Daily Volumes (KES Mn)","12900.00","Rock Investment Bank | Licensed to kironjiemmanuel@gmail.com | Ref RIB-60A6C432A027 | 10/6/2026, 4:44:04 PM | Confidential - redistribution prohibited"
"January 14, 2026","Daily Average Interbank Rate","8.99","Rock Investment Bank | Licensed to kironjiemmanuel@gmail.com | Ref RIB-60A6C432A027 | 10/6/2026, 4:44:04 PM | Confidential - redistribution prohibited"
"January 14, 2026","Upper Corridor Limit","9.75","Rock Investment Bank | Licensed to kironjiemmanuel@gmail.com | Ref RIB-60A6C432A027 | 10/6/2026, 4:44:04 PM | Confidential - redistribution prohibited"
"January 14, 2026","Lower Corridor Limit","8.25","Rock Investment Bank | Licensed to kironjiemmanuel@gmail.com | Ref RIB-60A6C432A027 | 10/6/2026, 4:44:04 PM | Confidential - redistribution prohibited"
"January 13, 2026","Daily Volumes (KES Mn)","18330.00","Rock Investment Bank | Licensed to kironjiemmanuel@gmail.com | Ref RIB-60A6C432A027 | 10/6/2026, 4:44:04 PM | Confidential - redistribution prohibited"
"January 13, 2026","Daily Average Interbank Rate","8.99","Rock Investment Bank | Licensed to kironjiemmanuel@gmail.com | Ref RIB-60A6C432A027 | 10/6/2026, 4:44:04 PM | Confidential - redistribution prohibited"
"January 13, 2026","Upper Corridor Limit","9.75","Rock Investment Bank | Licensed to kironjiemmanuel@gmail.com | Ref RIB-60A6C432A027 | 10/6/2026, 4:44:04 PM | Confidential - redistribution prohibited"
"January 13, 2026","Lower Corridor Limit","8.25","Rock Investment Bank | Licensed to kironjiemmanuel@gmail.com | Ref RIB-60A6C432A027 | 10/6/2026, 4:44:04 PM | Confidential - redistribution prohibited"
"January 12, 2026","Daily Volumes (KES Mn)","14807.00","Rock Investment Bank | Licensed to kironjiemmanuel@gmail.com | Ref RIB-60A6C432A027 | 10/6/2026, 4:44:04 PM | Confidential - redistribution prohibited"
"January 12, 2026","Daily Average Interbank Rate","8.98","Rock Investment Bank | Licensed to kironjiemmanuel@gmail.com | Ref RIB-60A6C432A027 | 10/6/2026, 4:44:04 PM | Confidential - redistribution prohibited"
"January 12, 2026","Upper Corridor Limit","9.75","Rock Investment Bank | Licensed to kironjiemmanuel@gmail.com | Ref RIB-60A6C432A027 | 10/6/2026, 4:44:04 PM | Confidential - redistribution prohibited"
"January 12, 2026","Lower Corridor Limit","8.25","Rock Investment Bank | Licensed to kironjiemmanuel@gmail.com | Ref RIB-60A6C432A027 | 10/6/2026, 4:44:04 PM | Confidential - redistribution prohibited"
"January 9, 2026","Daily Volumes (KES Mn)","9150.00","Rock Investment Bank | Licensed to kironjiemmanuel@gmail.com | Ref RIB-60A6C432A027 | 10/6/2026, 4:44:04 PM | Confidential - redistribution prohibited"
"January 9, 2026","Daily Average Interbank Rate","8.98","Rock Investment Bank | Licensed to kironjiemmanuel@gmail.com | Ref RIB-60A6C432A027 | 10/6/2026, 4:44:04 PM | Confidential - redistribution prohibited"
"January 9, 2026","Upper Corridor Limit","9.75","Rock Investment Bank | Licensed to kironjiemmanuel@gmail.com | Ref RIB-60A6C432A027 | 10/6/2026, 4:44:04 PM | Confidential - redistribution prohibited"
"January 9, 2026","Lower Corridor Limit","8.25","Rock Investment Bank | Licensed to kironjiemmanuel@gmail.com | Ref RIB-60A6C432A027 | 10/6/2026, 4:44:04 PM | Confidential - redistribution prohibited"
"January 8, 2026","Daily Volumes (KES Mn)","4620.00","Rock Investment Bank | Licensed to kironjiemmanuel@gmail.com | Ref RIB-60A6C432A027 | 10/6/2026, 4:44:04 PM | Confidential - redistribution prohibited"
"January 8, 2026","Daily Average Interbank Rate","8.97","Rock Investment Bank | Licensed to kironjiemmanuel@gmail.com | Ref RIB-60A6C432A027 | 10/6/2026, 4:44:04 PM | Confidential - redistribution prohibited"
"January 8, 2026","Upper Corridor Limit","9.75","Rock Investment Bank | Licensed to kironjiemmanuel@gmail.com | Ref RIB-60A6C432A027 | 10/6/2026, 4:44:04 PM | Confidential - redistribution prohibited"
"January 8, 2026","Lower Corridor Limit","8.25","Rock Investment Bank | Licensed to kironjiemmanuel@gmail.com | Ref RIB-60A6C432A027 | 10/6/2026, 4:44:04 PM | Confidential - redistribution prohibited"
"January 7, 2026","Daily Volumes (KES Mn)","4050.00","Rock Investment Bank | Licensed to kironjiemmanuel@gmail.com | Ref RIB-60A6C432A027 | 10/6/2026, 4:44:04 PM | Confidential - redistribution prohibited"
"January 7, 2026","Daily Average Interbank Rate","8.97","Rock Investment Bank | Licensed to kironjiemmanuel@gmail.com | Ref RIB-60A6C432A027 | 10/6/2026, 4:44:04 PM | Confidential - redistribution prohibited"
"January 7, 2026","Upper Corridor Limit","9.75","Rock Investment Bank | Licensed to kironjiemmanuel@gmail.com | Ref RIB-60A6C432A027 | 10/6/2026, 4:44:04 PM | Confidential - redistribution prohibited"
"January 7, 2026","Lower Corridor Limit","8.25","Rock Investment Bank | Licensed to kironjiemmanuel@gmail.com | Ref RIB-60A6C432A027 | 10/6/2026, 4:44:04 PM | Confidential - redistribution prohibited"
"January 6, 2026","Daily Volumes (KES Mn)","8950.00","Rock Investment Bank | Licensed to kironjiemmanuel@gmail.com | Ref RIB-60A6C432A027 | 10/6/2026, 4:44:04 PM | Confidential - redistribution prohibited"
"January 6, 2026","Daily Average Interbank Rate","8.98","Rock Investment Bank | Licensed to kironjiemmanuel@gmail.com | Ref RIB-60A6C432A027 | 10/6/2026, 4:44:04 PM | Confidential - redistribution prohibited"
"January 6, 2026","Upper Corridor Limit","9.75","Rock Investment Bank | Licensed to kironjiemmanuel@gmail.com | Ref RIB-60A6C432A027 | 10/6/2026, 4:44:04 PM | Confidential - redistribution prohibited"
"January 6, 2026","Lower Corridor Limit","8.25","Rock Investment Bank | Licensed to kironjiemmanuel@gmail.com | Ref RIB-60A6C432A027 | 10/6/2026, 4:44:04 PM | Confidential - redistribution prohibited"
"January 5, 2026","Daily Volumes (KES Mn)","14050.00","Rock Investment Bank | Licensed to kironjiemmanuel@gmail.com | Ref RIB-60A6C432A027 | 10/6/2026, 4:44:04 PM | Confidential - redistribution prohibited"
"January 5, 2026","Daily Average Interbank Rate","8.99","Rock Investment Bank | Licensed to kironjiemmanuel@gmail.com | Ref RIB-60A6C432A027 | 10/6/2026, 4:44:04 PM | Confidential - redistribution prohibited"
"January 5, 2026","Upper Corridor Limit","9.75","Rock Investment Bank | Licensed to kironjiemmanuel@gmail.com | Ref RIB-60A6C432A027 | 10/6/2026, 4:44:04 PM | Confidential - redistribution prohibited"
"January 5, 2026","Lower Corridor Limit","8.25","Rock Investment Bank | Licensed to kironjiemmanuel@gmail.com | Ref RIB-60A6C432A027 | 10/6/2026, 4:44:04 PM | Confidential - redistribution prohibited"
"January 2, 2026","Daily Volumes (KES Mn)","5800.00","Rock Investment Bank | Licensed to kironjiemmanuel@gmail.com | Ref RIB-60A6C432A027 | 10/6/2026, 4:44:04 PM | Confidential - redistribution prohibited"
"January 2, 2026","Daily Average Interbank Rate","9.00","Rock Investment Bank | Licensed to kironjiemmanuel@gmail.com | Ref RIB-60A6C432A027 | 10/6/2026, 4:44:04 PM | Confidential - redistribution prohibited"
"January 2, 2026","Upper Corridor Limit","9.75","Rock Investment Bank | Licensed to kironjiemmanuel@gmail.com | Ref RIB-60A6C432A027 | 10/6/2026, 4:44:04 PM | Confidential - redistribution prohibited"
"January 2, 2026","Lower Corridor Limit","8.25","Rock Investment Bank | Licensed to kironjiemmanuel@gmail.com | Ref RIB-60A6C432A027 | 10/6/2026, 4:44:04 PM | Confidential - redistribution prohibited"
"December 31, 2025","Daily Volumes (KES Mn)","5800.00","Rock Investment Bank | Licensed to kironjiemmanuel@gmail.com | Ref RIB-60A6C432A027 | 10/6/2026, 4:44:04 PM | Confidential - redistribution prohibited"
"December 31, 2025","Daily Average Interbank Rate","8.99","Rock Investment Bank | Licensed to kironjiemmanuel@gmail.com | Ref RIB-60A6C432A027 | 10/6/2026, 4:44:04 PM | Confidential - redistribution prohibited"
"December 31, 2025","Upper Corridor Limit","9.75","Rock Investment Bank | Licensed to kironjiemmanuel@gmail.com | Ref RIB-60A6C432A027 | 10/6/2026, 4:44:04 PM | Confidential - redistribution prohibited"
"December 31, 2025","Lower Corridor Limit","8.25","Rock Investment Bank | Licensed to kironjiemmanuel@gmail.com | Ref RIB-60A6C432A027 | 10/6/2026, 4:44:04 PM | Confidential - redistribution prohibited"
"December 30, 2025","Daily Volumes (KES Mn)","10600.00","Rock Investment Bank | Licensed to kironjiemmanuel@gmail.com | Ref RIB-60A6C432A027 | 10/6/2026, 4:44:04 PM | Confidential - redistribution prohibited"
"December 30, 2025","Daily Average Interbank Rate","9.00","Rock Investment Bank | Licensed to kironjiemmanuel@gmail.com | Ref RIB-60A6C432A027 | 10/6/2026, 4:44:04 PM | Confidential - redistribution prohibited"
"December 30, 2025","Upper Corridor Limit","9.75","Rock Investment Bank | Licensed to kironjiemmanuel@gmail.com | Ref RIB-60A6C432A027 | 10/6/2026, 4:44:04 PM | Confidential - redistribution prohibited"
"December 30, 2025","Lower Corridor Limit","8.25","Rock Investment Bank | Licensed to kironjiemmanuel@gmail.com | Ref RIB-60A6C432A027 | 10/6/2026, 4:44:04 PM | Confidential - redistribution prohibited"
"December 29, 2025","Daily Volumes (KES Mn)","11770.00","Rock Investment Bank | Licensed to kironjiemmanuel@gmail.com | Ref RIB-60A6C432A027 | 10/6/2026, 4:44:04 PM | Confidential - redistribution prohibited"
"December 29, 2025","Daily Average Interbank Rate","8.99","Rock Investment Bank | Licensed to kironjiemmanuel@gmail.com | Ref RIB-60A6C432A027 | 10/6/2026, 4:44:04 PM | Confidential - redistribution prohibited"
"December 29, 2025","Upper Corridor Limit","9.75","Rock Investment Bank | Licensed to kironjiemmanuel@gmail.com | Ref RIB-60A6C432A027 | 10/6/2026, 4:44:04 PM | Confidential - redistribution prohibited"
"December 29, 2025","Lower Corridor Limit","8.25","Rock Investment Bank | Licensed to kironjiemmanuel@gmail.com | Ref RIB-60A6C432A027 | 10/6/2026, 4:44:04 PM | Confidential - redistribution prohibited"
"December 24, 2025","Daily Volumes (KES Mn)","10550.00","Rock Investment Bank | Licensed to kironjiemmanuel@gmail.com | Ref RIB-60A6C432A027 | 10/6/2026, 4:44:04 PM | Confidential - redistribution prohibited"
"December 24, 2025","Daily Average Interbank Rate","9.00","Rock Investment Bank | Licensed to kironjiemmanuel@gmail.com | Ref RIB-60A6C432A027 | 10/6/2026, 4:44:04 PM | Confidential - redistribution prohibited"
"December 24, 2025","Upper Corridor Limit","9.75","Rock Investment Bank | Licensed to kironjiemmanuel@gmail.com | Ref RIB-60A6C432A027 | 10/6/2026, 4:44:04 PM | Confidential - redistribution prohibited"
"December 24, 2025","Lower Corridor Limit","8.25","Rock Investment Bank | Licensed to kironjiemmanuel@gmail.com | Ref RIB-60A6C432A027 | 10/6/2026, 4:44:04 PM | Confidential - redistribution prohibited"
"December 23, 2025","Daily Volumes (KES Mn)","6500.00","Rock Investment Bank | Licensed to kironjiemmanuel@gmail.com | Ref RIB-60A6C432A027 | 10/6/2026, 4:44:04 PM | Confidential - redistribution prohibited"
"December 23, 2025","Daily Average Interbank Rate","9.01","Rock Investment Bank | Licensed to kironjiemmanuel@gmail.com | Ref RIB-60A6C432A027 | 10/6/2026, 4:44:04 PM | Confidential - redistribution prohibited"
"December 23, 2025","Upper Corridor Limit","9.75","Rock Investment Bank | Licensed to kironjiemmanuel@gmail.com | Ref RIB-60A6C432A027 | 10/6/2026, 4:44:04 PM | Confidential - redistribution prohibited"
"December 23, 2025","Lower Corridor Limit","8.25","Rock Investment Bank | Licensed to kironjiemmanuel@gmail.com | Ref RIB-60A6C432A027 | 10/6/2026, 4:44:04 PM | Confidential - redistribution prohibited"
"December 22, 2025","Daily Volumes (KES Mn)","13116.00","Rock Investment Bank | Licensed to kironjiemmanuel@gmail.com | Ref RIB-60A6C432A027 | 10/6/2026, 4:44:04 PM | Confidential - redistribution prohibited"
"December 22, 2025","Daily Average Interbank Rate","8.99","Rock Investment Bank | Licensed to kironjiemmanuel@gmail.com | Ref RIB-60A6C432A027 | 10/6/2026, 4:44:04 PM | Confidential - redistribution prohibited"
"December 22, 2025","Upper Corridor Limit","9.75","Rock Investment Bank | Licensed to kironjiemmanuel@gmail.com | Ref RIB-60A6C432A027 | 10/6/2026, 4:44:04 PM | Confidential - redistribution prohibited"
"December 22, 2025","Lower Corridor Limit","8.25","Rock Investment Bank | Licensed to kironjiemmanuel@gmail.com | Ref RIB-60A6C432A027 | 10/6/2026, 4:44:04 PM | Confidential - redistribution prohibited"
"December 19, 2025","Daily Volumes (KES Mn)","10620.00","Rock Investment Bank | Licensed to kironjiemmanuel@gmail.com | Ref RIB-60A6C432A027 | 10/6/2026, 4:44:04 PM | Confidential - redistribution prohibited"
"December 19, 2025","Daily Average Interbank Rate","8.99","Rock Investment Bank | Licensed to kironjiemmanuel@gmail.com | Ref RIB-60A6C432A027 | 10/6/2026, 4:44:04 PM | Confidential - redistribution prohibited"
"December 19, 2025","Upper Corridor Limit","9.75","Rock Investment Bank | Licensed to kironjiemmanuel@gmail.com | Ref RIB-60A6C432A027 | 10/6/2026, 4:44:04 PM | Confidential - redistribution prohibited"
"December 19, 2025","Lower Corridor Limit","8.25","Rock Investment Bank | Licensed to kironjiemmanuel@gmail.com | Ref RIB-60A6C432A027 | 10/6/2026, 4:44:04 PM | Confidential - redistribution prohibited"
"December 18, 2025","Daily Volumes (KES Mn)","10720.00","Rock Investment Bank | Licensed to kironjiemmanuel@gmail.com | Ref RIB-60A6C432A027 | 10/6/2026, 4:44:04 PM | Confidential - redistribution prohibited"
"December 18, 2025","Daily Average Interbank Rate","8.98","Rock Investment Bank | Licensed to kironjiemmanuel@gmail.com | Ref RIB-60A6C432A027 | 10/6/2026, 4:44:04 PM | Confidential - redistribution prohibited"
"December 18, 2025","Upper Corridor Limit","9.75","Rock Investment Bank | Licensed to kironjiemmanuel@gmail.com | Ref RIB-60A6C432A027 | 10/6/2026, 4:44:04 PM | Confidential - redistribution prohibited"
"December 18, 2025","Lower Corridor Limit","8.25","Rock Investment Bank | Licensed to kironjiemmanuel@gmail.com | Ref RIB-60A6C432A027 | 10/6/2026, 4:44:04 PM | Confidential - redistribution prohibited"
"December 17, 2025","Daily Volumes (KES Mn)","15697.00","Rock Investment Bank | Licensed to kironjiemmanuel@gmail.com | Ref RIB-60A6C432A027 | 10/6/2026, 4:44:04 PM | Confidential - redistribution prohibited"
"December 17, 2025","Daily Average Interbank Rate","8.98","Rock Investment Bank | Licensed to kironjiemmanuel@gmail.com | Ref RIB-60A6C432A027 | 10/6/2026, 4:44:04 PM | Confidential - redistribution prohibited"
"December 17, 2025","Upper Corridor Limit","9.75","Rock Investment Bank | Licensed to kironjiemmanuel@gmail.com | Ref RIB-60A6C432A027 | 10/6/2026, 4:44:04 PM | Confidential - redistribution prohibited"
"December 17, 2025","Lower Corridor Limit","8.25","Rock Investment Bank | Licensed to kironjiemmanuel@gmail.com | Ref RIB-60A6C432A027 | 10/6/2026, 4:44:04 PM | Confidential - redistribution prohibited"
"December 16, 2025","Daily Volumes (KES Mn)","11000.00","Rock Investment Bank | Licensed to kironjiemmanuel@gmail.com | Ref RIB-60A6C432A027 | 10/6/2026, 4:44:04 PM | Confidential - redistribution prohibited"
"December 16, 2025","Daily Average Interbank Rate","8.99","Rock Investment Bank | Licensed to kironjiemmanuel@gmail.com | Ref RIB-60A6C432A027 | 10/6/2026, 4:44:04 PM | Confidential - redistribution prohibited"
"December 16, 2025","Upper Corridor Limit","9.75","Rock Investment Bank | Licensed to kironjiemmanuel@gmail.com | Ref RIB-60A6C432A027 | 10/6/2026, 4:44:04 PM | Confidential - redistribution prohibited"
"December 16, 2025","Lower Corridor Limit","8.25","Rock Investment Bank | Licensed to kironjiemmanuel@gmail.com | Ref RIB-60A6C432A027 | 10/6/2026, 4:44:04 PM | Confidential - redistribution prohibited"
"December 15, 2025","Daily Volumes (KES Mn)","7690.00","Rock Investment Bank | Licensed to kironjiemmanuel@gmail.com | Ref RIB-60A6C432A027 | 10/6/2026, 4:44:04 PM | Confidential - redistribution prohibited"
"December 15, 2025","Daily Average Interbank Rate","9.01","Rock Investment Bank | Licensed to kironjiemmanuel@gmail.com | Ref RIB-60A6C432A027 | 10/6/2026, 4:44:04 PM | Confidential - redistribution prohibited"
"December 15, 2025","Upper Corridor Limit","9.75","Rock Investment Bank | Licensed to kironjiemmanuel@gmail.com | Ref RIB-60A6C432A027 | 10/6/2026, 4:44:04 PM | Confidential - redistribution prohibited"
"December 15, 2025","Lower Corridor Limit","8.25","Rock Investment Bank | Licensed to kironjiemmanuel@gmail.com | Ref RIB-60A6C432A027 | 10/6/2026, 4:44:04 PM | Confidential - redistribution prohibited"
"December 11, 2025","Daily Volumes (KES Mn)","28970.00","Rock Investment Bank | Licensed to kironjiemmanuel@gmail.com | Ref RIB-60A6C432A027 | 10/6/2026, 4:44:04 PM | Confidential - redistribution prohibited"
"December 11, 2025","Daily Average Interbank Rate","9.02","Rock Investment Bank | Licensed to kironjiemmanuel@gmail.com | Ref RIB-60A6C432A027 | 10/6/2026, 4:44:04 PM | Confidential - redistribution prohibited"
"December 11, 2025","Upper Corridor Limit","9.75","Rock Investment Bank | Licensed to kironjiemmanuel@gmail.com | Ref RIB-60A6C432A027 | 10/6/2026, 4:44:04 PM | Confidential - redistribution prohibited"
"December 11, 2025","Lower Corridor Limit","8.25","Rock Investment Bank | Licensed to kironjiemmanuel@gmail.com | Ref RIB-60A6C432A027 | 10/6/2026, 4:44:04 PM | Confidential - redistribution prohibited"
"December 10, 2025","Daily Volumes (KES Mn)","12800.00","Rock Investment Bank | Licensed to kironjiemmanuel@gmail.com | Ref RIB-60A6C432A027 | 10/6/2026, 4:44:04 PM | Confidential - redistribution prohibited"
"December 10, 2025","Daily Average Interbank Rate","9.05","Rock Investment Bank | Licensed to kironjiemmanuel@gmail.com | Ref RIB-60A6C432A027 | 10/6/2026, 4:44:04 PM | Confidential - redistribution prohibited"
"December 10, 2025","Upper Corridor Limit","9.75","Rock Investment Bank | Licensed to kironjiemmanuel@gmail.com | Ref RIB-60A6C432A027 | 10/6/2026, 4:44:04 PM | Confidential - redistribution prohibited"
"December 10, 2025","Lower Corridor Limit","8.25","Rock Investment Bank | Licensed to kironjiemmanuel@gmail.com | Ref RIB-60A6C432A027 | 10/6/2026, 4:44:04 PM | Confidential - redistribution prohibited"
"December 9, 2025","Daily Volumes (KES Mn)","10790.00","Rock Investment Bank | Licensed to kironjiemmanuel@gmail.com | Ref RIB-60A6C432A027 | 10/6/2026, 4:44:04 PM | Confidential - redistribution prohibited"
"December 9, 2025","Daily Average Interbank Rate","9.28","Rock Investment Bank | Licensed to kironjiemmanuel@gmail.com | Ref RIB-60A6C432A027 | 10/6/2026, 4:44:04 PM | Confidential - redistribution prohibited"
"December 9, 2025","Upper Corridor Limit","9.75","Rock Investment Bank | Licensed to kironjiemmanuel@gmail.com | Ref RIB-60A6C432A027 | 10/6/2026, 4:44:04 PM | Confidential - redistribution prohibited"
"December 9, 2025","Lower Corridor Limit","8.25","Rock Investment Bank | Licensed to kironjiemmanuel@gmail.com | Ref RIB-60A6C432A027 | 10/6/2026, 4:44:04 PM | Confidential - redistribution prohibited"
"December 8, 2025","Daily Volumes (KES Mn)","10350.00","Rock Investment Bank | Licensed to kironjiemmanuel@gmail.com | Ref RIB-60A6C432A027 | 10/6/2026, 4:44:04 PM | Confidential - redistribution prohibited"
"December 8, 2025","Daily Average Interbank Rate","9.25","Rock Investment Bank | Licensed to kironjiemmanuel@gmail.com | Ref RIB-60A6C432A027 | 10/6/2026, 4:44:04 PM | Confidential - redistribution prohibited"
"December 8, 2025","Upper Corridor Limit","10.00","Rock Investment Bank | Licensed to kironjiemmanuel@gmail.com | Ref RIB-60A6C432A027 | 10/6/2026, 4:44:04 PM | Confidential - redistribution prohibited"
"December 8, 2025","Lower Corridor Limit","8.50","Rock Investment Bank | Licensed to kironjiemmanuel@gmail.com | Ref RIB-60A6C432A027 | 10/6/2026, 4:44:04 PM | Confidential - redistribution prohibited"
"December 5, 2025","Daily Volumes (KES Mn)","17700.00","Rock Investment Bank | Licensed to kironjiemmanuel@gmail.com | Ref RIB-60A6C432A027 | 10/6/2026, 4:44:04 PM | Confidential - redistribution prohibited"
"December 5, 2025","Daily Average Interbank Rate","9.25","Rock Investment Bank | Licensed to kironjiemmanuel@gmail.com | Ref RIB-60A6C432A027 | 10/6/2026, 4:44:04 PM | Confidential - redistribution prohibited"
"December 5, 2025","Upper Corridor Limit","10.00","Rock Investment Bank | Licensed to kironjiemmanuel@gmail.com | Ref RIB-60A6C432A027 | 10/6/2026, 4:44:04 PM | Confidential - redistribution prohibited"
"December 5, 2025","Lower Corridor Limit","8.50","Rock Investment Bank | Licensed to kironjiemmanuel@gmail.com | Ref RIB-60A6C432A027 | 10/6/2026, 4:44:04 PM | Confidential - redistribution prohibited"
"December 4, 2025","Daily Volumes (KES Mn)","16250.00","Rock Investment Bank | Licensed to kironjiemmanuel@gmail.com | Ref RIB-60A6C432A027 | 10/6/2026, 4:44:04 PM | Confidential - redistribution prohibited"
"December 4, 2025","Daily Average Interbank Rate","9.24","Rock Investment Bank | Licensed to kironjiemmanuel@gmail.com | Ref RIB-60A6C432A027 | 10/6/2026, 4:44:04 PM | Confidential - redistribution prohibited"
"December 4, 2025","Upper Corridor Limit","10.00","Rock Investment Bank | Licensed to kironjiemmanuel@gmail.com | Ref RIB-60A6C432A027 | 10/6/2026, 4:44:04 PM | Confidential - redistribution prohibited"
"December 4, 2025","Lower Corridor Limit","8.50","Rock Investment Bank | Licensed to kironjiemmanuel@gmail.com | Ref RIB-60A6C432A027 | 10/6/2026, 4:44:04 PM | Confidential - redistribution prohibited"
"December 3, 2025","Daily Volumes (KES Mn)","2650.00","Rock Investment Bank | Licensed to kironjiemmanuel@gmail.com | Ref RIB-60A6C432A027 | 10/6/2026, 4:44:04 PM | Confidential - redistribution prohibited"
"December 3, 2025","Daily Average Interbank Rate","9.24","Rock Investment Bank | Licensed to kironjiemmanuel@gmail.com | Ref RIB-60A6C432A027 | 10/6/2026, 4:44:04 PM | Confidential - redistribution prohibited"
"December 3, 2025","Upper Corridor Limit","10.00","Rock Investment Bank | Licensed to kironjiemmanuel@gmail.com | Ref RIB-60A6C432A027 | 10/6/2026, 4:44:04 PM | Confidential - redistribution prohibited"
"December 3, 2025","Lower Corridor Limit","8.50","Rock Investment Bank | Licensed to kironjiemmanuel@gmail.com | Ref RIB-60A6C432A027 | 10/6/2026, 4:44:04 PM | Confidential - redistribution prohibited"
"December 2, 2025","Daily Volumes (KES Mn)","13350.00","Rock Investment Bank | Licensed to kironjiemmanuel@gmail.com | Ref RIB-60A6C432A027 | 10/6/2026, 4:44:04 PM | Confidential - redistribution prohibited"
"December 2, 2025","Daily Average Interbank Rate","9.25","Rock Investment Bank | Licensed to kironjiemmanuel@gmail.com | Ref RIB-60A6C432A027 | 10/6/2026, 4:44:04 PM | Confidential - redistribution prohibited"
"December 2, 2025","Upper Corridor Limit","10.00","Rock Investment Bank | Licensed to kironjiemmanuel@gmail.com | Ref RIB-60A6C432A027 | 10/6/2026, 4:44:04 PM | Confidential - redistribution prohibited"
"December 2, 2025","Lower Corridor Limit","8.50","Rock Investment Bank | Licensed to kironjiemmanuel@gmail.com | Ref RIB-60A6C432A027 | 10/6/2026, 4:44:04 PM | Confidential - redistribution prohibited"
"December 1, 2025","Daily Volumes (KES Mn)","3750.00","Rock Investment Bank | Licensed to kironjiemmanuel@gmail.com | Ref RIB-60A6C432A027 | 10/6/2026, 4:44:04 PM | Confidential - redistribution prohibited"
"December 1, 2025","Daily Average Interbank Rate","9.25","Rock Investment Bank | Licensed to kironjiemmanuel@gmail.com | Ref RIB-60A6C432A027 | 10/6/2026, 4:44:04 PM | Confidential - redistribution prohibited"
"December 1, 2025","Upper Corridor Limit","10.00","Rock Investment Bank | Licensed to kironjiemmanuel@gmail.com | Ref RIB-60A6C432A027 | 10/6/2026, 4:44:04 PM | Confidential - redistribution prohibited"
"December 1, 2025","Lower Corridor Limit","8.50","Rock Investment Bank | Licensed to kironjiemmanuel@gmail.com | Ref RIB-60A6C432A027 | 10/6/2026, 4:44:04 PM | Confidential - redistribution prohibited"
"November 28, 2025","Daily Volumes (KES Mn)","23272.00","Rock Investment Bank | Licensed to kironjiemmanuel@gmail.com | Ref RIB-60A6C432A027 | 10/6/2026, 4:44:04 PM | Confidential - redistribution prohibited"
"November 28, 2025","Daily Average Interbank Rate","9.25","Rock Investment Bank | Licensed to kironjiemmanuel@gmail.com | Ref RIB-60A6C432A027 | 10/6/2026, 4:44:04 PM | Confidential - redistribution prohibited"
"November 28, 2025","Upper Corridor Limit","10.00","Rock Investment Bank | Licensed to kironjiemmanuel@gmail.com | Ref RIB-60A6C432A027 | 10/6/2026, 4:44:04 PM | Confidential - redistribution prohibited"
"November 28, 2025","Lower Corridor Limit","8.50","Rock Investment Bank | Licensed to kironjiemmanuel@gmail.com | Ref RIB-60A6C432A027 | 10/6/2026, 4:44:04 PM | Confidential - redistribution prohibited"
"November 27, 2025","Daily Volumes (KES Mn)","7348.00","Rock Investment Bank | Licensed to kironjiemmanuel@gmail.com | Ref RIB-60A6C432A027 | 10/6/2026, 4:44:04 PM | Confidential - redistribution prohibited"
"November 27, 2025","Daily Average Interbank Rate","9.25","Rock Investment Bank | Licensed to kironjiemmanuel@gmail.com | Ref RIB-60A6C432A027 | 10/6/2026, 4:44:04 PM | Confidential - redistribution prohibited"
"November 27, 2025","Upper Corridor Limit","10.00","Rock Investment Bank | Licensed to kironjiemmanuel@gmail.com | Ref RIB-60A6C432A027 | 10/6/2026, 4:44:04 PM | Confidential - redistribution prohibited"
"November 27, 2025","Lower Corridor Limit","8.50","Rock Investment Bank | Licensed to kironjiemmanuel@gmail.com | Ref RIB-60A6C432A027 | 10/6/2026, 4:44:04 PM | Confidential - redistribution prohibited"
"November 26, 2025","Daily Volumes (KES Mn)","16650.00","Rock Investment Bank | Licensed to kironjiemmanuel@gmail.com | Ref RIB-60A6C432A027 | 10/6/2026, 4:44:04 PM | Confidential - redistribution prohibited"
"November 26, 2025","Daily Average Interbank Rate","9.25","Rock Investment Bank | Licensed to kironjiemmanuel@gmail.com | Ref RIB-60A6C432A027 | 10/6/2026, 4:44:04 PM | Confidential - redistribution prohibited"
"November 26, 2025","Upper Corridor Limit","10.00","Rock Investment Bank | Licensed to kironjiemmanuel@gmail.com | Ref RIB-60A6C432A027 | 10/6/2026, 4:44:04 PM | Confidential - redistribution prohibited"
"November 26, 2025","Lower Corridor Limit","8.50","Rock Investment Bank | Licensed to kironjiemmanuel@gmail.com | Ref RIB-60A6C432A027 | 10/6/2026, 4:44:04 PM | Confidential - redistribution prohibited"
"November 25, 2025","Daily Volumes (KES Mn)","21260.00","Rock Investment Bank | Licensed to kironjiemmanuel@gmail.com | Ref RIB-60A6C432A027 | 10/6/2026, 4:44:04 PM | Confidential - redistribution prohibited"
"November 25, 2025","Daily Average Interbank Rate","9.25","Rock Investment Bank | Licensed to kironjiemmanuel@gmail.com | Ref RIB-60A6C432A027 | 10/6/2026, 4:44:04 PM | Confidential - redistribution prohibited"
"November 25, 2025","Upper Corridor Limit","10.00","Rock Investment Bank | Licensed to kironjiemmanuel@gmail.com | Ref RIB-60A6C432A027 | 10/6/2026, 4:44:04 PM | Confidential - redistribution prohibited"
"November 25, 2025","Lower Corridor Limit","8.50","Rock Investment Bank | Licensed to kironjiemmanuel@gmail.com | Ref RIB-60A6C432A027 | 10/6/2026, 4:44:04 PM | Confidential - redistribution prohibited"
"November 24, 2025","Daily Volumes (KES Mn)","24030.00","Rock Investment Bank | Licensed to kironjiemmanuel@gmail.com | Ref RIB-60A6C432A027 | 10/6/2026, 4:44:04 PM | Confidential - redistribution prohibited"
"November 24, 2025","Daily Average Interbank Rate","9.25","Rock Investment Bank | Licensed to kironjiemmanuel@gmail.com | Ref RIB-60A6C432A027 | 10/6/2026, 4:44:04 PM | Confidential - redistribution prohibited"
"November 24, 2025","Upper Corridor Limit","10.00","Rock Investment Bank | Licensed to kironjiemmanuel@gmail.com | Ref RIB-60A6C432A027 | 10/6/2026, 4:44:04 PM | Confidential - redistribution prohibited"
"November 24, 2025","Lower Corridor Limit","8.50","Rock Investment Bank | Licensed to kironjiemmanuel@gmail.com | Ref RIB-60A6C432A027 | 10/6/2026, 4:44:04 PM | Confidential - redistribution prohibited"
"November 21, 2025","Daily Volumes (KES Mn)","11900.00","Rock Investment Bank | Licensed to kironjiemmanuel@gmail.com | Ref RIB-60A6C432A027 | 10/6/2026, 4:44:04 PM | Confidential - redistribution prohibited"
"November 21, 2025","Daily Average Interbank Rate","9.25","Rock Investment Bank | Licensed to kironjiemmanuel@gmail.com | Ref RIB-60A6C432A027 | 10/6/2026, 4:44:04 PM | Confidential - redistribution prohibited"
"November 21, 2025","Upper Corridor Limit","10.00","Rock Investment Bank | Licensed to kironjiemmanuel@gmail.com | Ref RIB-60A6C432A027 | 10/6/2026, 4:44:04 PM | Confidential - redistribution prohibited"
"November 21, 2025","Lower Corridor Limit","8.50","Rock Investment Bank | Licensed to kironjiemmanuel@gmail.com | Ref RIB-60A6C432A027 | 10/6/2026, 4:44:04 PM | Confidential - redistribution prohibited"
"November 20, 2025","Daily Volumes (KES Mn)","10350.00","Rock Investment Bank | Licensed to kironjiemmanuel@gmail.com | Ref RIB-60A6C432A027 | 10/6/2026, 4:44:04 PM | Confidential - redistribution prohibited"
"November 20, 2025","Daily Average Interbank Rate","9.25","Rock Investment Bank | Licensed to kironjiemmanuel@gmail.com | Ref RIB-60A6C432A027 | 10/6/2026, 4:44:04 PM | Confidential - redistribution prohibited"
"November 20, 2025","Upper Corridor Limit","10.00","Rock Investment Bank | Licensed to kironjiemmanuel@gmail.com | Ref RIB-60A6C432A027 | 10/6/2026, 4:44:04 PM | Confidential - redistribution prohibited"
"November 20, 2025","Lower Corridor Limit","8.50","Rock Investment Bank | Licensed to kironjiemmanuel@gmail.com | Ref RIB-60A6C432A027 | 10/6/2026, 4:44:04 PM | Confidential - redistribution prohibited"
"November 19, 2025","Daily Volumes (KES Mn)","6850.00","Rock Investment Bank | Licensed to kironjiemmanuel@gmail.com | Ref RIB-60A6C432A027 | 10/6/2026, 4:44:04 PM | Confidential - redistribution prohibited"
"November 19, 2025","Daily Average Interbank Rate","9.24","Rock Investment Bank | Licensed to kironjiemmanuel@gmail.com | Ref RIB-60A6C432A027 | 10/6/2026, 4:44:04 PM | Confidential - redistribution prohibited"
"November 19, 2025","Upper Corridor Limit","10.00","Rock Investment Bank | Licensed to kironjiemmanuel@gmail.com | Ref RIB-60A6C432A027 | 10/6/2026, 4:44:04 PM | Confidential - redistribution prohibited"
"November 19, 2025","Lower Corridor Limit","8.50","Rock Investment Bank | Licensed to kironjiemmanuel@gmail.com | Ref RIB-60A6C432A027 | 10/6/2026, 4:44:04 PM | Confidential - redistribution prohibited"
"November 18, 2025","Daily Volumes (KES Mn)","5500.00","Rock Investment Bank | Licensed to kironjiemmanuel@gmail.com | Ref RIB-60A6C432A027 | 10/6/2026, 4:44:04 PM | Confidential - redistribution prohibited"
"November 18, 2025","Daily Average Interbank Rate","9.24","Rock Investment Bank | Licensed to kironjiemmanuel@gmail.com | Ref RIB-60A6C432A027 | 10/6/2026, 4:44:04 PM | Confidential - redistribution prohibited"
"November 18, 2025","Upper Corridor Limit","10.00","Rock Investment Bank | Licensed to kironjiemmanuel@gmail.com | Ref RIB-60A6C432A027 | 10/6/2026, 4:44:04 PM | Confidential - redistribution prohibited"
"November 18, 2025","Lower Corridor Limit","8.50","Rock Investment Bank | Licensed to kironjiemmanuel@gmail.com | Ref RIB-60A6C432A027 | 10/6/2026, 4:44:04 PM | Confidential - redistribution prohibited"
"November 17, 2025","Daily Volumes (KES Mn)","4700.00","Rock Investment Bank | Licensed to kironjiemmanuel@gmail.com | Ref RIB-60A6C432A027 | 10/6/2026, 4:44:04 PM | Confidential - redistribution prohibited"
"November 17, 2025","Daily Average Interbank Rate","9.24","Rock Investment Bank | Licensed to kironjiemmanuel@gmail.com | Ref RIB-60A6C432A027 | 10/6/2026, 4:44:04 PM | Confidential - redistribution prohibited"
"November 17, 2025","Upper Corridor Limit","10.00","Rock Investment Bank | Licensed to kironjiemmanuel@gmail.com | Ref RIB-60A6C432A027 | 10/6/2026, 4:44:04 PM | Confidential - redistribution prohibited"
"November 17, 2025","Lower Corridor Limit","8.50","Rock Investment Bank | Licensed to kironjiemmanuel@gmail.com | Ref RIB-60A6C432A027 | 10/6/2026, 4:44:04 PM | Confidential - redistribution prohibited"
"November 14, 2025","Daily Volumes (KES Mn)","22550.00","Rock Investment Bank | Licensed to kironjiemmanuel@gmail.com | Ref RIB-60A6C432A027 | 10/6/2026, 4:44:04 PM | Confidential - redistribution prohibited"
"November 14, 2025","Daily Average Interbank Rate","9.22","Rock Investment Bank | Licensed to kironjiemmanuel@gmail.com | Ref RIB-60A6C432A027 | 10/6/2026, 4:44:04 PM | Confidential - redistribution prohibited"
"November 14, 2025","Upper Corridor Limit","10.00","Rock Investment Bank | Licensed to kironjiemmanuel@gmail.com | Ref RIB-60A6C432A027 | 10/6/2026, 4:44:04 PM | Confidential - redistribution prohibited"
"November 14, 2025","Lower Corridor Limit","8.50","Rock Investment Bank | Licensed to kironjiemmanuel@gmail.com | Ref RIB-60A6C432A027 | 10/6/2026, 4:44:04 PM | Confidential - redistribution prohibited"
"November 13, 2025","Daily Volumes (KES Mn)","6150.00","Rock Investment Bank | Licensed to kironjiemmanuel@gmail.com | Ref RIB-60A6C432A027 | 10/6/2026, 4:44:04 PM | Confidential - redistribution prohibited"
"November 13, 2025","Daily Average Interbank Rate","9.23","Rock Investment Bank | Licensed to kironjiemmanuel@gmail.com | Ref RIB-60A6C432A027 | 10/6/2026, 4:44:04 PM | Confidential - redistribution prohibited"
"November 13, 2025","Upper Corridor Limit","10.00","Rock Investment Bank | Licensed to kironjiemmanuel@gmail.com | Ref RIB-60A6C432A027 | 10/6/2026, 4:44:04 PM | Confidential - redistribution prohibited"
"November 13, 2025","Lower Corridor Limit","8.50","Rock Investment Bank | Licensed to kironjiemmanuel@gmail.com | Ref RIB-60A6C432A027 | 10/6/2026, 4:44:04 PM | Confidential - redistribution prohibited"
"November 12, 2025","Daily Volumes (KES Mn)","8625.00","Rock Investment Bank | Licensed to kironjiemmanuel@gmail.com | Ref RIB-60A6C432A027 | 10/6/2026, 4:44:04 PM | Confidential - redistribution prohibited"
"November 12, 2025","Daily Average Interbank Rate","9.23","Rock Investment Bank | Licensed to kironjiemmanuel@gmail.com | Ref RIB-60A6C432A027 | 10/6/2026, 4:44:04 PM | Confidential - redistribution prohibited"
"November 12, 2025","Upper Corridor Limit","10.00","Rock Investment Bank | Licensed to kironjiemmanuel@gmail.com | Ref RIB-60A6C432A027 | 10/6/2026, 4:44:04 PM | Confidential - redistribution prohibited"
"November 12, 2025","Lower Corridor Limit","8.50","Rock Investment Bank | Licensed to kironjiemmanuel@gmail.com | Ref RIB-60A6C432A027 | 10/6/2026, 4:44:04 PM | Confidential - redistribution prohibited"
"November 11, 2025","Daily Volumes (KES Mn)","20850.00","Rock Investment Bank | Licensed to kironjiemmanuel@gmail.com | Ref RIB-60A6C432A027 | 10/6/2026, 4:44:04 PM | Confidential - redistribution prohibited"
"November 11, 2025","Daily Average Interbank Rate","9.23","Rock Investment Bank | Licensed to kironjiemmanuel@gmail.com | Ref RIB-60A6C432A027 | 10/6/2026, 4:44:04 PM | Confidential - redistribution prohibited"
"November 11, 2025","Upper Corridor Limit","10.00","Rock Investment Bank | Licensed to kironjiemmanuel@gmail.com | Ref RIB-60A6C432A027 | 10/6/2026, 4:44:04 PM | Confidential - redistribution prohibited"
"November 11, 2025","Lower Corridor Limit","8.50","Rock Investment Bank | Licensed to kironjiemmanuel@gmail.com | Ref RIB-60A6C432A027 | 10/6/2026, 4:44:04 PM | Confidential - redistribution prohibited"
"November 10, 2025","Daily Volumes (KES Mn)","17470.00","Rock Investment Bank | Licensed to kironjiemmanuel@gmail.com | Ref RIB-60A6C432A027 | 10/6/2026, 4:44:04 PM | Confidential - redistribution prohibited"
"November 10, 2025","Daily Average Interbank Rate","9.23","Rock Investment Bank | Licensed to kironjiemmanuel@gmail.com | Ref RIB-60A6C432A027 | 10/6/2026, 4:44:04 PM | Confidential - redistribution prohibited"
"November 10, 2025","Upper Corridor Limit","10.00","Rock Investment Bank | Licensed to kironjiemmanuel@gmail.com | Ref RIB-60A6C432A027 | 10/6/2026, 4:44:04 PM | Confidential - redistribution prohibited"
"November 10, 2025","Lower Corridor Limit","8.50","Rock Investment Bank | Licensed to kironjiemmanuel@gmail.com | Ref RIB-60A6C432A027 | 10/6/2026, 4:44:04 PM | Confidential - redistribution prohibited"
"November 7, 2025","Daily Volumes (KES Mn)","16495.00","Rock Investment Bank | Licensed to kironjiemmanuel@gmail.com | Ref RIB-60A6C432A027 | 10/6/2026, 4:44:04 PM | Confidential - redistribution prohibited"
"November 7, 2025","Daily Average Interbank Rate","9.24","Rock Investment Bank | Licensed to kironjiemmanuel@gmail.com | Ref RIB-60A6C432A027 | 10/6/2026, 4:44:04 PM | Confidential - redistribution prohibited"
"November 7, 2025","Upper Corridor Limit","10.00","Rock Investment Bank | Licensed to kironjiemmanuel@gmail.com | Ref RIB-60A6C432A027 | 10/6/2026, 4:44:04 PM | Confidential - redistribution prohibited"
"November 7, 2025","Lower Corridor Limit","8.50","Rock Investment Bank | Licensed to kironjiemmanuel@gmail.com | Ref RIB-60A6C432A027 | 10/6/2026, 4:44:04 PM | Confidential - redistribution prohibited"
"November 6, 2025","Daily Volumes (KES Mn)","10900.00","Rock Investment Bank | Licensed to kironjiemmanuel@gmail.com | Ref RIB-60A6C432A027 | 10/6/2026, 4:44:04 PM | Confidential - redistribution prohibited"
"November 6, 2025","Daily Average Interbank Rate","9.25","Rock Investment Bank | Licensed to kironjiemmanuel@gmail.com | Ref RIB-60A6C432A027 | 10/6/2026, 4:44:04 PM | Confidential - redistribution prohibited"
"November 6, 2025","Upper Corridor Limit","10.00","Rock Investment Bank | Licensed to kironjiemmanuel@gmail.com | Ref RIB-60A6C432A027 | 10/6/2026, 4:44:04 PM | Confidential - redistribution prohibited"
"November 6, 2025","Lower Corridor Limit","8.50","Rock Investment Bank | Licensed to kironjiemmanuel@gmail.com | Ref RIB-60A6C432A027 | 10/6/2026, 4:44:04 PM | Confidential - redistribution prohibited"
"November 5, 2025","Daily Volumes (KES Mn)","2700.00","Rock Investment Bank | Licensed to kironjiemmanuel@gmail.com | Ref RIB-60A6C432A027 | 10/6/2026, 4:44:04 PM | Confidential - redistribution prohibited"
"November 5, 2025","Daily Average Interbank Rate","9.25","Rock Investment Bank | Licensed to kironjiemmanuel@gmail.com | Ref RIB-60A6C432A027 | 10/6/2026, 4:44:04 PM | Confidential - redistribution prohibited"
"November 5, 2025","Upper Corridor Limit","10.00","Rock Investment Bank | Licensed to kironjiemmanuel@gmail.com | Ref RIB-60A6C432A027 | 10/6/2026, 4:44:04 PM | Confidential - redistribution prohibited"
"November 5, 2025","Lower Corridor Limit","8.50","Rock Investment Bank | Licensed to kironjiemmanuel@gmail.com | Ref RIB-60A6C432A027 | 10/6/2026, 4:44:04 PM | Confidential - redistribution prohibited"
"November 4, 2025","Daily Volumes (KES Mn)","8250.00","Rock Investment Bank | Licensed to kironjiemmanuel@gmail.com | Ref RIB-60A6C432A027 | 10/6/2026, 4:44:04 PM | Confidential - redistribution prohibited"
"November 4, 2025","Daily Average Interbank Rate","9.25","Rock Investment Bank | Licensed to kironjiemmanuel@gmail.com | Ref RIB-60A6C432A027 | 10/6/2026, 4:44:04 PM | Confidential - redistribution prohibited"
"November 4, 2025","Upper Corridor Limit","10.00","Rock Investment Bank | Licensed to kironjiemmanuel@gmail.com | Ref RIB-60A6C432A027 | 10/6/2026, 4:44:04 PM | Confidential - redistribution prohibited"
"November 4, 2025","Lower Corridor Limit","8.50","Rock Investment Bank | Licensed to kironjiemmanuel@gmail.com | Ref RIB-60A6C432A027 | 10/6/2026, 4:44:04 PM | Confidential - redistribution prohibited"
"November 3, 2025","Daily Volumes (KES Mn)","3210.00","Rock Investment Bank | Licensed to kironjiemmanuel@gmail.com | Ref RIB-60A6C432A027 | 10/6/2026, 4:44:04 PM | Confidential - redistribution prohibited"
"November 3, 2025","Daily Average Interbank Rate","9.24","Rock Investment Bank | Licensed to kironjiemmanuel@gmail.com | Ref RIB-60A6C432A027 | 10/6/2026, 4:44:04 PM | Confidential - redistribution prohibited"
"November 3, 2025","Upper Corridor Limit","10.00","Rock Investment Bank | Licensed to kironjiemmanuel@gmail.com | Ref RIB-60A6C432A027 | 10/6/2026, 4:44:04 PM | Confidential - redistribution prohibited"
"November 3, 2025","Lower Corridor Limit","8.50","Rock Investment Bank | Licensed to kironjiemmanuel@gmail.com | Ref RIB-60A6C432A027 | 10/6/2026, 4:44:04 PM | Confidential - redistribution prohibited"
"October 31, 2025","Daily Volumes (KES Mn)","9348.00","Rock Investment Bank | Licensed to kironjiemmanuel@gmail.com | Ref RIB-60A6C432A027 | 10/6/2026, 4:44:04 PM | Confidential - redistribution prohibited"
"October 31, 2025","Daily Average Interbank Rate","9.24","Rock Investment Bank | Licensed to kironjiemmanuel@gmail.com | Ref RIB-60A6C432A027 | 10/6/2026, 4:44:04 PM | Confidential - redistribution prohibited"
"October 31, 2025","Upper Corridor Limit","10.00","Rock Investment Bank | Licensed to kironjiemmanuel@gmail.com | Ref RIB-60A6C432A027 | 10/6/2026, 4:44:04 PM | Confidential - redistribution prohibited"
"October 31, 2025","Lower Corridor Limit","8.50","Rock Investment Bank | Licensed to kironjiemmanuel@gmail.com | Ref RIB-60A6C432A027 | 10/6/2026, 4:44:04 PM | Confidential - redistribution prohibited"
"October 30, 2025","Daily Volumes (KES Mn)","3855.00","Rock Investment Bank | Licensed to kironjiemmanuel@gmail.com | Ref RIB-60A6C432A027 | 10/6/2026, 4:44:04 PM | Confidential - redistribution prohibited"
"October 30, 2025","Daily Average Interbank Rate","9.26","Rock Investment Bank | Licensed to kironjiemmanuel@gmail.com | Ref RIB-60A6C432A027 | 10/6/2026, 4:44:04 PM | Confidential - redistribution prohibited"
"October 30, 2025","Upper Corridor Limit","10.00","Rock Investment Bank | Licensed to kironjiemmanuel@gmail.com | Ref RIB-60A6C432A027 | 10/6/2026, 4:44:04 PM | Confidential - redistribution prohibited"
"October 30, 2025","Lower Corridor Limit","8.50","Rock Investment Bank | Licensed to kironjiemmanuel@gmail.com | Ref RIB-60A6C432A027 | 10/6/2026, 4:44:04 PM | Confidential - redistribution prohibited"
"October 29, 2025","Daily Volumes (KES Mn)","10175.00","Rock Investment Bank | Licensed to kironjiemmanuel@gmail.com | Ref RIB-60A6C432A027 | 10/6/2026, 4:44:04 PM | Confidential - redistribution prohibited"
"October 29, 2025","Daily Average Interbank Rate","9.25","Rock Investment Bank | Licensed to kironjiemmanuel@gmail.com | Ref RIB-60A6C432A027 | 10/6/2026, 4:44:04 PM | Confidential - redistribution prohibited"
"October 29, 2025","Upper Corridor Limit","10.00","Rock Investment Bank | Licensed to kironjiemmanuel@gmail.com | Ref RIB-60A6C432A027 | 10/6/2026, 4:44:04 PM | Confidential - redistribution prohibited"
"October 29, 2025","Lower Corridor Limit","8.50","Rock Investment Bank | Licensed to kironjiemmanuel@gmail.com | Ref RIB-60A6C432A027 | 10/6/2026, 4:44:04 PM | Confidential - redistribution prohibited"
"October 28, 2025","Daily Volumes (KES Mn)","12960.00","Rock Investment Bank | Licensed to kironjiemmanuel@gmail.com | Ref RIB-60A6C432A027 | 10/6/2026, 4:44:04 PM | Confidential - redistribution prohibited"
"October 28, 2025","Daily Average Interbank Rate","9.26","Rock Investment Bank | Licensed to kironjiemmanuel@gmail.com | Ref RIB-60A6C432A027 | 10/6/2026, 4:44:04 PM | Confidential - redistribution prohibited"
"October 28, 2025","Upper Corridor Limit","10.00","Rock Investment Bank | Licensed to kironjiemmanuel@gmail.com | Ref RIB-60A6C432A027 | 10/6/2026, 4:44:04 PM | Confidential - redistribution prohibited"
"October 28, 2025","Lower Corridor Limit","8.50","Rock Investment Bank | Licensed to kironjiemmanuel@gmail.com | Ref RIB-60A6C432A027 | 10/6/2026, 4:44:04 PM | Confidential - redistribution prohibited"
"October 27, 2025","Daily Volumes (KES Mn)","9960.00","Rock Investment Bank | Licensed to kironjiemmanuel@gmail.com | Ref RIB-60A6C432A027 | 10/6/2026, 4:44:04 PM | Confidential - redistribution prohibited"
"October 27, 2025","Daily Average Interbank Rate","9.26","Rock Investment Bank | Licensed to kironjiemmanuel@gmail.com | Ref RIB-60A6C432A027 | 10/6/2026, 4:44:04 PM | Confidential - redistribution prohibited"
"October 27, 2025","Upper Corridor Limit","10.00","Rock Investment Bank | Licensed to kironjiemmanuel@gmail.com | Ref RIB-60A6C432A027 | 10/6/2026, 4:44:04 PM | Confidential - redistribution prohibited"
"October 27, 2025","Lower Corridor Limit","8.50","Rock Investment Bank | Licensed to kironjiemmanuel@gmail.com | Ref RIB-60A6C432A027 | 10/6/2026, 4:44:04 PM | Confidential - redistribution prohibited"
"October 24, 2025","Daily Volumes (KES Mn)","19350.00","Rock Investment Bank | Licensed to kironjiemmanuel@gmail.com | Ref RIB-60A6C432A027 | 10/6/2026, 4:44:04 PM | Confidential - redistribution prohibited"
"October 24, 2025","Daily Average Interbank Rate","9.26","Rock Investment Bank | Licensed to kironjiemmanuel@gmail.com | Ref RIB-60A6C432A027 | 10/6/2026, 4:44:04 PM | Confidential - redistribution prohibited"
"October 24, 2025","Upper Corridor Limit","10.00","Rock Investment Bank | Licensed to kironjiemmanuel@gmail.com | Ref RIB-60A6C432A027 | 10/6/2026, 4:44:04 PM | Confidential - redistribution prohibited"
"October 24, 2025","Lower Corridor Limit","8.50","Rock Investment Bank | Licensed to kironjiemmanuel@gmail.com | Ref RIB-60A6C432A027 | 10/6/2026, 4:44:04 PM | Confidential - redistribution prohibited"
"October 23, 2025","Daily Volumes (KES Mn)","12050.00","Rock Investment Bank | Licensed to kironjiemmanuel@gmail.com | Ref RIB-60A6C432A027 | 10/6/2026, 4:44:04 PM | Confidential - redistribution prohibited"
"October 23, 2025","Daily Average Interbank Rate","9.26","Rock Investment Bank | Licensed to kironjiemmanuel@gmail.com | Ref RIB-60A6C432A027 | 10/6/2026, 4:44:04 PM | Confidential - redistribution prohibited"
"October 23, 2025","Upper Corridor Limit","10.00","Rock Investment Bank | Licensed to kironjiemmanuel@gmail.com | Ref RIB-60A6C432A027 | 10/6/2026, 4:44:04 PM | Confidential - redistribution prohibited"
"October 23, 2025","Lower Corridor Limit","8.50","Rock Investment Bank | Licensed to kironjiemmanuel@gmail.com | Ref RIB-60A6C432A027 | 10/6/2026, 4:44:04 PM | Confidential - redistribution prohibited"
"October 22, 2025","Daily Volumes (KES Mn)","20650.00","Rock Investment Bank | Licensed to kironjiemmanuel@gmail.com | Ref RIB-60A6C432A027 | 10/6/2026, 4:44:04 PM | Confidential - redistribution prohibited"
"October 22, 2025","Daily Average Interbank Rate","9.25","Rock Investment Bank | Licensed to kironjiemmanuel@gmail.com | Ref RIB-60A6C432A027 | 10/6/2026, 4:44:04 PM | Confidential - redistribution prohibited"
"October 22, 2025","Upper Corridor Limit","10.00","Rock Investment Bank | Licensed to kironjiemmanuel@gmail.com | Ref RIB-60A6C432A027 | 10/6/2026, 4:44:04 PM | Confidential - redistribution prohibited"
"October 22, 2025","Lower Corridor Limit","8.50","Rock Investment Bank | Licensed to kironjiemmanuel@gmail.com | Ref RIB-60A6C432A027 | 10/6/2026, 4:44:04 PM | Confidential - redistribution prohibited"
"October 21, 2025","Daily Volumes (KES Mn)","10890.00","Rock Investment Bank | Licensed to kironjiemmanuel@gmail.com | Ref RIB-60A6C432A027 | 10/6/2026, 4:44:04 PM | Confidential - redistribution prohibited"
"October 21, 2025","Daily Average Interbank Rate","9.24","Rock Investment Bank | Licensed to kironjiemmanuel@gmail.com | Ref RIB-60A6C432A027 | 10/6/2026, 4:44:04 PM | Confidential - redistribution prohibited"
"October 21, 2025","Upper Corridor Limit","10.00","Rock Investment Bank | Licensed to kironjiemmanuel@gmail.com | Ref RIB-60A6C432A027 | 10/6/2026, 4:44:04 PM | Confidential - redistribution prohibited"
"October 21, 2025","Lower Corridor Limit","8.50","Rock Investment Bank | Licensed to kironjiemmanuel@gmail.com | Ref RIB-60A6C432A027 | 10/6/2026, 4:44:04 PM | Confidential - redistribution prohibited"
"October 16, 2025","Daily Volumes (KES Mn)","10600.00","Rock Investment Bank | Licensed to kironjiemmanuel@gmail.com | Ref RIB-60A6C432A027 | 10/6/2026, 4:44:04 PM | Confidential - redistribution prohibited"
"October 16, 2025","Daily Average Interbank Rate","9.23","Rock Investment Bank | Licensed to kironjiemmanuel@gmail.com | Ref RIB-60A6C432A027 | 10/6/2026, 4:44:04 PM | Confidential - redistribution prohibited"
"October 16, 2025","Upper Corridor Limit","10.00","Rock Investment Bank | Licensed to kironjiemmanuel@gmail.com | Ref RIB-60A6C432A027 | 10/6/2026, 4:44:04 PM | Confidential - redistribution prohibited"
"October 16, 2025","Lower Corridor Limit","8.50","Rock Investment Bank | Licensed to kironjiemmanuel@gmail.com | Ref RIB-60A6C432A027 | 10/6/2026, 4:44:04 PM | Confidential - redistribution prohibited"
"October 15, 2025","Daily Volumes (KES Mn)","5250.00","Rock Investment Bank | Licensed to kironjiemmanuel@gmail.com | Ref RIB-60A6C432A027 | 10/6/2026, 4:44:04 PM | Confidential - redistribution prohibited"
"October 15, 2025","Daily Average Interbank Rate","9.23","Rock Investment Bank | Licensed to kironjiemmanuel@gmail.com | Ref RIB-60A6C432A027 | 10/6/2026, 4:44:04 PM | Confidential - redistribution prohibited"
"October 15, 2025","Upper Corridor Limit","10.00","Rock Investment Bank | Licensed to kironjiemmanuel@gmail.com | Ref RIB-60A6C432A027 | 10/6/2026, 4:44:04 PM | Confidential - redistribution prohibited"
"October 15, 2025","Lower Corridor Limit","8.50","Rock Investment Bank | Licensed to kironjiemmanuel@gmail.com | Ref RIB-60A6C432A027 | 10/6/2026, 4:44:04 PM | Confidential - redistribution prohibited"
"October 14, 2025","Daily Volumes (KES Mn)","12220.00","Rock Investment Bank | Licensed to kironjiemmanuel@gmail.com | Ref RIB-60A6C432A027 | 10/6/2026, 4:44:04 PM | Confidential - redistribution prohibited"
"October 14, 2025","Daily Average Interbank Rate","9.22","Rock Investment Bank | Licensed to kironjiemmanuel@gmail.com | Ref RIB-60A6C432A027 | 10/6/2026, 4:44:04 PM | Confidential - redistribution prohibited"
"October 14, 2025","Upper Corridor Limit","10.00","Rock Investment Bank | Licensed to kironjiemmanuel@gmail.com | Ref RIB-60A6C432A027 | 10/6/2026, 4:44:04 PM | Confidential - redistribution prohibited"
"October 14, 2025","Lower Corridor Limit","8.50","Rock Investment Bank | Licensed to kironjiemmanuel@gmail.com | Ref RIB-60A6C432A027 | 10/6/2026, 4:44:04 PM | Confidential - redistribution prohibited"
"October 13, 2025","Daily Volumes (KES Mn)","3815.00","Rock Investment Bank | Licensed to kironjiemmanuel@gmail.com | Ref RIB-60A6C432A027 | 10/6/2026, 4:44:04 PM | Confidential - redistribution prohibited"
"October 13, 2025","Daily Average Interbank Rate","9.27","Rock Investment Bank | Licensed to kironjiemmanuel@gmail.com | Ref RIB-60A6C432A027 | 10/6/2026, 4:44:04 PM | Confidential - redistribution prohibited"
"October 13, 2025","Upper Corridor Limit","10.00","Rock Investment Bank | Licensed to kironjiemmanuel@gmail.com | Ref RIB-60A6C432A027 | 10/6/2026, 4:44:04 PM | Confidential - redistribution prohibited"
"October 13, 2025","Lower Corridor Limit","8.50","Rock Investment Bank | Licensed to kironjiemmanuel@gmail.com | Ref RIB-60A6C432A027 | 10/6/2026, 4:44:04 PM | Confidential - redistribution prohibited"
"October 9, 2025","Daily Volumes (KES Mn)","10200.00","Rock Investment Bank | Licensed to kironjiemmanuel@gmail.com | Ref RIB-60A6C432A027 | 10/6/2026, 4:44:04 PM | Confidential - redistribution prohibited"
"October 9, 2025","Daily Average Interbank Rate","9.30","Rock Investment Bank | Licensed to kironjiemmanuel@gmail.com | Ref RIB-60A6C432A027 | 10/6/2026, 4:44:04 PM | Confidential - redistribution prohibited"
"October 9, 2025","Upper Corridor Limit","10.00","Rock Investment Bank | Licensed to kironjiemmanuel@gmail.com | Ref RIB-60A6C432A027 | 10/6/2026, 4:44:04 PM | Confidential - redistribution prohibited"
"October 9, 2025","Lower Corridor Limit","8.50","Rock Investment Bank | Licensed to kironjiemmanuel@gmail.com | Ref RIB-60A6C432A027 | 10/6/2026, 4:44:04 PM | Confidential - redistribution prohibited"
"October 8, 2025","Daily Volumes (KES Mn)","21800.00","Rock Investment Bank | Licensed to kironjiemmanuel@gmail.com | Ref RIB-60A6C432A027 | 10/6/2026, 4:44:04 PM | Confidential - redistribution prohibited"
"October 8, 2025","Daily Average Interbank Rate","9.29","Rock Investment Bank | Licensed to kironjiemmanuel@gmail.com | Ref RIB-60A6C432A027 | 10/6/2026, 4:44:04 PM | Confidential - redistribution prohibited"
"October 8, 2025","Upper Corridor Limit","10.00","Rock Investment Bank | Licensed to kironjiemmanuel@gmail.com | Ref RIB-60A6C432A027 | 10/6/2026, 4:44:04 PM | Confidential - redistribution prohibited"
"October 8, 2025","Lower Corridor Limit","8.50","Rock Investment Bank | Licensed to kironjiemmanuel@gmail.com | Ref RIB-60A6C432A027 | 10/6/2026, 4:44:04 PM | Confidential - redistribution prohibited"
"October 7, 2025","Daily Volumes (KES Mn)","7970.00","Rock Investment Bank | Licensed to kironjiemmanuel@gmail.com | Ref RIB-60A6C432A027 | 10/6/2026, 4:44:04 PM | Confidential - redistribution prohibited"
"October 7, 2025","Daily Average Interbank Rate","9.53","Rock Investment Bank | Licensed to kironjiemmanuel@gmail.com | Ref RIB-60A6C432A027 | 10/6/2026, 4:44:04 PM | Confidential - redistribution prohibited"
"October 7, 2025","Upper Corridor Limit","10.00","Rock Investment Bank | Licensed to kironjiemmanuel@gmail.com | Ref RIB-60A6C432A027 | 10/6/2026, 4:44:04 PM | Confidential - redistribution prohibited"
"October 7, 2025","Lower Corridor Limit","8.50","Rock Investment Bank | Licensed to kironjiemmanuel@gmail.com | Ref RIB-60A6C432A027 | 10/6/2026, 4:44:04 PM | Confidential - redistribution prohibited"
"October 6, 2025","Daily Volumes (KES Mn)","9200.00","Rock Investment Bank | Licensed to kironjiemmanuel@gmail.com | Ref RIB-60A6C432A027 | 10/6/2026, 4:44:04 PM | Confidential - redistribution prohibited"
"October 6, 2025","Daily Average Interbank Rate","9.51","Rock Investment Bank | Licensed to kironjiemmanuel@gmail.com | Ref RIB-60A6C432A027 | 10/6/2026, 4:44:04 PM | Confidential - redistribution prohibited"
"October 6, 2025","Upper Corridor Limit","10.25","Rock Investment Bank | Licensed to kironjiemmanuel@gmail.com | Ref RIB-60A6C432A027 | 10/6/2026, 4:44:04 PM | Confidential - redistribution prohibited"
"October 6, 2025","Lower Corridor Limit","8.75","Rock Investment Bank | Licensed to kironjiemmanuel@gmail.com | Ref RIB-60A6C432A027 | 10/6/2026, 4:44:04 PM | Confidential - redistribution prohibited"
"October 3, 2025","Daily Volumes (KES Mn)","24650.00","Rock Investment Bank | Licensed to kironjiemmanuel@gmail.com | Ref RIB-60A6C432A027 | 10/6/2026, 4:44:04 PM | Confidential - redistribution prohibited"
"October 3, 2025","Daily Average Interbank Rate","9.54","Rock Investment Bank | Licensed to kironjiemmanuel@gmail.com | Ref RIB-60A6C432A027 | 10/6/2026, 4:44:04 PM | Confidential - redistribution prohibited"
"October 3, 2025","Upper Corridor Limit","10.25","Rock Investment Bank | Licensed to kironjiemmanuel@gmail.com | Ref RIB-60A6C432A027 | 10/6/2026, 4:44:04 PM | Confidential - redistribution prohibited"
"October 3, 2025","Lower Corridor Limit","8.75","Rock Investment Bank | Licensed to kironjiemmanuel@gmail.com | Ref RIB-60A6C432A027 | 10/6/2026, 4:44:04 PM | Confidential - redistribution prohibited"
"October 2, 2025","Daily Volumes (KES Mn)","18740.00","Rock Investment Bank | Licensed to kironjiemmanuel@gmail.com | Ref RIB-60A6C432A027 | 10/6/2026, 4:44:04 PM | Confidential - redistribution prohibited"
"October 2, 2025","Daily Average Interbank Rate","9.51","Rock Investment Bank | Licensed to kironjiemmanuel@gmail.com | Ref RIB-60A6C432A027 | 10/6/2026, 4:44:04 PM | Confidential - redistribution prohibited"
"October 2, 2025","Upper Corridor Limit","10.25","Rock Investment Bank | Licensed to kironjiemmanuel@gmail.com | Ref RIB-60A6C432A027 | 10/6/2026, 4:44:04 PM | Confidential - redistribution prohibited"
"October 2, 2025","Lower Corridor Limit","8.75","Rock Investment Bank | Licensed to kironjiemmanuel@gmail.com | Ref RIB-60A6C432A027 | 10/6/2026, 4:44:04 PM | Confidential - redistribution prohibited"
"October 1, 2025","Daily Volumes (KES Mn)","6770.00","Rock Investment Bank | Licensed to kironjiemmanuel@gmail.com | Ref RIB-60A6C432A027 | 10/6/2026, 4:44:04 PM | Confidential - redistribution prohibited"
"October 1, 2025","Daily Average Interbank Rate","9.51","Rock Investment Bank | Licensed to kironjiemmanuel@gmail.com | Ref RIB-60A6C432A027 | 10/6/2026, 4:44:04 PM | Confidential - redistribution prohibited"
"October 1, 2025","Upper Corridor Limit","10.25","Rock Investment Bank | Licensed to kironjiemmanuel@gmail.com | Ref RIB-60A6C432A027 | 10/6/2026, 4:44:04 PM | Confidential - redistribution prohibited"
"October 1, 2025","Lower Corridor Limit","8.75","Rock Investment Bank | Licensed to kironjiemmanuel@gmail.com | Ref RIB-60A6C432A027 | 10/6/2026, 4:44:04 PM | Confidential - redistribution prohibited"
"September 30, 2025","Daily Volumes (KES Mn)","10850.00","Rock Investment Bank | Licensed to kironjiemmanuel@gmail.com | Ref RIB-60A6C432A027 | 10/6/2026, 4:44:04 PM | Confidential - redistribution prohibited"
"September 30, 2025","Daily Average Interbank Rate","9.51","Rock Investment Bank | Licensed to kironjiemmanuel@gmail.com | Ref RIB-60A6C432A027 | 10/6/2026, 4:44:04 PM | Confidential - redistribution prohibited"
"September 30, 2025","Upper Corridor Limit","10.25","Rock Investment Bank | Licensed to kironjiemmanuel@gmail.com | Ref RIB-60A6C432A027 | 10/6/2026, 4:44:04 PM | Confidential - redistribution prohibited"
"September 30, 2025","Lower Corridor Limit","8.75","Rock Investment Bank | Licensed to kironjiemmanuel@gmail.com | Ref RIB-60A6C432A027 | 10/6/2026, 4:44:04 PM | Confidential - redistribution prohibited"
"September 29, 2025","Daily Volumes (KES Mn)","22780.00","Rock Investment Bank | Licensed to kironjiemmanuel@gmail.com | Ref RIB-60A6C432A027 | 10/6/2026, 4:44:04 PM | Confidential - redistribution prohibited"
"September 29, 2025","Daily Average Interbank Rate","9.52","Rock Investment Bank | Licensed to kironjiemmanuel@gmail.com | Ref RIB-60A6C432A027 | 10/6/2026, 4:44:04 PM | Confidential - redistribution prohibited"
"September 29, 2025","Upper Corridor Limit","10.25","Rock Investment Bank | Licensed to kironjiemmanuel@gmail.com | Ref RIB-60A6C432A027 | 10/6/2026, 4:44:04 PM | Confidential - redistribution prohibited"
"September 29, 2025","Lower Corridor Limit","8.75","Rock Investment Bank | Licensed to kironjiemmanuel@gmail.com | Ref RIB-60A6C432A027 | 10/6/2026, 4:44:04 PM | Confidential - redistribution prohibited"
"September 26, 2025","Daily Volumes (KES Mn)","16260.00","Rock Investment Bank | Licensed to kironjiemmanuel@gmail.com | Ref RIB-60A6C432A027 | 10/6/2026, 4:44:04 PM | Confidential - redistribution prohibited"
"September 26, 2025","Daily Average Interbank Rate","9.49","Rock Investment Bank | Licensed to kironjiemmanuel@gmail.com | Ref RIB-60A6C432A027 | 10/6/2026, 4:44:04 PM | Confidential - redistribution prohibited"
"September 26, 2025","Upper Corridor Limit","10.25","Rock Investment Bank | Licensed to kironjiemmanuel@gmail.com | Ref RIB-60A6C432A027 | 10/6/2026, 4:44:04 PM | Confidential - redistribution prohibited"
"September 26, 2025","Lower Corridor Limit","8.75","Rock Investment Bank | Licensed to kironjiemmanuel@gmail.com | Ref RIB-60A6C432A027 | 10/6/2026, 4:44:04 PM | Confidential - redistribution prohibited"
"September 25, 2025","Daily Volumes (KES Mn)","10900.00","Rock Investment Bank | Licensed to kironjiemmanuel@gmail.com | Ref RIB-60A6C432A027 | 10/6/2026, 4:44:04 PM | Confidential - redistribution prohibited"
"September 25, 2025","Daily Average Interbank Rate","9.48","Rock Investment Bank | Licensed to kironjiemmanuel@gmail.com | Ref RIB-60A6C432A027 | 10/6/2026, 4:44:04 PM | Confidential - redistribution prohibited"
"September 25, 2025","Upper Corridor Limit","10.25","Rock Investment Bank | Licensed to kironjiemmanuel@gmail.com | Ref RIB-60A6C432A027 | 10/6/2026, 4:44:04 PM | Confidential - redistribution prohibited"
"September 25, 2025","Lower Corridor Limit","8.75","Rock Investment Bank | Licensed to kironjiemmanuel@gmail.com | Ref RIB-60A6C432A027 | 10/6/2026, 4:44:04 PM | Confidential - redistribution prohibited"
"September 24, 2025","Daily Volumes (KES Mn)","11800.00","Rock Investment Bank | Licensed to kironjiemmanuel@gmail.com | Ref RIB-60A6C432A027 | 10/6/2026, 4:44:04 PM | Confidential - redistribution prohibited"
"September 24, 2025","Daily Average Interbank Rate","9.48","Rock Investment Bank | Licensed to kironjiemmanuel@gmail.com | Ref RIB-60A6C432A027 | 10/6/2026, 4:44:04 PM | Confidential - redistribution prohibited"
"September 24, 2025","Upper Corridor Limit","10.25","Rock Investment Bank | Licensed to kironjiemmanuel@gmail.com | Ref RIB-60A6C432A027 | 10/6/2026, 4:44:04 PM | Confidential - redistribution prohibited"
"September 24, 2025","Lower Corridor Limit","8.75","Rock Investment Bank | Licensed to kironjiemmanuel@gmail.com | Ref RIB-60A6C432A027 | 10/6/2026, 4:44:04 PM | Confidential - redistribution prohibited"
"September 23, 2025","Daily Volumes (KES Mn)","26550.00","Rock Investment Bank | Licensed to kironjiemmanuel@gmail.com | Ref RIB-60A6C432A027 | 10/6/2026, 4:44:04 PM | Confidential - redistribution prohibited"
"September 23, 2025","Daily Average Interbank Rate","9.47","Rock Investment Bank | Licensed to kironjiemmanuel@gmail.com | Ref RIB-60A6C432A027 | 10/6/2026, 4:44:04 PM | Confidential - redistribution prohibited"
"September 23, 2025","Upper Corridor Limit","10.25","Rock Investment Bank | Licensed to kironjiemmanuel@gmail.com | Ref RIB-60A6C432A027 | 10/6/2026, 4:44:04 PM | Confidential - redistribution prohibited"
"September 23, 2025","Lower Corridor Limit","8.75","Rock Investment Bank | Licensed to kironjiemmanuel@gmail.com | Ref RIB-60A6C432A027 | 10/6/2026, 4:44:04 PM | Confidential - redistribution prohibited"
"September 22, 2025","Daily Volumes (KES Mn)","24750.00","Rock Investment Bank | Licensed to kironjiemmanuel@gmail.com | Ref RIB-60A6C432A027 | 10/6/2026, 4:44:04 PM | Confidential - redistribution prohibited"
"September 22, 2025","Daily Average Interbank Rate","9.48","Rock Investment Bank | Licensed to kironjiemmanuel@gmail.com | Ref RIB-60A6C432A027 | 10/6/2026, 4:44:04 PM | Confidential - redistribution prohibited"
"September 22, 2025","Upper Corridor Limit","10.25","Rock Investment Bank | Licensed to kironjiemmanuel@gmail.com | Ref RIB-60A6C432A027 | 10/6/2026, 4:44:04 PM | Confidential - redistribution prohibited"
"September 22, 2025","Lower Corridor Limit","8.75","Rock Investment Bank | Licensed to kironjiemmanuel@gmail.com | Ref RIB-60A6C432A027 | 10/6/2026, 4:44:04 PM | Confidential - redistribution prohibited"
"September 19, 2025","Daily Volumes (KES Mn)","12220.00","Rock Investment Bank | Licensed to kironjiemmanuel@gmail.com | Ref RIB-60A6C432A027 | 10/6/2026, 4:44:04 PM | Confidential - redistribution prohibited"
"September 19, 2025","Daily Average Interbank Rate","9.43","Rock Investment Bank | Licensed to kironjiemmanuel@gmail.com | Ref RIB-60A6C432A027 | 10/6/2026, 4:44:04 PM | Confidential - redistribution prohibited"
"September 19, 2025","Upper Corridor Limit","10.25","Rock Investment Bank | Licensed to kironjiemmanuel@gmail.com | Ref RIB-60A6C432A027 | 10/6/2026, 4:44:04 PM | Confidential - redistribution prohibited"
"September 19, 2025","Lower Corridor Limit","8.75","Rock Investment Bank | Licensed to kironjiemmanuel@gmail.com | Ref RIB-60A6C432A027 | 10/6/2026, 4:44:04 PM | Confidential - redistribution prohibited"
"September 18, 2025","Daily Volumes (KES Mn)","1250.00","Rock Investment Bank | Licensed to kironjiemmanuel@gmail.com | Ref RIB-60A6C432A027 | 10/6/2026, 4:44:04 PM | Confidential - redistribution prohibited"
"September 18, 2025","Daily Average Interbank Rate","9.50","Rock Investment Bank | Licensed to kironjiemmanuel@gmail.com | Ref RIB-60A6C432A027 | 10/6/2026, 4:44:04 PM | Confidential - redistribution prohibited"
"September 18, 2025","Upper Corridor Limit","10.25","Rock Investment Bank | Licensed to kironjiemmanuel@gmail.com | Ref RIB-60A6C432A027 | 10/6/2026, 4:44:04 PM | Confidential - redistribution prohibited"
"September 18, 2025","Lower Corridor Limit","8.75","Rock Investment Bank | Licensed to kironjiemmanuel@gmail.com | Ref RIB-60A6C432A027 | 10/6/2026, 4:44:04 PM | Confidential - redistribution prohibited"
"September 17, 2025","Daily Volumes (KES Mn)","1950.00","Rock Investment Bank | Licensed to kironjiemmanuel@gmail.com | Ref RIB-60A6C432A027 | 10/6/2026, 4:44:04 PM | Confidential - redistribution prohibited"
"September 17, 2025","Daily Average Interbank Rate","9.41","Rock Investment Bank | Licensed to kironjiemmanuel@gmail.com | Ref RIB-60A6C432A027 | 10/6/2026, 4:44:04 PM | Confidential - redistribution prohibited"
"September 17, 2025","Upper Corridor Limit","10.25","Rock Investment Bank | Licensed to kironjiemmanuel@gmail.com | Ref RIB-60A6C432A027 | 10/6/2026, 4:44:04 PM | Confidential - redistribution prohibited"
"September 17, 2025","Lower Corridor Limit","8.75","Rock Investment Bank | Licensed to kironjiemmanuel@gmail.com | Ref RIB-60A6C432A027 | 10/6/2026, 4:44:04 PM | Confidential - redistribution prohibited"
"September 16, 2025","Daily Volumes (KES Mn)","6250.00","Rock Investment Bank | Licensed to kironjiemmanuel@gmail.com | Ref RIB-60A6C432A027 | 10/6/2026, 4:44:04 PM | Confidential - redistribution prohibited"
"September 16, 2025","Daily Average Interbank Rate","9.44","Rock Investment Bank | Licensed to kironjiemmanuel@gmail.com | Ref RIB-60A6C432A027 | 10/6/2026, 4:44:04 PM | Confidential - redistribution prohibited"
"September 16, 2025","Upper Corridor Limit","10.25","Rock Investment Bank | Licensed to kironjiemmanuel@gmail.com | Ref RIB-60A6C432A027 | 10/6/2026, 4:44:04 PM | Confidential - redistribution prohibited"
"September 16, 2025","Lower Corridor Limit","8.75","Rock Investment Bank | Licensed to kironjiemmanuel@gmail.com | Ref RIB-60A6C432A027 | 10/6/2026, 4:44:04 PM | Confidential - redistribution prohibited"
"September 15, 2025","Daily Volumes (KES Mn)","5950.00","Rock Investment Bank | Licensed to kironjiemmanuel@gmail.com | Ref RIB-60A6C432A027 | 10/6/2026, 4:44:04 PM | Confidential - redistribution prohibited"
"September 15, 2025","Daily Average Interbank Rate","9.47","Rock Investment Bank | Licensed to kironjiemmanuel@gmail.com | Ref RIB-60A6C432A027 | 10/6/2026, 4:44:04 PM | Confidential - redistribution prohibited"
"September 15, 2025","Upper Corridor Limit","10.25","Rock Investment Bank | Licensed to kironjiemmanuel@gmail.com | Ref RIB-60A6C432A027 | 10/6/2026, 4:44:04 PM | Confidential - redistribution prohibited"
"September 15, 2025","Lower Corridor Limit","8.75","Rock Investment Bank | Licensed to kironjiemmanuel@gmail.com | Ref RIB-60A6C432A027 | 10/6/2026, 4:44:04 PM | Confidential - redistribution prohibited"
"September 12, 2025","Daily Volumes (KES Mn)","24146.00","Rock Investment Bank | Licensed to kironjiemmanuel@gmail.com | Ref RIB-60A6C432A027 | 10/6/2026, 4:44:04 PM | Confidential - redistribution prohibited"
"September 12, 2025","Daily Average Interbank Rate","9.46","Rock Investment Bank | Licensed to kironjiemmanuel@gmail.com | Ref RIB-60A6C432A027 | 10/6/2026, 4:44:04 PM | Confidential - redistribution prohibited"
"September 12, 2025","Upper Corridor Limit","10.25","Rock Investment Bank | Licensed to kironjiemmanuel@gmail.com | Ref RIB-60A6C432A027 | 10/6/2026, 4:44:04 PM | Confidential - redistribution prohibited"
"September 12, 2025","Lower Corridor Limit","8.75","Rock Investment Bank | Licensed to kironjiemmanuel@gmail.com | Ref RIB-60A6C432A027 | 10/6/2026, 4:44:04 PM | Confidential - redistribution prohibited"
"September 11, 2025","Daily Volumes (KES Mn)","17500.00","Rock Investment Bank | Licensed to kironjiemmanuel@gmail.com | Ref RIB-60A6C432A027 | 10/6/2026, 4:44:04 PM | Confidential - redistribution prohibited"
"September 11, 2025","Daily Average Interbank Rate","9.45","Rock Investment Bank | Licensed to kironjiemmanuel@gmail.com | Ref RIB-60A6C432A027 | 10/6/2026, 4:44:04 PM | Confidential - redistribution prohibited"
"September 11, 2025","Upper Corridor Limit","10.25","Rock Investment Bank | Licensed to kironjiemmanuel@gmail.com | Ref RIB-60A6C432A027 | 10/6/2026, 4:44:04 PM | Confidential - redistribution prohibited"
"September 11, 2025","Lower Corridor Limit","8.75","Rock Investment Bank | Licensed to kironjiemmanuel@gmail.com | Ref RIB-60A6C432A027 | 10/6/2026, 4:44:04 PM | Confidential - redistribution prohibited"
"September 10, 2025","Daily Volumes (KES Mn)","12370.00","Rock Investment Bank | Licensed to kironjiemmanuel@gmail.com | Ref RIB-60A6C432A027 | 10/6/2026, 4:44:04 PM | Confidential - redistribution prohibited"
"September 10, 2025","Daily Average Interbank Rate","9.46","Rock Investment Bank | Licensed to kironjiemmanuel@gmail.com | Ref RIB-60A6C432A027 | 10/6/2026, 4:44:04 PM | Confidential - redistribution prohibited"
"September 10, 2025","Upper Corridor Limit","10.25","Rock Investment Bank | Licensed to kironjiemmanuel@gmail.com | Ref RIB-60A6C432A027 | 10/6/2026, 4:44:04 PM | Confidential - redistribution prohibited"
"September 10, 2025","Lower Corridor Limit","8.75","Rock Investment Bank | Licensed to kironjiemmanuel@gmail.com | Ref RIB-60A6C432A027 | 10/6/2026, 4:44:04 PM | Confidential - redistribution prohibited"
"September 9, 2025","Daily Volumes (KES Mn)","10670.00","Rock Investment Bank | Licensed to kironjiemmanuel@gmail.com | Ref RIB-60A6C432A027 | 10/6/2026, 4:44:04 PM | Confidential - redistribution prohibited"
"September 9, 2025","Daily Average Interbank Rate","9.46","Rock Investment Bank | Licensed to kironjiemmanuel@gmail.com | Ref RIB-60A6C432A027 | 10/6/2026, 4:44:04 PM | Confidential - redistribution prohibited"
"September 9, 2025","Upper Corridor Limit","10.25","Rock Investment Bank | Licensed to kironjiemmanuel@gmail.com | Ref RIB-60A6C432A027 | 10/6/2026, 4:44:04 PM | Confidential - redistribution prohibited"
"September 9, 2025","Lower Corridor Limit","8.75","Rock Investment Bank | Licensed to kironjiemmanuel@gmail.com | Ref RIB-60A6C432A027 | 10/6/2026, 4:44:04 PM | Confidential - redistribution prohibited"
"September 8, 2025","Daily Volumes (KES Mn)","10380.00","Rock Investment Bank | Licensed to kironjiemmanuel@gmail.com | Ref RIB-60A6C432A027 | 10/6/2026, 4:44:04 PM | Confidential - redistribution prohibited"
"September 8, 2025","Daily Average Interbank Rate","9.46","Rock Investment Bank | Licensed to kironjiemmanuel@gmail.com | Ref RIB-60A6C432A027 | 10/6/2026, 4:44:04 PM | Confidential - redistribution prohibited"
"September 8, 2025","Upper Corridor Limit","10.25","Rock Investment Bank | Licensed to kironjiemmanuel@gmail.com | Ref RIB-60A6C432A027 | 10/6/2026, 4:44:04 PM | Confidential - redistribution prohibited"
"September 8, 2025","Lower Corridor Limit","8.75","Rock Investment Bank | Licensed to kironjiemmanuel@gmail.com | Ref RIB-60A6C432A027 | 10/6/2026, 4:44:04 PM | Confidential - redistribution prohibited"
"September 5, 2025","Daily Volumes (KES Mn)","6150.00","Rock Investment Bank | Licensed to kironjiemmanuel@gmail.com | Ref RIB-60A6C432A027 | 10/6/2026, 4:44:04 PM | Confidential - redistribution prohibited"
"September 5, 2025","Daily Average Interbank Rate","9.46","Rock Investment Bank | Licensed to kironjiemmanuel@gmail.com | Ref RIB-60A6C432A027 | 10/6/2026, 4:44:04 PM | Confidential - redistribution prohibited"
"September 5, 2025","Upper Corridor Limit","10.25","Rock Investment Bank | Licensed to kironjiemmanuel@gmail.com | Ref RIB-60A6C432A027 | 10/6/2026, 4:44:04 PM | Confidential - redistribution prohibited"
"September 5, 2025","Lower Corridor Limit","8.75","Rock Investment Bank | Licensed to kironjiemmanuel@gmail.com | Ref RIB-60A6C432A027 | 10/6/2026, 4:44:04 PM | Confidential - redistribution prohibited"
"September 4, 2025","Daily Volumes (KES Mn)","2900.00","Rock Investment Bank | Licensed to kironjiemmanuel@gmail.com | Ref RIB-60A6C432A027 | 10/6/2026, 4:44:04 PM | Confidential - redistribution prohibited"
"September 4, 2025","Daily Average Interbank Rate","9.48","Rock Investment Bank | Licensed to kironjiemmanuel@gmail.com | Ref RIB-60A6C432A027 | 10/6/2026, 4:44:04 PM | Confidential - redistribution prohibited"
"September 4, 2025","Upper Corridor Limit","10.25","Rock Investment Bank | Licensed to kironjiemmanuel@gmail.com | Ref RIB-60A6C432A027 | 10/6/2026, 4:44:04 PM | Confidential - redistribution prohibited"
"September 4, 2025","Lower Corridor Limit","8.75","Rock Investment Bank | Licensed to kironjiemmanuel@gmail.com | Ref RIB-60A6C432A027 | 10/6/2026, 4:44:04 PM | Confidential - redistribution prohibited"
"September 3, 2025","Daily Volumes (KES Mn)","4200.00","Rock Investment Bank | Licensed to kironjiemmanuel@gmail.com | Ref RIB-60A6C432A027 | 10/6/2026, 4:44:04 PM | Confidential - redistribution prohibited"
"September 3, 2025","Daily Average Interbank Rate","9.52","Rock Investment Bank | Licensed to kironjiemmanuel@gmail.com | Ref RIB-60A6C432A027 | 10/6/2026, 4:44:04 PM | Confidential - redistribution prohibited"
"September 3, 2025","Upper Corridor Limit","10.25","Rock Investment Bank | Licensed to kironjiemmanuel@gmail.com | Ref RIB-60A6C432A027 | 10/6/2026, 4:44:04 PM | Confidential - redistribution prohibited"
"September 3, 2025","Lower Corridor Limit","8.75","Rock Investment Bank | Licensed to kironjiemmanuel@gmail.com | Ref RIB-60A6C432A027 | 10/6/2026, 4:44:04 PM | Confidential - redistribution prohibited"
"September 2, 2025","Daily Volumes (KES Mn)","7400.00","Rock Investment Bank | Licensed to kironjiemmanuel@gmail.com | Ref RIB-60A6C432A027 | 10/6/2026, 4:44:04 PM | Confidential - redistribution prohibited"
"September 2, 2025","Daily Average Interbank Rate","9.54","Rock Investment Bank | Licensed to kironjiemmanuel@gmail.com | Ref RIB-60A6C432A027 | 10/6/2026, 4:44:04 PM | Confidential - redistribution prohibited"
"September 2, 2025","Upper Corridor Limit","10.25","Rock Investment Bank | Licensed to kironjiemmanuel@gmail.com | Ref RIB-60A6C432A027 | 10/6/2026, 4:44:04 PM | Confidential - redistribution prohibited"
"September 2, 2025","Lower Corridor Limit","8.75","Rock Investment Bank | Licensed to kironjiemmanuel@gmail.com | Ref RIB-60A6C432A027 | 10/6/2026, 4:44:04 PM | Confidential - redistribution prohibited"
"September 1, 2025","Daily Volumes (KES Mn)","18350.00","Rock Investment Bank | Licensed to kironjiemmanuel@gmail.com | Ref RIB-60A6C432A027 | 10/6/2026, 4:44:04 PM | Confidential - redistribution prohibited"
"September 1, 2025","Daily Average Interbank Rate","9.59","Rock Investment Bank | Licensed to kironjiemmanuel@gmail.com | Ref RIB-60A6C432A027 | 10/6/2026, 4:44:04 PM | Confidential - redistribution prohibited"
"September 1, 2025","Upper Corridor Limit","10.25","Rock Investment Bank | Licensed to kironjiemmanuel@gmail.com | Ref RIB-60A6C432A027 | 10/6/2026, 4:44:04 PM | Confidential - redistribution prohibited"
"September 1, 2025","Lower Corridor Limit","8.75","Rock Investment Bank | Licensed to kironjiemmanuel@gmail.com | Ref RIB-60A6C432A027 | 10/6/2026, 4:44:04 PM | Confidential - redistribution prohibited"
"August 29, 2025","Daily Volumes (KES Mn)","23921.00","Rock Investment Bank | Licensed to kironjiemmanuel@gmail.com | Ref RIB-60A6C432A027 | 10/6/2026, 4:44:04 PM | Confidential - redistribution prohibited"
"August 29, 2025","Daily Average Interbank Rate","9.59","Rock Investment Bank | Licensed to kironjiemmanuel@gmail.com | Ref RIB-60A6C432A027 | 10/6/2026, 4:44:04 PM | Confidential - redistribution prohibited"
"August 29, 2025","Upper Corridor Limit","10.25","Rock Investment Bank | Licensed to kironjiemmanuel@gmail.com | Ref RIB-60A6C432A027 | 10/6/2026, 4:44:04 PM | Confidential - redistribution prohibited"
"August 29, 2025","Lower Corridor Limit","8.75","Rock Investment Bank | Licensed to kironjiemmanuel@gmail.com | Ref RIB-60A6C432A027 | 10/6/2026, 4:44:04 PM | Confidential - redistribution prohibited"
"August 28, 2025","Daily Volumes (KES Mn)","29330.00","Rock Investment Bank | Licensed to kironjiemmanuel@gmail.com | Ref RIB-60A6C432A027 | 10/6/2026, 4:44:04 PM | Confidential - redistribution prohibited"
"August 28, 2025","Daily Average Interbank Rate","9.58","Rock Investment Bank | Licensed to kironjiemmanuel@gmail.com | Ref RIB-60A6C432A027 | 10/6/2026, 4:44:04 PM | Confidential - redistribution prohibited"
"August 28, 2025","Upper Corridor Limit","10.25","Rock Investment Bank | Licensed to kironjiemmanuel@gmail.com | Ref RIB-60A6C432A027 | 10/6/2026, 4:44:04 PM | Confidential - redistribution prohibited"
"August 28, 2025","Lower Corridor Limit","8.75","Rock Investment Bank | Licensed to kironjiemmanuel@gmail.com | Ref RIB-60A6C432A027 | 10/6/2026, 4:44:04 PM | Confidential - redistribution prohibited"
"August 27, 2025","Daily Volumes (KES Mn)","49490.00","Rock Investment Bank | Licensed to kironjiemmanuel@gmail.com | Ref RIB-60A6C432A027 | 10/6/2026, 4:44:04 PM | Confidential - redistribution prohibited"
"August 27, 2025","Daily Average Interbank Rate","9.57","Rock Investment Bank | Licensed to kironjiemmanuel@gmail.com | Ref RIB-60A6C432A027 | 10/6/2026, 4:44:04 PM | Confidential - redistribution prohibited"
"August 27, 2025","Upper Corridor Limit","10.25","Rock Investment Bank | Licensed to kironjiemmanuel@gmail.com | Ref RIB-60A6C432A027 | 10/6/2026, 4:44:04 PM | Confidential - redistribution prohibited"
"August 27, 2025","Lower Corridor Limit","8.75","Rock Investment Bank | Licensed to kironjiemmanuel@gmail.com | Ref RIB-60A6C432A027 | 10/6/2026, 4:44:04 PM | Confidential - redistribution prohibited"
"August 26, 2025","Daily Volumes (KES Mn)","38180.00","Rock Investment Bank | Licensed to kironjiemmanuel@gmail.com | Ref RIB-60A6C432A027 | 10/6/2026, 4:44:04 PM | Confidential - redistribution prohibited"
"August 26, 2025","Daily Average Interbank Rate","9.54","Rock Investment Bank | Licensed to kironjiemmanuel@gmail.com | Ref RIB-60A6C432A027 | 10/6/2026, 4:44:04 PM | Confidential - redistribution prohibited"
"August 26, 2025","Upper Corridor Limit","10.25","Rock Investment Bank | Licensed to kironjiemmanuel@gmail.com | Ref RIB-60A6C432A027 | 10/6/2026, 4:44:04 PM | Confidential - redistribution prohibited"
"August 26, 2025","Lower Corridor Limit","8.75","Rock Investment Bank | Licensed to kironjiemmanuel@gmail.com | Ref RIB-60A6C432A027 | 10/6/2026, 4:44:04 PM | Confidential - redistribution prohibited"
"August 25, 2025","Daily Volumes (KES Mn)","38608.00","Rock Investment Bank | Licensed to kironjiemmanuel@gmail.com | Ref RIB-60A6C432A027 | 10/6/2026, 4:44:04 PM | Confidential - redistribution prohibited"
"August 25, 2025","Daily Average Interbank Rate","9.51","Rock Investment Bank | Licensed to kironjiemmanuel@gmail.com | Ref RIB-60A6C432A027 | 10/6/2026, 4:44:04 PM | Confidential - redistribution prohibited"
"August 25, 2025","Upper Corridor Limit","10.25","Rock Investment Bank | Licensed to kironjiemmanuel@gmail.com | Ref RIB-60A6C432A027 | 10/6/2026, 4:44:04 PM | Confidential - redistribution prohibited"
"August 25, 2025","Lower Corridor Limit","8.75","Rock Investment Bank | Licensed to kironjiemmanuel@gmail.com | Ref RIB-60A6C432A027 | 10/6/2026, 4:44:04 PM | Confidential - redistribution prohibited"
"August 22, 2025","Daily Volumes (KES Mn)","8200.00","Rock Investment Bank | Licensed to kironjiemmanuel@gmail.com | Ref RIB-60A6C432A027 | 10/6/2026, 4:44:04 PM | Confidential - redistribution prohibited"
"August 22, 2025","Daily Average Interbank Rate","9.46","Rock Investment Bank | Licensed to kironjiemmanuel@gmail.com | Ref RIB-60A6C432A027 | 10/6/2026, 4:44:04 PM | Confidential - redistribution prohibited"
"August 22, 2025","Upper Corridor Limit","10.25","Rock Investment Bank | Licensed to kironjiemmanuel@gmail.com | Ref RIB-60A6C432A027 | 10/6/2026, 4:44:04 PM | Confidential - redistribution prohibited"
"August 22, 2025","Lower Corridor Limit","8.75","Rock Investment Bank | Licensed to kironjiemmanuel@gmail.com | Ref RIB-60A6C432A027 | 10/6/2026, 4:44:04 PM | Confidential - redistribution prohibited"
"August 21, 2025","Daily Volumes (KES Mn)","4800.00","Rock Investment Bank | Licensed to kironjiemmanuel@gmail.com | Ref RIB-60A6C432A027 | 10/6/2026, 4:44:04 PM | Confidential - redistribution prohibited"
"August 21, 2025","Daily Average Interbank Rate","9.47","Rock Investment Bank | Licensed to kironjiemmanuel@gmail.com | Ref RIB-60A6C432A027 | 10/6/2026, 4:44:04 PM | Confidential - redistribution prohibited"
"August 21, 2025","Upper Corridor Limit","10.25","Rock Investment Bank | Licensed to kironjiemmanuel@gmail.com | Ref RIB-60A6C432A027 | 10/6/2026, 4:44:04 PM | Confidential - redistribution prohibited"
"August 21, 2025","Lower Corridor Limit","8.75","Rock Investment Bank | Licensed to kironjiemmanuel@gmail.com | Ref RIB-60A6C432A027 | 10/6/2026, 4:44:04 PM | Confidential - redistribution prohibited"
"August 20, 2025","Daily Volumes (KES Mn)","6900.00","Rock Investment Bank | Licensed to kironjiemmanuel@gmail.com | Ref RIB-60A6C432A027 | 10/6/2026, 4:44:04 PM | Confidential - redistribution prohibited"
"August 20, 2025","Daily Average Interbank Rate","9.43","Rock Investment Bank | Licensed to kironjiemmanuel@gmail.com | Ref RIB-60A6C432A027 | 10/6/2026, 4:44:04 PM | Confidential - redistribution prohibited"
"August 20, 2025","Upper Corridor Limit","10.25","Rock Investment Bank | Licensed to kironjiemmanuel@gmail.com | Ref RIB-60A6C432A027 | 10/6/2026, 4:44:04 PM | Confidential - redistribution prohibited"
"August 20, 2025","Lower Corridor Limit","8.75","Rock Investment Bank | Licensed to kironjiemmanuel@gmail.com | Ref RIB-60A6C432A027 | 10/6/2026, 4:44:04 PM | Confidential - redistribution prohibited"
"August 19, 2025","Daily Volumes (KES Mn)","3600.00","Rock Investment Bank | Licensed to kironjiemmanuel@gmail.com | Ref RIB-60A6C432A027 | 10/6/2026, 4:44:04 PM | Confidential - redistribution prohibited"
"August 19, 2025","Daily Average Interbank Rate","9.45","Rock Investment Bank | Licensed to kironjiemmanuel@gmail.com | Ref RIB-60A6C432A027 | 10/6/2026, 4:44:04 PM | Confidential - redistribution prohibited"
"August 19, 2025","Upper Corridor Limit","10.25","Rock Investment Bank | Licensed to kironjiemmanuel@gmail.com | Ref RIB-60A6C432A027 | 10/6/2026, 4:44:04 PM | Confidential - redistribution prohibited"
"August 19, 2025","Lower Corridor Limit","8.75","Rock Investment Bank | Licensed to kironjiemmanuel@gmail.com | Ref RIB-60A6C432A027 | 10/6/2026, 4:44:04 PM | Confidential - redistribution prohibited"
"August 18, 2025","Daily Volumes (KES Mn)","7500.00","Rock Investment Bank | Licensed to kironjiemmanuel@gmail.com | Ref RIB-60A6C432A027 | 10/6/2026, 4:44:04 PM | Confidential - redistribution prohibited"
"August 18, 2025","Daily Average Interbank Rate","9.44","Rock Investment Bank | Licensed to kironjiemmanuel@gmail.com | Ref RIB-60A6C432A027 | 10/6/2026, 4:44:04 PM | Confidential - redistribution prohibited"
"August 18, 2025","Upper Corridor Limit","10.25","Rock Investment Bank | Licensed to kironjiemmanuel@gmail.com | Ref RIB-60A6C432A027 | 10/6/2026, 4:44:04 PM | Confidential - redistribution prohibited"
"August 18, 2025","Lower Corridor Limit","8.75","Rock Investment Bank | Licensed to kironjiemmanuel@gmail.com | Ref RIB-60A6C432A027 | 10/6/2026, 4:44:04 PM | Confidential - redistribution prohibited"
"August 15, 2025","Daily Volumes (KES Mn)","8700.00","Rock Investment Bank | Licensed to kironjiemmanuel@gmail.com | Ref RIB-60A6C432A027 | 10/6/2026, 4:44:04 PM | Confidential - redistribution prohibited"
"August 15, 2025","Daily Average Interbank Rate","9.44","Rock Investment Bank | Licensed to kironjiemmanuel@gmail.com | Ref RIB-60A6C432A027 | 10/6/2026, 4:44:04 PM | Confidential - redistribution prohibited"
"August 15, 2025","Upper Corridor Limit","10.25","Rock Investment Bank | Licensed to kironjiemmanuel@gmail.com | Ref RIB-60A6C432A027 | 10/6/2026, 4:44:04 PM | Confidential - redistribution prohibited"
"August 15, 2025","Lower Corridor Limit","8.75","Rock Investment Bank | Licensed to kironjiemmanuel@gmail.com | Ref RIB-60A6C432A027 | 10/6/2026, 4:44:04 PM | Confidential - redistribution prohibited"
"August 14, 2025","Daily Volumes (KES Mn)","11150.00","Rock Investment Bank | Licensed to kironjiemmanuel@gmail.com | Ref RIB-60A6C432A027 | 10/6/2026, 4:44:04 PM | Confidential - redistribution prohibited"
"August 14, 2025","Daily Average Interbank Rate","9.48","Rock Investment Bank | Licensed to kironjiemmanuel@gmail.com | Ref RIB-60A6C432A027 | 10/6/2026, 4:44:04 PM | Confidential - redistribution prohibited"
"August 14, 2025","Upper Corridor Limit","10.25","Rock Investment Bank | Licensed to kironjiemmanuel@gmail.com | Ref RIB-60A6C432A027 | 10/6/2026, 4:44:04 PM | Confidential - redistribution prohibited"
"August 14, 2025","Lower Corridor Limit","8.75","Rock Investment Bank | Licensed to kironjiemmanuel@gmail.com | Ref RIB-60A6C432A027 | 10/6/2026, 4:44:04 PM | Confidential - redistribution prohibited"
"August 13, 2025","Daily Volumes (KES Mn)","10680.00","Rock Investment Bank | Licensed to kironjiemmanuel@gmail.com | Ref RIB-60A6C432A027 | 10/6/2026, 4:44:04 PM | Confidential - redistribution prohibited"
"August 13, 2025","Daily Average Interbank Rate","9.52","Rock Investment Bank | Licensed to kironjiemmanuel@gmail.com | Ref RIB-60A6C432A027 | 10/6/2026, 4:44:04 PM | Confidential - redistribution prohibited"
"August 13, 2025","Upper Corridor Limit","10.25","Rock Investment Bank | Licensed to kironjiemmanuel@gmail.com | Ref RIB-60A6C432A027 | 10/6/2026, 4:44:04 PM | Confidential - redistribution prohibited"
"August 13, 2025","Lower Corridor Limit","8.75","Rock Investment Bank | Licensed to kironjiemmanuel@gmail.com | Ref RIB-60A6C432A027 | 10/6/2026, 4:44:04 PM | Confidential - redistribution prohibited"
"August 12, 2025","Daily Volumes (KES Mn)","12350.00","Rock Investment Bank | Licensed to kironjiemmanuel@gmail.com | Ref RIB-60A6C432A027 | 10/6/2026, 4:44:04 PM | Confidential - redistribution prohibited"
"August 12, 2025","Daily Average Interbank Rate","9.64","Rock Investment Bank | Licensed to kironjiemmanuel@gmail.com | Ref RIB-60A6C432A027 | 10/6/2026, 4:44:04 PM | Confidential - redistribution prohibited"
"August 12, 2025","Upper Corridor Limit","10.25","Rock Investment Bank | Licensed to kironjiemmanuel@gmail.com | Ref RIB-60A6C432A027 | 10/6/2026, 4:44:04 PM | Confidential - redistribution prohibited"
"August 12, 2025","Lower Corridor Limit","8.75","Rock Investment Bank | Licensed to kironjiemmanuel@gmail.com | Ref RIB-60A6C432A027 | 10/6/2026, 4:44:04 PM | Confidential - redistribution prohibited"
"August 11, 2025","Daily Volumes (KES Mn)","6085.00","Rock Investment Bank | Licensed to kironjiemmanuel@gmail.com | Ref RIB-60A6C432A027 | 10/6/2026, 4:44:04 PM | Confidential - redistribution prohibited"
"August 11, 2025","Daily Average Interbank Rate","9.60","Rock Investment Bank | Licensed to kironjiemmanuel@gmail.com | Ref RIB-60A6C432A027 | 10/6/2026, 4:44:04 PM | Confidential - redistribution prohibited"
"August 11, 2025","Upper Corridor Limit","10.50","Rock Investment Bank | Licensed to kironjiemmanuel@gmail.com | Ref RIB-60A6C432A027 | 10/6/2026, 4:44:04 PM | Confidential - redistribution prohibited"
"August 11, 2025","Lower Corridor Limit","9.00","Rock Investment Bank | Licensed to kironjiemmanuel@gmail.com | Ref RIB-60A6C432A027 | 10/6/2026, 4:44:04 PM | Confidential - redistribution prohibited"
"August 8, 2025","Daily Volumes (KES Mn)","10830.00","Rock Investment Bank | Licensed to kironjiemmanuel@gmail.com | Ref RIB-60A6C432A027 | 10/6/2026, 4:44:04 PM | Confidential - redistribution prohibited"
"August 8, 2025","Daily Average Interbank Rate","9.62","Rock Investment Bank | Licensed to kironjiemmanuel@gmail.com | Ref RIB-60A6C432A027 | 10/6/2026, 4:44:04 PM | Confidential - redistribution prohibited"
"August 8, 2025","Upper Corridor Limit","10.50","Rock Investment Bank | Licensed to kironjiemmanuel@gmail.com | Ref RIB-60A6C432A027 | 10/6/2026, 4:44:04 PM | Confidential - redistribution prohibited"
"August 8, 2025","Lower Corridor Limit","9.00","Rock Investment Bank | Licensed to kironjiemmanuel@gmail.com | Ref RIB-60A6C432A027 | 10/6/2026, 4:44:04 PM | Confidential - redistribution prohibited"
"August 7, 2025","Daily Volumes (KES Mn)","9070.00","Rock Investment Bank | Licensed to kironjiemmanuel@gmail.com | Ref RIB-60A6C432A027 | 10/6/2026, 4:44:04 PM | Confidential - redistribution prohibited"
"August 7, 2025","Daily Average Interbank Rate","9.60","Rock Investment Bank | Licensed to kironjiemmanuel@gmail.com | Ref RIB-60A6C432A027 | 10/6/2026, 4:44:04 PM | Confidential - redistribution prohibited"
"August 7, 2025","Upper Corridor Limit","10.50","Rock Investment Bank | Licensed to kironjiemmanuel@gmail.com | Ref RIB-60A6C432A027 | 10/6/2026, 4:44:04 PM | Confidential - redistribution prohibited"
"August 7, 2025","Lower Corridor Limit","9.00","Rock Investment Bank | Licensed to kironjiemmanuel@gmail.com | Ref RIB-60A6C432A027 | 10/6/2026, 4:44:04 PM | Confidential - redistribution prohibited"
"August 6, 2025","Daily Volumes (KES Mn)","3450.00","Rock Investment Bank | Licensed to kironjiemmanuel@gmail.com | Ref RIB-60A6C432A027 | 10/6/2026, 4:44:04 PM | Confidential - redistribution prohibited"
"August 6, 2025","Daily Average Interbank Rate","9.62","Rock Investment Bank | Licensed to kironjiemmanuel@gmail.com | Ref RIB-60A6C432A027 | 10/6/2026, 4:44:04 PM | Confidential - redistribution prohibited"
"August 6, 2025","Upper Corridor Limit","10.50","Rock Investment Bank | Licensed to kironjiemmanuel@gmail.com | Ref RIB-60A6C432A027 | 10/6/2026, 4:44:04 PM | Confidential - redistribution prohibited"
"August 6, 2025","Lower Corridor Limit","9.00","Rock Investment Bank | Licensed to kironjiemmanuel@gmail.com | Ref RIB-60A6C432A027 | 10/6/2026, 4:44:04 PM | Confidential - redistribution prohibited"
"August 5, 2025","Daily Volumes (KES Mn)","6650.00","Rock Investment Bank | Licensed to kironjiemmanuel@gmail.com | Ref RIB-60A6C432A027 | 10/6/2026, 4:44:04 PM | Confidential - redistribution prohibited"
"August 5, 2025","Daily Average Interbank Rate","9.59","Rock Investment Bank | Licensed to kironjiemmanuel@gmail.com | Ref RIB-60A6C432A027 | 10/6/2026, 4:44:04 PM | Confidential - redistribution prohibited"
"August 5, 2025","Upper Corridor Limit","10.50","Rock Investment Bank | Licensed to kironjiemmanuel@gmail.com | Ref RIB-60A6C432A027 | 10/6/2026, 4:44:04 PM | Confidential - redistribution prohibited"
"August 5, 2025","Lower Corridor Limit","9.00","Rock Investment Bank | Licensed to kironjiemmanuel@gmail.com | Ref RIB-60A6C432A027 | 10/6/2026, 4:44:04 PM | Confidential - redistribution prohibited"
"August 4, 2025","Daily Volumes (KES Mn)","8400.00","Rock Investment Bank | Licensed to kironjiemmanuel@gmail.com | Ref RIB-60A6C432A027 | 10/6/2026, 4:44:04 PM | Confidential - redistribution prohibited"
"August 4, 2025","Daily Average Interbank Rate","9.60","Rock Investment Bank | Licensed to kironjiemmanuel@gmail.com | Ref RIB-60A6C432A027 | 10/6/2026, 4:44:04 PM | Confidential - redistribution prohibited"
"August 4, 2025","Upper Corridor Limit","10.50","Rock Investment Bank | Licensed to kironjiemmanuel@gmail.com | Ref RIB-60A6C432A027 | 10/6/2026, 4:44:04 PM | Confidential - redistribution prohibited"
"August 4, 2025","Lower Corridor Limit","9.00","Rock Investment Bank | Licensed to kironjiemmanuel@gmail.com | Ref RIB-60A6C432A027 | 10/6/2026, 4:44:04 PM | Confidential - redistribution prohibited"
"August 1, 2025","Daily Volumes (KES Mn)","17185.00","Rock Investment Bank | Licensed to kironjiemmanuel@gmail.com | Ref RIB-60A6C432A027 | 10/6/2026, 4:44:04 PM | Confidential - redistribution prohibited"
"August 1, 2025","Daily Average Interbank Rate","9.60","Rock Investment Bank | Licensed to kironjiemmanuel@gmail.com | Ref RIB-60A6C432A027 | 10/6/2026, 4:44:04 PM | Confidential - redistribution prohibited"
"August 1, 2025","Upper Corridor Limit","10.50","Rock Investment Bank | Licensed to kironjiemmanuel@gmail.com | Ref RIB-60A6C432A027 | 10/6/2026, 4:44:04 PM | Confidential - redistribution prohibited"
"August 1, 2025","Lower Corridor Limit","9.00","Rock Investment Bank | Licensed to kironjiemmanuel@gmail.com | Ref RIB-60A6C432A027 | 10/6/2026, 4:44:04 PM | Confidential - redistribution prohibited"
"July 31, 2025","Daily Volumes (KES Mn)","8400.00","Rock Investment Bank | Licensed to kironjiemmanuel@gmail.com | Ref RIB-60A6C432A027 | 10/6/2026, 4:44:04 PM | Confidential - redistribution prohibited"
"July 31, 2025","Daily Average Interbank Rate","9.61","Rock Investment Bank | Licensed to kironjiemmanuel@gmail.com | Ref RIB-60A6C432A027 | 10/6/2026, 4:44:04 PM | Confidential - redistribution prohibited"
"July 31, 2025","Upper Corridor Limit","10.50","Rock Investment Bank | Licensed to kironjiemmanuel@gmail.com | Ref RIB-60A6C432A027 | 10/6/2026, 4:44:04 PM | Confidential - redistribution prohibited"
"July 31, 2025","Lower Corridor Limit","9.00","Rock Investment Bank | Licensed to kironjiemmanuel@gmail.com | Ref RIB-60A6C432A027 | 10/6/2026, 4:44:04 PM | Confidential - redistribution prohibited"
"July 30, 2025","Daily Volumes (KES Mn)","8120.00","Rock Investment Bank | Licensed to kironjiemmanuel@gmail.com | Ref RIB-60A6C432A027 | 10/6/2026, 4:44:04 PM | Confidential - redistribution prohibited"
"July 30, 2025","Daily Average Interbank Rate","9.61","Rock Investment Bank | Licensed to kironjiemmanuel@gmail.com | Ref RIB-60A6C432A027 | 10/6/2026, 4:44:04 PM | Confidential - redistribution prohibited"
"July 30, 2025","Upper Corridor Limit","10.50","Rock Investment Bank | Licensed to kironjiemmanuel@gmail.com | Ref RIB-60A6C432A027 | 10/6/2026, 4:44:04 PM | Confidential - redistribution prohibited"
"July 30, 2025","Lower Corridor Limit","9.00","Rock Investment Bank | Licensed to kironjiemmanuel@gmail.com | Ref RIB-60A6C432A027 | 10/6/2026, 4:44:04 PM | Confidential - redistribution prohibited"
"July 29, 2025","Daily Volumes (KES Mn)","13010.00","Rock Investment Bank | Licensed to kironjiemmanuel@gmail.com | Ref RIB-60A6C432A027 | 10/6/2026, 4:44:04 PM | Confidential - redistribution prohibited"
"July 29, 2025","Daily Average Interbank Rate","9.63","Rock Investment Bank | Licensed to kironjiemmanuel@gmail.com | Ref RIB-60A6C432A027 | 10/6/2026, 4:44:04 PM | Confidential - redistribution prohibited"
"July 29, 2025","Upper Corridor Limit","10.50","Rock Investment Bank | Licensed to kironjiemmanuel@gmail.com | Ref RIB-60A6C432A027 | 10/6/2026, 4:44:04 PM | Confidential - redistribution prohibited"
"July 29, 2025","Lower Corridor Limit","9.00","Rock Investment Bank | Licensed to kironjiemmanuel@gmail.com | Ref RIB-60A6C432A027 | 10/6/2026, 4:44:04 PM | Confidential - redistribution prohibited"
"July 28, 2025","Daily Volumes (KES Mn)","12784.00","Rock Investment Bank | Licensed to kironjiemmanuel@gmail.com | Ref RIB-60A6C432A027 | 10/6/2026, 4:44:04 PM | Confidential - redistribution prohibited"
"July 28, 2025","Daily Average Interbank Rate","9.62","Rock Investment Bank | Licensed to kironjiemmanuel@gmail.com | Ref RIB-60A6C432A027 | 10/6/2026, 4:44:04 PM | Confidential - redistribution prohibited"
"July 28, 2025","Upper Corridor Limit","10.50","Rock Investment Bank | Licensed to kironjiemmanuel@gmail.com | Ref RIB-60A6C432A027 | 10/6/2026, 4:44:04 PM | Confidential - redistribution prohibited"
"July 28, 2025","Lower Corridor Limit","9.00","Rock Investment Bank | Licensed to kironjiemmanuel@gmail.com | Ref RIB-60A6C432A027 | 10/6/2026, 4:44:04 PM | Confidential - redistribution prohibited"
"July 25, 2025","Daily Volumes (KES Mn)","11500.00","Rock Investment Bank | Licensed to kironjiemmanuel@gmail.com | Ref RIB-60A6C432A027 | 10/6/2026, 4:44:04 PM | Confidential - redistribution prohibited"
"July 25, 2025","Daily Average Interbank Rate","9.61","Rock Investment Bank | Licensed to kironjiemmanuel@gmail.com | Ref RIB-60A6C432A027 | 10/6/2026, 4:44:04 PM | Confidential - redistribution prohibited"
"July 25, 2025","Upper Corridor Limit","10.50","Rock Investment Bank | Licensed to kironjiemmanuel@gmail.com | Ref RIB-60A6C432A027 | 10/6/2026, 4:44:04 PM | Confidential - redistribution prohibited"
"July 25, 2025","Lower Corridor Limit","9.00","Rock Investment Bank | Licensed to kironjiemmanuel@gmail.com | Ref RIB-60A6C432A027 | 10/6/2026, 4:44:04 PM | Confidential - redistribution prohibited"
"July 24, 2025","Daily Volumes (KES Mn)","16700.00","Rock Investment Bank | Licensed to kironjiemmanuel@gmail.com | Ref RIB-60A6C432A027 | 10/6/2026, 4:44:04 PM | Confidential - redistribution prohibited"
"July 24, 2025","Daily Average Interbank Rate","9.62","Rock Investment Bank | Licensed to kironjiemmanuel@gmail.com | Ref RIB-60A6C432A027 | 10/6/2026, 4:44:04 PM | Confidential - redistribution prohibited"
"July 24, 2025","Upper Corridor Limit","10.50","Rock Investment Bank | Licensed to kironjiemmanuel@gmail.com | Ref RIB-60A6C432A027 | 10/6/2026, 4:44:04 PM | Confidential - redistribution prohibited"
"July 24, 2025","Lower Corridor Limit","9.00","Rock Investment Bank | Licensed to kironjiemmanuel@gmail.com | Ref RIB-60A6C432A027 | 10/6/2026, 4:44:04 PM | Confidential - redistribution prohibited"
"July 23, 2025","Daily Volumes (KES Mn)","14210.00","Rock Investment Bank | Licensed to kironjiemmanuel@gmail.com | Ref RIB-60A6C432A027 | 10/6/2026, 4:44:04 PM | Confidential - redistribution prohibited"
"July 23, 2025","Daily Average Interbank Rate","9.61","Rock Investment Bank | Licensed to kironjiemmanuel@gmail.com | Ref RIB-60A6C432A027 | 10/6/2026, 4:44:04 PM | Confidential - redistribution prohibited"
"July 23, 2025","Upper Corridor Limit","10.50","Rock Investment Bank | Licensed to kironjiemmanuel@gmail.com | Ref RIB-60A6C432A027 | 10/6/2026, 4:44:04 PM | Confidential - redistribution prohibited"
"July 23, 2025","Lower Corridor Limit","9.00","Rock Investment Bank | Licensed to kironjiemmanuel@gmail.com | Ref RIB-60A6C432A027 | 10/6/2026, 4:44:04 PM | Confidential - redistribution prohibited"
"July 22, 2025","Daily Volumes (KES Mn)","12350.00","Rock Investment Bank | Licensed to kironjiemmanuel@gmail.com | Ref RIB-60A6C432A027 | 10/6/2026, 4:44:04 PM | Confidential - redistribution prohibited"
"July 22, 2025","Daily Average Interbank Rate","9.61","Rock Investment Bank | Licensed to kironjiemmanuel@gmail.com | Ref RIB-60A6C432A027 | 10/6/2026, 4:44:04 PM | Confidential - redistribution prohibited"
"July 22, 2025","Upper Corridor Limit","10.50","Rock Investment Bank | Licensed to kironjiemmanuel@gmail.com | Ref RIB-60A6C432A027 | 10/6/2026, 4:44:04 PM | Confidential - redistribution prohibited"
"July 22, 2025","Lower Corridor Limit","9.00","Rock Investment Bank | Licensed to kironjiemmanuel@gmail.com | Ref RIB-60A6C432A027 | 10/6/2026, 4:44:04 PM | Confidential - redistribution prohibited"
"July 21, 2025","Daily Volumes (KES Mn)","10346.00","Rock Investment Bank | Licensed to kironjiemmanuel@gmail.com | Ref RIB-60A6C432A027 | 10/6/2026, 4:44:04 PM | Confidential - redistribution prohibited"
"July 21, 2025","Daily Average Interbank Rate","9.64","Rock Investment Bank | Licensed to kironjiemmanuel@gmail.com | Ref RIB-60A6C432A027 | 10/6/2026, 4:44:04 PM | Confidential - redistribution prohibited"
"July 21, 2025","Upper Corridor Limit","10.50","Rock Investment Bank | Licensed to kironjiemmanuel@gmail.com | Ref RIB-60A6C432A027 | 10/6/2026, 4:44:04 PM | Confidential - redistribution prohibited"
"July 21, 2025","Lower Corridor Limit","9.00","Rock Investment Bank | Licensed to kironjiemmanuel@gmail.com | Ref RIB-60A6C432A027 | 10/6/2026, 4:44:04 PM | Confidential - redistribution prohibited"
"July 18, 2025","Daily Volumes (KES Mn)","14650.00","Rock Investment Bank | Licensed to kironjiemmanuel@gmail.com | Ref RIB-60A6C432A027 | 10/6/2026, 4:44:04 PM | Confidential - redistribution prohibited"
"July 18, 2025","Daily Average Interbank Rate","9.64","Rock Investment Bank | Licensed to kironjiemmanuel@gmail.com | Ref RIB-60A6C432A027 | 10/6/2026, 4:44:04 PM | Confidential - redistribution prohibited"
"July 18, 2025","Upper Corridor Limit","10.50","Rock Investment Bank | Licensed to kironjiemmanuel@gmail.com | Ref RIB-60A6C432A027 | 10/6/2026, 4:44:04 PM | Confidential - redistribution prohibited"
"July 18, 2025","Lower Corridor Limit","9.00","Rock Investment Bank | Licensed to kironjiemmanuel@gmail.com | Ref RIB-60A6C432A027 | 10/6/2026, 4:44:04 PM | Confidential - redistribution prohibited"
"July 17, 2025","Daily Volumes (KES Mn)","6450.00","Rock Investment Bank | Licensed to kironjiemmanuel@gmail.com | Ref RIB-60A6C432A027 | 10/6/2026, 4:44:04 PM | Confidential - redistribution prohibited"
"July 17, 2025","Daily Average Interbank Rate","9.64","Rock Investment Bank | Licensed to kironjiemmanuel@gmail.com | Ref RIB-60A6C432A027 | 10/6/2026, 4:44:04 PM | Confidential - redistribution prohibited"
"July 17, 2025","Upper Corridor Limit","10.50","Rock Investment Bank | Licensed to kironjiemmanuel@gmail.com | Ref RIB-60A6C432A027 | 10/6/2026, 4:44:04 PM | Confidential - redistribution prohibited"
"July 17, 2025","Lower Corridor Limit","9.00","Rock Investment Bank | Licensed to kironjiemmanuel@gmail.com | Ref RIB-60A6C432A027 | 10/6/2026, 4:44:04 PM | Confidential - redistribution prohibited"
"July 16, 2025","Daily Volumes (KES Mn)","9660.00","Rock Investment Bank | Licensed to kironjiemmanuel@gmail.com | Ref RIB-60A6C432A027 | 10/6/2026, 4:44:04 PM | Confidential - redistribution prohibited"
"July 16, 2025","Daily Average Interbank Rate","9.63","Rock Investment Bank | Licensed to kironjiemmanuel@gmail.com | Ref RIB-60A6C432A027 | 10/6/2026, 4:44:04 PM | Confidential - redistribution prohibited"
"July 16, 2025","Upper Corridor Limit","10.50","Rock Investment Bank | Licensed to kironjiemmanuel@gmail.com | Ref RIB-60A6C432A027 | 10/6/2026, 4:44:04 PM | Confidential - redistribution prohibited"
"July 16, 2025","Lower Corridor Limit","9.00","Rock Investment Bank | Licensed to kironjiemmanuel@gmail.com | Ref RIB-60A6C432A027 | 10/6/2026, 4:44:04 PM | Confidential - redistribution prohibited"
"July 15, 2025","Daily Volumes (KES Mn)","5130.00","Rock Investment Bank | Licensed to kironjiemmanuel@gmail.com | Ref RIB-60A6C432A027 | 10/6/2026, 4:44:04 PM | Confidential - redistribution prohibited"
"July 15, 2025","Daily Average Interbank Rate","9.66","Rock Investment Bank | Licensed to kironjiemmanuel@gmail.com | Ref RIB-60A6C432A027 | 10/6/2026, 4:44:04 PM | Confidential - redistribution prohibited"
"July 15, 2025","Upper Corridor Limit","10.50","Rock Investment Bank | Licensed to kironjiemmanuel@gmail.com | Ref RIB-60A6C432A027 | 10/6/2026, 4:44:04 PM | Confidential - redistribution prohibited"
"July 15, 2025","Lower Corridor Limit","9.00","Rock Investment Bank | Licensed to kironjiemmanuel@gmail.com | Ref RIB-60A6C432A027 | 10/6/2026, 4:44:04 PM | Confidential - redistribution prohibited"
"July 14, 2025","Daily Volumes (KES Mn)","17876.00","Rock Investment Bank | Licensed to kironjiemmanuel@gmail.com | Ref RIB-60A6C432A027 | 10/6/2026, 4:44:04 PM | Confidential - redistribution prohibited"
"July 14, 2025","Daily Average Interbank Rate","9.62","Rock Investment Bank | Licensed to kironjiemmanuel@gmail.com | Ref RIB-60A6C432A027 | 10/6/2026, 4:44:04 PM | Confidential - redistribution prohibited"
"July 14, 2025","Upper Corridor Limit","10.50","Rock Investment Bank | Licensed to kironjiemmanuel@gmail.com | Ref RIB-60A6C432A027 | 10/6/2026, 4:44:04 PM | Confidential - redistribution prohibited"
"July 14, 2025","Lower Corridor Limit","9.00","Rock Investment Bank | Licensed to kironjiemmanuel@gmail.com | Ref RIB-60A6C432A027 | 10/6/2026, 4:44:04 PM | Confidential - redistribution prohibited"
"July 11, 2025","Daily Volumes (KES Mn)","22850.00","Rock Investment Bank | Licensed to kironjiemmanuel@gmail.com | Ref RIB-60A6C432A027 | 10/6/2026, 4:44:04 PM | Confidential - redistribution prohibited"
"July 11, 2025","Daily Average Interbank Rate","9.62","Rock Investment Bank | Licensed to kironjiemmanuel@gmail.com | Ref RIB-60A6C432A027 | 10/6/2026, 4:44:04 PM | Confidential - redistribution prohibited"
"July 11, 2025","Upper Corridor Limit","10.50","Rock Investment Bank | Licensed to kironjiemmanuel@gmail.com | Ref RIB-60A6C432A027 | 10/6/2026, 4:44:04 PM | Confidential - redistribution prohibited"
"July 11, 2025","Lower Corridor Limit","9.00","Rock Investment Bank | Licensed to kironjiemmanuel@gmail.com | Ref RIB-60A6C432A027 | 10/6/2026, 4:44:04 PM | Confidential - redistribution prohibited"
"July 10, 2025","Daily Volumes (KES Mn)","10050.00","Rock Investment Bank | Licensed to kironjiemmanuel@gmail.com | Ref RIB-60A6C432A027 | 10/6/2026, 4:44:04 PM | Confidential - redistribution prohibited"
"July 10, 2025","Daily Average Interbank Rate","9.61","Rock Investment Bank | Licensed to kironjiemmanuel@gmail.com | Ref RIB-60A6C432A027 | 10/6/2026, 4:44:04 PM | Confidential - redistribution prohibited"
"July 10, 2025","Upper Corridor Limit","10.50","Rock Investment Bank | Licensed to kironjiemmanuel@gmail.com | Ref RIB-60A6C432A027 | 10/6/2026, 4:44:04 PM | Confidential - redistribution prohibited"
"July 10, 2025","Lower Corridor Limit","9.00","Rock Investment Bank | Licensed to kironjiemmanuel@gmail.com | Ref RIB-60A6C432A027 | 10/6/2026, 4:44:04 PM | Confidential - redistribution prohibited"
"July 9, 2025","Daily Volumes (KES Mn)","7170.00","Rock Investment Bank | Licensed to kironjiemmanuel@gmail.com | Ref RIB-60A6C432A027 | 10/6/2026, 4:44:04 PM | Confidential - redistribution prohibited"
"July 9, 2025","Daily Average Interbank Rate","9.62","Rock Investment Bank | Licensed to kironjiemmanuel@gmail.com | Ref RIB-60A6C432A027 | 10/6/2026, 4:44:04 PM | Confidential - redistribution prohibited"
"July 9, 2025","Upper Corridor Limit","10.50","Rock Investment Bank | Licensed to kironjiemmanuel@gmail.com | Ref RIB-60A6C432A027 | 10/6/2026, 4:44:04 PM | Confidential - redistribution prohibited"
"July 9, 2025","Lower Corridor Limit","9.00","Rock Investment Bank | Licensed to kironjiemmanuel@gmail.com | Ref RIB-60A6C432A027 | 10/6/2026, 4:44:04 PM | Confidential - redistribution prohibited"
"July 8, 2025","Daily Volumes (KES Mn)","7750.00","Rock Investment Bank | Licensed to kironjiemmanuel@gmail.com | Ref RIB-60A6C432A027 | 10/6/2026, 4:44:04 PM | Confidential - redistribution prohibited"
"July 8, 2025","Daily Average Interbank Rate","9.65","Rock Investment Bank | Licensed to kironjiemmanuel@gmail.com | Ref RIB-60A6C432A027 | 10/6/2026, 4:44:04 PM | Confidential - redistribution prohibited"
"July 8, 2025","Upper Corridor Limit","10.50","Rock Investment Bank | Licensed to kironjiemmanuel@gmail.com | Ref RIB-60A6C432A027 | 10/6/2026, 4:44:04 PM | Confidential - redistribution prohibited"
"July 8, 2025","Lower Corridor Limit","9.00","Rock Investment Bank | Licensed to kironjiemmanuel@gmail.com | Ref RIB-60A6C432A027 | 10/6/2026, 4:44:04 PM | Confidential - redistribution prohibited"
"July 7, 2025","Daily Volumes (KES Mn)","11809.00","Rock Investment Bank | Licensed to kironjiemmanuel@gmail.com | Ref RIB-60A6C432A027 | 10/6/2026, 4:44:04 PM | Confidential - redistribution prohibited"
"July 7, 2025","Daily Average Interbank Rate","9.65","Rock Investment Bank | Licensed to kironjiemmanuel@gmail.com | Ref RIB-60A6C432A027 | 10/6/2026, 4:44:04 PM | Confidential - redistribution prohibited"
"July 7, 2025","Upper Corridor Limit","10.50","Rock Investment Bank | Licensed to kironjiemmanuel@gmail.com | Ref RIB-60A6C432A027 | 10/6/2026, 4:44:04 PM | Confidential - redistribution prohibited"
"July 7, 2025","Lower Corridor Limit","9.00","Rock Investment Bank | Licensed to kironjiemmanuel@gmail.com | Ref RIB-60A6C432A027 | 10/6/2026, 4:44:04 PM | Confidential - redistribution prohibited"
"July 4, 2025","Daily Volumes (KES Mn)","5850.00","Rock Investment Bank | Licensed to kironjiemmanuel@gmail.com | Ref RIB-60A6C432A027 | 10/6/2026, 4:44:04 PM | Confidential - redistribution prohibited"
"July 4, 2025","Daily Average Interbank Rate","9.62","Rock Investment Bank | Licensed to kironjiemmanuel@gmail.com | Ref RIB-60A6C432A027 | 10/6/2026, 4:44:04 PM | Confidential - redistribution prohibited"
"July 4, 2025","Upper Corridor Limit","10.50","Rock Investment Bank | Licensed to kironjiemmanuel@gmail.com | Ref RIB-60A6C432A027 | 10/6/2026, 4:44:04 PM | Confidential - redistribution prohibited"
"July 4, 2025","Lower Corridor Limit","9.00","Rock Investment Bank | Licensed to kironjiemmanuel@gmail.com | Ref RIB-60A6C432A027 | 10/6/2026, 4:44:04 PM | Confidential - redistribution prohibited"
"July 3, 2025","Daily Volumes (KES Mn)","4520.00","Rock Investment Bank | Licensed to kironjiemmanuel@gmail.com | Ref RIB-60A6C432A027 | 10/6/2026, 4:44:04 PM | Confidential - redistribution prohibited"
"July 3, 2025","Daily Average Interbank Rate","9.67","Rock Investment Bank | Licensed to kironjiemmanuel@gmail.com | Ref RIB-60A6C432A027 | 10/6/2026, 4:44:04 PM | Confidential - redistribution prohibited"
"July 3, 2025","Upper Corridor Limit","10.50","Rock Investment Bank | Licensed to kironjiemmanuel@gmail.com | Ref RIB-60A6C432A027 | 10/6/2026, 4:44:04 PM | Confidential - redistribution prohibited"
"July 3, 2025","Lower Corridor Limit","9.00","Rock Investment Bank | Licensed to kironjiemmanuel@gmail.com | Ref RIB-60A6C432A027 | 10/6/2026, 4:44:04 PM | Confidential - redistribution prohibited"
"July 2, 2025","Daily Volumes (KES Mn)","2010.00","Rock Investment Bank | Licensed to kironjiemmanuel@gmail.com | Ref RIB-60A6C432A027 | 10/6/2026, 4:44:04 PM | Confidential - redistribution prohibited"
"July 2, 2025","Daily Average Interbank Rate","9.69","Rock Investment Bank | Licensed to kironjiemmanuel@gmail.com | Ref RIB-60A6C432A027 | 10/6/2026, 4:44:04 PM | Confidential - redistribution prohibited"
"July 2, 2025","Upper Corridor Limit","10.50","Rock Investment Bank | Licensed to kironjiemmanuel@gmail.com | Ref RIB-60A6C432A027 | 10/6/2026, 4:44:04 PM | Confidential - redistribution prohibited"
"July 2, 2025","Lower Corridor Limit","9.00","Rock Investment Bank | Licensed to kironjiemmanuel@gmail.com | Ref RIB-60A6C432A027 | 10/6/2026, 4:44:04 PM | Confidential - redistribution prohibited"
"July 1, 2025","Daily Volumes (KES Mn)","7138.00","Rock Investment Bank | Licensed to kironjiemmanuel@gmail.com | Ref RIB-60A6C432A027 | 10/6/2026, 4:44:04 PM | Confidential - redistribution prohibited"
"July 1, 2025","Daily Average Interbank Rate","9.69","Rock Investment Bank | Licensed to kironjiemmanuel@gmail.com | Ref RIB-60A6C432A027 | 10/6/2026, 4:44:04 PM | Confidential - redistribution prohibited"
"July 1, 2025","Upper Corridor Limit","10.50","Rock Investment Bank | Licensed to kironjiemmanuel@gmail.com | Ref RIB-60A6C432A027 | 10/6/2026, 4:44:04 PM | Confidential - redistribution prohibited"
"July 1, 2025","Lower Corridor Limit","9.00","Rock Investment Bank | Licensed to kironjiemmanuel@gmail.com | Ref RIB-60A6C432A027 | 10/6/2026, 4:44:04 PM | Confidential - redistribution prohibited"
"June 30, 2025","Daily Volumes (KES Mn)","5296.00","Rock Investment Bank | Licensed to kironjiemmanuel@gmail.com | Ref RIB-60A6C432A027 | 10/6/2026, 4:44:04 PM | Confidential - redistribution prohibited"
"June 30, 2025","Daily Average Interbank Rate","9.71","Rock Investment Bank | Licensed to kironjiemmanuel@gmail.com | Ref RIB-60A6C432A027 | 10/6/2026, 4:44:04 PM | Confidential - redistribution prohibited"
"June 30, 2025","Upper Corridor Limit","10.50","Rock Investment Bank | Licensed to kironjiemmanuel@gmail.com | Ref RIB-60A6C432A027 | 10/6/2026, 4:44:04 PM | Confidential - redistribution prohibited"
"June 30, 2025","Lower Corridor Limit","9.00","Rock Investment Bank | Licensed to kironjiemmanuel@gmail.com | Ref RIB-60A6C432A027 | 10/6/2026, 4:44:04 PM | Confidential - redistribution prohibited"
"June 27, 2025","Daily Volumes (KES Mn)","16249.00","Rock Investment Bank | Licensed to kironjiemmanuel@gmail.com | Ref RIB-60A6C432A027 | 10/6/2026, 4:44:04 PM | Confidential - redistribution prohibited"
"June 27, 2025","Daily Average Interbank Rate","9.72","Rock Investment Bank | Licensed to kironjiemmanuel@gmail.com | Ref RIB-60A6C432A027 | 10/6/2026, 4:44:04 PM | Confidential - redistribution prohibited"
"June 27, 2025","Upper Corridor Limit","10.50","Rock Investment Bank | Licensed to kironjiemmanuel@gmail.com | Ref RIB-60A6C432A027 | 10/6/2026, 4:44:04 PM | Confidential - redistribution prohibited"
"June 27, 2025","Lower Corridor Limit","9.00","Rock Investment Bank | Licensed to kironjiemmanuel@gmail.com | Ref RIB-60A6C432A027 | 10/6/2026, 4:44:04 PM | Confidential - redistribution prohibited"
"June 26, 2025","Daily Volumes (KES Mn)","27147.00","Rock Investment Bank | Licensed to kironjiemmanuel@gmail.com | Ref RIB-60A6C432A027 | 10/6/2026, 4:44:04 PM | Confidential - redistribution prohibited"
"June 26, 2025","Daily Average Interbank Rate","9.73","Rock Investment Bank | Licensed to kironjiemmanuel@gmail.com | Ref RIB-60A6C432A027 | 10/6/2026, 4:44:04 PM | Confidential - redistribution prohibited"
"June 26, 2025","Upper Corridor Limit","10.50","Rock Investment Bank | Licensed to kironjiemmanuel@gmail.com | Ref RIB-60A6C432A027 | 10/6/2026, 4:44:04 PM | Confidential - redistribution prohibited"
"June 26, 2025","Lower Corridor Limit","9.00","Rock Investment Bank | Licensed to kironjiemmanuel@gmail.com | Ref RIB-60A6C432A027 | 10/6/2026, 4:44:04 PM | Confidential - redistribution prohibited"
"June 25, 2025","Daily Volumes (KES Mn)","15696.00","Rock Investment Bank | Licensed to kironjiemmanuel@gmail.com | Ref RIB-60A6C432A027 | 10/6/2026, 4:44:04 PM | Confidential - redistribution prohibited"
"June 25, 2025","Daily Average Interbank Rate","9.72","Rock Investment Bank | Licensed to kironjiemmanuel@gmail.com | Ref RIB-60A6C432A027 | 10/6/2026, 4:44:04 PM | Confidential - redistribution prohibited"
"June 25, 2025","Upper Corridor Limit","10.50","Rock Investment Bank | Licensed to kironjiemmanuel@gmail.com | Ref RIB-60A6C432A027 | 10/6/2026, 4:44:04 PM | Confidential - redistribution prohibited"
"June 25, 2025","Lower Corridor Limit","9.00","Rock Investment Bank | Licensed to kironjiemmanuel@gmail.com | Ref RIB-60A6C432A027 | 10/6/2026, 4:44:04 PM | Confidential - redistribution prohibited"
"June 24, 2025","Daily Volumes (KES Mn)","27433.00","Rock Investment Bank | Licensed to kironjiemmanuel@gmail.com | Ref RIB-60A6C432A027 | 10/6/2026, 4:44:04 PM | Confidential - redistribution prohibited"
"June 24, 2025","Daily Average Interbank Rate","9.72","Rock Investment Bank | Licensed to kironjiemmanuel@gmail.com | Ref RIB-60A6C432A027 | 10/6/2026, 4:44:04 PM | Confidential - redistribution prohibited"
"June 24, 2025","Upper Corridor Limit","10.50","Rock Investment Bank | Licensed to kironjiemmanuel@gmail.com | Ref RIB-60A6C432A027 | 10/6/2026, 4:44:04 PM | Confidential - redistribution prohibited"
"June 24, 2025","Lower Corridor Limit","9.00","Rock Investment Bank | Licensed to kironjiemmanuel@gmail.com | Ref RIB-60A6C432A027 | 10/6/2026, 4:44:04 PM | Confidential - redistribution prohibited"