"Date","Debt_type","Amount (KES)","Source"
"Apr 2025","External Debt","5,326,268,770,000","Rock Investment Bank | Licensed to kironjiemmanuel@gmail.com | Ref RIB-0E0466ECD65B | 10/6/2026, 4:43:26 PM | Confidential - redistribution prohibited"
"Apr 2025","Domestic Debt","6,164,101,751,000","Rock Investment Bank | Licensed to kironjiemmanuel@gmail.com | Ref RIB-0E0466ECD65B | 10/6/2026, 4:43:26 PM | Confidential - redistribution prohibited"
"Mar 2025","External Debt","5,238,297,333,000","Rock Investment Bank | Licensed to kironjiemmanuel@gmail.com | Ref RIB-0E0466ECD65B | 10/6/2026, 4:43:26 PM | Confidential - redistribution prohibited"
"Mar 2025","Domestic Debt","6,126,697,860,000","Rock Investment Bank | Licensed to kironjiemmanuel@gmail.com | Ref RIB-0E0466ECD65B | 10/6/2026, 4:43:26 PM | Confidential - redistribution prohibited"
"Feb 2025","External Debt","5,071,505,765,000","Rock Investment Bank | Licensed to kironjiemmanuel@gmail.com | Ref RIB-0E0466ECD65B | 10/6/2026, 4:43:26 PM | Confidential - redistribution prohibited"
"Feb 2025","Domestic Debt","6,062,699,973,000","Rock Investment Bank | Licensed to kironjiemmanuel@gmail.com | Ref RIB-0E0466ECD65B | 10/6/2026, 4:43:26 PM | Confidential - redistribution prohibited"
"Jan 2025","External Debt","5,083,403,446,000","Rock Investment Bank | Licensed to kironjiemmanuel@gmail.com | Ref RIB-0E0466ECD65B | 10/6/2026, 4:43:26 PM | Confidential - redistribution prohibited"
"Jan 2025","Domestic Debt","5,927,805,265,000","Rock Investment Bank | Licensed to kironjiemmanuel@gmail.com | Ref RIB-0E0466ECD65B | 10/6/2026, 4:43:26 PM | Confidential - redistribution prohibited"
"Dec 2024","External Debt","5,057,005,779,000","Rock Investment Bank | Licensed to kironjiemmanuel@gmail.com | Ref RIB-0E0466ECD65B | 10/6/2026, 4:43:26 PM | Confidential - redistribution prohibited"
"Dec 2024","Domestic Debt","5,868,273,160,000","Rock Investment Bank | Licensed to kironjiemmanuel@gmail.com | Ref RIB-0E0466ECD65B | 10/6/2026, 4:43:26 PM | Confidential - redistribution prohibited"
"Nov 2024","External Debt","5,138,127,070,000","Rock Investment Bank | Licensed to kironjiemmanuel@gmail.com | Ref RIB-0E0466ECD65B | 10/6/2026, 4:43:26 PM | Confidential - redistribution prohibited"
"Nov 2024","Domestic Debt","5,809,298,296,000","Rock Investment Bank | Licensed to kironjiemmanuel@gmail.com | Ref RIB-0E0466ECD65B | 10/6/2026, 4:43:26 PM | Confidential - redistribution prohibited"
"Oct 2024","External Debt","5,120,314,762,000","Rock Investment Bank | Licensed to kironjiemmanuel@gmail.com | Ref RIB-0E0466ECD65B | 10/6/2026, 4:43:26 PM | Confidential - redistribution prohibited"
"Oct 2024","Domestic Debt","5,693,535,561,000","Rock Investment Bank | Licensed to kironjiemmanuel@gmail.com | Ref RIB-0E0466ECD65B | 10/6/2026, 4:43:26 PM | Confidential - redistribution prohibited"
"Sep 2024","External Debt","5,188,364,909,000","Rock Investment Bank | Licensed to kironjiemmanuel@gmail.com | Ref RIB-0E0466ECD65B | 10/6/2026, 4:43:26 PM | Confidential - redistribution prohibited"
"Sep 2024","Domestic Debt","5,601,710,323,000","Rock Investment Bank | Licensed to kironjiemmanuel@gmail.com | Ref RIB-0E0466ECD65B | 10/6/2026, 4:43:26 PM | Confidential - redistribution prohibited"
"Aug 2024","External Debt","5,176,101,992,000","Rock Investment Bank | Licensed to kironjiemmanuel@gmail.com | Ref RIB-0E0466ECD65B | 10/6/2026, 4:43:26 PM | Confidential - redistribution prohibited"
"Aug 2024","Domestic Debt","5,558,345,450,000","Rock Investment Bank | Licensed to kironjiemmanuel@gmail.com | Ref RIB-0E0466ECD65B | 10/6/2026, 4:43:26 PM | Confidential - redistribution prohibited"
"Jul 2024","External Debt","5,162,853,570,000","Rock Investment Bank | Licensed to kironjiemmanuel@gmail.com | Ref RIB-0E0466ECD65B | 10/6/2026, 4:43:26 PM | Confidential - redistribution prohibited"
"Jul 2024","Domestic Debt","5,452,995,533,000","Rock Investment Bank | Licensed to kironjiemmanuel@gmail.com | Ref RIB-0E0466ECD65B | 10/6/2026, 4:43:26 PM | Confidential - redistribution prohibited"
"Jun 2024","External Debt","5,150,839,749,000","Rock Investment Bank | Licensed to kironjiemmanuel@gmail.com | Ref RIB-0E0466ECD65B | 10/6/2026, 4:43:26 PM | Confidential - redistribution prohibited"
"Jun 2024","Domestic Debt","5,410,300,000,000","Rock Investment Bank | Licensed to kironjiemmanuel@gmail.com | Ref RIB-0E0466ECD65B | 10/6/2026, 4:43:26 PM | Confidential - redistribution prohibited"
"May 2024","External Debt","5,118,306,595,000","Rock Investment Bank | Licensed to kironjiemmanuel@gmail.com | Ref RIB-0E0466ECD65B | 10/6/2026, 4:43:26 PM | Confidential - redistribution prohibited"
"May 2024","Domestic Debt","5,319,887,458,000","Rock Investment Bank | Licensed to kironjiemmanuel@gmail.com | Ref RIB-0E0466ECD65B | 10/6/2026, 4:43:26 PM | Confidential - redistribution prohibited"
"Apr 2024","External Debt","5,198,811,988,000","Rock Investment Bank | Licensed to kironjiemmanuel@gmail.com | Ref RIB-0E0466ECD65B | 10/6/2026, 4:43:26 PM | Confidential - redistribution prohibited"
"Apr 2024","Domestic Debt","5,323,712,779,000","Rock Investment Bank | Licensed to kironjiemmanuel@gmail.com | Ref RIB-0E0466ECD65B | 10/6/2026, 4:43:26 PM | Confidential - redistribution prohibited"
"Mar 2024","External Debt","5,163,423,340,000","Rock Investment Bank | Licensed to kironjiemmanuel@gmail.com | Ref RIB-0E0466ECD65B | 10/6/2026, 4:43:26 PM | Confidential - redistribution prohibited"
"Mar 2024","Domestic Debt","5,235,188,410,000","Rock Investment Bank | Licensed to kironjiemmanuel@gmail.com | Ref RIB-0E0466ECD65B | 10/6/2026, 4:43:26 PM | Confidential - redistribution prohibited"
"Feb 2024","External Debt","5,653,894,006,000","Rock Investment Bank | Licensed to kironjiemmanuel@gmail.com | Ref RIB-0E0466ECD65B | 10/6/2026, 4:43:26 PM | Confidential - redistribution prohibited"
"Feb 2024","Domestic Debt","5,200,211,069,000","Rock Investment Bank | Licensed to kironjiemmanuel@gmail.com | Ref RIB-0E0466ECD65B | 10/6/2026, 4:43:26 PM | Confidential - redistribution prohibited"
"Jan 2024","External Debt","6,189,967,467,000","Rock Investment Bank | Licensed to kironjiemmanuel@gmail.com | Ref RIB-0E0466ECD65B | 10/6/2026, 4:43:26 PM | Confidential - redistribution prohibited"
"Jan 2024","Domestic Debt","5,050,442,003,000","Rock Investment Bank | Licensed to kironjiemmanuel@gmail.com | Ref RIB-0E0466ECD65B | 10/6/2026, 4:43:26 PM | Confidential - redistribution prohibited"
"Dec 2023","External Debt","6,089,584,983,000","Rock Investment Bank | Licensed to kironjiemmanuel@gmail.com | Ref RIB-0E0466ECD65B | 10/6/2026, 4:43:26 PM | Confidential - redistribution prohibited"
"Dec 2023","Domestic Debt","5,050,108,539,000","Rock Investment Bank | Licensed to kironjiemmanuel@gmail.com | Ref RIB-0E0466ECD65B | 10/6/2026, 4:43:26 PM | Confidential - redistribution prohibited"
"Nov 2023","External Debt","5,896,502,320,000","Rock Investment Bank | Licensed to kironjiemmanuel@gmail.com | Ref RIB-0E0466ECD65B | 10/6/2026, 4:43:26 PM | Confidential - redistribution prohibited"
"Nov 2023","Domestic Debt","4,990,750,731,000","Rock Investment Bank | Licensed to kironjiemmanuel@gmail.com | Ref RIB-0E0466ECD65B | 10/6/2026, 4:43:26 PM | Confidential - redistribution prohibited"
"Oct 2023","External Debt","5,746,316,506,000","Rock Investment Bank | Licensed to kironjiemmanuel@gmail.com | Ref RIB-0E0466ECD65B | 10/6/2026, 4:43:26 PM | Confidential - redistribution prohibited"
"Oct 2023","Domestic Debt","4,913,029,444,000","Rock Investment Bank | Licensed to kironjiemmanuel@gmail.com | Ref RIB-0E0466ECD65B | 10/6/2026, 4:43:26 PM | Confidential - redistribution prohibited"
"Sep 2023","External Debt","5,667,798,528,000","Rock Investment Bank | Licensed to kironjiemmanuel@gmail.com | Ref RIB-0E0466ECD65B | 10/6/2026, 4:43:26 PM | Confidential - redistribution prohibited"
"Sep 2023","Domestic Debt","4,914,606,168,000","Rock Investment Bank | Licensed to kironjiemmanuel@gmail.com | Ref RIB-0E0466ECD65B | 10/6/2026, 4:43:26 PM | Confidential - redistribution prohibited"
"Aug 2023","External Debt","5,614,091,024,000","Rock Investment Bank | Licensed to kironjiemmanuel@gmail.com | Ref RIB-0E0466ECD65B | 10/6/2026, 4:43:26 PM | Confidential - redistribution prohibited"
"Aug 2023","Domestic Debt","4,912,338,928,000","Rock Investment Bank | Licensed to kironjiemmanuel@gmail.com | Ref RIB-0E0466ECD65B | 10/6/2026, 4:43:26 PM | Confidential - redistribution prohibited"
"Jul 2023","External Debt","5,542,638,321,000","Rock Investment Bank | Licensed to kironjiemmanuel@gmail.com | Ref RIB-0E0466ECD65B | 10/6/2026, 4:43:26 PM | Confidential - redistribution prohibited"
"Jul 2023","Domestic Debt","4,873,527,312,000","Rock Investment Bank | Licensed to kironjiemmanuel@gmail.com | Ref RIB-0E0466ECD65B | 10/6/2026, 4:43:26 PM | Confidential - redistribution prohibited"
"Jun 2023","External Debt","5,446,560,935,000","Rock Investment Bank | Licensed to kironjiemmanuel@gmail.com | Ref RIB-0E0466ECD65B | 10/6/2026, 4:43:26 PM | Confidential - redistribution prohibited"
"Jun 2023","Domestic Debt","4,832,112,060,000","Rock Investment Bank | Licensed to kironjiemmanuel@gmail.com | Ref RIB-0E0466ECD65B | 10/6/2026, 4:43:26 PM | Confidential - redistribution prohibited"
"May 2023","External Debt","5,137,162,585,000","Rock Investment Bank | Licensed to kironjiemmanuel@gmail.com | Ref RIB-0E0466ECD65B | 10/6/2026, 4:43:26 PM | Confidential - redistribution prohibited"
"May 2023","Domestic Debt","4,549,646,531,000","Rock Investment Bank | Licensed to kironjiemmanuel@gmail.com | Ref RIB-0E0466ECD65B | 10/6/2026, 4:43:26 PM | Confidential - redistribution prohibited"
"Apr 2023","External Debt","4,851,094,800,000","Rock Investment Bank | Licensed to kironjiemmanuel@gmail.com | Ref RIB-0E0466ECD65B | 10/6/2026, 4:43:26 PM | Confidential - redistribution prohibited"
"Apr 2023","Domestic Debt","4,542,350,542,000","Rock Investment Bank | Licensed to kironjiemmanuel@gmail.com | Ref RIB-0E0466ECD65B | 10/6/2026, 4:43:26 PM | Confidential - redistribution prohibited"
"Mar 2023","External Debt","4,709,715,160,000","Rock Investment Bank | Licensed to kironjiemmanuel@gmail.com | Ref RIB-0E0466ECD65B | 10/6/2026, 4:43:26 PM | Confidential - redistribution prohibited"
"Mar 2023","Domestic Debt","4,539,592,170,000","Rock Investment Bank | Licensed to kironjiemmanuel@gmail.com | Ref RIB-0E0466ECD65B | 10/6/2026, 4:43:26 PM | Confidential - redistribution prohibited"
"Feb 2023","External Debt","4,681,115,480,000","Rock Investment Bank | Licensed to kironjiemmanuel@gmail.com | Ref RIB-0E0466ECD65B | 10/6/2026, 4:43:26 PM | Confidential - redistribution prohibited"
"Feb 2023","Domestic Debt","4,551,561,270,000","Rock Investment Bank | Licensed to kironjiemmanuel@gmail.com | Ref RIB-0E0466ECD65B | 10/6/2026, 4:43:26 PM | Confidential - redistribution prohibited"
"Jan 2023","External Debt","4,673,144,130,000","Rock Investment Bank | Licensed to kironjiemmanuel@gmail.com | Ref RIB-0E0466ECD65B | 10/6/2026, 4:43:26 PM | Confidential - redistribution prohibited"
"Jan 2023","Domestic Debt","4,501,714,130,000","Rock Investment Bank | Licensed to kironjiemmanuel@gmail.com | Ref RIB-0E0466ECD65B | 10/6/2026, 4:43:26 PM | Confidential - redistribution prohibited"
"Dec 2022","External Debt","4,462,891,060,000","Rock Investment Bank | Licensed to kironjiemmanuel@gmail.com | Ref RIB-0E0466ECD65B | 10/6/2026, 4:43:26 PM | Confidential - redistribution prohibited"
"Dec 2022","Domestic Debt","4,472,838,520,000","Rock Investment Bank | Licensed to kironjiemmanuel@gmail.com | Ref RIB-0E0466ECD65B | 10/6/2026, 4:43:26 PM | Confidential - redistribution prohibited"
"Nov 2022","External Debt","4,359,569,490,000","Rock Investment Bank | Licensed to kironjiemmanuel@gmail.com | Ref RIB-0E0466ECD65B | 10/6/2026, 4:43:26 PM | Confidential - redistribution prohibited"
"Nov 2022","Domestic Debt","4,435,937,160,000","Rock Investment Bank | Licensed to kironjiemmanuel@gmail.com | Ref RIB-0E0466ECD65B | 10/6/2026, 4:43:26 PM | Confidential - redistribution prohibited"
"Oct 2022","External Debt","4,334,790,820,000","Rock Investment Bank | Licensed to kironjiemmanuel@gmail.com | Ref RIB-0E0466ECD65B | 10/6/2026, 4:43:26 PM | Confidential - redistribution prohibited"
"Oct 2022","Domestic Debt","4,386,094,340,000","Rock Investment Bank | Licensed to kironjiemmanuel@gmail.com | Ref RIB-0E0466ECD65B | 10/6/2026, 4:43:26 PM | Confidential - redistribution prohibited"
"Sep 2022","External Debt","4,327,930,650,000","Rock Investment Bank | Licensed to kironjiemmanuel@gmail.com | Ref RIB-0E0466ECD65B | 10/6/2026, 4:43:26 PM | Confidential - redistribution prohibited"
"Sep 2022","Domestic Debt","4,366,278,690,000","Rock Investment Bank | Licensed to kironjiemmanuel@gmail.com | Ref RIB-0E0466ECD65B | 10/6/2026, 4:43:26 PM | Confidential - redistribution prohibited"
"Aug 2022","External Debt","4,299,821,200,000","Rock Investment Bank | Licensed to kironjiemmanuel@gmail.com | Ref RIB-0E0466ECD65B | 10/6/2026, 4:43:26 PM | Confidential - redistribution prohibited"
"Aug 2022","Domestic Debt","4,335,273,440,000","Rock Investment Bank | Licensed to kironjiemmanuel@gmail.com | Ref RIB-0E0466ECD65B | 10/6/2026, 4:43:26 PM | Confidential - redistribution prohibited"
"Jul 2022","External Debt","4,290,775,570,000","Rock Investment Bank | Licensed to kironjiemmanuel@gmail.com | Ref RIB-0E0466ECD65B | 10/6/2026, 4:43:26 PM | Confidential - redistribution prohibited"
"Jul 2022","Domestic Debt","4,310,691,540,000","Rock Investment Bank | Licensed to kironjiemmanuel@gmail.com | Ref RIB-0E0466ECD65B | 10/6/2026, 4:43:26 PM | Confidential - redistribution prohibited"
"Jun 2022","External Debt","4,295,102,460,000","Rock Investment Bank | Licensed to kironjiemmanuel@gmail.com | Ref RIB-0E0466ECD65B | 10/6/2026, 4:43:26 PM | Confidential - redistribution prohibited"
"Jun 2022","Domestic Debt","4,288,332,960,000","Rock Investment Bank | Licensed to kironjiemmanuel@gmail.com | Ref RIB-0E0466ECD65B | 10/6/2026, 4:43:26 PM | Confidential - redistribution prohibited"
"May 2022","External Debt","4,243,534,440,000","Rock Investment Bank | Licensed to kironjiemmanuel@gmail.com | Ref RIB-0E0466ECD65B | 10/6/2026, 4:43:26 PM | Confidential - redistribution prohibited"
"May 2022","Domestic Debt","4,268,656,810,000","Rock Investment Bank | Licensed to kironjiemmanuel@gmail.com | Ref RIB-0E0466ECD65B | 10/6/2026, 4:43:26 PM | Confidential - redistribution prohibited"
"Apr 2022","External Debt","4,209,560,220,000","Rock Investment Bank | Licensed to kironjiemmanuel@gmail.com | Ref RIB-0E0466ECD65B | 10/6/2026, 4:43:26 PM | Confidential - redistribution prohibited"
"Apr 2022","Domestic Debt","4,226,843,400,000","Rock Investment Bank | Licensed to kironjiemmanuel@gmail.com | Ref RIB-0E0466ECD65B | 10/6/2026, 4:43:26 PM | Confidential - redistribution prohibited"
"Mar 2022","External Debt","4,157,763,280,000","Rock Investment Bank | Licensed to kironjiemmanuel@gmail.com | Ref RIB-0E0466ECD65B | 10/6/2026, 4:43:26 PM | Confidential - redistribution prohibited"
"Mar 2022","Domestic Debt","4,191,771,000,000","Rock Investment Bank | Licensed to kironjiemmanuel@gmail.com | Ref RIB-0E0466ECD65B | 10/6/2026, 4:43:26 PM | Confidential - redistribution prohibited"
"Feb 2022","External Debt","4,155,788,440,000","Rock Investment Bank | Licensed to kironjiemmanuel@gmail.com | Ref RIB-0E0466ECD65B | 10/6/2026, 4:43:26 PM | Confidential - redistribution prohibited"
"Feb 2022","Domestic Debt","4,181,420,480,000","Rock Investment Bank | Licensed to kironjiemmanuel@gmail.com | Ref RIB-0E0466ECD65B | 10/6/2026, 4:43:26 PM | Confidential - redistribution prohibited"
"Jan 2022","External Debt","4,174,371,530,000","Rock Investment Bank | Licensed to kironjiemmanuel@gmail.com | Ref RIB-0E0466ECD65B | 10/6/2026, 4:43:26 PM | Confidential - redistribution prohibited"
"Jan 2022","Domestic Debt","4,110,120,510,000","Rock Investment Bank | Licensed to kironjiemmanuel@gmail.com | Ref RIB-0E0466ECD65B | 10/6/2026, 4:43:26 PM | Confidential - redistribution prohibited"
"Dec 2021","External Debt","4,174,371,530,000","Rock Investment Bank | Licensed to kironjiemmanuel@gmail.com | Ref RIB-0E0466ECD65B | 10/6/2026, 4:43:26 PM | Confidential - redistribution prohibited"
"Dec 2021","Domestic Debt","4,032,368,180,000","Rock Investment Bank | Licensed to kironjiemmanuel@gmail.com | Ref RIB-0E0466ECD65B | 10/6/2026, 4:43:26 PM | Confidential - redistribution prohibited"
"Nov 2021","External Debt","4,109,282,850,000","Rock Investment Bank | Licensed to kironjiemmanuel@gmail.com | Ref RIB-0E0466ECD65B | 10/6/2026, 4:43:26 PM | Confidential - redistribution prohibited"
"Nov 2021","Domestic Debt","4,008,077,300,000","Rock Investment Bank | Licensed to kironjiemmanuel@gmail.com | Ref RIB-0E0466ECD65B | 10/6/2026, 4:43:26 PM | Confidential - redistribution prohibited"
"Oct 2021","External Debt","4,083,124,540,000","Rock Investment Bank | Licensed to kironjiemmanuel@gmail.com | Ref RIB-0E0466ECD65B | 10/6/2026, 4:43:26 PM | Confidential - redistribution prohibited"
"Oct 2021","Domestic Debt","3,959,523,300,000","Rock Investment Bank | Licensed to kironjiemmanuel@gmail.com | Ref RIB-0E0466ECD65B | 10/6/2026, 4:43:26 PM | Confidential - redistribution prohibited"
"Sep 2021","External Debt","4,062,504,780,000","Rock Investment Bank | Licensed to kironjiemmanuel@gmail.com | Ref RIB-0E0466ECD65B | 10/6/2026, 4:43:26 PM | Confidential - redistribution prohibited"
"Sep 2021","Domestic Debt","3,937,777,450,000","Rock Investment Bank | Licensed to kironjiemmanuel@gmail.com | Ref RIB-0E0466ECD65B | 10/6/2026, 4:43:26 PM | Confidential - redistribution prohibited"
"Aug 2021","External Debt","4,054,862,850,000","Rock Investment Bank | Licensed to kironjiemmanuel@gmail.com | Ref RIB-0E0466ECD65B | 10/6/2026, 4:43:26 PM | Confidential - redistribution prohibited"
"Aug 2021","Domestic Debt","3,864,875,780,000","Rock Investment Bank | Licensed to kironjiemmanuel@gmail.com | Ref RIB-0E0466ECD65B | 10/6/2026, 4:43:26 PM | Confidential - redistribution prohibited"
"Jul 2021","External Debt","4,020,629,300,000","Rock Investment Bank | Licensed to kironjiemmanuel@gmail.com | Ref RIB-0E0466ECD65B | 10/6/2026, 4:43:26 PM | Confidential - redistribution prohibited"
"Jul 2021","Domestic Debt","3,792,146,890,000","Rock Investment Bank | Licensed to kironjiemmanuel@gmail.com | Ref RIB-0E0466ECD65B | 10/6/2026, 4:43:26 PM | Confidential - redistribution prohibited"
"Jun 2021","External Debt","3,999,542,000,000","Rock Investment Bank | Licensed to kironjiemmanuel@gmail.com | Ref RIB-0E0466ECD65B | 10/6/2026, 4:43:26 PM | Confidential - redistribution prohibited"
"Jun 2021","Domestic Debt","3,697,093,180,000","Rock Investment Bank | Licensed to kironjiemmanuel@gmail.com | Ref RIB-0E0466ECD65B | 10/6/2026, 4:43:26 PM | Confidential - redistribution prohibited"
"May 2021","External Debt","3,799,018,810,000","Rock Investment Bank | Licensed to kironjiemmanuel@gmail.com | Ref RIB-0E0466ECD65B | 10/6/2026, 4:43:26 PM | Confidential - redistribution prohibited"
"May 2021","Domestic Debt","3,686,891,720,000","Rock Investment Bank | Licensed to kironjiemmanuel@gmail.com | Ref RIB-0E0466ECD65B | 10/6/2026, 4:43:26 PM | Confidential - redistribution prohibited"
"Apr 2021","External Debt","3,778,131,440,000","Rock Investment Bank | Licensed to kironjiemmanuel@gmail.com | Ref RIB-0E0466ECD65B | 10/6/2026, 4:43:26 PM | Confidential - redistribution prohibited"
"Apr 2021","Domestic Debt","3,632,914,800,000","Rock Investment Bank | Licensed to kironjiemmanuel@gmail.com | Ref RIB-0E0466ECD65B | 10/6/2026, 4:43:26 PM | Confidential - redistribution prohibited"
"Mar 2021","External Debt","3,769,866,740,000","Rock Investment Bank | Licensed to kironjiemmanuel@gmail.com | Ref RIB-0E0466ECD65B | 10/6/2026, 4:43:26 PM | Confidential - redistribution prohibited"
"Mar 2021","Domestic Debt","3,569,840,570,000","Rock Investment Bank | Licensed to kironjiemmanuel@gmail.com | Ref RIB-0E0466ECD65B | 10/6/2026, 4:43:26 PM | Confidential - redistribution prohibited"
"Feb 2021","External Debt","3,814,288,770,000","Rock Investment Bank | Licensed to kironjiemmanuel@gmail.com | Ref RIB-0E0466ECD65B | 10/6/2026, 4:43:26 PM | Confidential - redistribution prohibited"
"Feb 2021","Domestic Debt","3,531,182,930,000","Rock Investment Bank | Licensed to kironjiemmanuel@gmail.com | Ref RIB-0E0466ECD65B | 10/6/2026, 4:43:26 PM | Confidential - redistribution prohibited"
"Jan 2021","External Debt","3,819,699,660,000","Rock Investment Bank | Licensed to kironjiemmanuel@gmail.com | Ref RIB-0E0466ECD65B | 10/6/2026, 4:43:26 PM | Confidential - redistribution prohibited"
"Jan 2021","Domestic Debt","3,532,561,520,000","Rock Investment Bank | Licensed to kironjiemmanuel@gmail.com | Ref RIB-0E0466ECD65B | 10/6/2026, 4:43:26 PM | Confidential - redistribution prohibited"
"Dec 2020","External Debt","3,793,285,240,000","Rock Investment Bank | Licensed to kironjiemmanuel@gmail.com | Ref RIB-0E0466ECD65B | 10/6/2026, 4:43:26 PM | Confidential - redistribution prohibited"
"Dec 2020","Domestic Debt","3,488,541,180,000","Rock Investment Bank | Licensed to kironjiemmanuel@gmail.com | Ref RIB-0E0466ECD65B | 10/6/2026, 4:43:26 PM | Confidential - redistribution prohibited"
"Nov 2020","External Debt","3,771,808,470,000","Rock Investment Bank | Licensed to kironjiemmanuel@gmail.com | Ref RIB-0E0466ECD65B | 10/6/2026, 4:43:26 PM | Confidential - redistribution prohibited"
"Nov 2020","Domestic Debt","3,482,653,560,000","Rock Investment Bank | Licensed to kironjiemmanuel@gmail.com | Ref RIB-0E0466ECD65B | 10/6/2026, 4:43:26 PM | Confidential - redistribution prohibited"
"Oct 2020","External Debt","3,705,644,240,000","Rock Investment Bank | Licensed to kironjiemmanuel@gmail.com | Ref RIB-0E0466ECD65B | 10/6/2026, 4:43:26 PM | Confidential - redistribution prohibited"
"Oct 2020","Domestic Debt","3,457,644,630,000","Rock Investment Bank | Licensed to kironjiemmanuel@gmail.com | Ref RIB-0E0466ECD65B | 10/6/2026, 4:43:26 PM | Confidential - redistribution prohibited"
"Sep 2020","External Debt","3,663,491,220,000","Rock Investment Bank | Licensed to kironjiemmanuel@gmail.com | Ref RIB-0E0466ECD65B | 10/6/2026, 4:43:26 PM | Confidential - redistribution prohibited"
"Sep 2020","Domestic Debt","3,457,106,500,000","Rock Investment Bank | Licensed to kironjiemmanuel@gmail.com | Ref RIB-0E0466ECD65B | 10/6/2026, 4:43:26 PM | Confidential - redistribution prohibited"
"Aug 2020","External Debt","3,666,321,290,000","Rock Investment Bank | Licensed to kironjiemmanuel@gmail.com | Ref RIB-0E0466ECD65B | 10/6/2026, 4:43:26 PM | Confidential - redistribution prohibited"
"Aug 2020","Domestic Debt","3,402,500,730,000","Rock Investment Bank | Licensed to kironjiemmanuel@gmail.com | Ref RIB-0E0466ECD65B | 10/6/2026, 4:43:26 PM | Confidential - redistribution prohibited"
"Jul 2020","External Debt","3,638,506,490,000","Rock Investment Bank | Licensed to kironjiemmanuel@gmail.com | Ref RIB-0E0466ECD65B | 10/6/2026, 4:43:26 PM | Confidential - redistribution prohibited"
"Jul 2020","Domestic Debt","3,273,551,440,000","Rock Investment Bank | Licensed to kironjiemmanuel@gmail.com | Ref RIB-0E0466ECD65B | 10/6/2026, 4:43:26 PM | Confidential - redistribution prohibited"
"Jun 2020","External Debt","3,515,812,000,000","Rock Investment Bank | Licensed to kironjiemmanuel@gmail.com | Ref RIB-0E0466ECD65B | 10/6/2026, 4:43:26 PM | Confidential - redistribution prohibited"
"Jun 2020","Domestic Debt","3,178,421,280,000","Rock Investment Bank | Licensed to kironjiemmanuel@gmail.com | Ref RIB-0E0466ECD65B | 10/6/2026, 4:43:26 PM | Confidential - redistribution prohibited"
"May 2020","External Debt","3,496,428,840,000","Rock Investment Bank | Licensed to kironjiemmanuel@gmail.com | Ref RIB-0E0466ECD65B | 10/6/2026, 4:43:26 PM | Confidential - redistribution prohibited"
"May 2020","Domestic Debt","3,153,143,940,000","Rock Investment Bank | Licensed to kironjiemmanuel@gmail.com | Ref RIB-0E0466ECD65B | 10/6/2026, 4:43:26 PM | Confidential - redistribution prohibited"
"Apr 2020","External Debt","3,317,330,980,000","Rock Investment Bank | Licensed to kironjiemmanuel@gmail.com | Ref RIB-0E0466ECD65B | 10/6/2026, 4:43:26 PM | Confidential - redistribution prohibited"
"Apr 2020","Domestic Debt","3,119,415,800,000","Rock Investment Bank | Licensed to kironjiemmanuel@gmail.com | Ref RIB-0E0466ECD65B | 10/6/2026, 4:43:26 PM | Confidential - redistribution prohibited"
"Mar 2020","External Debt","3,212,634,230,000","Rock Investment Bank | Licensed to kironjiemmanuel@gmail.com | Ref RIB-0E0466ECD65B | 10/6/2026, 4:43:26 PM | Confidential - redistribution prohibited"
"Mar 2020","Domestic Debt","3,070,189,370,000","Rock Investment Bank | Licensed to kironjiemmanuel@gmail.com | Ref RIB-0E0466ECD65B | 10/6/2026, 4:43:26 PM | Confidential - redistribution prohibited"
"Feb 2020","External Debt","3,117,038,570,000","Rock Investment Bank | Licensed to kironjiemmanuel@gmail.com | Ref RIB-0E0466ECD65B | 10/6/2026, 4:43:26 PM | Confidential - redistribution prohibited"
"Feb 2020","Domestic Debt","3,040,964,550,000","Rock Investment Bank | Licensed to kironjiemmanuel@gmail.com | Ref RIB-0E0466ECD65B | 10/6/2026, 4:43:26 PM | Confidential - redistribution prohibited"
"Jan 2020","External Debt","3,112,897,950,000","Rock Investment Bank | Licensed to kironjiemmanuel@gmail.com | Ref RIB-0E0466ECD65B | 10/6/2026, 4:43:26 PM | Confidential - redistribution prohibited"
"Jan 2020","Domestic Debt","3,003,700,300,000","Rock Investment Bank | Licensed to kironjiemmanuel@gmail.com | Ref RIB-0E0466ECD65B | 10/6/2026, 4:43:26 PM | Confidential - redistribution prohibited"
"Dec 2019","External Debt","3,106,822,960,000","Rock Investment Bank | Licensed to kironjiemmanuel@gmail.com | Ref RIB-0E0466ECD65B | 10/6/2026, 4:43:26 PM | Confidential - redistribution prohibited"
"Dec 2019","Domestic Debt","2,942,103,540,000","Rock Investment Bank | Licensed to kironjiemmanuel@gmail.com | Ref RIB-0E0466ECD65B | 10/6/2026, 4:43:26 PM | Confidential - redistribution prohibited"
"Nov 2019","External Debt","3,114,959,690,000","Rock Investment Bank | Licensed to kironjiemmanuel@gmail.com | Ref RIB-0E0466ECD65B | 10/6/2026, 4:43:26 PM | Confidential - redistribution prohibited"
"Nov 2019","Domestic Debt","2,917,362,280,000","Rock Investment Bank | Licensed to kironjiemmanuel@gmail.com | Ref RIB-0E0466ECD65B | 10/6/2026, 4:43:26 PM | Confidential - redistribution prohibited"
"Oct 2019","External Debt","3,127,601,250,000","Rock Investment Bank | Licensed to kironjiemmanuel@gmail.com | Ref RIB-0E0466ECD65B | 10/6/2026, 4:43:26 PM | Confidential - redistribution prohibited"
"Oct 2019","Domestic Debt","2,897,141,360,000","Rock Investment Bank | Licensed to kironjiemmanuel@gmail.com | Ref RIB-0E0466ECD65B | 10/6/2026, 4:43:26 PM | Confidential - redistribution prohibited"
"Sep 2019","External Debt","3,111,767,280,000","Rock Investment Bank | Licensed to kironjiemmanuel@gmail.com | Ref RIB-0E0466ECD65B | 10/6/2026, 4:43:26 PM | Confidential - redistribution prohibited"
"Sep 2019","Domestic Debt","2,851,639,210,000","Rock Investment Bank | Licensed to kironjiemmanuel@gmail.com | Ref RIB-0E0466ECD65B | 10/6/2026, 4:43:26 PM | Confidential - redistribution prohibited"
"Aug 2019","External Debt","3,133,543,340,000","Rock Investment Bank | Licensed to kironjiemmanuel@gmail.com | Ref RIB-0E0466ECD65B | 10/6/2026, 4:43:26 PM | Confidential - redistribution prohibited"
"Aug 2019","Domestic Debt","2,875,502,650,000","Rock Investment Bank | Licensed to kironjiemmanuel@gmail.com | Ref RIB-0E0466ECD65B | 10/6/2026, 4:43:26 PM | Confidential - redistribution prohibited"
"Jul 2019","External Debt","3,160,057,460,000","Rock Investment Bank | Licensed to kironjiemmanuel@gmail.com | Ref RIB-0E0466ECD65B | 10/6/2026, 4:43:26 PM | Confidential - redistribution prohibited"
"Jul 2019","Domestic Debt","2,843,666,890,000","Rock Investment Bank | Licensed to kironjiemmanuel@gmail.com | Ref RIB-0E0466ECD65B | 10/6/2026, 4:43:26 PM | Confidential - redistribution prohibited"
"Jun 2019","Domestic Debt","2,785,483,130,000","Rock Investment Bank | Licensed to kironjiemmanuel@gmail.com | Ref RIB-0E0466ECD65B | 10/6/2026, 4:43:26 PM | Confidential - redistribution prohibited"
"Jun 2019","External Debt","3,023,139,470,000","Rock Investment Bank | Licensed to kironjiemmanuel@gmail.com | Ref RIB-0E0466ECD65B | 10/6/2026, 4:43:26 PM | Confidential - redistribution prohibited"
"May 2019","Domestic Debt","2,772,613,710,000","Rock Investment Bank | Licensed to kironjiemmanuel@gmail.com | Ref RIB-0E0466ECD65B | 10/6/2026, 4:43:26 PM | Confidential - redistribution prohibited"
"May 2019","External Debt","2,834,844,040,000","Rock Investment Bank | Licensed to kironjiemmanuel@gmail.com | Ref RIB-0E0466ECD65B | 10/6/2026, 4:43:26 PM | Confidential - redistribution prohibited"
"Apr 2019","Domestic Debt","2,740,905,640,000","Rock Investment Bank | Licensed to kironjiemmanuel@gmail.com | Ref RIB-0E0466ECD65B | 10/6/2026, 4:43:26 PM | Confidential - redistribution prohibited"
"Apr 2019","External Debt","2,842,481,020,000","Rock Investment Bank | Licensed to kironjiemmanuel@gmail.com | Ref RIB-0E0466ECD65B | 10/6/2026, 4:43:26 PM | Confidential - redistribution prohibited"
"Mar 2019","Domestic Debt","2,702,933,270,000","Rock Investment Bank | Licensed to kironjiemmanuel@gmail.com | Ref RIB-0E0466ECD65B | 10/6/2026, 4:43:26 PM | Confidential - redistribution prohibited"
"Mar 2019","External Debt","2,721,597,460,000","Rock Investment Bank | Licensed to kironjiemmanuel@gmail.com | Ref RIB-0E0466ECD65B | 10/6/2026, 4:43:26 PM | Confidential - redistribution prohibited"
"Feb 2019","Domestic Debt","2,690,972,030,000","Rock Investment Bank | Licensed to kironjiemmanuel@gmail.com | Ref RIB-0E0466ECD65B | 10/6/2026, 4:43:26 PM | Confidential - redistribution prohibited"
"Feb 2019","External Debt","2,707,287,170,000","Rock Investment Bank | Licensed to kironjiemmanuel@gmail.com | Ref RIB-0E0466ECD65B | 10/6/2026, 4:43:26 PM | Confidential - redistribution prohibited"
"Jan 2019","Domestic Debt","2,604,189,400,000","Rock Investment Bank | Licensed to kironjiemmanuel@gmail.com | Ref RIB-0E0466ECD65B | 10/6/2026, 4:43:26 PM | Confidential - redistribution prohibited"
"Jan 2019","External Debt","2,729,478,570,000","Rock Investment Bank | Licensed to kironjiemmanuel@gmail.com | Ref RIB-0E0466ECD65B | 10/6/2026, 4:43:26 PM | Confidential - redistribution prohibited"
"Dec 2018","Domestic Debt","2,548,768,780,000","Rock Investment Bank | Licensed to kironjiemmanuel@gmail.com | Ref RIB-0E0466ECD65B | 10/6/2026, 4:43:26 PM | Confidential - redistribution prohibited"
"Dec 2018","External Debt","2,723,734,270,000","Rock Investment Bank | Licensed to kironjiemmanuel@gmail.com | Ref RIB-0E0466ECD65B | 10/6/2026, 4:43:26 PM | Confidential - redistribution prohibited"
"Nov 2018","Domestic Debt","2,563,418,630,000","Rock Investment Bank | Licensed to kironjiemmanuel@gmail.com | Ref RIB-0E0466ECD65B | 10/6/2026, 4:43:26 PM | Confidential - redistribution prohibited"
"Nov 2018","External Debt","2,709,008,390,000","Rock Investment Bank | Licensed to kironjiemmanuel@gmail.com | Ref RIB-0E0466ECD65B | 10/6/2026, 4:43:26 PM | Confidential - redistribution prohibited"
"Oct 2018","Domestic Debt","2,535,751,880,000","Rock Investment Bank | Licensed to kironjiemmanuel@gmail.com | Ref RIB-0E0466ECD65B | 10/6/2026, 4:43:26 PM | Confidential - redistribution prohibited"
"Oct 2018","External Debt","2,654,689,440,000","Rock Investment Bank | Licensed to kironjiemmanuel@gmail.com | Ref RIB-0E0466ECD65B | 10/6/2026, 4:43:26 PM | Confidential - redistribution prohibited"
"Sep 2018","Domestic Debt","2,540,833,730,000","Rock Investment Bank | Licensed to kironjiemmanuel@gmail.com | Ref RIB-0E0466ECD65B | 10/6/2026, 4:43:26 PM | Confidential - redistribution prohibited"
"Sep 2018","External Debt","2,605,334,580,000","Rock Investment Bank | Licensed to kironjiemmanuel@gmail.com | Ref RIB-0E0466ECD65B | 10/6/2026, 4:43:26 PM | Confidential - redistribution prohibited"
"Aug 2018","Domestic Debt","2,493,706,780,000","Rock Investment Bank | Licensed to kironjiemmanuel@gmail.com | Ref RIB-0E0466ECD65B | 10/6/2026, 4:43:26 PM | Confidential - redistribution prohibited"
"Aug 2018","External Debt","2,611,403,100,000","Rock Investment Bank | Licensed to kironjiemmanuel@gmail.com | Ref RIB-0E0466ECD65B | 10/6/2026, 4:43:26 PM | Confidential - redistribution prohibited"
"Jul 2018","Domestic Debt","2,513,046,500,000","Rock Investment Bank | Licensed to kironjiemmanuel@gmail.com | Ref RIB-0E0466ECD65B | 10/6/2026, 4:43:26 PM | Confidential - redistribution prohibited"
"Jul 2018","External Debt","2,601,071,150,000","Rock Investment Bank | Licensed to kironjiemmanuel@gmail.com | Ref RIB-0E0466ECD65B | 10/6/2026, 4:43:26 PM | Confidential - redistribution prohibited"
"Jun 2018","Domestic Debt","2,478,835,090,000","Rock Investment Bank | Licensed to kironjiemmanuel@gmail.com | Ref RIB-0E0466ECD65B | 10/6/2026, 4:43:26 PM | Confidential - redistribution prohibited"
"Jun 2018","External Debt","2,568,398,700,000","Rock Investment Bank | Licensed to kironjiemmanuel@gmail.com | Ref RIB-0E0466ECD65B | 10/6/2026, 4:43:26 PM | Confidential - redistribution prohibited"
"May 2018","Domestic Debt","2,447,575,210,000","Rock Investment Bank | Licensed to kironjiemmanuel@gmail.com | Ref RIB-0E0466ECD65B | 10/6/2026, 4:43:26 PM | Confidential - redistribution prohibited"
"May 2018","External Debt","2,573,126,230,000","Rock Investment Bank | Licensed to kironjiemmanuel@gmail.com | Ref RIB-0E0466ECD65B | 10/6/2026, 4:43:26 PM | Confidential - redistribution prohibited"
"Apr 2018","Domestic Debt","2,415,234,640,000","Rock Investment Bank | Licensed to kironjiemmanuel@gmail.com | Ref RIB-0E0466ECD65B | 10/6/2026, 4:43:26 PM | Confidential - redistribution prohibited"
"Apr 2018","External Debt","2,562,178,530,000","Rock Investment Bank | Licensed to kironjiemmanuel@gmail.com | Ref RIB-0E0466ECD65B | 10/6/2026, 4:43:26 PM | Confidential - redistribution prohibited"
"Mar 2018","Domestic Debt","2,371,650,530,000","Rock Investment Bank | Licensed to kironjiemmanuel@gmail.com | Ref RIB-0E0466ECD65B | 10/6/2026, 4:43:26 PM | Confidential - redistribution prohibited"
"Mar 2018","External Debt","2,512,430,940,000","Rock Investment Bank | Licensed to kironjiemmanuel@gmail.com | Ref RIB-0E0466ECD65B | 10/6/2026, 4:43:26 PM | Confidential - redistribution prohibited"
"Feb 2018","Domestic Debt","2,338,213,710,000","Rock Investment Bank | Licensed to kironjiemmanuel@gmail.com | Ref RIB-0E0466ECD65B | 10/6/2026, 4:43:26 PM | Confidential - redistribution prohibited"
"Feb 2018","External Debt","2,563,074,050,000","Rock Investment Bank | Licensed to kironjiemmanuel@gmail.com | Ref RIB-0E0466ECD65B | 10/6/2026, 4:43:26 PM | Confidential - redistribution prohibited"
"Jan 2018","Domestic Debt","2,247,295,020,000","Rock Investment Bank | Licensed to kironjiemmanuel@gmail.com | Ref RIB-0E0466ECD65B | 10/6/2026, 4:43:26 PM | Confidential - redistribution prohibited"
"Jan 2018","External Debt","2,377,522,470,000","Rock Investment Bank | Licensed to kironjiemmanuel@gmail.com | Ref RIB-0E0466ECD65B | 10/6/2026, 4:43:26 PM | Confidential - redistribution prohibited"
"Dec 2017","Domestic Debt","2,220,345,350,000","Rock Investment Bank | Licensed to kironjiemmanuel@gmail.com | Ref RIB-0E0466ECD65B | 10/6/2026, 4:43:26 PM | Confidential - redistribution prohibited"
"Dec 2017","External Debt","2,349,284,440,000","Rock Investment Bank | Licensed to kironjiemmanuel@gmail.com | Ref RIB-0E0466ECD65B | 10/6/2026, 4:43:26 PM | Confidential - redistribution prohibited"
"Nov 2017","Domestic Debt","2,228,429,020,000","Rock Investment Bank | Licensed to kironjiemmanuel@gmail.com | Ref RIB-0E0466ECD65B | 10/6/2026, 4:43:26 PM | Confidential - redistribution prohibited"
"Nov 2017","External Debt","2,357,226,480,000","Rock Investment Bank | Licensed to kironjiemmanuel@gmail.com | Ref RIB-0E0466ECD65B | 10/6/2026, 4:43:26 PM | Confidential - redistribution prohibited"
"Oct 2017","Domestic Debt","2,188,509,460,000","Rock Investment Bank | Licensed to kironjiemmanuel@gmail.com | Ref RIB-0E0466ECD65B | 10/6/2026, 4:43:26 PM | Confidential - redistribution prohibited"
"Oct 2017","External Debt","2,353,124,930,000","Rock Investment Bank | Licensed to kironjiemmanuel@gmail.com | Ref RIB-0E0466ECD65B | 10/6/2026, 4:43:26 PM | Confidential - redistribution prohibited"
"Sep 2017","Domestic Debt","2,172,835,140,000","Rock Investment Bank | Licensed to kironjiemmanuel@gmail.com | Ref RIB-0E0466ECD65B | 10/6/2026, 4:43:26 PM | Confidential - redistribution prohibited"
"Sep 2017","External Debt","2,310,198,990,000","Rock Investment Bank | Licensed to kironjiemmanuel@gmail.com | Ref RIB-0E0466ECD65B | 10/6/2026, 4:43:26 PM | Confidential - redistribution prohibited"
"Aug 2017","Domestic Debt","2,135,933,940,000","Rock Investment Bank | Licensed to kironjiemmanuel@gmail.com | Ref RIB-0E0466ECD65B | 10/6/2026, 4:43:26 PM | Confidential - redistribution prohibited"
"Aug 2017","External Debt","2,309,775,390,000","Rock Investment Bank | Licensed to kironjiemmanuel@gmail.com | Ref RIB-0E0466ECD65B | 10/6/2026, 4:43:26 PM | Confidential - redistribution prohibited"
"Jul 2017","Domestic Debt","2,123,788,590,000","Rock Investment Bank | Licensed to kironjiemmanuel@gmail.com | Ref RIB-0E0466ECD65B | 10/6/2026, 4:43:26 PM | Confidential - redistribution prohibited"
"Jul 2017","External Debt","2,305,538,330,000","Rock Investment Bank | Licensed to kironjiemmanuel@gmail.com | Ref RIB-0E0466ECD65B | 10/6/2026, 4:43:26 PM | Confidential - redistribution prohibited"
"Jun 2017","Domestic Debt","2,111,710,440,000","Rock Investment Bank | Licensed to kironjiemmanuel@gmail.com | Ref RIB-0E0466ECD65B | 10/6/2026, 4:43:26 PM | Confidential - redistribution prohibited"
"Jun 2017","External Debt","2,294,153,000,000","Rock Investment Bank | Licensed to kironjiemmanuel@gmail.com | Ref RIB-0E0466ECD65B | 10/6/2026, 4:43:26 PM | Confidential - redistribution prohibited"
"May 2017","Domestic Debt","2,045,471,630,000","Rock Investment Bank | Licensed to kironjiemmanuel@gmail.com | Ref RIB-0E0466ECD65B | 10/6/2026, 4:43:26 PM | Confidential - redistribution prohibited"
"May 2017","External Debt","2,187,224,330,000","Rock Investment Bank | Licensed to kironjiemmanuel@gmail.com | Ref RIB-0E0466ECD65B | 10/6/2026, 4:43:26 PM | Confidential - redistribution prohibited"
"Apr 2017","Domestic Debt","1,979,865,650,000","Rock Investment Bank | Licensed to kironjiemmanuel@gmail.com | Ref RIB-0E0466ECD65B | 10/6/2026, 4:43:26 PM | Confidential - redistribution prohibited"
"Apr 2017","External Debt","2,167,254,830,000","Rock Investment Bank | Licensed to kironjiemmanuel@gmail.com | Ref RIB-0E0466ECD65B | 10/6/2026, 4:43:26 PM | Confidential - redistribution prohibited"
"Mar 2017","Domestic Debt","1,944,953,400,000","Rock Investment Bank | Licensed to kironjiemmanuel@gmail.com | Ref RIB-0E0466ECD65B | 10/6/2026, 4:43:26 PM | Confidential - redistribution prohibited"
"Mar 2017","External Debt","2,159,068,940,000","Rock Investment Bank | Licensed to kironjiemmanuel@gmail.com | Ref RIB-0E0466ECD65B | 10/6/2026, 4:43:26 PM | Confidential - redistribution prohibited"
"Feb 2017","Domestic Debt","1,901,820,240,000","Rock Investment Bank | Licensed to kironjiemmanuel@gmail.com | Ref RIB-0E0466ECD65B | 10/6/2026, 4:43:26 PM | Confidential - redistribution prohibited"
"Feb 2017","External Debt","1,993,173,800,000","Rock Investment Bank | Licensed to kironjiemmanuel@gmail.com | Ref RIB-0E0466ECD65B | 10/6/2026, 4:43:26 PM | Confidential - redistribution prohibited"
"Jan 2017","Domestic Debt","1,894,094,990,000","Rock Investment Bank | Licensed to kironjiemmanuel@gmail.com | Ref RIB-0E0466ECD65B | 10/6/2026, 4:43:26 PM | Confidential - redistribution prohibited"
"Jan 2017","External Debt","1,992,795,150,000","Rock Investment Bank | Licensed to kironjiemmanuel@gmail.com | Ref RIB-0E0466ECD65B | 10/6/2026, 4:43:26 PM | Confidential - redistribution prohibited"
"Dec 2016","Domestic Debt","1,930,855,010,000","Rock Investment Bank | Licensed to kironjiemmanuel@gmail.com | Ref RIB-0E0466ECD65B | 10/6/2026, 4:43:26 PM | Confidential - redistribution prohibited"
"Dec 2016","External Debt","1,896,443,050,000","Rock Investment Bank | Licensed to kironjiemmanuel@gmail.com | Ref RIB-0E0466ECD65B | 10/6/2026, 4:43:26 PM | Confidential - redistribution prohibited"
"Nov 2016","Domestic Debt","1,918,656,990,000","Rock Investment Bank | Licensed to kironjiemmanuel@gmail.com | Ref RIB-0E0466ECD65B | 10/6/2026, 4:43:26 PM | Confidential - redistribution prohibited"
"Nov 2016","External Debt","1,834,914,330,000","Rock Investment Bank | Licensed to kironjiemmanuel@gmail.com | Ref RIB-0E0466ECD65B | 10/6/2026, 4:43:26 PM | Confidential - redistribution prohibited"
"Oct 2016","Domestic Debt","1,872,102,820,000","Rock Investment Bank | Licensed to kironjiemmanuel@gmail.com | Ref RIB-0E0466ECD65B | 10/6/2026, 4:43:26 PM | Confidential - redistribution prohibited"
"Oct 2016","External Debt","1,844,474,950,000","Rock Investment Bank | Licensed to kironjiemmanuel@gmail.com | Ref RIB-0E0466ECD65B | 10/6/2026, 4:43:26 PM | Confidential - redistribution prohibited"
"Sep 2016","Domestic Debt","1,854,554,560,000","Rock Investment Bank | Licensed to kironjiemmanuel@gmail.com | Ref RIB-0E0466ECD65B | 10/6/2026, 4:43:26 PM | Confidential - redistribution prohibited"
"Sep 2016","External Debt","1,849,019,870,000","Rock Investment Bank | Licensed to kironjiemmanuel@gmail.com | Ref RIB-0E0466ECD65B | 10/6/2026, 4:43:26 PM | Confidential - redistribution prohibited"
"Aug 2016","Domestic Debt","1,815,930,730,000","Rock Investment Bank | Licensed to kironjiemmanuel@gmail.com | Ref RIB-0E0466ECD65B | 10/6/2026, 4:43:26 PM | Confidential - redistribution prohibited"
"Aug 2016","External Debt","1,803,260,480,000","Rock Investment Bank | Licensed to kironjiemmanuel@gmail.com | Ref RIB-0E0466ECD65B | 10/6/2026, 4:43:26 PM | Confidential - redistribution prohibited"
"Jul 2016","Domestic Debt","1,808,641,640,000","Rock Investment Bank | Licensed to kironjiemmanuel@gmail.com | Ref RIB-0E0466ECD65B | 10/6/2026, 4:43:26 PM | Confidential - redistribution prohibited"
"Jul 2016","External Debt","1,797,696,380,000","Rock Investment Bank | Licensed to kironjiemmanuel@gmail.com | Ref RIB-0E0466ECD65B | 10/6/2026, 4:43:26 PM | Confidential - redistribution prohibited"
"Jun 2016","Domestic Debt","1,815,470,500,000","Rock Investment Bank | Licensed to kironjiemmanuel@gmail.com | Ref RIB-0E0466ECD65B | 10/6/2026, 4:43:26 PM | Confidential - redistribution prohibited"
"Jun 2016","External Debt","1,796,198,000,000","Rock Investment Bank | Licensed to kironjiemmanuel@gmail.com | Ref RIB-0E0466ECD65B | 10/6/2026, 4:43:26 PM | Confidential - redistribution prohibited"
"May 2016","Domestic Debt","1,750,326,780,000","Rock Investment Bank | Licensed to kironjiemmanuel@gmail.com | Ref RIB-0E0466ECD65B | 10/6/2026, 4:43:26 PM | Confidential - redistribution prohibited"
"May 2016","External Debt","1,680,631,830,000","Rock Investment Bank | Licensed to kironjiemmanuel@gmail.com | Ref RIB-0E0466ECD65B | 10/6/2026, 4:43:26 PM | Confidential - redistribution prohibited"
"Apr 2016","Domestic Debt","1,689,039,250,000","Rock Investment Bank | Licensed to kironjiemmanuel@gmail.com | Ref RIB-0E0466ECD65B | 10/6/2026, 4:43:26 PM | Confidential - redistribution prohibited"
"Apr 2016","External Debt","1,685,269,160,000","Rock Investment Bank | Licensed to kironjiemmanuel@gmail.com | Ref RIB-0E0466ECD65B | 10/6/2026, 4:43:26 PM | Confidential - redistribution prohibited"
"Mar 2016","Domestic Debt","1,646,527,480,000","Rock Investment Bank | Licensed to kironjiemmanuel@gmail.com | Ref RIB-0E0466ECD65B | 10/6/2026, 4:43:26 PM | Confidential - redistribution prohibited"
"Mar 2016","External Debt","1,665,578,040,000","Rock Investment Bank | Licensed to kironjiemmanuel@gmail.com | Ref RIB-0E0466ECD65B | 10/6/2026, 4:43:26 PM | Confidential - redistribution prohibited"
"Feb 2016","Domestic Debt","1,605,227,980,000","Rock Investment Bank | Licensed to kironjiemmanuel@gmail.com | Ref RIB-0E0466ECD65B | 10/6/2026, 4:43:26 PM | Confidential - redistribution prohibited"
"Feb 2016","External Debt","1,646,555,210,000","Rock Investment Bank | Licensed to kironjiemmanuel@gmail.com | Ref RIB-0E0466ECD65B | 10/6/2026, 4:43:26 PM | Confidential - redistribution prohibited"
"Jan 2016","Domestic Debt","1,522,769,880,000","Rock Investment Bank | Licensed to kironjiemmanuel@gmail.com | Ref RIB-0E0466ECD65B | 10/6/2026, 4:43:26 PM | Confidential - redistribution prohibited"
"Jan 2016","External Debt","1,654,744,490,000","Rock Investment Bank | Licensed to kironjiemmanuel@gmail.com | Ref RIB-0E0466ECD65B | 10/6/2026, 4:43:26 PM | Confidential - redistribution prohibited"
"Dec 2015","Domestic Debt","1,540,017,000,000","Rock Investment Bank | Licensed to kironjiemmanuel@gmail.com | Ref RIB-0E0466ECD65B | 10/6/2026, 4:43:26 PM | Confidential - redistribution prohibited"
"Dec 2015","External Debt","1,615,184,200,000","Rock Investment Bank | Licensed to kironjiemmanuel@gmail.com | Ref RIB-0E0466ECD65B | 10/6/2026, 4:43:26 PM | Confidential - redistribution prohibited"
"Nov 2015","Domestic Debt","1,516,373,470,000","Rock Investment Bank | Licensed to kironjiemmanuel@gmail.com | Ref RIB-0E0466ECD65B | 10/6/2026, 4:43:26 PM | Confidential - redistribution prohibited"
"Nov 2015","External Debt","1,562,515,560,000","Rock Investment Bank | Licensed to kironjiemmanuel@gmail.com | Ref RIB-0E0466ECD65B | 10/6/2026, 4:43:26 PM | Confidential - redistribution prohibited"
"Oct 2015","Domestic Debt","1,454,245,390,000","Rock Investment Bank | Licensed to kironjiemmanuel@gmail.com | Ref RIB-0E0466ECD65B | 10/6/2026, 4:43:26 PM | Confidential - redistribution prohibited"
"Oct 2015","External Debt","1,490,713,760,000","Rock Investment Bank | Licensed to kironjiemmanuel@gmail.com | Ref RIB-0E0466ECD65B | 10/6/2026, 4:43:26 PM | Confidential - redistribution prohibited"
"Sep 2015","Domestic Debt","1,388,262,310,000","Rock Investment Bank | Licensed to kironjiemmanuel@gmail.com | Ref RIB-0E0466ECD65B | 10/6/2026, 4:43:26 PM | Confidential - redistribution prohibited"
"Sep 2015","External Debt","1,550,232,740,000","Rock Investment Bank | Licensed to kironjiemmanuel@gmail.com | Ref RIB-0E0466ECD65B | 10/6/2026, 4:43:26 PM | Confidential - redistribution prohibited"
"Aug 2015","Domestic Debt","1,403,100,200,000","Rock Investment Bank | Licensed to kironjiemmanuel@gmail.com | Ref RIB-0E0466ECD65B | 10/6/2026, 4:43:26 PM | Confidential - redistribution prohibited"
"Aug 2015","External Debt","1,530,678,610,000","Rock Investment Bank | Licensed to kironjiemmanuel@gmail.com | Ref RIB-0E0466ECD65B | 10/6/2026, 4:43:26 PM | Confidential - redistribution prohibited"
"Jul 2015","Domestic Debt","1,418,568,230,000","Rock Investment Bank | Licensed to kironjiemmanuel@gmail.com | Ref RIB-0E0466ECD65B | 10/6/2026, 4:43:26 PM | Confidential - redistribution prohibited"
"Jul 2015","External Debt","1,473,143,700,000","Rock Investment Bank | Licensed to kironjiemmanuel@gmail.com | Ref RIB-0E0466ECD65B | 10/6/2026, 4:43:26 PM | Confidential - redistribution prohibited"
"Jun 2015","Domestic Debt","1,420,444,380,000","Rock Investment Bank | Licensed to kironjiemmanuel@gmail.com | Ref RIB-0E0466ECD65B | 10/6/2026, 4:43:26 PM | Confidential - redistribution prohibited"
"Jun 2015","External Debt","1,423,253,000,000","Rock Investment Bank | Licensed to kironjiemmanuel@gmail.com | Ref RIB-0E0466ECD65B | 10/6/2026, 4:43:26 PM | Confidential - redistribution prohibited"
"May 2015","Domestic Debt","1,407,811,190,000","Rock Investment Bank | Licensed to kironjiemmanuel@gmail.com | Ref RIB-0E0466ECD65B | 10/6/2026, 4:43:26 PM | Confidential - redistribution prohibited"
"May 2015","External Debt","1,381,156,980,000","Rock Investment Bank | Licensed to kironjiemmanuel@gmail.com | Ref RIB-0E0466ECD65B | 10/6/2026, 4:43:26 PM | Confidential - redistribution prohibited"
"Apr 2015","Domestic Debt","1,415,431,510,000","Rock Investment Bank | Licensed to kironjiemmanuel@gmail.com | Ref RIB-0E0466ECD65B | 10/6/2026, 4:43:26 PM | Confidential - redistribution prohibited"
"Apr 2015","External Debt","1,326,835,190,000","Rock Investment Bank | Licensed to kironjiemmanuel@gmail.com | Ref RIB-0E0466ECD65B | 10/6/2026, 4:43:26 PM | Confidential - redistribution prohibited"
"Mar 2015","Domestic Debt","1,397,125,720,000","Rock Investment Bank | Licensed to kironjiemmanuel@gmail.com | Ref RIB-0E0466ECD65B | 10/6/2026, 4:43:26 PM | Confidential - redistribution prohibited"
"Mar 2015","External Debt","1,278,107,870,000","Rock Investment Bank | Licensed to kironjiemmanuel@gmail.com | Ref RIB-0E0466ECD65B | 10/6/2026, 4:43:26 PM | Confidential - redistribution prohibited"
"Feb 2015","Domestic Debt","1,353,302,650,000","Rock Investment Bank | Licensed to kironjiemmanuel@gmail.com | Ref RIB-0E0466ECD65B | 10/6/2026, 4:43:26 PM | Confidential - redistribution prohibited"
"Feb 2015","External Debt","1,296,748,460,000","Rock Investment Bank | Licensed to kironjiemmanuel@gmail.com | Ref RIB-0E0466ECD65B | 10/6/2026, 4:43:26 PM | Confidential - redistribution prohibited"
"Jan 2015","Domestic Debt","1,334,642,800,000","Rock Investment Bank | Licensed to kironjiemmanuel@gmail.com | Ref RIB-0E0466ECD65B | 10/6/2026, 4:43:26 PM | Confidential - redistribution prohibited"
"Jan 2015","External Debt","1,163,350,790,000","Rock Investment Bank | Licensed to kironjiemmanuel@gmail.com | Ref RIB-0E0466ECD65B | 10/6/2026, 4:43:26 PM | Confidential - redistribution prohibited"
"Dec 2014","Domestic Debt","1,307,748,710,000","Rock Investment Bank | Licensed to kironjiemmanuel@gmail.com | Ref RIB-0E0466ECD65B | 10/6/2026, 4:43:26 PM | Confidential - redistribution prohibited"
"Dec 2014","External Debt","1,170,696,280,000","Rock Investment Bank | Licensed to kironjiemmanuel@gmail.com | Ref RIB-0E0466ECD65B | 10/6/2026, 4:43:26 PM | Confidential - redistribution prohibited"
"Nov 2014","Domestic Debt","1,303,363,310,000","Rock Investment Bank | Licensed to kironjiemmanuel@gmail.com | Ref RIB-0E0466ECD65B | 10/6/2026, 4:43:26 PM | Confidential - redistribution prohibited"
"Nov 2014","External Debt","1,088,951,540,000","Rock Investment Bank | Licensed to kironjiemmanuel@gmail.com | Ref RIB-0E0466ECD65B | 10/6/2026, 4:43:26 PM | Confidential - redistribution prohibited"
"Oct 2014","Domestic Debt","1,254,913,420,000","Rock Investment Bank | Licensed to kironjiemmanuel@gmail.com | Ref RIB-0E0466ECD65B | 10/6/2026, 4:43:26 PM | Confidential - redistribution prohibited"
"Oct 2014","External Debt","1,088,832,150,000","Rock Investment Bank | Licensed to kironjiemmanuel@gmail.com | Ref RIB-0E0466ECD65B | 10/6/2026, 4:43:26 PM | Confidential - redistribution prohibited"
"Sep 2014","Domestic Debt","1,260,874,560,000","Rock Investment Bank | Licensed to kironjiemmanuel@gmail.com | Ref RIB-0E0466ECD65B | 10/6/2026, 4:43:26 PM | Confidential - redistribution prohibited"
"Sep 2014","External Debt","1,087,827,670,000","Rock Investment Bank | Licensed to kironjiemmanuel@gmail.com | Ref RIB-0E0466ECD65B | 10/6/2026, 4:43:26 PM | Confidential - redistribution prohibited"
"Aug 2014","Domestic Debt","1,281,093,660,000","Rock Investment Bank | Licensed to kironjiemmanuel@gmail.com | Ref RIB-0E0466ECD65B | 10/6/2026, 4:43:26 PM | Confidential - redistribution prohibited"
"Aug 2014","External Debt","1,090,984,320,000","Rock Investment Bank | Licensed to kironjiemmanuel@gmail.com | Ref RIB-0E0466ECD65B | 10/6/2026, 4:43:26 PM | Confidential - redistribution prohibited"
"Jul 2014","Domestic Debt","1,296,444,730,000","Rock Investment Bank | Licensed to kironjiemmanuel@gmail.com | Ref RIB-0E0466ECD65B | 10/6/2026, 4:43:26 PM | Confidential - redistribution prohibited"
"Jul 2014","External Debt","1,089,655,770,000","Rock Investment Bank | Licensed to kironjiemmanuel@gmail.com | Ref RIB-0E0466ECD65B | 10/6/2026, 4:43:26 PM | Confidential - redistribution prohibited"
"Jun 2014","Domestic Debt","1,284,327,250,000","Rock Investment Bank | Licensed to kironjiemmanuel@gmail.com | Ref RIB-0E0466ECD65B | 10/6/2026, 4:43:26 PM | Confidential - redistribution prohibited"
"Jun 2014","External Debt","1,138,505,000,000","Rock Investment Bank | Licensed to kironjiemmanuel@gmail.com | Ref RIB-0E0466ECD65B | 10/6/2026, 4:43:26 PM | Confidential - redistribution prohibited"
"May 2014","Domestic Debt","1,232,041,550,000","Rock Investment Bank | Licensed to kironjiemmanuel@gmail.com | Ref RIB-0E0466ECD65B | 10/6/2026, 4:43:26 PM | Confidential - redistribution prohibited"
"May 2014","External Debt","957,893,230,000","Rock Investment Bank | Licensed to kironjiemmanuel@gmail.com | Ref RIB-0E0466ECD65B | 10/6/2026, 4:43:26 PM | Confidential - redistribution prohibited"
"Apr 2014","Domestic Debt","1,216,759,230,000","Rock Investment Bank | Licensed to kironjiemmanuel@gmail.com | Ref RIB-0E0466ECD65B | 10/6/2026, 4:43:26 PM | Confidential - redistribution prohibited"
"Apr 2014","External Debt","950,981,150,000","Rock Investment Bank | Licensed to kironjiemmanuel@gmail.com | Ref RIB-0E0466ECD65B | 10/6/2026, 4:43:26 PM | Confidential - redistribution prohibited"
"Mar 2014","Domestic Debt","1,231,183,100,000","Rock Investment Bank | Licensed to kironjiemmanuel@gmail.com | Ref RIB-0E0466ECD65B | 10/6/2026, 4:43:26 PM | Confidential - redistribution prohibited"
"Mar 2014","External Debt","940,402,990,000","Rock Investment Bank | Licensed to kironjiemmanuel@gmail.com | Ref RIB-0E0466ECD65B | 10/6/2026, 4:43:26 PM | Confidential - redistribution prohibited"
"Feb 2014","Domestic Debt","1,229,416,280,000","Rock Investment Bank | Licensed to kironjiemmanuel@gmail.com | Ref RIB-0E0466ECD65B | 10/6/2026, 4:43:26 PM | Confidential - redistribution prohibited"
"Feb 2014","External Debt","937,328,350,000","Rock Investment Bank | Licensed to kironjiemmanuel@gmail.com | Ref RIB-0E0466ECD65B | 10/6/2026, 4:43:26 PM | Confidential - redistribution prohibited"
"Jan 2014","Domestic Debt","1,200,901,860,000","Rock Investment Bank | Licensed to kironjiemmanuel@gmail.com | Ref RIB-0E0466ECD65B | 10/6/2026, 4:43:26 PM | Confidential - redistribution prohibited"
"Jan 2014","External Debt","920,500,710,000","Rock Investment Bank | Licensed to kironjiemmanuel@gmail.com | Ref RIB-0E0466ECD65B | 10/6/2026, 4:43:26 PM | Confidential - redistribution prohibited"
"Dec 2013","External Debt","922,369,150,000","Rock Investment Bank | Licensed to kironjiemmanuel@gmail.com | Ref RIB-0E0466ECD65B | 10/6/2026, 4:43:26 PM | Confidential - redistribution prohibited"
"Dec 2013","Domestic Debt","1,189,182,590,000","Rock Investment Bank | Licensed to kironjiemmanuel@gmail.com | Ref RIB-0E0466ECD65B | 10/6/2026, 4:43:26 PM | Confidential - redistribution prohibited"
"Nov 2013","External Debt","912,234,310,000","Rock Investment Bank | Licensed to kironjiemmanuel@gmail.com | Ref RIB-0E0466ECD65B | 10/6/2026, 4:43:26 PM | Confidential - redistribution prohibited"
"Nov 2013","Domestic Debt","1,170,053,220,000","Rock Investment Bank | Licensed to kironjiemmanuel@gmail.com | Ref RIB-0E0466ECD65B | 10/6/2026, 4:43:26 PM | Confidential - redistribution prohibited"
"Oct 2013","External Debt","887,991,230,000","Rock Investment Bank | Licensed to kironjiemmanuel@gmail.com | Ref RIB-0E0466ECD65B | 10/6/2026, 4:43:26 PM | Confidential - redistribution prohibited"
"Oct 2013","Domestic Debt","1,174,782,270,000","Rock Investment Bank | Licensed to kironjiemmanuel@gmail.com | Ref RIB-0E0466ECD65B | 10/6/2026, 4:43:26 PM | Confidential - redistribution prohibited"
"Sep 2013","External Debt","889,313,510,000","Rock Investment Bank | Licensed to kironjiemmanuel@gmail.com | Ref RIB-0E0466ECD65B | 10/6/2026, 4:43:26 PM | Confidential - redistribution prohibited"
"Sep 2013","Domestic Debt","1,168,115,360,000","Rock Investment Bank | Licensed to kironjiemmanuel@gmail.com | Ref RIB-0E0466ECD65B | 10/6/2026, 4:43:26 PM | Confidential - redistribution prohibited"
"Aug 2013","External Debt","887,560,000,000","Rock Investment Bank | Licensed to kironjiemmanuel@gmail.com | Ref RIB-0E0466ECD65B | 10/6/2026, 4:43:26 PM | Confidential - redistribution prohibited"
"Aug 2013","Domestic Debt","1,116,676,220,000","Rock Investment Bank | Licensed to kironjiemmanuel@gmail.com | Ref RIB-0E0466ECD65B | 10/6/2026, 4:43:26 PM | Confidential - redistribution prohibited"
"Jul 2013","External Debt","875,230,000,000","Rock Investment Bank | Licensed to kironjiemmanuel@gmail.com | Ref RIB-0E0466ECD65B | 10/6/2026, 4:43:26 PM | Confidential - redistribution prohibited"
"Jul 2013","Domestic Debt","1,078,604,000,000","Rock Investment Bank | Licensed to kironjiemmanuel@gmail.com | Ref RIB-0E0466ECD65B | 10/6/2026, 4:43:26 PM | Confidential - redistribution prohibited"
"Jun 2013","External Debt","800,025,000,000","Rock Investment Bank | Licensed to kironjiemmanuel@gmail.com | Ref RIB-0E0466ECD65B | 10/6/2026, 4:43:26 PM | Confidential - redistribution prohibited"
"Jun 2013","Domestic Debt","1,050,628,570,000","Rock Investment Bank | Licensed to kironjiemmanuel@gmail.com | Ref RIB-0E0466ECD65B | 10/6/2026, 4:43:26 PM | Confidential - redistribution prohibited"
"May 2013","External Debt","832,238,140,000","Rock Investment Bank | Licensed to kironjiemmanuel@gmail.com | Ref RIB-0E0466ECD65B | 10/6/2026, 4:43:26 PM | Confidential - redistribution prohibited"
"May 2013","Domestic Debt","1,074,797,690,000","Rock Investment Bank | Licensed to kironjiemmanuel@gmail.com | Ref RIB-0E0466ECD65B | 10/6/2026, 4:43:26 PM | Confidential - redistribution prohibited"
"Apr 2013","External Debt","816,796,560,000","Rock Investment Bank | Licensed to kironjiemmanuel@gmail.com | Ref RIB-0E0466ECD65B | 10/6/2026, 4:43:26 PM | Confidential - redistribution prohibited"
"Apr 2013","Domestic Debt","1,065,609,390,000","Rock Investment Bank | Licensed to kironjiemmanuel@gmail.com | Ref RIB-0E0466ECD65B | 10/6/2026, 4:43:26 PM | Confidential - redistribution prohibited"
"Mar 2013","External Debt","812,700,170,000","Rock Investment Bank | Licensed to kironjiemmanuel@gmail.com | Ref RIB-0E0466ECD65B | 10/6/2026, 4:43:26 PM | Confidential - redistribution prohibited"
"Mar 2013","Domestic Debt","981,910,930,000","Rock Investment Bank | Licensed to kironjiemmanuel@gmail.com | Ref RIB-0E0466ECD65B | 10/6/2026, 4:43:26 PM | Confidential - redistribution prohibited"
"Feb 2013","External Debt","826,267,680,000","Rock Investment Bank | Licensed to kironjiemmanuel@gmail.com | Ref RIB-0E0466ECD65B | 10/6/2026, 4:43:26 PM | Confidential - redistribution prohibited"
"Feb 2013","Domestic Debt","943,750,180,000","Rock Investment Bank | Licensed to kironjiemmanuel@gmail.com | Ref RIB-0E0466ECD65B | 10/6/2026, 4:43:26 PM | Confidential - redistribution prohibited"
"Jan 2013","External Debt","833,609,460,000","Rock Investment Bank | Licensed to kironjiemmanuel@gmail.com | Ref RIB-0E0466ECD65B | 10/6/2026, 4:43:26 PM | Confidential - redistribution prohibited"
"Jan 2013","Domestic Debt","978,335,910,000","Rock Investment Bank | Licensed to kironjiemmanuel@gmail.com | Ref RIB-0E0466ECD65B | 10/6/2026, 4:43:26 PM | Confidential - redistribution prohibited"
"Dec 2012","External Debt","821,972,820,000","Rock Investment Bank | Licensed to kironjiemmanuel@gmail.com | Ref RIB-0E0466ECD65B | 10/6/2026, 4:43:26 PM | Confidential - redistribution prohibited"
"Dec 2012","Domestic Debt","971,265,440,000","Rock Investment Bank | Licensed to kironjiemmanuel@gmail.com | Ref RIB-0E0466ECD65B | 10/6/2026, 4:43:26 PM | Confidential - redistribution prohibited"
"Nov 2012","External Debt","824,583,120,000","Rock Investment Bank | Licensed to kironjiemmanuel@gmail.com | Ref RIB-0E0466ECD65B | 10/6/2026, 4:43:26 PM | Confidential - redistribution prohibited"
"Nov 2012","Domestic Debt","958,438,680,000","Rock Investment Bank | Licensed to kironjiemmanuel@gmail.com | Ref RIB-0E0466ECD65B | 10/6/2026, 4:43:26 PM | Confidential - redistribution prohibited"
"Oct 2012","External Debt","812,307,840,000","Rock Investment Bank | Licensed to kironjiemmanuel@gmail.com | Ref RIB-0E0466ECD65B | 10/6/2026, 4:43:26 PM | Confidential - redistribution prohibited"
"Oct 2012","Domestic Debt","929,321,620,000","Rock Investment Bank | Licensed to kironjiemmanuel@gmail.com | Ref RIB-0E0466ECD65B | 10/6/2026, 4:43:26 PM | Confidential - redistribution prohibited"
"Sep 2012","External Debt","802,457,330,000","Rock Investment Bank | Licensed to kironjiemmanuel@gmail.com | Ref RIB-0E0466ECD65B | 10/6/2026, 4:43:26 PM | Confidential - redistribution prohibited"
"Sep 2012","Domestic Debt","922,196,190,000","Rock Investment Bank | Licensed to kironjiemmanuel@gmail.com | Ref RIB-0E0466ECD65B | 10/6/2026, 4:43:26 PM | Confidential - redistribution prohibited"
"Aug 2012","External Debt","771,760,000,000","Rock Investment Bank | Licensed to kironjiemmanuel@gmail.com | Ref RIB-0E0466ECD65B | 10/6/2026, 4:43:26 PM | Confidential - redistribution prohibited"
"Aug 2012","Domestic Debt","901,934,270,000","Rock Investment Bank | Licensed to kironjiemmanuel@gmail.com | Ref RIB-0E0466ECD65B | 10/6/2026, 4:43:26 PM | Confidential - redistribution prohibited"
"Jul 2012","External Debt","767,390,000,000","Rock Investment Bank | Licensed to kironjiemmanuel@gmail.com | Ref RIB-0E0466ECD65B | 10/6/2026, 4:43:26 PM | Confidential - redistribution prohibited"
"Jul 2012","Domestic Debt","872,160,520,000","Rock Investment Bank | Licensed to kironjiemmanuel@gmail.com | Ref RIB-0E0466ECD65B | 10/6/2026, 4:43:26 PM | Confidential - redistribution prohibited"
"Jun 2012","External Debt","763,971,000,000","Rock Investment Bank | Licensed to kironjiemmanuel@gmail.com | Ref RIB-0E0466ECD65B | 10/6/2026, 4:43:26 PM | Confidential - redistribution prohibited"
"Jun 2012","Domestic Debt","858,829,550,000","Rock Investment Bank | Licensed to kironjiemmanuel@gmail.com | Ref RIB-0E0466ECD65B | 10/6/2026, 4:43:26 PM | Confidential - redistribution prohibited"
"May 2012","External Debt","721,040,000,000","Rock Investment Bank | Licensed to kironjiemmanuel@gmail.com | Ref RIB-0E0466ECD65B | 10/6/2026, 4:43:26 PM | Confidential - redistribution prohibited"
"May 2012","Domestic Debt","889,056,810,000","Rock Investment Bank | Licensed to kironjiemmanuel@gmail.com | Ref RIB-0E0466ECD65B | 10/6/2026, 4:43:26 PM | Confidential - redistribution prohibited"
"Apr 2012","External Debt","700,900,000,000","Rock Investment Bank | Licensed to kironjiemmanuel@gmail.com | Ref RIB-0E0466ECD65B | 10/6/2026, 4:43:26 PM | Confidential - redistribution prohibited"
"Apr 2012","Domestic Debt","896,036,720,000","Rock Investment Bank | Licensed to kironjiemmanuel@gmail.com | Ref RIB-0E0466ECD65B | 10/6/2026, 4:43:26 PM | Confidential - redistribution prohibited"
"Mar 2012","External Debt","676,330,000,000","Rock Investment Bank | Licensed to kironjiemmanuel@gmail.com | Ref RIB-0E0466ECD65B | 10/6/2026, 4:43:26 PM | Confidential - redistribution prohibited"
"Mar 2012","Domestic Debt","887,871,400,000","Rock Investment Bank | Licensed to kironjiemmanuel@gmail.com | Ref RIB-0E0466ECD65B | 10/6/2026, 4:43:26 PM | Confidential - redistribution prohibited"
"Feb 2012","External Debt","663,050,000,000","Rock Investment Bank | Licensed to kironjiemmanuel@gmail.com | Ref RIB-0E0466ECD65B | 10/6/2026, 4:43:26 PM | Confidential - redistribution prohibited"
"Feb 2012","Domestic Debt","877,292,720,000","Rock Investment Bank | Licensed to kironjiemmanuel@gmail.com | Ref RIB-0E0466ECD65B | 10/6/2026, 4:43:26 PM | Confidential - redistribution prohibited"
"Jan 2012","External Debt","686,718,480,000","Rock Investment Bank | Licensed to kironjiemmanuel@gmail.com | Ref RIB-0E0466ECD65B | 10/6/2026, 4:43:26 PM | Confidential - redistribution prohibited"
"Jan 2012","Domestic Debt","809,278,110,000","Rock Investment Bank | Licensed to kironjiemmanuel@gmail.com | Ref RIB-0E0466ECD65B | 10/6/2026, 4:43:26 PM | Confidential - redistribution prohibited"
"Dec 2011","External Debt","685,607,920,000","Rock Investment Bank | Licensed to kironjiemmanuel@gmail.com | Ref RIB-0E0466ECD65B | 10/6/2026, 4:43:26 PM | Confidential - redistribution prohibited"
"Dec 2011","Domestic Debt","799,880,060,000","Rock Investment Bank | Licensed to kironjiemmanuel@gmail.com | Ref RIB-0E0466ECD65B | 10/6/2026, 4:43:26 PM | Confidential - redistribution prohibited"
"Nov 2011","External Debt","728,645,250,000","Rock Investment Bank | Licensed to kironjiemmanuel@gmail.com | Ref RIB-0E0466ECD65B | 10/6/2026, 4:43:26 PM | Confidential - redistribution prohibited"
"Nov 2011","Domestic Debt","803,894,340,000","Rock Investment Bank | Licensed to kironjiemmanuel@gmail.com | Ref RIB-0E0466ECD65B | 10/6/2026, 4:43:26 PM | Confidential - redistribution prohibited"
"Oct 2011","Domestic Debt","794,565,560,000","Rock Investment Bank | Licensed to kironjiemmanuel@gmail.com | Ref RIB-0E0466ECD65B | 10/6/2026, 4:43:26 PM | Confidential - redistribution prohibited"
"Oct 2011","External Debt","810,011,600,000","Rock Investment Bank | Licensed to kironjiemmanuel@gmail.com | Ref RIB-0E0466ECD65B | 10/6/2026, 4:43:26 PM | Confidential - redistribution prohibited"
"Sep 2011","Domestic Debt","764,274,590,000","Rock Investment Bank | Licensed to kironjiemmanuel@gmail.com | Ref RIB-0E0466ECD65B | 10/6/2026, 4:43:26 PM | Confidential - redistribution prohibited"
"Sep 2011","External Debt","799,834,030,000","Rock Investment Bank | Licensed to kironjiemmanuel@gmail.com | Ref RIB-0E0466ECD65B | 10/6/2026, 4:43:26 PM | Confidential - redistribution prohibited"
"Aug 2011","Domestic Debt","776,852,600,000","Rock Investment Bank | Licensed to kironjiemmanuel@gmail.com | Ref RIB-0E0466ECD65B | 10/6/2026, 4:43:26 PM | Confidential - redistribution prohibited"
"Aug 2011","External Debt","768,510,850,000","Rock Investment Bank | Licensed to kironjiemmanuel@gmail.com | Ref RIB-0E0466ECD65B | 10/6/2026, 4:43:26 PM | Confidential - redistribution prohibited"
"Jul 2011","Domestic Debt","781,713,030,000","Rock Investment Bank | Licensed to kironjiemmanuel@gmail.com | Ref RIB-0E0466ECD65B | 10/6/2026, 4:43:26 PM | Confidential - redistribution prohibited"
"Jul 2011","External Debt","744,486,600,000","Rock Investment Bank | Licensed to kironjiemmanuel@gmail.com | Ref RIB-0E0466ECD65B | 10/6/2026, 4:43:26 PM | Confidential - redistribution prohibited"
"Jun 2011","Domestic Debt","764,222,800,000","Rock Investment Bank | Licensed to kironjiemmanuel@gmail.com | Ref RIB-0E0466ECD65B | 10/6/2026, 4:43:26 PM | Confidential - redistribution prohibited"
"Jun 2011","External Debt","722,888,000,000","Rock Investment Bank | Licensed to kironjiemmanuel@gmail.com | Ref RIB-0E0466ECD65B | 10/6/2026, 4:43:26 PM | Confidential - redistribution prohibited"
"May 2011","Domestic Debt","746,574,730,000","Rock Investment Bank | Licensed to kironjiemmanuel@gmail.com | Ref RIB-0E0466ECD65B | 10/6/2026, 4:43:26 PM | Confidential - redistribution prohibited"
"May 2011","External Debt","675,887,120,000","Rock Investment Bank | Licensed to kironjiemmanuel@gmail.com | Ref RIB-0E0466ECD65B | 10/6/2026, 4:43:26 PM | Confidential - redistribution prohibited"
"Apr 2011","Domestic Debt","735,460,060,000","Rock Investment Bank | Licensed to kironjiemmanuel@gmail.com | Ref RIB-0E0466ECD65B | 10/6/2026, 4:43:26 PM | Confidential - redistribution prohibited"
"Apr 2011","External Debt","652,675,730,000","Rock Investment Bank | Licensed to kironjiemmanuel@gmail.com | Ref RIB-0E0466ECD65B | 10/6/2026, 4:43:26 PM | Confidential - redistribution prohibited"
"Mar 2011","Domestic Debt","754,048,100,000","Rock Investment Bank | Licensed to kironjiemmanuel@gmail.com | Ref RIB-0E0466ECD65B | 10/6/2026, 4:43:26 PM | Confidential - redistribution prohibited"
"Mar 2011","External Debt","642,847,920,000","Rock Investment Bank | Licensed to kironjiemmanuel@gmail.com | Ref RIB-0E0466ECD65B | 10/6/2026, 4:43:26 PM | Confidential - redistribution prohibited"
"Feb 2011","Domestic Debt","746,670,280,000","Rock Investment Bank | Licensed to kironjiemmanuel@gmail.com | Ref RIB-0E0466ECD65B | 10/6/2026, 4:43:26 PM | Confidential - redistribution prohibited"
"Feb 2011","External Debt","630,400,030,000","Rock Investment Bank | Licensed to kironjiemmanuel@gmail.com | Ref RIB-0E0466ECD65B | 10/6/2026, 4:43:26 PM | Confidential - redistribution prohibited"
"Jan 2011","Domestic Debt","730,197,770,000","Rock Investment Bank | Licensed to kironjiemmanuel@gmail.com | Ref RIB-0E0466ECD65B | 10/6/2026, 4:43:26 PM | Confidential - redistribution prohibited"
"Jan 2011","External Debt","615,604,980,000","Rock Investment Bank | Licensed to kironjiemmanuel@gmail.com | Ref RIB-0E0466ECD65B | 10/6/2026, 4:43:26 PM | Confidential - redistribution prohibited"
"Dec 2010","Domestic Debt","720,207,970,000","Rock Investment Bank | Licensed to kironjiemmanuel@gmail.com | Ref RIB-0E0466ECD65B | 10/6/2026, 4:43:26 PM | Confidential - redistribution prohibited"
"Dec 2010","External Debt","599,930,460,000","Rock Investment Bank | Licensed to kironjiemmanuel@gmail.com | Ref RIB-0E0466ECD65B | 10/6/2026, 4:43:26 PM | Confidential - redistribution prohibited"
"Nov 2010","Domestic Debt","711,448,980,000","Rock Investment Bank | Licensed to kironjiemmanuel@gmail.com | Ref RIB-0E0466ECD65B | 10/6/2026, 4:43:26 PM | Confidential - redistribution prohibited"
"Nov 2010","External Debt","599,251,460,000","Rock Investment Bank | Licensed to kironjiemmanuel@gmail.com | Ref RIB-0E0466ECD65B | 10/6/2026, 4:43:26 PM | Confidential - redistribution prohibited"
"Oct 2010","Domestic Debt","696,132,650,000","Rock Investment Bank | Licensed to kironjiemmanuel@gmail.com | Ref RIB-0E0466ECD65B | 10/6/2026, 4:43:26 PM | Confidential - redistribution prohibited"
"Oct 2010","External Debt","598,080,460,000","Rock Investment Bank | Licensed to kironjiemmanuel@gmail.com | Ref RIB-0E0466ECD65B | 10/6/2026, 4:43:26 PM | Confidential - redistribution prohibited"
"Sep 2010","Domestic Debt","704,702,770,000","Rock Investment Bank | Licensed to kironjiemmanuel@gmail.com | Ref RIB-0E0466ECD65B | 10/6/2026, 4:43:26 PM | Confidential - redistribution prohibited"
"Sep 2010","External Debt","594,223,000,000","Rock Investment Bank | Licensed to kironjiemmanuel@gmail.com | Ref RIB-0E0466ECD65B | 10/6/2026, 4:43:26 PM | Confidential - redistribution prohibited"
"Aug 2010","Domestic Debt","698,047,350,000","Rock Investment Bank | Licensed to kironjiemmanuel@gmail.com | Ref RIB-0E0466ECD65B | 10/6/2026, 4:43:26 PM | Confidential - redistribution prohibited"
"Aug 2010","External Debt","566,166,880,000","Rock Investment Bank | Licensed to kironjiemmanuel@gmail.com | Ref RIB-0E0466ECD65B | 10/6/2026, 4:43:26 PM | Confidential - redistribution prohibited"
"Jul 2010","Domestic Debt","667,803,420,000","Rock Investment Bank | Licensed to kironjiemmanuel@gmail.com | Ref RIB-0E0466ECD65B | 10/6/2026, 4:43:26 PM | Confidential - redistribution prohibited"
"Jul 2010","External Debt","562,941,950,000","Rock Investment Bank | Licensed to kironjiemmanuel@gmail.com | Ref RIB-0E0466ECD65B | 10/6/2026, 4:43:26 PM | Confidential - redistribution prohibited"
"Jun 2010","Domestic Debt","660,267,680,000","Rock Investment Bank | Licensed to kironjiemmanuel@gmail.com | Ref RIB-0E0466ECD65B | 10/6/2026, 4:43:26 PM | Confidential - redistribution prohibited"
"Jun 2010","External Debt","565,452,000,000","Rock Investment Bank | Licensed to kironjiemmanuel@gmail.com | Ref RIB-0E0466ECD65B | 10/6/2026, 4:43:26 PM | Confidential - redistribution prohibited"
"May 2010","Domestic Debt","650,261,960,000","Rock Investment Bank | Licensed to kironjiemmanuel@gmail.com | Ref RIB-0E0466ECD65B | 10/6/2026, 4:43:26 PM | Confidential - redistribution prohibited"
"May 2010","External Debt","541,976,710,000","Rock Investment Bank | Licensed to kironjiemmanuel@gmail.com | Ref RIB-0E0466ECD65B | 10/6/2026, 4:43:26 PM | Confidential - redistribution prohibited"
"Apr 2010","Domestic Debt","653,614,420,000","Rock Investment Bank | Licensed to kironjiemmanuel@gmail.com | Ref RIB-0E0466ECD65B | 10/6/2026, 4:43:26 PM | Confidential - redistribution prohibited"
"Apr 2010","External Debt","537,424,840,000","Rock Investment Bank | Licensed to kironjiemmanuel@gmail.com | Ref RIB-0E0466ECD65B | 10/6/2026, 4:43:26 PM | Confidential - redistribution prohibited"
"Mar 2010","Domestic Debt","639,116,320,000","Rock Investment Bank | Licensed to kironjiemmanuel@gmail.com | Ref RIB-0E0466ECD65B | 10/6/2026, 4:43:26 PM | Confidential - redistribution prohibited"
"Mar 2010","External Debt","538,157,990,000","Rock Investment Bank | Licensed to kironjiemmanuel@gmail.com | Ref RIB-0E0466ECD65B | 10/6/2026, 4:43:26 PM | Confidential - redistribution prohibited"
"Feb 2010","Domestic Debt","607,512,610,000","Rock Investment Bank | Licensed to kironjiemmanuel@gmail.com | Ref RIB-0E0466ECD65B | 10/6/2026, 4:43:26 PM | Confidential - redistribution prohibited"
"Feb 2010","External Debt","525,369,180,000","Rock Investment Bank | Licensed to kironjiemmanuel@gmail.com | Ref RIB-0E0466ECD65B | 10/6/2026, 4:43:26 PM | Confidential - redistribution prohibited"
"Jan 2010","Domestic Debt","580,721,470,000","Rock Investment Bank | Licensed to kironjiemmanuel@gmail.com | Ref RIB-0E0466ECD65B | 10/6/2026, 4:43:26 PM | Confidential - redistribution prohibited"
"Jan 2010","External Debt","525,552,750,000","Rock Investment Bank | Licensed to kironjiemmanuel@gmail.com | Ref RIB-0E0466ECD65B | 10/6/2026, 4:43:26 PM | Confidential - redistribution prohibited"
"Dec 2009","Domestic Debt","588,970,310,000","Rock Investment Bank | Licensed to kironjiemmanuel@gmail.com | Ref RIB-0E0466ECD65B | 10/6/2026, 4:43:26 PM | Confidential - redistribution prohibited"
"Dec 2009","External Debt","588,970,310,000","Rock Investment Bank | Licensed to kironjiemmanuel@gmail.com | Ref RIB-0E0466ECD65B | 10/6/2026, 4:43:26 PM | Confidential - redistribution prohibited"
"Nov 2009","Domestic Debt","562,926,790,000","Rock Investment Bank | Licensed to kironjiemmanuel@gmail.com | Ref RIB-0E0466ECD65B | 10/6/2026, 4:43:26 PM | Confidential - redistribution prohibited"
"Nov 2009","External Debt","521,232,480,000","Rock Investment Bank | Licensed to kironjiemmanuel@gmail.com | Ref RIB-0E0466ECD65B | 10/6/2026, 4:43:26 PM | Confidential - redistribution prohibited"
"Oct 2009","Domestic Debt","567,125,130,000","Rock Investment Bank | Licensed to kironjiemmanuel@gmail.com | Ref RIB-0E0466ECD65B | 10/6/2026, 4:43:26 PM | Confidential - redistribution prohibited"
"Oct 2009","External Debt","523,899,660,000","Rock Investment Bank | Licensed to kironjiemmanuel@gmail.com | Ref RIB-0E0466ECD65B | 10/6/2026, 4:43:26 PM | Confidential - redistribution prohibited"
"Sep 2009","Domestic Debt","550,613,800,000","Rock Investment Bank | Licensed to kironjiemmanuel@gmail.com | Ref RIB-0E0466ECD65B | 10/6/2026, 4:43:26 PM | Confidential - redistribution prohibited"
"Sep 2009","External Debt","524,982,600,000","Rock Investment Bank | Licensed to kironjiemmanuel@gmail.com | Ref RIB-0E0466ECD65B | 10/6/2026, 4:43:26 PM | Confidential - redistribution prohibited"
"Aug 2009","Domestic Debt","547,182,360,000","Rock Investment Bank | Licensed to kironjiemmanuel@gmail.com | Ref RIB-0E0466ECD65B | 10/6/2026, 4:43:26 PM | Confidential - redistribution prohibited"
"Aug 2009","External Debt","530,075,390,000","Rock Investment Bank | Licensed to kironjiemmanuel@gmail.com | Ref RIB-0E0466ECD65B | 10/6/2026, 4:43:26 PM | Confidential - redistribution prohibited"
"Jul 2009","Domestic Debt","530,400,970,000","Rock Investment Bank | Licensed to kironjiemmanuel@gmail.com | Ref RIB-0E0466ECD65B | 10/6/2026, 4:43:26 PM | Confidential - redistribution prohibited"
"Jul 2009","External Debt","532,144,510,000","Rock Investment Bank | Licensed to kironjiemmanuel@gmail.com | Ref RIB-0E0466ECD65B | 10/6/2026, 4:43:26 PM | Confidential - redistribution prohibited"
"Jun 2009","Domestic Debt","518,346,150,000","Rock Investment Bank | Licensed to kironjiemmanuel@gmail.com | Ref RIB-0E0466ECD65B | 10/6/2026, 4:43:26 PM | Confidential - redistribution prohibited"
"Jun 2009","External Debt","535,143,700,000","Rock Investment Bank | Licensed to kironjiemmanuel@gmail.com | Ref RIB-0E0466ECD65B | 10/6/2026, 4:43:26 PM | Confidential - redistribution prohibited"
"May 2009","Domestic Debt","489,234,390,000","Rock Investment Bank | Licensed to kironjiemmanuel@gmail.com | Ref RIB-0E0466ECD65B | 10/6/2026, 4:43:26 PM | Confidential - redistribution prohibited"
"May 2009","External Debt","517,929,100,000","Rock Investment Bank | Licensed to kironjiemmanuel@gmail.com | Ref RIB-0E0466ECD65B | 10/6/2026, 4:43:26 PM | Confidential - redistribution prohibited"
"Apr 2009","Domestic Debt","497,450,160,000","Rock Investment Bank | Licensed to kironjiemmanuel@gmail.com | Ref RIB-0E0466ECD65B | 10/6/2026, 4:43:26 PM | Confidential - redistribution prohibited"
"Apr 2009","External Debt","511,981,590,000","Rock Investment Bank | Licensed to kironjiemmanuel@gmail.com | Ref RIB-0E0466ECD65B | 10/6/2026, 4:43:26 PM | Confidential - redistribution prohibited"
"Mar 2009","Domestic Debt","474,749,810,000","Rock Investment Bank | Licensed to kironjiemmanuel@gmail.com | Ref RIB-0E0466ECD65B | 10/6/2026, 4:43:26 PM | Confidential - redistribution prohibited"
"Mar 2009","External Debt","513,623,000,000","Rock Investment Bank | Licensed to kironjiemmanuel@gmail.com | Ref RIB-0E0466ECD65B | 10/6/2026, 4:43:26 PM | Confidential - redistribution prohibited"
"Feb 2009","Domestic Debt","478,896,430,000","Rock Investment Bank | Licensed to kironjiemmanuel@gmail.com | Ref RIB-0E0466ECD65B | 10/6/2026, 4:43:26 PM | Confidential - redistribution prohibited"
"Feb 2009","External Debt","514,635,340,000","Rock Investment Bank | Licensed to kironjiemmanuel@gmail.com | Ref RIB-0E0466ECD65B | 10/6/2026, 4:43:26 PM | Confidential - redistribution prohibited"
"Jan 2009","Domestic Debt","454,266,440,000","Rock Investment Bank | Licensed to kironjiemmanuel@gmail.com | Ref RIB-0E0466ECD65B | 10/6/2026, 4:43:26 PM | Confidential - redistribution prohibited"
"Jan 2009","External Debt","512,475,650,000","Rock Investment Bank | Licensed to kironjiemmanuel@gmail.com | Ref RIB-0E0466ECD65B | 10/6/2026, 4:43:26 PM | Confidential - redistribution prohibited"
"Dec 2008","Domestic Debt","456,227,910,000","Rock Investment Bank | Licensed to kironjiemmanuel@gmail.com | Ref RIB-0E0466ECD65B | 10/6/2026, 4:43:26 PM | Confidential - redistribution prohibited"
"Dec 2008","External Debt","516,671,330,000","Rock Investment Bank | Licensed to kironjiemmanuel@gmail.com | Ref RIB-0E0466ECD65B | 10/6/2026, 4:43:26 PM | Confidential - redistribution prohibited"
"Nov 2008","Domestic Debt","451,392,100,000","Rock Investment Bank | Licensed to kironjiemmanuel@gmail.com | Ref RIB-0E0466ECD65B | 10/6/2026, 4:43:26 PM | Confidential - redistribution prohibited"
"Nov 2008","External Debt","450,248,350,000","Rock Investment Bank | Licensed to kironjiemmanuel@gmail.com | Ref RIB-0E0466ECD65B | 10/6/2026, 4:43:26 PM | Confidential - redistribution prohibited"
"Oct 2008","Domestic Debt","454,685,970,000","Rock Investment Bank | Licensed to kironjiemmanuel@gmail.com | Ref RIB-0E0466ECD65B | 10/6/2026, 4:43:26 PM | Confidential - redistribution prohibited"
"Oct 2008","External Debt","434,487,590,000","Rock Investment Bank | Licensed to kironjiemmanuel@gmail.com | Ref RIB-0E0466ECD65B | 10/6/2026, 4:43:26 PM | Confidential - redistribution prohibited"
"Sep 2008","Domestic Debt","449,333,840,000","Rock Investment Bank | Licensed to kironjiemmanuel@gmail.com | Ref RIB-0E0466ECD65B | 10/6/2026, 4:43:26 PM | Confidential - redistribution prohibited"
"Sep 2008","External Debt","432,954,020,000","Rock Investment Bank | Licensed to kironjiemmanuel@gmail.com | Ref RIB-0E0466ECD65B | 10/6/2026, 4:43:26 PM | Confidential - redistribution prohibited"
"Aug 2008","Domestic Debt","433,489,360,000","Rock Investment Bank | Licensed to kironjiemmanuel@gmail.com | Ref RIB-0E0466ECD65B | 10/6/2026, 4:43:26 PM | Confidential - redistribution prohibited"
"Aug 2008","External Debt","433,670,730,000","Rock Investment Bank | Licensed to kironjiemmanuel@gmail.com | Ref RIB-0E0466ECD65B | 10/6/2026, 4:43:26 PM | Confidential - redistribution prohibited"
"Jul 2008","Domestic Debt","428,148,130,000","Rock Investment Bank | Licensed to kironjiemmanuel@gmail.com | Ref RIB-0E0466ECD65B | 10/6/2026, 4:43:26 PM | Confidential - redistribution prohibited"
"Jul 2008","External Debt","432,808,950,000","Rock Investment Bank | Licensed to kironjiemmanuel@gmail.com | Ref RIB-0E0466ECD65B | 10/6/2026, 4:43:26 PM | Confidential - redistribution prohibited"
"Jun 2008","Domestic Debt","430,611,730,000","Rock Investment Bank | Licensed to kironjiemmanuel@gmail.com | Ref RIB-0E0466ECD65B | 10/6/2026, 4:43:26 PM | Confidential - redistribution prohibited"
"Jun 2008","External Debt","439,967,000,000","Rock Investment Bank | Licensed to kironjiemmanuel@gmail.com | Ref RIB-0E0466ECD65B | 10/6/2026, 4:43:26 PM | Confidential - redistribution prohibited"
"May 2008","Domestic Debt","442,684,750,000","Rock Investment Bank | Licensed to kironjiemmanuel@gmail.com | Ref RIB-0E0466ECD65B | 10/6/2026, 4:43:26 PM | Confidential - redistribution prohibited"
"May 2008","External Debt","429,644,660,000","Rock Investment Bank | Licensed to kironjiemmanuel@gmail.com | Ref RIB-0E0466ECD65B | 10/6/2026, 4:43:26 PM | Confidential - redistribution prohibited"
"Apr 2008","Domestic Debt","437,870,940,000","Rock Investment Bank | Licensed to kironjiemmanuel@gmail.com | Ref RIB-0E0466ECD65B | 10/6/2026, 4:43:26 PM | Confidential - redistribution prohibited"
"Apr 2008","External Debt","425,992,780,000","Rock Investment Bank | Licensed to kironjiemmanuel@gmail.com | Ref RIB-0E0466ECD65B | 10/6/2026, 4:43:26 PM | Confidential - redistribution prohibited"
"Mar 2008","Domestic Debt","444,736,370,000","Rock Investment Bank | Licensed to kironjiemmanuel@gmail.com | Ref RIB-0E0466ECD65B | 10/6/2026, 4:43:26 PM | Confidential - redistribution prohibited"
"Mar 2008","External Debt","425,086,890,000","Rock Investment Bank | Licensed to kironjiemmanuel@gmail.com | Ref RIB-0E0466ECD65B | 10/6/2026, 4:43:26 PM | Confidential - redistribution prohibited"
"Feb 2008","Domestic Debt","434,621,390,000","Rock Investment Bank | Licensed to kironjiemmanuel@gmail.com | Ref RIB-0E0466ECD65B | 10/6/2026, 4:43:26 PM | Confidential - redistribution prohibited"
"Feb 2008","External Debt","425,976,180,000","Rock Investment Bank | Licensed to kironjiemmanuel@gmail.com | Ref RIB-0E0466ECD65B | 10/6/2026, 4:43:26 PM | Confidential - redistribution prohibited"
"Jan 2008","Domestic Debt","432,183,900,000","Rock Investment Bank | Licensed to kironjiemmanuel@gmail.com | Ref RIB-0E0466ECD65B | 10/6/2026, 4:43:26 PM | Confidential - redistribution prohibited"
"Jan 2008","External Debt","424,205,020,000","Rock Investment Bank | Licensed to kironjiemmanuel@gmail.com | Ref RIB-0E0466ECD65B | 10/6/2026, 4:43:26 PM | Confidential - redistribution prohibited"
"Dec 2007","Domestic Debt","438,059,110,000","Rock Investment Bank | Licensed to kironjiemmanuel@gmail.com | Ref RIB-0E0466ECD65B | 10/6/2026, 4:43:26 PM | Confidential - redistribution prohibited"
"Dec 2007","External Debt","406,923,000,000","Rock Investment Bank | Licensed to kironjiemmanuel@gmail.com | Ref RIB-0E0466ECD65B | 10/6/2026, 4:43:26 PM | Confidential - redistribution prohibited"
"Nov 2007","Domestic Debt","426,062,440,000","Rock Investment Bank | Licensed to kironjiemmanuel@gmail.com | Ref RIB-0E0466ECD65B | 10/6/2026, 4:43:26 PM | Confidential - redistribution prohibited"
"Nov 2007","External Debt","424,243,210,000","Rock Investment Bank | Licensed to kironjiemmanuel@gmail.com | Ref RIB-0E0466ECD65B | 10/6/2026, 4:43:26 PM | Confidential - redistribution prohibited"
"Oct 2007","Domestic Debt","418,488,140,000","Rock Investment Bank | Licensed to kironjiemmanuel@gmail.com | Ref RIB-0E0466ECD65B | 10/6/2026, 4:43:26 PM | Confidential - redistribution prohibited"
"Oct 2007","External Debt","419,738,840,000","Rock Investment Bank | Licensed to kironjiemmanuel@gmail.com | Ref RIB-0E0466ECD65B | 10/6/2026, 4:43:26 PM | Confidential - redistribution prohibited"
"Sep 2007","Domestic Debt","426,821,360,000","Rock Investment Bank | Licensed to kironjiemmanuel@gmail.com | Ref RIB-0E0466ECD65B | 10/6/2026, 4:43:26 PM | Confidential - redistribution prohibited"
"Sep 2007","External Debt","408,680,790,000","Rock Investment Bank | Licensed to kironjiemmanuel@gmail.com | Ref RIB-0E0466ECD65B | 10/6/2026, 4:43:26 PM | Confidential - redistribution prohibited"
"Aug 2007","Domestic Debt","415,915,040,000","Rock Investment Bank | Licensed to kironjiemmanuel@gmail.com | Ref RIB-0E0466ECD65B | 10/6/2026, 4:43:26 PM | Confidential - redistribution prohibited"
"Aug 2007","External Debt","409,066,120,000","Rock Investment Bank | Licensed to kironjiemmanuel@gmail.com | Ref RIB-0E0466ECD65B | 10/6/2026, 4:43:26 PM | Confidential - redistribution prohibited"
"Jul 2007","Domestic Debt","410,229,010,000","Rock Investment Bank | Licensed to kironjiemmanuel@gmail.com | Ref RIB-0E0466ECD65B | 10/6/2026, 4:43:26 PM | Confidential - redistribution prohibited"
"Jul 2007","External Debt","410,512,750,000","Rock Investment Bank | Licensed to kironjiemmanuel@gmail.com | Ref RIB-0E0466ECD65B | 10/6/2026, 4:43:26 PM | Confidential - redistribution prohibited"
"Jun 2007","Domestic Debt","404,690,110,000","Rock Investment Bank | Licensed to kironjiemmanuel@gmail.com | Ref RIB-0E0466ECD65B | 10/6/2026, 4:43:26 PM | Confidential - redistribution prohibited"
"Jun 2007","External Debt","396,564,000,000","Rock Investment Bank | Licensed to kironjiemmanuel@gmail.com | Ref RIB-0E0466ECD65B | 10/6/2026, 4:43:26 PM | Confidential - redistribution prohibited"
"May 2007","Domestic Debt","390,795,610,000","Rock Investment Bank | Licensed to kironjiemmanuel@gmail.com | Ref RIB-0E0466ECD65B | 10/6/2026, 4:43:26 PM | Confidential - redistribution prohibited"
"May 2007","External Debt","419,743,450,000","Rock Investment Bank | Licensed to kironjiemmanuel@gmail.com | Ref RIB-0E0466ECD65B | 10/6/2026, 4:43:26 PM | Confidential - redistribution prohibited"
"Apr 2007","Domestic Debt","390,491,890,000","Rock Investment Bank | Licensed to kironjiemmanuel@gmail.com | Ref RIB-0E0466ECD65B | 10/6/2026, 4:43:26 PM | Confidential - redistribution prohibited"
"Apr 2007","External Debt","420,265,230,000","Rock Investment Bank | Licensed to kironjiemmanuel@gmail.com | Ref RIB-0E0466ECD65B | 10/6/2026, 4:43:26 PM | Confidential - redistribution prohibited"
"Mar 2007","Domestic Debt","386,287,740,000","Rock Investment Bank | Licensed to kironjiemmanuel@gmail.com | Ref RIB-0E0466ECD65B | 10/6/2026, 4:43:26 PM | Confidential - redistribution prohibited"
"Mar 2007","External Debt","409,055,740,000","Rock Investment Bank | Licensed to kironjiemmanuel@gmail.com | Ref RIB-0E0466ECD65B | 10/6/2026, 4:43:26 PM | Confidential - redistribution prohibited"
"Feb 2007","Domestic Debt","385,824,930,000","Rock Investment Bank | Licensed to kironjiemmanuel@gmail.com | Ref RIB-0E0466ECD65B | 10/6/2026, 4:43:26 PM | Confidential - redistribution prohibited"
"Feb 2007","External Debt","416,510,410,000","Rock Investment Bank | Licensed to kironjiemmanuel@gmail.com | Ref RIB-0E0466ECD65B | 10/6/2026, 4:43:26 PM | Confidential - redistribution prohibited"
"Jan 2007","Domestic Debt","378,127,610,000","Rock Investment Bank | Licensed to kironjiemmanuel@gmail.com | Ref RIB-0E0466ECD65B | 10/6/2026, 4:43:26 PM | Confidential - redistribution prohibited"
"Jan 2007","External Debt","417,467,730,000","Rock Investment Bank | Licensed to kironjiemmanuel@gmail.com | Ref RIB-0E0466ECD65B | 10/6/2026, 4:43:26 PM | Confidential - redistribution prohibited"
"Dec 2006","Domestic Debt","385,121,220,000","Rock Investment Bank | Licensed to kironjiemmanuel@gmail.com | Ref RIB-0E0466ECD65B | 10/6/2026, 4:43:26 PM | Confidential - redistribution prohibited"
"Dec 2006","External Debt","407,742,550,000","Rock Investment Bank | Licensed to kironjiemmanuel@gmail.com | Ref RIB-0E0466ECD65B | 10/6/2026, 4:43:26 PM | Confidential - redistribution prohibited"
"Nov 2006","Domestic Debt","381,034,850,000","Rock Investment Bank | Licensed to kironjiemmanuel@gmail.com | Ref RIB-0E0466ECD65B | 10/6/2026, 4:43:26 PM | Confidential - redistribution prohibited"
"Nov 2006","External Debt","424,933,070,000","Rock Investment Bank | Licensed to kironjiemmanuel@gmail.com | Ref RIB-0E0466ECD65B | 10/6/2026, 4:43:26 PM | Confidential - redistribution prohibited"
"Oct 2006","Domestic Debt","375,524,020,000","Rock Investment Bank | Licensed to kironjiemmanuel@gmail.com | Ref RIB-0E0466ECD65B | 10/6/2026, 4:43:26 PM | Confidential - redistribution prohibited"
"Oct 2006","External Debt","424,414,090,000","Rock Investment Bank | Licensed to kironjiemmanuel@gmail.com | Ref RIB-0E0466ECD65B | 10/6/2026, 4:43:26 PM | Confidential - redistribution prohibited"
"Sep 2006","Domestic Debt","371,591,470,000","Rock Investment Bank | Licensed to kironjiemmanuel@gmail.com | Ref RIB-0E0466ECD65B | 10/6/2026, 4:43:26 PM | Confidential - redistribution prohibited"
"Sep 2006","External Debt","422,647,930,000","Rock Investment Bank | Licensed to kironjiemmanuel@gmail.com | Ref RIB-0E0466ECD65B | 10/6/2026, 4:43:26 PM | Confidential - redistribution prohibited"
"Aug 2006","Domestic Debt","367,963,310,000","Rock Investment Bank | Licensed to kironjiemmanuel@gmail.com | Ref RIB-0E0466ECD65B | 10/6/2026, 4:43:26 PM | Confidential - redistribution prohibited"
"Aug 2006","External Debt","431,095,630,000","Rock Investment Bank | Licensed to kironjiemmanuel@gmail.com | Ref RIB-0E0466ECD65B | 10/6/2026, 4:43:26 PM | Confidential - redistribution prohibited"
"Jul 2006","Domestic Debt","364,835,710,000","Rock Investment Bank | Licensed to kironjiemmanuel@gmail.com | Ref RIB-0E0466ECD65B | 10/6/2026, 4:43:26 PM | Confidential - redistribution prohibited"
"Jul 2006","External Debt","430,667,840,000","Rock Investment Bank | Licensed to kironjiemmanuel@gmail.com | Ref RIB-0E0466ECD65B | 10/6/2026, 4:43:26 PM | Confidential - redistribution prohibited"
"Jun 2006","Domestic Debt","357,838,950,000","Rock Investment Bank | Licensed to kironjiemmanuel@gmail.com | Ref RIB-0E0466ECD65B | 10/6/2026, 4:43:26 PM | Confidential - redistribution prohibited"
"Jun 2006","External Debt","431,236,830,000","Rock Investment Bank | Licensed to kironjiemmanuel@gmail.com | Ref RIB-0E0466ECD65B | 10/6/2026, 4:43:26 PM | Confidential - redistribution prohibited"
"May 2006","Domestic Debt","349,489,930,000","Rock Investment Bank | Licensed to kironjiemmanuel@gmail.com | Ref RIB-0E0466ECD65B | 10/6/2026, 4:43:26 PM | Confidential - redistribution prohibited"
"May 2006","External Debt","406,493,690,000","Rock Investment Bank | Licensed to kironjiemmanuel@gmail.com | Ref RIB-0E0466ECD65B | 10/6/2026, 4:43:26 PM | Confidential - redistribution prohibited"
"Apr 2006","Domestic Debt","348,220,360,000","Rock Investment Bank | Licensed to kironjiemmanuel@gmail.com | Ref RIB-0E0466ECD65B | 10/6/2026, 4:43:26 PM | Confidential - redistribution prohibited"
"Apr 2006","External Debt","406,531,770,000","Rock Investment Bank | Licensed to kironjiemmanuel@gmail.com | Ref RIB-0E0466ECD65B | 10/6/2026, 4:43:26 PM | Confidential - redistribution prohibited"
"Mar 2006","External Debt","407,003,710,000","Rock Investment Bank | Licensed to kironjiemmanuel@gmail.com | Ref RIB-0E0466ECD65B | 10/6/2026, 4:43:26 PM | Confidential - redistribution prohibited"
"Mar 2006","Domestic Debt","346,064,040,000","Rock Investment Bank | Licensed to kironjiemmanuel@gmail.com | Ref RIB-0E0466ECD65B | 10/6/2026, 4:43:26 PM | Confidential - redistribution prohibited"
"Feb 2006","External Debt","407,132,440,000","Rock Investment Bank | Licensed to kironjiemmanuel@gmail.com | Ref RIB-0E0466ECD65B | 10/6/2026, 4:43:26 PM | Confidential - redistribution prohibited"
"Feb 2006","Domestic Debt","338,613,230,000","Rock Investment Bank | Licensed to kironjiemmanuel@gmail.com | Ref RIB-0E0466ECD65B | 10/6/2026, 4:43:26 PM | Confidential - redistribution prohibited"
"Jan 2006","External Debt","407,544,630,000","Rock Investment Bank | Licensed to kironjiemmanuel@gmail.com | Ref RIB-0E0466ECD65B | 10/6/2026, 4:43:26 PM | Confidential - redistribution prohibited"
"Jan 2006","Domestic Debt","333,950,840,000","Rock Investment Bank | Licensed to kironjiemmanuel@gmail.com | Ref RIB-0E0466ECD65B | 10/6/2026, 4:43:26 PM | Confidential - redistribution prohibited"
"Dec 2005","External Debt","408,601,920,000","Rock Investment Bank | Licensed to kironjiemmanuel@gmail.com | Ref RIB-0E0466ECD65B | 10/6/2026, 4:43:26 PM | Confidential - redistribution prohibited"
"Dec 2005","Domestic Debt","335,001,890,000","Rock Investment Bank | Licensed to kironjiemmanuel@gmail.com | Ref RIB-0E0466ECD65B | 10/6/2026, 4:43:26 PM | Confidential - redistribution prohibited"
"Nov 2005","External Debt","417,897,890,000","Rock Investment Bank | Licensed to kironjiemmanuel@gmail.com | Ref RIB-0E0466ECD65B | 10/6/2026, 4:43:26 PM | Confidential - redistribution prohibited"
"Nov 2005","Domestic Debt","333,501,480,000","Rock Investment Bank | Licensed to kironjiemmanuel@gmail.com | Ref RIB-0E0466ECD65B | 10/6/2026, 4:43:26 PM | Confidential - redistribution prohibited"
"Oct 2005","External Debt","418,417,490,000","Rock Investment Bank | Licensed to kironjiemmanuel@gmail.com | Ref RIB-0E0466ECD65B | 10/6/2026, 4:43:26 PM | Confidential - redistribution prohibited"
"Oct 2005","Domestic Debt","332,725,650,000","Rock Investment Bank | Licensed to kironjiemmanuel@gmail.com | Ref RIB-0E0466ECD65B | 10/6/2026, 4:43:26 PM | Confidential - redistribution prohibited"
"Sep 2005","External Debt","418,860,330,000","Rock Investment Bank | Licensed to kironjiemmanuel@gmail.com | Ref RIB-0E0466ECD65B | 10/6/2026, 4:43:26 PM | Confidential - redistribution prohibited"
"Sep 2005","Domestic Debt","328,799,980,000","Rock Investment Bank | Licensed to kironjiemmanuel@gmail.com | Ref RIB-0E0466ECD65B | 10/6/2026, 4:43:26 PM | Confidential - redistribution prohibited"
"Aug 2005","External Debt","434,850,690,000","Rock Investment Bank | Licensed to kironjiemmanuel@gmail.com | Ref RIB-0E0466ECD65B | 10/6/2026, 4:43:26 PM | Confidential - redistribution prohibited"
"Aug 2005","Domestic Debt","325,380,530,000","Rock Investment Bank | Licensed to kironjiemmanuel@gmail.com | Ref RIB-0E0466ECD65B | 10/6/2026, 4:43:26 PM | Confidential - redistribution prohibited"
"Jul 2005","External Debt","435,399,900,000","Rock Investment Bank | Licensed to kironjiemmanuel@gmail.com | Ref RIB-0E0466ECD65B | 10/6/2026, 4:43:26 PM | Confidential - redistribution prohibited"
"Jul 2005","Domestic Debt","324,027,420,000","Rock Investment Bank | Licensed to kironjiemmanuel@gmail.com | Ref RIB-0E0466ECD65B | 10/6/2026, 4:43:26 PM | Confidential - redistribution prohibited"
"Jun 2005","External Debt","433,975,650,000","Rock Investment Bank | Licensed to kironjiemmanuel@gmail.com | Ref RIB-0E0466ECD65B | 10/6/2026, 4:43:26 PM | Confidential - redistribution prohibited"
"Jun 2005","Domestic Debt","315,572,500,000","Rock Investment Bank | Licensed to kironjiemmanuel@gmail.com | Ref RIB-0E0466ECD65B | 10/6/2026, 4:43:26 PM | Confidential - redistribution prohibited"
"May 2005","External Debt","423,476,450,000","Rock Investment Bank | Licensed to kironjiemmanuel@gmail.com | Ref RIB-0E0466ECD65B | 10/6/2026, 4:43:26 PM | Confidential - redistribution prohibited"
"May 2005","Domestic Debt","304,975,650,000","Rock Investment Bank | Licensed to kironjiemmanuel@gmail.com | Ref RIB-0E0466ECD65B | 10/6/2026, 4:43:26 PM | Confidential - redistribution prohibited"
"Apr 2005","External Debt","424,345,690,000","Rock Investment Bank | Licensed to kironjiemmanuel@gmail.com | Ref RIB-0E0466ECD65B | 10/6/2026, 4:43:26 PM | Confidential - redistribution prohibited"
"Apr 2005","Domestic Debt","307,160,620,000","Rock Investment Bank | Licensed to kironjiemmanuel@gmail.com | Ref RIB-0E0466ECD65B | 10/6/2026, 4:43:26 PM | Confidential - redistribution prohibited"
"Mar 2005","External Debt","424,857,080,000","Rock Investment Bank | Licensed to kironjiemmanuel@gmail.com | Ref RIB-0E0466ECD65B | 10/6/2026, 4:43:26 PM | Confidential - redistribution prohibited"
"Mar 2005","Domestic Debt","296,330,220,000","Rock Investment Bank | Licensed to kironjiemmanuel@gmail.com | Ref RIB-0E0466ECD65B | 10/6/2026, 4:43:26 PM | Confidential - redistribution prohibited"
"Feb 2005","External Debt","445,544,580,000","Rock Investment Bank | Licensed to kironjiemmanuel@gmail.com | Ref RIB-0E0466ECD65B | 10/6/2026, 4:43:26 PM | Confidential - redistribution prohibited"
"Feb 2005","Domestic Debt","292,227,330,000","Rock Investment Bank | Licensed to kironjiemmanuel@gmail.com | Ref RIB-0E0466ECD65B | 10/6/2026, 4:43:26 PM | Confidential - redistribution prohibited"
"Jan 2005","External Debt","446,226,130,000","Rock Investment Bank | Licensed to kironjiemmanuel@gmail.com | Ref RIB-0E0466ECD65B | 10/6/2026, 4:43:26 PM | Confidential - redistribution prohibited"
"Jan 2005","Domestic Debt","291,222,660,000","Rock Investment Bank | Licensed to kironjiemmanuel@gmail.com | Ref RIB-0E0466ECD65B | 10/6/2026, 4:43:26 PM | Confidential - redistribution prohibited"
"Dec 2004","External Debt","439,992,950,000","Rock Investment Bank | Licensed to kironjiemmanuel@gmail.com | Ref RIB-0E0466ECD65B | 10/6/2026, 4:43:26 PM | Confidential - redistribution prohibited"
"Dec 2004","Domestic Debt","295,374,440,000","Rock Investment Bank | Licensed to kironjiemmanuel@gmail.com | Ref RIB-0E0466ECD65B | 10/6/2026, 4:43:26 PM | Confidential - redistribution prohibited"
"Nov 2004","External Debt","454,664,420,000","Rock Investment Bank | Licensed to kironjiemmanuel@gmail.com | Ref RIB-0E0466ECD65B | 10/6/2026, 4:43:26 PM | Confidential - redistribution prohibited"
"Nov 2004","Domestic Debt","302,543,910,000","Rock Investment Bank | Licensed to kironjiemmanuel@gmail.com | Ref RIB-0E0466ECD65B | 10/6/2026, 4:43:26 PM | Confidential - redistribution prohibited"
"Oct 2004","External Debt","454,539,950,000","Rock Investment Bank | Licensed to kironjiemmanuel@gmail.com | Ref RIB-0E0466ECD65B | 10/6/2026, 4:43:26 PM | Confidential - redistribution prohibited"
"Oct 2004","Domestic Debt","301,541,300,000","Rock Investment Bank | Licensed to kironjiemmanuel@gmail.com | Ref RIB-0E0466ECD65B | 10/6/2026, 4:43:26 PM | Confidential - redistribution prohibited"
"Sep 2004","External Debt","454,438,560,000","Rock Investment Bank | Licensed to kironjiemmanuel@gmail.com | Ref RIB-0E0466ECD65B | 10/6/2026, 4:43:26 PM | Confidential - redistribution prohibited"
"Sep 2004","Domestic Debt","299,745,580,000","Rock Investment Bank | Licensed to kironjiemmanuel@gmail.com | Ref RIB-0E0466ECD65B | 10/6/2026, 4:43:26 PM | Confidential - redistribution prohibited"
"Aug 2004","External Debt","444,460,660,000","Rock Investment Bank | Licensed to kironjiemmanuel@gmail.com | Ref RIB-0E0466ECD65B | 10/6/2026, 4:43:26 PM | Confidential - redistribution prohibited"
"Aug 2004","Domestic Debt","301,678,340,000","Rock Investment Bank | Licensed to kironjiemmanuel@gmail.com | Ref RIB-0E0466ECD65B | 10/6/2026, 4:43:26 PM | Confidential - redistribution prohibited"
"Jul 2004","External Debt","444,611,000,000","Rock Investment Bank | Licensed to kironjiemmanuel@gmail.com | Ref RIB-0E0466ECD65B | 10/6/2026, 4:43:26 PM | Confidential - redistribution prohibited"
"Jul 2004","Domestic Debt","303,462,120,000","Rock Investment Bank | Licensed to kironjiemmanuel@gmail.com | Ref RIB-0E0466ECD65B | 10/6/2026, 4:43:26 PM | Confidential - redistribution prohibited"
"Jun 2004","External Debt","443,157,430,000","Rock Investment Bank | Licensed to kironjiemmanuel@gmail.com | Ref RIB-0E0466ECD65B | 10/6/2026, 4:43:26 PM | Confidential - redistribution prohibited"
"Jun 2004","Domestic Debt","306,234,660,000","Rock Investment Bank | Licensed to kironjiemmanuel@gmail.com | Ref RIB-0E0466ECD65B | 10/6/2026, 4:43:26 PM | Confidential - redistribution prohibited"
"May 2004","Domestic Debt","299,347,290,000","Rock Investment Bank | Licensed to kironjiemmanuel@gmail.com | Ref RIB-0E0466ECD65B | 10/6/2026, 4:43:26 PM | Confidential - redistribution prohibited"
"May 2004","External Debt","408,547,540,000","Rock Investment Bank | Licensed to kironjiemmanuel@gmail.com | Ref RIB-0E0466ECD65B | 10/6/2026, 4:43:26 PM | Confidential - redistribution prohibited"
"Apr 2004","Domestic Debt","301,177,370,000","Rock Investment Bank | Licensed to kironjiemmanuel@gmail.com | Ref RIB-0E0466ECD65B | 10/6/2026, 4:43:26 PM | Confidential - redistribution prohibited"
"Apr 2004","External Debt","409,950,330,000","Rock Investment Bank | Licensed to kironjiemmanuel@gmail.com | Ref RIB-0E0466ECD65B | 10/6/2026, 4:43:26 PM | Confidential - redistribution prohibited"
"Mar 2004","Domestic Debt","302,023,580,000","Rock Investment Bank | Licensed to kironjiemmanuel@gmail.com | Ref RIB-0E0466ECD65B | 10/6/2026, 4:43:26 PM | Confidential - redistribution prohibited"
"Mar 2004","External Debt","412,036,080,000","Rock Investment Bank | Licensed to kironjiemmanuel@gmail.com | Ref RIB-0E0466ECD65B | 10/6/2026, 4:43:26 PM | Confidential - redistribution prohibited"
"Feb 2004","Domestic Debt","300,907,920,000","Rock Investment Bank | Licensed to kironjiemmanuel@gmail.com | Ref RIB-0E0466ECD65B | 10/6/2026, 4:43:26 PM | Confidential - redistribution prohibited"
"Feb 2004","External Debt","407,417,620,000","Rock Investment Bank | Licensed to kironjiemmanuel@gmail.com | Ref RIB-0E0466ECD65B | 10/6/2026, 4:43:26 PM | Confidential - redistribution prohibited"
"Jan 2004","Domestic Debt","299,701,260,000","Rock Investment Bank | Licensed to kironjiemmanuel@gmail.com | Ref RIB-0E0466ECD65B | 10/6/2026, 4:43:26 PM | Confidential - redistribution prohibited"
"Jan 2004","External Debt","409,158,260,000","Rock Investment Bank | Licensed to kironjiemmanuel@gmail.com | Ref RIB-0E0466ECD65B | 10/6/2026, 4:43:26 PM | Confidential - redistribution prohibited"
"Dec 2003","Domestic Debt","301,190,580,000","Rock Investment Bank | Licensed to kironjiemmanuel@gmail.com | Ref RIB-0E0466ECD65B | 10/6/2026, 4:43:26 PM | Confidential - redistribution prohibited"
"Dec 2003","External Debt","410,149,000,000","Rock Investment Bank | Licensed to kironjiemmanuel@gmail.com | Ref RIB-0E0466ECD65B | 10/6/2026, 4:43:26 PM | Confidential - redistribution prohibited"
"Nov 2003","Domestic Debt","303,548,410,000","Rock Investment Bank | Licensed to kironjiemmanuel@gmail.com | Ref RIB-0E0466ECD65B | 10/6/2026, 4:43:26 PM | Confidential - redistribution prohibited"
"Nov 2003","External Debt","406,592,250,000","Rock Investment Bank | Licensed to kironjiemmanuel@gmail.com | Ref RIB-0E0466ECD65B | 10/6/2026, 4:43:26 PM | Confidential - redistribution prohibited"
"Oct 2003","Domestic Debt","301,918,960,000","Rock Investment Bank | Licensed to kironjiemmanuel@gmail.com | Ref RIB-0E0466ECD65B | 10/6/2026, 4:43:26 PM | Confidential - redistribution prohibited"
"Oct 2003","External Debt","409,359,850,000","Rock Investment Bank | Licensed to kironjiemmanuel@gmail.com | Ref RIB-0E0466ECD65B | 10/6/2026, 4:43:26 PM | Confidential - redistribution prohibited"
"Sep 2003","Domestic Debt","303,252,050,000","Rock Investment Bank | Licensed to kironjiemmanuel@gmail.com | Ref RIB-0E0466ECD65B | 10/6/2026, 4:43:26 PM | Confidential - redistribution prohibited"
"Sep 2003","External Debt","411,067,000,000","Rock Investment Bank | Licensed to kironjiemmanuel@gmail.com | Ref RIB-0E0466ECD65B | 10/6/2026, 4:43:26 PM | Confidential - redistribution prohibited"
"Aug 2003","Domestic Debt","295,494,510,000","Rock Investment Bank | Licensed to kironjiemmanuel@gmail.com | Ref RIB-0E0466ECD65B | 10/6/2026, 4:43:26 PM | Confidential - redistribution prohibited"
"Aug 2003","External Debt","397,991,280,000","Rock Investment Bank | Licensed to kironjiemmanuel@gmail.com | Ref RIB-0E0466ECD65B | 10/6/2026, 4:43:26 PM | Confidential - redistribution prohibited"
"Jul 2003","Domestic Debt","292,277,470,000","Rock Investment Bank | Licensed to kironjiemmanuel@gmail.com | Ref RIB-0E0466ECD65B | 10/6/2026, 4:43:26 PM | Confidential - redistribution prohibited"
"Jul 2003","External Debt","398,532,850,000","Rock Investment Bank | Licensed to kironjiemmanuel@gmail.com | Ref RIB-0E0466ECD65B | 10/6/2026, 4:43:26 PM | Confidential - redistribution prohibited"
"Jun 2003","Domestic Debt","289,376,970,000","Rock Investment Bank | Licensed to kironjiemmanuel@gmail.com | Ref RIB-0E0466ECD65B | 10/6/2026, 4:43:26 PM | Confidential - redistribution prohibited"
"Jun 2003","External Debt","407,053,000,000","Rock Investment Bank | Licensed to kironjiemmanuel@gmail.com | Ref RIB-0E0466ECD65B | 10/6/2026, 4:43:26 PM | Confidential - redistribution prohibited"
"May 2003","Domestic Debt","280,928,980,000","Rock Investment Bank | Licensed to kironjiemmanuel@gmail.com | Ref RIB-0E0466ECD65B | 10/6/2026, 4:43:26 PM | Confidential - redistribution prohibited"
"May 2003","External Debt","361,731,200,000","Rock Investment Bank | Licensed to kironjiemmanuel@gmail.com | Ref RIB-0E0466ECD65B | 10/6/2026, 4:43:26 PM | Confidential - redistribution prohibited"
"Apr 2003","Domestic Debt","276,083,440,000","Rock Investment Bank | Licensed to kironjiemmanuel@gmail.com | Ref RIB-0E0466ECD65B | 10/6/2026, 4:43:26 PM | Confidential - redistribution prohibited"
"Apr 2003","External Debt","363,605,430,000","Rock Investment Bank | Licensed to kironjiemmanuel@gmail.com | Ref RIB-0E0466ECD65B | 10/6/2026, 4:43:26 PM | Confidential - redistribution prohibited"
"Mar 2003","Domestic Debt","270,716,280,000","Rock Investment Bank | Licensed to kironjiemmanuel@gmail.com | Ref RIB-0E0466ECD65B | 10/6/2026, 4:43:26 PM | Confidential - redistribution prohibited"
"Mar 2003","External Debt","364,904,260,000","Rock Investment Bank | Licensed to kironjiemmanuel@gmail.com | Ref RIB-0E0466ECD65B | 10/6/2026, 4:43:26 PM | Confidential - redistribution prohibited"
"Feb 2003","Domestic Debt","264,193,210,000","Rock Investment Bank | Licensed to kironjiemmanuel@gmail.com | Ref RIB-0E0466ECD65B | 10/6/2026, 4:43:26 PM | Confidential - redistribution prohibited"
"Feb 2003","External Debt","367,469,400,000","Rock Investment Bank | Licensed to kironjiemmanuel@gmail.com | Ref RIB-0E0466ECD65B | 10/6/2026, 4:43:26 PM | Confidential - redistribution prohibited"
"Jan 2003","Domestic Debt","263,986,330,000","Rock Investment Bank | Licensed to kironjiemmanuel@gmail.com | Ref RIB-0E0466ECD65B | 10/6/2026, 4:43:26 PM | Confidential - redistribution prohibited"
"Jan 2003","External Debt","369,051,090,000","Rock Investment Bank | Licensed to kironjiemmanuel@gmail.com | Ref RIB-0E0466ECD65B | 10/6/2026, 4:43:26 PM | Confidential - redistribution prohibited"
"Dec 2002","Domestic Debt","259,828,230,000","Rock Investment Bank | Licensed to kironjiemmanuel@gmail.com | Ref RIB-0E0466ECD65B | 10/6/2026, 4:43:26 PM | Confidential - redistribution prohibited"
"Dec 2002","External Debt","369,729,830,000","Rock Investment Bank | Licensed to kironjiemmanuel@gmail.com | Ref RIB-0E0466ECD65B | 10/6/2026, 4:43:26 PM | Confidential - redistribution prohibited"
"Nov 2002","Domestic Debt","255,192,660,000","Rock Investment Bank | Licensed to kironjiemmanuel@gmail.com | Ref RIB-0E0466ECD65B | 10/6/2026, 4:43:26 PM | Confidential - redistribution prohibited"
"Nov 2002","External Debt","371,334,710,000","Rock Investment Bank | Licensed to kironjiemmanuel@gmail.com | Ref RIB-0E0466ECD65B | 10/6/2026, 4:43:26 PM | Confidential - redistribution prohibited"
"Oct 2002","Domestic Debt","251,196,670,000","Rock Investment Bank | Licensed to kironjiemmanuel@gmail.com | Ref RIB-0E0466ECD65B | 10/6/2026, 4:43:26 PM | Confidential - redistribution prohibited"
"Oct 2002","External Debt","373,140,090,000","Rock Investment Bank | Licensed to kironjiemmanuel@gmail.com | Ref RIB-0E0466ECD65B | 10/6/2026, 4:43:26 PM | Confidential - redistribution prohibited"
"Sep 2002","Domestic Debt","250,808,600,000","Rock Investment Bank | Licensed to kironjiemmanuel@gmail.com | Ref RIB-0E0466ECD65B | 10/6/2026, 4:43:26 PM | Confidential - redistribution prohibited"
"Sep 2002","External Debt","375,034,190,000","Rock Investment Bank | Licensed to kironjiemmanuel@gmail.com | Ref RIB-0E0466ECD65B | 10/6/2026, 4:43:26 PM | Confidential - redistribution prohibited"
"Aug 2002","Domestic Debt","247,168,980,000","Rock Investment Bank | Licensed to kironjiemmanuel@gmail.com | Ref RIB-0E0466ECD65B | 10/6/2026, 4:43:26 PM | Confidential - redistribution prohibited"
"Aug 2002","External Debt","376,868,510,000","Rock Investment Bank | Licensed to kironjiemmanuel@gmail.com | Ref RIB-0E0466ECD65B | 10/6/2026, 4:43:26 PM | Confidential - redistribution prohibited"
"Jul 2002","Domestic Debt","242,102,050,000","Rock Investment Bank | Licensed to kironjiemmanuel@gmail.com | Ref RIB-0E0466ECD65B | 10/6/2026, 4:43:26 PM | Confidential - redistribution prohibited"
"Jul 2002","External Debt","376,712,940,000","Rock Investment Bank | Licensed to kironjiemmanuel@gmail.com | Ref RIB-0E0466ECD65B | 10/6/2026, 4:43:26 PM | Confidential - redistribution prohibited"
"Jun 2002","Domestic Debt","235,991,000,000","Rock Investment Bank | Licensed to kironjiemmanuel@gmail.com | Ref RIB-0E0466ECD65B | 10/6/2026, 4:43:26 PM | Confidential - redistribution prohibited"
"Jun 2002","External Debt","377,748,000,000","Rock Investment Bank | Licensed to kironjiemmanuel@gmail.com | Ref RIB-0E0466ECD65B | 10/6/2026, 4:43:26 PM | Confidential - redistribution prohibited"
"May 2002","Domestic Debt","231,773,000,000","Rock Investment Bank | Licensed to kironjiemmanuel@gmail.com | Ref RIB-0E0466ECD65B | 10/6/2026, 4:43:26 PM | Confidential - redistribution prohibited"
"May 2002","External Debt","378,594,340,000","Rock Investment Bank | Licensed to kironjiemmanuel@gmail.com | Ref RIB-0E0466ECD65B | 10/6/2026, 4:43:26 PM | Confidential - redistribution prohibited"
"Apr 2002","Domestic Debt","233,149,000,000","Rock Investment Bank | Licensed to kironjiemmanuel@gmail.com | Ref RIB-0E0466ECD65B | 10/6/2026, 4:43:26 PM | Confidential - redistribution prohibited"
"Apr 2002","External Debt","378,475,980,000","Rock Investment Bank | Licensed to kironjiemmanuel@gmail.com | Ref RIB-0E0466ECD65B | 10/6/2026, 4:43:26 PM | Confidential - redistribution prohibited"
"Mar 2002","Domestic Debt","229,167,000,000","Rock Investment Bank | Licensed to kironjiemmanuel@gmail.com | Ref RIB-0E0466ECD65B | 10/6/2026, 4:43:26 PM | Confidential - redistribution prohibited"
"Mar 2002","External Debt","380,169,060,000","Rock Investment Bank | Licensed to kironjiemmanuel@gmail.com | Ref RIB-0E0466ECD65B | 10/6/2026, 4:43:26 PM | Confidential - redistribution prohibited"
"Feb 2002","Domestic Debt","227,581,000,000","Rock Investment Bank | Licensed to kironjiemmanuel@gmail.com | Ref RIB-0E0466ECD65B | 10/6/2026, 4:43:26 PM | Confidential - redistribution prohibited"
"Feb 2002","External Debt","381,497,470,000","Rock Investment Bank | Licensed to kironjiemmanuel@gmail.com | Ref RIB-0E0466ECD65B | 10/6/2026, 4:43:26 PM | Confidential - redistribution prohibited"
"Jan 2002","Domestic Debt","222,711,000,000","Rock Investment Bank | Licensed to kironjiemmanuel@gmail.com | Ref RIB-0E0466ECD65B | 10/6/2026, 4:43:26 PM | Confidential - redistribution prohibited"
"Jan 2002","External Debt","382,302,840,000","Rock Investment Bank | Licensed to kironjiemmanuel@gmail.com | Ref RIB-0E0466ECD65B | 10/6/2026, 4:43:26 PM | Confidential - redistribution prohibited"
"Dec 2001","Domestic Debt","221,984,000,000","Rock Investment Bank | Licensed to kironjiemmanuel@gmail.com | Ref RIB-0E0466ECD65B | 10/6/2026, 4:43:26 PM | Confidential - redistribution prohibited"
"Dec 2001","External Debt","384,302,580,000","Rock Investment Bank | Licensed to kironjiemmanuel@gmail.com | Ref RIB-0E0466ECD65B | 10/6/2026, 4:43:26 PM | Confidential - redistribution prohibited"
"Nov 2001","Domestic Debt","217,524,000,000","Rock Investment Bank | Licensed to kironjiemmanuel@gmail.com | Ref RIB-0E0466ECD65B | 10/6/2026, 4:43:26 PM | Confidential - redistribution prohibited"
"Nov 2001","External Debt","386,971,920,000","Rock Investment Bank | Licensed to kironjiemmanuel@gmail.com | Ref RIB-0E0466ECD65B | 10/6/2026, 4:43:26 PM | Confidential - redistribution prohibited"
"Oct 2001","Domestic Debt","225,952,000,000","Rock Investment Bank | Licensed to kironjiemmanuel@gmail.com | Ref RIB-0E0466ECD65B | 10/6/2026, 4:43:26 PM | Confidential - redistribution prohibited"
"Oct 2001","External Debt","389,276,050,000","Rock Investment Bank | Licensed to kironjiemmanuel@gmail.com | Ref RIB-0E0466ECD65B | 10/6/2026, 4:43:26 PM | Confidential - redistribution prohibited"
"Sep 2001","Domestic Debt","219,165,000,000","Rock Investment Bank | Licensed to kironjiemmanuel@gmail.com | Ref RIB-0E0466ECD65B | 10/6/2026, 4:43:26 PM | Confidential - redistribution prohibited"
"Sep 2001","External Debt","392,052,740,000","Rock Investment Bank | Licensed to kironjiemmanuel@gmail.com | Ref RIB-0E0466ECD65B | 10/6/2026, 4:43:26 PM | Confidential - redistribution prohibited"
"Aug 2001","Domestic Debt","214,767,000,000","Rock Investment Bank | Licensed to kironjiemmanuel@gmail.com | Ref RIB-0E0466ECD65B | 10/6/2026, 4:43:26 PM | Confidential - redistribution prohibited"
"Aug 2001","External Debt","392,335,830,000","Rock Investment Bank | Licensed to kironjiemmanuel@gmail.com | Ref RIB-0E0466ECD65B | 10/6/2026, 4:43:26 PM | Confidential - redistribution prohibited"
"Jul 2001","Domestic Debt","205,012,000,000","Rock Investment Bank | Licensed to kironjiemmanuel@gmail.com | Ref RIB-0E0466ECD65B | 10/6/2026, 4:43:26 PM | Confidential - redistribution prohibited"
"Jul 2001","External Debt","393,491,360,000","Rock Investment Bank | Licensed to kironjiemmanuel@gmail.com | Ref RIB-0E0466ECD65B | 10/6/2026, 4:43:26 PM | Confidential - redistribution prohibited"
"Jun 2001","Domestic Debt","211,812,600,000","Rock Investment Bank | Licensed to kironjiemmanuel@gmail.com | Ref RIB-0E0466ECD65B | 10/6/2026, 4:43:26 PM | Confidential - redistribution prohibited"
"Jun 2001","External Debt","393,978,000,000","Rock Investment Bank | Licensed to kironjiemmanuel@gmail.com | Ref RIB-0E0466ECD65B | 10/6/2026, 4:43:26 PM | Confidential - redistribution prohibited"
"May 2001","Domestic Debt","202,880,880,000","Rock Investment Bank | Licensed to kironjiemmanuel@gmail.com | Ref RIB-0E0466ECD65B | 10/6/2026, 4:43:26 PM | Confidential - redistribution prohibited"
"May 2001","External Debt","408,100,640,000","Rock Investment Bank | Licensed to kironjiemmanuel@gmail.com | Ref RIB-0E0466ECD65B | 10/6/2026, 4:43:26 PM | Confidential - redistribution prohibited"
"Apr 2001","Domestic Debt","210,581,440,000","Rock Investment Bank | Licensed to kironjiemmanuel@gmail.com | Ref RIB-0E0466ECD65B | 10/6/2026, 4:43:26 PM | Confidential - redistribution prohibited"
"Apr 2001","External Debt","402,308,310,000","Rock Investment Bank | Licensed to kironjiemmanuel@gmail.com | Ref RIB-0E0466ECD65B | 10/6/2026, 4:43:26 PM | Confidential - redistribution prohibited"
"Mar 2001","Domestic Debt","200,622,580,000","Rock Investment Bank | Licensed to kironjiemmanuel@gmail.com | Ref RIB-0E0466ECD65B | 10/6/2026, 4:43:26 PM | Confidential - redistribution prohibited"
"Mar 2001","External Debt","403,373,540,000","Rock Investment Bank | Licensed to kironjiemmanuel@gmail.com | Ref RIB-0E0466ECD65B | 10/6/2026, 4:43:26 PM | Confidential - redistribution prohibited"
"Feb 2001","Domestic Debt","199,537,270,000","Rock Investment Bank | Licensed to kironjiemmanuel@gmail.com | Ref RIB-0E0466ECD65B | 10/6/2026, 4:43:26 PM | Confidential - redistribution prohibited"
"Feb 2001","External Debt","402,555,400,000","Rock Investment Bank | Licensed to kironjiemmanuel@gmail.com | Ref RIB-0E0466ECD65B | 10/6/2026, 4:43:26 PM | Confidential - redistribution prohibited"
"Jan 2001","Domestic Debt","193,332,950,000","Rock Investment Bank | Licensed to kironjiemmanuel@gmail.com | Ref RIB-0E0466ECD65B | 10/6/2026, 4:43:26 PM | Confidential - redistribution prohibited"
"Jan 2001","External Debt","403,645,680,000","Rock Investment Bank | Licensed to kironjiemmanuel@gmail.com | Ref RIB-0E0466ECD65B | 10/6/2026, 4:43:26 PM | Confidential - redistribution prohibited"
"Dec 2000","Domestic Debt","192,665,300,000","Rock Investment Bank | Licensed to kironjiemmanuel@gmail.com | Ref RIB-0E0466ECD65B | 10/6/2026, 4:43:26 PM | Confidential - redistribution prohibited"
"Dec 2000","External Debt","405,355,310,000","Rock Investment Bank | Licensed to kironjiemmanuel@gmail.com | Ref RIB-0E0466ECD65B | 10/6/2026, 4:43:26 PM | Confidential - redistribution prohibited"
"Nov 2000","Domestic Debt","195,906,000,000","Rock Investment Bank | Licensed to kironjiemmanuel@gmail.com | Ref RIB-0E0466ECD65B | 10/6/2026, 4:43:26 PM | Confidential - redistribution prohibited"
"Nov 2000","External Debt","400,714,450,000","Rock Investment Bank | Licensed to kironjiemmanuel@gmail.com | Ref RIB-0E0466ECD65B | 10/6/2026, 4:43:26 PM | Confidential - redistribution prohibited"
"Oct 2000","Domestic Debt","195,564,000,000","Rock Investment Bank | Licensed to kironjiemmanuel@gmail.com | Ref RIB-0E0466ECD65B | 10/6/2026, 4:43:26 PM | Confidential - redistribution prohibited"
"Oct 2000","External Debt","400,203,030,000","Rock Investment Bank | Licensed to kironjiemmanuel@gmail.com | Ref RIB-0E0466ECD65B | 10/6/2026, 4:43:26 PM | Confidential - redistribution prohibited"
"Sep 2000","Domestic Debt","195,520,000,000","Rock Investment Bank | Licensed to kironjiemmanuel@gmail.com | Ref RIB-0E0466ECD65B | 10/6/2026, 4:43:26 PM | Confidential - redistribution prohibited"
"Sep 2000","External Debt","399,798,720,000","Rock Investment Bank | Licensed to kironjiemmanuel@gmail.com | Ref RIB-0E0466ECD65B | 10/6/2026, 4:43:26 PM | Confidential - redistribution prohibited"
"Aug 2000","Domestic Debt","196,584,000,000","Rock Investment Bank | Licensed to kironjiemmanuel@gmail.com | Ref RIB-0E0466ECD65B | 10/6/2026, 4:43:26 PM | Confidential - redistribution prohibited"
"Aug 2000","External Debt","395,710,060,000","Rock Investment Bank | Licensed to kironjiemmanuel@gmail.com | Ref RIB-0E0466ECD65B | 10/6/2026, 4:43:26 PM | Confidential - redistribution prohibited"
"Jul 2000","Domestic Debt","202,362,000,000","Rock Investment Bank | Licensed to kironjiemmanuel@gmail.com | Ref RIB-0E0466ECD65B | 10/6/2026, 4:43:26 PM | Confidential - redistribution prohibited"
"Jul 2000","External Debt","394,667,370,000","Rock Investment Bank | Licensed to kironjiemmanuel@gmail.com | Ref RIB-0E0466ECD65B | 10/6/2026, 4:43:26 PM | Confidential - redistribution prohibited"
"Jun 2000","Domestic Debt","206,127,000,000","Rock Investment Bank | Licensed to kironjiemmanuel@gmail.com | Ref RIB-0E0466ECD65B | 10/6/2026, 4:43:26 PM | Confidential - redistribution prohibited"
"Jun 2000","External Debt","395,694,000,000","Rock Investment Bank | Licensed to kironjiemmanuel@gmail.com | Ref RIB-0E0466ECD65B | 10/6/2026, 4:43:26 PM | Confidential - redistribution prohibited"
"Mar 2000","Domestic Debt","201,463,220,000","Rock Investment Bank | Licensed to kironjiemmanuel@gmail.com | Ref RIB-0E0466ECD65B | 10/6/2026, 4:43:26 PM | Confidential - redistribution prohibited"
"Mar 2000","External Debt","396,800,000,000","Rock Investment Bank | Licensed to kironjiemmanuel@gmail.com | Ref RIB-0E0466ECD65B | 10/6/2026, 4:43:26 PM | Confidential - redistribution prohibited"
"Dec 1999","Domestic Debt","190,300,000,000","Rock Investment Bank | Licensed to kironjiemmanuel@gmail.com | Ref RIB-0E0466ECD65B | 10/6/2026, 4:43:26 PM | Confidential - redistribution prohibited"
"Dec 1999","External Debt","311,953,000,000","Rock Investment Bank | Licensed to kironjiemmanuel@gmail.com | Ref RIB-0E0466ECD65B | 10/6/2026, 4:43:26 PM | Confidential - redistribution prohibited"
"Sep 1999","Domestic Debt","183,417,000,000","Rock Investment Bank | Licensed to kironjiemmanuel@gmail.com | Ref RIB-0E0466ECD65B | 10/6/2026, 4:43:26 PM | Confidential - redistribution prohibited"
"Sep 1999","External Debt","320,137,000,000","Rock Investment Bank | Licensed to kironjiemmanuel@gmail.com | Ref RIB-0E0466ECD65B | 10/6/2026, 4:43:26 PM | Confidential - redistribution prohibited"