"Date","Tenor","Rate (%)","Source"
"Jan 12, 2015","91-Day","8.53%","Rock Investment Bank | Licensed to kironjiemmanuel@gmail.com | Ref RIB-2EB094A9EE89 | 10/6/2026, 4:40:51 PM | Confidential - redistribution prohibited"
"Jan 12, 2015","364-Day","10.68%","Rock Investment Bank | Licensed to kironjiemmanuel@gmail.com | Ref RIB-2EB094A9EE89 | 10/6/2026, 4:40:51 PM | Confidential - redistribution prohibited"
"Jan 19, 2015","91-Day","8.60%","Rock Investment Bank | Licensed to kironjiemmanuel@gmail.com | Ref RIB-2EB094A9EE89 | 10/6/2026, 4:40:51 PM | Confidential - redistribution prohibited"
"Jan 19, 2015","364-Day","10.71%","Rock Investment Bank | Licensed to kironjiemmanuel@gmail.com | Ref RIB-2EB094A9EE89 | 10/6/2026, 4:40:51 PM | Confidential - redistribution prohibited"
"Jan 26, 2015","91-Day","8.68%","Rock Investment Bank | Licensed to kironjiemmanuel@gmail.com | Ref RIB-2EB094A9EE89 | 10/6/2026, 4:40:51 PM | Confidential - redistribution prohibited"
"Jan 26, 2015","364-Day","10.82%","Rock Investment Bank | Licensed to kironjiemmanuel@gmail.com | Ref RIB-2EB094A9EE89 | 10/6/2026, 4:40:51 PM | Confidential - redistribution prohibited"
"Feb 2, 2015","91-Day","8.57%","Rock Investment Bank | Licensed to kironjiemmanuel@gmail.com | Ref RIB-2EB094A9EE89 | 10/6/2026, 4:40:51 PM | Confidential - redistribution prohibited"
"Feb 2, 2015","364-Day","10.98%","Rock Investment Bank | Licensed to kironjiemmanuel@gmail.com | Ref RIB-2EB094A9EE89 | 10/6/2026, 4:40:51 PM | Confidential - redistribution prohibited"
"Feb 9, 2015","91-Day","8.58%","Rock Investment Bank | Licensed to kironjiemmanuel@gmail.com | Ref RIB-2EB094A9EE89 | 10/6/2026, 4:40:51 PM | Confidential - redistribution prohibited"
"Feb 9, 2015","364-Day","10.99%","Rock Investment Bank | Licensed to kironjiemmanuel@gmail.com | Ref RIB-2EB094A9EE89 | 10/6/2026, 4:40:51 PM | Confidential - redistribution prohibited"
"Feb 16, 2015","91-Day","8.56%","Rock Investment Bank | Licensed to kironjiemmanuel@gmail.com | Ref RIB-2EB094A9EE89 | 10/6/2026, 4:40:51 PM | Confidential - redistribution prohibited"
"Feb 16, 2015","364-Day","10.94%","Rock Investment Bank | Licensed to kironjiemmanuel@gmail.com | Ref RIB-2EB094A9EE89 | 10/6/2026, 4:40:51 PM | Confidential - redistribution prohibited"
"Feb 23, 2015","91-Day","8.64%","Rock Investment Bank | Licensed to kironjiemmanuel@gmail.com | Ref RIB-2EB094A9EE89 | 10/6/2026, 4:40:51 PM | Confidential - redistribution prohibited"
"Feb 23, 2015","364-Day","10.91%","Rock Investment Bank | Licensed to kironjiemmanuel@gmail.com | Ref RIB-2EB094A9EE89 | 10/6/2026, 4:40:51 PM | Confidential - redistribution prohibited"
"Mar 2, 2015","91-Day","8.64%","Rock Investment Bank | Licensed to kironjiemmanuel@gmail.com | Ref RIB-2EB094A9EE89 | 10/6/2026, 4:40:51 PM | Confidential - redistribution prohibited"
"Mar 2, 2015","364-Day","10.89%","Rock Investment Bank | Licensed to kironjiemmanuel@gmail.com | Ref RIB-2EB094A9EE89 | 10/6/2026, 4:40:51 PM | Confidential - redistribution prohibited"
"Mar 9, 2015","91-Day","8.46%","Rock Investment Bank | Licensed to kironjiemmanuel@gmail.com | Ref RIB-2EB094A9EE89 | 10/6/2026, 4:40:51 PM | Confidential - redistribution prohibited"
"Mar 9, 2015","182-Day","10.20%","Rock Investment Bank | Licensed to kironjiemmanuel@gmail.com | Ref RIB-2EB094A9EE89 | 10/6/2026, 4:40:51 PM | Confidential - redistribution prohibited"
"Mar 9, 2015","364-Day","10.77%","Rock Investment Bank | Licensed to kironjiemmanuel@gmail.com | Ref RIB-2EB094A9EE89 | 10/6/2026, 4:40:51 PM | Confidential - redistribution prohibited"
"Mar 16, 2015","91-Day","8.45%","Rock Investment Bank | Licensed to kironjiemmanuel@gmail.com | Ref RIB-2EB094A9EE89 | 10/6/2026, 4:40:51 PM | Confidential - redistribution prohibited"
"Mar 16, 2015","182-Day","10.24%","Rock Investment Bank | Licensed to kironjiemmanuel@gmail.com | Ref RIB-2EB094A9EE89 | 10/6/2026, 4:40:51 PM | Confidential - redistribution prohibited"
"Mar 16, 2015","364-Day","10.64%","Rock Investment Bank | Licensed to kironjiemmanuel@gmail.com | Ref RIB-2EB094A9EE89 | 10/6/2026, 4:40:51 PM | Confidential - redistribution prohibited"
"Mar 23, 2015","91-Day","8.45%","Rock Investment Bank | Licensed to kironjiemmanuel@gmail.com | Ref RIB-2EB094A9EE89 | 10/6/2026, 4:40:51 PM | Confidential - redistribution prohibited"
"Mar 23, 2015","182-Day","10.28%","Rock Investment Bank | Licensed to kironjiemmanuel@gmail.com | Ref RIB-2EB094A9EE89 | 10/6/2026, 4:40:51 PM | Confidential - redistribution prohibited"
"Mar 23, 2015","364-Day","10.60%","Rock Investment Bank | Licensed to kironjiemmanuel@gmail.com | Ref RIB-2EB094A9EE89 | 10/6/2026, 4:40:51 PM | Confidential - redistribution prohibited"
"Mar 30, 2015","91-Day","8.44%","Rock Investment Bank | Licensed to kironjiemmanuel@gmail.com | Ref RIB-2EB094A9EE89 | 10/6/2026, 4:40:51 PM | Confidential - redistribution prohibited"
"Mar 30, 2015","182-Day","10.33%","Rock Investment Bank | Licensed to kironjiemmanuel@gmail.com | Ref RIB-2EB094A9EE89 | 10/6/2026, 4:40:51 PM | Confidential - redistribution prohibited"
"Mar 30, 2015","364-Day","10.55%","Rock Investment Bank | Licensed to kironjiemmanuel@gmail.com | Ref RIB-2EB094A9EE89 | 10/6/2026, 4:40:51 PM | Confidential - redistribution prohibited"
"Apr 6, 2015","91-Day","8.45%","Rock Investment Bank | Licensed to kironjiemmanuel@gmail.com | Ref RIB-2EB094A9EE89 | 10/6/2026, 4:40:51 PM | Confidential - redistribution prohibited"
"Apr 6, 2015","182-Day","10.36%","Rock Investment Bank | Licensed to kironjiemmanuel@gmail.com | Ref RIB-2EB094A9EE89 | 10/6/2026, 4:40:51 PM | Confidential - redistribution prohibited"
"Apr 6, 2015","364-Day","10.54%","Rock Investment Bank | Licensed to kironjiemmanuel@gmail.com | Ref RIB-2EB094A9EE89 | 10/6/2026, 4:40:51 PM | Confidential - redistribution prohibited"
"Apr 13, 2015","91-Day","8.42%","Rock Investment Bank | Licensed to kironjiemmanuel@gmail.com | Ref RIB-2EB094A9EE89 | 10/6/2026, 4:40:51 PM | Confidential - redistribution prohibited"
"Apr 13, 2015","182-Day","10.40%","Rock Investment Bank | Licensed to kironjiemmanuel@gmail.com | Ref RIB-2EB094A9EE89 | 10/6/2026, 4:40:51 PM | Confidential - redistribution prohibited"
"Apr 13, 2015","364-Day","10.57%","Rock Investment Bank | Licensed to kironjiemmanuel@gmail.com | Ref RIB-2EB094A9EE89 | 10/6/2026, 4:40:51 PM | Confidential - redistribution prohibited"
"Apr 20, 2015","91-Day","8.41%","Rock Investment Bank | Licensed to kironjiemmanuel@gmail.com | Ref RIB-2EB094A9EE89 | 10/6/2026, 4:40:51 PM | Confidential - redistribution prohibited"
"Apr 20, 2015","182-Day","10.38%","Rock Investment Bank | Licensed to kironjiemmanuel@gmail.com | Ref RIB-2EB094A9EE89 | 10/6/2026, 4:40:51 PM | Confidential - redistribution prohibited"
"Apr 20, 2015","364-Day","10.58%","Rock Investment Bank | Licensed to kironjiemmanuel@gmail.com | Ref RIB-2EB094A9EE89 | 10/6/2026, 4:40:51 PM | Confidential - redistribution prohibited"
"Apr 27, 2015","91-Day","8.41%","Rock Investment Bank | Licensed to kironjiemmanuel@gmail.com | Ref RIB-2EB094A9EE89 | 10/6/2026, 4:40:51 PM | Confidential - redistribution prohibited"
"Apr 27, 2015","182-Day","10.37%","Rock Investment Bank | Licensed to kironjiemmanuel@gmail.com | Ref RIB-2EB094A9EE89 | 10/6/2026, 4:40:51 PM | Confidential - redistribution prohibited"
"Apr 27, 2015","364-Day","10.58%","Rock Investment Bank | Licensed to kironjiemmanuel@gmail.com | Ref RIB-2EB094A9EE89 | 10/6/2026, 4:40:51 PM | Confidential - redistribution prohibited"
"May 4, 2015","91-Day","8.38%","Rock Investment Bank | Licensed to kironjiemmanuel@gmail.com | Ref RIB-2EB094A9EE89 | 10/6/2026, 4:40:51 PM | Confidential - redistribution prohibited"
"May 4, 2015","182-Day","10.38%","Rock Investment Bank | Licensed to kironjiemmanuel@gmail.com | Ref RIB-2EB094A9EE89 | 10/6/2026, 4:40:51 PM | Confidential - redistribution prohibited"
"May 4, 2015","364-Day","10.61%","Rock Investment Bank | Licensed to kironjiemmanuel@gmail.com | Ref RIB-2EB094A9EE89 | 10/6/2026, 4:40:51 PM | Confidential - redistribution prohibited"
"May 11, 2015","91-Day","8.36%","Rock Investment Bank | Licensed to kironjiemmanuel@gmail.com | Ref RIB-2EB094A9EE89 | 10/6/2026, 4:40:51 PM | Confidential - redistribution prohibited"
"May 11, 2015","182-Day","10.36%","Rock Investment Bank | Licensed to kironjiemmanuel@gmail.com | Ref RIB-2EB094A9EE89 | 10/6/2026, 4:40:51 PM | Confidential - redistribution prohibited"
"May 11, 2015","364-Day","10.68%","Rock Investment Bank | Licensed to kironjiemmanuel@gmail.com | Ref RIB-2EB094A9EE89 | 10/6/2026, 4:40:51 PM | Confidential - redistribution prohibited"
"May 18, 2015","91-Day","8.17%","Rock Investment Bank | Licensed to kironjiemmanuel@gmail.com | Ref RIB-2EB094A9EE89 | 10/6/2026, 4:40:51 PM | Confidential - redistribution prohibited"
"May 18, 2015","182-Day","10.33%","Rock Investment Bank | Licensed to kironjiemmanuel@gmail.com | Ref RIB-2EB094A9EE89 | 10/6/2026, 4:40:51 PM | Confidential - redistribution prohibited"
"May 18, 2015","364-Day","10.77%","Rock Investment Bank | Licensed to kironjiemmanuel@gmail.com | Ref RIB-2EB094A9EE89 | 10/6/2026, 4:40:51 PM | Confidential - redistribution prohibited"
"May 22, 2015","91-Day","8.12%","Rock Investment Bank | Licensed to kironjiemmanuel@gmail.com | Ref RIB-2EB094A9EE89 | 10/6/2026, 4:40:51 PM | Confidential - redistribution prohibited"
"May 22, 2015","182-Day","10.30%","Rock Investment Bank | Licensed to kironjiemmanuel@gmail.com | Ref RIB-2EB094A9EE89 | 10/6/2026, 4:40:51 PM | Confidential - redistribution prohibited"
"May 22, 2015","364-Day","10.81%","Rock Investment Bank | Licensed to kironjiemmanuel@gmail.com | Ref RIB-2EB094A9EE89 | 10/6/2026, 4:40:51 PM | Confidential - redistribution prohibited"
"May 30, 2015","91-Day","8.16%","Rock Investment Bank | Licensed to kironjiemmanuel@gmail.com | Ref RIB-2EB094A9EE89 | 10/6/2026, 4:40:51 PM | Confidential - redistribution prohibited"
"May 30, 2015","182-Day","10.27%","Rock Investment Bank | Licensed to kironjiemmanuel@gmail.com | Ref RIB-2EB094A9EE89 | 10/6/2026, 4:40:51 PM | Confidential - redistribution prohibited"
"May 30, 2015","364-Day","10.80%","Rock Investment Bank | Licensed to kironjiemmanuel@gmail.com | Ref RIB-2EB094A9EE89 | 10/6/2026, 4:40:51 PM | Confidential - redistribution prohibited"
"Jun 8, 2015","91-Day","8.22%","Rock Investment Bank | Licensed to kironjiemmanuel@gmail.com | Ref RIB-2EB094A9EE89 | 10/6/2026, 4:40:51 PM | Confidential - redistribution prohibited"
"Jun 8, 2015","182-Day","10.25%","Rock Investment Bank | Licensed to kironjiemmanuel@gmail.com | Ref RIB-2EB094A9EE89 | 10/6/2026, 4:40:51 PM | Confidential - redistribution prohibited"
"Jun 8, 2015","364-Day","10.80%","Rock Investment Bank | Licensed to kironjiemmanuel@gmail.com | Ref RIB-2EB094A9EE89 | 10/6/2026, 4:40:51 PM | Confidential - redistribution prohibited"
"Jun 15, 2015","91-Day","8.31%","Rock Investment Bank | Licensed to kironjiemmanuel@gmail.com | Ref RIB-2EB094A9EE89 | 10/6/2026, 4:40:51 PM | Confidential - redistribution prohibited"
"Jun 15, 2015","182-Day","10.25%","Rock Investment Bank | Licensed to kironjiemmanuel@gmail.com | Ref RIB-2EB094A9EE89 | 10/6/2026, 4:40:51 PM | Confidential - redistribution prohibited"
"Jun 15, 2015","364-Day","11.09%","Rock Investment Bank | Licensed to kironjiemmanuel@gmail.com | Ref RIB-2EB094A9EE89 | 10/6/2026, 4:40:51 PM | Confidential - redistribution prohibited"
"Jun 22, 2015","91-Day","8.32%","Rock Investment Bank | Licensed to kironjiemmanuel@gmail.com | Ref RIB-2EB094A9EE89 | 10/6/2026, 4:40:51 PM | Confidential - redistribution prohibited"
"Jun 22, 2015","182-Day","10.27%","Rock Investment Bank | Licensed to kironjiemmanuel@gmail.com | Ref RIB-2EB094A9EE89 | 10/6/2026, 4:40:51 PM | Confidential - redistribution prohibited"
"Jun 22, 2015","364-Day","11.14%","Rock Investment Bank | Licensed to kironjiemmanuel@gmail.com | Ref RIB-2EB094A9EE89 | 10/6/2026, 4:40:51 PM | Confidential - redistribution prohibited"
"Jun 29, 2015","91-Day","8.27%","Rock Investment Bank | Licensed to kironjiemmanuel@gmail.com | Ref RIB-2EB094A9EE89 | 10/6/2026, 4:40:51 PM | Confidential - redistribution prohibited"
"Jun 29, 2015","182-Day","10.27%","Rock Investment Bank | Licensed to kironjiemmanuel@gmail.com | Ref RIB-2EB094A9EE89 | 10/6/2026, 4:40:51 PM | Confidential - redistribution prohibited"
"Jun 29, 2015","364-Day","11.07%","Rock Investment Bank | Licensed to kironjiemmanuel@gmail.com | Ref RIB-2EB094A9EE89 | 10/6/2026, 4:40:51 PM | Confidential - redistribution prohibited"
"Jul 6, 2015","91-Day","8.16%","Rock Investment Bank | Licensed to kironjiemmanuel@gmail.com | Ref RIB-2EB094A9EE89 | 10/6/2026, 4:40:51 PM | Confidential - redistribution prohibited"
"Jul 6, 2015","182-Day","10.33%","Rock Investment Bank | Licensed to kironjiemmanuel@gmail.com | Ref RIB-2EB094A9EE89 | 10/6/2026, 4:40:51 PM | Confidential - redistribution prohibited"
"Jul 6, 2015","364-Day","11.03%","Rock Investment Bank | Licensed to kironjiemmanuel@gmail.com | Ref RIB-2EB094A9EE89 | 10/6/2026, 4:40:51 PM | Confidential - redistribution prohibited"
"Jul 13, 2015","91-Day","11.29%","Rock Investment Bank | Licensed to kironjiemmanuel@gmail.com | Ref RIB-2EB094A9EE89 | 10/6/2026, 4:40:51 PM | Confidential - redistribution prohibited"
"Jul 13, 2015","182-Day","10.39%","Rock Investment Bank | Licensed to kironjiemmanuel@gmail.com | Ref RIB-2EB094A9EE89 | 10/6/2026, 4:40:51 PM | Confidential - redistribution prohibited"
"Jul 13, 2015","364-Day","11.14%","Rock Investment Bank | Licensed to kironjiemmanuel@gmail.com | Ref RIB-2EB094A9EE89 | 10/6/2026, 4:40:51 PM | Confidential - redistribution prohibited"
"Jul 20, 2015","91-Day","11.33%","Rock Investment Bank | Licensed to kironjiemmanuel@gmail.com | Ref RIB-2EB094A9EE89 | 10/6/2026, 4:40:51 PM | Confidential - redistribution prohibited"
"Jul 20, 2015","182-Day","10.55%","Rock Investment Bank | Licensed to kironjiemmanuel@gmail.com | Ref RIB-2EB094A9EE89 | 10/6/2026, 4:40:51 PM | Confidential - redistribution prohibited"
"Jul 20, 2015","364-Day","12.53%","Rock Investment Bank | Licensed to kironjiemmanuel@gmail.com | Ref RIB-2EB094A9EE89 | 10/6/2026, 4:40:51 PM | Confidential - redistribution prohibited"
"Jul 27, 2015","91-Day","11.49%","Rock Investment Bank | Licensed to kironjiemmanuel@gmail.com | Ref RIB-2EB094A9EE89 | 10/6/2026, 4:40:51 PM | Confidential - redistribution prohibited"
"Jul 27, 2015","182-Day","10.50%","Rock Investment Bank | Licensed to kironjiemmanuel@gmail.com | Ref RIB-2EB094A9EE89 | 10/6/2026, 4:40:51 PM | Confidential - redistribution prohibited"
"Jul 27, 2015","364-Day","13.03%","Rock Investment Bank | Licensed to kironjiemmanuel@gmail.com | Ref RIB-2EB094A9EE89 | 10/6/2026, 4:40:51 PM | Confidential - redistribution prohibited"
"Aug 3, 2015","91-Day","11.54%","Rock Investment Bank | Licensed to kironjiemmanuel@gmail.com | Ref RIB-2EB094A9EE89 | 10/6/2026, 4:40:51 PM | Confidential - redistribution prohibited"
"Aug 3, 2015","182-Day","10.50%","Rock Investment Bank | Licensed to kironjiemmanuel@gmail.com | Ref RIB-2EB094A9EE89 | 10/6/2026, 4:40:51 PM | Confidential - redistribution prohibited"
"Aug 3, 2015","364-Day","13.50%","Rock Investment Bank | Licensed to kironjiemmanuel@gmail.com | Ref RIB-2EB094A9EE89 | 10/6/2026, 4:40:51 PM | Confidential - redistribution prohibited"
"Aug 10, 2015","91-Day","11.57%","Rock Investment Bank | Licensed to kironjiemmanuel@gmail.com | Ref RIB-2EB094A9EE89 | 10/6/2026, 4:40:51 PM | Confidential - redistribution prohibited"
"Aug 10, 2015","182-Day","10.54%","Rock Investment Bank | Licensed to kironjiemmanuel@gmail.com | Ref RIB-2EB094A9EE89 | 10/6/2026, 4:40:51 PM | Confidential - redistribution prohibited"
"Aug 10, 2015","364-Day","13.13%","Rock Investment Bank | Licensed to kironjiemmanuel@gmail.com | Ref RIB-2EB094A9EE89 | 10/6/2026, 4:40:51 PM | Confidential - redistribution prohibited"
"Aug 17, 2015","91-Day","11.50%","Rock Investment Bank | Licensed to kironjiemmanuel@gmail.com | Ref RIB-2EB094A9EE89 | 10/6/2026, 4:40:51 PM | Confidential - redistribution prohibited"
"Aug 17, 2015","182-Day","10.64%","Rock Investment Bank | Licensed to kironjiemmanuel@gmail.com | Ref RIB-2EB094A9EE89 | 10/6/2026, 4:40:51 PM | Confidential - redistribution prohibited"
"Aug 17, 2015","364-Day","13.00%","Rock Investment Bank | Licensed to kironjiemmanuel@gmail.com | Ref RIB-2EB094A9EE89 | 10/6/2026, 4:40:51 PM | Confidential - redistribution prohibited"
"Aug 24, 2015","91-Day","11.57%","Rock Investment Bank | Licensed to kironjiemmanuel@gmail.com | Ref RIB-2EB094A9EE89 | 10/6/2026, 4:40:51 PM | Confidential - redistribution prohibited"
"Aug 24, 2015","182-Day","10.55%","Rock Investment Bank | Licensed to kironjiemmanuel@gmail.com | Ref RIB-2EB094A9EE89 | 10/6/2026, 4:40:51 PM | Confidential - redistribution prohibited"
"Aug 24, 2015","364-Day","13.05%","Rock Investment Bank | Licensed to kironjiemmanuel@gmail.com | Ref RIB-2EB094A9EE89 | 10/6/2026, 4:40:51 PM | Confidential - redistribution prohibited"
"Aug 31, 2015","91-Day","11.52%","Rock Investment Bank | Licensed to kironjiemmanuel@gmail.com | Ref RIB-2EB094A9EE89 | 10/6/2026, 4:40:51 PM | Confidential - redistribution prohibited"
"Aug 31, 2015","182-Day","11.32%","Rock Investment Bank | Licensed to kironjiemmanuel@gmail.com | Ref RIB-2EB094A9EE89 | 10/6/2026, 4:40:51 PM | Confidential - redistribution prohibited"
"Aug 31, 2015","364-Day","13.82%","Rock Investment Bank | Licensed to kironjiemmanuel@gmail.com | Ref RIB-2EB094A9EE89 | 10/6/2026, 4:40:51 PM | Confidential - redistribution prohibited"
"Sep 7, 2015","91-Day","11.50%","Rock Investment Bank | Licensed to kironjiemmanuel@gmail.com | Ref RIB-2EB094A9EE89 | 10/6/2026, 4:40:51 PM | Confidential - redistribution prohibited"
"Sep 7, 2015","182-Day","12.05%","Rock Investment Bank | Licensed to kironjiemmanuel@gmail.com | Ref RIB-2EB094A9EE89 | 10/6/2026, 4:40:51 PM | Confidential - redistribution prohibited"
"Sep 7, 2015","364-Day","13.97%","Rock Investment Bank | Licensed to kironjiemmanuel@gmail.com | Ref RIB-2EB094A9EE89 | 10/6/2026, 4:40:51 PM | Confidential - redistribution prohibited"
"Sep 14, 2015","91-Day","13.86%","Rock Investment Bank | Licensed to kironjiemmanuel@gmail.com | Ref RIB-2EB094A9EE89 | 10/6/2026, 4:40:51 PM | Confidential - redistribution prohibited"
"Sep 14, 2015","182-Day","12.15%","Rock Investment Bank | Licensed to kironjiemmanuel@gmail.com | Ref RIB-2EB094A9EE89 | 10/6/2026, 4:40:51 PM | Confidential - redistribution prohibited"
"Sep 14, 2015","364-Day","14.95%","Rock Investment Bank | Licensed to kironjiemmanuel@gmail.com | Ref RIB-2EB094A9EE89 | 10/6/2026, 4:40:51 PM | Confidential - redistribution prohibited"
"Sep 21, 2015","91-Day","14.49%","Rock Investment Bank | Licensed to kironjiemmanuel@gmail.com | Ref RIB-2EB094A9EE89 | 10/6/2026, 4:40:51 PM | Confidential - redistribution prohibited"
"Sep 21, 2015","182-Day","12.43%","Rock Investment Bank | Licensed to kironjiemmanuel@gmail.com | Ref RIB-2EB094A9EE89 | 10/6/2026, 4:40:51 PM | Confidential - redistribution prohibited"
"Sep 21, 2015","364-Day","15.77%","Rock Investment Bank | Licensed to kironjiemmanuel@gmail.com | Ref RIB-2EB094A9EE89 | 10/6/2026, 4:40:51 PM | Confidential - redistribution prohibited"
"Sep 28, 2015","91-Day","18.61%","Rock Investment Bank | Licensed to kironjiemmanuel@gmail.com | Ref RIB-2EB094A9EE89 | 10/6/2026, 4:40:51 PM | Confidential - redistribution prohibited"
"Sep 28, 2015","182-Day","11.93%","Rock Investment Bank | Licensed to kironjiemmanuel@gmail.com | Ref RIB-2EB094A9EE89 | 10/6/2026, 4:40:51 PM | Confidential - redistribution prohibited"
"Sep 28, 2015","364-Day","16.30%","Rock Investment Bank | Licensed to kironjiemmanuel@gmail.com | Ref RIB-2EB094A9EE89 | 10/6/2026, 4:40:51 PM | Confidential - redistribution prohibited"
"Oct 5, 2015","91-Day","20.64%","Rock Investment Bank | Licensed to kironjiemmanuel@gmail.com | Ref RIB-2EB094A9EE89 | 10/6/2026, 4:40:51 PM | Confidential - redistribution prohibited"
"Oct 5, 2015","182-Day","11.83%","Rock Investment Bank | Licensed to kironjiemmanuel@gmail.com | Ref RIB-2EB094A9EE89 | 10/6/2026, 4:40:51 PM | Confidential - redistribution prohibited"
"Oct 5, 2015","364-Day","20.70%","Rock Investment Bank | Licensed to kironjiemmanuel@gmail.com | Ref RIB-2EB094A9EE89 | 10/6/2026, 4:40:51 PM | Confidential - redistribution prohibited"
"Oct 12, 2015","91-Day","21.35%","Rock Investment Bank | Licensed to kironjiemmanuel@gmail.com | Ref RIB-2EB094A9EE89 | 10/6/2026, 4:40:51 PM | Confidential - redistribution prohibited"
"Oct 12, 2015","182-Day","11.90%","Rock Investment Bank | Licensed to kironjiemmanuel@gmail.com | Ref RIB-2EB094A9EE89 | 10/6/2026, 4:40:51 PM | Confidential - redistribution prohibited"
"Oct 12, 2015","364-Day","21.50%","Rock Investment Bank | Licensed to kironjiemmanuel@gmail.com | Ref RIB-2EB094A9EE89 | 10/6/2026, 4:40:51 PM | Confidential - redistribution prohibited"
"Oct 19, 2015","91-Day","22.13%","Rock Investment Bank | Licensed to kironjiemmanuel@gmail.com | Ref RIB-2EB094A9EE89 | 10/6/2026, 4:40:51 PM | Confidential - redistribution prohibited"
"Oct 19, 2015","182-Day","12.26%","Rock Investment Bank | Licensed to kironjiemmanuel@gmail.com | Ref RIB-2EB094A9EE89 | 10/6/2026, 4:40:51 PM | Confidential - redistribution prohibited"
"Oct 19, 2015","364-Day","21.88%","Rock Investment Bank | Licensed to kironjiemmanuel@gmail.com | Ref RIB-2EB094A9EE89 | 10/6/2026, 4:40:51 PM | Confidential - redistribution prohibited"
"Oct 26, 2015","91-Day","22.49%","Rock Investment Bank | Licensed to kironjiemmanuel@gmail.com | Ref RIB-2EB094A9EE89 | 10/6/2026, 4:40:51 PM | Confidential - redistribution prohibited"
"Oct 26, 2015","182-Day","12.36%","Rock Investment Bank | Licensed to kironjiemmanuel@gmail.com | Ref RIB-2EB094A9EE89 | 10/6/2026, 4:40:51 PM | Confidential - redistribution prohibited"
"Oct 26, 2015","364-Day","22.36%","Rock Investment Bank | Licensed to kironjiemmanuel@gmail.com | Ref RIB-2EB094A9EE89 | 10/6/2026, 4:40:51 PM | Confidential - redistribution prohibited"
"Nov 2, 2015","91-Day","19.47%","Rock Investment Bank | Licensed to kironjiemmanuel@gmail.com | Ref RIB-2EB094A9EE89 | 10/6/2026, 4:40:51 PM | Confidential - redistribution prohibited"
"Nov 2, 2015","182-Day","12.31%","Rock Investment Bank | Licensed to kironjiemmanuel@gmail.com | Ref RIB-2EB094A9EE89 | 10/6/2026, 4:40:51 PM | Confidential - redistribution prohibited"
"Nov 2, 2015","364-Day","21.21%","Rock Investment Bank | Licensed to kironjiemmanuel@gmail.com | Ref RIB-2EB094A9EE89 | 10/6/2026, 4:40:51 PM | Confidential - redistribution prohibited"
"Nov 9, 2015","91-Day","13.76%","Rock Investment Bank | Licensed to kironjiemmanuel@gmail.com | Ref RIB-2EB094A9EE89 | 10/6/2026, 4:40:51 PM | Confidential - redistribution prohibited"
"Nov 9, 2015","182-Day","12.88%","Rock Investment Bank | Licensed to kironjiemmanuel@gmail.com | Ref RIB-2EB094A9EE89 | 10/6/2026, 4:40:51 PM | Confidential - redistribution prohibited"
"Nov 9, 2015","364-Day","17.13%","Rock Investment Bank | Licensed to kironjiemmanuel@gmail.com | Ref RIB-2EB094A9EE89 | 10/6/2026, 4:40:51 PM | Confidential - redistribution prohibited"
"Nov 16, 2015","91-Day","9.65%","Rock Investment Bank | Licensed to kironjiemmanuel@gmail.com | Ref RIB-2EB094A9EE89 | 10/6/2026, 4:40:51 PM | Confidential - redistribution prohibited"
"Nov 16, 2015","182-Day","13.86%","Rock Investment Bank | Licensed to kironjiemmanuel@gmail.com | Ref RIB-2EB094A9EE89 | 10/6/2026, 4:40:51 PM | Confidential - redistribution prohibited"
"Nov 16, 2015","364-Day","13.62%","Rock Investment Bank | Licensed to kironjiemmanuel@gmail.com | Ref RIB-2EB094A9EE89 | 10/6/2026, 4:40:51 PM | Confidential - redistribution prohibited"
"Nov 23, 2015","91-Day","9.58%","Rock Investment Bank | Licensed to kironjiemmanuel@gmail.com | Ref RIB-2EB094A9EE89 | 10/6/2026, 4:40:51 PM | Confidential - redistribution prohibited"
"Nov 23, 2015","182-Day","14.55%","Rock Investment Bank | Licensed to kironjiemmanuel@gmail.com | Ref RIB-2EB094A9EE89 | 10/6/2026, 4:40:51 PM | Confidential - redistribution prohibited"
"Nov 23, 2015","364-Day","12.09%","Rock Investment Bank | Licensed to kironjiemmanuel@gmail.com | Ref RIB-2EB094A9EE89 | 10/6/2026, 4:40:51 PM | Confidential - redistribution prohibited"
"Nov 30, 2015","91-Day","9.21%","Rock Investment Bank | Licensed to kironjiemmanuel@gmail.com | Ref RIB-2EB094A9EE89 | 10/6/2026, 4:40:51 PM | Confidential - redistribution prohibited"
"Nov 30, 2015","182-Day","20.33%","Rock Investment Bank | Licensed to kironjiemmanuel@gmail.com | Ref RIB-2EB094A9EE89 | 10/6/2026, 4:40:51 PM | Confidential - redistribution prohibited"
"Nov 30, 2015","364-Day","11.90%","Rock Investment Bank | Licensed to kironjiemmanuel@gmail.com | Ref RIB-2EB094A9EE89 | 10/6/2026, 4:40:51 PM | Confidential - redistribution prohibited"
"Dec 7, 2015","91-Day","9.22%","Rock Investment Bank | Licensed to kironjiemmanuel@gmail.com | Ref RIB-2EB094A9EE89 | 10/6/2026, 4:40:51 PM | Confidential - redistribution prohibited"
"Dec 7, 2015","182-Day","21.61%","Rock Investment Bank | Licensed to kironjiemmanuel@gmail.com | Ref RIB-2EB094A9EE89 | 10/6/2026, 4:40:51 PM | Confidential - redistribution prohibited"
"Dec 7, 2015","364-Day","12.21%","Rock Investment Bank | Licensed to kironjiemmanuel@gmail.com | Ref RIB-2EB094A9EE89 | 10/6/2026, 4:40:51 PM | Confidential - redistribution prohibited"
"Dec 14, 2015","91-Day","9.67%","Rock Investment Bank | Licensed to kironjiemmanuel@gmail.com | Ref RIB-2EB094A9EE89 | 10/6/2026, 4:40:51 PM | Confidential - redistribution prohibited"
"Dec 14, 2015","182-Day","21.84%","Rock Investment Bank | Licensed to kironjiemmanuel@gmail.com | Ref RIB-2EB094A9EE89 | 10/6/2026, 4:40:51 PM | Confidential - redistribution prohibited"
"Dec 14, 2015","364-Day","12.56%","Rock Investment Bank | Licensed to kironjiemmanuel@gmail.com | Ref RIB-2EB094A9EE89 | 10/6/2026, 4:40:51 PM | Confidential - redistribution prohibited"
"Dec 21, 2015","91-Day","9.95%","Rock Investment Bank | Licensed to kironjiemmanuel@gmail.com | Ref RIB-2EB094A9EE89 | 10/6/2026, 4:40:51 PM | Confidential - redistribution prohibited"
"Dec 21, 2015","182-Day","22.29%","Rock Investment Bank | Licensed to kironjiemmanuel@gmail.com | Ref RIB-2EB094A9EE89 | 10/6/2026, 4:40:51 PM | Confidential - redistribution prohibited"
"Dec 21, 2015","364-Day","12.48%","Rock Investment Bank | Licensed to kironjiemmanuel@gmail.com | Ref RIB-2EB094A9EE89 | 10/6/2026, 4:40:51 PM | Confidential - redistribution prohibited"
"Dec 28, 2015","91-Day","10.41%","Rock Investment Bank | Licensed to kironjiemmanuel@gmail.com | Ref RIB-2EB094A9EE89 | 10/6/2026, 4:40:51 PM | Confidential - redistribution prohibited"
"Dec 28, 2015","182-Day","21.03%","Rock Investment Bank | Licensed to kironjiemmanuel@gmail.com | Ref RIB-2EB094A9EE89 | 10/6/2026, 4:40:51 PM | Confidential - redistribution prohibited"
"Dec 28, 2015","364-Day","12.75%","Rock Investment Bank | Licensed to kironjiemmanuel@gmail.com | Ref RIB-2EB094A9EE89 | 10/6/2026, 4:40:51 PM | Confidential - redistribution prohibited"
"Jan 4, 2016","91-Day","11.00%","Rock Investment Bank | Licensed to kironjiemmanuel@gmail.com | Ref RIB-2EB094A9EE89 | 10/6/2026, 4:40:51 PM | Confidential - redistribution prohibited"
"Jan 4, 2016","182-Day","16.49%","Rock Investment Bank | Licensed to kironjiemmanuel@gmail.com | Ref RIB-2EB094A9EE89 | 10/6/2026, 4:40:51 PM | Confidential - redistribution prohibited"
"Jan 4, 2016","364-Day","13.25%","Rock Investment Bank | Licensed to kironjiemmanuel@gmail.com | Ref RIB-2EB094A9EE89 | 10/6/2026, 4:40:51 PM | Confidential - redistribution prohibited"
"Jan 11, 2016","91-Day","11.40%","Rock Investment Bank | Licensed to kironjiemmanuel@gmail.com | Ref RIB-2EB094A9EE89 | 10/6/2026, 4:40:51 PM | Confidential - redistribution prohibited"
"Jan 11, 2016","182-Day","12.28%","Rock Investment Bank | Licensed to kironjiemmanuel@gmail.com | Ref RIB-2EB094A9EE89 | 10/6/2026, 4:40:51 PM | Confidential - redistribution prohibited"
"Jan 11, 2016","364-Day","13.80%","Rock Investment Bank | Licensed to kironjiemmanuel@gmail.com | Ref RIB-2EB094A9EE89 | 10/6/2026, 4:40:51 PM | Confidential - redistribution prohibited"
"Jan 18, 2016","91-Day","11.43%","Rock Investment Bank | Licensed to kironjiemmanuel@gmail.com | Ref RIB-2EB094A9EE89 | 10/6/2026, 4:40:51 PM | Confidential - redistribution prohibited"
"Jan 18, 2016","182-Day","10.20%","Rock Investment Bank | Licensed to kironjiemmanuel@gmail.com | Ref RIB-2EB094A9EE89 | 10/6/2026, 4:40:51 PM | Confidential - redistribution prohibited"
"Jan 18, 2016","364-Day","14.34%","Rock Investment Bank | Licensed to kironjiemmanuel@gmail.com | Ref RIB-2EB094A9EE89 | 10/6/2026, 4:40:51 PM | Confidential - redistribution prohibited"
"Jan 25, 2016","91-Day","11.76%","Rock Investment Bank | Licensed to kironjiemmanuel@gmail.com | Ref RIB-2EB094A9EE89 | 10/6/2026, 4:40:51 PM | Confidential - redistribution prohibited"
"Jan 25, 2016","182-Day","10.10%","Rock Investment Bank | Licensed to kironjiemmanuel@gmail.com | Ref RIB-2EB094A9EE89 | 10/6/2026, 4:40:51 PM | Confidential - redistribution prohibited"
"Jan 25, 2016","364-Day","14.92%","Rock Investment Bank | Licensed to kironjiemmanuel@gmail.com | Ref RIB-2EB094A9EE89 | 10/6/2026, 4:40:51 PM | Confidential - redistribution prohibited"
"Feb 1, 2016","91-Day","11.70%","Rock Investment Bank | Licensed to kironjiemmanuel@gmail.com | Ref RIB-2EB094A9EE89 | 10/6/2026, 4:40:51 PM | Confidential - redistribution prohibited"
"Feb 1, 2016","182-Day","10.56%","Rock Investment Bank | Licensed to kironjiemmanuel@gmail.com | Ref RIB-2EB094A9EE89 | 10/6/2026, 4:40:51 PM | Confidential - redistribution prohibited"
"Feb 1, 2016","364-Day","14.49%","Rock Investment Bank | Licensed to kironjiemmanuel@gmail.com | Ref RIB-2EB094A9EE89 | 10/6/2026, 4:40:51 PM | Confidential - redistribution prohibited"
"Feb 8, 2016","91-Day","11.36%","Rock Investment Bank | Licensed to kironjiemmanuel@gmail.com | Ref RIB-2EB094A9EE89 | 10/6/2026, 4:40:51 PM | Confidential - redistribution prohibited"
"Feb 8, 2016","182-Day","11.10%","Rock Investment Bank | Licensed to kironjiemmanuel@gmail.com | Ref RIB-2EB094A9EE89 | 10/6/2026, 4:40:51 PM | Confidential - redistribution prohibited"
"Feb 8, 2016","364-Day","13.96%","Rock Investment Bank | Licensed to kironjiemmanuel@gmail.com | Ref RIB-2EB094A9EE89 | 10/6/2026, 4:40:51 PM | Confidential - redistribution prohibited"
"Feb 15, 2016","91-Day","10.84%","Rock Investment Bank | Licensed to kironjiemmanuel@gmail.com | Ref RIB-2EB094A9EE89 | 10/6/2026, 4:40:51 PM | Confidential - redistribution prohibited"
"Feb 15, 2016","182-Day","11.72%","Rock Investment Bank | Licensed to kironjiemmanuel@gmail.com | Ref RIB-2EB094A9EE89 | 10/6/2026, 4:40:51 PM | Confidential - redistribution prohibited"
"Feb 15, 2016","364-Day","13.61%","Rock Investment Bank | Licensed to kironjiemmanuel@gmail.com | Ref RIB-2EB094A9EE89 | 10/6/2026, 4:40:51 PM | Confidential - redistribution prohibited"
"Feb 22, 2016","91-Day","9.94%","Rock Investment Bank | Licensed to kironjiemmanuel@gmail.com | Ref RIB-2EB094A9EE89 | 10/6/2026, 4:40:51 PM | Confidential - redistribution prohibited"
"Feb 22, 2016","182-Day","12.36%","Rock Investment Bank | Licensed to kironjiemmanuel@gmail.com | Ref RIB-2EB094A9EE89 | 10/6/2026, 4:40:51 PM | Confidential - redistribution prohibited"
"Feb 22, 2016","364-Day","13.41%","Rock Investment Bank | Licensed to kironjiemmanuel@gmail.com | Ref RIB-2EB094A9EE89 | 10/6/2026, 4:40:51 PM | Confidential - redistribution prohibited"
"Feb 29, 2016","91-Day","9.32%","Rock Investment Bank | Licensed to kironjiemmanuel@gmail.com | Ref RIB-2EB094A9EE89 | 10/6/2026, 4:40:51 PM | Confidential - redistribution prohibited"
"Feb 29, 2016","182-Day","12.76%","Rock Investment Bank | Licensed to kironjiemmanuel@gmail.com | Ref RIB-2EB094A9EE89 | 10/6/2026, 4:40:51 PM | Confidential - redistribution prohibited"
"Feb 29, 2016","364-Day","13.25%","Rock Investment Bank | Licensed to kironjiemmanuel@gmail.com | Ref RIB-2EB094A9EE89 | 10/6/2026, 4:40:51 PM | Confidential - redistribution prohibited"
"Mar 7, 2016","91-Day","9.06%","Rock Investment Bank | Licensed to kironjiemmanuel@gmail.com | Ref RIB-2EB094A9EE89 | 10/6/2026, 4:40:51 PM | Confidential - redistribution prohibited"
"Mar 7, 2016","182-Day","13.16%","Rock Investment Bank | Licensed to kironjiemmanuel@gmail.com | Ref RIB-2EB094A9EE89 | 10/6/2026, 4:40:51 PM | Confidential - redistribution prohibited"
"Mar 7, 2016","364-Day","12.84%","Rock Investment Bank | Licensed to kironjiemmanuel@gmail.com | Ref RIB-2EB094A9EE89 | 10/6/2026, 4:40:51 PM | Confidential - redistribution prohibited"
"Mar 14, 2016","91-Day","8.81%","Rock Investment Bank | Licensed to kironjiemmanuel@gmail.com | Ref RIB-2EB094A9EE89 | 10/6/2026, 4:40:51 PM | Confidential - redistribution prohibited"
"Mar 14, 2016","182-Day","13.72%","Rock Investment Bank | Licensed to kironjiemmanuel@gmail.com | Ref RIB-2EB094A9EE89 | 10/6/2026, 4:40:51 PM | Confidential - redistribution prohibited"
"Mar 14, 2016","364-Day","12.25%","Rock Investment Bank | Licensed to kironjiemmanuel@gmail.com | Ref RIB-2EB094A9EE89 | 10/6/2026, 4:40:51 PM | Confidential - redistribution prohibited"
"Mar 21, 2016","91-Day","8.60%","Rock Investment Bank | Licensed to kironjiemmanuel@gmail.com | Ref RIB-2EB094A9EE89 | 10/6/2026, 4:40:51 PM | Confidential - redistribution prohibited"
"Mar 21, 2016","182-Day","14.18%","Rock Investment Bank | Licensed to kironjiemmanuel@gmail.com | Ref RIB-2EB094A9EE89 | 10/6/2026, 4:40:51 PM | Confidential - redistribution prohibited"
"Mar 21, 2016","364-Day","12.02%","Rock Investment Bank | Licensed to kironjiemmanuel@gmail.com | Ref RIB-2EB094A9EE89 | 10/6/2026, 4:40:51 PM | Confidential - redistribution prohibited"
"Mar 28, 2016","91-Day","8.41%","Rock Investment Bank | Licensed to kironjiemmanuel@gmail.com | Ref RIB-2EB094A9EE89 | 10/6/2026, 4:40:51 PM | Confidential - redistribution prohibited"
"Mar 28, 2016","182-Day","14.38%","Rock Investment Bank | Licensed to kironjiemmanuel@gmail.com | Ref RIB-2EB094A9EE89 | 10/6/2026, 4:40:51 PM | Confidential - redistribution prohibited"
"Mar 28, 2016","364-Day","11.91%","Rock Investment Bank | Licensed to kironjiemmanuel@gmail.com | Ref RIB-2EB094A9EE89 | 10/6/2026, 4:40:51 PM | Confidential - redistribution prohibited"
"Apr 4, 2016","91-Day","8.96%","Rock Investment Bank | Licensed to kironjiemmanuel@gmail.com | Ref RIB-2EB094A9EE89 | 10/6/2026, 4:40:51 PM | Confidential - redistribution prohibited"
"Apr 4, 2016","182-Day","13.91%","Rock Investment Bank | Licensed to kironjiemmanuel@gmail.com | Ref RIB-2EB094A9EE89 | 10/6/2026, 4:40:51 PM | Confidential - redistribution prohibited"
"Apr 4, 2016","364-Day","11.87%","Rock Investment Bank | Licensed to kironjiemmanuel@gmail.com | Ref RIB-2EB094A9EE89 | 10/6/2026, 4:40:51 PM | Confidential - redistribution prohibited"
"Apr 11, 2016","91-Day","9.00%","Rock Investment Bank | Licensed to kironjiemmanuel@gmail.com | Ref RIB-2EB094A9EE89 | 10/6/2026, 4:40:51 PM | Confidential - redistribution prohibited"
"Apr 11, 2016","182-Day","13.25%","Rock Investment Bank | Licensed to kironjiemmanuel@gmail.com | Ref RIB-2EB094A9EE89 | 10/6/2026, 4:40:51 PM | Confidential - redistribution prohibited"
"Apr 11, 2016","364-Day","11.87%","Rock Investment Bank | Licensed to kironjiemmanuel@gmail.com | Ref RIB-2EB094A9EE89 | 10/6/2026, 4:40:51 PM | Confidential - redistribution prohibited"
"Apr 18, 2016","91-Day","8.94%","Rock Investment Bank | Licensed to kironjiemmanuel@gmail.com | Ref RIB-2EB094A9EE89 | 10/6/2026, 4:40:51 PM | Confidential - redistribution prohibited"
"Apr 18, 2016","182-Day","12.48%","Rock Investment Bank | Licensed to kironjiemmanuel@gmail.com | Ref RIB-2EB094A9EE89 | 10/6/2026, 4:40:51 PM | Confidential - redistribution prohibited"
"Apr 18, 2016","364-Day","11.79%","Rock Investment Bank | Licensed to kironjiemmanuel@gmail.com | Ref RIB-2EB094A9EE89 | 10/6/2026, 4:40:51 PM | Confidential - redistribution prohibited"
"Apr 25, 2016","91-Day","8.77%","Rock Investment Bank | Licensed to kironjiemmanuel@gmail.com | Ref RIB-2EB094A9EE89 | 10/6/2026, 4:40:51 PM | Confidential - redistribution prohibited"
"Apr 25, 2016","182-Day","11.92%","Rock Investment Bank | Licensed to kironjiemmanuel@gmail.com | Ref RIB-2EB094A9EE89 | 10/6/2026, 4:40:51 PM | Confidential - redistribution prohibited"
"Apr 25, 2016","364-Day","11.80%","Rock Investment Bank | Licensed to kironjiemmanuel@gmail.com | Ref RIB-2EB094A9EE89 | 10/6/2026, 4:40:51 PM | Confidential - redistribution prohibited"
"May 2, 2016","91-Day","8.53%","Rock Investment Bank | Licensed to kironjiemmanuel@gmail.com | Ref RIB-2EB094A9EE89 | 10/6/2026, 4:40:51 PM | Confidential - redistribution prohibited"
"May 2, 2016","182-Day","11.27%","Rock Investment Bank | Licensed to kironjiemmanuel@gmail.com | Ref RIB-2EB094A9EE89 | 10/6/2026, 4:40:51 PM | Confidential - redistribution prohibited"
"May 2, 2016","364-Day","11.74%","Rock Investment Bank | Licensed to kironjiemmanuel@gmail.com | Ref RIB-2EB094A9EE89 | 10/6/2026, 4:40:51 PM | Confidential - redistribution prohibited"
"May 9, 2016","91-Day","8.33%","Rock Investment Bank | Licensed to kironjiemmanuel@gmail.com | Ref RIB-2EB094A9EE89 | 10/6/2026, 4:40:51 PM | Confidential - redistribution prohibited"
"May 9, 2016","182-Day","10.89%","Rock Investment Bank | Licensed to kironjiemmanuel@gmail.com | Ref RIB-2EB094A9EE89 | 10/6/2026, 4:40:51 PM | Confidential - redistribution prohibited"
"May 9, 2016","364-Day","11.72%","Rock Investment Bank | Licensed to kironjiemmanuel@gmail.com | Ref RIB-2EB094A9EE89 | 10/6/2026, 4:40:51 PM | Confidential - redistribution prohibited"
"May 16, 2016","91-Day","8.19%","Rock Investment Bank | Licensed to kironjiemmanuel@gmail.com | Ref RIB-2EB094A9EE89 | 10/6/2026, 4:40:51 PM | Confidential - redistribution prohibited"
"May 16, 2016","182-Day","10.50%","Rock Investment Bank | Licensed to kironjiemmanuel@gmail.com | Ref RIB-2EB094A9EE89 | 10/6/2026, 4:40:51 PM | Confidential - redistribution prohibited"
"May 16, 2016","364-Day","11.69%","Rock Investment Bank | Licensed to kironjiemmanuel@gmail.com | Ref RIB-2EB094A9EE89 | 10/6/2026, 4:40:51 PM | Confidential - redistribution prohibited"
"May 23, 2016","91-Day","8.00%","Rock Investment Bank | Licensed to kironjiemmanuel@gmail.com | Ref RIB-2EB094A9EE89 | 10/6/2026, 4:40:51 PM | Confidential - redistribution prohibited"
"May 23, 2016","182-Day","10.66%","Rock Investment Bank | Licensed to kironjiemmanuel@gmail.com | Ref RIB-2EB094A9EE89 | 10/6/2026, 4:40:51 PM | Confidential - redistribution prohibited"
"May 23, 2016","364-Day","11.69%","Rock Investment Bank | Licensed to kironjiemmanuel@gmail.com | Ref RIB-2EB094A9EE89 | 10/6/2026, 4:40:51 PM | Confidential - redistribution prohibited"
"May 30, 2016","91-Day","7.71%","Rock Investment Bank | Licensed to kironjiemmanuel@gmail.com | Ref RIB-2EB094A9EE89 | 10/6/2026, 4:40:51 PM | Confidential - redistribution prohibited"
"May 30, 2016","182-Day","10.73%","Rock Investment Bank | Licensed to kironjiemmanuel@gmail.com | Ref RIB-2EB094A9EE89 | 10/6/2026, 4:40:51 PM | Confidential - redistribution prohibited"
"May 30, 2016","364-Day","11.29%","Rock Investment Bank | Licensed to kironjiemmanuel@gmail.com | Ref RIB-2EB094A9EE89 | 10/6/2026, 4:40:51 PM | Confidential - redistribution prohibited"
"Jun 6, 2016","91-Day","7.48%","Rock Investment Bank | Licensed to kironjiemmanuel@gmail.com | Ref RIB-2EB094A9EE89 | 10/6/2026, 4:40:51 PM | Confidential - redistribution prohibited"
"Jun 6, 2016","182-Day","10.83%","Rock Investment Bank | Licensed to kironjiemmanuel@gmail.com | Ref RIB-2EB094A9EE89 | 10/6/2026, 4:40:51 PM | Confidential - redistribution prohibited"
"Jun 6, 2016","364-Day","11.05%","Rock Investment Bank | Licensed to kironjiemmanuel@gmail.com | Ref RIB-2EB094A9EE89 | 10/6/2026, 4:40:51 PM | Confidential - redistribution prohibited"
"Jun 13, 2016","91-Day","7.30%","Rock Investment Bank | Licensed to kironjiemmanuel@gmail.com | Ref RIB-2EB094A9EE89 | 10/6/2026, 4:40:51 PM | Confidential - redistribution prohibited"
"Jun 13, 2016","182-Day","10.94%","Rock Investment Bank | Licensed to kironjiemmanuel@gmail.com | Ref RIB-2EB094A9EE89 | 10/6/2026, 4:40:51 PM | Confidential - redistribution prohibited"
"Jun 20, 2016","91-Day","7.16%","Rock Investment Bank | Licensed to kironjiemmanuel@gmail.com | Ref RIB-2EB094A9EE89 | 10/6/2026, 4:40:51 PM | Confidential - redistribution prohibited"
"Jun 20, 2016","182-Day","10.69%","Rock Investment Bank | Licensed to kironjiemmanuel@gmail.com | Ref RIB-2EB094A9EE89 | 10/6/2026, 4:40:51 PM | Confidential - redistribution prohibited"
"Jun 27, 2016","91-Day","7.06%","Rock Investment Bank | Licensed to kironjiemmanuel@gmail.com | Ref RIB-2EB094A9EE89 | 10/6/2026, 4:40:51 PM | Confidential - redistribution prohibited"
"Jun 27, 2016","182-Day","10.45%","Rock Investment Bank | Licensed to kironjiemmanuel@gmail.com | Ref RIB-2EB094A9EE89 | 10/6/2026, 4:40:51 PM | Confidential - redistribution prohibited"
"Jul 4, 2016","91-Day","7.04%","Rock Investment Bank | Licensed to kironjiemmanuel@gmail.com | Ref RIB-2EB094A9EE89 | 10/6/2026, 4:40:51 PM | Confidential - redistribution prohibited"
"Jul 4, 2016","182-Day","10.37%","Rock Investment Bank | Licensed to kironjiemmanuel@gmail.com | Ref RIB-2EB094A9EE89 | 10/6/2026, 4:40:51 PM | Confidential - redistribution prohibited"
"Jul 11, 2016","91-Day","7.03%","Rock Investment Bank | Licensed to kironjiemmanuel@gmail.com | Ref RIB-2EB094A9EE89 | 10/6/2026, 4:40:51 PM | Confidential - redistribution prohibited"
"Jul 11, 2016","182-Day","10.27%","Rock Investment Bank | Licensed to kironjiemmanuel@gmail.com | Ref RIB-2EB094A9EE89 | 10/6/2026, 4:40:51 PM | Confidential - redistribution prohibited"
"Jul 18, 2016","91-Day","7.65%","Rock Investment Bank | Licensed to kironjiemmanuel@gmail.com | Ref RIB-2EB094A9EE89 | 10/6/2026, 4:40:51 PM | Confidential - redistribution prohibited"
"Jul 18, 2016","182-Day","10.14%","Rock Investment Bank | Licensed to kironjiemmanuel@gmail.com | Ref RIB-2EB094A9EE89 | 10/6/2026, 4:40:51 PM | Confidential - redistribution prohibited"
"Jul 25, 2016","91-Day","7.92%","Rock Investment Bank | Licensed to kironjiemmanuel@gmail.com | Ref RIB-2EB094A9EE89 | 10/6/2026, 4:40:51 PM | Confidential - redistribution prohibited"
"Jul 25, 2016","182-Day","10.00%","Rock Investment Bank | Licensed to kironjiemmanuel@gmail.com | Ref RIB-2EB094A9EE89 | 10/6/2026, 4:40:51 PM | Confidential - redistribution prohibited"
"Aug 1, 2016","91-Day","8.29%","Rock Investment Bank | Licensed to kironjiemmanuel@gmail.com | Ref RIB-2EB094A9EE89 | 10/6/2026, 4:40:51 PM | Confidential - redistribution prohibited"
"Aug 1, 2016","182-Day","9.80%","Rock Investment Bank | Licensed to kironjiemmanuel@gmail.com | Ref RIB-2EB094A9EE89 | 10/6/2026, 4:40:51 PM | Confidential - redistribution prohibited"
"Aug 8, 2016","91-Day","8.35%","Rock Investment Bank | Licensed to kironjiemmanuel@gmail.com | Ref RIB-2EB094A9EE89 | 10/6/2026, 4:40:51 PM | Confidential - redistribution prohibited"
"Aug 8, 2016","364-Day","11.37%","Rock Investment Bank | Licensed to kironjiemmanuel@gmail.com | Ref RIB-2EB094A9EE89 | 10/6/2026, 4:40:51 PM | Confidential - redistribution prohibited"
"Aug 15, 2016","91-Day","8.54%","Rock Investment Bank | Licensed to kironjiemmanuel@gmail.com | Ref RIB-2EB094A9EE89 | 10/6/2026, 4:40:51 PM | Confidential - redistribution prohibited"
"Aug 15, 2016","364-Day","11.40%","Rock Investment Bank | Licensed to kironjiemmanuel@gmail.com | Ref RIB-2EB094A9EE89 | 10/6/2026, 4:40:51 PM | Confidential - redistribution prohibited"
"Aug 22, 2016","91-Day","8.61%","Rock Investment Bank | Licensed to kironjiemmanuel@gmail.com | Ref RIB-2EB094A9EE89 | 10/6/2026, 4:40:51 PM | Confidential - redistribution prohibited"
"Aug 22, 2016","364-Day","11.87%","Rock Investment Bank | Licensed to kironjiemmanuel@gmail.com | Ref RIB-2EB094A9EE89 | 10/6/2026, 4:40:51 PM | Confidential - redistribution prohibited"
"Aug 29, 2016","91-Day","8.61%","Rock Investment Bank | Licensed to kironjiemmanuel@gmail.com | Ref RIB-2EB094A9EE89 | 10/6/2026, 4:40:51 PM | Confidential - redistribution prohibited"
"Aug 29, 2016","364-Day","11.98%","Rock Investment Bank | Licensed to kironjiemmanuel@gmail.com | Ref RIB-2EB094A9EE89 | 10/6/2026, 4:40:51 PM | Confidential - redistribution prohibited"
"Sep 5, 2016","91-Day","8.26%","Rock Investment Bank | Licensed to kironjiemmanuel@gmail.com | Ref RIB-2EB094A9EE89 | 10/6/2026, 4:40:51 PM | Confidential - redistribution prohibited"
"Sep 5, 2016","364-Day","11.50%","Rock Investment Bank | Licensed to kironjiemmanuel@gmail.com | Ref RIB-2EB094A9EE89 | 10/6/2026, 4:40:51 PM | Confidential - redistribution prohibited"
"Sep 12, 2016","91-Day","8.09%","Rock Investment Bank | Licensed to kironjiemmanuel@gmail.com | Ref RIB-2EB094A9EE89 | 10/6/2026, 4:40:51 PM | Confidential - redistribution prohibited"
"Sep 12, 2016","364-Day","11.13%","Rock Investment Bank | Licensed to kironjiemmanuel@gmail.com | Ref RIB-2EB094A9EE89 | 10/6/2026, 4:40:51 PM | Confidential - redistribution prohibited"
"Sep 19, 2016","91-Day","7.99%","Rock Investment Bank | Licensed to kironjiemmanuel@gmail.com | Ref RIB-2EB094A9EE89 | 10/6/2026, 4:40:51 PM | Confidential - redistribution prohibited"
"Sep 19, 2016","364-Day","10.89%","Rock Investment Bank | Licensed to kironjiemmanuel@gmail.com | Ref RIB-2EB094A9EE89 | 10/6/2026, 4:40:51 PM | Confidential - redistribution prohibited"
"Sep 26, 2016","91-Day","7.89%","Rock Investment Bank | Licensed to kironjiemmanuel@gmail.com | Ref RIB-2EB094A9EE89 | 10/6/2026, 4:40:51 PM | Confidential - redistribution prohibited"
"Sep 26, 2016","182-Day","10.47%","Rock Investment Bank | Licensed to kironjiemmanuel@gmail.com | Ref RIB-2EB094A9EE89 | 10/6/2026, 4:40:51 PM | Confidential - redistribution prohibited"
"Sep 26, 2016","364-Day","10.60%","Rock Investment Bank | Licensed to kironjiemmanuel@gmail.com | Ref RIB-2EB094A9EE89 | 10/6/2026, 4:40:51 PM | Confidential - redistribution prohibited"
"Oct 3, 2016","91-Day","7.82%","Rock Investment Bank | Licensed to kironjiemmanuel@gmail.com | Ref RIB-2EB094A9EE89 | 10/6/2026, 4:40:51 PM | Confidential - redistribution prohibited"
"Oct 3, 2016","182-Day","10.70%","Rock Investment Bank | Licensed to kironjiemmanuel@gmail.com | Ref RIB-2EB094A9EE89 | 10/6/2026, 4:40:51 PM | Confidential - redistribution prohibited"
"Oct 3, 2016","364-Day","10.42%","Rock Investment Bank | Licensed to kironjiemmanuel@gmail.com | Ref RIB-2EB094A9EE89 | 10/6/2026, 4:40:51 PM | Confidential - redistribution prohibited"
"Oct 10, 2016","91-Day","7.76%","Rock Investment Bank | Licensed to kironjiemmanuel@gmail.com | Ref RIB-2EB094A9EE89 | 10/6/2026, 4:40:51 PM | Confidential - redistribution prohibited"
"Oct 10, 2016","182-Day","11.02%","Rock Investment Bank | Licensed to kironjiemmanuel@gmail.com | Ref RIB-2EB094A9EE89 | 10/6/2026, 4:40:51 PM | Confidential - redistribution prohibited"
"Oct 10, 2016","364-Day","10.34%","Rock Investment Bank | Licensed to kironjiemmanuel@gmail.com | Ref RIB-2EB094A9EE89 | 10/6/2026, 4:40:51 PM | Confidential - redistribution prohibited"
"Oct 17, 2016","91-Day","7.72%","Rock Investment Bank | Licensed to kironjiemmanuel@gmail.com | Ref RIB-2EB094A9EE89 | 10/6/2026, 4:40:51 PM | Confidential - redistribution prohibited"
"Oct 17, 2016","182-Day","11.02%","Rock Investment Bank | Licensed to kironjiemmanuel@gmail.com | Ref RIB-2EB094A9EE89 | 10/6/2026, 4:40:51 PM | Confidential - redistribution prohibited"
"Oct 17, 2016","364-Day","10.33%","Rock Investment Bank | Licensed to kironjiemmanuel@gmail.com | Ref RIB-2EB094A9EE89 | 10/6/2026, 4:40:51 PM | Confidential - redistribution prohibited"
"Oct 24, 2016","91-Day","7.70%","Rock Investment Bank | Licensed to kironjiemmanuel@gmail.com | Ref RIB-2EB094A9EE89 | 10/6/2026, 4:40:51 PM | Confidential - redistribution prohibited"
"Oct 24, 2016","182-Day","11.18%","Rock Investment Bank | Licensed to kironjiemmanuel@gmail.com | Ref RIB-2EB094A9EE89 | 10/6/2026, 4:40:51 PM | Confidential - redistribution prohibited"
"Oct 24, 2016","364-Day","10.41%","Rock Investment Bank | Licensed to kironjiemmanuel@gmail.com | Ref RIB-2EB094A9EE89 | 10/6/2026, 4:40:51 PM | Confidential - redistribution prohibited"
"Oct 31, 2016","91-Day","8.03%","Rock Investment Bank | Licensed to kironjiemmanuel@gmail.com | Ref RIB-2EB094A9EE89 | 10/6/2026, 4:40:51 PM | Confidential - redistribution prohibited"
"Oct 31, 2016","182-Day","11.13%","Rock Investment Bank | Licensed to kironjiemmanuel@gmail.com | Ref RIB-2EB094A9EE89 | 10/6/2026, 4:40:51 PM | Confidential - redistribution prohibited"
"Oct 31, 2016","364-Day","10.58%","Rock Investment Bank | Licensed to kironjiemmanuel@gmail.com | Ref RIB-2EB094A9EE89 | 10/6/2026, 4:40:51 PM | Confidential - redistribution prohibited"
"Nov 7, 2016","91-Day","8.11%","Rock Investment Bank | Licensed to kironjiemmanuel@gmail.com | Ref RIB-2EB094A9EE89 | 10/6/2026, 4:40:51 PM | Confidential - redistribution prohibited"
"Nov 7, 2016","182-Day","10.94%","Rock Investment Bank | Licensed to kironjiemmanuel@gmail.com | Ref RIB-2EB094A9EE89 | 10/6/2026, 4:40:51 PM | Confidential - redistribution prohibited"
"Nov 7, 2016","364-Day","10.70%","Rock Investment Bank | Licensed to kironjiemmanuel@gmail.com | Ref RIB-2EB094A9EE89 | 10/6/2026, 4:40:51 PM | Confidential - redistribution prohibited"
"Nov 14, 2016","91-Day","8.23%","Rock Investment Bank | Licensed to kironjiemmanuel@gmail.com | Ref RIB-2EB094A9EE89 | 10/6/2026, 4:40:51 PM | Confidential - redistribution prohibited"
"Nov 14, 2016","182-Day","10.75%","Rock Investment Bank | Licensed to kironjiemmanuel@gmail.com | Ref RIB-2EB094A9EE89 | 10/6/2026, 4:40:51 PM | Confidential - redistribution prohibited"
"Nov 14, 2016","364-Day","10.72%","Rock Investment Bank | Licensed to kironjiemmanuel@gmail.com | Ref RIB-2EB094A9EE89 | 10/6/2026, 4:40:51 PM | Confidential - redistribution prohibited"
"Nov 21, 2016","91-Day","8.20%","Rock Investment Bank | Licensed to kironjiemmanuel@gmail.com | Ref RIB-2EB094A9EE89 | 10/6/2026, 4:40:51 PM | Confidential - redistribution prohibited"
"Nov 21, 2016","182-Day","10.57%","Rock Investment Bank | Licensed to kironjiemmanuel@gmail.com | Ref RIB-2EB094A9EE89 | 10/6/2026, 4:40:51 PM | Confidential - redistribution prohibited"
"Nov 21, 2016","364-Day","10.82%","Rock Investment Bank | Licensed to kironjiemmanuel@gmail.com | Ref RIB-2EB094A9EE89 | 10/6/2026, 4:40:51 PM | Confidential - redistribution prohibited"
"Nov 28, 2016","91-Day","8.33%","Rock Investment Bank | Licensed to kironjiemmanuel@gmail.com | Ref RIB-2EB094A9EE89 | 10/6/2026, 4:40:51 PM | Confidential - redistribution prohibited"
"Nov 28, 2016","182-Day","10.42%","Rock Investment Bank | Licensed to kironjiemmanuel@gmail.com | Ref RIB-2EB094A9EE89 | 10/6/2026, 4:40:51 PM | Confidential - redistribution prohibited"
"Nov 28, 2016","364-Day","10.82%","Rock Investment Bank | Licensed to kironjiemmanuel@gmail.com | Ref RIB-2EB094A9EE89 | 10/6/2026, 4:40:51 PM | Confidential - redistribution prohibited"
"Dec 5, 2016","91-Day","8.36%","Rock Investment Bank | Licensed to kironjiemmanuel@gmail.com | Ref RIB-2EB094A9EE89 | 10/6/2026, 4:40:51 PM | Confidential - redistribution prohibited"
"Dec 5, 2016","182-Day","10.42%","Rock Investment Bank | Licensed to kironjiemmanuel@gmail.com | Ref RIB-2EB094A9EE89 | 10/6/2026, 4:40:51 PM | Confidential - redistribution prohibited"
"Dec 5, 2016","364-Day","10.90%","Rock Investment Bank | Licensed to kironjiemmanuel@gmail.com | Ref RIB-2EB094A9EE89 | 10/6/2026, 4:40:51 PM | Confidential - redistribution prohibited"
"Dec 12, 2016","91-Day","8.36%","Rock Investment Bank | Licensed to kironjiemmanuel@gmail.com | Ref RIB-2EB094A9EE89 | 10/6/2026, 4:40:51 PM | Confidential - redistribution prohibited"
"Dec 12, 2016","182-Day","10.29%","Rock Investment Bank | Licensed to kironjiemmanuel@gmail.com | Ref RIB-2EB094A9EE89 | 10/6/2026, 4:40:51 PM | Confidential - redistribution prohibited"
"Dec 12, 2016","364-Day","10.90%","Rock Investment Bank | Licensed to kironjiemmanuel@gmail.com | Ref RIB-2EB094A9EE89 | 10/6/2026, 4:40:51 PM | Confidential - redistribution prohibited"
"Dec 19, 2016","91-Day","8.48%","Rock Investment Bank | Licensed to kironjiemmanuel@gmail.com | Ref RIB-2EB094A9EE89 | 10/6/2026, 4:40:51 PM | Confidential - redistribution prohibited"
"Dec 19, 2016","182-Day","10.28%","Rock Investment Bank | Licensed to kironjiemmanuel@gmail.com | Ref RIB-2EB094A9EE89 | 10/6/2026, 4:40:51 PM | Confidential - redistribution prohibited"
"Dec 19, 2016","364-Day","11.05%","Rock Investment Bank | Licensed to kironjiemmanuel@gmail.com | Ref RIB-2EB094A9EE89 | 10/6/2026, 4:40:51 PM | Confidential - redistribution prohibited"
"Dec 26, 2016","91-Day","8.56%","Rock Investment Bank | Licensed to kironjiemmanuel@gmail.com | Ref RIB-2EB094A9EE89 | 10/6/2026, 4:40:51 PM | Confidential - redistribution prohibited"
"Dec 26, 2016","182-Day","10.27%","Rock Investment Bank | Licensed to kironjiemmanuel@gmail.com | Ref RIB-2EB094A9EE89 | 10/6/2026, 4:40:51 PM | Confidential - redistribution prohibited"
"Dec 26, 2016","364-Day","11.02%","Rock Investment Bank | Licensed to kironjiemmanuel@gmail.com | Ref RIB-2EB094A9EE89 | 10/6/2026, 4:40:51 PM | Confidential - redistribution prohibited"
"Jan 2, 2017","91-Day","8.60%","Rock Investment Bank | Licensed to kironjiemmanuel@gmail.com | Ref RIB-2EB094A9EE89 | 10/6/2026, 4:40:51 PM | Confidential - redistribution prohibited"
"Jan 2, 2017","182-Day","10.36%","Rock Investment Bank | Licensed to kironjiemmanuel@gmail.com | Ref RIB-2EB094A9EE89 | 10/6/2026, 4:40:51 PM | Confidential - redistribution prohibited"
"Jan 2, 2017","364-Day","0.00%","Rock Investment Bank | Licensed to kironjiemmanuel@gmail.com | Ref RIB-2EB094A9EE89 | 10/6/2026, 4:40:51 PM | Confidential - redistribution prohibited"
"Jan 9, 2017","91-Day","8.55%","Rock Investment Bank | Licensed to kironjiemmanuel@gmail.com | Ref RIB-2EB094A9EE89 | 10/6/2026, 4:40:51 PM | Confidential - redistribution prohibited"
"Jan 9, 2017","182-Day","10.30%","Rock Investment Bank | Licensed to kironjiemmanuel@gmail.com | Ref RIB-2EB094A9EE89 | 10/6/2026, 4:40:51 PM | Confidential - redistribution prohibited"
"Jan 9, 2017","364-Day","11.01%","Rock Investment Bank | Licensed to kironjiemmanuel@gmail.com | Ref RIB-2EB094A9EE89 | 10/6/2026, 4:40:51 PM | Confidential - redistribution prohibited"
"Jan 16, 2017","91-Day","8.65%","Rock Investment Bank | Licensed to kironjiemmanuel@gmail.com | Ref RIB-2EB094A9EE89 | 10/6/2026, 4:40:51 PM | Confidential - redistribution prohibited"
"Jan 16, 2017","182-Day","10.32%","Rock Investment Bank | Licensed to kironjiemmanuel@gmail.com | Ref RIB-2EB094A9EE89 | 10/6/2026, 4:40:51 PM | Confidential - redistribution prohibited"
"Jan 16, 2017","364-Day","10.99%","Rock Investment Bank | Licensed to kironjiemmanuel@gmail.com | Ref RIB-2EB094A9EE89 | 10/6/2026, 4:40:51 PM | Confidential - redistribution prohibited"
"Jan 23, 2017","91-Day","8.66%","Rock Investment Bank | Licensed to kironjiemmanuel@gmail.com | Ref RIB-2EB094A9EE89 | 10/6/2026, 4:40:51 PM | Confidential - redistribution prohibited"
"Jan 23, 2017","182-Day","10.37%","Rock Investment Bank | Licensed to kironjiemmanuel@gmail.com | Ref RIB-2EB094A9EE89 | 10/6/2026, 4:40:51 PM | Confidential - redistribution prohibited"
"Jan 23, 2017","364-Day","11.00%","Rock Investment Bank | Licensed to kironjiemmanuel@gmail.com | Ref RIB-2EB094A9EE89 | 10/6/2026, 4:40:51 PM | Confidential - redistribution prohibited"
"Jan 30, 2017","91-Day","8.66%","Rock Investment Bank | Licensed to kironjiemmanuel@gmail.com | Ref RIB-2EB094A9EE89 | 10/6/2026, 4:40:51 PM | Confidential - redistribution prohibited"
"Jan 30, 2017","182-Day","10.46%","Rock Investment Bank | Licensed to kironjiemmanuel@gmail.com | Ref RIB-2EB094A9EE89 | 10/6/2026, 4:40:51 PM | Confidential - redistribution prohibited"
"Jan 30, 2017","364-Day","10.92%","Rock Investment Bank | Licensed to kironjiemmanuel@gmail.com | Ref RIB-2EB094A9EE89 | 10/6/2026, 4:40:51 PM | Confidential - redistribution prohibited"
"Feb 6, 2017","91-Day","8.66%","Rock Investment Bank | Licensed to kironjiemmanuel@gmail.com | Ref RIB-2EB094A9EE89 | 10/6/2026, 4:40:51 PM | Confidential - redistribution prohibited"
"Feb 6, 2017","182-Day","10.46%","Rock Investment Bank | Licensed to kironjiemmanuel@gmail.com | Ref RIB-2EB094A9EE89 | 10/6/2026, 4:40:51 PM | Confidential - redistribution prohibited"
"Feb 6, 2017","364-Day","10.94%","Rock Investment Bank | Licensed to kironjiemmanuel@gmail.com | Ref RIB-2EB094A9EE89 | 10/6/2026, 4:40:51 PM | Confidential - redistribution prohibited"
"Feb 13, 2017","91-Day","8.57%","Rock Investment Bank | Licensed to kironjiemmanuel@gmail.com | Ref RIB-2EB094A9EE89 | 10/6/2026, 4:40:51 PM | Confidential - redistribution prohibited"
"Feb 13, 2017","182-Day","10.56%","Rock Investment Bank | Licensed to kironjiemmanuel@gmail.com | Ref RIB-2EB094A9EE89 | 10/6/2026, 4:40:51 PM | Confidential - redistribution prohibited"
"Feb 13, 2017","364-Day","10.94%","Rock Investment Bank | Licensed to kironjiemmanuel@gmail.com | Ref RIB-2EB094A9EE89 | 10/6/2026, 4:40:51 PM | Confidential - redistribution prohibited"
"Feb 20, 2017","91-Day","8.63%","Rock Investment Bank | Licensed to kironjiemmanuel@gmail.com | Ref RIB-2EB094A9EE89 | 10/6/2026, 4:40:51 PM | Confidential - redistribution prohibited"
"Feb 20, 2017","182-Day","10.49%","Rock Investment Bank | Licensed to kironjiemmanuel@gmail.com | Ref RIB-2EB094A9EE89 | 10/6/2026, 4:40:51 PM | Confidential - redistribution prohibited"
"Feb 20, 2017","364-Day","10.94%","Rock Investment Bank | Licensed to kironjiemmanuel@gmail.com | Ref RIB-2EB094A9EE89 | 10/6/2026, 4:40:51 PM | Confidential - redistribution prohibited"
"Feb 27, 2017","91-Day","8.62%","Rock Investment Bank | Licensed to kironjiemmanuel@gmail.com | Ref RIB-2EB094A9EE89 | 10/6/2026, 4:40:51 PM | Confidential - redistribution prohibited"
"Feb 27, 2017","182-Day","10.50%","Rock Investment Bank | Licensed to kironjiemmanuel@gmail.com | Ref RIB-2EB094A9EE89 | 10/6/2026, 4:40:51 PM | Confidential - redistribution prohibited"
"Feb 27, 2017","364-Day","10.90%","Rock Investment Bank | Licensed to kironjiemmanuel@gmail.com | Ref RIB-2EB094A9EE89 | 10/6/2026, 4:40:51 PM | Confidential - redistribution prohibited"
"Mar 6, 2017","91-Day","8.63%","Rock Investment Bank | Licensed to kironjiemmanuel@gmail.com | Ref RIB-2EB094A9EE89 | 10/6/2026, 4:40:51 PM | Confidential - redistribution prohibited"
"Mar 6, 2017","182-Day","10.47%","Rock Investment Bank | Licensed to kironjiemmanuel@gmail.com | Ref RIB-2EB094A9EE89 | 10/6/2026, 4:40:51 PM | Confidential - redistribution prohibited"
"Mar 6, 2017","364-Day","10.90%","Rock Investment Bank | Licensed to kironjiemmanuel@gmail.com | Ref RIB-2EB094A9EE89 | 10/6/2026, 4:40:51 PM | Confidential - redistribution prohibited"
"Mar 13, 2017","91-Day","8.69%","Rock Investment Bank | Licensed to kironjiemmanuel@gmail.com | Ref RIB-2EB094A9EE89 | 10/6/2026, 4:40:51 PM | Confidential - redistribution prohibited"
"Mar 13, 2017","182-Day","10.46%","Rock Investment Bank | Licensed to kironjiemmanuel@gmail.com | Ref RIB-2EB094A9EE89 | 10/6/2026, 4:40:51 PM | Confidential - redistribution prohibited"
"Mar 13, 2017","364-Day","10.90%","Rock Investment Bank | Licensed to kironjiemmanuel@gmail.com | Ref RIB-2EB094A9EE89 | 10/6/2026, 4:40:51 PM | Confidential - redistribution prohibited"
"Mar 20, 2017","91-Day","8.72%","Rock Investment Bank | Licensed to kironjiemmanuel@gmail.com | Ref RIB-2EB094A9EE89 | 10/6/2026, 4:40:51 PM | Confidential - redistribution prohibited"
"Mar 20, 2017","182-Day","10.53%","Rock Investment Bank | Licensed to kironjiemmanuel@gmail.com | Ref RIB-2EB094A9EE89 | 10/6/2026, 4:40:51 PM | Confidential - redistribution prohibited"
"Mar 20, 2017","364-Day","10.91%","Rock Investment Bank | Licensed to kironjiemmanuel@gmail.com | Ref RIB-2EB094A9EE89 | 10/6/2026, 4:40:51 PM | Confidential - redistribution prohibited"
"Mar 27, 2017","91-Day","8.72%","Rock Investment Bank | Licensed to kironjiemmanuel@gmail.com | Ref RIB-2EB094A9EE89 | 10/6/2026, 4:40:51 PM | Confidential - redistribution prohibited"
"Mar 27, 2017","182-Day","10.54%","Rock Investment Bank | Licensed to kironjiemmanuel@gmail.com | Ref RIB-2EB094A9EE89 | 10/6/2026, 4:40:51 PM | Confidential - redistribution prohibited"
"Mar 27, 2017","364-Day","10.94%","Rock Investment Bank | Licensed to kironjiemmanuel@gmail.com | Ref RIB-2EB094A9EE89 | 10/6/2026, 4:40:51 PM | Confidential - redistribution prohibited"
"Apr 3, 2017","91-Day","8.76%","Rock Investment Bank | Licensed to kironjiemmanuel@gmail.com | Ref RIB-2EB094A9EE89 | 10/6/2026, 4:40:51 PM | Confidential - redistribution prohibited"
"Apr 3, 2017","182-Day","10.55%","Rock Investment Bank | Licensed to kironjiemmanuel@gmail.com | Ref RIB-2EB094A9EE89 | 10/6/2026, 4:40:51 PM | Confidential - redistribution prohibited"
"Apr 3, 2017","364-Day","10.92%","Rock Investment Bank | Licensed to kironjiemmanuel@gmail.com | Ref RIB-2EB094A9EE89 | 10/6/2026, 4:40:51 PM | Confidential - redistribution prohibited"
"Apr 10, 2017","91-Day","8.78%","Rock Investment Bank | Licensed to kironjiemmanuel@gmail.com | Ref RIB-2EB094A9EE89 | 10/6/2026, 4:40:51 PM | Confidential - redistribution prohibited"
"Apr 10, 2017","182-Day","10.52%","Rock Investment Bank | Licensed to kironjiemmanuel@gmail.com | Ref RIB-2EB094A9EE89 | 10/6/2026, 4:40:51 PM | Confidential - redistribution prohibited"
"Apr 10, 2017","364-Day","10.93%","Rock Investment Bank | Licensed to kironjiemmanuel@gmail.com | Ref RIB-2EB094A9EE89 | 10/6/2026, 4:40:51 PM | Confidential - redistribution prohibited"
"Apr 17, 2017","91-Day","8.77%","Rock Investment Bank | Licensed to kironjiemmanuel@gmail.com | Ref RIB-2EB094A9EE89 | 10/6/2026, 4:40:51 PM | Confidential - redistribution prohibited"
"Apr 17, 2017","182-Day","10.52%","Rock Investment Bank | Licensed to kironjiemmanuel@gmail.com | Ref RIB-2EB094A9EE89 | 10/6/2026, 4:40:51 PM | Confidential - redistribution prohibited"
"Apr 17, 2017","364-Day","10.93%","Rock Investment Bank | Licensed to kironjiemmanuel@gmail.com | Ref RIB-2EB094A9EE89 | 10/6/2026, 4:40:51 PM | Confidential - redistribution prohibited"
"Apr 24, 2017","91-Day","8.78%","Rock Investment Bank | Licensed to kironjiemmanuel@gmail.com | Ref RIB-2EB094A9EE89 | 10/6/2026, 4:40:51 PM | Confidential - redistribution prohibited"
"Apr 24, 2017","182-Day","10.53%","Rock Investment Bank | Licensed to kironjiemmanuel@gmail.com | Ref RIB-2EB094A9EE89 | 10/6/2026, 4:40:51 PM | Confidential - redistribution prohibited"
"Apr 24, 2017","364-Day","10.92%","Rock Investment Bank | Licensed to kironjiemmanuel@gmail.com | Ref RIB-2EB094A9EE89 | 10/6/2026, 4:40:51 PM | Confidential - redistribution prohibited"
"May 1, 2017","91-Day","8.78%","Rock Investment Bank | Licensed to kironjiemmanuel@gmail.com | Ref RIB-2EB094A9EE89 | 10/6/2026, 4:40:51 PM | Confidential - redistribution prohibited"
"May 1, 2017","182-Day","10.53%","Rock Investment Bank | Licensed to kironjiemmanuel@gmail.com | Ref RIB-2EB094A9EE89 | 10/6/2026, 4:40:51 PM | Confidential - redistribution prohibited"
"May 1, 2017","364-Day","10.94%","Rock Investment Bank | Licensed to kironjiemmanuel@gmail.com | Ref RIB-2EB094A9EE89 | 10/6/2026, 4:40:51 PM | Confidential - redistribution prohibited"
"May 8, 2017","91-Day","8.76%","Rock Investment Bank | Licensed to kironjiemmanuel@gmail.com | Ref RIB-2EB094A9EE89 | 10/6/2026, 4:40:51 PM | Confidential - redistribution prohibited"
"May 8, 2017","182-Day","10.47%","Rock Investment Bank | Licensed to kironjiemmanuel@gmail.com | Ref RIB-2EB094A9EE89 | 10/6/2026, 4:40:51 PM | Confidential - redistribution prohibited"
"May 8, 2017","364-Day","10.93%","Rock Investment Bank | Licensed to kironjiemmanuel@gmail.com | Ref RIB-2EB094A9EE89 | 10/6/2026, 4:40:51 PM | Confidential - redistribution prohibited"
"May 15, 2017","91-Day","8.73%","Rock Investment Bank | Licensed to kironjiemmanuel@gmail.com | Ref RIB-2EB094A9EE89 | 10/6/2026, 4:40:51 PM | Confidential - redistribution prohibited"
"May 15, 2017","182-Day","10.41%","Rock Investment Bank | Licensed to kironjiemmanuel@gmail.com | Ref RIB-2EB094A9EE89 | 10/6/2026, 4:40:51 PM | Confidential - redistribution prohibited"
"May 15, 2017","364-Day","10.93%","Rock Investment Bank | Licensed to kironjiemmanuel@gmail.com | Ref RIB-2EB094A9EE89 | 10/6/2026, 4:40:51 PM | Confidential - redistribution prohibited"
"May 22, 2017","91-Day","8.68%","Rock Investment Bank | Licensed to kironjiemmanuel@gmail.com | Ref RIB-2EB094A9EE89 | 10/6/2026, 4:40:51 PM | Confidential - redistribution prohibited"
"May 22, 2017","182-Day","10.39%","Rock Investment Bank | Licensed to kironjiemmanuel@gmail.com | Ref RIB-2EB094A9EE89 | 10/6/2026, 4:40:51 PM | Confidential - redistribution prohibited"
"May 22, 2017","364-Day","10.91%","Rock Investment Bank | Licensed to kironjiemmanuel@gmail.com | Ref RIB-2EB094A9EE89 | 10/6/2026, 4:40:51 PM | Confidential - redistribution prohibited"
"May 29, 2017","91-Day","8.61%","Rock Investment Bank | Licensed to kironjiemmanuel@gmail.com | Ref RIB-2EB094A9EE89 | 10/6/2026, 4:40:51 PM | Confidential - redistribution prohibited"
"May 29, 2017","182-Day","10.37%","Rock Investment Bank | Licensed to kironjiemmanuel@gmail.com | Ref RIB-2EB094A9EE89 | 10/6/2026, 4:40:51 PM | Confidential - redistribution prohibited"
"May 29, 2017","364-Day","10.91%","Rock Investment Bank | Licensed to kironjiemmanuel@gmail.com | Ref RIB-2EB094A9EE89 | 10/6/2026, 4:40:51 PM | Confidential - redistribution prohibited"
"Jun 5, 2017","91-Day","8.54%","Rock Investment Bank | Licensed to kironjiemmanuel@gmail.com | Ref RIB-2EB094A9EE89 | 10/6/2026, 4:40:51 PM | Confidential - redistribution prohibited"
"Jun 5, 2017","182-Day","10.36%","Rock Investment Bank | Licensed to kironjiemmanuel@gmail.com | Ref RIB-2EB094A9EE89 | 10/6/2026, 4:40:51 PM | Confidential - redistribution prohibited"
"Jun 5, 2017","364-Day","10.91%","Rock Investment Bank | Licensed to kironjiemmanuel@gmail.com | Ref RIB-2EB094A9EE89 | 10/6/2026, 4:40:51 PM | Confidential - redistribution prohibited"
"Jun 12, 2017","91-Day","8.46%","Rock Investment Bank | Licensed to kironjiemmanuel@gmail.com | Ref RIB-2EB094A9EE89 | 10/6/2026, 4:40:51 PM | Confidential - redistribution prohibited"
"Jun 12, 2017","182-Day","10.33%","Rock Investment Bank | Licensed to kironjiemmanuel@gmail.com | Ref RIB-2EB094A9EE89 | 10/6/2026, 4:40:51 PM | Confidential - redistribution prohibited"
"Jun 12, 2017","364-Day","10.88%","Rock Investment Bank | Licensed to kironjiemmanuel@gmail.com | Ref RIB-2EB094A9EE89 | 10/6/2026, 4:40:51 PM | Confidential - redistribution prohibited"
"Jun 19, 2017","91-Day","8.40%","Rock Investment Bank | Licensed to kironjiemmanuel@gmail.com | Ref RIB-2EB094A9EE89 | 10/6/2026, 4:40:51 PM | Confidential - redistribution prohibited"
"Jun 19, 2017","182-Day","10.33%","Rock Investment Bank | Licensed to kironjiemmanuel@gmail.com | Ref RIB-2EB094A9EE89 | 10/6/2026, 4:40:51 PM | Confidential - redistribution prohibited"
"Jun 19, 2017","364-Day","10.88%","Rock Investment Bank | Licensed to kironjiemmanuel@gmail.com | Ref RIB-2EB094A9EE89 | 10/6/2026, 4:40:51 PM | Confidential - redistribution prohibited"
"Jun 26, 2017","91-Day","8.31%","Rock Investment Bank | Licensed to kironjiemmanuel@gmail.com | Ref RIB-2EB094A9EE89 | 10/6/2026, 4:40:51 PM | Confidential - redistribution prohibited"
"Jun 26, 2017","182-Day","10.31%","Rock Investment Bank | Licensed to kironjiemmanuel@gmail.com | Ref RIB-2EB094A9EE89 | 10/6/2026, 4:40:51 PM | Confidential - redistribution prohibited"
"Jun 26, 2017","364-Day","10.87%","Rock Investment Bank | Licensed to kironjiemmanuel@gmail.com | Ref RIB-2EB094A9EE89 | 10/6/2026, 4:40:51 PM | Confidential - redistribution prohibited"
"Jul 3, 2017","91-Day","8.31%","Rock Investment Bank | Licensed to kironjiemmanuel@gmail.com | Ref RIB-2EB094A9EE89 | 10/6/2026, 4:40:51 PM | Confidential - redistribution prohibited"
"Jul 3, 2017","182-Day","10.33%","Rock Investment Bank | Licensed to kironjiemmanuel@gmail.com | Ref RIB-2EB094A9EE89 | 10/6/2026, 4:40:51 PM | Confidential - redistribution prohibited"
"Jul 3, 2017","364-Day","10.90%","Rock Investment Bank | Licensed to kironjiemmanuel@gmail.com | Ref RIB-2EB094A9EE89 | 10/6/2026, 4:40:51 PM | Confidential - redistribution prohibited"
"Jul 10, 2017","91-Day","8.22%","Rock Investment Bank | Licensed to kironjiemmanuel@gmail.com | Ref RIB-2EB094A9EE89 | 10/6/2026, 4:40:51 PM | Confidential - redistribution prohibited"
"Jul 10, 2017","182-Day","10.31%","Rock Investment Bank | Licensed to kironjiemmanuel@gmail.com | Ref RIB-2EB094A9EE89 | 10/6/2026, 4:40:51 PM | Confidential - redistribution prohibited"
"Jul 10, 2017","364-Day","10.89%","Rock Investment Bank | Licensed to kironjiemmanuel@gmail.com | Ref RIB-2EB094A9EE89 | 10/6/2026, 4:40:51 PM | Confidential - redistribution prohibited"
"Jul 17, 2017","91-Day","8.21%","Rock Investment Bank | Licensed to kironjiemmanuel@gmail.com | Ref RIB-2EB094A9EE89 | 10/6/2026, 4:40:51 PM | Confidential - redistribution prohibited"
"Jul 17, 2017","182-Day","10.32%","Rock Investment Bank | Licensed to kironjiemmanuel@gmail.com | Ref RIB-2EB094A9EE89 | 10/6/2026, 4:40:51 PM | Confidential - redistribution prohibited"
"Jul 17, 2017","364-Day","10.89%","Rock Investment Bank | Licensed to kironjiemmanuel@gmail.com | Ref RIB-2EB094A9EE89 | 10/6/2026, 4:40:51 PM | Confidential - redistribution prohibited"
"Jul 24, 2017","91-Day","8.21%","Rock Investment Bank | Licensed to kironjiemmanuel@gmail.com | Ref RIB-2EB094A9EE89 | 10/6/2026, 4:40:51 PM | Confidential - redistribution prohibited"
"Jul 24, 2017","182-Day","10.31%","Rock Investment Bank | Licensed to kironjiemmanuel@gmail.com | Ref RIB-2EB094A9EE89 | 10/6/2026, 4:40:51 PM | Confidential - redistribution prohibited"
"Jul 24, 2017","364-Day","10.89%","Rock Investment Bank | Licensed to kironjiemmanuel@gmail.com | Ref RIB-2EB094A9EE89 | 10/6/2026, 4:40:51 PM | Confidential - redistribution prohibited"
"Jul 31, 2017","91-Day","8.20%","Rock Investment Bank | Licensed to kironjiemmanuel@gmail.com | Ref RIB-2EB094A9EE89 | 10/6/2026, 4:40:51 PM | Confidential - redistribution prohibited"
"Jul 31, 2017","182-Day","10.32%","Rock Investment Bank | Licensed to kironjiemmanuel@gmail.com | Ref RIB-2EB094A9EE89 | 10/6/2026, 4:40:51 PM | Confidential - redistribution prohibited"
"Jul 31, 2017","364-Day","10.89%","Rock Investment Bank | Licensed to kironjiemmanuel@gmail.com | Ref RIB-2EB094A9EE89 | 10/6/2026, 4:40:51 PM | Confidential - redistribution prohibited"
"Aug 7, 2017","91-Day","8.20%","Rock Investment Bank | Licensed to kironjiemmanuel@gmail.com | Ref RIB-2EB094A9EE89 | 10/6/2026, 4:40:51 PM | Confidential - redistribution prohibited"
"Aug 7, 2017","182-Day","10.32%","Rock Investment Bank | Licensed to kironjiemmanuel@gmail.com | Ref RIB-2EB094A9EE89 | 10/6/2026, 4:40:51 PM | Confidential - redistribution prohibited"
"Aug 7, 2017","364-Day","10.89%","Rock Investment Bank | Licensed to kironjiemmanuel@gmail.com | Ref RIB-2EB094A9EE89 | 10/6/2026, 4:40:51 PM | Confidential - redistribution prohibited"
"Aug 14, 2017","91-Day","8.20%","Rock Investment Bank | Licensed to kironjiemmanuel@gmail.com | Ref RIB-2EB094A9EE89 | 10/6/2026, 4:40:51 PM | Confidential - redistribution prohibited"
"Aug 14, 2017","182-Day","10.32%","Rock Investment Bank | Licensed to kironjiemmanuel@gmail.com | Ref RIB-2EB094A9EE89 | 10/6/2026, 4:40:51 PM | Confidential - redistribution prohibited"
"Aug 14, 2017","364-Day","10.90%","Rock Investment Bank | Licensed to kironjiemmanuel@gmail.com | Ref RIB-2EB094A9EE89 | 10/6/2026, 4:40:51 PM | Confidential - redistribution prohibited"
"Aug 21, 2017","91-Day","8.20%","Rock Investment Bank | Licensed to kironjiemmanuel@gmail.com | Ref RIB-2EB094A9EE89 | 10/6/2026, 4:40:51 PM | Confidential - redistribution prohibited"
"Aug 21, 2017","182-Day","10.32%","Rock Investment Bank | Licensed to kironjiemmanuel@gmail.com | Ref RIB-2EB094A9EE89 | 10/6/2026, 4:40:51 PM | Confidential - redistribution prohibited"
"Aug 21, 2017","364-Day","10.90%","Rock Investment Bank | Licensed to kironjiemmanuel@gmail.com | Ref RIB-2EB094A9EE89 | 10/6/2026, 4:40:51 PM | Confidential - redistribution prohibited"
"Aug 28, 2017","91-Day","8.15%","Rock Investment Bank | Licensed to kironjiemmanuel@gmail.com | Ref RIB-2EB094A9EE89 | 10/6/2026, 4:40:51 PM | Confidential - redistribution prohibited"
"Aug 28, 2017","182-Day","10.31%","Rock Investment Bank | Licensed to kironjiemmanuel@gmail.com | Ref RIB-2EB094A9EE89 | 10/6/2026, 4:40:51 PM | Confidential - redistribution prohibited"
"Aug 28, 2017","364-Day","10.91%","Rock Investment Bank | Licensed to kironjiemmanuel@gmail.com | Ref RIB-2EB094A9EE89 | 10/6/2026, 4:40:51 PM | Confidential - redistribution prohibited"
"Sep 4, 2017","91-Day","8.14%","Rock Investment Bank | Licensed to kironjiemmanuel@gmail.com | Ref RIB-2EB094A9EE89 | 10/6/2026, 4:40:51 PM | Confidential - redistribution prohibited"
"Sep 4, 2017","182-Day","10.32%","Rock Investment Bank | Licensed to kironjiemmanuel@gmail.com | Ref RIB-2EB094A9EE89 | 10/6/2026, 4:40:51 PM | Confidential - redistribution prohibited"
"Sep 4, 2017","364-Day","10.92%","Rock Investment Bank | Licensed to kironjiemmanuel@gmail.com | Ref RIB-2EB094A9EE89 | 10/6/2026, 4:40:51 PM | Confidential - redistribution prohibited"
"Sep 11, 2017","91-Day","8.13%","Rock Investment Bank | Licensed to kironjiemmanuel@gmail.com | Ref RIB-2EB094A9EE89 | 10/6/2026, 4:40:51 PM | Confidential - redistribution prohibited"
"Sep 11, 2017","182-Day","10.31%","Rock Investment Bank | Licensed to kironjiemmanuel@gmail.com | Ref RIB-2EB094A9EE89 | 10/6/2026, 4:40:51 PM | Confidential - redistribution prohibited"
"Sep 11, 2017","364-Day","10.92%","Rock Investment Bank | Licensed to kironjiemmanuel@gmail.com | Ref RIB-2EB094A9EE89 | 10/6/2026, 4:40:51 PM | Confidential - redistribution prohibited"
"Sep 18, 2017","91-Day","8.13%","Rock Investment Bank | Licensed to kironjiemmanuel@gmail.com | Ref RIB-2EB094A9EE89 | 10/6/2026, 4:40:51 PM | Confidential - redistribution prohibited"
"Sep 18, 2017","182-Day","10.31%","Rock Investment Bank | Licensed to kironjiemmanuel@gmail.com | Ref RIB-2EB094A9EE89 | 10/6/2026, 4:40:51 PM | Confidential - redistribution prohibited"
"Sep 18, 2017","364-Day","10.93%","Rock Investment Bank | Licensed to kironjiemmanuel@gmail.com | Ref RIB-2EB094A9EE89 | 10/6/2026, 4:40:51 PM | Confidential - redistribution prohibited"
"Sep 25, 2017","91-Day","8.13%","Rock Investment Bank | Licensed to kironjiemmanuel@gmail.com | Ref RIB-2EB094A9EE89 | 10/6/2026, 4:40:51 PM | Confidential - redistribution prohibited"
"Sep 25, 2017","182-Day","10.32%","Rock Investment Bank | Licensed to kironjiemmanuel@gmail.com | Ref RIB-2EB094A9EE89 | 10/6/2026, 4:40:51 PM | Confidential - redistribution prohibited"
"Sep 25, 2017","364-Day","10.96%","Rock Investment Bank | Licensed to kironjiemmanuel@gmail.com | Ref RIB-2EB094A9EE89 | 10/6/2026, 4:40:51 PM | Confidential - redistribution prohibited"
"Oct 2, 2017","91-Day","8.13%","Rock Investment Bank | Licensed to kironjiemmanuel@gmail.com | Ref RIB-2EB094A9EE89 | 10/6/2026, 4:40:51 PM | Confidential - redistribution prohibited"
"Oct 2, 2017","182-Day","10.32%","Rock Investment Bank | Licensed to kironjiemmanuel@gmail.com | Ref RIB-2EB094A9EE89 | 10/6/2026, 4:40:51 PM | Confidential - redistribution prohibited"
"Oct 2, 2017","364-Day","10.97%","Rock Investment Bank | Licensed to kironjiemmanuel@gmail.com | Ref RIB-2EB094A9EE89 | 10/6/2026, 4:40:51 PM | Confidential - redistribution prohibited"
"Oct 9, 2017","91-Day","8.13%","Rock Investment Bank | Licensed to kironjiemmanuel@gmail.com | Ref RIB-2EB094A9EE89 | 10/6/2026, 4:40:51 PM | Confidential - redistribution prohibited"
"Oct 9, 2017","182-Day","10.32%","Rock Investment Bank | Licensed to kironjiemmanuel@gmail.com | Ref RIB-2EB094A9EE89 | 10/6/2026, 4:40:51 PM | Confidential - redistribution prohibited"
"Oct 9, 2017","364-Day","10.99%","Rock Investment Bank | Licensed to kironjiemmanuel@gmail.com | Ref RIB-2EB094A9EE89 | 10/6/2026, 4:40:51 PM | Confidential - redistribution prohibited"
"Oct 16, 2017","91-Day","8.10%","Rock Investment Bank | Licensed to kironjiemmanuel@gmail.com | Ref RIB-2EB094A9EE89 | 10/6/2026, 4:40:51 PM | Confidential - redistribution prohibited"
"Oct 16, 2017","182-Day","10.32%","Rock Investment Bank | Licensed to kironjiemmanuel@gmail.com | Ref RIB-2EB094A9EE89 | 10/6/2026, 4:40:51 PM | Confidential - redistribution prohibited"
"Oct 16, 2017","364-Day","10.98%","Rock Investment Bank | Licensed to kironjiemmanuel@gmail.com | Ref RIB-2EB094A9EE89 | 10/6/2026, 4:40:51 PM | Confidential - redistribution prohibited"
"Oct 23, 2017","91-Day","8.08%","Rock Investment Bank | Licensed to kironjiemmanuel@gmail.com | Ref RIB-2EB094A9EE89 | 10/6/2026, 4:40:51 PM | Confidential - redistribution prohibited"
"Oct 23, 2017","182-Day","10.31%","Rock Investment Bank | Licensed to kironjiemmanuel@gmail.com | Ref RIB-2EB094A9EE89 | 10/6/2026, 4:40:51 PM | Confidential - redistribution prohibited"
"Oct 23, 2017","364-Day","10.99%","Rock Investment Bank | Licensed to kironjiemmanuel@gmail.com | Ref RIB-2EB094A9EE89 | 10/6/2026, 4:40:51 PM | Confidential - redistribution prohibited"
"Oct 30, 2017","91-Day","8.01%","Rock Investment Bank | Licensed to kironjiemmanuel@gmail.com | Ref RIB-2EB094A9EE89 | 10/6/2026, 4:40:51 PM | Confidential - redistribution prohibited"
"Oct 30, 2017","182-Day","10.39%","Rock Investment Bank | Licensed to kironjiemmanuel@gmail.com | Ref RIB-2EB094A9EE89 | 10/6/2026, 4:40:51 PM | Confidential - redistribution prohibited"
"Oct 30, 2017","364-Day","10.99%","Rock Investment Bank | Licensed to kironjiemmanuel@gmail.com | Ref RIB-2EB094A9EE89 | 10/6/2026, 4:40:51 PM | Confidential - redistribution prohibited"
"Nov 6, 2017","91-Day","8.02%","Rock Investment Bank | Licensed to kironjiemmanuel@gmail.com | Ref RIB-2EB094A9EE89 | 10/6/2026, 4:40:51 PM | Confidential - redistribution prohibited"
"Nov 6, 2017","182-Day","10.43%","Rock Investment Bank | Licensed to kironjiemmanuel@gmail.com | Ref RIB-2EB094A9EE89 | 10/6/2026, 4:40:51 PM | Confidential - redistribution prohibited"
"Nov 6, 2017","364-Day","11.00%","Rock Investment Bank | Licensed to kironjiemmanuel@gmail.com | Ref RIB-2EB094A9EE89 | 10/6/2026, 4:40:51 PM | Confidential - redistribution prohibited"
"Nov 13, 2017","91-Day","8.02%","Rock Investment Bank | Licensed to kironjiemmanuel@gmail.com | Ref RIB-2EB094A9EE89 | 10/6/2026, 4:40:51 PM | Confidential - redistribution prohibited"
"Nov 13, 2017","182-Day","10.49%","Rock Investment Bank | Licensed to kironjiemmanuel@gmail.com | Ref RIB-2EB094A9EE89 | 10/6/2026, 4:40:51 PM | Confidential - redistribution prohibited"
"Nov 13, 2017","364-Day","11.00%","Rock Investment Bank | Licensed to kironjiemmanuel@gmail.com | Ref RIB-2EB094A9EE89 | 10/6/2026, 4:40:51 PM | Confidential - redistribution prohibited"
"Nov 20, 2017","91-Day","8.01%","Rock Investment Bank | Licensed to kironjiemmanuel@gmail.com | Ref RIB-2EB094A9EE89 | 10/6/2026, 4:40:51 PM | Confidential - redistribution prohibited"
"Nov 20, 2017","182-Day","10.48%","Rock Investment Bank | Licensed to kironjiemmanuel@gmail.com | Ref RIB-2EB094A9EE89 | 10/6/2026, 4:40:51 PM | Confidential - redistribution prohibited"
"Nov 20, 2017","364-Day","11.00%","Rock Investment Bank | Licensed to kironjiemmanuel@gmail.com | Ref RIB-2EB094A9EE89 | 10/6/2026, 4:40:51 PM | Confidential - redistribution prohibited"
"Nov 27, 2017","91-Day","8.01%","Rock Investment Bank | Licensed to kironjiemmanuel@gmail.com | Ref RIB-2EB094A9EE89 | 10/6/2026, 4:40:51 PM | Confidential - redistribution prohibited"
"Nov 27, 2017","182-Day","10.48%","Rock Investment Bank | Licensed to kironjiemmanuel@gmail.com | Ref RIB-2EB094A9EE89 | 10/6/2026, 4:40:51 PM | Confidential - redistribution prohibited"
"Nov 27, 2017","364-Day","11.02%","Rock Investment Bank | Licensed to kironjiemmanuel@gmail.com | Ref RIB-2EB094A9EE89 | 10/6/2026, 4:40:51 PM | Confidential - redistribution prohibited"
"Dec 4, 2017","91-Day","8.01%","Rock Investment Bank | Licensed to kironjiemmanuel@gmail.com | Ref RIB-2EB094A9EE89 | 10/6/2026, 4:40:51 PM | Confidential - redistribution prohibited"
"Dec 4, 2017","182-Day","10.48%","Rock Investment Bank | Licensed to kironjiemmanuel@gmail.com | Ref RIB-2EB094A9EE89 | 10/6/2026, 4:40:51 PM | Confidential - redistribution prohibited"
"Dec 4, 2017","364-Day","11.04%","Rock Investment Bank | Licensed to kironjiemmanuel@gmail.com | Ref RIB-2EB094A9EE89 | 10/6/2026, 4:40:51 PM | Confidential - redistribution prohibited"
"Dec 11, 2017","91-Day","8.01%","Rock Investment Bank | Licensed to kironjiemmanuel@gmail.com | Ref RIB-2EB094A9EE89 | 10/6/2026, 4:40:51 PM | Confidential - redistribution prohibited"
"Dec 11, 2017","182-Day","10.52%","Rock Investment Bank | Licensed to kironjiemmanuel@gmail.com | Ref RIB-2EB094A9EE89 | 10/6/2026, 4:40:51 PM | Confidential - redistribution prohibited"
"Dec 11, 2017","364-Day","11.08%","Rock Investment Bank | Licensed to kironjiemmanuel@gmail.com | Ref RIB-2EB094A9EE89 | 10/6/2026, 4:40:51 PM | Confidential - redistribution prohibited"
"Dec 18, 2017","91-Day","8.00%","Rock Investment Bank | Licensed to kironjiemmanuel@gmail.com | Ref RIB-2EB094A9EE89 | 10/6/2026, 4:40:51 PM | Confidential - redistribution prohibited"
"Dec 18, 2017","182-Day","10.53%","Rock Investment Bank | Licensed to kironjiemmanuel@gmail.com | Ref RIB-2EB094A9EE89 | 10/6/2026, 4:40:51 PM | Confidential - redistribution prohibited"
"Dec 18, 2017","364-Day","11.09%","Rock Investment Bank | Licensed to kironjiemmanuel@gmail.com | Ref RIB-2EB094A9EE89 | 10/6/2026, 4:40:51 PM | Confidential - redistribution prohibited"
"Dec 25, 2017","91-Day","8.00%","Rock Investment Bank | Licensed to kironjiemmanuel@gmail.com | Ref RIB-2EB094A9EE89 | 10/6/2026, 4:40:51 PM | Confidential - redistribution prohibited"
"Dec 25, 2017","182-Day","10.58%","Rock Investment Bank | Licensed to kironjiemmanuel@gmail.com | Ref RIB-2EB094A9EE89 | 10/6/2026, 4:40:51 PM | Confidential - redistribution prohibited"
"Dec 25, 2017","364-Day","11.13%","Rock Investment Bank | Licensed to kironjiemmanuel@gmail.com | Ref RIB-2EB094A9EE89 | 10/6/2026, 4:40:51 PM | Confidential - redistribution prohibited"
"Jan 1, 2018","91-Day","8.08%","Rock Investment Bank | Licensed to kironjiemmanuel@gmail.com | Ref RIB-2EB094A9EE89 | 10/6/2026, 4:40:51 PM | Confidential - redistribution prohibited"
"Jan 1, 2018","182-Day","10.65%","Rock Investment Bank | Licensed to kironjiemmanuel@gmail.com | Ref RIB-2EB094A9EE89 | 10/6/2026, 4:40:51 PM | Confidential - redistribution prohibited"
"Jan 1, 2018","364-Day","11.15%","Rock Investment Bank | Licensed to kironjiemmanuel@gmail.com | Ref RIB-2EB094A9EE89 | 10/6/2026, 4:40:51 PM | Confidential - redistribution prohibited"
"Jan 8, 2018","91-Day","8.08%","Rock Investment Bank | Licensed to kironjiemmanuel@gmail.com | Ref RIB-2EB094A9EE89 | 10/6/2026, 4:40:51 PM | Confidential - redistribution prohibited"
"Jan 8, 2018","182-Day","10.69%","Rock Investment Bank | Licensed to kironjiemmanuel@gmail.com | Ref RIB-2EB094A9EE89 | 10/6/2026, 4:40:51 PM | Confidential - redistribution prohibited"
"Jan 8, 2018","364-Day","11.16%","Rock Investment Bank | Licensed to kironjiemmanuel@gmail.com | Ref RIB-2EB094A9EE89 | 10/6/2026, 4:40:51 PM | Confidential - redistribution prohibited"
"Jan 15, 2018","91-Day","8.05%","Rock Investment Bank | Licensed to kironjiemmanuel@gmail.com | Ref RIB-2EB094A9EE89 | 10/6/2026, 4:40:51 PM | Confidential - redistribution prohibited"
"Jan 15, 2018","182-Day","10.66%","Rock Investment Bank | Licensed to kironjiemmanuel@gmail.com | Ref RIB-2EB094A9EE89 | 10/6/2026, 4:40:51 PM | Confidential - redistribution prohibited"
"Jan 15, 2018","364-Day","11.17%","Rock Investment Bank | Licensed to kironjiemmanuel@gmail.com | Ref RIB-2EB094A9EE89 | 10/6/2026, 4:40:51 PM | Confidential - redistribution prohibited"
"Jan 22, 2018","91-Day","8.00%","Rock Investment Bank | Licensed to kironjiemmanuel@gmail.com | Ref RIB-2EB094A9EE89 | 10/6/2026, 4:40:51 PM | Confidential - redistribution prohibited"
"Jan 22, 2018","182-Day","10.64%","Rock Investment Bank | Licensed to kironjiemmanuel@gmail.com | Ref RIB-2EB094A9EE89 | 10/6/2026, 4:40:51 PM | Confidential - redistribution prohibited"
"Jan 22, 2018","364-Day","11.15%","Rock Investment Bank | Licensed to kironjiemmanuel@gmail.com | Ref RIB-2EB094A9EE89 | 10/6/2026, 4:40:51 PM | Confidential - redistribution prohibited"
"Jan 29, 2018","91-Day","8.00%","Rock Investment Bank | Licensed to kironjiemmanuel@gmail.com | Ref RIB-2EB094A9EE89 | 10/6/2026, 4:40:51 PM | Confidential - redistribution prohibited"
"Jan 29, 2018","182-Day","10.56%","Rock Investment Bank | Licensed to kironjiemmanuel@gmail.com | Ref RIB-2EB094A9EE89 | 10/6/2026, 4:40:51 PM | Confidential - redistribution prohibited"
"Jan 29, 2018","364-Day","11.16%","Rock Investment Bank | Licensed to kironjiemmanuel@gmail.com | Ref RIB-2EB094A9EE89 | 10/6/2026, 4:40:51 PM | Confidential - redistribution prohibited"
"Feb 5, 2018","91-Day","8.00%","Rock Investment Bank | Licensed to kironjiemmanuel@gmail.com | Ref RIB-2EB094A9EE89 | 10/6/2026, 4:40:51 PM | Confidential - redistribution prohibited"
"Feb 5, 2018","182-Day","10.44%","Rock Investment Bank | Licensed to kironjiemmanuel@gmail.com | Ref RIB-2EB094A9EE89 | 10/6/2026, 4:40:51 PM | Confidential - redistribution prohibited"
"Feb 5, 2018","364-Day","11.16%","Rock Investment Bank | Licensed to kironjiemmanuel@gmail.com | Ref RIB-2EB094A9EE89 | 10/6/2026, 4:40:51 PM | Confidential - redistribution prohibited"
"Feb 12, 2018","91-Day","8.04%","Rock Investment Bank | Licensed to kironjiemmanuel@gmail.com | Ref RIB-2EB094A9EE89 | 10/6/2026, 4:40:51 PM | Confidential - redistribution prohibited"
"Feb 12, 2018","182-Day","10.42%","Rock Investment Bank | Licensed to kironjiemmanuel@gmail.com | Ref RIB-2EB094A9EE89 | 10/6/2026, 4:40:51 PM | Confidential - redistribution prohibited"
"Feb 12, 2018","364-Day","11.16%","Rock Investment Bank | Licensed to kironjiemmanuel@gmail.com | Ref RIB-2EB094A9EE89 | 10/6/2026, 4:40:51 PM | Confidential - redistribution prohibited"
"Feb 19, 2018","91-Day","8.03%","Rock Investment Bank | Licensed to kironjiemmanuel@gmail.com | Ref RIB-2EB094A9EE89 | 10/6/2026, 4:40:51 PM | Confidential - redistribution prohibited"
"Feb 19, 2018","182-Day","10.40%","Rock Investment Bank | Licensed to kironjiemmanuel@gmail.com | Ref RIB-2EB094A9EE89 | 10/6/2026, 4:40:51 PM | Confidential - redistribution prohibited"
"Feb 19, 2018","364-Day","11.15%","Rock Investment Bank | Licensed to kironjiemmanuel@gmail.com | Ref RIB-2EB094A9EE89 | 10/6/2026, 4:40:51 PM | Confidential - redistribution prohibited"
"Feb 26, 2018","91-Day","8.03%","Rock Investment Bank | Licensed to kironjiemmanuel@gmail.com | Ref RIB-2EB094A9EE89 | 10/6/2026, 4:40:51 PM | Confidential - redistribution prohibited"
"Feb 26, 2018","182-Day","10.39%","Rock Investment Bank | Licensed to kironjiemmanuel@gmail.com | Ref RIB-2EB094A9EE89 | 10/6/2026, 4:40:51 PM | Confidential - redistribution prohibited"
"Feb 26, 2018","364-Day","11.13%","Rock Investment Bank | Licensed to kironjiemmanuel@gmail.com | Ref RIB-2EB094A9EE89 | 10/6/2026, 4:40:51 PM | Confidential - redistribution prohibited"
"Mar 5, 2018","91-Day","8.03%","Rock Investment Bank | Licensed to kironjiemmanuel@gmail.com | Ref RIB-2EB094A9EE89 | 10/6/2026, 4:40:51 PM | Confidential - redistribution prohibited"
"Mar 5, 2018","182-Day","10.39%","Rock Investment Bank | Licensed to kironjiemmanuel@gmail.com | Ref RIB-2EB094A9EE89 | 10/6/2026, 4:40:51 PM | Confidential - redistribution prohibited"
"Mar 5, 2018","364-Day","11.13%","Rock Investment Bank | Licensed to kironjiemmanuel@gmail.com | Ref RIB-2EB094A9EE89 | 10/6/2026, 4:40:51 PM | Confidential - redistribution prohibited"
"Mar 12, 2018","91-Day","8.03%","Rock Investment Bank | Licensed to kironjiemmanuel@gmail.com | Ref RIB-2EB094A9EE89 | 10/6/2026, 4:40:51 PM | Confidential - redistribution prohibited"
"Mar 12, 2018","182-Day","10.38%","Rock Investment Bank | Licensed to kironjiemmanuel@gmail.com | Ref RIB-2EB094A9EE89 | 10/6/2026, 4:40:51 PM | Confidential - redistribution prohibited"
"Mar 12, 2018","364-Day","11.13%","Rock Investment Bank | Licensed to kironjiemmanuel@gmail.com | Ref RIB-2EB094A9EE89 | 10/6/2026, 4:40:51 PM | Confidential - redistribution prohibited"
"Mar 19, 2018","91-Day","8.02%","Rock Investment Bank | Licensed to kironjiemmanuel@gmail.com | Ref RIB-2EB094A9EE89 | 10/6/2026, 4:40:51 PM | Confidential - redistribution prohibited"
"Mar 19, 2018","182-Day","10.40%","Rock Investment Bank | Licensed to kironjiemmanuel@gmail.com | Ref RIB-2EB094A9EE89 | 10/6/2026, 4:40:51 PM | Confidential - redistribution prohibited"
"Mar 19, 2018","364-Day","11.13%","Rock Investment Bank | Licensed to kironjiemmanuel@gmail.com | Ref RIB-2EB094A9EE89 | 10/6/2026, 4:40:51 PM | Confidential - redistribution prohibited"
"Mar 26, 2018","91-Day","8.00%","Rock Investment Bank | Licensed to kironjiemmanuel@gmail.com | Ref RIB-2EB094A9EE89 | 10/6/2026, 4:40:51 PM | Confidential - redistribution prohibited"
"Mar 26, 2018","182-Day","10.38%","Rock Investment Bank | Licensed to kironjiemmanuel@gmail.com | Ref RIB-2EB094A9EE89 | 10/6/2026, 4:40:51 PM | Confidential - redistribution prohibited"
"Mar 26, 2018","364-Day","11.13%","Rock Investment Bank | Licensed to kironjiemmanuel@gmail.com | Ref RIB-2EB094A9EE89 | 10/6/2026, 4:40:51 PM | Confidential - redistribution prohibited"
"Apr 2, 2018","91-Day","8.00%","Rock Investment Bank | Licensed to kironjiemmanuel@gmail.com | Ref RIB-2EB094A9EE89 | 10/6/2026, 4:40:51 PM | Confidential - redistribution prohibited"
"Apr 2, 2018","182-Day","10.38%","Rock Investment Bank | Licensed to kironjiemmanuel@gmail.com | Ref RIB-2EB094A9EE89 | 10/6/2026, 4:40:51 PM | Confidential - redistribution prohibited"
"Apr 2, 2018","364-Day","11.13%","Rock Investment Bank | Licensed to kironjiemmanuel@gmail.com | Ref RIB-2EB094A9EE89 | 10/6/2026, 4:40:51 PM | Confidential - redistribution prohibited"
"Apr 9, 2018","91-Day","8.01%","Rock Investment Bank | Licensed to kironjiemmanuel@gmail.com | Ref RIB-2EB094A9EE89 | 10/6/2026, 4:40:51 PM | Confidential - redistribution prohibited"
"Apr 9, 2018","182-Day","10.32%","Rock Investment Bank | Licensed to kironjiemmanuel@gmail.com | Ref RIB-2EB094A9EE89 | 10/6/2026, 4:40:51 PM | Confidential - redistribution prohibited"
"Apr 9, 2018","364-Day","11.12%","Rock Investment Bank | Licensed to kironjiemmanuel@gmail.com | Ref RIB-2EB094A9EE89 | 10/6/2026, 4:40:51 PM | Confidential - redistribution prohibited"
"Apr 16, 2018","91-Day","8.00%","Rock Investment Bank | Licensed to kironjiemmanuel@gmail.com | Ref RIB-2EB094A9EE89 | 10/6/2026, 4:40:51 PM | Confidential - redistribution prohibited"
"Apr 16, 2018","182-Day","10.32%","Rock Investment Bank | Licensed to kironjiemmanuel@gmail.com | Ref RIB-2EB094A9EE89 | 10/6/2026, 4:40:51 PM | Confidential - redistribution prohibited"
"Apr 16, 2018","364-Day","11.12%","Rock Investment Bank | Licensed to kironjiemmanuel@gmail.com | Ref RIB-2EB094A9EE89 | 10/6/2026, 4:40:51 PM | Confidential - redistribution prohibited"
"Apr 23, 2018","91-Day","8.00%","Rock Investment Bank | Licensed to kironjiemmanuel@gmail.com | Ref RIB-2EB094A9EE89 | 10/6/2026, 4:40:51 PM | Confidential - redistribution prohibited"
"Apr 23, 2018","182-Day","10.27%","Rock Investment Bank | Licensed to kironjiemmanuel@gmail.com | Ref RIB-2EB094A9EE89 | 10/6/2026, 4:40:51 PM | Confidential - redistribution prohibited"
"Apr 23, 2018","364-Day","11.14%","Rock Investment Bank | Licensed to kironjiemmanuel@gmail.com | Ref RIB-2EB094A9EE89 | 10/6/2026, 4:40:51 PM | Confidential - redistribution prohibited"
"Apr 30, 2018","91-Day","8.00%","Rock Investment Bank | Licensed to kironjiemmanuel@gmail.com | Ref RIB-2EB094A9EE89 | 10/6/2026, 4:40:51 PM | Confidential - redistribution prohibited"
"Apr 30, 2018","182-Day","10.27%","Rock Investment Bank | Licensed to kironjiemmanuel@gmail.com | Ref RIB-2EB094A9EE89 | 10/6/2026, 4:40:51 PM | Confidential - redistribution prohibited"
"Apr 30, 2018","364-Day","11.14%","Rock Investment Bank | Licensed to kironjiemmanuel@gmail.com | Ref RIB-2EB094A9EE89 | 10/6/2026, 4:40:51 PM | Confidential - redistribution prohibited"
"May 7, 2018","91-Day","7.97%","Rock Investment Bank | Licensed to kironjiemmanuel@gmail.com | Ref RIB-2EB094A9EE89 | 10/6/2026, 4:40:51 PM | Confidential - redistribution prohibited"
"May 7, 2018","182-Day","10.27%","Rock Investment Bank | Licensed to kironjiemmanuel@gmail.com | Ref RIB-2EB094A9EE89 | 10/6/2026, 4:40:51 PM | Confidential - redistribution prohibited"
"May 7, 2018","364-Day","11.14%","Rock Investment Bank | Licensed to kironjiemmanuel@gmail.com | Ref RIB-2EB094A9EE89 | 10/6/2026, 4:40:51 PM | Confidential - redistribution prohibited"
"May 14, 2018","91-Day","7.97%","Rock Investment Bank | Licensed to kironjiemmanuel@gmail.com | Ref RIB-2EB094A9EE89 | 10/6/2026, 4:40:51 PM | Confidential - redistribution prohibited"
"May 14, 2018","182-Day","10.27%","Rock Investment Bank | Licensed to kironjiemmanuel@gmail.com | Ref RIB-2EB094A9EE89 | 10/6/2026, 4:40:51 PM | Confidential - redistribution prohibited"
"May 14, 2018","364-Day","11.14%","Rock Investment Bank | Licensed to kironjiemmanuel@gmail.com | Ref RIB-2EB094A9EE89 | 10/6/2026, 4:40:51 PM | Confidential - redistribution prohibited"
"May 21, 2018","91-Day","7.95%","Rock Investment Bank | Licensed to kironjiemmanuel@gmail.com | Ref RIB-2EB094A9EE89 | 10/6/2026, 4:40:51 PM | Confidential - redistribution prohibited"
"May 21, 2018","182-Day","10.26%","Rock Investment Bank | Licensed to kironjiemmanuel@gmail.com | Ref RIB-2EB094A9EE89 | 10/6/2026, 4:40:51 PM | Confidential - redistribution prohibited"
"May 21, 2018","364-Day","11.13%","Rock Investment Bank | Licensed to kironjiemmanuel@gmail.com | Ref RIB-2EB094A9EE89 | 10/6/2026, 4:40:51 PM | Confidential - redistribution prohibited"
"May 28, 2018","91-Day","7.94%","Rock Investment Bank | Licensed to kironjiemmanuel@gmail.com | Ref RIB-2EB094A9EE89 | 10/6/2026, 4:40:51 PM | Confidential - redistribution prohibited"
"May 28, 2018","182-Day","10.23%","Rock Investment Bank | Licensed to kironjiemmanuel@gmail.com | Ref RIB-2EB094A9EE89 | 10/6/2026, 4:40:51 PM | Confidential - redistribution prohibited"
"May 28, 2018","364-Day","11.11%","Rock Investment Bank | Licensed to kironjiemmanuel@gmail.com | Ref RIB-2EB094A9EE89 | 10/6/2026, 4:40:51 PM | Confidential - redistribution prohibited"
"Jun 4, 2018","91-Day","7.94%","Rock Investment Bank | Licensed to kironjiemmanuel@gmail.com | Ref RIB-2EB094A9EE89 | 10/6/2026, 4:40:51 PM | Confidential - redistribution prohibited"
"Jun 4, 2018","182-Day","1019.60%","Rock Investment Bank | Licensed to kironjiemmanuel@gmail.com | Ref RIB-2EB094A9EE89 | 10/6/2026, 4:40:51 PM | Confidential - redistribution prohibited"
"Jun 4, 2018","364-Day","11.08%","Rock Investment Bank | Licensed to kironjiemmanuel@gmail.com | Ref RIB-2EB094A9EE89 | 10/6/2026, 4:40:51 PM | Confidential - redistribution prohibited"
"Jun 11, 2018","91-Day","7.85%","Rock Investment Bank | Licensed to kironjiemmanuel@gmail.com | Ref RIB-2EB094A9EE89 | 10/6/2026, 4:40:51 PM | Confidential - redistribution prohibited"
"Jun 11, 2018","182-Day","1006.10%","Rock Investment Bank | Licensed to kironjiemmanuel@gmail.com | Ref RIB-2EB094A9EE89 | 10/6/2026, 4:40:51 PM | Confidential - redistribution prohibited"
"Jun 11, 2018","364-Day","10.95%","Rock Investment Bank | Licensed to kironjiemmanuel@gmail.com | Ref RIB-2EB094A9EE89 | 10/6/2026, 4:40:51 PM | Confidential - redistribution prohibited"
"Jun 18, 2018","91-Day","7.82%","Rock Investment Bank | Licensed to kironjiemmanuel@gmail.com | Ref RIB-2EB094A9EE89 | 10/6/2026, 4:40:51 PM | Confidential - redistribution prohibited"
"Jun 18, 2018","182-Day","9.80%","Rock Investment Bank | Licensed to kironjiemmanuel@gmail.com | Ref RIB-2EB094A9EE89 | 10/6/2026, 4:40:51 PM | Confidential - redistribution prohibited"
"Jun 18, 2018","364-Day","10.71%","Rock Investment Bank | Licensed to kironjiemmanuel@gmail.com | Ref RIB-2EB094A9EE89 | 10/6/2026, 4:40:51 PM | Confidential - redistribution prohibited"
"Jun 25, 2018","91-Day","7.72%","Rock Investment Bank | Licensed to kironjiemmanuel@gmail.com | Ref RIB-2EB094A9EE89 | 10/6/2026, 4:40:51 PM | Confidential - redistribution prohibited"
"Jun 25, 2018","182-Day","9.67%","Rock Investment Bank | Licensed to kironjiemmanuel@gmail.com | Ref RIB-2EB094A9EE89 | 10/6/2026, 4:40:51 PM | Confidential - redistribution prohibited"
"Jun 25, 2018","364-Day","10.54%","Rock Investment Bank | Licensed to kironjiemmanuel@gmail.com | Ref RIB-2EB094A9EE89 | 10/6/2026, 4:40:51 PM | Confidential - redistribution prohibited"
"Jul 2, 2018","91-Day","7.73%","Rock Investment Bank | Licensed to kironjiemmanuel@gmail.com | Ref RIB-2EB094A9EE89 | 10/6/2026, 4:40:51 PM | Confidential - redistribution prohibited"
"Jul 2, 2018","182-Day","9.61%","Rock Investment Bank | Licensed to kironjiemmanuel@gmail.com | Ref RIB-2EB094A9EE89 | 10/6/2026, 4:40:51 PM | Confidential - redistribution prohibited"
"Jul 2, 2018","364-Day","10.49%","Rock Investment Bank | Licensed to kironjiemmanuel@gmail.com | Ref RIB-2EB094A9EE89 | 10/6/2026, 4:40:51 PM | Confidential - redistribution prohibited"
"Jul 9, 2018","91-Day","7.72%","Rock Investment Bank | Licensed to kironjiemmanuel@gmail.com | Ref RIB-2EB094A9EE89 | 10/6/2026, 4:40:51 PM | Confidential - redistribution prohibited"
"Jul 9, 2018","182-Day","9.50%","Rock Investment Bank | Licensed to kironjiemmanuel@gmail.com | Ref RIB-2EB094A9EE89 | 10/6/2026, 4:40:51 PM | Confidential - redistribution prohibited"
"Jul 9, 2018","364-Day","10.44%","Rock Investment Bank | Licensed to kironjiemmanuel@gmail.com | Ref RIB-2EB094A9EE89 | 10/6/2026, 4:40:51 PM | Confidential - redistribution prohibited"
"Jul 16, 2018","91-Day","7.70%","Rock Investment Bank | Licensed to kironjiemmanuel@gmail.com | Ref RIB-2EB094A9EE89 | 10/6/2026, 4:40:51 PM | Confidential - redistribution prohibited"
"Jul 16, 2018","182-Day","9.32%","Rock Investment Bank | Licensed to kironjiemmanuel@gmail.com | Ref RIB-2EB094A9EE89 | 10/6/2026, 4:40:51 PM | Confidential - redistribution prohibited"
"Jul 16, 2018","364-Day","10.38%","Rock Investment Bank | Licensed to kironjiemmanuel@gmail.com | Ref RIB-2EB094A9EE89 | 10/6/2026, 4:40:51 PM | Confidential - redistribution prohibited"
"Jul 23, 2018","91-Day","7.66%","Rock Investment Bank | Licensed to kironjiemmanuel@gmail.com | Ref RIB-2EB094A9EE89 | 10/6/2026, 4:40:51 PM | Confidential - redistribution prohibited"
"Jul 23, 2018","182-Day","9.19%","Rock Investment Bank | Licensed to kironjiemmanuel@gmail.com | Ref RIB-2EB094A9EE89 | 10/6/2026, 4:40:51 PM | Confidential - redistribution prohibited"
"Jul 23, 2018","364-Day","10.24%","Rock Investment Bank | Licensed to kironjiemmanuel@gmail.com | Ref RIB-2EB094A9EE89 | 10/6/2026, 4:40:51 PM | Confidential - redistribution prohibited"
"Jul 30, 2018","91-Day","7.61%","Rock Investment Bank | Licensed to kironjiemmanuel@gmail.com | Ref RIB-2EB094A9EE89 | 10/6/2026, 4:40:51 PM | Confidential - redistribution prohibited"
"Jul 30, 2018","182-Day","9.11%","Rock Investment Bank | Licensed to kironjiemmanuel@gmail.com | Ref RIB-2EB094A9EE89 | 10/6/2026, 4:40:51 PM | Confidential - redistribution prohibited"
"Jul 30, 2018","364-Day","10.09%","Rock Investment Bank | Licensed to kironjiemmanuel@gmail.com | Ref RIB-2EB094A9EE89 | 10/6/2026, 4:40:51 PM | Confidential - redistribution prohibited"
"Aug 6, 2018","91-Day","7.61%","Rock Investment Bank | Licensed to kironjiemmanuel@gmail.com | Ref RIB-2EB094A9EE89 | 10/6/2026, 4:40:51 PM | Confidential - redistribution prohibited"
"Aug 6, 2018","182-Day","9.08%","Rock Investment Bank | Licensed to kironjiemmanuel@gmail.com | Ref RIB-2EB094A9EE89 | 10/6/2026, 4:40:51 PM | Confidential - redistribution prohibited"
"Aug 6, 2018","364-Day","10.01%","Rock Investment Bank | Licensed to kironjiemmanuel@gmail.com | Ref RIB-2EB094A9EE89 | 10/6/2026, 4:40:51 PM | Confidential - redistribution prohibited"
"Aug 13, 2018","91-Day","7.67%","Rock Investment Bank | Licensed to kironjiemmanuel@gmail.com | Ref RIB-2EB094A9EE89 | 10/6/2026, 4:40:51 PM | Confidential - redistribution prohibited"
"Aug 13, 2018","182-Day","9.02%","Rock Investment Bank | Licensed to kironjiemmanuel@gmail.com | Ref RIB-2EB094A9EE89 | 10/6/2026, 4:40:51 PM | Confidential - redistribution prohibited"
"Aug 13, 2018","364-Day","9.99%","Rock Investment Bank | Licensed to kironjiemmanuel@gmail.com | Ref RIB-2EB094A9EE89 | 10/6/2026, 4:40:51 PM | Confidential - redistribution prohibited"
"Aug 20, 2018","91-Day","7.66%","Rock Investment Bank | Licensed to kironjiemmanuel@gmail.com | Ref RIB-2EB094A9EE89 | 10/6/2026, 4:40:51 PM | Confidential - redistribution prohibited"
"Aug 20, 2018","182-Day","9.01%","Rock Investment Bank | Licensed to kironjiemmanuel@gmail.com | Ref RIB-2EB094A9EE89 | 10/6/2026, 4:40:51 PM | Confidential - redistribution prohibited"
"Aug 20, 2018","364-Day","9.98%","Rock Investment Bank | Licensed to kironjiemmanuel@gmail.com | Ref RIB-2EB094A9EE89 | 10/6/2026, 4:40:51 PM | Confidential - redistribution prohibited"
"Aug 27, 2018","91-Day","7.61%","Rock Investment Bank | Licensed to kironjiemmanuel@gmail.com | Ref RIB-2EB094A9EE89 | 10/6/2026, 4:40:51 PM | Confidential - redistribution prohibited"
"Aug 27, 2018","182-Day","8.99%","Rock Investment Bank | Licensed to kironjiemmanuel@gmail.com | Ref RIB-2EB094A9EE89 | 10/6/2026, 4:40:51 PM | Confidential - redistribution prohibited"
"Aug 27, 2018","364-Day","9.94%","Rock Investment Bank | Licensed to kironjiemmanuel@gmail.com | Ref RIB-2EB094A9EE89 | 10/6/2026, 4:40:51 PM | Confidential - redistribution prohibited"
"Sep 3, 2018","91-Day","7.66%","Rock Investment Bank | Licensed to kironjiemmanuel@gmail.com | Ref RIB-2EB094A9EE89 | 10/6/2026, 4:40:51 PM | Confidential - redistribution prohibited"
"Sep 3, 2018","182-Day","8.95%","Rock Investment Bank | Licensed to kironjiemmanuel@gmail.com | Ref RIB-2EB094A9EE89 | 10/6/2026, 4:40:51 PM | Confidential - redistribution prohibited"
"Sep 3, 2018","364-Day","9.91%","Rock Investment Bank | Licensed to kironjiemmanuel@gmail.com | Ref RIB-2EB094A9EE89 | 10/6/2026, 4:40:51 PM | Confidential - redistribution prohibited"
"Sep 10, 2018","91-Day","7.65%","Rock Investment Bank | Licensed to kironjiemmanuel@gmail.com | Ref RIB-2EB094A9EE89 | 10/6/2026, 4:40:51 PM | Confidential - redistribution prohibited"
"Sep 10, 2018","182-Day","8.88%","Rock Investment Bank | Licensed to kironjiemmanuel@gmail.com | Ref RIB-2EB094A9EE89 | 10/6/2026, 4:40:51 PM | Confidential - redistribution prohibited"
"Sep 10, 2018","364-Day","9.83%","Rock Investment Bank | Licensed to kironjiemmanuel@gmail.com | Ref RIB-2EB094A9EE89 | 10/6/2026, 4:40:51 PM | Confidential - redistribution prohibited"
"Sep 17, 2018","91-Day","7.64%","Rock Investment Bank | Licensed to kironjiemmanuel@gmail.com | Ref RIB-2EB094A9EE89 | 10/6/2026, 4:40:51 PM | Confidential - redistribution prohibited"
"Sep 17, 2018","182-Day","8.77%","Rock Investment Bank | Licensed to kironjiemmanuel@gmail.com | Ref RIB-2EB094A9EE89 | 10/6/2026, 4:40:51 PM | Confidential - redistribution prohibited"
"Sep 17, 2018","364-Day","9.74%","Rock Investment Bank | Licensed to kironjiemmanuel@gmail.com | Ref RIB-2EB094A9EE89 | 10/6/2026, 4:40:51 PM | Confidential - redistribution prohibited"
"Sep 24, 2018","91-Day","7.62%","Rock Investment Bank | Licensed to kironjiemmanuel@gmail.com | Ref RIB-2EB094A9EE89 | 10/6/2026, 4:40:51 PM | Confidential - redistribution prohibited"
"Sep 24, 2018","182-Day","8.68%","Rock Investment Bank | Licensed to kironjiemmanuel@gmail.com | Ref RIB-2EB094A9EE89 | 10/6/2026, 4:40:51 PM | Confidential - redistribution prohibited"
"Sep 24, 2018","364-Day","9.68%","Rock Investment Bank | Licensed to kironjiemmanuel@gmail.com | Ref RIB-2EB094A9EE89 | 10/6/2026, 4:40:51 PM | Confidential - redistribution prohibited"
"Oct 1, 2018","91-Day","7.61%","Rock Investment Bank | Licensed to kironjiemmanuel@gmail.com | Ref RIB-2EB094A9EE89 | 10/6/2026, 4:40:51 PM | Confidential - redistribution prohibited"
"Oct 1, 2018","182-Day","8.65%","Rock Investment Bank | Licensed to kironjiemmanuel@gmail.com | Ref RIB-2EB094A9EE89 | 10/6/2026, 4:40:51 PM | Confidential - redistribution prohibited"
"Oct 1, 2018","364-Day","9.67%","Rock Investment Bank | Licensed to kironjiemmanuel@gmail.com | Ref RIB-2EB094A9EE89 | 10/6/2026, 4:40:51 PM | Confidential - redistribution prohibited"
"Oct 8, 2018","91-Day","7.60%","Rock Investment Bank | Licensed to kironjiemmanuel@gmail.com | Ref RIB-2EB094A9EE89 | 10/6/2026, 4:40:51 PM | Confidential - redistribution prohibited"
"Oct 8, 2018","182-Day","8.59%","Rock Investment Bank | Licensed to kironjiemmanuel@gmail.com | Ref RIB-2EB094A9EE89 | 10/6/2026, 4:40:51 PM | Confidential - redistribution prohibited"
"Oct 8, 2018","364-Day","9.64%","Rock Investment Bank | Licensed to kironjiemmanuel@gmail.com | Ref RIB-2EB094A9EE89 | 10/6/2026, 4:40:51 PM | Confidential - redistribution prohibited"
"Oct 15, 2018","91-Day","7.59%","Rock Investment Bank | Licensed to kironjiemmanuel@gmail.com | Ref RIB-2EB094A9EE89 | 10/6/2026, 4:40:51 PM | Confidential - redistribution prohibited"
"Oct 15, 2018","182-Day","8.50%","Rock Investment Bank | Licensed to kironjiemmanuel@gmail.com | Ref RIB-2EB094A9EE89 | 10/6/2026, 4:40:51 PM | Confidential - redistribution prohibited"
"Oct 15, 2018","364-Day","9.61%","Rock Investment Bank | Licensed to kironjiemmanuel@gmail.com | Ref RIB-2EB094A9EE89 | 10/6/2026, 4:40:51 PM | Confidential - redistribution prohibited"
"Oct 22, 2018","91-Day","7.51%","Rock Investment Bank | Licensed to kironjiemmanuel@gmail.com | Ref RIB-2EB094A9EE89 | 10/6/2026, 4:40:51 PM | Confidential - redistribution prohibited"
"Oct 22, 2018","182-Day","8.45%","Rock Investment Bank | Licensed to kironjiemmanuel@gmail.com | Ref RIB-2EB094A9EE89 | 10/6/2026, 4:40:51 PM | Confidential - redistribution prohibited"
"Oct 22, 2018","364-Day","9.58%","Rock Investment Bank | Licensed to kironjiemmanuel@gmail.com | Ref RIB-2EB094A9EE89 | 10/6/2026, 4:40:51 PM | Confidential - redistribution prohibited"
"Oct 29, 2018","91-Day","7.49%","Rock Investment Bank | Licensed to kironjiemmanuel@gmail.com | Ref RIB-2EB094A9EE89 | 10/6/2026, 4:40:51 PM | Confidential - redistribution prohibited"
"Oct 29, 2018","182-Day","8.39%","Rock Investment Bank | Licensed to kironjiemmanuel@gmail.com | Ref RIB-2EB094A9EE89 | 10/6/2026, 4:40:51 PM | Confidential - redistribution prohibited"
"Oct 29, 2018","364-Day","9.52%","Rock Investment Bank | Licensed to kironjiemmanuel@gmail.com | Ref RIB-2EB094A9EE89 | 10/6/2026, 4:40:51 PM | Confidential - redistribution prohibited"
"Nov 5, 2018","91-Day","7.39%","Rock Investment Bank | Licensed to kironjiemmanuel@gmail.com | Ref RIB-2EB094A9EE89 | 10/6/2026, 4:40:51 PM | Confidential - redistribution prohibited"
"Nov 5, 2018","182-Day","8.32%","Rock Investment Bank | Licensed to kironjiemmanuel@gmail.com | Ref RIB-2EB094A9EE89 | 10/6/2026, 4:40:51 PM | Confidential - redistribution prohibited"
"Nov 5, 2018","364-Day","9.52%","Rock Investment Bank | Licensed to kironjiemmanuel@gmail.com | Ref RIB-2EB094A9EE89 | 10/6/2026, 4:40:51 PM | Confidential - redistribution prohibited"
"Nov 12, 2018","91-Day","7.35%","Rock Investment Bank | Licensed to kironjiemmanuel@gmail.com | Ref RIB-2EB094A9EE89 | 10/6/2026, 4:40:51 PM | Confidential - redistribution prohibited"
"Nov 12, 2018","182-Day","8.30%","Rock Investment Bank | Licensed to kironjiemmanuel@gmail.com | Ref RIB-2EB094A9EE89 | 10/6/2026, 4:40:51 PM | Confidential - redistribution prohibited"
"Nov 12, 2018","364-Day","9.52%","Rock Investment Bank | Licensed to kironjiemmanuel@gmail.com | Ref RIB-2EB094A9EE89 | 10/6/2026, 4:40:51 PM | Confidential - redistribution prohibited"
"Nov 19, 2018","91-Day","7.35%","Rock Investment Bank | Licensed to kironjiemmanuel@gmail.com | Ref RIB-2EB094A9EE89 | 10/6/2026, 4:40:51 PM | Confidential - redistribution prohibited"
"Nov 19, 2018","182-Day","8.32%","Rock Investment Bank | Licensed to kironjiemmanuel@gmail.com | Ref RIB-2EB094A9EE89 | 10/6/2026, 4:40:51 PM | Confidential - redistribution prohibited"
"Nov 19, 2018","364-Day","9.51%","Rock Investment Bank | Licensed to kironjiemmanuel@gmail.com | Ref RIB-2EB094A9EE89 | 10/6/2026, 4:40:51 PM | Confidential - redistribution prohibited"
"Nov 26, 2018","91-Day","7.34%","Rock Investment Bank | Licensed to kironjiemmanuel@gmail.com | Ref RIB-2EB094A9EE89 | 10/6/2026, 4:40:51 PM | Confidential - redistribution prohibited"
"Nov 26, 2018","182-Day","8.24%","Rock Investment Bank | Licensed to kironjiemmanuel@gmail.com | Ref RIB-2EB094A9EE89 | 10/6/2026, 4:40:51 PM | Confidential - redistribution prohibited"
"Nov 26, 2018","364-Day","9.57%","Rock Investment Bank | Licensed to kironjiemmanuel@gmail.com | Ref RIB-2EB094A9EE89 | 10/6/2026, 4:40:51 PM | Confidential - redistribution prohibited"
"Dec 3, 2018","91-Day","7.34%","Rock Investment Bank | Licensed to kironjiemmanuel@gmail.com | Ref RIB-2EB094A9EE89 | 10/6/2026, 4:40:51 PM | Confidential - redistribution prohibited"
"Dec 3, 2018","182-Day","8.24%","Rock Investment Bank | Licensed to kironjiemmanuel@gmail.com | Ref RIB-2EB094A9EE89 | 10/6/2026, 4:40:51 PM | Confidential - redistribution prohibited"
"Dec 3, 2018","364-Day","9.56%","Rock Investment Bank | Licensed to kironjiemmanuel@gmail.com | Ref RIB-2EB094A9EE89 | 10/6/2026, 4:40:51 PM | Confidential - redistribution prohibited"
"Dec 10, 2018","91-Day","7.34%","Rock Investment Bank | Licensed to kironjiemmanuel@gmail.com | Ref RIB-2EB094A9EE89 | 10/6/2026, 4:40:51 PM | Confidential - redistribution prohibited"
"Dec 10, 2018","182-Day","8.24%","Rock Investment Bank | Licensed to kironjiemmanuel@gmail.com | Ref RIB-2EB094A9EE89 | 10/6/2026, 4:40:51 PM | Confidential - redistribution prohibited"
"Dec 10, 2018","364-Day","9.57%","Rock Investment Bank | Licensed to kironjiemmanuel@gmail.com | Ref RIB-2EB094A9EE89 | 10/6/2026, 4:40:51 PM | Confidential - redistribution prohibited"
"Dec 17, 2018","91-Day","7.35%","Rock Investment Bank | Licensed to kironjiemmanuel@gmail.com | Ref RIB-2EB094A9EE89 | 10/6/2026, 4:40:51 PM | Confidential - redistribution prohibited"
"Dec 17, 2018","182-Day","8.24%","Rock Investment Bank | Licensed to kironjiemmanuel@gmail.com | Ref RIB-2EB094A9EE89 | 10/6/2026, 4:40:51 PM | Confidential - redistribution prohibited"
"Dec 17, 2018","364-Day","9.59%","Rock Investment Bank | Licensed to kironjiemmanuel@gmail.com | Ref RIB-2EB094A9EE89 | 10/6/2026, 4:40:51 PM | Confidential - redistribution prohibited"
"Dec 24, 2018","91-Day","7.34%","Rock Investment Bank | Licensed to kironjiemmanuel@gmail.com | Ref RIB-2EB094A9EE89 | 10/6/2026, 4:40:51 PM | Confidential - redistribution prohibited"
"Dec 24, 2018","182-Day","8.26%","Rock Investment Bank | Licensed to kironjiemmanuel@gmail.com | Ref RIB-2EB094A9EE89 | 10/6/2026, 4:40:51 PM | Confidential - redistribution prohibited"
"Dec 24, 2018","364-Day","9.74%","Rock Investment Bank | Licensed to kironjiemmanuel@gmail.com | Ref RIB-2EB094A9EE89 | 10/6/2026, 4:40:51 PM | Confidential - redistribution prohibited"
"Dec 31, 2018","91-Day","7.34%","Rock Investment Bank | Licensed to kironjiemmanuel@gmail.com | Ref RIB-2EB094A9EE89 | 10/6/2026, 4:40:51 PM | Confidential - redistribution prohibited"
"Dec 31, 2018","182-Day","9.00%","Rock Investment Bank | Licensed to kironjiemmanuel@gmail.com | Ref RIB-2EB094A9EE89 | 10/6/2026, 4:40:51 PM | Confidential - redistribution prohibited"
"Dec 31, 2018","364-Day","9.95%","Rock Investment Bank | Licensed to kironjiemmanuel@gmail.com | Ref RIB-2EB094A9EE89 | 10/6/2026, 4:40:51 PM | Confidential - redistribution prohibited"
"Jan 7, 2019","91-Day","7.32%","Rock Investment Bank | Licensed to kironjiemmanuel@gmail.com | Ref RIB-2EB094A9EE89 | 10/6/2026, 4:40:51 PM | Confidential - redistribution prohibited"
"Jan 7, 2019","182-Day","9.00%","Rock Investment Bank | Licensed to kironjiemmanuel@gmail.com | Ref RIB-2EB094A9EE89 | 10/6/2026, 4:40:51 PM | Confidential - redistribution prohibited"
"Jan 7, 2019","364-Day","10.01%","Rock Investment Bank | Licensed to kironjiemmanuel@gmail.com | Ref RIB-2EB094A9EE89 | 10/6/2026, 4:40:51 PM | Confidential - redistribution prohibited"
"Jan 14, 2019","91-Day","7.20%","Rock Investment Bank | Licensed to kironjiemmanuel@gmail.com | Ref RIB-2EB094A9EE89 | 10/6/2026, 4:40:51 PM | Confidential - redistribution prohibited"
"Jan 14, 2019","182-Day","8.94%","Rock Investment Bank | Licensed to kironjiemmanuel@gmail.com | Ref RIB-2EB094A9EE89 | 10/6/2026, 4:40:51 PM | Confidential - redistribution prohibited"
"Jan 14, 2019","364-Day","9.96%","Rock Investment Bank | Licensed to kironjiemmanuel@gmail.com | Ref RIB-2EB094A9EE89 | 10/6/2026, 4:40:51 PM | Confidential - redistribution prohibited"
"Jan 21, 2019","91-Day","7.13%","Rock Investment Bank | Licensed to kironjiemmanuel@gmail.com | Ref RIB-2EB094A9EE89 | 10/6/2026, 4:40:51 PM | Confidential - redistribution prohibited"
"Jan 21, 2019","182-Day","8.93%","Rock Investment Bank | Licensed to kironjiemmanuel@gmail.com | Ref RIB-2EB094A9EE89 | 10/6/2026, 4:40:51 PM | Confidential - redistribution prohibited"
"Jan 21, 2019","364-Day","9.95%","Rock Investment Bank | Licensed to kironjiemmanuel@gmail.com | Ref RIB-2EB094A9EE89 | 10/6/2026, 4:40:51 PM | Confidential - redistribution prohibited"
"Jan 28, 2019","91-Day","7.12%","Rock Investment Bank | Licensed to kironjiemmanuel@gmail.com | Ref RIB-2EB094A9EE89 | 10/6/2026, 4:40:51 PM | Confidential - redistribution prohibited"
"Jan 28, 2019","182-Day","8.83%","Rock Investment Bank | Licensed to kironjiemmanuel@gmail.com | Ref RIB-2EB094A9EE89 | 10/6/2026, 4:40:51 PM | Confidential - redistribution prohibited"
"Jan 28, 2019","364-Day","9.90%","Rock Investment Bank | Licensed to kironjiemmanuel@gmail.com | Ref RIB-2EB094A9EE89 | 10/6/2026, 4:40:51 PM | Confidential - redistribution prohibited"
"Feb 4, 2019","91-Day","7.06%","Rock Investment Bank | Licensed to kironjiemmanuel@gmail.com | Ref RIB-2EB094A9EE89 | 10/6/2026, 4:40:51 PM | Confidential - redistribution prohibited"
"Feb 4, 2019","182-Day","8.78%","Rock Investment Bank | Licensed to kironjiemmanuel@gmail.com | Ref RIB-2EB094A9EE89 | 10/6/2026, 4:40:51 PM | Confidential - redistribution prohibited"
"Feb 4, 2019","364-Day","9.86%","Rock Investment Bank | Licensed to kironjiemmanuel@gmail.com | Ref RIB-2EB094A9EE89 | 10/6/2026, 4:40:51 PM | Confidential - redistribution prohibited"
"Feb 11, 2019","91-Day","7.04%","Rock Investment Bank | Licensed to kironjiemmanuel@gmail.com | Ref RIB-2EB094A9EE89 | 10/6/2026, 4:40:51 PM | Confidential - redistribution prohibited"
"Feb 11, 2019","182-Day","8.57%","Rock Investment Bank | Licensed to kironjiemmanuel@gmail.com | Ref RIB-2EB094A9EE89 | 10/6/2026, 4:40:51 PM | Confidential - redistribution prohibited"
"Feb 11, 2019","364-Day","9.64%","Rock Investment Bank | Licensed to kironjiemmanuel@gmail.com | Ref RIB-2EB094A9EE89 | 10/6/2026, 4:40:51 PM | Confidential - redistribution prohibited"
"Feb 18, 2019","91-Day","7.02%","Rock Investment Bank | Licensed to kironjiemmanuel@gmail.com | Ref RIB-2EB094A9EE89 | 10/6/2026, 4:40:51 PM | Confidential - redistribution prohibited"
"Feb 18, 2019","182-Day","8.48%","Rock Investment Bank | Licensed to kironjiemmanuel@gmail.com | Ref RIB-2EB094A9EE89 | 10/6/2026, 4:40:51 PM | Confidential - redistribution prohibited"
"Feb 18, 2019","364-Day","9.55%","Rock Investment Bank | Licensed to kironjiemmanuel@gmail.com | Ref RIB-2EB094A9EE89 | 10/6/2026, 4:40:51 PM | Confidential - redistribution prohibited"
"Feb 25, 2019","91-Day","6.96%","Rock Investment Bank | Licensed to kironjiemmanuel@gmail.com | Ref RIB-2EB094A9EE89 | 10/6/2026, 4:40:51 PM | Confidential - redistribution prohibited"
"Feb 25, 2019","182-Day","8.38%","Rock Investment Bank | Licensed to kironjiemmanuel@gmail.com | Ref RIB-2EB094A9EE89 | 10/6/2026, 4:40:51 PM | Confidential - redistribution prohibited"
"Feb 25, 2019","364-Day","9.49%","Rock Investment Bank | Licensed to kironjiemmanuel@gmail.com | Ref RIB-2EB094A9EE89 | 10/6/2026, 4:40:51 PM | Confidential - redistribution prohibited"
"Mar 4, 2019","91-Day","6.89%","Rock Investment Bank | Licensed to kironjiemmanuel@gmail.com | Ref RIB-2EB094A9EE89 | 10/6/2026, 4:40:51 PM | Confidential - redistribution prohibited"
"Mar 4, 2019","182-Day","8.32%","Rock Investment Bank | Licensed to kironjiemmanuel@gmail.com | Ref RIB-2EB094A9EE89 | 10/6/2026, 4:40:51 PM | Confidential - redistribution prohibited"
"Mar 4, 2019","364-Day","9.48%","Rock Investment Bank | Licensed to kironjiemmanuel@gmail.com | Ref RIB-2EB094A9EE89 | 10/6/2026, 4:40:51 PM | Confidential - redistribution prohibited"
"Mar 11, 2019","91-Day","6.89%","Rock Investment Bank | Licensed to kironjiemmanuel@gmail.com | Ref RIB-2EB094A9EE89 | 10/6/2026, 4:40:51 PM | Confidential - redistribution prohibited"
"Mar 11, 2019","182-Day","8.32%","Rock Investment Bank | Licensed to kironjiemmanuel@gmail.com | Ref RIB-2EB094A9EE89 | 10/6/2026, 4:40:51 PM | Confidential - redistribution prohibited"
"Mar 11, 2019","364-Day","9.47%","Rock Investment Bank | Licensed to kironjiemmanuel@gmail.com | Ref RIB-2EB094A9EE89 | 10/6/2026, 4:40:51 PM | Confidential - redistribution prohibited"
"Mar 18, 2019","91-Day","6.84%","Rock Investment Bank | Licensed to kironjiemmanuel@gmail.com | Ref RIB-2EB094A9EE89 | 10/6/2026, 4:40:51 PM | Confidential - redistribution prohibited"
"Mar 18, 2019","182-Day","8.27%","Rock Investment Bank | Licensed to kironjiemmanuel@gmail.com | Ref RIB-2EB094A9EE89 | 10/6/2026, 4:40:51 PM | Confidential - redistribution prohibited"
"Mar 18, 2019","364-Day","9.44%","Rock Investment Bank | Licensed to kironjiemmanuel@gmail.com | Ref RIB-2EB094A9EE89 | 10/6/2026, 4:40:51 PM | Confidential - redistribution prohibited"
"Mar 25, 2019","91-Day","7.70%","Rock Investment Bank | Licensed to kironjiemmanuel@gmail.com | Ref RIB-2EB094A9EE89 | 10/6/2026, 4:40:51 PM | Confidential - redistribution prohibited"
"Mar 25, 2019","182-Day","8.23%","Rock Investment Bank | Licensed to kironjiemmanuel@gmail.com | Ref RIB-2EB094A9EE89 | 10/6/2026, 4:40:51 PM | Confidential - redistribution prohibited"
"Mar 25, 2019","364-Day","9.41%","Rock Investment Bank | Licensed to kironjiemmanuel@gmail.com | Ref RIB-2EB094A9EE89 | 10/6/2026, 4:40:51 PM | Confidential - redistribution prohibited"
"Apr 1, 2019","91-Day","7.50%","Rock Investment Bank | Licensed to kironjiemmanuel@gmail.com | Ref RIB-2EB094A9EE89 | 10/6/2026, 4:40:51 PM | Confidential - redistribution prohibited"
"Apr 1, 2019","182-Day","8.20%","Rock Investment Bank | Licensed to kironjiemmanuel@gmail.com | Ref RIB-2EB094A9EE89 | 10/6/2026, 4:40:51 PM | Confidential - redistribution prohibited"
"Apr 1, 2019","364-Day","9.41%","Rock Investment Bank | Licensed to kironjiemmanuel@gmail.com | Ref RIB-2EB094A9EE89 | 10/6/2026, 4:40:51 PM | Confidential - redistribution prohibited"
"Apr 8, 2019","91-Day","7.44%","Rock Investment Bank | Licensed to kironjiemmanuel@gmail.com | Ref RIB-2EB094A9EE89 | 10/6/2026, 4:40:51 PM | Confidential - redistribution prohibited"
"Apr 8, 2019","182-Day","8.19%","Rock Investment Bank | Licensed to kironjiemmanuel@gmail.com | Ref RIB-2EB094A9EE89 | 10/6/2026, 4:40:51 PM | Confidential - redistribution prohibited"
"Apr 8, 2019","364-Day","9.38%","Rock Investment Bank | Licensed to kironjiemmanuel@gmail.com | Ref RIB-2EB094A9EE89 | 10/6/2026, 4:40:51 PM | Confidential - redistribution prohibited"
"Apr 15, 2019","91-Day","7.40%","Rock Investment Bank | Licensed to kironjiemmanuel@gmail.com | Ref RIB-2EB094A9EE89 | 10/6/2026, 4:40:51 PM | Confidential - redistribution prohibited"
"Apr 15, 2019","182-Day","8.09%","Rock Investment Bank | Licensed to kironjiemmanuel@gmail.com | Ref RIB-2EB094A9EE89 | 10/6/2026, 4:40:51 PM | Confidential - redistribution prohibited"
"Apr 15, 2019","364-Day","9.37%","Rock Investment Bank | Licensed to kironjiemmanuel@gmail.com | Ref RIB-2EB094A9EE89 | 10/6/2026, 4:40:51 PM | Confidential - redistribution prohibited"
"Apr 22, 2019","91-Day","7.31%","Rock Investment Bank | Licensed to kironjiemmanuel@gmail.com | Ref RIB-2EB094A9EE89 | 10/6/2026, 4:40:51 PM | Confidential - redistribution prohibited"
"Apr 22, 2019","182-Day","8.04%","Rock Investment Bank | Licensed to kironjiemmanuel@gmail.com | Ref RIB-2EB094A9EE89 | 10/6/2026, 4:40:51 PM | Confidential - redistribution prohibited"
"Apr 22, 2019","364-Day","9.35%","Rock Investment Bank | Licensed to kironjiemmanuel@gmail.com | Ref RIB-2EB094A9EE89 | 10/6/2026, 4:40:51 PM | Confidential - redistribution prohibited"
"Apr 29, 2019","91-Day","7.30%","Rock Investment Bank | Licensed to kironjiemmanuel@gmail.com | Ref RIB-2EB094A9EE89 | 10/6/2026, 4:40:51 PM | Confidential - redistribution prohibited"
"Apr 29, 2019","182-Day","8.01%","Rock Investment Bank | Licensed to kironjiemmanuel@gmail.com | Ref RIB-2EB094A9EE89 | 10/6/2026, 4:40:51 PM | Confidential - redistribution prohibited"
"Apr 29, 2019","364-Day","9.32%","Rock Investment Bank | Licensed to kironjiemmanuel@gmail.com | Ref RIB-2EB094A9EE89 | 10/6/2026, 4:40:51 PM | Confidential - redistribution prohibited"
"May 6, 2019","91-Day","7.25%","Rock Investment Bank | Licensed to kironjiemmanuel@gmail.com | Ref RIB-2EB094A9EE89 | 10/6/2026, 4:40:51 PM | Confidential - redistribution prohibited"
"May 6, 2019","182-Day","7.96%","Rock Investment Bank | Licensed to kironjiemmanuel@gmail.com | Ref RIB-2EB094A9EE89 | 10/6/2026, 4:40:51 PM | Confidential - redistribution prohibited"
"May 6, 2019","364-Day","9.32%","Rock Investment Bank | Licensed to kironjiemmanuel@gmail.com | Ref RIB-2EB094A9EE89 | 10/6/2026, 4:40:51 PM | Confidential - redistribution prohibited"
"May 13, 2019","91-Day","7.20%","Rock Investment Bank | Licensed to kironjiemmanuel@gmail.com | Ref RIB-2EB094A9EE89 | 10/6/2026, 4:40:51 PM | Confidential - redistribution prohibited"
"May 13, 2019","182-Day","7.90%","Rock Investment Bank | Licensed to kironjiemmanuel@gmail.com | Ref RIB-2EB094A9EE89 | 10/6/2026, 4:40:51 PM | Confidential - redistribution prohibited"
"May 13, 2019","364-Day","9.32%","Rock Investment Bank | Licensed to kironjiemmanuel@gmail.com | Ref RIB-2EB094A9EE89 | 10/6/2026, 4:40:51 PM | Confidential - redistribution prohibited"
"May 20, 2019","91-Day","7.16%","Rock Investment Bank | Licensed to kironjiemmanuel@gmail.com | Ref RIB-2EB094A9EE89 | 10/6/2026, 4:40:51 PM | Confidential - redistribution prohibited"
"May 20, 2019","182-Day","7.81%","Rock Investment Bank | Licensed to kironjiemmanuel@gmail.com | Ref RIB-2EB094A9EE89 | 10/6/2026, 4:40:51 PM | Confidential - redistribution prohibited"
"May 20, 2019","364-Day","9.31%","Rock Investment Bank | Licensed to kironjiemmanuel@gmail.com | Ref RIB-2EB094A9EE89 | 10/6/2026, 4:40:51 PM | Confidential - redistribution prohibited"
"May 27, 2019","91-Day","7.08%","Rock Investment Bank | Licensed to kironjiemmanuel@gmail.com | Ref RIB-2EB094A9EE89 | 10/6/2026, 4:40:51 PM | Confidential - redistribution prohibited"
"May 27, 2019","182-Day","7.74%","Rock Investment Bank | Licensed to kironjiemmanuel@gmail.com | Ref RIB-2EB094A9EE89 | 10/6/2026, 4:40:51 PM | Confidential - redistribution prohibited"
"May 27, 2019","364-Day","9.31%","Rock Investment Bank | Licensed to kironjiemmanuel@gmail.com | Ref RIB-2EB094A9EE89 | 10/6/2026, 4:40:51 PM | Confidential - redistribution prohibited"
"Jun 3, 2019","91-Day","7.00%","Rock Investment Bank | Licensed to kironjiemmanuel@gmail.com | Ref RIB-2EB094A9EE89 | 10/6/2026, 4:40:51 PM | Confidential - redistribution prohibited"
"Jun 3, 2019","182-Day","7.65%","Rock Investment Bank | Licensed to kironjiemmanuel@gmail.com | Ref RIB-2EB094A9EE89 | 10/6/2026, 4:40:51 PM | Confidential - redistribution prohibited"
"Jun 3, 2019","364-Day","9.31%","Rock Investment Bank | Licensed to kironjiemmanuel@gmail.com | Ref RIB-2EB094A9EE89 | 10/6/2026, 4:40:51 PM | Confidential - redistribution prohibited"
"Jun 10, 2019","91-Day","6.92%","Rock Investment Bank | Licensed to kironjiemmanuel@gmail.com | Ref RIB-2EB094A9EE89 | 10/6/2026, 4:40:51 PM | Confidential - redistribution prohibited"
"Jun 10, 2019","182-Day","7.61%","Rock Investment Bank | Licensed to kironjiemmanuel@gmail.com | Ref RIB-2EB094A9EE89 | 10/6/2026, 4:40:51 PM | Confidential - redistribution prohibited"
"Jun 10, 2019","364-Day","9.30%","Rock Investment Bank | Licensed to kironjiemmanuel@gmail.com | Ref RIB-2EB094A9EE89 | 10/6/2026, 4:40:51 PM | Confidential - redistribution prohibited"
"Jun 17, 2019","91-Day","6.89%","Rock Investment Bank | Licensed to kironjiemmanuel@gmail.com | Ref RIB-2EB094A9EE89 | 10/6/2026, 4:40:51 PM | Confidential - redistribution prohibited"
"Jun 17, 2019","182-Day","7.72%","Rock Investment Bank | Licensed to kironjiemmanuel@gmail.com | Ref RIB-2EB094A9EE89 | 10/6/2026, 4:40:51 PM | Confidential - redistribution prohibited"
"Jun 17, 2019","364-Day","9.26%","Rock Investment Bank | Licensed to kironjiemmanuel@gmail.com | Ref RIB-2EB094A9EE89 | 10/6/2026, 4:40:51 PM | Confidential - redistribution prohibited"
"Jun 24, 2019","91-Day","6.81%","Rock Investment Bank | Licensed to kironjiemmanuel@gmail.com | Ref RIB-2EB094A9EE89 | 10/6/2026, 4:40:51 PM | Confidential - redistribution prohibited"
"Jun 24, 2019","182-Day","7.58%","Rock Investment Bank | Licensed to kironjiemmanuel@gmail.com | Ref RIB-2EB094A9EE89 | 10/6/2026, 4:40:51 PM | Confidential - redistribution prohibited"
"Jun 24, 2019","364-Day","9.05%","Rock Investment Bank | Licensed to kironjiemmanuel@gmail.com | Ref RIB-2EB094A9EE89 | 10/6/2026, 4:40:51 PM | Confidential - redistribution prohibited"
"Jul 1, 2019","91-Day","6.74%","Rock Investment Bank | Licensed to kironjiemmanuel@gmail.com | Ref RIB-2EB094A9EE89 | 10/6/2026, 4:40:51 PM | Confidential - redistribution prohibited"
"Jul 1, 2019","182-Day","7.49%","Rock Investment Bank | Licensed to kironjiemmanuel@gmail.com | Ref RIB-2EB094A9EE89 | 10/6/2026, 4:40:51 PM | Confidential - redistribution prohibited"
"Jul 1, 2019","364-Day","8.76%","Rock Investment Bank | Licensed to kironjiemmanuel@gmail.com | Ref RIB-2EB094A9EE89 | 10/6/2026, 4:40:51 PM | Confidential - redistribution prohibited"
"Jul 8, 2019","91-Day","6.69%","Rock Investment Bank | Licensed to kironjiemmanuel@gmail.com | Ref RIB-2EB094A9EE89 | 10/6/2026, 4:40:51 PM | Confidential - redistribution prohibited"
"Jul 8, 2019","182-Day","7.40%","Rock Investment Bank | Licensed to kironjiemmanuel@gmail.com | Ref RIB-2EB094A9EE89 | 10/6/2026, 4:40:51 PM | Confidential - redistribution prohibited"
"Jul 8, 2019","364-Day","8.61%","Rock Investment Bank | Licensed to kironjiemmanuel@gmail.com | Ref RIB-2EB094A9EE89 | 10/6/2026, 4:40:51 PM | Confidential - redistribution prohibited"
"Jul 15, 2019","91-Day","6.60%","Rock Investment Bank | Licensed to kironjiemmanuel@gmail.com | Ref RIB-2EB094A9EE89 | 10/6/2026, 4:40:51 PM | Confidential - redistribution prohibited"
"Jul 15, 2019","182-Day","7.47%","Rock Investment Bank | Licensed to kironjiemmanuel@gmail.com | Ref RIB-2EB094A9EE89 | 10/6/2026, 4:40:51 PM | Confidential - redistribution prohibited"
"Jul 15, 2019","364-Day","8.65%","Rock Investment Bank | Licensed to kironjiemmanuel@gmail.com | Ref RIB-2EB094A9EE89 | 10/6/2026, 4:40:51 PM | Confidential - redistribution prohibited"
"Jul 22, 2019","91-Day","6.50%","Rock Investment Bank | Licensed to kironjiemmanuel@gmail.com | Ref RIB-2EB094A9EE89 | 10/6/2026, 4:40:51 PM | Confidential - redistribution prohibited"
"Jul 22, 2019","182-Day","7.36%","Rock Investment Bank | Licensed to kironjiemmanuel@gmail.com | Ref RIB-2EB094A9EE89 | 10/6/2026, 4:40:51 PM | Confidential - redistribution prohibited"
"Jul 22, 2019","364-Day","8.79%","Rock Investment Bank | Licensed to kironjiemmanuel@gmail.com | Ref RIB-2EB094A9EE89 | 10/6/2026, 4:40:51 PM | Confidential - redistribution prohibited"
"Jul 29, 2019","91-Day","6.59%","Rock Investment Bank | Licensed to kironjiemmanuel@gmail.com | Ref RIB-2EB094A9EE89 | 10/6/2026, 4:40:51 PM | Confidential - redistribution prohibited"
"Jul 29, 2019","182-Day","7.36%","Rock Investment Bank | Licensed to kironjiemmanuel@gmail.com | Ref RIB-2EB094A9EE89 | 10/6/2026, 4:40:51 PM | Confidential - redistribution prohibited"
"Jul 29, 2019","364-Day","8.99%","Rock Investment Bank | Licensed to kironjiemmanuel@gmail.com | Ref RIB-2EB094A9EE89 | 10/6/2026, 4:40:51 PM | Confidential - redistribution prohibited"
"Aug 5, 2019","91-Day","6.55%","Rock Investment Bank | Licensed to kironjiemmanuel@gmail.com | Ref RIB-2EB094A9EE89 | 10/6/2026, 4:40:51 PM | Confidential - redistribution prohibited"
"Aug 5, 2019","182-Day","7.25%","Rock Investment Bank | Licensed to kironjiemmanuel@gmail.com | Ref RIB-2EB094A9EE89 | 10/6/2026, 4:40:51 PM | Confidential - redistribution prohibited"
"Aug 5, 2019","364-Day","9.04%","Rock Investment Bank | Licensed to kironjiemmanuel@gmail.com | Ref RIB-2EB094A9EE89 | 10/6/2026, 4:40:51 PM | Confidential - redistribution prohibited"
"Aug 12, 2019","91-Day","6.45%","Rock Investment Bank | Licensed to kironjiemmanuel@gmail.com | Ref RIB-2EB094A9EE89 | 10/6/2026, 4:40:51 PM | Confidential - redistribution prohibited"
"Aug 12, 2019","182-Day","7.15%","Rock Investment Bank | Licensed to kironjiemmanuel@gmail.com | Ref RIB-2EB094A9EE89 | 10/6/2026, 4:40:51 PM | Confidential - redistribution prohibited"
"Aug 12, 2019","364-Day","9.15%","Rock Investment Bank | Licensed to kironjiemmanuel@gmail.com | Ref RIB-2EB094A9EE89 | 10/6/2026, 4:40:51 PM | Confidential - redistribution prohibited"
"Aug 19, 2019","91-Day","6.35%","Rock Investment Bank | Licensed to kironjiemmanuel@gmail.com | Ref RIB-2EB094A9EE89 | 10/6/2026, 4:40:51 PM | Confidential - redistribution prohibited"
"Aug 19, 2019","182-Day","7.05%","Rock Investment Bank | Licensed to kironjiemmanuel@gmail.com | Ref RIB-2EB094A9EE89 | 10/6/2026, 4:40:51 PM | Confidential - redistribution prohibited"
"Aug 19, 2019","364-Day","9.20%","Rock Investment Bank | Licensed to kironjiemmanuel@gmail.com | Ref RIB-2EB094A9EE89 | 10/6/2026, 4:40:51 PM | Confidential - redistribution prohibited"
"Aug 26, 2019","91-Day","6.40%","Rock Investment Bank | Licensed to kironjiemmanuel@gmail.com | Ref RIB-2EB094A9EE89 | 10/6/2026, 4:40:51 PM | Confidential - redistribution prohibited"
"Aug 26, 2019","182-Day","7.02%","Rock Investment Bank | Licensed to kironjiemmanuel@gmail.com | Ref RIB-2EB094A9EE89 | 10/6/2026, 4:40:51 PM | Confidential - redistribution prohibited"
"Aug 26, 2019","364-Day","9.25%","Rock Investment Bank | Licensed to kironjiemmanuel@gmail.com | Ref RIB-2EB094A9EE89 | 10/6/2026, 4:40:51 PM | Confidential - redistribution prohibited"
"Sep 2, 2019","91-Day","6.39%","Rock Investment Bank | Licensed to kironjiemmanuel@gmail.com | Ref RIB-2EB094A9EE89 | 10/6/2026, 4:40:51 PM | Confidential - redistribution prohibited"
"Sep 2, 2019","182-Day","7.01%","Rock Investment Bank | Licensed to kironjiemmanuel@gmail.com | Ref RIB-2EB094A9EE89 | 10/6/2026, 4:40:51 PM | Confidential - redistribution prohibited"
"Sep 2, 2019","364-Day","9.39%","Rock Investment Bank | Licensed to kironjiemmanuel@gmail.com | Ref RIB-2EB094A9EE89 | 10/6/2026, 4:40:51 PM | Confidential - redistribution prohibited"
"Sep 9, 2019","91-Day","6.38%","Rock Investment Bank | Licensed to kironjiemmanuel@gmail.com | Ref RIB-2EB094A9EE89 | 10/6/2026, 4:40:51 PM | Confidential - redistribution prohibited"
"Sep 9, 2019","182-Day","7.00%","Rock Investment Bank | Licensed to kironjiemmanuel@gmail.com | Ref RIB-2EB094A9EE89 | 10/6/2026, 4:40:51 PM | Confidential - redistribution prohibited"
"Sep 9, 2019","364-Day","9.52%","Rock Investment Bank | Licensed to kironjiemmanuel@gmail.com | Ref RIB-2EB094A9EE89 | 10/6/2026, 4:40:51 PM | Confidential - redistribution prohibited"
"Sep 16, 2019","91-Day","6.31%","Rock Investment Bank | Licensed to kironjiemmanuel@gmail.com | Ref RIB-2EB094A9EE89 | 10/6/2026, 4:40:51 PM | Confidential - redistribution prohibited"
"Sep 16, 2019","182-Day","7.14%","Rock Investment Bank | Licensed to kironjiemmanuel@gmail.com | Ref RIB-2EB094A9EE89 | 10/6/2026, 4:40:51 PM | Confidential - redistribution prohibited"
"Sep 16, 2019","364-Day","9.58%","Rock Investment Bank | Licensed to kironjiemmanuel@gmail.com | Ref RIB-2EB094A9EE89 | 10/6/2026, 4:40:51 PM | Confidential - redistribution prohibited"
"Sep 23, 2019","91-Day","6.37%","Rock Investment Bank | Licensed to kironjiemmanuel@gmail.com | Ref RIB-2EB094A9EE89 | 10/6/2026, 4:40:51 PM | Confidential - redistribution prohibited"
"Sep 23, 2019","182-Day","7.15%","Rock Investment Bank | Licensed to kironjiemmanuel@gmail.com | Ref RIB-2EB094A9EE89 | 10/6/2026, 4:40:51 PM | Confidential - redistribution prohibited"
"Sep 23, 2019","364-Day","9.71%","Rock Investment Bank | Licensed to kironjiemmanuel@gmail.com | Ref RIB-2EB094A9EE89 | 10/6/2026, 4:40:51 PM | Confidential - redistribution prohibited"
"Sep 30, 2019","91-Day","6.31%","Rock Investment Bank | Licensed to kironjiemmanuel@gmail.com | Ref RIB-2EB094A9EE89 | 10/6/2026, 4:40:51 PM | Confidential - redistribution prohibited"
"Sep 30, 2019","182-Day","7.17%","Rock Investment Bank | Licensed to kironjiemmanuel@gmail.com | Ref RIB-2EB094A9EE89 | 10/6/2026, 4:40:51 PM | Confidential - redistribution prohibited"
"Sep 30, 2019","364-Day","9.78%","Rock Investment Bank | Licensed to kironjiemmanuel@gmail.com | Ref RIB-2EB094A9EE89 | 10/6/2026, 4:40:51 PM | Confidential - redistribution prohibited"
"Oct 7, 2019","91-Day","6.38%","Rock Investment Bank | Licensed to kironjiemmanuel@gmail.com | Ref RIB-2EB094A9EE89 | 10/6/2026, 4:40:51 PM | Confidential - redistribution prohibited"
"Oct 7, 2019","182-Day","7.20%","Rock Investment Bank | Licensed to kironjiemmanuel@gmail.com | Ref RIB-2EB094A9EE89 | 10/6/2026, 4:40:51 PM | Confidential - redistribution prohibited"
"Oct 7, 2019","364-Day","9.80%","Rock Investment Bank | Licensed to kironjiemmanuel@gmail.com | Ref RIB-2EB094A9EE89 | 10/6/2026, 4:40:51 PM | Confidential - redistribution prohibited"
"Oct 14, 2019","91-Day","6.37%","Rock Investment Bank | Licensed to kironjiemmanuel@gmail.com | Ref RIB-2EB094A9EE89 | 10/6/2026, 4:40:51 PM | Confidential - redistribution prohibited"
"Oct 14, 2019","182-Day","7.32%","Rock Investment Bank | Licensed to kironjiemmanuel@gmail.com | Ref RIB-2EB094A9EE89 | 10/6/2026, 4:40:51 PM | Confidential - redistribution prohibited"
"Oct 14, 2019","364-Day","9.80%","Rock Investment Bank | Licensed to kironjiemmanuel@gmail.com | Ref RIB-2EB094A9EE89 | 10/6/2026, 4:40:51 PM | Confidential - redistribution prohibited"
"Oct 21, 2019","91-Day","7.25%","Rock Investment Bank | Licensed to kironjiemmanuel@gmail.com | Ref RIB-2EB094A9EE89 | 10/6/2026, 4:40:51 PM | Confidential - redistribution prohibited"
"Oct 21, 2019","182-Day","8.15%","Rock Investment Bank | Licensed to kironjiemmanuel@gmail.com | Ref RIB-2EB094A9EE89 | 10/6/2026, 4:40:51 PM | Confidential - redistribution prohibited"
"Oct 21, 2019","364-Day","9.80%","Rock Investment Bank | Licensed to kironjiemmanuel@gmail.com | Ref RIB-2EB094A9EE89 | 10/6/2026, 4:40:51 PM | Confidential - redistribution prohibited"
"Oct 28, 2019","91-Day","6.42%","Rock Investment Bank | Licensed to kironjiemmanuel@gmail.com | Ref RIB-2EB094A9EE89 | 10/6/2026, 4:40:51 PM | Confidential - redistribution prohibited"
"Oct 28, 2019","182-Day","7.22%","Rock Investment Bank | Licensed to kironjiemmanuel@gmail.com | Ref RIB-2EB094A9EE89 | 10/6/2026, 4:40:51 PM | Confidential - redistribution prohibited"
"Oct 28, 2019","364-Day","9.78%","Rock Investment Bank | Licensed to kironjiemmanuel@gmail.com | Ref RIB-2EB094A9EE89 | 10/6/2026, 4:40:51 PM | Confidential - redistribution prohibited"
"Nov 4, 2019","91-Day","6.39%","Rock Investment Bank | Licensed to kironjiemmanuel@gmail.com | Ref RIB-2EB094A9EE89 | 10/6/2026, 4:40:51 PM | Confidential - redistribution prohibited"
"Nov 4, 2019","182-Day","7.19%","Rock Investment Bank | Licensed to kironjiemmanuel@gmail.com | Ref RIB-2EB094A9EE89 | 10/6/2026, 4:40:51 PM | Confidential - redistribution prohibited"
"Nov 4, 2019","364-Day","9.78%","Rock Investment Bank | Licensed to kironjiemmanuel@gmail.com | Ref RIB-2EB094A9EE89 | 10/6/2026, 4:40:51 PM | Confidential - redistribution prohibited"
"Nov 11, 2019","91-Day","6.39%","Rock Investment Bank | Licensed to kironjiemmanuel@gmail.com | Ref RIB-2EB094A9EE89 | 10/6/2026, 4:40:51 PM | Confidential - redistribution prohibited"
"Nov 11, 2019","182-Day","7.26%","Rock Investment Bank | Licensed to kironjiemmanuel@gmail.com | Ref RIB-2EB094A9EE89 | 10/6/2026, 4:40:51 PM | Confidential - redistribution prohibited"
"Nov 11, 2019","364-Day","9.79%","Rock Investment Bank | Licensed to kironjiemmanuel@gmail.com | Ref RIB-2EB094A9EE89 | 10/6/2026, 4:40:51 PM | Confidential - redistribution prohibited"
"Nov 18, 2019","91-Day","6.68%","Rock Investment Bank | Licensed to kironjiemmanuel@gmail.com | Ref RIB-2EB094A9EE89 | 10/6/2026, 4:40:51 PM | Confidential - redistribution prohibited"
"Nov 18, 2019","182-Day","7.77%","Rock Investment Bank | Licensed to kironjiemmanuel@gmail.com | Ref RIB-2EB094A9EE89 | 10/6/2026, 4:40:51 PM | Confidential - redistribution prohibited"
"Nov 18, 2019","364-Day","9.78%","Rock Investment Bank | Licensed to kironjiemmanuel@gmail.com | Ref RIB-2EB094A9EE89 | 10/6/2026, 4:40:51 PM | Confidential - redistribution prohibited"
"Nov 25, 2019","91-Day","7.13%","Rock Investment Bank | Licensed to kironjiemmanuel@gmail.com | Ref RIB-2EB094A9EE89 | 10/6/2026, 4:40:51 PM | Confidential - redistribution prohibited"
"Nov 25, 2019","182-Day","8.21%","Rock Investment Bank | Licensed to kironjiemmanuel@gmail.com | Ref RIB-2EB094A9EE89 | 10/6/2026, 4:40:51 PM | Confidential - redistribution prohibited"
"Nov 25, 2019","364-Day","9.80%","Rock Investment Bank | Licensed to kironjiemmanuel@gmail.com | Ref RIB-2EB094A9EE89 | 10/6/2026, 4:40:51 PM | Confidential - redistribution prohibited"
"Dec 2, 2019","91-Day","7.16%","Rock Investment Bank | Licensed to kironjiemmanuel@gmail.com | Ref RIB-2EB094A9EE89 | 10/6/2026, 4:40:51 PM | Confidential - redistribution prohibited"
"Dec 2, 2019","182-Day","8.20%","Rock Investment Bank | Licensed to kironjiemmanuel@gmail.com | Ref RIB-2EB094A9EE89 | 10/6/2026, 4:40:51 PM | Confidential - redistribution prohibited"
"Dec 2, 2019","364-Day","9.80%","Rock Investment Bank | Licensed to kironjiemmanuel@gmail.com | Ref RIB-2EB094A9EE89 | 10/6/2026, 4:40:51 PM | Confidential - redistribution prohibited"
"Dec 9, 2019","91-Day","7.16%","Rock Investment Bank | Licensed to kironjiemmanuel@gmail.com | Ref RIB-2EB094A9EE89 | 10/6/2026, 4:40:51 PM | Confidential - redistribution prohibited"
"Dec 9, 2019","182-Day","8.20%","Rock Investment Bank | Licensed to kironjiemmanuel@gmail.com | Ref RIB-2EB094A9EE89 | 10/6/2026, 4:40:51 PM | Confidential - redistribution prohibited"
"Dec 9, 2019","364-Day","9.80%","Rock Investment Bank | Licensed to kironjiemmanuel@gmail.com | Ref RIB-2EB094A9EE89 | 10/6/2026, 4:40:51 PM | Confidential - redistribution prohibited"
"Dec 16, 2019","91-Day","7.15%","Rock Investment Bank | Licensed to kironjiemmanuel@gmail.com | Ref RIB-2EB094A9EE89 | 10/6/2026, 4:40:51 PM | Confidential - redistribution prohibited"
"Dec 16, 2019","182-Day","8.11%","Rock Investment Bank | Licensed to kironjiemmanuel@gmail.com | Ref RIB-2EB094A9EE89 | 10/6/2026, 4:40:51 PM | Confidential - redistribution prohibited"
"Dec 16, 2019","364-Day","9.80%","Rock Investment Bank | Licensed to kironjiemmanuel@gmail.com | Ref RIB-2EB094A9EE89 | 10/6/2026, 4:40:51 PM | Confidential - redistribution prohibited"
"Dec 23, 2019","91-Day","7.18%","Rock Investment Bank | Licensed to kironjiemmanuel@gmail.com | Ref RIB-2EB094A9EE89 | 10/6/2026, 4:40:51 PM | Confidential - redistribution prohibited"
"Dec 23, 2019","182-Day","8.13%","Rock Investment Bank | Licensed to kironjiemmanuel@gmail.com | Ref RIB-2EB094A9EE89 | 10/6/2026, 4:40:51 PM | Confidential - redistribution prohibited"
"Dec 23, 2019","364-Day","9.79%","Rock Investment Bank | Licensed to kironjiemmanuel@gmail.com | Ref RIB-2EB094A9EE89 | 10/6/2026, 4:40:51 PM | Confidential - redistribution prohibited"
"Dec 30, 2019","91-Day","7.20%","Rock Investment Bank | Licensed to kironjiemmanuel@gmail.com | Ref RIB-2EB094A9EE89 | 10/6/2026, 4:40:51 PM | Confidential - redistribution prohibited"
"Dec 30, 2019","182-Day","8.15%","Rock Investment Bank | Licensed to kironjiemmanuel@gmail.com | Ref RIB-2EB094A9EE89 | 10/6/2026, 4:40:51 PM | Confidential - redistribution prohibited"
"Dec 30, 2019","364-Day","9.81%","Rock Investment Bank | Licensed to kironjiemmanuel@gmail.com | Ref RIB-2EB094A9EE89 | 10/6/2026, 4:40:51 PM | Confidential - redistribution prohibited"
"Jan 6, 2020","91-Day","7.20%","Rock Investment Bank | Licensed to kironjiemmanuel@gmail.com | Ref RIB-2EB094A9EE89 | 10/6/2026, 4:40:51 PM | Confidential - redistribution prohibited"
"Jan 6, 2020","182-Day","8.15%","Rock Investment Bank | Licensed to kironjiemmanuel@gmail.com | Ref RIB-2EB094A9EE89 | 10/6/2026, 4:40:51 PM | Confidential - redistribution prohibited"
"Jan 6, 2020","364-Day","9.83%","Rock Investment Bank | Licensed to kironjiemmanuel@gmail.com | Ref RIB-2EB094A9EE89 | 10/6/2026, 4:40:51 PM | Confidential - redistribution prohibited"
"Jan 13, 2020","91-Day","7.20%","Rock Investment Bank | Licensed to kironjiemmanuel@gmail.com | Ref RIB-2EB094A9EE89 | 10/6/2026, 4:40:51 PM | Confidential - redistribution prohibited"
"Jan 13, 2020","182-Day","8.14%","Rock Investment Bank | Licensed to kironjiemmanuel@gmail.com | Ref RIB-2EB094A9EE89 | 10/6/2026, 4:40:51 PM | Confidential - redistribution prohibited"
"Jan 13, 2020","364-Day","9.83%","Rock Investment Bank | Licensed to kironjiemmanuel@gmail.com | Ref RIB-2EB094A9EE89 | 10/6/2026, 4:40:51 PM | Confidential - redistribution prohibited"
"Jan 20, 2020","91-Day","7.23%","Rock Investment Bank | Licensed to kironjiemmanuel@gmail.com | Ref RIB-2EB094A9EE89 | 10/6/2026, 4:40:51 PM | Confidential - redistribution prohibited"
"Jan 20, 2020","182-Day","8.17%","Rock Investment Bank | Licensed to kironjiemmanuel@gmail.com | Ref RIB-2EB094A9EE89 | 10/6/2026, 4:40:51 PM | Confidential - redistribution prohibited"
"Jan 20, 2020","364-Day","9.84%","Rock Investment Bank | Licensed to kironjiemmanuel@gmail.com | Ref RIB-2EB094A9EE89 | 10/6/2026, 4:40:51 PM | Confidential - redistribution prohibited"
"Jan 27, 2020","91-Day","7.28%","Rock Investment Bank | Licensed to kironjiemmanuel@gmail.com | Ref RIB-2EB094A9EE89 | 10/6/2026, 4:40:51 PM | Confidential - redistribution prohibited"
"Jan 27, 2020","182-Day","8.21%","Rock Investment Bank | Licensed to kironjiemmanuel@gmail.com | Ref RIB-2EB094A9EE89 | 10/6/2026, 4:40:51 PM | Confidential - redistribution prohibited"
"Jan 27, 2020","364-Day","9.86%","Rock Investment Bank | Licensed to kironjiemmanuel@gmail.com | Ref RIB-2EB094A9EE89 | 10/6/2026, 4:40:51 PM | Confidential - redistribution prohibited"
"Feb 3, 2020","91-Day","7.30%","Rock Investment Bank | Licensed to kironjiemmanuel@gmail.com | Ref RIB-2EB094A9EE89 | 10/6/2026, 4:40:51 PM | Confidential - redistribution prohibited"
"Feb 3, 2020","182-Day","8.23%","Rock Investment Bank | Licensed to kironjiemmanuel@gmail.com | Ref RIB-2EB094A9EE89 | 10/6/2026, 4:40:51 PM | Confidential - redistribution prohibited"
"Feb 3, 2020","364-Day","9.88%","Rock Investment Bank | Licensed to kironjiemmanuel@gmail.com | Ref RIB-2EB094A9EE89 | 10/6/2026, 4:40:51 PM | Confidential - redistribution prohibited"
"Feb 10, 2020","91-Day","7.30%","Rock Investment Bank | Licensed to kironjiemmanuel@gmail.com | Ref RIB-2EB094A9EE89 | 10/6/2026, 4:40:51 PM | Confidential - redistribution prohibited"
"Feb 10, 2020","182-Day","8.25%","Rock Investment Bank | Licensed to kironjiemmanuel@gmail.com | Ref RIB-2EB094A9EE89 | 10/6/2026, 4:40:51 PM | Confidential - redistribution prohibited"
"Feb 10, 2020","364-Day","9.87%","Rock Investment Bank | Licensed to kironjiemmanuel@gmail.com | Ref RIB-2EB094A9EE89 | 10/6/2026, 4:40:51 PM | Confidential - redistribution prohibited"
"Feb 17, 2020","91-Day","7.31%","Rock Investment Bank | Licensed to kironjiemmanuel@gmail.com | Ref RIB-2EB094A9EE89 | 10/6/2026, 4:40:51 PM | Confidential - redistribution prohibited"
"Feb 17, 2020","182-Day","8.26%","Rock Investment Bank | Licensed to kironjiemmanuel@gmail.com | Ref RIB-2EB094A9EE89 | 10/6/2026, 4:40:51 PM | Confidential - redistribution prohibited"
"Feb 17, 2020","364-Day","9.85%","Rock Investment Bank | Licensed to kironjiemmanuel@gmail.com | Ref RIB-2EB094A9EE89 | 10/6/2026, 4:40:51 PM | Confidential - redistribution prohibited"
"Feb 24, 2020","91-Day","7.32%","Rock Investment Bank | Licensed to kironjiemmanuel@gmail.com | Ref RIB-2EB094A9EE89 | 10/6/2026, 4:40:51 PM | Confidential - redistribution prohibited"
"Feb 24, 2020","182-Day","8.26%","Rock Investment Bank | Licensed to kironjiemmanuel@gmail.com | Ref RIB-2EB094A9EE89 | 10/6/2026, 4:40:51 PM | Confidential - redistribution prohibited"
"Feb 24, 2020","364-Day","9.80%","Rock Investment Bank | Licensed to kironjiemmanuel@gmail.com | Ref RIB-2EB094A9EE89 | 10/6/2026, 4:40:51 PM | Confidential - redistribution prohibited"
"Mar 2, 2020","91-Day","7.32%","Rock Investment Bank | Licensed to kironjiemmanuel@gmail.com | Ref RIB-2EB094A9EE89 | 10/6/2026, 4:40:51 PM | Confidential - redistribution prohibited"
"Mar 2, 2020","182-Day","8.24%","Rock Investment Bank | Licensed to kironjiemmanuel@gmail.com | Ref RIB-2EB094A9EE89 | 10/6/2026, 4:40:51 PM | Confidential - redistribution prohibited"
"Mar 2, 2020","364-Day","9.50%","Rock Investment Bank | Licensed to kironjiemmanuel@gmail.com | Ref RIB-2EB094A9EE89 | 10/6/2026, 4:40:51 PM | Confidential - redistribution prohibited"
"Mar 9, 2020","91-Day","7.31%","Rock Investment Bank | Licensed to kironjiemmanuel@gmail.com | Ref RIB-2EB094A9EE89 | 10/6/2026, 4:40:51 PM | Confidential - redistribution prohibited"
"Mar 9, 2020","182-Day","8.19%","Rock Investment Bank | Licensed to kironjiemmanuel@gmail.com | Ref RIB-2EB094A9EE89 | 10/6/2026, 4:40:51 PM | Confidential - redistribution prohibited"
"Mar 9, 2020","364-Day","9.31%","Rock Investment Bank | Licensed to kironjiemmanuel@gmail.com | Ref RIB-2EB094A9EE89 | 10/6/2026, 4:40:51 PM | Confidential - redistribution prohibited"
"Mar 16, 2020","91-Day","7.31%","Rock Investment Bank | Licensed to kironjiemmanuel@gmail.com | Ref RIB-2EB094A9EE89 | 10/6/2026, 4:40:51 PM | Confidential - redistribution prohibited"
"Mar 16, 2020","182-Day","8.10%","Rock Investment Bank | Licensed to kironjiemmanuel@gmail.com | Ref RIB-2EB094A9EE89 | 10/6/2026, 4:40:51 PM | Confidential - redistribution prohibited"
"Mar 16, 2020","364-Day","9.10%","Rock Investment Bank | Licensed to kironjiemmanuel@gmail.com | Ref RIB-2EB094A9EE89 | 10/6/2026, 4:40:51 PM | Confidential - redistribution prohibited"
"Mar 23, 2020","91-Day","7.27%","Rock Investment Bank | Licensed to kironjiemmanuel@gmail.com | Ref RIB-2EB094A9EE89 | 10/6/2026, 4:40:51 PM | Confidential - redistribution prohibited"
"Mar 23, 2020","182-Day","8.03%","Rock Investment Bank | Licensed to kironjiemmanuel@gmail.com | Ref RIB-2EB094A9EE89 | 10/6/2026, 4:40:51 PM | Confidential - redistribution prohibited"
"Mar 23, 2020","364-Day","9.05%","Rock Investment Bank | Licensed to kironjiemmanuel@gmail.com | Ref RIB-2EB094A9EE89 | 10/6/2026, 4:40:51 PM | Confidential - redistribution prohibited"
"Mar 30, 2020","91-Day","7.24%","Rock Investment Bank | Licensed to kironjiemmanuel@gmail.com | Ref RIB-2EB094A9EE89 | 10/6/2026, 4:40:51 PM | Confidential - redistribution prohibited"
"Mar 30, 2020","182-Day","8.12%","Rock Investment Bank | Licensed to kironjiemmanuel@gmail.com | Ref RIB-2EB094A9EE89 | 10/6/2026, 4:40:51 PM | Confidential - redistribution prohibited"
"Mar 30, 2020","364-Day","9.04%","Rock Investment Bank | Licensed to kironjiemmanuel@gmail.com | Ref RIB-2EB094A9EE89 | 10/6/2026, 4:40:51 PM | Confidential - redistribution prohibited"
"Apr 6, 2020","91-Day","7.22%","Rock Investment Bank | Licensed to kironjiemmanuel@gmail.com | Ref RIB-2EB094A9EE89 | 10/6/2026, 4:40:51 PM | Confidential - redistribution prohibited"
"Apr 6, 2020","182-Day","8.14%","Rock Investment Bank | Licensed to kironjiemmanuel@gmail.com | Ref RIB-2EB094A9EE89 | 10/6/2026, 4:40:51 PM | Confidential - redistribution prohibited"
"Apr 6, 2020","364-Day","9.05%","Rock Investment Bank | Licensed to kironjiemmanuel@gmail.com | Ref RIB-2EB094A9EE89 | 10/6/2026, 4:40:51 PM | Confidential - redistribution prohibited"
"Apr 13, 2020","91-Day","7.21%","Rock Investment Bank | Licensed to kironjiemmanuel@gmail.com | Ref RIB-2EB094A9EE89 | 10/6/2026, 4:40:51 PM | Confidential - redistribution prohibited"
"Apr 13, 2020","182-Day","8.11%","Rock Investment Bank | Licensed to kironjiemmanuel@gmail.com | Ref RIB-2EB094A9EE89 | 10/6/2026, 4:40:51 PM | Confidential - redistribution prohibited"
"Apr 13, 2020","364-Day","9.04%","Rock Investment Bank | Licensed to kironjiemmanuel@gmail.com | Ref RIB-2EB094A9EE89 | 10/6/2026, 4:40:51 PM | Confidential - redistribution prohibited"
"Apr 20, 2020","91-Day","7.20%","Rock Investment Bank | Licensed to kironjiemmanuel@gmail.com | Ref RIB-2EB094A9EE89 | 10/6/2026, 4:40:51 PM | Confidential - redistribution prohibited"
"Apr 20, 2020","182-Day","8.09%","Rock Investment Bank | Licensed to kironjiemmanuel@gmail.com | Ref RIB-2EB094A9EE89 | 10/6/2026, 4:40:51 PM | Confidential - redistribution prohibited"
"Apr 20, 2020","364-Day","9.09%","Rock Investment Bank | Licensed to kironjiemmanuel@gmail.com | Ref RIB-2EB094A9EE89 | 10/6/2026, 4:40:51 PM | Confidential - redistribution prohibited"
"Apr 27, 2020","91-Day","7.21%","Rock Investment Bank | Licensed to kironjiemmanuel@gmail.com | Ref RIB-2EB094A9EE89 | 10/6/2026, 4:40:51 PM | Confidential - redistribution prohibited"
"Apr 27, 2020","182-Day","8.12%","Rock Investment Bank | Licensed to kironjiemmanuel@gmail.com | Ref RIB-2EB094A9EE89 | 10/6/2026, 4:40:51 PM | Confidential - redistribution prohibited"
"Apr 27, 2020","364-Day","9.11%","Rock Investment Bank | Licensed to kironjiemmanuel@gmail.com | Ref RIB-2EB094A9EE89 | 10/6/2026, 4:40:51 PM | Confidential - redistribution prohibited"
"May 4, 2020","91-Day","7.24%","Rock Investment Bank | Licensed to kironjiemmanuel@gmail.com | Ref RIB-2EB094A9EE89 | 10/6/2026, 4:40:51 PM | Confidential - redistribution prohibited"
"May 4, 2020","182-Day","8.13%","Rock Investment Bank | Licensed to kironjiemmanuel@gmail.com | Ref RIB-2EB094A9EE89 | 10/6/2026, 4:40:51 PM | Confidential - redistribution prohibited"
"May 4, 2020","364-Day","9.12%","Rock Investment Bank | Licensed to kironjiemmanuel@gmail.com | Ref RIB-2EB094A9EE89 | 10/6/2026, 4:40:51 PM | Confidential - redistribution prohibited"
"May 11, 2020","91-Day","7.25%","Rock Investment Bank | Licensed to kironjiemmanuel@gmail.com | Ref RIB-2EB094A9EE89 | 10/6/2026, 4:40:51 PM | Confidential - redistribution prohibited"
"May 11, 2020","182-Day","8.15%","Rock Investment Bank | Licensed to kironjiemmanuel@gmail.com | Ref RIB-2EB094A9EE89 | 10/6/2026, 4:40:51 PM | Confidential - redistribution prohibited"
"May 11, 2020","364-Day","9.16%","Rock Investment Bank | Licensed to kironjiemmanuel@gmail.com | Ref RIB-2EB094A9EE89 | 10/6/2026, 4:40:51 PM | Confidential - redistribution prohibited"
"May 18, 2020","91-Day","7.27%","Rock Investment Bank | Licensed to kironjiemmanuel@gmail.com | Ref RIB-2EB094A9EE89 | 10/6/2026, 4:40:51 PM | Confidential - redistribution prohibited"
"May 18, 2020","182-Day","8.19%","Rock Investment Bank | Licensed to kironjiemmanuel@gmail.com | Ref RIB-2EB094A9EE89 | 10/6/2026, 4:40:51 PM | Confidential - redistribution prohibited"
"May 18, 2020","364-Day","9.17%","Rock Investment Bank | Licensed to kironjiemmanuel@gmail.com | Ref RIB-2EB094A9EE89 | 10/6/2026, 4:40:51 PM | Confidential - redistribution prohibited"
"May 25, 2020","91-Day","7.32%","Rock Investment Bank | Licensed to kironjiemmanuel@gmail.com | Ref RIB-2EB094A9EE89 | 10/6/2026, 4:40:51 PM | Confidential - redistribution prohibited"
"May 25, 2020","182-Day","8.23%","Rock Investment Bank | Licensed to kironjiemmanuel@gmail.com | Ref RIB-2EB094A9EE89 | 10/6/2026, 4:40:51 PM | Confidential - redistribution prohibited"
"May 25, 2020","364-Day","9.20%","Rock Investment Bank | Licensed to kironjiemmanuel@gmail.com | Ref RIB-2EB094A9EE89 | 10/6/2026, 4:40:51 PM | Confidential - redistribution prohibited"
"Jun 1, 2020","91-Day","7.33%","Rock Investment Bank | Licensed to kironjiemmanuel@gmail.com | Ref RIB-2EB094A9EE89 | 10/6/2026, 4:40:51 PM | Confidential - redistribution prohibited"
"Jun 1, 2020","182-Day","8.25%","Rock Investment Bank | Licensed to kironjiemmanuel@gmail.com | Ref RIB-2EB094A9EE89 | 10/6/2026, 4:40:51 PM | Confidential - redistribution prohibited"
"Jun 1, 2020","364-Day","9.20%","Rock Investment Bank | Licensed to kironjiemmanuel@gmail.com | Ref RIB-2EB094A9EE89 | 10/6/2026, 4:40:51 PM | Confidential - redistribution prohibited"
"Jun 8, 2020","91-Day","7.32%","Rock Investment Bank | Licensed to kironjiemmanuel@gmail.com | Ref RIB-2EB094A9EE89 | 10/6/2026, 4:40:51 PM | Confidential - redistribution prohibited"
"Jun 8, 2020","182-Day","8.20%","Rock Investment Bank | Licensed to kironjiemmanuel@gmail.com | Ref RIB-2EB094A9EE89 | 10/6/2026, 4:40:51 PM | Confidential - redistribution prohibited"
"Jun 8, 2020","364-Day","9.16%","Rock Investment Bank | Licensed to kironjiemmanuel@gmail.com | Ref RIB-2EB094A9EE89 | 10/6/2026, 4:40:51 PM | Confidential - redistribution prohibited"
"Jun 15, 2020","91-Day","7.26%","Rock Investment Bank | Licensed to kironjiemmanuel@gmail.com | Ref RIB-2EB094A9EE89 | 10/6/2026, 4:40:51 PM | Confidential - redistribution prohibited"
"Jun 15, 2020","182-Day","8.06%","Rock Investment Bank | Licensed to kironjiemmanuel@gmail.com | Ref RIB-2EB094A9EE89 | 10/6/2026, 4:40:51 PM | Confidential - redistribution prohibited"
"Jun 15, 2020","364-Day","9.03%","Rock Investment Bank | Licensed to kironjiemmanuel@gmail.com | Ref RIB-2EB094A9EE89 | 10/6/2026, 4:40:51 PM | Confidential - redistribution prohibited"
"Jun 22, 2020","91-Day","7.09%","Rock Investment Bank | Licensed to kironjiemmanuel@gmail.com | Ref RIB-2EB094A9EE89 | 10/6/2026, 4:40:51 PM | Confidential - redistribution prohibited"
"Jun 22, 2020","182-Day","7.74%","Rock Investment Bank | Licensed to kironjiemmanuel@gmail.com | Ref RIB-2EB094A9EE89 | 10/6/2026, 4:40:51 PM | Confidential - redistribution prohibited"
"Jun 22, 2020","364-Day","8.67%","Rock Investment Bank | Licensed to kironjiemmanuel@gmail.com | Ref RIB-2EB094A9EE89 | 10/6/2026, 4:40:51 PM | Confidential - redistribution prohibited"
"Jun 29, 2020","91-Day","6.70%","Rock Investment Bank | Licensed to kironjiemmanuel@gmail.com | Ref RIB-2EB094A9EE89 | 10/6/2026, 4:40:51 PM | Confidential - redistribution prohibited"
"Jun 29, 2020","182-Day","7.40%","Rock Investment Bank | Licensed to kironjiemmanuel@gmail.com | Ref RIB-2EB094A9EE89 | 10/6/2026, 4:40:51 PM | Confidential - redistribution prohibited"
"Jun 29, 2020","364-Day","8.19%","Rock Investment Bank | Licensed to kironjiemmanuel@gmail.com | Ref RIB-2EB094A9EE89 | 10/6/2026, 4:40:51 PM | Confidential - redistribution prohibited"
"Jul 6, 2020","91-Day","6.55%","Rock Investment Bank | Licensed to kironjiemmanuel@gmail.com | Ref RIB-2EB094A9EE89 | 10/6/2026, 4:40:51 PM | Confidential - redistribution prohibited"
"Jul 6, 2020","182-Day","7.05%","Rock Investment Bank | Licensed to kironjiemmanuel@gmail.com | Ref RIB-2EB094A9EE89 | 10/6/2026, 4:40:51 PM | Confidential - redistribution prohibited"
"Jul 6, 2020","364-Day","7.77%","Rock Investment Bank | Licensed to kironjiemmanuel@gmail.com | Ref RIB-2EB094A9EE89 | 10/6/2026, 4:40:51 PM | Confidential - redistribution prohibited"
"Jul 13, 2020","91-Day","6.27%","Rock Investment Bank | Licensed to kironjiemmanuel@gmail.com | Ref RIB-2EB094A9EE89 | 10/6/2026, 4:40:51 PM | Confidential - redistribution prohibited"
"Jul 13, 2020","182-Day","6.76%","Rock Investment Bank | Licensed to kironjiemmanuel@gmail.com | Ref RIB-2EB094A9EE89 | 10/6/2026, 4:40:51 PM | Confidential - redistribution prohibited"
"Jul 13, 2020","364-Day","7.70%","Rock Investment Bank | Licensed to kironjiemmanuel@gmail.com | Ref RIB-2EB094A9EE89 | 10/6/2026, 4:40:51 PM | Confidential - redistribution prohibited"
"Jul 20, 2020","91-Day","6.01%","Rock Investment Bank | Licensed to kironjiemmanuel@gmail.com | Ref RIB-2EB094A9EE89 | 10/6/2026, 4:40:51 PM | Confidential - redistribution prohibited"
"Jul 20, 2020","182-Day","6.52%","Rock Investment Bank | Licensed to kironjiemmanuel@gmail.com | Ref RIB-2EB094A9EE89 | 10/6/2026, 4:40:51 PM | Confidential - redistribution prohibited"
"Jul 20, 2020","364-Day","7.46%","Rock Investment Bank | Licensed to kironjiemmanuel@gmail.com | Ref RIB-2EB094A9EE89 | 10/6/2026, 4:40:51 PM | Confidential - redistribution prohibited"
"Jul 27, 2020","91-Day","6.11%","Rock Investment Bank | Licensed to kironjiemmanuel@gmail.com | Ref RIB-2EB094A9EE89 | 10/6/2026, 4:40:51 PM | Confidential - redistribution prohibited"
"Jul 27, 2020","182-Day","6.44%","Rock Investment Bank | Licensed to kironjiemmanuel@gmail.com | Ref RIB-2EB094A9EE89 | 10/6/2026, 4:40:51 PM | Confidential - redistribution prohibited"
"Jul 27, 2020","364-Day","7.37%","Rock Investment Bank | Licensed to kironjiemmanuel@gmail.com | Ref RIB-2EB094A9EE89 | 10/6/2026, 4:40:51 PM | Confidential - redistribution prohibited"
"Aug 3, 2020","91-Day","6.12%","Rock Investment Bank | Licensed to kironjiemmanuel@gmail.com | Ref RIB-2EB094A9EE89 | 10/6/2026, 4:40:51 PM | Confidential - redistribution prohibited"
"Aug 3, 2020","182-Day","6.46%","Rock Investment Bank | Licensed to kironjiemmanuel@gmail.com | Ref RIB-2EB094A9EE89 | 10/6/2026, 4:40:51 PM | Confidential - redistribution prohibited"
"Aug 3, 2020","364-Day","7.39%","Rock Investment Bank | Licensed to kironjiemmanuel@gmail.com | Ref RIB-2EB094A9EE89 | 10/6/2026, 4:40:51 PM | Confidential - redistribution prohibited"
"Aug 10, 2020","91-Day","6.12%","Rock Investment Bank | Licensed to kironjiemmanuel@gmail.com | Ref RIB-2EB094A9EE89 | 10/6/2026, 4:40:51 PM | Confidential - redistribution prohibited"
"Aug 10, 2020","182-Day","6.55%","Rock Investment Bank | Licensed to kironjiemmanuel@gmail.com | Ref RIB-2EB094A9EE89 | 10/6/2026, 4:40:51 PM | Confidential - redistribution prohibited"
"Aug 10, 2020","364-Day","7.46%","Rock Investment Bank | Licensed to kironjiemmanuel@gmail.com | Ref RIB-2EB094A9EE89 | 10/6/2026, 4:40:51 PM | Confidential - redistribution prohibited"
"Aug 17, 2020","91-Day","6.20%","Rock Investment Bank | Licensed to kironjiemmanuel@gmail.com | Ref RIB-2EB094A9EE89 | 10/6/2026, 4:40:51 PM | Confidential - redistribution prohibited"
"Aug 17, 2020","182-Day","6.56%","Rock Investment Bank | Licensed to kironjiemmanuel@gmail.com | Ref RIB-2EB094A9EE89 | 10/6/2026, 4:40:51 PM | Confidential - redistribution prohibited"
"Aug 17, 2020","364-Day","7.52%","Rock Investment Bank | Licensed to kironjiemmanuel@gmail.com | Ref RIB-2EB094A9EE89 | 10/6/2026, 4:40:51 PM | Confidential - redistribution prohibited"
"Aug 24, 2020","91-Day","6.26%","Rock Investment Bank | Licensed to kironjiemmanuel@gmail.com | Ref RIB-2EB094A9EE89 | 10/6/2026, 4:40:51 PM | Confidential - redistribution prohibited"
"Aug 24, 2020","182-Day","6.60%","Rock Investment Bank | Licensed to kironjiemmanuel@gmail.com | Ref RIB-2EB094A9EE89 | 10/6/2026, 4:40:51 PM | Confidential - redistribution prohibited"
"Aug 24, 2020","364-Day","7.51%","Rock Investment Bank | Licensed to kironjiemmanuel@gmail.com | Ref RIB-2EB094A9EE89 | 10/6/2026, 4:40:51 PM | Confidential - redistribution prohibited"
"Aug 31, 2020","91-Day","6.27%","Rock Investment Bank | Licensed to kironjiemmanuel@gmail.com | Ref RIB-2EB094A9EE89 | 10/6/2026, 4:40:51 PM | Confidential - redistribution prohibited"
"Aug 31, 2020","182-Day","6.63%","Rock Investment Bank | Licensed to kironjiemmanuel@gmail.com | Ref RIB-2EB094A9EE89 | 10/6/2026, 4:40:51 PM | Confidential - redistribution prohibited"
"Aug 31, 2020","364-Day","7.51%","Rock Investment Bank | Licensed to kironjiemmanuel@gmail.com | Ref RIB-2EB094A9EE89 | 10/6/2026, 4:40:51 PM | Confidential - redistribution prohibited"
"Sep 7, 2020","91-Day","6.30%","Rock Investment Bank | Licensed to kironjiemmanuel@gmail.com | Ref RIB-2EB094A9EE89 | 10/6/2026, 4:40:51 PM | Confidential - redistribution prohibited"
"Sep 7, 2020","182-Day","6.63%","Rock Investment Bank | Licensed to kironjiemmanuel@gmail.com | Ref RIB-2EB094A9EE89 | 10/6/2026, 4:40:51 PM | Confidential - redistribution prohibited"
"Sep 7, 2020","364-Day","7.55%","Rock Investment Bank | Licensed to kironjiemmanuel@gmail.com | Ref RIB-2EB094A9EE89 | 10/6/2026, 4:40:51 PM | Confidential - redistribution prohibited"
"Sep 14, 2020","91-Day","6.27%","Rock Investment Bank | Licensed to kironjiemmanuel@gmail.com | Ref RIB-2EB094A9EE89 | 10/6/2026, 4:40:51 PM | Confidential - redistribution prohibited"
"Sep 14, 2020","182-Day","6.69%","Rock Investment Bank | Licensed to kironjiemmanuel@gmail.com | Ref RIB-2EB094A9EE89 | 10/6/2026, 4:40:51 PM | Confidential - redistribution prohibited"
"Sep 14, 2020","364-Day","7.56%","Rock Investment Bank | Licensed to kironjiemmanuel@gmail.com | Ref RIB-2EB094A9EE89 | 10/6/2026, 4:40:51 PM | Confidential - redistribution prohibited"
"Sep 21, 2020","91-Day","6.27%","Rock Investment Bank | Licensed to kironjiemmanuel@gmail.com | Ref RIB-2EB094A9EE89 | 10/6/2026, 4:40:51 PM | Confidential - redistribution prohibited"
"Sep 21, 2020","182-Day","6.72%","Rock Investment Bank | Licensed to kironjiemmanuel@gmail.com | Ref RIB-2EB094A9EE89 | 10/6/2026, 4:40:51 PM | Confidential - redistribution prohibited"
"Sep 21, 2020","364-Day","7.57%","Rock Investment Bank | Licensed to kironjiemmanuel@gmail.com | Ref RIB-2EB094A9EE89 | 10/6/2026, 4:40:51 PM | Confidential - redistribution prohibited"
"Sep 28, 2020","91-Day","6.31%","Rock Investment Bank | Licensed to kironjiemmanuel@gmail.com | Ref RIB-2EB094A9EE89 | 10/6/2026, 4:40:51 PM | Confidential - redistribution prohibited"
"Sep 28, 2020","182-Day","6.77%","Rock Investment Bank | Licensed to kironjiemmanuel@gmail.com | Ref RIB-2EB094A9EE89 | 10/6/2026, 4:40:51 PM | Confidential - redistribution prohibited"
"Sep 28, 2020","364-Day","7.69%","Rock Investment Bank | Licensed to kironjiemmanuel@gmail.com | Ref RIB-2EB094A9EE89 | 10/6/2026, 4:40:51 PM | Confidential - redistribution prohibited"
"Oct 5, 2020","91-Day","6.40%","Rock Investment Bank | Licensed to kironjiemmanuel@gmail.com | Ref RIB-2EB094A9EE89 | 10/6/2026, 4:40:51 PM | Confidential - redistribution prohibited"
"Oct 5, 2020","182-Day","6.84%","Rock Investment Bank | Licensed to kironjiemmanuel@gmail.com | Ref RIB-2EB094A9EE89 | 10/6/2026, 4:40:51 PM | Confidential - redistribution prohibited"
"Oct 5, 2020","364-Day","7.74%","Rock Investment Bank | Licensed to kironjiemmanuel@gmail.com | Ref RIB-2EB094A9EE89 | 10/6/2026, 4:40:51 PM | Confidential - redistribution prohibited"
"Oct 12, 2020","91-Day","6.47%","Rock Investment Bank | Licensed to kironjiemmanuel@gmail.com | Ref RIB-2EB094A9EE89 | 10/6/2026, 4:40:51 PM | Confidential - redistribution prohibited"
"Oct 12, 2020","182-Day","6.85%","Rock Investment Bank | Licensed to kironjiemmanuel@gmail.com | Ref RIB-2EB094A9EE89 | 10/6/2026, 4:40:51 PM | Confidential - redistribution prohibited"
"Oct 12, 2020","364-Day","7.76%","Rock Investment Bank | Licensed to kironjiemmanuel@gmail.com | Ref RIB-2EB094A9EE89 | 10/6/2026, 4:40:51 PM | Confidential - redistribution prohibited"
"Oct 19, 2020","91-Day","6.52%","Rock Investment Bank | Licensed to kironjiemmanuel@gmail.com | Ref RIB-2EB094A9EE89 | 10/6/2026, 4:40:51 PM | Confidential - redistribution prohibited"
"Oct 19, 2020","182-Day","6.91%","Rock Investment Bank | Licensed to kironjiemmanuel@gmail.com | Ref RIB-2EB094A9EE89 | 10/6/2026, 4:40:51 PM | Confidential - redistribution prohibited"
"Oct 19, 2020","364-Day","7.80%","Rock Investment Bank | Licensed to kironjiemmanuel@gmail.com | Ref RIB-2EB094A9EE89 | 10/6/2026, 4:40:51 PM | Confidential - redistribution prohibited"
"Oct 26, 2020","91-Day","6.59%","Rock Investment Bank | Licensed to kironjiemmanuel@gmail.com | Ref RIB-2EB094A9EE89 | 10/6/2026, 4:40:51 PM | Confidential - redistribution prohibited"
"Oct 26, 2020","182-Day","6.97%","Rock Investment Bank | Licensed to kironjiemmanuel@gmail.com | Ref RIB-2EB094A9EE89 | 10/6/2026, 4:40:51 PM | Confidential - redistribution prohibited"
"Oct 26, 2020","364-Day","7.84%","Rock Investment Bank | Licensed to kironjiemmanuel@gmail.com | Ref RIB-2EB094A9EE89 | 10/6/2026, 4:40:51 PM | Confidential - redistribution prohibited"
"Nov 2, 2020","91-Day","6.65%","Rock Investment Bank | Licensed to kironjiemmanuel@gmail.com | Ref RIB-2EB094A9EE89 | 10/6/2026, 4:40:51 PM | Confidential - redistribution prohibited"
"Nov 2, 2020","182-Day","7.04%","Rock Investment Bank | Licensed to kironjiemmanuel@gmail.com | Ref RIB-2EB094A9EE89 | 10/6/2026, 4:40:51 PM | Confidential - redistribution prohibited"
"Nov 2, 2020","364-Day","7.93%","Rock Investment Bank | Licensed to kironjiemmanuel@gmail.com | Ref RIB-2EB094A9EE89 | 10/6/2026, 4:40:51 PM | Confidential - redistribution prohibited"
"Nov 9, 2020","91-Day","6.67%","Rock Investment Bank | Licensed to kironjiemmanuel@gmail.com | Ref RIB-2EB094A9EE89 | 10/6/2026, 4:40:51 PM | Confidential - redistribution prohibited"
"Nov 9, 2020","182-Day","7.07%","Rock Investment Bank | Licensed to kironjiemmanuel@gmail.com | Ref RIB-2EB094A9EE89 | 10/6/2026, 4:40:51 PM | Confidential - redistribution prohibited"
"Nov 9, 2020","364-Day","7.99%","Rock Investment Bank | Licensed to kironjiemmanuel@gmail.com | Ref RIB-2EB094A9EE89 | 10/6/2026, 4:40:51 PM | Confidential - redistribution prohibited"
"Nov 16, 2020","91-Day","6.67%","Rock Investment Bank | Licensed to kironjiemmanuel@gmail.com | Ref RIB-2EB094A9EE89 | 10/6/2026, 4:40:51 PM | Confidential - redistribution prohibited"
"Nov 16, 2020","182-Day","7.11%","Rock Investment Bank | Licensed to kironjiemmanuel@gmail.com | Ref RIB-2EB094A9EE89 | 10/6/2026, 4:40:51 PM | Confidential - redistribution prohibited"
"Nov 16, 2020","364-Day","8.04%","Rock Investment Bank | Licensed to kironjiemmanuel@gmail.com | Ref RIB-2EB094A9EE89 | 10/6/2026, 4:40:51 PM | Confidential - redistribution prohibited"
"Nov 23, 2020","91-Day","6.71%","Rock Investment Bank | Licensed to kironjiemmanuel@gmail.com | Ref RIB-2EB094A9EE89 | 10/6/2026, 4:40:51 PM | Confidential - redistribution prohibited"
"Nov 23, 2020","182-Day","7.15%","Rock Investment Bank | Licensed to kironjiemmanuel@gmail.com | Ref RIB-2EB094A9EE89 | 10/6/2026, 4:40:51 PM | Confidential - redistribution prohibited"
"Nov 23, 2020","364-Day","8.09%","Rock Investment Bank | Licensed to kironjiemmanuel@gmail.com | Ref RIB-2EB094A9EE89 | 10/6/2026, 4:40:51 PM | Confidential - redistribution prohibited"
"Nov 30, 2020","91-Day","6.73%","Rock Investment Bank | Licensed to kironjiemmanuel@gmail.com | Ref RIB-2EB094A9EE89 | 10/6/2026, 4:40:51 PM | Confidential - redistribution prohibited"
"Nov 30, 2020","182-Day","7.19%","Rock Investment Bank | Licensed to kironjiemmanuel@gmail.com | Ref RIB-2EB094A9EE89 | 10/6/2026, 4:40:51 PM | Confidential - redistribution prohibited"
"Nov 30, 2020","364-Day","8.15%","Rock Investment Bank | Licensed to kironjiemmanuel@gmail.com | Ref RIB-2EB094A9EE89 | 10/6/2026, 4:40:51 PM | Confidential - redistribution prohibited"
"Dec 7, 2020","91-Day","6.86%","Rock Investment Bank | Licensed to kironjiemmanuel@gmail.com | Ref RIB-2EB094A9EE89 | 10/6/2026, 4:40:51 PM | Confidential - redistribution prohibited"
"Dec 7, 2020","182-Day","7.33%","Rock Investment Bank | Licensed to kironjiemmanuel@gmail.com | Ref RIB-2EB094A9EE89 | 10/6/2026, 4:40:51 PM | Confidential - redistribution prohibited"
"Dec 7, 2020","364-Day","8.20%","Rock Investment Bank | Licensed to kironjiemmanuel@gmail.com | Ref RIB-2EB094A9EE89 | 10/6/2026, 4:40:51 PM | Confidential - redistribution prohibited"
"Dec 14, 2020","91-Day","6.90%","Rock Investment Bank | Licensed to kironjiemmanuel@gmail.com | Ref RIB-2EB094A9EE89 | 10/6/2026, 4:40:51 PM | Confidential - redistribution prohibited"
"Dec 14, 2020","182-Day","7.36%","Rock Investment Bank | Licensed to kironjiemmanuel@gmail.com | Ref RIB-2EB094A9EE89 | 10/6/2026, 4:40:51 PM | Confidential - redistribution prohibited"
"Dec 14, 2020","364-Day","8.25%","Rock Investment Bank | Licensed to kironjiemmanuel@gmail.com | Ref RIB-2EB094A9EE89 | 10/6/2026, 4:40:51 PM | Confidential - redistribution prohibited"
"Dec 21, 2020","91-Day","6.92%","Rock Investment Bank | Licensed to kironjiemmanuel@gmail.com | Ref RIB-2EB094A9EE89 | 10/6/2026, 4:40:51 PM | Confidential - redistribution prohibited"
"Dec 21, 2020","182-Day","7.40%","Rock Investment Bank | Licensed to kironjiemmanuel@gmail.com | Ref RIB-2EB094A9EE89 | 10/6/2026, 4:40:51 PM | Confidential - redistribution prohibited"
"Dec 21, 2020","364-Day","8.28%","Rock Investment Bank | Licensed to kironjiemmanuel@gmail.com | Ref RIB-2EB094A9EE89 | 10/6/2026, 4:40:51 PM | Confidential - redistribution prohibited"
"Dec 28, 2020","91-Day","6.93%","Rock Investment Bank | Licensed to kironjiemmanuel@gmail.com | Ref RIB-2EB094A9EE89 | 10/6/2026, 4:40:51 PM | Confidential - redistribution prohibited"
"Dec 28, 2020","182-Day","7.40%","Rock Investment Bank | Licensed to kironjiemmanuel@gmail.com | Ref RIB-2EB094A9EE89 | 10/6/2026, 4:40:51 PM | Confidential - redistribution prohibited"
"Dec 28, 2020","364-Day","8.34%","Rock Investment Bank | Licensed to kironjiemmanuel@gmail.com | Ref RIB-2EB094A9EE89 | 10/6/2026, 4:40:51 PM | Confidential - redistribution prohibited"
"Jan 4, 2021","91-Day","6.91%","Rock Investment Bank | Licensed to kironjiemmanuel@gmail.com | Ref RIB-2EB094A9EE89 | 10/6/2026, 4:40:51 PM | Confidential - redistribution prohibited"
"Jan 4, 2021","182-Day","7.40%","Rock Investment Bank | Licensed to kironjiemmanuel@gmail.com | Ref RIB-2EB094A9EE89 | 10/6/2026, 4:40:51 PM | Confidential - redistribution prohibited"
"Jan 4, 2021","364-Day","8.35%","Rock Investment Bank | Licensed to kironjiemmanuel@gmail.com | Ref RIB-2EB094A9EE89 | 10/6/2026, 4:40:51 PM | Confidential - redistribution prohibited"
"Jan 11, 2021","91-Day","6.89%","Rock Investment Bank | Licensed to kironjiemmanuel@gmail.com | Ref RIB-2EB094A9EE89 | 10/6/2026, 4:40:51 PM | Confidential - redistribution prohibited"
"Jan 11, 2021","182-Day","7.48%","Rock Investment Bank | Licensed to kironjiemmanuel@gmail.com | Ref RIB-2EB094A9EE89 | 10/6/2026, 4:40:51 PM | Confidential - redistribution prohibited"
"Jan 11, 2021","364-Day","8.36%","Rock Investment Bank | Licensed to kironjiemmanuel@gmail.com | Ref RIB-2EB094A9EE89 | 10/6/2026, 4:40:51 PM | Confidential - redistribution prohibited"
"Jan 18, 2021","91-Day","6.88%","Rock Investment Bank | Licensed to kironjiemmanuel@gmail.com | Ref RIB-2EB094A9EE89 | 10/6/2026, 4:40:51 PM | Confidential - redistribution prohibited"
"Jan 18, 2021","182-Day","7.52%","Rock Investment Bank | Licensed to kironjiemmanuel@gmail.com | Ref RIB-2EB094A9EE89 | 10/6/2026, 4:40:51 PM | Confidential - redistribution prohibited"
"Jan 18, 2021","364-Day","8.45%","Rock Investment Bank | Licensed to kironjiemmanuel@gmail.com | Ref RIB-2EB094A9EE89 | 10/6/2026, 4:40:51 PM | Confidential - redistribution prohibited"
"Jan 25, 2021","91-Day","6.98%","Rock Investment Bank | Licensed to kironjiemmanuel@gmail.com | Ref RIB-2EB094A9EE89 | 10/6/2026, 4:40:51 PM | Confidential - redistribution prohibited"
"Jan 25, 2021","182-Day","7.51%","Rock Investment Bank | Licensed to kironjiemmanuel@gmail.com | Ref RIB-2EB094A9EE89 | 10/6/2026, 4:40:51 PM | Confidential - redistribution prohibited"
"Jan 25, 2021","364-Day","8.51%","Rock Investment Bank | Licensed to kironjiemmanuel@gmail.com | Ref RIB-2EB094A9EE89 | 10/6/2026, 4:40:51 PM | Confidential - redistribution prohibited"
"Feb 1, 2021","91-Day","6.90%","Rock Investment Bank | Licensed to kironjiemmanuel@gmail.com | Ref RIB-2EB094A9EE89 | 10/6/2026, 4:40:51 PM | Confidential - redistribution prohibited"
"Feb 1, 2021","182-Day","7.58%","Rock Investment Bank | Licensed to kironjiemmanuel@gmail.com | Ref RIB-2EB094A9EE89 | 10/6/2026, 4:40:51 PM | Confidential - redistribution prohibited"
"Feb 1, 2021","364-Day","8.62%","Rock Investment Bank | Licensed to kironjiemmanuel@gmail.com | Ref RIB-2EB094A9EE89 | 10/6/2026, 4:40:51 PM | Confidential - redistribution prohibited"
"Feb 8, 2021","91-Day","6.87%","Rock Investment Bank | Licensed to kironjiemmanuel@gmail.com | Ref RIB-2EB094A9EE89 | 10/6/2026, 4:40:51 PM | Confidential - redistribution prohibited"
"Feb 8, 2021","182-Day","7.59%","Rock Investment Bank | Licensed to kironjiemmanuel@gmail.com | Ref RIB-2EB094A9EE89 | 10/6/2026, 4:40:51 PM | Confidential - redistribution prohibited"
"Feb 8, 2021","364-Day","8.72%","Rock Investment Bank | Licensed to kironjiemmanuel@gmail.com | Ref RIB-2EB094A9EE89 | 10/6/2026, 4:40:51 PM | Confidential - redistribution prohibited"
"Feb 15, 2021","91-Day","6.91%","Rock Investment Bank | Licensed to kironjiemmanuel@gmail.com | Ref RIB-2EB094A9EE89 | 10/6/2026, 4:40:51 PM | Confidential - redistribution prohibited"
"Feb 15, 2021","182-Day","7.64%","Rock Investment Bank | Licensed to kironjiemmanuel@gmail.com | Ref RIB-2EB094A9EE89 | 10/6/2026, 4:40:51 PM | Confidential - redistribution prohibited"
"Feb 15, 2021","364-Day","8.82%","Rock Investment Bank | Licensed to kironjiemmanuel@gmail.com | Ref RIB-2EB094A9EE89 | 10/6/2026, 4:40:51 PM | Confidential - redistribution prohibited"
"Feb 22, 2021","91-Day","6.91%","Rock Investment Bank | Licensed to kironjiemmanuel@gmail.com | Ref RIB-2EB094A9EE89 | 10/6/2026, 4:40:51 PM | Confidential - redistribution prohibited"
"Feb 22, 2021","182-Day","7.68%","Rock Investment Bank | Licensed to kironjiemmanuel@gmail.com | Ref RIB-2EB094A9EE89 | 10/6/2026, 4:40:51 PM | Confidential - redistribution prohibited"
"Feb 22, 2021","364-Day","8.93%","Rock Investment Bank | Licensed to kironjiemmanuel@gmail.com | Ref RIB-2EB094A9EE89 | 10/6/2026, 4:40:51 PM | Confidential - redistribution prohibited"
"Mar 1, 2021","91-Day","6.93%","Rock Investment Bank | Licensed to kironjiemmanuel@gmail.com | Ref RIB-2EB094A9EE89 | 10/6/2026, 4:40:51 PM | Confidential - redistribution prohibited"
"Mar 1, 2021","182-Day","7.72%","Rock Investment Bank | Licensed to kironjiemmanuel@gmail.com | Ref RIB-2EB094A9EE89 | 10/6/2026, 4:40:51 PM | Confidential - redistribution prohibited"
"Mar 1, 2021","364-Day","9.01%","Rock Investment Bank | Licensed to kironjiemmanuel@gmail.com | Ref RIB-2EB094A9EE89 | 10/6/2026, 4:40:51 PM | Confidential - redistribution prohibited"
"Mar 8, 2021","91-Day","7.02%","Rock Investment Bank | Licensed to kironjiemmanuel@gmail.com | Ref RIB-2EB094A9EE89 | 10/6/2026, 4:40:51 PM | Confidential - redistribution prohibited"
"Mar 8, 2021","182-Day","7.76%","Rock Investment Bank | Licensed to kironjiemmanuel@gmail.com | Ref RIB-2EB094A9EE89 | 10/6/2026, 4:40:51 PM | Confidential - redistribution prohibited"
"Mar 8, 2021","364-Day","9.07%","Rock Investment Bank | Licensed to kironjiemmanuel@gmail.com | Ref RIB-2EB094A9EE89 | 10/6/2026, 4:40:51 PM | Confidential - redistribution prohibited"
"Mar 15, 2021","91-Day","7.02%","Rock Investment Bank | Licensed to kironjiemmanuel@gmail.com | Ref RIB-2EB094A9EE89 | 10/6/2026, 4:40:51 PM | Confidential - redistribution prohibited"
"Mar 15, 2021","182-Day","7.83%","Rock Investment Bank | Licensed to kironjiemmanuel@gmail.com | Ref RIB-2EB094A9EE89 | 10/6/2026, 4:40:51 PM | Confidential - redistribution prohibited"
"Mar 15, 2021","364-Day","9.14%","Rock Investment Bank | Licensed to kironjiemmanuel@gmail.com | Ref RIB-2EB094A9EE89 | 10/6/2026, 4:40:51 PM | Confidential - redistribution prohibited"
"Mar 22, 2021","91-Day","7.07%","Rock Investment Bank | Licensed to kironjiemmanuel@gmail.com | Ref RIB-2EB094A9EE89 | 10/6/2026, 4:40:51 PM | Confidential - redistribution prohibited"
"Mar 22, 2021","182-Day","7.88%","Rock Investment Bank | Licensed to kironjiemmanuel@gmail.com | Ref RIB-2EB094A9EE89 | 10/6/2026, 4:40:51 PM | Confidential - redistribution prohibited"
"Mar 22, 2021","364-Day","9.21%","Rock Investment Bank | Licensed to kironjiemmanuel@gmail.com | Ref RIB-2EB094A9EE89 | 10/6/2026, 4:40:51 PM | Confidential - redistribution prohibited"
"Mar 29, 2021","91-Day","7.09%","Rock Investment Bank | Licensed to kironjiemmanuel@gmail.com | Ref RIB-2EB094A9EE89 | 10/6/2026, 4:40:51 PM | Confidential - redistribution prohibited"
"Mar 29, 2021","182-Day","7.89%","Rock Investment Bank | Licensed to kironjiemmanuel@gmail.com | Ref RIB-2EB094A9EE89 | 10/6/2026, 4:40:51 PM | Confidential - redistribution prohibited"
"Mar 29, 2021","364-Day","9.26%","Rock Investment Bank | Licensed to kironjiemmanuel@gmail.com | Ref RIB-2EB094A9EE89 | 10/6/2026, 4:40:51 PM | Confidential - redistribution prohibited"
"Apr 5, 2021","91-Day","7.08%","Rock Investment Bank | Licensed to kironjiemmanuel@gmail.com | Ref RIB-2EB094A9EE89 | 10/6/2026, 4:40:51 PM | Confidential - redistribution prohibited"
"Apr 5, 2021","182-Day","7.91%","Rock Investment Bank | Licensed to kironjiemmanuel@gmail.com | Ref RIB-2EB094A9EE89 | 10/6/2026, 4:40:51 PM | Confidential - redistribution prohibited"
"Apr 5, 2021","364-Day","9.31%","Rock Investment Bank | Licensed to kironjiemmanuel@gmail.com | Ref RIB-2EB094A9EE89 | 10/6/2026, 4:40:51 PM | Confidential - redistribution prohibited"
"Apr 12, 2021","91-Day","7.10%","Rock Investment Bank | Licensed to kironjiemmanuel@gmail.com | Ref RIB-2EB094A9EE89 | 10/6/2026, 4:40:51 PM | Confidential - redistribution prohibited"
"Apr 12, 2021","182-Day","7.91%","Rock Investment Bank | Licensed to kironjiemmanuel@gmail.com | Ref RIB-2EB094A9EE89 | 10/6/2026, 4:40:51 PM | Confidential - redistribution prohibited"
"Apr 12, 2021","364-Day","9.37%","Rock Investment Bank | Licensed to kironjiemmanuel@gmail.com | Ref RIB-2EB094A9EE89 | 10/6/2026, 4:40:51 PM | Confidential - redistribution prohibited"
"Apr 19, 2021","91-Day","7.11%","Rock Investment Bank | Licensed to kironjiemmanuel@gmail.com | Ref RIB-2EB094A9EE89 | 10/6/2026, 4:40:51 PM | Confidential - redistribution prohibited"
"Apr 19, 2021","182-Day","7.94%","Rock Investment Bank | Licensed to kironjiemmanuel@gmail.com | Ref RIB-2EB094A9EE89 | 10/6/2026, 4:40:51 PM | Confidential - redistribution prohibited"
"Apr 19, 2021","364-Day","9.40%","Rock Investment Bank | Licensed to kironjiemmanuel@gmail.com | Ref RIB-2EB094A9EE89 | 10/6/2026, 4:40:51 PM | Confidential - redistribution prohibited"
"Apr 26, 2021","91-Day","7.12%","Rock Investment Bank | Licensed to kironjiemmanuel@gmail.com | Ref RIB-2EB094A9EE89 | 10/6/2026, 4:40:51 PM | Confidential - redistribution prohibited"
"Apr 26, 2021","182-Day","7.92%","Rock Investment Bank | Licensed to kironjiemmanuel@gmail.com | Ref RIB-2EB094A9EE89 | 10/6/2026, 4:40:51 PM | Confidential - redistribution prohibited"
"Apr 26, 2021","364-Day","9.46%","Rock Investment Bank | Licensed to kironjiemmanuel@gmail.com | Ref RIB-2EB094A9EE89 | 10/6/2026, 4:40:51 PM | Confidential - redistribution prohibited"
"May 3, 2021","91-Day","7.14%","Rock Investment Bank | Licensed to kironjiemmanuel@gmail.com | Ref RIB-2EB094A9EE89 | 10/6/2026, 4:40:51 PM | Confidential - redistribution prohibited"
"May 3, 2021","182-Day","7.99%","Rock Investment Bank | Licensed to kironjiemmanuel@gmail.com | Ref RIB-2EB094A9EE89 | 10/6/2026, 4:40:51 PM | Confidential - redistribution prohibited"
"May 3, 2021","364-Day","9.47%","Rock Investment Bank | Licensed to kironjiemmanuel@gmail.com | Ref RIB-2EB094A9EE89 | 10/6/2026, 4:40:51 PM | Confidential - redistribution prohibited"
"May 10, 2021","91-Day","7.15%","Rock Investment Bank | Licensed to kironjiemmanuel@gmail.com | Ref RIB-2EB094A9EE89 | 10/6/2026, 4:40:51 PM | Confidential - redistribution prohibited"
"May 10, 2021","182-Day","7.99%","Rock Investment Bank | Licensed to kironjiemmanuel@gmail.com | Ref RIB-2EB094A9EE89 | 10/6/2026, 4:40:51 PM | Confidential - redistribution prohibited"
"May 10, 2021","364-Day","9.42%","Rock Investment Bank | Licensed to kironjiemmanuel@gmail.com | Ref RIB-2EB094A9EE89 | 10/6/2026, 4:40:51 PM | Confidential - redistribution prohibited"
"May 17, 2021","91-Day","7.16%","Rock Investment Bank | Licensed to kironjiemmanuel@gmail.com | Ref RIB-2EB094A9EE89 | 10/6/2026, 4:40:51 PM | Confidential - redistribution prohibited"
"May 17, 2021","182-Day","7.99%","Rock Investment Bank | Licensed to kironjiemmanuel@gmail.com | Ref RIB-2EB094A9EE89 | 10/6/2026, 4:40:51 PM | Confidential - redistribution prohibited"
"May 17, 2021","364-Day","9.37%","Rock Investment Bank | Licensed to kironjiemmanuel@gmail.com | Ref RIB-2EB094A9EE89 | 10/6/2026, 4:40:51 PM | Confidential - redistribution prohibited"
"May 24, 2021","91-Day","7.16%","Rock Investment Bank | Licensed to kironjiemmanuel@gmail.com | Ref RIB-2EB094A9EE89 | 10/6/2026, 4:40:51 PM | Confidential - redistribution prohibited"
"May 24, 2021","182-Day","7.95%","Rock Investment Bank | Licensed to kironjiemmanuel@gmail.com | Ref RIB-2EB094A9EE89 | 10/6/2026, 4:40:51 PM | Confidential - redistribution prohibited"
"May 24, 2021","364-Day","9.28%","Rock Investment Bank | Licensed to kironjiemmanuel@gmail.com | Ref RIB-2EB094A9EE89 | 10/6/2026, 4:40:51 PM | Confidential - redistribution prohibited"
"May 31, 2021","91-Day","7.14%","Rock Investment Bank | Licensed to kironjiemmanuel@gmail.com | Ref RIB-2EB094A9EE89 | 10/6/2026, 4:40:51 PM | Confidential - redistribution prohibited"
"May 31, 2021","182-Day","7.87%","Rock Investment Bank | Licensed to kironjiemmanuel@gmail.com | Ref RIB-2EB094A9EE89 | 10/6/2026, 4:40:51 PM | Confidential - redistribution prohibited"
"May 31, 2021","364-Day","9.16%","Rock Investment Bank | Licensed to kironjiemmanuel@gmail.com | Ref RIB-2EB094A9EE89 | 10/6/2026, 4:40:51 PM | Confidential - redistribution prohibited"
"Jun 7, 2021","91-Day","7.14%","Rock Investment Bank | Licensed to kironjiemmanuel@gmail.com | Ref RIB-2EB094A9EE89 | 10/6/2026, 4:40:51 PM | Confidential - redistribution prohibited"
"Jun 7, 2021","182-Day","7.82%","Rock Investment Bank | Licensed to kironjiemmanuel@gmail.com | Ref RIB-2EB094A9EE89 | 10/6/2026, 4:40:51 PM | Confidential - redistribution prohibited"
"Jun 7, 2021","364-Day","8.97%","Rock Investment Bank | Licensed to kironjiemmanuel@gmail.com | Ref RIB-2EB094A9EE89 | 10/6/2026, 4:40:51 PM | Confidential - redistribution prohibited"
"Jun 14, 2021","91-Day","7.10%","Rock Investment Bank | Licensed to kironjiemmanuel@gmail.com | Ref RIB-2EB094A9EE89 | 10/6/2026, 4:40:51 PM | Confidential - redistribution prohibited"
"Jun 14, 2021","182-Day","7.73%","Rock Investment Bank | Licensed to kironjiemmanuel@gmail.com | Ref RIB-2EB094A9EE89 | 10/6/2026, 4:40:51 PM | Confidential - redistribution prohibited"
"Jun 14, 2021","364-Day","8.65%","Rock Investment Bank | Licensed to kironjiemmanuel@gmail.com | Ref RIB-2EB094A9EE89 | 10/6/2026, 4:40:51 PM | Confidential - redistribution prohibited"
"Jun 21, 2021","91-Day","7.00%","Rock Investment Bank | Licensed to kironjiemmanuel@gmail.com | Ref RIB-2EB094A9EE89 | 10/6/2026, 4:40:51 PM | Confidential - redistribution prohibited"
"Jun 21, 2021","182-Day","7.54%","Rock Investment Bank | Licensed to kironjiemmanuel@gmail.com | Ref RIB-2EB094A9EE89 | 10/6/2026, 4:40:51 PM | Confidential - redistribution prohibited"
"Jun 21, 2021","364-Day","8.11%","Rock Investment Bank | Licensed to kironjiemmanuel@gmail.com | Ref RIB-2EB094A9EE89 | 10/6/2026, 4:40:51 PM | Confidential - redistribution prohibited"
"Jun 28, 2021","91-Day","6.86%","Rock Investment Bank | Licensed to kironjiemmanuel@gmail.com | Ref RIB-2EB094A9EE89 | 10/6/2026, 4:40:51 PM | Confidential - redistribution prohibited"
"Jun 28, 2021","182-Day","7.32%","Rock Investment Bank | Licensed to kironjiemmanuel@gmail.com | Ref RIB-2EB094A9EE89 | 10/6/2026, 4:40:51 PM | Confidential - redistribution prohibited"
"Jun 28, 2021","364-Day","7.73%","Rock Investment Bank | Licensed to kironjiemmanuel@gmail.com | Ref RIB-2EB094A9EE89 | 10/6/2026, 4:40:51 PM | Confidential - redistribution prohibited"
"Jul 5, 2021","91-Day","6.73%","Rock Investment Bank | Licensed to kironjiemmanuel@gmail.com | Ref RIB-2EB094A9EE89 | 10/6/2026, 4:40:51 PM | Confidential - redistribution prohibited"
"Jul 5, 2021","182-Day","7.23%","Rock Investment Bank | Licensed to kironjiemmanuel@gmail.com | Ref RIB-2EB094A9EE89 | 10/6/2026, 4:40:51 PM | Confidential - redistribution prohibited"
"Jul 5, 2021","364-Day","7.66%","Rock Investment Bank | Licensed to kironjiemmanuel@gmail.com | Ref RIB-2EB094A9EE89 | 10/6/2026, 4:40:51 PM | Confidential - redistribution prohibited"
"Jul 12, 2021","91-Day","6.61%","Rock Investment Bank | Licensed to kironjiemmanuel@gmail.com | Ref RIB-2EB094A9EE89 | 10/6/2026, 4:40:51 PM | Confidential - redistribution prohibited"
"Jul 12, 2021","182-Day","7.10%","Rock Investment Bank | Licensed to kironjiemmanuel@gmail.com | Ref RIB-2EB094A9EE89 | 10/6/2026, 4:40:51 PM | Confidential - redistribution prohibited"
"Jul 12, 2021","364-Day","7.58%","Rock Investment Bank | Licensed to kironjiemmanuel@gmail.com | Ref RIB-2EB094A9EE89 | 10/6/2026, 4:40:51 PM | Confidential - redistribution prohibited"
"Jul 19, 2021","91-Day","6.52%","Rock Investment Bank | Licensed to kironjiemmanuel@gmail.com | Ref RIB-2EB094A9EE89 | 10/6/2026, 4:40:51 PM | Confidential - redistribution prohibited"
"Jul 19, 2021","182-Day","7.00%","Rock Investment Bank | Licensed to kironjiemmanuel@gmail.com | Ref RIB-2EB094A9EE89 | 10/6/2026, 4:40:51 PM | Confidential - redistribution prohibited"
"Jul 19, 2021","364-Day","7.50%","Rock Investment Bank | Licensed to kironjiemmanuel@gmail.com | Ref RIB-2EB094A9EE89 | 10/6/2026, 4:40:51 PM | Confidential - redistribution prohibited"
"Jul 26, 2021","91-Day","6.48%","Rock Investment Bank | Licensed to kironjiemmanuel@gmail.com | Ref RIB-2EB094A9EE89 | 10/6/2026, 4:40:51 PM | Confidential - redistribution prohibited"
"Jul 26, 2021","182-Day","7.00%","Rock Investment Bank | Licensed to kironjiemmanuel@gmail.com | Ref RIB-2EB094A9EE89 | 10/6/2026, 4:40:51 PM | Confidential - redistribution prohibited"
"Jul 26, 2021","364-Day","7.40%","Rock Investment Bank | Licensed to kironjiemmanuel@gmail.com | Ref RIB-2EB094A9EE89 | 10/6/2026, 4:40:51 PM | Confidential - redistribution prohibited"
"Aug 2, 2021","91-Day","6.50%","Rock Investment Bank | Licensed to kironjiemmanuel@gmail.com | Ref RIB-2EB094A9EE89 | 10/6/2026, 4:40:51 PM | Confidential - redistribution prohibited"
"Aug 2, 2021","182-Day","6.99%","Rock Investment Bank | Licensed to kironjiemmanuel@gmail.com | Ref RIB-2EB094A9EE89 | 10/6/2026, 4:40:51 PM | Confidential - redistribution prohibited"
"Aug 2, 2021","364-Day","7.43%","Rock Investment Bank | Licensed to kironjiemmanuel@gmail.com | Ref RIB-2EB094A9EE89 | 10/6/2026, 4:40:51 PM | Confidential - redistribution prohibited"
"Aug 9, 2021","91-Day","6.52%","Rock Investment Bank | Licensed to kironjiemmanuel@gmail.com | Ref RIB-2EB094A9EE89 | 10/6/2026, 4:40:51 PM | Confidential - redistribution prohibited"
"Aug 9, 2021","182-Day","7.10%","Rock Investment Bank | Licensed to kironjiemmanuel@gmail.com | Ref RIB-2EB094A9EE89 | 10/6/2026, 4:40:51 PM | Confidential - redistribution prohibited"
"Aug 9, 2021","364-Day","7.40%","Rock Investment Bank | Licensed to kironjiemmanuel@gmail.com | Ref RIB-2EB094A9EE89 | 10/6/2026, 4:40:51 PM | Confidential - redistribution prohibited"
"Aug 16, 2021","91-Day","6.50%","Rock Investment Bank | Licensed to kironjiemmanuel@gmail.com | Ref RIB-2EB094A9EE89 | 10/6/2026, 4:40:51 PM | Confidential - redistribution prohibited"
"Aug 16, 2021","182-Day","7.10%","Rock Investment Bank | Licensed to kironjiemmanuel@gmail.com | Ref RIB-2EB094A9EE89 | 10/6/2026, 4:40:51 PM | Confidential - redistribution prohibited"
"Aug 16, 2021","364-Day","7.40%","Rock Investment Bank | Licensed to kironjiemmanuel@gmail.com | Ref RIB-2EB094A9EE89 | 10/6/2026, 4:40:51 PM | Confidential - redistribution prohibited"
"Aug 23, 2021","91-Day","6.60%","Rock Investment Bank | Licensed to kironjiemmanuel@gmail.com | Ref RIB-2EB094A9EE89 | 10/6/2026, 4:40:51 PM | Confidential - redistribution prohibited"
"Aug 23, 2021","182-Day","7.10%","Rock Investment Bank | Licensed to kironjiemmanuel@gmail.com | Ref RIB-2EB094A9EE89 | 10/6/2026, 4:40:51 PM | Confidential - redistribution prohibited"
"Aug 23, 2021","364-Day","7.42%","Rock Investment Bank | Licensed to kironjiemmanuel@gmail.com | Ref RIB-2EB094A9EE89 | 10/6/2026, 4:40:51 PM | Confidential - redistribution prohibited"
"Aug 30, 2021","91-Day","6.74%","Rock Investment Bank | Licensed to kironjiemmanuel@gmail.com | Ref RIB-2EB094A9EE89 | 10/6/2026, 4:40:51 PM | Confidential - redistribution prohibited"
"Aug 30, 2021","182-Day","7.20%","Rock Investment Bank | Licensed to kironjiemmanuel@gmail.com | Ref RIB-2EB094A9EE89 | 10/6/2026, 4:40:51 PM | Confidential - redistribution prohibited"
"Aug 30, 2021","364-Day","7.49%","Rock Investment Bank | Licensed to kironjiemmanuel@gmail.com | Ref RIB-2EB094A9EE89 | 10/6/2026, 4:40:51 PM | Confidential - redistribution prohibited"
"Sep 6, 2021","91-Day","6.77%","Rock Investment Bank | Licensed to kironjiemmanuel@gmail.com | Ref RIB-2EB094A9EE89 | 10/6/2026, 4:40:51 PM | Confidential - redistribution prohibited"
"Sep 6, 2021","182-Day","7.23%","Rock Investment Bank | Licensed to kironjiemmanuel@gmail.com | Ref RIB-2EB094A9EE89 | 10/6/2026, 4:40:51 PM | Confidential - redistribution prohibited"
"Sep 6, 2021","364-Day","7.52%","Rock Investment Bank | Licensed to kironjiemmanuel@gmail.com | Ref RIB-2EB094A9EE89 | 10/6/2026, 4:40:51 PM | Confidential - redistribution prohibited"
"Sep 13, 2021","91-Day","6.80%","Rock Investment Bank | Licensed to kironjiemmanuel@gmail.com | Ref RIB-2EB094A9EE89 | 10/6/2026, 4:40:51 PM | Confidential - redistribution prohibited"
"Sep 13, 2021","182-Day","7.30%","Rock Investment Bank | Licensed to kironjiemmanuel@gmail.com | Ref RIB-2EB094A9EE89 | 10/6/2026, 4:40:51 PM | Confidential - redistribution prohibited"
"Sep 13, 2021","364-Day","7.80%","Rock Investment Bank | Licensed to kironjiemmanuel@gmail.com | Ref RIB-2EB094A9EE89 | 10/6/2026, 4:40:51 PM | Confidential - redistribution prohibited"
"Sep 20, 2021","91-Day","6.90%","Rock Investment Bank | Licensed to kironjiemmanuel@gmail.com | Ref RIB-2EB094A9EE89 | 10/6/2026, 4:40:51 PM | Confidential - redistribution prohibited"
"Sep 20, 2021","182-Day","7.30%","Rock Investment Bank | Licensed to kironjiemmanuel@gmail.com | Ref RIB-2EB094A9EE89 | 10/6/2026, 4:40:51 PM | Confidential - redistribution prohibited"
"Sep 20, 2021","364-Day","7.80%","Rock Investment Bank | Licensed to kironjiemmanuel@gmail.com | Ref RIB-2EB094A9EE89 | 10/6/2026, 4:40:51 PM | Confidential - redistribution prohibited"
"Sep 27, 2021","91-Day","6.90%","Rock Investment Bank | Licensed to kironjiemmanuel@gmail.com | Ref RIB-2EB094A9EE89 | 10/6/2026, 4:40:51 PM | Confidential - redistribution prohibited"
"Sep 27, 2021","182-Day","7.30%","Rock Investment Bank | Licensed to kironjiemmanuel@gmail.com | Ref RIB-2EB094A9EE89 | 10/6/2026, 4:40:51 PM | Confidential - redistribution prohibited"
"Sep 27, 2021","364-Day","7.90%","Rock Investment Bank | Licensed to kironjiemmanuel@gmail.com | Ref RIB-2EB094A9EE89 | 10/6/2026, 4:40:51 PM | Confidential - redistribution prohibited"
"Oct 4, 2021","91-Day","6.90%","Rock Investment Bank | Licensed to kironjiemmanuel@gmail.com | Ref RIB-2EB094A9EE89 | 10/6/2026, 4:40:51 PM | Confidential - redistribution prohibited"
"Oct 4, 2021","182-Day","7.30%","Rock Investment Bank | Licensed to kironjiemmanuel@gmail.com | Ref RIB-2EB094A9EE89 | 10/6/2026, 4:40:51 PM | Confidential - redistribution prohibited"
"Oct 4, 2021","364-Day","7.90%","Rock Investment Bank | Licensed to kironjiemmanuel@gmail.com | Ref RIB-2EB094A9EE89 | 10/6/2026, 4:40:51 PM | Confidential - redistribution prohibited"
"Oct 11, 2021","91-Day","6.90%","Rock Investment Bank | Licensed to kironjiemmanuel@gmail.com | Ref RIB-2EB094A9EE89 | 10/6/2026, 4:40:51 PM | Confidential - redistribution prohibited"
"Oct 11, 2021","182-Day","7.30%","Rock Investment Bank | Licensed to kironjiemmanuel@gmail.com | Ref RIB-2EB094A9EE89 | 10/6/2026, 4:40:51 PM | Confidential - redistribution prohibited"
"Oct 11, 2021","364-Day","8.00%","Rock Investment Bank | Licensed to kironjiemmanuel@gmail.com | Ref RIB-2EB094A9EE89 | 10/6/2026, 4:40:51 PM | Confidential - redistribution prohibited"
"Oct 18, 2021","91-Day","6.95%","Rock Investment Bank | Licensed to kironjiemmanuel@gmail.com | Ref RIB-2EB094A9EE89 | 10/6/2026, 4:40:51 PM | Confidential - redistribution prohibited"
"Oct 18, 2021","182-Day","7.43%","Rock Investment Bank | Licensed to kironjiemmanuel@gmail.com | Ref RIB-2EB094A9EE89 | 10/6/2026, 4:40:51 PM | Confidential - redistribution prohibited"
"Oct 18, 2021","364-Day","8.22%","Rock Investment Bank | Licensed to kironjiemmanuel@gmail.com | Ref RIB-2EB094A9EE89 | 10/6/2026, 4:40:51 PM | Confidential - redistribution prohibited"
"Oct 25, 2021","91-Day","7.02%","Rock Investment Bank | Licensed to kironjiemmanuel@gmail.com | Ref RIB-2EB094A9EE89 | 10/6/2026, 4:40:51 PM | Confidential - redistribution prohibited"
"Oct 25, 2021","182-Day","7.42%","Rock Investment Bank | Licensed to kironjiemmanuel@gmail.com | Ref RIB-2EB094A9EE89 | 10/6/2026, 4:40:51 PM | Confidential - redistribution prohibited"
"Oct 25, 2021","364-Day","8.36%","Rock Investment Bank | Licensed to kironjiemmanuel@gmail.com | Ref RIB-2EB094A9EE89 | 10/6/2026, 4:40:51 PM | Confidential - redistribution prohibited"
"Nov 1, 2021","91-Day","7.04%","Rock Investment Bank | Licensed to kironjiemmanuel@gmail.com | Ref RIB-2EB094A9EE89 | 10/6/2026, 4:40:51 PM | Confidential - redistribution prohibited"
"Nov 1, 2021","182-Day","7.49%","Rock Investment Bank | Licensed to kironjiemmanuel@gmail.com | Ref RIB-2EB094A9EE89 | 10/6/2026, 4:40:51 PM | Confidential - redistribution prohibited"
"Nov 1, 2021","364-Day","8.49%","Rock Investment Bank | Licensed to kironjiemmanuel@gmail.com | Ref RIB-2EB094A9EE89 | 10/6/2026, 4:40:51 PM | Confidential - redistribution prohibited"
"Nov 8, 2021","91-Day","7.10%","Rock Investment Bank | Licensed to kironjiemmanuel@gmail.com | Ref RIB-2EB094A9EE89 | 10/6/2026, 4:40:51 PM | Confidential - redistribution prohibited"
"Nov 8, 2021","182-Day","7.55%","Rock Investment Bank | Licensed to kironjiemmanuel@gmail.com | Ref RIB-2EB094A9EE89 | 10/6/2026, 4:40:51 PM | Confidential - redistribution prohibited"
"Nov 8, 2021","364-Day","8.62%","Rock Investment Bank | Licensed to kironjiemmanuel@gmail.com | Ref RIB-2EB094A9EE89 | 10/6/2026, 4:40:51 PM | Confidential - redistribution prohibited"
"Nov 15, 2021","91-Day","7.07%","Rock Investment Bank | Licensed to kironjiemmanuel@gmail.com | Ref RIB-2EB094A9EE89 | 10/6/2026, 4:40:51 PM | Confidential - redistribution prohibited"
"Nov 15, 2021","182-Day","7.64%","Rock Investment Bank | Licensed to kironjiemmanuel@gmail.com | Ref RIB-2EB094A9EE89 | 10/6/2026, 4:40:51 PM | Confidential - redistribution prohibited"
"Nov 15, 2021","364-Day","8.74%","Rock Investment Bank | Licensed to kironjiemmanuel@gmail.com | Ref RIB-2EB094A9EE89 | 10/6/2026, 4:40:51 PM | Confidential - redistribution prohibited"
"Nov 22, 2021","91-Day","7.11%","Rock Investment Bank | Licensed to kironjiemmanuel@gmail.com | Ref RIB-2EB094A9EE89 | 10/6/2026, 4:40:51 PM | Confidential - redistribution prohibited"
"Nov 22, 2021","182-Day","7.75%","Rock Investment Bank | Licensed to kironjiemmanuel@gmail.com | Ref RIB-2EB094A9EE89 | 10/6/2026, 4:40:51 PM | Confidential - redistribution prohibited"
"Nov 22, 2021","364-Day","8.84%","Rock Investment Bank | Licensed to kironjiemmanuel@gmail.com | Ref RIB-2EB094A9EE89 | 10/6/2026, 4:40:51 PM | Confidential - redistribution prohibited"
"Nov 29, 2021","91-Day","7.18%","Rock Investment Bank | Licensed to kironjiemmanuel@gmail.com | Ref RIB-2EB094A9EE89 | 10/6/2026, 4:40:51 PM | Confidential - redistribution prohibited"
"Nov 29, 2021","182-Day","7.83%","Rock Investment Bank | Licensed to kironjiemmanuel@gmail.com | Ref RIB-2EB094A9EE89 | 10/6/2026, 4:40:51 PM | Confidential - redistribution prohibited"
"Nov 29, 2021","364-Day","8.94%","Rock Investment Bank | Licensed to kironjiemmanuel@gmail.com | Ref RIB-2EB094A9EE89 | 10/6/2026, 4:40:51 PM | Confidential - redistribution prohibited"
"Dec 6, 2021","91-Day","7.23%","Rock Investment Bank | Licensed to kironjiemmanuel@gmail.com | Ref RIB-2EB094A9EE89 | 10/6/2026, 4:40:51 PM | Confidential - redistribution prohibited"
"Dec 6, 2021","182-Day","7.85%","Rock Investment Bank | Licensed to kironjiemmanuel@gmail.com | Ref RIB-2EB094A9EE89 | 10/6/2026, 4:40:51 PM | Confidential - redistribution prohibited"
"Dec 6, 2021","364-Day","9.02%","Rock Investment Bank | Licensed to kironjiemmanuel@gmail.com | Ref RIB-2EB094A9EE89 | 10/6/2026, 4:40:51 PM | Confidential - redistribution prohibited"
"Dec 13, 2021","91-Day","7.28%","Rock Investment Bank | Licensed to kironjiemmanuel@gmail.com | Ref RIB-2EB094A9EE89 | 10/6/2026, 4:40:51 PM | Confidential - redistribution prohibited"
"Dec 13, 2021","182-Day","7.98%","Rock Investment Bank | Licensed to kironjiemmanuel@gmail.com | Ref RIB-2EB094A9EE89 | 10/6/2026, 4:40:51 PM | Confidential - redistribution prohibited"
"Dec 13, 2021","364-Day","9.09%","Rock Investment Bank | Licensed to kironjiemmanuel@gmail.com | Ref RIB-2EB094A9EE89 | 10/6/2026, 4:40:51 PM | Confidential - redistribution prohibited"
"Dec 20, 2021","91-Day","7.27%","Rock Investment Bank | Licensed to kironjiemmanuel@gmail.com | Ref RIB-2EB094A9EE89 | 10/6/2026, 4:40:51 PM | Confidential - redistribution prohibited"
"Dec 20, 2021","182-Day","7.98%","Rock Investment Bank | Licensed to kironjiemmanuel@gmail.com | Ref RIB-2EB094A9EE89 | 10/6/2026, 4:40:51 PM | Confidential - redistribution prohibited"
"Dec 20, 2021","364-Day","9.16%","Rock Investment Bank | Licensed to kironjiemmanuel@gmail.com | Ref RIB-2EB094A9EE89 | 10/6/2026, 4:40:51 PM | Confidential - redistribution prohibited"
"Dec 27, 2021","91-Day","7.26%","Rock Investment Bank | Licensed to kironjiemmanuel@gmail.com | Ref RIB-2EB094A9EE89 | 10/6/2026, 4:40:51 PM | Confidential - redistribution prohibited"
"Dec 27, 2021","182-Day","7.98%","Rock Investment Bank | Licensed to kironjiemmanuel@gmail.com | Ref RIB-2EB094A9EE89 | 10/6/2026, 4:40:51 PM | Confidential - redistribution prohibited"
"Dec 27, 2021","364-Day","9.26%","Rock Investment Bank | Licensed to kironjiemmanuel@gmail.com | Ref RIB-2EB094A9EE89 | 10/6/2026, 4:40:51 PM | Confidential - redistribution prohibited"
"Jan 3, 2022","91-Day","7.27%","Rock Investment Bank | Licensed to kironjiemmanuel@gmail.com | Ref RIB-2EB094A9EE89 | 10/6/2026, 4:40:51 PM | Confidential - redistribution prohibited"
"Jan 3, 2022","182-Day","8.09%","Rock Investment Bank | Licensed to kironjiemmanuel@gmail.com | Ref RIB-2EB094A9EE89 | 10/6/2026, 4:40:51 PM | Confidential - redistribution prohibited"
"Jan 3, 2022","364-Day","9.37%","Rock Investment Bank | Licensed to kironjiemmanuel@gmail.com | Ref RIB-2EB094A9EE89 | 10/6/2026, 4:40:51 PM | Confidential - redistribution prohibited"
"Jan 10, 2022","91-Day","7.34%","Rock Investment Bank | Licensed to kironjiemmanuel@gmail.com | Ref RIB-2EB094A9EE89 | 10/6/2026, 4:40:51 PM | Confidential - redistribution prohibited"
"Jan 10, 2022","182-Day","8.04%","Rock Investment Bank | Licensed to kironjiemmanuel@gmail.com | Ref RIB-2EB094A9EE89 | 10/6/2026, 4:40:51 PM | Confidential - redistribution prohibited"
"Jan 10, 2022","364-Day","9.45%","Rock Investment Bank | Licensed to kironjiemmanuel@gmail.com | Ref RIB-2EB094A9EE89 | 10/6/2026, 4:40:51 PM | Confidential - redistribution prohibited"
"Jan 17, 2022","91-Day","7.31%","Rock Investment Bank | Licensed to kironjiemmanuel@gmail.com | Ref RIB-2EB094A9EE89 | 10/6/2026, 4:40:51 PM | Confidential - redistribution prohibited"
"Jan 17, 2022","182-Day","8.08%","Rock Investment Bank | Licensed to kironjiemmanuel@gmail.com | Ref RIB-2EB094A9EE89 | 10/6/2026, 4:40:51 PM | Confidential - redistribution prohibited"
"Jan 17, 2022","364-Day","9.47%","Rock Investment Bank | Licensed to kironjiemmanuel@gmail.com | Ref RIB-2EB094A9EE89 | 10/6/2026, 4:40:51 PM | Confidential - redistribution prohibited"
"Jan 24, 2022","91-Day","7.33%","Rock Investment Bank | Licensed to kironjiemmanuel@gmail.com | Ref RIB-2EB094A9EE89 | 10/6/2026, 4:40:51 PM | Confidential - redistribution prohibited"
"Jan 24, 2022","182-Day","8.07%","Rock Investment Bank | Licensed to kironjiemmanuel@gmail.com | Ref RIB-2EB094A9EE89 | 10/6/2026, 4:40:51 PM | Confidential - redistribution prohibited"
"Jan 24, 2022","364-Day","9.51%","Rock Investment Bank | Licensed to kironjiemmanuel@gmail.com | Ref RIB-2EB094A9EE89 | 10/6/2026, 4:40:51 PM | Confidential - redistribution prohibited"
"Jan 31, 2022","91-Day","7.34%","Rock Investment Bank | Licensed to kironjiemmanuel@gmail.com | Ref RIB-2EB094A9EE89 | 10/6/2026, 4:40:51 PM | Confidential - redistribution prohibited"
"Jan 31, 2022","182-Day","8.11%","Rock Investment Bank | Licensed to kironjiemmanuel@gmail.com | Ref RIB-2EB094A9EE89 | 10/6/2026, 4:40:51 PM | Confidential - redistribution prohibited"
"Jan 31, 2022","364-Day","9.54%","Rock Investment Bank | Licensed to kironjiemmanuel@gmail.com | Ref RIB-2EB094A9EE89 | 10/6/2026, 4:40:51 PM | Confidential - redistribution prohibited"
"Feb 7, 2022","91-Day","7.32%","Rock Investment Bank | Licensed to kironjiemmanuel@gmail.com | Ref RIB-2EB094A9EE89 | 10/6/2026, 4:40:51 PM | Confidential - redistribution prohibited"
"Feb 7, 2022","182-Day","8.09%","Rock Investment Bank | Licensed to kironjiemmanuel@gmail.com | Ref RIB-2EB094A9EE89 | 10/6/2026, 4:40:51 PM | Confidential - redistribution prohibited"
"Feb 7, 2022","364-Day","9.59%","Rock Investment Bank | Licensed to kironjiemmanuel@gmail.com | Ref RIB-2EB094A9EE89 | 10/6/2026, 4:40:51 PM | Confidential - redistribution prohibited"
"Feb 14, 2022","91-Day","7.29%","Rock Investment Bank | Licensed to kironjiemmanuel@gmail.com | Ref RIB-2EB094A9EE89 | 10/6/2026, 4:40:51 PM | Confidential - redistribution prohibited"
"Feb 14, 2022","182-Day","8.11%","Rock Investment Bank | Licensed to kironjiemmanuel@gmail.com | Ref RIB-2EB094A9EE89 | 10/6/2026, 4:40:51 PM | Confidential - redistribution prohibited"
"Feb 14, 2022","364-Day","9.67%","Rock Investment Bank | Licensed to kironjiemmanuel@gmail.com | Ref RIB-2EB094A9EE89 | 10/6/2026, 4:40:51 PM | Confidential - redistribution prohibited"
"Feb 21, 2022","91-Day","7.25%","Rock Investment Bank | Licensed to kironjiemmanuel@gmail.com | Ref RIB-2EB094A9EE89 | 10/6/2026, 4:40:51 PM | Confidential - redistribution prohibited"
"Feb 21, 2022","182-Day","8.08%","Rock Investment Bank | Licensed to kironjiemmanuel@gmail.com | Ref RIB-2EB094A9EE89 | 10/6/2026, 4:40:51 PM | Confidential - redistribution prohibited"
"Feb 21, 2022","364-Day","9.72%","Rock Investment Bank | Licensed to kironjiemmanuel@gmail.com | Ref RIB-2EB094A9EE89 | 10/6/2026, 4:40:51 PM | Confidential - redistribution prohibited"
"Feb 28, 2022","91-Day","7.25%","Rock Investment Bank | Licensed to kironjiemmanuel@gmail.com | Ref RIB-2EB094A9EE89 | 10/6/2026, 4:40:51 PM | Confidential - redistribution prohibited"
"Feb 28, 2022","182-Day","8.06%","Rock Investment Bank | Licensed to kironjiemmanuel@gmail.com | Ref RIB-2EB094A9EE89 | 10/6/2026, 4:40:51 PM | Confidential - redistribution prohibited"
"Feb 28, 2022","364-Day","9.76%","Rock Investment Bank | Licensed to kironjiemmanuel@gmail.com | Ref RIB-2EB094A9EE89 | 10/6/2026, 4:40:51 PM | Confidential - redistribution prohibited"
"Mar 7, 2022","91-Day","7.27%","Rock Investment Bank | Licensed to kironjiemmanuel@gmail.com | Ref RIB-2EB094A9EE89 | 10/6/2026, 4:40:51 PM | Confidential - redistribution prohibited"
"Mar 7, 2022","182-Day","8.06%","Rock Investment Bank | Licensed to kironjiemmanuel@gmail.com | Ref RIB-2EB094A9EE89 | 10/6/2026, 4:40:51 PM | Confidential - redistribution prohibited"
"Mar 7, 2022","364-Day","9.77%","Rock Investment Bank | Licensed to kironjiemmanuel@gmail.com | Ref RIB-2EB094A9EE89 | 10/6/2026, 4:40:51 PM | Confidential - redistribution prohibited"
"Mar 14, 2022","91-Day","7.21%","Rock Investment Bank | Licensed to kironjiemmanuel@gmail.com | Ref RIB-2EB094A9EE89 | 10/6/2026, 4:40:51 PM | Confidential - redistribution prohibited"
"Mar 14, 2022","182-Day","8.03%","Rock Investment Bank | Licensed to kironjiemmanuel@gmail.com | Ref RIB-2EB094A9EE89 | 10/6/2026, 4:40:51 PM | Confidential - redistribution prohibited"
"Mar 14, 2022","364-Day","9.77%","Rock Investment Bank | Licensed to kironjiemmanuel@gmail.com | Ref RIB-2EB094A9EE89 | 10/6/2026, 4:40:51 PM | Confidential - redistribution prohibited"
"Mar 21, 2022","91-Day","7.25%","Rock Investment Bank | Licensed to kironjiemmanuel@gmail.com | Ref RIB-2EB094A9EE89 | 10/6/2026, 4:40:51 PM | Confidential - redistribution prohibited"
"Mar 21, 2022","182-Day","8.09%","Rock Investment Bank | Licensed to kironjiemmanuel@gmail.com | Ref RIB-2EB094A9EE89 | 10/6/2026, 4:40:51 PM | Confidential - redistribution prohibited"
"Mar 21, 2022","364-Day","9.76%","Rock Investment Bank | Licensed to kironjiemmanuel@gmail.com | Ref RIB-2EB094A9EE89 | 10/6/2026, 4:40:51 PM | Confidential - redistribution prohibited"
"Mar 28, 2022","91-Day","7.28%","Rock Investment Bank | Licensed to kironjiemmanuel@gmail.com | Ref RIB-2EB094A9EE89 | 10/6/2026, 4:40:51 PM | Confidential - redistribution prohibited"
"Mar 28, 2022","182-Day","8.13%","Rock Investment Bank | Licensed to kironjiemmanuel@gmail.com | Ref RIB-2EB094A9EE89 | 10/6/2026, 4:40:51 PM | Confidential - redistribution prohibited"
"Mar 28, 2022","364-Day","9.77%","Rock Investment Bank | Licensed to kironjiemmanuel@gmail.com | Ref RIB-2EB094A9EE89 | 10/6/2026, 4:40:51 PM | Confidential - redistribution prohibited"
"Apr 4, 2022","91-Day","7.30%","Rock Investment Bank | Licensed to kironjiemmanuel@gmail.com | Ref RIB-2EB094A9EE89 | 10/6/2026, 4:40:51 PM | Confidential - redistribution prohibited"
"Apr 4, 2022","182-Day","8.16%","Rock Investment Bank | Licensed to kironjiemmanuel@gmail.com | Ref RIB-2EB094A9EE89 | 10/6/2026, 4:40:51 PM | Confidential - redistribution prohibited"
"Apr 4, 2022","364-Day","9.75%","Rock Investment Bank | Licensed to kironjiemmanuel@gmail.com | Ref RIB-2EB094A9EE89 | 10/6/2026, 4:40:51 PM | Confidential - redistribution prohibited"
"Apr 11, 2022","91-Day","7.38%","Rock Investment Bank | Licensed to kironjiemmanuel@gmail.com | Ref RIB-2EB094A9EE89 | 10/6/2026, 4:40:51 PM | Confidential - redistribution prohibited"
"Apr 11, 2022","182-Day","8.22%","Rock Investment Bank | Licensed to kironjiemmanuel@gmail.com | Ref RIB-2EB094A9EE89 | 10/6/2026, 4:40:51 PM | Confidential - redistribution prohibited"
"Apr 11, 2022","364-Day","9.74%","Rock Investment Bank | Licensed to kironjiemmanuel@gmail.com | Ref RIB-2EB094A9EE89 | 10/6/2026, 4:40:51 PM | Confidential - redistribution prohibited"
"Apr 18, 2022","91-Day","7.42%","Rock Investment Bank | Licensed to kironjiemmanuel@gmail.com | Ref RIB-2EB094A9EE89 | 10/6/2026, 4:40:51 PM | Confidential - redistribution prohibited"
"Apr 18, 2022","182-Day","8.31%","Rock Investment Bank | Licensed to kironjiemmanuel@gmail.com | Ref RIB-2EB094A9EE89 | 10/6/2026, 4:40:51 PM | Confidential - redistribution prohibited"
"Apr 18, 2022","364-Day","9.74%","Rock Investment Bank | Licensed to kironjiemmanuel@gmail.com | Ref RIB-2EB094A9EE89 | 10/6/2026, 4:40:51 PM | Confidential - redistribution prohibited"
"Apr 25, 2022","91-Day","7.45%","Rock Investment Bank | Licensed to kironjiemmanuel@gmail.com | Ref RIB-2EB094A9EE89 | 10/6/2026, 4:40:51 PM | Confidential - redistribution prohibited"
"Apr 25, 2022","182-Day","8.37%","Rock Investment Bank | Licensed to kironjiemmanuel@gmail.com | Ref RIB-2EB094A9EE89 | 10/6/2026, 4:40:51 PM | Confidential - redistribution prohibited"
"Apr 25, 2022","364-Day","9.75%","Rock Investment Bank | Licensed to kironjiemmanuel@gmail.com | Ref RIB-2EB094A9EE89 | 10/6/2026, 4:40:51 PM | Confidential - redistribution prohibited"
"May 2, 2022","91-Day","7.50%","Rock Investment Bank | Licensed to kironjiemmanuel@gmail.com | Ref RIB-2EB094A9EE89 | 10/6/2026, 4:40:51 PM | Confidential - redistribution prohibited"
"May 2, 2022","182-Day","8.46%","Rock Investment Bank | Licensed to kironjiemmanuel@gmail.com | Ref RIB-2EB094A9EE89 | 10/6/2026, 4:40:51 PM | Confidential - redistribution prohibited"
"May 2, 2022","364-Day","9.78%","Rock Investment Bank | Licensed to kironjiemmanuel@gmail.com | Ref RIB-2EB094A9EE89 | 10/6/2026, 4:40:51 PM | Confidential - redistribution prohibited"
"May 9, 2022","91-Day","7.58%","Rock Investment Bank | Licensed to kironjiemmanuel@gmail.com | Ref RIB-2EB094A9EE89 | 10/6/2026, 4:40:51 PM | Confidential - redistribution prohibited"
"May 9, 2022","182-Day","8.54%","Rock Investment Bank | Licensed to kironjiemmanuel@gmail.com | Ref RIB-2EB094A9EE89 | 10/6/2026, 4:40:51 PM | Confidential - redistribution prohibited"
"May 9, 2022","364-Day","9.84%","Rock Investment Bank | Licensed to kironjiemmanuel@gmail.com | Ref RIB-2EB094A9EE89 | 10/6/2026, 4:40:51 PM | Confidential - redistribution prohibited"
"May 16, 2022","91-Day","7.68%","Rock Investment Bank | Licensed to kironjiemmanuel@gmail.com | Ref RIB-2EB094A9EE89 | 10/6/2026, 4:40:51 PM | Confidential - redistribution prohibited"
"May 16, 2022","182-Day","8.72%","Rock Investment Bank | Licensed to kironjiemmanuel@gmail.com | Ref RIB-2EB094A9EE89 | 10/6/2026, 4:40:51 PM | Confidential - redistribution prohibited"
"May 16, 2022","364-Day","9.86%","Rock Investment Bank | Licensed to kironjiemmanuel@gmail.com | Ref RIB-2EB094A9EE89 | 10/6/2026, 4:40:51 PM | Confidential - redistribution prohibited"
"May 23, 2022","91-Day","7.76%","Rock Investment Bank | Licensed to kironjiemmanuel@gmail.com | Ref RIB-2EB094A9EE89 | 10/6/2026, 4:40:51 PM | Confidential - redistribution prohibited"
"May 23, 2022","182-Day","8.83%","Rock Investment Bank | Licensed to kironjiemmanuel@gmail.com | Ref RIB-2EB094A9EE89 | 10/6/2026, 4:40:51 PM | Confidential - redistribution prohibited"
"May 23, 2022","364-Day","9.88%","Rock Investment Bank | Licensed to kironjiemmanuel@gmail.com | Ref RIB-2EB094A9EE89 | 10/6/2026, 4:40:51 PM | Confidential - redistribution prohibited"
"May 30, 2022","91-Day","7.74%","Rock Investment Bank | Licensed to kironjiemmanuel@gmail.com | Ref RIB-2EB094A9EE89 | 10/6/2026, 4:40:51 PM | Confidential - redistribution prohibited"
"May 30, 2022","182-Day","8.90%","Rock Investment Bank | Licensed to kironjiemmanuel@gmail.com | Ref RIB-2EB094A9EE89 | 10/6/2026, 4:40:51 PM | Confidential - redistribution prohibited"
"May 30, 2022","364-Day","9.88%","Rock Investment Bank | Licensed to kironjiemmanuel@gmail.com | Ref RIB-2EB094A9EE89 | 10/6/2026, 4:40:51 PM | Confidential - redistribution prohibited"
"Jun 6, 2022","91-Day","7.81%","Rock Investment Bank | Licensed to kironjiemmanuel@gmail.com | Ref RIB-2EB094A9EE89 | 10/6/2026, 4:40:51 PM | Confidential - redistribution prohibited"
"Jun 6, 2022","182-Day","8.97%","Rock Investment Bank | Licensed to kironjiemmanuel@gmail.com | Ref RIB-2EB094A9EE89 | 10/6/2026, 4:40:51 PM | Confidential - redistribution prohibited"
"Jun 6, 2022","364-Day","9.93%","Rock Investment Bank | Licensed to kironjiemmanuel@gmail.com | Ref RIB-2EB094A9EE89 | 10/6/2026, 4:40:51 PM | Confidential - redistribution prohibited"
"Jun 13, 2022","91-Day","7.87%","Rock Investment Bank | Licensed to kironjiemmanuel@gmail.com | Ref RIB-2EB094A9EE89 | 10/6/2026, 4:40:51 PM | Confidential - redistribution prohibited"
"Jun 13, 2022","182-Day","9.04%","Rock Investment Bank | Licensed to kironjiemmanuel@gmail.com | Ref RIB-2EB094A9EE89 | 10/6/2026, 4:40:51 PM | Confidential - redistribution prohibited"
"Jun 13, 2022","364-Day","9.95%","Rock Investment Bank | Licensed to kironjiemmanuel@gmail.com | Ref RIB-2EB094A9EE89 | 10/6/2026, 4:40:51 PM | Confidential - redistribution prohibited"
"Jun 20, 2022","91-Day","7.92%","Rock Investment Bank | Licensed to kironjiemmanuel@gmail.com | Ref RIB-2EB094A9EE89 | 10/6/2026, 4:40:51 PM | Confidential - redistribution prohibited"
"Jun 20, 2022","182-Day","9.10%","Rock Investment Bank | Licensed to kironjiemmanuel@gmail.com | Ref RIB-2EB094A9EE89 | 10/6/2026, 4:40:51 PM | Confidential - redistribution prohibited"
"Jun 20, 2022","364-Day","9.96%","Rock Investment Bank | Licensed to kironjiemmanuel@gmail.com | Ref RIB-2EB094A9EE89 | 10/6/2026, 4:40:51 PM | Confidential - redistribution prohibited"
"Jun 27, 2022","91-Day","8.01%","Rock Investment Bank | Licensed to kironjiemmanuel@gmail.com | Ref RIB-2EB094A9EE89 | 10/6/2026, 4:40:51 PM | Confidential - redistribution prohibited"
"Jun 27, 2022","182-Day","9.16%","Rock Investment Bank | Licensed to kironjiemmanuel@gmail.com | Ref RIB-2EB094A9EE89 | 10/6/2026, 4:40:51 PM | Confidential - redistribution prohibited"
"Jun 27, 2022","364-Day","9.97%","Rock Investment Bank | Licensed to kironjiemmanuel@gmail.com | Ref RIB-2EB094A9EE89 | 10/6/2026, 4:40:51 PM | Confidential - redistribution prohibited"
"Jul 4, 2022","91-Day","8.10%","Rock Investment Bank | Licensed to kironjiemmanuel@gmail.com | Ref RIB-2EB094A9EE89 | 10/6/2026, 4:40:51 PM | Confidential - redistribution prohibited"
"Jul 4, 2022","182-Day","9.20%","Rock Investment Bank | Licensed to kironjiemmanuel@gmail.com | Ref RIB-2EB094A9EE89 | 10/6/2026, 4:40:51 PM | Confidential - redistribution prohibited"
"Jul 4, 2022","364-Day","9.98%","Rock Investment Bank | Licensed to kironjiemmanuel@gmail.com | Ref RIB-2EB094A9EE89 | 10/6/2026, 4:40:51 PM | Confidential - redistribution prohibited"
"Jul 11, 2022","91-Day","8.17%","Rock Investment Bank | Licensed to kironjiemmanuel@gmail.com | Ref RIB-2EB094A9EE89 | 10/6/2026, 4:40:51 PM | Confidential - redistribution prohibited"
"Jul 11, 2022","182-Day","9.23%","Rock Investment Bank | Licensed to kironjiemmanuel@gmail.com | Ref RIB-2EB094A9EE89 | 10/6/2026, 4:40:51 PM | Confidential - redistribution prohibited"
"Jul 11, 2022","364-Day","9.98%","Rock Investment Bank | Licensed to kironjiemmanuel@gmail.com | Ref RIB-2EB094A9EE89 | 10/6/2026, 4:40:51 PM | Confidential - redistribution prohibited"
"Jul 18, 2022","91-Day","8.25%","Rock Investment Bank | Licensed to kironjiemmanuel@gmail.com | Ref RIB-2EB094A9EE89 | 10/6/2026, 4:40:51 PM | Confidential - redistribution prohibited"
"Jul 18, 2022","182-Day","9.30%","Rock Investment Bank | Licensed to kironjiemmanuel@gmail.com | Ref RIB-2EB094A9EE89 | 10/6/2026, 4:40:51 PM | Confidential - redistribution prohibited"
"Jul 18, 2022","364-Day","9.99%","Rock Investment Bank | Licensed to kironjiemmanuel@gmail.com | Ref RIB-2EB094A9EE89 | 10/6/2026, 4:40:51 PM | Confidential - redistribution prohibited"
"Jul 25, 2022","91-Day","8.32%","Rock Investment Bank | Licensed to kironjiemmanuel@gmail.com | Ref RIB-2EB094A9EE89 | 10/6/2026, 4:40:51 PM | Confidential - redistribution prohibited"
"Jul 25, 2022","182-Day","9.39%","Rock Investment Bank | Licensed to kironjiemmanuel@gmail.com | Ref RIB-2EB094A9EE89 | 10/6/2026, 4:40:51 PM | Confidential - redistribution prohibited"
"Jul 25, 2022","364-Day","9.97%","Rock Investment Bank | Licensed to kironjiemmanuel@gmail.com | Ref RIB-2EB094A9EE89 | 10/6/2026, 4:40:51 PM | Confidential - redistribution prohibited"
"Aug 1, 2022","91-Day","8.40%","Rock Investment Bank | Licensed to kironjiemmanuel@gmail.com | Ref RIB-2EB094A9EE89 | 10/6/2026, 4:40:51 PM | Confidential - redistribution prohibited"
"Aug 1, 2022","182-Day","9.39%","Rock Investment Bank | Licensed to kironjiemmanuel@gmail.com | Ref RIB-2EB094A9EE89 | 10/6/2026, 4:40:51 PM | Confidential - redistribution prohibited"
"Aug 1, 2022","364-Day","9.95%","Rock Investment Bank | Licensed to kironjiemmanuel@gmail.com | Ref RIB-2EB094A9EE89 | 10/6/2026, 4:40:51 PM | Confidential - redistribution prohibited"
"Aug 8, 2022","91-Day","8.47%","Rock Investment Bank | Licensed to kironjiemmanuel@gmail.com | Ref RIB-2EB094A9EE89 | 10/6/2026, 4:40:51 PM | Confidential - redistribution prohibited"
"Aug 8, 2022","182-Day","9.40%","Rock Investment Bank | Licensed to kironjiemmanuel@gmail.com | Ref RIB-2EB094A9EE89 | 10/6/2026, 4:40:51 PM | Confidential - redistribution prohibited"
"Aug 8, 2022","364-Day","9.93%","Rock Investment Bank | Licensed to kironjiemmanuel@gmail.com | Ref RIB-2EB094A9EE89 | 10/6/2026, 4:40:51 PM | Confidential - redistribution prohibited"
"Aug 15, 2022","91-Day","8.57%","Rock Investment Bank | Licensed to kironjiemmanuel@gmail.com | Ref RIB-2EB094A9EE89 | 10/6/2026, 4:40:51 PM | Confidential - redistribution prohibited"
"Aug 15, 2022","182-Day","9.43%","Rock Investment Bank | Licensed to kironjiemmanuel@gmail.com | Ref RIB-2EB094A9EE89 | 10/6/2026, 4:40:51 PM | Confidential - redistribution prohibited"
"Aug 15, 2022","364-Day","9.92%","Rock Investment Bank | Licensed to kironjiemmanuel@gmail.com | Ref RIB-2EB094A9EE89 | 10/6/2026, 4:40:51 PM | Confidential - redistribution prohibited"
"Aug 22, 2022","91-Day","8.67%","Rock Investment Bank | Licensed to kironjiemmanuel@gmail.com | Ref RIB-2EB094A9EE89 | 10/6/2026, 4:40:51 PM | Confidential - redistribution prohibited"
"Aug 22, 2022","182-Day","9.49%","Rock Investment Bank | Licensed to kironjiemmanuel@gmail.com | Ref RIB-2EB094A9EE89 | 10/6/2026, 4:40:51 PM | Confidential - redistribution prohibited"
"Aug 22, 2022","364-Day","9.91%","Rock Investment Bank | Licensed to kironjiemmanuel@gmail.com | Ref RIB-2EB094A9EE89 | 10/6/2026, 4:40:51 PM | Confidential - redistribution prohibited"
"Aug 29, 2022","91-Day","8.77%","Rock Investment Bank | Licensed to kironjiemmanuel@gmail.com | Ref RIB-2EB094A9EE89 | 10/6/2026, 4:40:51 PM | Confidential - redistribution prohibited"
"Aug 29, 2022","182-Day","9.53%","Rock Investment Bank | Licensed to kironjiemmanuel@gmail.com | Ref RIB-2EB094A9EE89 | 10/6/2026, 4:40:51 PM | Confidential - redistribution prohibited"
"Aug 29, 2022","364-Day","9.91%","Rock Investment Bank | Licensed to kironjiemmanuel@gmail.com | Ref RIB-2EB094A9EE89 | 10/6/2026, 4:40:51 PM | Confidential - redistribution prohibited"
"Sep 5, 2022","91-Day","8.86%","Rock Investment Bank | Licensed to kironjiemmanuel@gmail.com | Ref RIB-2EB094A9EE89 | 10/6/2026, 4:40:51 PM | Confidential - redistribution prohibited"
"Sep 5, 2022","182-Day","9.58%","Rock Investment Bank | Licensed to kironjiemmanuel@gmail.com | Ref RIB-2EB094A9EE89 | 10/6/2026, 4:40:51 PM | Confidential - redistribution prohibited"
"Sep 5, 2022","364-Day","9.88%","Rock Investment Bank | Licensed to kironjiemmanuel@gmail.com | Ref RIB-2EB094A9EE89 | 10/6/2026, 4:40:51 PM | Confidential - redistribution prohibited"
"Sep 12, 2022","91-Day","8.91%","Rock Investment Bank | Licensed to kironjiemmanuel@gmail.com | Ref RIB-2EB094A9EE89 | 10/6/2026, 4:40:51 PM | Confidential - redistribution prohibited"
"Sep 12, 2022","182-Day","9.60%","Rock Investment Bank | Licensed to kironjiemmanuel@gmail.com | Ref RIB-2EB094A9EE89 | 10/6/2026, 4:40:51 PM | Confidential - redistribution prohibited"
"Sep 12, 2022","364-Day","9.92%","Rock Investment Bank | Licensed to kironjiemmanuel@gmail.com | Ref RIB-2EB094A9EE89 | 10/6/2026, 4:40:51 PM | Confidential - redistribution prohibited"
"Sep 19, 2022","91-Day","8.95%","Rock Investment Bank | Licensed to kironjiemmanuel@gmail.com | Ref RIB-2EB094A9EE89 | 10/6/2026, 4:40:51 PM | Confidential - redistribution prohibited"
"Sep 19, 2022","182-Day","9.62%","Rock Investment Bank | Licensed to kironjiemmanuel@gmail.com | Ref RIB-2EB094A9EE89 | 10/6/2026, 4:40:51 PM | Confidential - redistribution prohibited"
"Sep 19, 2022","364-Day","9.91%","Rock Investment Bank | Licensed to kironjiemmanuel@gmail.com | Ref RIB-2EB094A9EE89 | 10/6/2026, 4:40:51 PM | Confidential - redistribution prohibited"
"Sep 26, 2022","91-Day","8.95%","Rock Investment Bank | Licensed to kironjiemmanuel@gmail.com | Ref RIB-2EB094A9EE89 | 10/6/2026, 4:40:51 PM | Confidential - redistribution prohibited"
"Sep 26, 2022","182-Day","9.63%","Rock Investment Bank | Licensed to kironjiemmanuel@gmail.com | Ref RIB-2EB094A9EE89 | 10/6/2026, 4:40:51 PM | Confidential - redistribution prohibited"
"Sep 26, 2022","364-Day","9.91%","Rock Investment Bank | Licensed to kironjiemmanuel@gmail.com | Ref RIB-2EB094A9EE89 | 10/6/2026, 4:40:51 PM | Confidential - redistribution prohibited"
"Oct 3, 2022","91-Day","8.95%","Rock Investment Bank | Licensed to kironjiemmanuel@gmail.com | Ref RIB-2EB094A9EE89 | 10/6/2026, 4:40:51 PM | Confidential - redistribution prohibited"
"Oct 3, 2022","182-Day","9.63%","Rock Investment Bank | Licensed to kironjiemmanuel@gmail.com | Ref RIB-2EB094A9EE89 | 10/6/2026, 4:40:51 PM | Confidential - redistribution prohibited"
"Oct 3, 2022","364-Day","9.90%","Rock Investment Bank | Licensed to kironjiemmanuel@gmail.com | Ref RIB-2EB094A9EE89 | 10/6/2026, 4:40:51 PM | Confidential - redistribution prohibited"
"Oct 10, 2022","91-Day","9.04%","Rock Investment Bank | Licensed to kironjiemmanuel@gmail.com | Ref RIB-2EB094A9EE89 | 10/6/2026, 4:40:51 PM | Confidential - redistribution prohibited"
"Oct 10, 2022","182-Day","9.64%","Rock Investment Bank | Licensed to kironjiemmanuel@gmail.com | Ref RIB-2EB094A9EE89 | 10/6/2026, 4:40:51 PM | Confidential - redistribution prohibited"
"Oct 10, 2022","364-Day","9.90%","Rock Investment Bank | Licensed to kironjiemmanuel@gmail.com | Ref RIB-2EB094A9EE89 | 10/6/2026, 4:40:51 PM | Confidential - redistribution prohibited"
"Oct 17, 2022","91-Day","9.06%","Rock Investment Bank | Licensed to kironjiemmanuel@gmail.com | Ref RIB-2EB094A9EE89 | 10/6/2026, 4:40:51 PM | Confidential - redistribution prohibited"
"Oct 17, 2022","182-Day","9.66%","Rock Investment Bank | Licensed to kironjiemmanuel@gmail.com | Ref RIB-2EB094A9EE89 | 10/6/2026, 4:40:51 PM | Confidential - redistribution prohibited"
"Oct 17, 2022","364-Day","9.91%","Rock Investment Bank | Licensed to kironjiemmanuel@gmail.com | Ref RIB-2EB094A9EE89 | 10/6/2026, 4:40:51 PM | Confidential - redistribution prohibited"
"Oct 24, 2022","91-Day","9.10%","Rock Investment Bank | Licensed to kironjiemmanuel@gmail.com | Ref RIB-2EB094A9EE89 | 10/6/2026, 4:40:51 PM | Confidential - redistribution prohibited"
"Oct 24, 2022","182-Day","9.66%","Rock Investment Bank | Licensed to kironjiemmanuel@gmail.com | Ref RIB-2EB094A9EE89 | 10/6/2026, 4:40:51 PM | Confidential - redistribution prohibited"
"Oct 24, 2022","364-Day","9.93%","Rock Investment Bank | Licensed to kironjiemmanuel@gmail.com | Ref RIB-2EB094A9EE89 | 10/6/2026, 4:40:51 PM | Confidential - redistribution prohibited"
"Oct 31, 2022","91-Day","9.13%","Rock Investment Bank | Licensed to kironjiemmanuel@gmail.com | Ref RIB-2EB094A9EE89 | 10/6/2026, 4:40:51 PM | Confidential - redistribution prohibited"
"Oct 31, 2022","182-Day","9.68%","Rock Investment Bank | Licensed to kironjiemmanuel@gmail.com | Ref RIB-2EB094A9EE89 | 10/6/2026, 4:40:51 PM | Confidential - redistribution prohibited"
"Oct 31, 2022","364-Day","9.96%","Rock Investment Bank | Licensed to kironjiemmanuel@gmail.com | Ref RIB-2EB094A9EE89 | 10/6/2026, 4:40:51 PM | Confidential - redistribution prohibited"
"Nov 7, 2022","91-Day","9.14%","Rock Investment Bank | Licensed to kironjiemmanuel@gmail.com | Ref RIB-2EB094A9EE89 | 10/6/2026, 4:40:51 PM | Confidential - redistribution prohibited"
"Nov 7, 2022","182-Day","9.69%","Rock Investment Bank | Licensed to kironjiemmanuel@gmail.com | Ref RIB-2EB094A9EE89 | 10/6/2026, 4:40:51 PM | Confidential - redistribution prohibited"
"Nov 7, 2022","364-Day","10.11%","Rock Investment Bank | Licensed to kironjiemmanuel@gmail.com | Ref RIB-2EB094A9EE89 | 10/6/2026, 4:40:51 PM | Confidential - redistribution prohibited"
"Nov 14, 2022","91-Day","9.17%","Rock Investment Bank | Licensed to kironjiemmanuel@gmail.com | Ref RIB-2EB094A9EE89 | 10/6/2026, 4:40:51 PM | Confidential - redistribution prohibited"
"Nov 14, 2022","182-Day","9.71%","Rock Investment Bank | Licensed to kironjiemmanuel@gmail.com | Ref RIB-2EB094A9EE89 | 10/6/2026, 4:40:51 PM | Confidential - redistribution prohibited"
"Nov 14, 2022","364-Day","10.19%","Rock Investment Bank | Licensed to kironjiemmanuel@gmail.com | Ref RIB-2EB094A9EE89 | 10/6/2026, 4:40:51 PM | Confidential - redistribution prohibited"
"Nov 21, 2022","91-Day","9.19%","Rock Investment Bank | Licensed to kironjiemmanuel@gmail.com | Ref RIB-2EB094A9EE89 | 10/6/2026, 4:40:51 PM | Confidential - redistribution prohibited"
"Nov 21, 2022","182-Day","9.72%","Rock Investment Bank | Licensed to kironjiemmanuel@gmail.com | Ref RIB-2EB094A9EE89 | 10/6/2026, 4:40:51 PM | Confidential - redistribution prohibited"
"Nov 21, 2022","364-Day","10.18%","Rock Investment Bank | Licensed to kironjiemmanuel@gmail.com | Ref RIB-2EB094A9EE89 | 10/6/2026, 4:40:51 PM | Confidential - redistribution prohibited"
"Nov 28, 2022","91-Day","9.24%","Rock Investment Bank | Licensed to kironjiemmanuel@gmail.com | Ref RIB-2EB094A9EE89 | 10/6/2026, 4:40:51 PM | Confidential - redistribution prohibited"
"Nov 28, 2022","182-Day","9.73%","Rock Investment Bank | Licensed to kironjiemmanuel@gmail.com | Ref RIB-2EB094A9EE89 | 10/6/2026, 4:40:51 PM | Confidential - redistribution prohibited"
"Nov 28, 2022","364-Day","10.22%","Rock Investment Bank | Licensed to kironjiemmanuel@gmail.com | Ref RIB-2EB094A9EE89 | 10/6/2026, 4:40:51 PM | Confidential - redistribution prohibited"
"Dec 5, 2022","91-Day","9.28%","Rock Investment Bank | Licensed to kironjiemmanuel@gmail.com | Ref RIB-2EB094A9EE89 | 10/6/2026, 4:40:51 PM | Confidential - redistribution prohibited"
"Dec 5, 2022","182-Day","9.75%","Rock Investment Bank | Licensed to kironjiemmanuel@gmail.com | Ref RIB-2EB094A9EE89 | 10/6/2026, 4:40:51 PM | Confidential - redistribution prohibited"
"Dec 5, 2022","364-Day","10.22%","Rock Investment Bank | Licensed to kironjiemmanuel@gmail.com | Ref RIB-2EB094A9EE89 | 10/6/2026, 4:40:51 PM | Confidential - redistribution prohibited"
"Dec 12, 2022","91-Day","9.33%","Rock Investment Bank | Licensed to kironjiemmanuel@gmail.com | Ref RIB-2EB094A9EE89 | 10/6/2026, 4:40:51 PM | Confidential - redistribution prohibited"
"Dec 12, 2022","182-Day","9.80%","Rock Investment Bank | Licensed to kironjiemmanuel@gmail.com | Ref RIB-2EB094A9EE89 | 10/6/2026, 4:40:51 PM | Confidential - redistribution prohibited"
"Dec 12, 2022","364-Day","10.24%","Rock Investment Bank | Licensed to kironjiemmanuel@gmail.com | Ref RIB-2EB094A9EE89 | 10/6/2026, 4:40:51 PM | Confidential - redistribution prohibited"
"Dec 19, 2022","91-Day","9.36%","Rock Investment Bank | Licensed to kironjiemmanuel@gmail.com | Ref RIB-2EB094A9EE89 | 10/6/2026, 4:40:51 PM | Confidential - redistribution prohibited"
"Dec 19, 2022","182-Day","9.82%","Rock Investment Bank | Licensed to kironjiemmanuel@gmail.com | Ref RIB-2EB094A9EE89 | 10/6/2026, 4:40:51 PM | Confidential - redistribution prohibited"
"Dec 19, 2022","364-Day","10.30%","Rock Investment Bank | Licensed to kironjiemmanuel@gmail.com | Ref RIB-2EB094A9EE89 | 10/6/2026, 4:40:51 PM | Confidential - redistribution prohibited"
"Dec 26, 2022","91-Day","9.37%","Rock Investment Bank | Licensed to kironjiemmanuel@gmail.com | Ref RIB-2EB094A9EE89 | 10/6/2026, 4:40:51 PM | Confidential - redistribution prohibited"
"Dec 26, 2022","182-Day","9.83%","Rock Investment Bank | Licensed to kironjiemmanuel@gmail.com | Ref RIB-2EB094A9EE89 | 10/6/2026, 4:40:51 PM | Confidential - redistribution prohibited"
"Dec 26, 2022","364-Day","10.31%","Rock Investment Bank | Licensed to kironjiemmanuel@gmail.com | Ref RIB-2EB094A9EE89 | 10/6/2026, 4:40:51 PM | Confidential - redistribution prohibited"
"Jan 2, 2023","91-Day","9.37%","Rock Investment Bank | Licensed to kironjiemmanuel@gmail.com | Ref RIB-2EB094A9EE89 | 10/6/2026, 4:40:51 PM | Confidential - redistribution prohibited"
"Jan 2, 2023","182-Day","9.83%","Rock Investment Bank | Licensed to kironjiemmanuel@gmail.com | Ref RIB-2EB094A9EE89 | 10/6/2026, 4:40:51 PM | Confidential - redistribution prohibited"
"Jan 2, 2023","364-Day","10.31%","Rock Investment Bank | Licensed to kironjiemmanuel@gmail.com | Ref RIB-2EB094A9EE89 | 10/6/2026, 4:40:51 PM | Confidential - redistribution prohibited"
"Jan 9, 2023","91-Day","9.39%","Rock Investment Bank | Licensed to kironjiemmanuel@gmail.com | Ref RIB-2EB094A9EE89 | 10/6/2026, 4:40:51 PM | Confidential - redistribution prohibited"
"Jan 9, 2023","182-Day","9.85%","Rock Investment Bank | Licensed to kironjiemmanuel@gmail.com | Ref RIB-2EB094A9EE89 | 10/6/2026, 4:40:51 PM | Confidential - redistribution prohibited"
"Jan 9, 2023","364-Day","10.37%","Rock Investment Bank | Licensed to kironjiemmanuel@gmail.com | Ref RIB-2EB094A9EE89 | 10/6/2026, 4:40:51 PM | Confidential - redistribution prohibited"
"Jan 16, 2023","91-Day","9.43%","Rock Investment Bank | Licensed to kironjiemmanuel@gmail.com | Ref RIB-2EB094A9EE89 | 10/6/2026, 4:40:51 PM | Confidential - redistribution prohibited"
"Jan 16, 2023","182-Day","9.86%","Rock Investment Bank | Licensed to kironjiemmanuel@gmail.com | Ref RIB-2EB094A9EE89 | 10/6/2026, 4:40:51 PM | Confidential - redistribution prohibited"
"Jan 16, 2023","364-Day","10.43%","Rock Investment Bank | Licensed to kironjiemmanuel@gmail.com | Ref RIB-2EB094A9EE89 | 10/6/2026, 4:40:51 PM | Confidential - redistribution prohibited"
"Jan 23, 2023","91-Day","9.47%","Rock Investment Bank | Licensed to kironjiemmanuel@gmail.com | Ref RIB-2EB094A9EE89 | 10/6/2026, 4:40:51 PM | Confidential - redistribution prohibited"
"Jan 23, 2023","182-Day","9.89%","Rock Investment Bank | Licensed to kironjiemmanuel@gmail.com | Ref RIB-2EB094A9EE89 | 10/6/2026, 4:40:51 PM | Confidential - redistribution prohibited"
"Jan 23, 2023","364-Day","10.47%","Rock Investment Bank | Licensed to kironjiemmanuel@gmail.com | Ref RIB-2EB094A9EE89 | 10/6/2026, 4:40:51 PM | Confidential - redistribution prohibited"
"Jan 30, 2023","91-Day","9.54%","Rock Investment Bank | Licensed to kironjiemmanuel@gmail.com | Ref RIB-2EB094A9EE89 | 10/6/2026, 4:40:51 PM | Confidential - redistribution prohibited"
"Jan 30, 2023","182-Day","9.95%","Rock Investment Bank | Licensed to kironjiemmanuel@gmail.com | Ref RIB-2EB094A9EE89 | 10/6/2026, 4:40:51 PM | Confidential - redistribution prohibited"
"Jan 30, 2023","364-Day","10.50%","Rock Investment Bank | Licensed to kironjiemmanuel@gmail.com | Ref RIB-2EB094A9EE89 | 10/6/2026, 4:40:51 PM | Confidential - redistribution prohibited"
"Feb 6, 2023","91-Day","9.58%","Rock Investment Bank | Licensed to kironjiemmanuel@gmail.com | Ref RIB-2EB094A9EE89 | 10/6/2026, 4:40:51 PM | Confidential - redistribution prohibited"
"Feb 6, 2023","182-Day","10.00%","Rock Investment Bank | Licensed to kironjiemmanuel@gmail.com | Ref RIB-2EB094A9EE89 | 10/6/2026, 4:40:51 PM | Confidential - redistribution prohibited"
"Feb 6, 2023","364-Day","10.55%","Rock Investment Bank | Licensed to kironjiemmanuel@gmail.com | Ref RIB-2EB094A9EE89 | 10/6/2026, 4:40:51 PM | Confidential - redistribution prohibited"
"Feb 13, 2023","91-Day","9.60%","Rock Investment Bank | Licensed to kironjiemmanuel@gmail.com | Ref RIB-2EB094A9EE89 | 10/6/2026, 4:40:51 PM | Confidential - redistribution prohibited"
"Feb 13, 2023","182-Day","10.04%","Rock Investment Bank | Licensed to kironjiemmanuel@gmail.com | Ref RIB-2EB094A9EE89 | 10/6/2026, 4:40:51 PM | Confidential - redistribution prohibited"
"Feb 13, 2023","364-Day","10.60%","Rock Investment Bank | Licensed to kironjiemmanuel@gmail.com | Ref RIB-2EB094A9EE89 | 10/6/2026, 4:40:51 PM | Confidential - redistribution prohibited"
"Feb 20, 2023","91-Day","9.62%","Rock Investment Bank | Licensed to kironjiemmanuel@gmail.com | Ref RIB-2EB094A9EE89 | 10/6/2026, 4:40:51 PM | Confidential - redistribution prohibited"
"Feb 20, 2023","182-Day","10.08%","Rock Investment Bank | Licensed to kironjiemmanuel@gmail.com | Ref RIB-2EB094A9EE89 | 10/6/2026, 4:40:51 PM | Confidential - redistribution prohibited"
"Feb 20, 2023","364-Day","10.64%","Rock Investment Bank | Licensed to kironjiemmanuel@gmail.com | Ref RIB-2EB094A9EE89 | 10/6/2026, 4:40:51 PM | Confidential - redistribution prohibited"
"Feb 27, 2023","91-Day","9.65%","Rock Investment Bank | Licensed to kironjiemmanuel@gmail.com | Ref RIB-2EB094A9EE89 | 10/6/2026, 4:40:51 PM | Confidential - redistribution prohibited"
"Feb 27, 2023","182-Day","10.11%","Rock Investment Bank | Licensed to kironjiemmanuel@gmail.com | Ref RIB-2EB094A9EE89 | 10/6/2026, 4:40:51 PM | Confidential - redistribution prohibited"
"Feb 27, 2023","364-Day","10.68%","Rock Investment Bank | Licensed to kironjiemmanuel@gmail.com | Ref RIB-2EB094A9EE89 | 10/6/2026, 4:40:51 PM | Confidential - redistribution prohibited"
"Mar 6, 2023","91-Day","9.70%","Rock Investment Bank | Licensed to kironjiemmanuel@gmail.com | Ref RIB-2EB094A9EE89 | 10/6/2026, 4:40:51 PM | Confidential - redistribution prohibited"
"Mar 6, 2023","182-Day","10.17%","Rock Investment Bank | Licensed to kironjiemmanuel@gmail.com | Ref RIB-2EB094A9EE89 | 10/6/2026, 4:40:51 PM | Confidential - redistribution prohibited"
"Mar 6, 2023","364-Day","10.68%","Rock Investment Bank | Licensed to kironjiemmanuel@gmail.com | Ref RIB-2EB094A9EE89 | 10/6/2026, 4:40:51 PM | Confidential - redistribution prohibited"
"Mar 13, 2023","91-Day","9.74%","Rock Investment Bank | Licensed to kironjiemmanuel@gmail.com | Ref RIB-2EB094A9EE89 | 10/6/2026, 4:40:51 PM | Confidential - redistribution prohibited"
"Mar 13, 2023","182-Day","10.22%","Rock Investment Bank | Licensed to kironjiemmanuel@gmail.com | Ref RIB-2EB094A9EE89 | 10/6/2026, 4:40:51 PM | Confidential - redistribution prohibited"
"Mar 13, 2023","364-Day","10.75%","Rock Investment Bank | Licensed to kironjiemmanuel@gmail.com | Ref RIB-2EB094A9EE89 | 10/6/2026, 4:40:51 PM | Confidential - redistribution prohibited"
"Mar 20, 2023","91-Day","9.78%","Rock Investment Bank | Licensed to kironjiemmanuel@gmail.com | Ref RIB-2EB094A9EE89 | 10/6/2026, 4:40:51 PM | Confidential - redistribution prohibited"
"Mar 20, 2023","182-Day","10.29%","Rock Investment Bank | Licensed to kironjiemmanuel@gmail.com | Ref RIB-2EB094A9EE89 | 10/6/2026, 4:40:51 PM | Confidential - redistribution prohibited"
"Mar 20, 2023","364-Day","10.78%","Rock Investment Bank | Licensed to kironjiemmanuel@gmail.com | Ref RIB-2EB094A9EE89 | 10/6/2026, 4:40:51 PM | Confidential - redistribution prohibited"
"Mar 27, 2023","91-Day","9.83%","Rock Investment Bank | Licensed to kironjiemmanuel@gmail.com | Ref RIB-2EB094A9EE89 | 10/6/2026, 4:40:51 PM | Confidential - redistribution prohibited"
"Mar 27, 2023","182-Day","10.34%","Rock Investment Bank | Licensed to kironjiemmanuel@gmail.com | Ref RIB-2EB094A9EE89 | 10/6/2026, 4:40:51 PM | Confidential - redistribution prohibited"
"Mar 27, 2023","364-Day","10.79%","Rock Investment Bank | Licensed to kironjiemmanuel@gmail.com | Ref RIB-2EB094A9EE89 | 10/6/2026, 4:40:51 PM | Confidential - redistribution prohibited"
"Apr 3, 2023","91-Day","9.91%","Rock Investment Bank | Licensed to kironjiemmanuel@gmail.com | Ref RIB-2EB094A9EE89 | 10/6/2026, 4:40:51 PM | Confidential - redistribution prohibited"
"Apr 3, 2023","182-Day","10.40%","Rock Investment Bank | Licensed to kironjiemmanuel@gmail.com | Ref RIB-2EB094A9EE89 | 10/6/2026, 4:40:51 PM | Confidential - redistribution prohibited"
"Apr 3, 2023","364-Day","10.80%","Rock Investment Bank | Licensed to kironjiemmanuel@gmail.com | Ref RIB-2EB094A9EE89 | 10/6/2026, 4:40:51 PM | Confidential - redistribution prohibited"
"Apr 10, 2023","91-Day","10.00%","Rock Investment Bank | Licensed to kironjiemmanuel@gmail.com | Ref RIB-2EB094A9EE89 | 10/6/2026, 4:40:51 PM | Confidential - redistribution prohibited"
"Apr 10, 2023","182-Day","10.37%","Rock Investment Bank | Licensed to kironjiemmanuel@gmail.com | Ref RIB-2EB094A9EE89 | 10/6/2026, 4:40:51 PM | Confidential - redistribution prohibited"
"Apr 10, 2023","364-Day","10.86%","Rock Investment Bank | Licensed to kironjiemmanuel@gmail.com | Ref RIB-2EB094A9EE89 | 10/6/2026, 4:40:51 PM | Confidential - redistribution prohibited"
"Apr 17, 2023","91-Day","10.07%","Rock Investment Bank | Licensed to kironjiemmanuel@gmail.com | Ref RIB-2EB094A9EE89 | 10/6/2026, 4:40:51 PM | Confidential - redistribution prohibited"
"Apr 17, 2023","182-Day","10.43%","Rock Investment Bank | Licensed to kironjiemmanuel@gmail.com | Ref RIB-2EB094A9EE89 | 10/6/2026, 4:40:51 PM | Confidential - redistribution prohibited"
"Apr 17, 2023","364-Day","10.93%","Rock Investment Bank | Licensed to kironjiemmanuel@gmail.com | Ref RIB-2EB094A9EE89 | 10/6/2026, 4:40:51 PM | Confidential - redistribution prohibited"
"Apr 24, 2023","91-Day","10.16%","Rock Investment Bank | Licensed to kironjiemmanuel@gmail.com | Ref RIB-2EB094A9EE89 | 10/6/2026, 4:40:51 PM | Confidential - redistribution prohibited"
"Apr 24, 2023","182-Day","10.48%","Rock Investment Bank | Licensed to kironjiemmanuel@gmail.com | Ref RIB-2EB094A9EE89 | 10/6/2026, 4:40:51 PM | Confidential - redistribution prohibited"
"Apr 24, 2023","364-Day","11.06%","Rock Investment Bank | Licensed to kironjiemmanuel@gmail.com | Ref RIB-2EB094A9EE89 | 10/6/2026, 4:40:51 PM | Confidential - redistribution prohibited"
"May 1, 2023","91-Day","10.27%","Rock Investment Bank | Licensed to kironjiemmanuel@gmail.com | Ref RIB-2EB094A9EE89 | 10/6/2026, 4:40:51 PM | Confidential - redistribution prohibited"
"May 1, 2023","182-Day","10.51%","Rock Investment Bank | Licensed to kironjiemmanuel@gmail.com | Ref RIB-2EB094A9EE89 | 10/6/2026, 4:40:51 PM | Confidential - redistribution prohibited"
"May 1, 2023","364-Day","11.12%","Rock Investment Bank | Licensed to kironjiemmanuel@gmail.com | Ref RIB-2EB094A9EE89 | 10/6/2026, 4:40:51 PM | Confidential - redistribution prohibited"
"May 8, 2023","91-Day","10.32%","Rock Investment Bank | Licensed to kironjiemmanuel@gmail.com | Ref RIB-2EB094A9EE89 | 10/6/2026, 4:40:51 PM | Confidential - redistribution prohibited"
"May 8, 2023","182-Day","10.68%","Rock Investment Bank | Licensed to kironjiemmanuel@gmail.com | Ref RIB-2EB094A9EE89 | 10/6/2026, 4:40:51 PM | Confidential - redistribution prohibited"
"May 8, 2023","364-Day","11.17%","Rock Investment Bank | Licensed to kironjiemmanuel@gmail.com | Ref RIB-2EB094A9EE89 | 10/6/2026, 4:40:51 PM | Confidential - redistribution prohibited"
"May 15, 2023","91-Day","10.41%","Rock Investment Bank | Licensed to kironjiemmanuel@gmail.com | Ref RIB-2EB094A9EE89 | 10/6/2026, 4:40:51 PM | Confidential - redistribution prohibited"
"May 15, 2023","182-Day","10.85%","Rock Investment Bank | Licensed to kironjiemmanuel@gmail.com | Ref RIB-2EB094A9EE89 | 10/6/2026, 4:40:51 PM | Confidential - redistribution prohibited"
"May 15, 2023","364-Day","11.27%","Rock Investment Bank | Licensed to kironjiemmanuel@gmail.com | Ref RIB-2EB094A9EE89 | 10/6/2026, 4:40:51 PM | Confidential - redistribution prohibited"
"May 22, 2023","91-Day","10.52%","Rock Investment Bank | Licensed to kironjiemmanuel@gmail.com | Ref RIB-2EB094A9EE89 | 10/6/2026, 4:40:51 PM | Confidential - redistribution prohibited"
"May 22, 2023","182-Day","10.98%","Rock Investment Bank | Licensed to kironjiemmanuel@gmail.com | Ref RIB-2EB094A9EE89 | 10/6/2026, 4:40:51 PM | Confidential - redistribution prohibited"
"May 22, 2023","364-Day","11.39%","Rock Investment Bank | Licensed to kironjiemmanuel@gmail.com | Ref RIB-2EB094A9EE89 | 10/6/2026, 4:40:51 PM | Confidential - redistribution prohibited"
"May 29, 2023","91-Day","10.83%","Rock Investment Bank | Licensed to kironjiemmanuel@gmail.com | Ref RIB-2EB094A9EE89 | 10/6/2026, 4:40:51 PM | Confidential - redistribution prohibited"
"May 29, 2023","182-Day","11.11%","Rock Investment Bank | Licensed to kironjiemmanuel@gmail.com | Ref RIB-2EB094A9EE89 | 10/6/2026, 4:40:51 PM | Confidential - redistribution prohibited"
"May 29, 2023","364-Day","11.46%","Rock Investment Bank | Licensed to kironjiemmanuel@gmail.com | Ref RIB-2EB094A9EE89 | 10/6/2026, 4:40:51 PM | Confidential - redistribution prohibited"
"Jun 5, 2023","91-Day","11.10%","Rock Investment Bank | Licensed to kironjiemmanuel@gmail.com | Ref RIB-2EB094A9EE89 | 10/6/2026, 4:40:51 PM | Confidential - redistribution prohibited"
"Jun 5, 2023","182-Day","11.11%","Rock Investment Bank | Licensed to kironjiemmanuel@gmail.com | Ref RIB-2EB094A9EE89 | 10/6/2026, 4:40:51 PM | Confidential - redistribution prohibited"
"Jun 5, 2023","364-Day","11.50%","Rock Investment Bank | Licensed to kironjiemmanuel@gmail.com | Ref RIB-2EB094A9EE89 | 10/6/2026, 4:40:51 PM | Confidential - redistribution prohibited"
"Jun 12, 2023","91-Day","11.41%","Rock Investment Bank | Licensed to kironjiemmanuel@gmail.com | Ref RIB-2EB094A9EE89 | 10/6/2026, 4:40:51 PM | Confidential - redistribution prohibited"
"Jun 12, 2023","182-Day","11.55%","Rock Investment Bank | Licensed to kironjiemmanuel@gmail.com | Ref RIB-2EB094A9EE89 | 10/6/2026, 4:40:51 PM | Confidential - redistribution prohibited"
"Jun 12, 2023","364-Day","11.61%","Rock Investment Bank | Licensed to kironjiemmanuel@gmail.com | Ref RIB-2EB094A9EE89 | 10/6/2026, 4:40:51 PM | Confidential - redistribution prohibited"
"Jun 19, 2023","91-Day","11.64%","Rock Investment Bank | Licensed to kironjiemmanuel@gmail.com | Ref RIB-2EB094A9EE89 | 10/6/2026, 4:40:51 PM | Confidential - redistribution prohibited"
"Jun 19, 2023","182-Day","11.65%","Rock Investment Bank | Licensed to kironjiemmanuel@gmail.com | Ref RIB-2EB094A9EE89 | 10/6/2026, 4:40:51 PM | Confidential - redistribution prohibited"
"Jun 19, 2023","364-Day","11.73%","Rock Investment Bank | Licensed to kironjiemmanuel@gmail.com | Ref RIB-2EB094A9EE89 | 10/6/2026, 4:40:51 PM | Confidential - redistribution prohibited"
"Jun 26, 2023","91-Day","11.79%","Rock Investment Bank | Licensed to kironjiemmanuel@gmail.com | Ref RIB-2EB094A9EE89 | 10/6/2026, 4:40:51 PM | Confidential - redistribution prohibited"
"Jun 26, 2023","182-Day","11.86%","Rock Investment Bank | Licensed to kironjiemmanuel@gmail.com | Ref RIB-2EB094A9EE89 | 10/6/2026, 4:40:51 PM | Confidential - redistribution prohibited"
"Jun 26, 2023","364-Day","11.93%","Rock Investment Bank | Licensed to kironjiemmanuel@gmail.com | Ref RIB-2EB094A9EE89 | 10/6/2026, 4:40:51 PM | Confidential - redistribution prohibited"
"Jul 3, 2023","91-Day","11.90%","Rock Investment Bank | Licensed to kironjiemmanuel@gmail.com | Ref RIB-2EB094A9EE89 | 10/6/2026, 4:40:51 PM | Confidential - redistribution prohibited"
"Jul 3, 2023","182-Day","11.95%","Rock Investment Bank | Licensed to kironjiemmanuel@gmail.com | Ref RIB-2EB094A9EE89 | 10/6/2026, 4:40:51 PM | Confidential - redistribution prohibited"
"Jul 3, 2023","364-Day","12.16%","Rock Investment Bank | Licensed to kironjiemmanuel@gmail.com | Ref RIB-2EB094A9EE89 | 10/6/2026, 4:40:51 PM | Confidential - redistribution prohibited"
"Jul 10, 2023","91-Day","12.01%","Rock Investment Bank | Licensed to kironjiemmanuel@gmail.com | Ref RIB-2EB094A9EE89 | 10/6/2026, 4:40:51 PM | Confidential - redistribution prohibited"
"Jul 10, 2023","182-Day","12.20%","Rock Investment Bank | Licensed to kironjiemmanuel@gmail.com | Ref RIB-2EB094A9EE89 | 10/6/2026, 4:40:51 PM | Confidential - redistribution prohibited"
"Jul 10, 2023","364-Day","12.25%","Rock Investment Bank | Licensed to kironjiemmanuel@gmail.com | Ref RIB-2EB094A9EE89 | 10/6/2026, 4:40:51 PM | Confidential - redistribution prohibited"
"Jul 17, 2023","91-Day","12.11%","Rock Investment Bank | Licensed to kironjiemmanuel@gmail.com | Ref RIB-2EB094A9EE89 | 10/6/2026, 4:40:51 PM | Confidential - redistribution prohibited"
"Jul 17, 2023","182-Day","12.27%","Rock Investment Bank | Licensed to kironjiemmanuel@gmail.com | Ref RIB-2EB094A9EE89 | 10/6/2026, 4:40:51 PM | Confidential - redistribution prohibited"
"Jul 17, 2023","364-Day","12.45%","Rock Investment Bank | Licensed to kironjiemmanuel@gmail.com | Ref RIB-2EB094A9EE89 | 10/6/2026, 4:40:51 PM | Confidential - redistribution prohibited"
"Jul 24, 2023","91-Day","12.23%","Rock Investment Bank | Licensed to kironjiemmanuel@gmail.com | Ref RIB-2EB094A9EE89 | 10/6/2026, 4:40:51 PM | Confidential - redistribution prohibited"
"Jul 24, 2023","182-Day","12.32%","Rock Investment Bank | Licensed to kironjiemmanuel@gmail.com | Ref RIB-2EB094A9EE89 | 10/6/2026, 4:40:51 PM | Confidential - redistribution prohibited"
"Jul 24, 2023","364-Day","12.71%","Rock Investment Bank | Licensed to kironjiemmanuel@gmail.com | Ref RIB-2EB094A9EE89 | 10/6/2026, 4:40:51 PM | Confidential - redistribution prohibited"
"Jul 31, 2023","91-Day","12.36%","Rock Investment Bank | Licensed to kironjiemmanuel@gmail.com | Ref RIB-2EB094A9EE89 | 10/6/2026, 4:40:51 PM | Confidential - redistribution prohibited"
"Jul 31, 2023","182-Day","12.39%","Rock Investment Bank | Licensed to kironjiemmanuel@gmail.com | Ref RIB-2EB094A9EE89 | 10/6/2026, 4:40:51 PM | Confidential - redistribution prohibited"
"Jul 31, 2023","364-Day","12.75%","Rock Investment Bank | Licensed to kironjiemmanuel@gmail.com | Ref RIB-2EB094A9EE89 | 10/6/2026, 4:40:51 PM | Confidential - redistribution prohibited"
"Aug 7, 2023","91-Day","12.69%","Rock Investment Bank | Licensed to kironjiemmanuel@gmail.com | Ref RIB-2EB094A9EE89 | 10/6/2026, 4:40:51 PM | Confidential - redistribution prohibited"
"Aug 7, 2023","182-Day","12.56%","Rock Investment Bank | Licensed to kironjiemmanuel@gmail.com | Ref RIB-2EB094A9EE89 | 10/6/2026, 4:40:51 PM | Confidential - redistribution prohibited"
"Aug 7, 2023","364-Day","13.11%","Rock Investment Bank | Licensed to kironjiemmanuel@gmail.com | Ref RIB-2EB094A9EE89 | 10/6/2026, 4:40:51 PM | Confidential - redistribution prohibited"
"Aug 14, 2023","91-Day","13.11%","Rock Investment Bank | Licensed to kironjiemmanuel@gmail.com | Ref RIB-2EB094A9EE89 | 10/6/2026, 4:40:51 PM | Confidential - redistribution prohibited"
"Aug 14, 2023","182-Day","13.44%","Rock Investment Bank | Licensed to kironjiemmanuel@gmail.com | Ref RIB-2EB094A9EE89 | 10/6/2026, 4:40:51 PM | Confidential - redistribution prohibited"
"Aug 14, 2023","364-Day","13.34%","Rock Investment Bank | Licensed to kironjiemmanuel@gmail.com | Ref RIB-2EB094A9EE89 | 10/6/2026, 4:40:51 PM | Confidential - redistribution prohibited"
"Aug 21, 2023","91-Day","13.48%","Rock Investment Bank | Licensed to kironjiemmanuel@gmail.com | Ref RIB-2EB094A9EE89 | 10/6/2026, 4:40:51 PM | Confidential - redistribution prohibited"
"Aug 21, 2023","182-Day","12.28%","Rock Investment Bank | Licensed to kironjiemmanuel@gmail.com | Ref RIB-2EB094A9EE89 | 10/6/2026, 4:40:51 PM | Confidential - redistribution prohibited"
"Aug 21, 2023","364-Day","13.75%","Rock Investment Bank | Licensed to kironjiemmanuel@gmail.com | Ref RIB-2EB094A9EE89 | 10/6/2026, 4:40:51 PM | Confidential - redistribution prohibited"
"Aug 28, 2023","91-Day","13.73%","Rock Investment Bank | Licensed to kironjiemmanuel@gmail.com | Ref RIB-2EB094A9EE89 | 10/6/2026, 4:40:51 PM | Confidential - redistribution prohibited"
"Aug 28, 2023","182-Day","13.49%","Rock Investment Bank | Licensed to kironjiemmanuel@gmail.com | Ref RIB-2EB094A9EE89 | 10/6/2026, 4:40:51 PM | Confidential - redistribution prohibited"
"Aug 28, 2023","364-Day","14.01%","Rock Investment Bank | Licensed to kironjiemmanuel@gmail.com | Ref RIB-2EB094A9EE89 | 10/6/2026, 4:40:51 PM | Confidential - redistribution prohibited"
"Sep 4, 2023","91-Day","13.99%","Rock Investment Bank | Licensed to kironjiemmanuel@gmail.com | Ref RIB-2EB094A9EE89 | 10/6/2026, 4:40:51 PM | Confidential - redistribution prohibited"
"Sep 4, 2023","182-Day","13.94%","Rock Investment Bank | Licensed to kironjiemmanuel@gmail.com | Ref RIB-2EB094A9EE89 | 10/6/2026, 4:40:51 PM | Confidential - redistribution prohibited"
"Sep 4, 2023","364-Day","13.76%","Rock Investment Bank | Licensed to kironjiemmanuel@gmail.com | Ref RIB-2EB094A9EE89 | 10/6/2026, 4:40:51 PM | Confidential - redistribution prohibited"
"Sep 11, 2023","91-Day","14.23%","Rock Investment Bank | Licensed to kironjiemmanuel@gmail.com | Ref RIB-2EB094A9EE89 | 10/6/2026, 4:40:51 PM | Confidential - redistribution prohibited"
"Sep 11, 2023","182-Day","14.37%","Rock Investment Bank | Licensed to kironjiemmanuel@gmail.com | Ref RIB-2EB094A9EE89 | 10/6/2026, 4:40:51 PM | Confidential - redistribution prohibited"
"Sep 11, 2023","364-Day","14.86%","Rock Investment Bank | Licensed to kironjiemmanuel@gmail.com | Ref RIB-2EB094A9EE89 | 10/6/2026, 4:40:51 PM | Confidential - redistribution prohibited"
"Sep 18, 2023","91-Day","14.52%","Rock Investment Bank | Licensed to kironjiemmanuel@gmail.com | Ref RIB-2EB094A9EE89 | 10/6/2026, 4:40:51 PM | Confidential - redistribution prohibited"
"Sep 18, 2023","182-Day","14.41%","Rock Investment Bank | Licensed to kironjiemmanuel@gmail.com | Ref RIB-2EB094A9EE89 | 10/6/2026, 4:40:51 PM | Confidential - redistribution prohibited"
"Sep 18, 2023","364-Day","14.73%","Rock Investment Bank | Licensed to kironjiemmanuel@gmail.com | Ref RIB-2EB094A9EE89 | 10/6/2026, 4:40:51 PM | Confidential - redistribution prohibited"
"Sep 25, 2023","91-Day","14.79%","Rock Investment Bank | Licensed to kironjiemmanuel@gmail.com | Ref RIB-2EB094A9EE89 | 10/6/2026, 4:40:51 PM | Confidential - redistribution prohibited"
"Sep 25, 2023","182-Day","14.94%","Rock Investment Bank | Licensed to kironjiemmanuel@gmail.com | Ref RIB-2EB094A9EE89 | 10/6/2026, 4:40:51 PM | Confidential - redistribution prohibited"
"Sep 25, 2023","364-Day","15.22%","Rock Investment Bank | Licensed to kironjiemmanuel@gmail.com | Ref RIB-2EB094A9EE89 | 10/6/2026, 4:40:51 PM | Confidential - redistribution prohibited"
"Oct 2, 2023","91-Day","14.82%","Rock Investment Bank | Licensed to kironjiemmanuel@gmail.com | Ref RIB-2EB094A9EE89 | 10/6/2026, 4:40:51 PM | Confidential - redistribution prohibited"
"Oct 2, 2023","182-Day","14.95%","Rock Investment Bank | Licensed to kironjiemmanuel@gmail.com | Ref RIB-2EB094A9EE89 | 10/6/2026, 4:40:51 PM | Confidential - redistribution prohibited"
"Oct 2, 2023","364-Day","15.05%","Rock Investment Bank | Licensed to kironjiemmanuel@gmail.com | Ref RIB-2EB094A9EE89 | 10/6/2026, 4:40:51 PM | Confidential - redistribution prohibited"
"Oct 9, 2023","91-Day","14.87%","Rock Investment Bank | Licensed to kironjiemmanuel@gmail.com | Ref RIB-2EB094A9EE89 | 10/6/2026, 4:40:51 PM | Confidential - redistribution prohibited"
"Oct 9, 2023","182-Day","14.98%","Rock Investment Bank | Licensed to kironjiemmanuel@gmail.com | Ref RIB-2EB094A9EE89 | 10/6/2026, 4:40:51 PM | Confidential - redistribution prohibited"
"Oct 9, 2023","364-Day","15.19%","Rock Investment Bank | Licensed to kironjiemmanuel@gmail.com | Ref RIB-2EB094A9EE89 | 10/6/2026, 4:40:51 PM | Confidential - redistribution prohibited"
"Oct 16, 2023","91-Day","14.96%","Rock Investment Bank | Licensed to kironjiemmanuel@gmail.com | Ref RIB-2EB094A9EE89 | 10/6/2026, 4:40:51 PM | Confidential - redistribution prohibited"
"Oct 16, 2023","182-Day","15.02%","Rock Investment Bank | Licensed to kironjiemmanuel@gmail.com | Ref RIB-2EB094A9EE89 | 10/6/2026, 4:40:51 PM | Confidential - redistribution prohibited"
"Oct 16, 2023","364-Day","15.34%","Rock Investment Bank | Licensed to kironjiemmanuel@gmail.com | Ref RIB-2EB094A9EE89 | 10/6/2026, 4:40:51 PM | Confidential - redistribution prohibited"
"Oct 23, 2023","91-Day","15.05%","Rock Investment Bank | Licensed to kironjiemmanuel@gmail.com | Ref RIB-2EB094A9EE89 | 10/6/2026, 4:40:51 PM | Confidential - redistribution prohibited"
"Oct 23, 2023","182-Day","15.08%","Rock Investment Bank | Licensed to kironjiemmanuel@gmail.com | Ref RIB-2EB094A9EE89 | 10/6/2026, 4:40:51 PM | Confidential - redistribution prohibited"
"Oct 23, 2023","364-Day","15.34%","Rock Investment Bank | Licensed to kironjiemmanuel@gmail.com | Ref RIB-2EB094A9EE89 | 10/6/2026, 4:40:51 PM | Confidential - redistribution prohibited"
"Oct 30, 2023","91-Day","15.11%","Rock Investment Bank | Licensed to kironjiemmanuel@gmail.com | Ref RIB-2EB094A9EE89 | 10/6/2026, 4:40:51 PM | Confidential - redistribution prohibited"
"Oct 30, 2023","182-Day","15.13%","Rock Investment Bank | Licensed to kironjiemmanuel@gmail.com | Ref RIB-2EB094A9EE89 | 10/6/2026, 4:40:51 PM | Confidential - redistribution prohibited"
"Oct 30, 2023","364-Day","15.39%","Rock Investment Bank | Licensed to kironjiemmanuel@gmail.com | Ref RIB-2EB094A9EE89 | 10/6/2026, 4:40:51 PM | Confidential - redistribution prohibited"
"Nov 6, 2023","91-Day","15.19%","Rock Investment Bank | Licensed to kironjiemmanuel@gmail.com | Ref RIB-2EB094A9EE89 | 10/6/2026, 4:40:51 PM | Confidential - redistribution prohibited"
"Nov 6, 2023","182-Day","15.27%","Rock Investment Bank | Licensed to kironjiemmanuel@gmail.com | Ref RIB-2EB094A9EE89 | 10/6/2026, 4:40:51 PM | Confidential - redistribution prohibited"
"Nov 6, 2023","364-Day","15.44%","Rock Investment Bank | Licensed to kironjiemmanuel@gmail.com | Ref RIB-2EB094A9EE89 | 10/6/2026, 4:40:51 PM | Confidential - redistribution prohibited"
"Nov 13, 2023","91-Day","15.29%","Rock Investment Bank | Licensed to kironjiemmanuel@gmail.com | Ref RIB-2EB094A9EE89 | 10/6/2026, 4:40:51 PM | Confidential - redistribution prohibited"
"Nov 13, 2023","182-Day","15.41%","Rock Investment Bank | Licensed to kironjiemmanuel@gmail.com | Ref RIB-2EB094A9EE89 | 10/6/2026, 4:40:51 PM | Confidential - redistribution prohibited"
"Nov 13, 2023","364-Day","15.62%","Rock Investment Bank | Licensed to kironjiemmanuel@gmail.com | Ref RIB-2EB094A9EE89 | 10/6/2026, 4:40:51 PM | Confidential - redistribution prohibited"
"Nov 20, 2023","91-Day","15.36%","Rock Investment Bank | Licensed to kironjiemmanuel@gmail.com | Ref RIB-2EB094A9EE89 | 10/6/2026, 4:40:51 PM | Confidential - redistribution prohibited"
"Nov 20, 2023","182-Day","15.43%","Rock Investment Bank | Licensed to kironjiemmanuel@gmail.com | Ref RIB-2EB094A9EE89 | 10/6/2026, 4:40:51 PM | Confidential - redistribution prohibited"
"Nov 20, 2023","364-Day","15.64%","Rock Investment Bank | Licensed to kironjiemmanuel@gmail.com | Ref RIB-2EB094A9EE89 | 10/6/2026, 4:40:51 PM | Confidential - redistribution prohibited"
"Nov 27, 2023","91-Day","15.44%","Rock Investment Bank | Licensed to kironjiemmanuel@gmail.com | Ref RIB-2EB094A9EE89 | 10/6/2026, 4:40:51 PM | Confidential - redistribution prohibited"
"Nov 27, 2023","182-Day","15.44%","Rock Investment Bank | Licensed to kironjiemmanuel@gmail.com | Ref RIB-2EB094A9EE89 | 10/6/2026, 4:40:51 PM | Confidential - redistribution prohibited"
"Nov 27, 2023","364-Day","15.58%","Rock Investment Bank | Licensed to kironjiemmanuel@gmail.com | Ref RIB-2EB094A9EE89 | 10/6/2026, 4:40:51 PM | Confidential - redistribution prohibited"
"Dec 4, 2023","91-Day","15.53%","Rock Investment Bank | Licensed to kironjiemmanuel@gmail.com | Ref RIB-2EB094A9EE89 | 10/6/2026, 4:40:51 PM | Confidential - redistribution prohibited"
"Dec 4, 2023","182-Day","15.55%","Rock Investment Bank | Licensed to kironjiemmanuel@gmail.com | Ref RIB-2EB094A9EE89 | 10/6/2026, 4:40:51 PM | Confidential - redistribution prohibited"
"Dec 4, 2023","364-Day","15.73%","Rock Investment Bank | Licensed to kironjiemmanuel@gmail.com | Ref RIB-2EB094A9EE89 | 10/6/2026, 4:40:51 PM | Confidential - redistribution prohibited"
"Dec 11, 2023","91-Day","15.63%","Rock Investment Bank | Licensed to kironjiemmanuel@gmail.com | Ref RIB-2EB094A9EE89 | 10/6/2026, 4:40:51 PM | Confidential - redistribution prohibited"
"Dec 11, 2023","182-Day","15.75%","Rock Investment Bank | Licensed to kironjiemmanuel@gmail.com | Ref RIB-2EB094A9EE89 | 10/6/2026, 4:40:51 PM | Confidential - redistribution prohibited"
"Dec 11, 2023","364-Day","15.79%","Rock Investment Bank | Licensed to kironjiemmanuel@gmail.com | Ref RIB-2EB094A9EE89 | 10/6/2026, 4:40:51 PM | Confidential - redistribution prohibited"
"Dec 18, 2023","91-Day","15.77%","Rock Investment Bank | Licensed to kironjiemmanuel@gmail.com | Ref RIB-2EB094A9EE89 | 10/6/2026, 4:40:51 PM | Confidential - redistribution prohibited"
"Dec 18, 2023","182-Day","15.92%","Rock Investment Bank | Licensed to kironjiemmanuel@gmail.com | Ref RIB-2EB094A9EE89 | 10/6/2026, 4:40:51 PM | Confidential - redistribution prohibited"
"Dec 18, 2023","364-Day","15.83%","Rock Investment Bank | Licensed to kironjiemmanuel@gmail.com | Ref RIB-2EB094A9EE89 | 10/6/2026, 4:40:51 PM | Confidential - redistribution prohibited"
"Dec 25, 2023","91-Day","15.88%","Rock Investment Bank | Licensed to kironjiemmanuel@gmail.com | Ref RIB-2EB094A9EE89 | 10/6/2026, 4:40:51 PM | Confidential - redistribution prohibited"
"Dec 25, 2023","182-Day","15.97%","Rock Investment Bank | Licensed to kironjiemmanuel@gmail.com | Ref RIB-2EB094A9EE89 | 10/6/2026, 4:40:51 PM | Confidential - redistribution prohibited"
"Dec 25, 2023","364-Day","15.90%","Rock Investment Bank | Licensed to kironjiemmanuel@gmail.com | Ref RIB-2EB094A9EE89 | 10/6/2026, 4:40:51 PM | Confidential - redistribution prohibited"
"Jan 1, 2024","91-Day","15.98%","Rock Investment Bank | Licensed to kironjiemmanuel@gmail.com | Ref RIB-2EB094A9EE89 | 10/6/2026, 4:40:51 PM | Confidential - redistribution prohibited"
"Jan 1, 2024","182-Day","15.97%","Rock Investment Bank | Licensed to kironjiemmanuel@gmail.com | Ref RIB-2EB094A9EE89 | 10/6/2026, 4:40:51 PM | Confidential - redistribution prohibited"
"Jan 1, 2024","364-Day","16.10%","Rock Investment Bank | Licensed to kironjiemmanuel@gmail.com | Ref RIB-2EB094A9EE89 | 10/6/2026, 4:40:51 PM | Confidential - redistribution prohibited"
"Jan 8, 2024","91-Day","16.06%","Rock Investment Bank | Licensed to kironjiemmanuel@gmail.com | Ref RIB-2EB094A9EE89 | 10/6/2026, 4:40:51 PM | Confidential - redistribution prohibited"
"Jan 8, 2024","182-Day","16.09%","Rock Investment Bank | Licensed to kironjiemmanuel@gmail.com | Ref RIB-2EB094A9EE89 | 10/6/2026, 4:40:51 PM | Confidential - redistribution prohibited"
"Jan 8, 2024","364-Day","16.28%","Rock Investment Bank | Licensed to kironjiemmanuel@gmail.com | Ref RIB-2EB094A9EE89 | 10/6/2026, 4:40:51 PM | Confidential - redistribution prohibited"
"Jan 15, 2024","91-Day","16.15%","Rock Investment Bank | Licensed to kironjiemmanuel@gmail.com | Ref RIB-2EB094A9EE89 | 10/6/2026, 4:40:51 PM | Confidential - redistribution prohibited"
"Jan 15, 2024","182-Day","16.19%","Rock Investment Bank | Licensed to kironjiemmanuel@gmail.com | Ref RIB-2EB094A9EE89 | 10/6/2026, 4:40:51 PM | Confidential - redistribution prohibited"
"Jan 15, 2024","364-Day","16.39%","Rock Investment Bank | Licensed to kironjiemmanuel@gmail.com | Ref RIB-2EB094A9EE89 | 10/6/2026, 4:40:51 PM | Confidential - redistribution prohibited"
"Jan 22, 2024","91-Day","16.24%","Rock Investment Bank | Licensed to kironjiemmanuel@gmail.com | Ref RIB-2EB094A9EE89 | 10/6/2026, 4:40:51 PM | Confidential - redistribution prohibited"
"Jan 22, 2024","182-Day","16.30%","Rock Investment Bank | Licensed to kironjiemmanuel@gmail.com | Ref RIB-2EB094A9EE89 | 10/6/2026, 4:40:51 PM | Confidential - redistribution prohibited"
"Jan 22, 2024","364-Day","16.49%","Rock Investment Bank | Licensed to kironjiemmanuel@gmail.com | Ref RIB-2EB094A9EE89 | 10/6/2026, 4:40:51 PM | Confidential - redistribution prohibited"
"Jan 29, 2024","91-Day","16.29%","Rock Investment Bank | Licensed to kironjiemmanuel@gmail.com | Ref RIB-2EB094A9EE89 | 10/6/2026, 4:40:51 PM | Confidential - redistribution prohibited"
"Jan 29, 2024","182-Day","16.38%","Rock Investment Bank | Licensed to kironjiemmanuel@gmail.com | Ref RIB-2EB094A9EE89 | 10/6/2026, 4:40:51 PM | Confidential - redistribution prohibited"
"Jan 29, 2024","364-Day","16.52%","Rock Investment Bank | Licensed to kironjiemmanuel@gmail.com | Ref RIB-2EB094A9EE89 | 10/6/2026, 4:40:51 PM | Confidential - redistribution prohibited"
"Feb 5, 2024","91-Day","16.37%","Rock Investment Bank | Licensed to kironjiemmanuel@gmail.com | Ref RIB-2EB094A9EE89 | 10/6/2026, 4:40:51 PM | Confidential - redistribution prohibited"
"Feb 5, 2024","182-Day","16.51%","Rock Investment Bank | Licensed to kironjiemmanuel@gmail.com | Ref RIB-2EB094A9EE89 | 10/6/2026, 4:40:51 PM | Confidential - redistribution prohibited"
"Feb 5, 2024","364-Day","16.68%","Rock Investment Bank | Licensed to kironjiemmanuel@gmail.com | Ref RIB-2EB094A9EE89 | 10/6/2026, 4:40:51 PM | Confidential - redistribution prohibited"
"Feb 12, 2024","91-Day","16.50%","Rock Investment Bank | Licensed to kironjiemmanuel@gmail.com | Ref RIB-2EB094A9EE89 | 10/6/2026, 4:40:51 PM | Confidential - redistribution prohibited"
"Feb 12, 2024","182-Day","16.63%","Rock Investment Bank | Licensed to kironjiemmanuel@gmail.com | Ref RIB-2EB094A9EE89 | 10/6/2026, 4:40:51 PM | Confidential - redistribution prohibited"
"Feb 12, 2024","364-Day","16.86%","Rock Investment Bank | Licensed to kironjiemmanuel@gmail.com | Ref RIB-2EB094A9EE89 | 10/6/2026, 4:40:51 PM | Confidential - redistribution prohibited"
"Feb 19, 2024","91-Day","16.55%","Rock Investment Bank | Licensed to kironjiemmanuel@gmail.com | Ref RIB-2EB094A9EE89 | 10/6/2026, 4:40:51 PM | Confidential - redistribution prohibited"
"Feb 19, 2024","182-Day","16.72%","Rock Investment Bank | Licensed to kironjiemmanuel@gmail.com | Ref RIB-2EB094A9EE89 | 10/6/2026, 4:40:51 PM | Confidential - redistribution prohibited"
"Feb 19, 2024","364-Day","16.92%","Rock Investment Bank | Licensed to kironjiemmanuel@gmail.com | Ref RIB-2EB094A9EE89 | 10/6/2026, 4:40:51 PM | Confidential - redistribution prohibited"
"Feb 26, 2024","91-Day","16.59%","Rock Investment Bank | Licensed to kironjiemmanuel@gmail.com | Ref RIB-2EB094A9EE89 | 10/6/2026, 4:40:51 PM | Confidential - redistribution prohibited"
"Feb 26, 2024","182-Day","16.73%","Rock Investment Bank | Licensed to kironjiemmanuel@gmail.com | Ref RIB-2EB094A9EE89 | 10/6/2026, 4:40:51 PM | Confidential - redistribution prohibited"
"Feb 26, 2024","364-Day","16.92%","Rock Investment Bank | Licensed to kironjiemmanuel@gmail.com | Ref RIB-2EB094A9EE89 | 10/6/2026, 4:40:51 PM | Confidential - redistribution prohibited"
"Mar 4, 2024","91-Day","16.62%","Rock Investment Bank | Licensed to kironjiemmanuel@gmail.com | Ref RIB-2EB094A9EE89 | 10/6/2026, 4:40:51 PM | Confidential - redistribution prohibited"
"Mar 4, 2024","182-Day","16.78%","Rock Investment Bank | Licensed to kironjiemmanuel@gmail.com | Ref RIB-2EB094A9EE89 | 10/6/2026, 4:40:51 PM | Confidential - redistribution prohibited"
"Mar 4, 2024","364-Day","16.97%","Rock Investment Bank | Licensed to kironjiemmanuel@gmail.com | Ref RIB-2EB094A9EE89 | 10/6/2026, 4:40:51 PM | Confidential - redistribution prohibited"
"Mar 11, 2024","91-Day","16.66%","Rock Investment Bank | Licensed to kironjiemmanuel@gmail.com | Ref RIB-2EB094A9EE89 | 10/6/2026, 4:40:51 PM | Confidential - redistribution prohibited"
"Mar 11, 2024","182-Day","16.85%","Rock Investment Bank | Licensed to kironjiemmanuel@gmail.com | Ref RIB-2EB094A9EE89 | 10/6/2026, 4:40:51 PM | Confidential - redistribution prohibited"
"Mar 11, 2024","364-Day","16.98%","Rock Investment Bank | Licensed to kironjiemmanuel@gmail.com | Ref RIB-2EB094A9EE89 | 10/6/2026, 4:40:51 PM | Confidential - redistribution prohibited"
"Mar 18, 2024","91-Day","16.70%","Rock Investment Bank | Licensed to kironjiemmanuel@gmail.com | Ref RIB-2EB094A9EE89 | 10/6/2026, 4:40:51 PM | Confidential - redistribution prohibited"
"Mar 18, 2024","182-Day","16.89%","Rock Investment Bank | Licensed to kironjiemmanuel@gmail.com | Ref RIB-2EB094A9EE89 | 10/6/2026, 4:40:51 PM | Confidential - redistribution prohibited"
"Mar 18, 2024","364-Day","16.99%","Rock Investment Bank | Licensed to kironjiemmanuel@gmail.com | Ref RIB-2EB094A9EE89 | 10/6/2026, 4:40:51 PM | Confidential - redistribution prohibited"
"Mar 25, 2024","91-Day","16.73%","Rock Investment Bank | Licensed to kironjiemmanuel@gmail.com | Ref RIB-2EB094A9EE89 | 10/6/2026, 4:40:51 PM | Confidential - redistribution prohibited"
"Mar 25, 2024","182-Day","16.91%","Rock Investment Bank | Licensed to kironjiemmanuel@gmail.com | Ref RIB-2EB094A9EE89 | 10/6/2026, 4:40:51 PM | Confidential - redistribution prohibited"
"Mar 25, 2024","364-Day","16.99%","Rock Investment Bank | Licensed to kironjiemmanuel@gmail.com | Ref RIB-2EB094A9EE89 | 10/6/2026, 4:40:51 PM | Confidential - redistribution prohibited"
"Apr 1, 2024","91-Day","16.73%","Rock Investment Bank | Licensed to kironjiemmanuel@gmail.com | Ref RIB-2EB094A9EE89 | 10/6/2026, 4:40:51 PM | Confidential - redistribution prohibited"
"Apr 1, 2024","182-Day","16.89%","Rock Investment Bank | Licensed to kironjiemmanuel@gmail.com | Ref RIB-2EB094A9EE89 | 10/6/2026, 4:40:51 PM | Confidential - redistribution prohibited"
"Apr 1, 2024","364-Day","16.99%","Rock Investment Bank | Licensed to kironjiemmanuel@gmail.com | Ref RIB-2EB094A9EE89 | 10/6/2026, 4:40:51 PM | Confidential - redistribution prohibited"
"Apr 8, 2024","91-Day","16.72%","Rock Investment Bank | Licensed to kironjiemmanuel@gmail.com | Ref RIB-2EB094A9EE89 | 10/6/2026, 4:40:51 PM | Confidential - redistribution prohibited"
"Apr 8, 2024","182-Day","16.87%","Rock Investment Bank | Licensed to kironjiemmanuel@gmail.com | Ref RIB-2EB094A9EE89 | 10/6/2026, 4:40:51 PM | Confidential - redistribution prohibited"
"Apr 8, 2024","364-Day","16.99%","Rock Investment Bank | Licensed to kironjiemmanuel@gmail.com | Ref RIB-2EB094A9EE89 | 10/6/2026, 4:40:51 PM | Confidential - redistribution prohibited"
"Apr 15, 2024","91-Day","15.73%","Rock Investment Bank | Licensed to kironjiemmanuel@gmail.com | Ref RIB-2EB094A9EE89 | 10/6/2026, 4:40:51 PM | Confidential - redistribution prohibited"
"Apr 15, 2024","182-Day","16.87%","Rock Investment Bank | Licensed to kironjiemmanuel@gmail.com | Ref RIB-2EB094A9EE89 | 10/6/2026, 4:40:51 PM | Confidential - redistribution prohibited"
"Apr 15, 2024","364-Day","16.53%","Rock Investment Bank | Licensed to kironjiemmanuel@gmail.com | Ref RIB-2EB094A9EE89 | 10/6/2026, 4:40:51 PM | Confidential - redistribution prohibited"
"Apr 22, 2024","91-Day","15.80%","Rock Investment Bank | Licensed to kironjiemmanuel@gmail.com | Ref RIB-2EB094A9EE89 | 10/6/2026, 4:40:51 PM | Confidential - redistribution prohibited"
"Apr 22, 2024","182-Day","16.47%","Rock Investment Bank | Licensed to kironjiemmanuel@gmail.com | Ref RIB-2EB094A9EE89 | 10/6/2026, 4:40:51 PM | Confidential - redistribution prohibited"
"Apr 22, 2024","364-Day","16.51%","Rock Investment Bank | Licensed to kironjiemmanuel@gmail.com | Ref RIB-2EB094A9EE89 | 10/6/2026, 4:40:51 PM | Confidential - redistribution prohibited"
"Apr 29, 2024","91-Day","15.82%","Rock Investment Bank | Licensed to kironjiemmanuel@gmail.com | Ref RIB-2EB094A9EE89 | 10/6/2026, 4:40:51 PM | Confidential - redistribution prohibited"
"Apr 29, 2024","182-Day","16.46%","Rock Investment Bank | Licensed to kironjiemmanuel@gmail.com | Ref RIB-2EB094A9EE89 | 10/6/2026, 4:40:51 PM | Confidential - redistribution prohibited"
"Apr 29, 2024","364-Day","16.49%","Rock Investment Bank | Licensed to kironjiemmanuel@gmail.com | Ref RIB-2EB094A9EE89 | 10/6/2026, 4:40:51 PM | Confidential - redistribution prohibited"
"May 6, 2024","91-Day","15.87%","Rock Investment Bank | Licensed to kironjiemmanuel@gmail.com | Ref RIB-2EB094A9EE89 | 10/6/2026, 4:40:51 PM | Confidential - redistribution prohibited"
"May 6, 2024","182-Day","16.49%","Rock Investment Bank | Licensed to kironjiemmanuel@gmail.com | Ref RIB-2EB094A9EE89 | 10/6/2026, 4:40:51 PM | Confidential - redistribution prohibited"
"May 6, 2024","364-Day","16.50%","Rock Investment Bank | Licensed to kironjiemmanuel@gmail.com | Ref RIB-2EB094A9EE89 | 10/6/2026, 4:40:51 PM | Confidential - redistribution prohibited"
"May 13, 2024","91-Day","15.90%","Rock Investment Bank | Licensed to kironjiemmanuel@gmail.com | Ref RIB-2EB094A9EE89 | 10/6/2026, 4:40:51 PM | Confidential - redistribution prohibited"
"May 13, 2024","182-Day","16.50%","Rock Investment Bank | Licensed to kironjiemmanuel@gmail.com | Ref RIB-2EB094A9EE89 | 10/6/2026, 4:40:51 PM | Confidential - redistribution prohibited"
"May 13, 2024","364-Day","16.51%","Rock Investment Bank | Licensed to kironjiemmanuel@gmail.com | Ref RIB-2EB094A9EE89 | 10/6/2026, 4:40:51 PM | Confidential - redistribution prohibited"
"May 20, 2024","91-Day","15.94%","Rock Investment Bank | Licensed to kironjiemmanuel@gmail.com | Ref RIB-2EB094A9EE89 | 10/6/2026, 4:40:51 PM | Confidential - redistribution prohibited"
"May 20, 2024","182-Day","16.52%","Rock Investment Bank | Licensed to kironjiemmanuel@gmail.com | Ref RIB-2EB094A9EE89 | 10/6/2026, 4:40:51 PM | Confidential - redistribution prohibited"
"May 20, 2024","364-Day","16.53%","Rock Investment Bank | Licensed to kironjiemmanuel@gmail.com | Ref RIB-2EB094A9EE89 | 10/6/2026, 4:40:51 PM | Confidential - redistribution prohibited"
"May 27, 2024","91-Day","15.95%","Rock Investment Bank | Licensed to kironjiemmanuel@gmail.com | Ref RIB-2EB094A9EE89 | 10/6/2026, 4:40:51 PM | Confidential - redistribution prohibited"
"May 27, 2024","182-Day","16.56%","Rock Investment Bank | Licensed to kironjiemmanuel@gmail.com | Ref RIB-2EB094A9EE89 | 10/6/2026, 4:40:51 PM | Confidential - redistribution prohibited"
"May 27, 2024","364-Day","16.62%","Rock Investment Bank | Licensed to kironjiemmanuel@gmail.com | Ref RIB-2EB094A9EE89 | 10/6/2026, 4:40:51 PM | Confidential - redistribution prohibited"
"Jun 3, 2024","91-Day","15.95%","Rock Investment Bank | Licensed to kironjiemmanuel@gmail.com | Ref RIB-2EB094A9EE89 | 10/6/2026, 4:40:51 PM | Confidential - redistribution prohibited"
"Jun 3, 2024","182-Day","16.61%","Rock Investment Bank | Licensed to kironjiemmanuel@gmail.com | Ref RIB-2EB094A9EE89 | 10/6/2026, 4:40:51 PM | Confidential - redistribution prohibited"
"Jun 3, 2024","364-Day","16.71%","Rock Investment Bank | Licensed to kironjiemmanuel@gmail.com | Ref RIB-2EB094A9EE89 | 10/6/2026, 4:40:51 PM | Confidential - redistribution prohibited"
"Jun 10, 2024","91-Day","15.97%","Rock Investment Bank | Licensed to kironjiemmanuel@gmail.com | Ref RIB-2EB094A9EE89 | 10/6/2026, 4:40:51 PM | Confidential - redistribution prohibited"
"Jun 10, 2024","182-Day","16.64%","Rock Investment Bank | Licensed to kironjiemmanuel@gmail.com | Ref RIB-2EB094A9EE89 | 10/6/2026, 4:40:51 PM | Confidential - redistribution prohibited"
"Jun 10, 2024","364-Day","16.73%","Rock Investment Bank | Licensed to kironjiemmanuel@gmail.com | Ref RIB-2EB094A9EE89 | 10/6/2026, 4:40:51 PM | Confidential - redistribution prohibited"
"Jun 17, 2024","91-Day","15.97%","Rock Investment Bank | Licensed to kironjiemmanuel@gmail.com | Ref RIB-2EB094A9EE89 | 10/6/2026, 4:40:51 PM | Confidential - redistribution prohibited"
"Jun 17, 2024","182-Day","16.70%","Rock Investment Bank | Licensed to kironjiemmanuel@gmail.com | Ref RIB-2EB094A9EE89 | 10/6/2026, 4:40:51 PM | Confidential - redistribution prohibited"
"Jun 17, 2024","364-Day","16.75%","Rock Investment Bank | Licensed to kironjiemmanuel@gmail.com | Ref RIB-2EB094A9EE89 | 10/6/2026, 4:40:51 PM | Confidential - redistribution prohibited"
"Jun 24, 2024","91-Day","15.97%","Rock Investment Bank | Licensed to kironjiemmanuel@gmail.com | Ref RIB-2EB094A9EE89 | 10/6/2026, 4:40:51 PM | Confidential - redistribution prohibited"
"Jun 24, 2024","182-Day","16.74%","Rock Investment Bank | Licensed to kironjiemmanuel@gmail.com | Ref RIB-2EB094A9EE89 | 10/6/2026, 4:40:51 PM | Confidential - redistribution prohibited"
"Jun 24, 2024","364-Day","16.75%","Rock Investment Bank | Licensed to kironjiemmanuel@gmail.com | Ref RIB-2EB094A9EE89 | 10/6/2026, 4:40:51 PM | Confidential - redistribution prohibited"
"Jul 1, 2024","91-Day","15.98%","Rock Investment Bank | Licensed to kironjiemmanuel@gmail.com | Ref RIB-2EB094A9EE89 | 10/6/2026, 4:40:51 PM | Confidential - redistribution prohibited"
"Jul 1, 2024","182-Day","16.76%","Rock Investment Bank | Licensed to kironjiemmanuel@gmail.com | Ref RIB-2EB094A9EE89 | 10/6/2026, 4:40:51 PM | Confidential - redistribution prohibited"
"Jul 1, 2024","364-Day","16.79%","Rock Investment Bank | Licensed to kironjiemmanuel@gmail.com | Ref RIB-2EB094A9EE89 | 10/6/2026, 4:40:51 PM | Confidential - redistribution prohibited"
"Jul 8, 2024","91-Day","15.99%","Rock Investment Bank | Licensed to kironjiemmanuel@gmail.com | Ref RIB-2EB094A9EE89 | 10/6/2026, 4:40:51 PM | Confidential - redistribution prohibited"
"Jul 8, 2024","182-Day","16.80%","Rock Investment Bank | Licensed to kironjiemmanuel@gmail.com | Ref RIB-2EB094A9EE89 | 10/6/2026, 4:40:51 PM | Confidential - redistribution prohibited"
"Jul 8, 2024","364-Day","16.83%","Rock Investment Bank | Licensed to kironjiemmanuel@gmail.com | Ref RIB-2EB094A9EE89 | 10/6/2026, 4:40:51 PM | Confidential - redistribution prohibited"
"Jul 15, 2024","91-Day","16.00%","Rock Investment Bank | Licensed to kironjiemmanuel@gmail.com | Ref RIB-2EB094A9EE89 | 10/6/2026, 4:40:51 PM | Confidential - redistribution prohibited"
"Jul 15, 2024","182-Day","16.82%","Rock Investment Bank | Licensed to kironjiemmanuel@gmail.com | Ref RIB-2EB094A9EE89 | 10/6/2026, 4:40:51 PM | Confidential - redistribution prohibited"
"Jul 15, 2024","364-Day","16.88%","Rock Investment Bank | Licensed to kironjiemmanuel@gmail.com | Ref RIB-2EB094A9EE89 | 10/6/2026, 4:40:51 PM | Confidential - redistribution prohibited"
"Jul 22, 2024","91-Day","16.02%","Rock Investment Bank | Licensed to kironjiemmanuel@gmail.com | Ref RIB-2EB094A9EE89 | 10/6/2026, 4:40:51 PM | Confidential - redistribution prohibited"
"Jul 22, 2024","182-Day","16.85%","Rock Investment Bank | Licensed to kironjiemmanuel@gmail.com | Ref RIB-2EB094A9EE89 | 10/6/2026, 4:40:51 PM | Confidential - redistribution prohibited"
"Jul 22, 2024","364-Day","16.90%","Rock Investment Bank | Licensed to kironjiemmanuel@gmail.com | Ref RIB-2EB094A9EE89 | 10/6/2026, 4:40:51 PM | Confidential - redistribution prohibited"
"Jul 29, 2024","91-Day","16.00%","Rock Investment Bank | Licensed to kironjiemmanuel@gmail.com | Ref RIB-2EB094A9EE89 | 10/6/2026, 4:40:51 PM | Confidential - redistribution prohibited"
"Jul 29, 2024","182-Day","16.85%","Rock Investment Bank | Licensed to kironjiemmanuel@gmail.com | Ref RIB-2EB094A9EE89 | 10/6/2026, 4:40:51 PM | Confidential - redistribution prohibited"
"Jul 29, 2024","364-Day","16.92%","Rock Investment Bank | Licensed to kironjiemmanuel@gmail.com | Ref RIB-2EB094A9EE89 | 10/6/2026, 4:40:51 PM | Confidential - redistribution prohibited"
"Aug 5, 2024","91-Day","15.99%","Rock Investment Bank | Licensed to kironjiemmanuel@gmail.com | Ref RIB-2EB094A9EE89 | 10/6/2026, 4:40:51 PM | Confidential - redistribution prohibited"
"Aug 5, 2024","182-Day","16.85%","Rock Investment Bank | Licensed to kironjiemmanuel@gmail.com | Ref RIB-2EB094A9EE89 | 10/6/2026, 4:40:51 PM | Confidential - redistribution prohibited"
"Aug 5, 2024","364-Day","16.92%","Rock Investment Bank | Licensed to kironjiemmanuel@gmail.com | Ref RIB-2EB094A9EE89 | 10/6/2026, 4:40:51 PM | Confidential - redistribution prohibited"
"Aug 12, 2024","91-Day","15.82%","Rock Investment Bank | Licensed to kironjiemmanuel@gmail.com | Ref RIB-2EB094A9EE89 | 10/6/2026, 4:40:51 PM | Confidential - redistribution prohibited"
"Aug 12, 2024","182-Day","16.71%","Rock Investment Bank | Licensed to kironjiemmanuel@gmail.com | Ref RIB-2EB094A9EE89 | 10/6/2026, 4:40:51 PM | Confidential - redistribution prohibited"
"Aug 12, 2024","364-Day","16.91%","Rock Investment Bank | Licensed to kironjiemmanuel@gmail.com | Ref RIB-2EB094A9EE89 | 10/6/2026, 4:40:51 PM | Confidential - redistribution prohibited"
"Aug 19, 2024","91-Day","15.81%","Rock Investment Bank | Licensed to kironjiemmanuel@gmail.com | Ref RIB-2EB094A9EE89 | 10/6/2026, 4:40:51 PM | Confidential - redistribution prohibited"
"Aug 19, 2024","182-Day","16.71%","Rock Investment Bank | Licensed to kironjiemmanuel@gmail.com | Ref RIB-2EB094A9EE89 | 10/6/2026, 4:40:51 PM | Confidential - redistribution prohibited"
"Aug 19, 2024","364-Day","16.87%","Rock Investment Bank | Licensed to kironjiemmanuel@gmail.com | Ref RIB-2EB094A9EE89 | 10/6/2026, 4:40:51 PM | Confidential - redistribution prohibited"
"Aug 26, 2024","91-Day","15.79%","Rock Investment Bank | Licensed to kironjiemmanuel@gmail.com | Ref RIB-2EB094A9EE89 | 10/6/2026, 4:40:51 PM | Confidential - redistribution prohibited"
"Aug 26, 2024","182-Day","16.67%","Rock Investment Bank | Licensed to kironjiemmanuel@gmail.com | Ref RIB-2EB094A9EE89 | 10/6/2026, 4:40:51 PM | Confidential - redistribution prohibited"
"Aug 26, 2024","364-Day","16.86%","Rock Investment Bank | Licensed to kironjiemmanuel@gmail.com | Ref RIB-2EB094A9EE89 | 10/6/2026, 4:40:51 PM | Confidential - redistribution prohibited"
"Sep 2, 2024","91-Day","15.78%","Rock Investment Bank | Licensed to kironjiemmanuel@gmail.com | Ref RIB-2EB094A9EE89 | 10/6/2026, 4:40:51 PM | Confidential - redistribution prohibited"
"Sep 2, 2024","182-Day","16.63%","Rock Investment Bank | Licensed to kironjiemmanuel@gmail.com | Ref RIB-2EB094A9EE89 | 10/6/2026, 4:40:51 PM | Confidential - redistribution prohibited"
"Sep 2, 2024","364-Day","16.84%","Rock Investment Bank | Licensed to kironjiemmanuel@gmail.com | Ref RIB-2EB094A9EE89 | 10/6/2026, 4:40:51 PM | Confidential - redistribution prohibited"
"Sep 9, 2024","91-Day","15.77%","Rock Investment Bank | Licensed to kironjiemmanuel@gmail.com | Ref RIB-2EB094A9EE89 | 10/6/2026, 4:40:51 PM | Confidential - redistribution prohibited"
"Sep 9, 2024","182-Day","16.63%","Rock Investment Bank | Licensed to kironjiemmanuel@gmail.com | Ref RIB-2EB094A9EE89 | 10/6/2026, 4:40:51 PM | Confidential - redistribution prohibited"
"Sep 9, 2024","364-Day","16.82%","Rock Investment Bank | Licensed to kironjiemmanuel@gmail.com | Ref RIB-2EB094A9EE89 | 10/6/2026, 4:40:51 PM | Confidential - redistribution prohibited"
"Sep 16, 2024","91-Day","15.75%","Rock Investment Bank | Licensed to kironjiemmanuel@gmail.com | Ref RIB-2EB094A9EE89 | 10/6/2026, 4:40:51 PM | Confidential - redistribution prohibited"
"Sep 16, 2024","182-Day","16.62%","Rock Investment Bank | Licensed to kironjiemmanuel@gmail.com | Ref RIB-2EB094A9EE89 | 10/6/2026, 4:40:51 PM | Confidential - redistribution prohibited"
"Sep 16, 2024","364-Day","16.82%","Rock Investment Bank | Licensed to kironjiemmanuel@gmail.com | Ref RIB-2EB094A9EE89 | 10/6/2026, 4:40:51 PM | Confidential - redistribution prohibited"
"Sep 23, 2024","91-Day","15.75%","Rock Investment Bank | Licensed to kironjiemmanuel@gmail.com | Ref RIB-2EB094A9EE89 | 10/6/2026, 4:40:51 PM | Confidential - redistribution prohibited"
"Sep 23, 2024","182-Day","16.62%","Rock Investment Bank | Licensed to kironjiemmanuel@gmail.com | Ref RIB-2EB094A9EE89 | 10/6/2026, 4:40:51 PM | Confidential - redistribution prohibited"
"Sep 23, 2024","364-Day","16.81%","Rock Investment Bank | Licensed to kironjiemmanuel@gmail.com | Ref RIB-2EB094A9EE89 | 10/6/2026, 4:40:51 PM | Confidential - redistribution prohibited"
"Sep 30, 2024","91-Day","15.72%","Rock Investment Bank | Licensed to kironjiemmanuel@gmail.com | Ref RIB-2EB094A9EE89 | 10/6/2026, 4:40:51 PM | Confidential - redistribution prohibited"
"Sep 30, 2024","182-Day","16.59%","Rock Investment Bank | Licensed to kironjiemmanuel@gmail.com | Ref RIB-2EB094A9EE89 | 10/6/2026, 4:40:51 PM | Confidential - redistribution prohibited"
"Sep 30, 2024","364-Day","16.80%","Rock Investment Bank | Licensed to kironjiemmanuel@gmail.com | Ref RIB-2EB094A9EE89 | 10/6/2026, 4:40:51 PM | Confidential - redistribution prohibited"
"Oct 7, 2024","91-Day","15.69%","Rock Investment Bank | Licensed to kironjiemmanuel@gmail.com | Ref RIB-2EB094A9EE89 | 10/6/2026, 4:40:51 PM | Confidential - redistribution prohibited"
"Oct 7, 2024","182-Day","16.50%","Rock Investment Bank | Licensed to kironjiemmanuel@gmail.com | Ref RIB-2EB094A9EE89 | 10/6/2026, 4:40:51 PM | Confidential - redistribution prohibited"
"Oct 7, 2024","364-Day","16.72%","Rock Investment Bank | Licensed to kironjiemmanuel@gmail.com | Ref RIB-2EB094A9EE89 | 10/6/2026, 4:40:51 PM | Confidential - redistribution prohibited"
"Oct 14, 2024","91-Day","14.99%","Rock Investment Bank | Licensed to kironjiemmanuel@gmail.com | Ref RIB-2EB094A9EE89 | 10/6/2026, 4:40:51 PM | Confidential - redistribution prohibited"
"Oct 14, 2024","182-Day","16.10%","Rock Investment Bank | Licensed to kironjiemmanuel@gmail.com | Ref RIB-2EB094A9EE89 | 10/6/2026, 4:40:51 PM | Confidential - redistribution prohibited"
"Oct 14, 2024","364-Day","16.34%","Rock Investment Bank | Licensed to kironjiemmanuel@gmail.com | Ref RIB-2EB094A9EE89 | 10/6/2026, 4:40:51 PM | Confidential - redistribution prohibited"
"Oct 21, 2024","91-Day","14.77%","Rock Investment Bank | Licensed to kironjiemmanuel@gmail.com | Ref RIB-2EB094A9EE89 | 10/6/2026, 4:40:51 PM | Confidential - redistribution prohibited"
"Oct 21, 2024","182-Day","15.64%","Rock Investment Bank | Licensed to kironjiemmanuel@gmail.com | Ref RIB-2EB094A9EE89 | 10/6/2026, 4:40:51 PM | Confidential - redistribution prohibited"
"Oct 21, 2024","364-Day","15.91%","Rock Investment Bank | Licensed to kironjiemmanuel@gmail.com | Ref RIB-2EB094A9EE89 | 10/6/2026, 4:40:51 PM | Confidential - redistribution prohibited"
"Oct 28, 2024","91-Day","14.43%","Rock Investment Bank | Licensed to kironjiemmanuel@gmail.com | Ref RIB-2EB094A9EE89 | 10/6/2026, 4:40:51 PM | Confidential - redistribution prohibited"
"Oct 28, 2024","182-Day","15.15%","Rock Investment Bank | Licensed to kironjiemmanuel@gmail.com | Ref RIB-2EB094A9EE89 | 10/6/2026, 4:40:51 PM | Confidential - redistribution prohibited"
"Oct 28, 2024","364-Day","15.47%","Rock Investment Bank | Licensed to kironjiemmanuel@gmail.com | Ref RIB-2EB094A9EE89 | 10/6/2026, 4:40:51 PM | Confidential - redistribution prohibited"
"Nov 4, 2024","91-Day","13.97%","Rock Investment Bank | Licensed to kironjiemmanuel@gmail.com | Ref RIB-2EB094A9EE89 | 10/6/2026, 4:40:51 PM | Confidential - redistribution prohibited"
"Nov 4, 2024","182-Day","14.52%","Rock Investment Bank | Licensed to kironjiemmanuel@gmail.com | Ref RIB-2EB094A9EE89 | 10/6/2026, 4:40:51 PM | Confidential - redistribution prohibited"
"Nov 4, 2024","364-Day","14.97%","Rock Investment Bank | Licensed to kironjiemmanuel@gmail.com | Ref RIB-2EB094A9EE89 | 10/6/2026, 4:40:51 PM | Confidential - redistribution prohibited"
"Nov 11, 2024","91-Day","13.45%","Rock Investment Bank | Licensed to kironjiemmanuel@gmail.com | Ref RIB-2EB094A9EE89 | 10/6/2026, 4:40:51 PM | Confidential - redistribution prohibited"
"Nov 11, 2024","182-Day","13.84%","Rock Investment Bank | Licensed to kironjiemmanuel@gmail.com | Ref RIB-2EB094A9EE89 | 10/6/2026, 4:40:51 PM | Confidential - redistribution prohibited"
"Nov 11, 2024","364-Day","14.45%","Rock Investment Bank | Licensed to kironjiemmanuel@gmail.com | Ref RIB-2EB094A9EE89 | 10/6/2026, 4:40:51 PM | Confidential - redistribution prohibited"
"Nov 18, 2024","91-Day","12.79%","Rock Investment Bank | Licensed to kironjiemmanuel@gmail.com | Ref RIB-2EB094A9EE89 | 10/6/2026, 4:40:51 PM | Confidential - redistribution prohibited"
"Nov 18, 2024","182-Day","13.06%","Rock Investment Bank | Licensed to kironjiemmanuel@gmail.com | Ref RIB-2EB094A9EE89 | 10/6/2026, 4:40:51 PM | Confidential - redistribution prohibited"
"Nov 18, 2024","364-Day","13.90%","Rock Investment Bank | Licensed to kironjiemmanuel@gmail.com | Ref RIB-2EB094A9EE89 | 10/6/2026, 4:40:51 PM | Confidential - redistribution prohibited"
"Nov 25, 2024","91-Day","12.03%","Rock Investment Bank | Licensed to kironjiemmanuel@gmail.com | Ref RIB-2EB094A9EE89 | 10/6/2026, 4:40:51 PM | Confidential - redistribution prohibited"
"Nov 25, 2024","182-Day","12.21%","Rock Investment Bank | Licensed to kironjiemmanuel@gmail.com | Ref RIB-2EB094A9EE89 | 10/6/2026, 4:40:51 PM | Confidential - redistribution prohibited"
"Nov 25, 2024","364-Day","13.29%","Rock Investment Bank | Licensed to kironjiemmanuel@gmail.com | Ref RIB-2EB094A9EE89 | 10/6/2026, 4:40:51 PM | Confidential - redistribution prohibited"
"Dec 2, 2024","91-Day","11.25%","Rock Investment Bank | Licensed to kironjiemmanuel@gmail.com | Ref RIB-2EB094A9EE89 | 10/6/2026, 4:40:51 PM | Confidential - redistribution prohibited"
"Dec 2, 2024","182-Day","11.34%","Rock Investment Bank | Licensed to kironjiemmanuel@gmail.com | Ref RIB-2EB094A9EE89 | 10/6/2026, 4:40:51 PM | Confidential - redistribution prohibited"
"Dec 2, 2024","364-Day","12.49%","Rock Investment Bank | Licensed to kironjiemmanuel@gmail.com | Ref RIB-2EB094A9EE89 | 10/6/2026, 4:40:51 PM | Confidential - redistribution prohibited"
"Dec 9, 2024","91-Day","10.46%","Rock Investment Bank | Licensed to kironjiemmanuel@gmail.com | Ref RIB-2EB094A9EE89 | 10/6/2026, 4:40:51 PM | Confidential - redistribution prohibited"
"Dec 9, 2024","182-Day","10.55%","Rock Investment Bank | Licensed to kironjiemmanuel@gmail.com | Ref RIB-2EB094A9EE89 | 10/6/2026, 4:40:51 PM | Confidential - redistribution prohibited"
"Dec 9, 2024","364-Day","11.97%","Rock Investment Bank | Licensed to kironjiemmanuel@gmail.com | Ref RIB-2EB094A9EE89 | 10/6/2026, 4:40:51 PM | Confidential - redistribution prohibited"
"Dec 16, 2024","91-Day","10.03%","Rock Investment Bank | Licensed to kironjiemmanuel@gmail.com | Ref RIB-2EB094A9EE89 | 10/6/2026, 4:40:51 PM | Confidential - redistribution prohibited"
"Dec 16, 2024","182-Day","10.00%","Rock Investment Bank | Licensed to kironjiemmanuel@gmail.com | Ref RIB-2EB094A9EE89 | 10/6/2026, 4:40:51 PM | Confidential - redistribution prohibited"
"Dec 16, 2024","364-Day","11.76%","Rock Investment Bank | Licensed to kironjiemmanuel@gmail.com | Ref RIB-2EB094A9EE89 | 10/6/2026, 4:40:51 PM | Confidential - redistribution prohibited"
"Dec 23, 2024","91-Day","9.95%","Rock Investment Bank | Licensed to kironjiemmanuel@gmail.com | Ref RIB-2EB094A9EE89 | 10/6/2026, 4:40:51 PM | Confidential - redistribution prohibited"
"Dec 23, 2024","182-Day","10.02%","Rock Investment Bank | Licensed to kironjiemmanuel@gmail.com | Ref RIB-2EB094A9EE89 | 10/6/2026, 4:40:51 PM | Confidential - redistribution prohibited"
"Dec 23, 2024","364-Day","11.54%","Rock Investment Bank | Licensed to kironjiemmanuel@gmail.com | Ref RIB-2EB094A9EE89 | 10/6/2026, 4:40:51 PM | Confidential - redistribution prohibited"
"Dec 30, 2024","91-Day","9.89%","Rock Investment Bank | Licensed to kironjiemmanuel@gmail.com | Ref RIB-2EB094A9EE89 | 10/6/2026, 4:40:51 PM | Confidential - redistribution prohibited"
"Dec 30, 2024","182-Day","10.02%","Rock Investment Bank | Licensed to kironjiemmanuel@gmail.com | Ref RIB-2EB094A9EE89 | 10/6/2026, 4:40:51 PM | Confidential - redistribution prohibited"
"Dec 30, 2024","364-Day","11.41%","Rock Investment Bank | Licensed to kironjiemmanuel@gmail.com | Ref RIB-2EB094A9EE89 | 10/6/2026, 4:40:51 PM | Confidential - redistribution prohibited"
"Jan 6, 2025","91-Day","9.83%","Rock Investment Bank | Licensed to kironjiemmanuel@gmail.com | Ref RIB-2EB094A9EE89 | 10/6/2026, 4:40:51 PM | Confidential - redistribution prohibited"
"Jan 6, 2025","182-Day","10.03%","Rock Investment Bank | Licensed to kironjiemmanuel@gmail.com | Ref RIB-2EB094A9EE89 | 10/6/2026, 4:40:51 PM | Confidential - redistribution prohibited"
"Jan 6, 2025","364-Day","11.37%","Rock Investment Bank | Licensed to kironjiemmanuel@gmail.com | Ref RIB-2EB094A9EE89 | 10/6/2026, 4:40:51 PM | Confidential - redistribution prohibited"
"Jan 13, 2025","91-Day","9.59%","Rock Investment Bank | Licensed to kironjiemmanuel@gmail.com | Ref RIB-2EB094A9EE89 | 10/6/2026, 4:40:51 PM | Confidential - redistribution prohibited"
"Jan 13, 2025","182-Day","10.03%","Rock Investment Bank | Licensed to kironjiemmanuel@gmail.com | Ref RIB-2EB094A9EE89 | 10/6/2026, 4:40:51 PM | Confidential - redistribution prohibited"
"Jan 13, 2025","364-Day","11.33%","Rock Investment Bank | Licensed to kironjiemmanuel@gmail.com | Ref RIB-2EB094A9EE89 | 10/6/2026, 4:40:51 PM | Confidential - redistribution prohibited"
"Jan 20, 2025","91-Day","9.56%","Rock Investment Bank | Licensed to kironjiemmanuel@gmail.com | Ref RIB-2EB094A9EE89 | 10/6/2026, 4:40:51 PM | Confidential - redistribution prohibited"
"Jan 20, 2025","182-Day","10.03%","Rock Investment Bank | Licensed to kironjiemmanuel@gmail.com | Ref RIB-2EB094A9EE89 | 10/6/2026, 4:40:51 PM | Confidential - redistribution prohibited"
"Jan 20, 2025","364-Day","11.30%","Rock Investment Bank | Licensed to kironjiemmanuel@gmail.com | Ref RIB-2EB094A9EE89 | 10/6/2026, 4:40:51 PM | Confidential - redistribution prohibited"
"Jan 27, 2025","91-Day","9.53%","Rock Investment Bank | Licensed to kironjiemmanuel@gmail.com | Ref RIB-2EB094A9EE89 | 10/6/2026, 4:40:51 PM | Confidential - redistribution prohibited"
"Jan 27, 2025","182-Day","10.03%","Rock Investment Bank | Licensed to kironjiemmanuel@gmail.com | Ref RIB-2EB094A9EE89 | 10/6/2026, 4:40:51 PM | Confidential - redistribution prohibited"
"Jan 27, 2025","364-Day","11.29%","Rock Investment Bank | Licensed to kironjiemmanuel@gmail.com | Ref RIB-2EB094A9EE89 | 10/6/2026, 4:40:51 PM | Confidential - redistribution prohibited"
"Feb 3, 2025","91-Day","9.52%","Rock Investment Bank | Licensed to kironjiemmanuel@gmail.com | Ref RIB-2EB094A9EE89 | 10/6/2026, 4:40:51 PM | Confidential - redistribution prohibited"
"Feb 3, 2025","182-Day","10.03%","Rock Investment Bank | Licensed to kironjiemmanuel@gmail.com | Ref RIB-2EB094A9EE89 | 10/6/2026, 4:40:51 PM | Confidential - redistribution prohibited"
"Feb 3, 2025","364-Day","11.31%","Rock Investment Bank | Licensed to kironjiemmanuel@gmail.com | Ref RIB-2EB094A9EE89 | 10/6/2026, 4:40:51 PM | Confidential - redistribution prohibited"
"Feb 10, 2025","91-Day","9.12%","Rock Investment Bank | Licensed to kironjiemmanuel@gmail.com | Ref RIB-2EB094A9EE89 | 10/6/2026, 4:40:51 PM | Confidential - redistribution prohibited"
"Feb 10, 2025","182-Day","9.52%","Rock Investment Bank | Licensed to kironjiemmanuel@gmail.com | Ref RIB-2EB094A9EE89 | 10/6/2026, 4:40:51 PM | Confidential - redistribution prohibited"
"Feb 10, 2025","364-Day","10.76%","Rock Investment Bank | Licensed to kironjiemmanuel@gmail.com | Ref RIB-2EB094A9EE89 | 10/6/2026, 4:40:51 PM | Confidential - redistribution prohibited"
"Feb 17, 2025","91-Day","8.97%","Rock Investment Bank | Licensed to kironjiemmanuel@gmail.com | Ref RIB-2EB094A9EE89 | 10/6/2026, 4:40:51 PM | Confidential - redistribution prohibited"
"Feb 17, 2025","182-Day","9.41%","Rock Investment Bank | Licensed to kironjiemmanuel@gmail.com | Ref RIB-2EB094A9EE89 | 10/6/2026, 4:40:51 PM | Confidential - redistribution prohibited"
"Feb 17, 2025","364-Day","10.59%","Rock Investment Bank | Licensed to kironjiemmanuel@gmail.com | Ref RIB-2EB094A9EE89 | 10/6/2026, 4:40:51 PM | Confidential - redistribution prohibited"
"Feb 24, 2025","91-Day","8.95%","Rock Investment Bank | Licensed to kironjiemmanuel@gmail.com | Ref RIB-2EB094A9EE89 | 10/6/2026, 4:40:51 PM | Confidential - redistribution prohibited"
"Feb 24, 2025","182-Day","9.31%","Rock Investment Bank | Licensed to kironjiemmanuel@gmail.com | Ref RIB-2EB094A9EE89 | 10/6/2026, 4:40:51 PM | Confidential - redistribution prohibited"
"Feb 24, 2025","364-Day","10.53%","Rock Investment Bank | Licensed to kironjiemmanuel@gmail.com | Ref RIB-2EB094A9EE89 | 10/6/2026, 4:40:51 PM | Confidential - redistribution prohibited"
"Mar 3, 2025","91-Day","8.94%","Rock Investment Bank | Licensed to kironjiemmanuel@gmail.com | Ref RIB-2EB094A9EE89 | 10/6/2026, 4:40:51 PM | Confidential - redistribution prohibited"
"Mar 3, 2025","182-Day","9.24%","Rock Investment Bank | Licensed to kironjiemmanuel@gmail.com | Ref RIB-2EB094A9EE89 | 10/6/2026, 4:40:51 PM | Confidential - redistribution prohibited"
"Mar 3, 2025","364-Day","10.50%","Rock Investment Bank | Licensed to kironjiemmanuel@gmail.com | Ref RIB-2EB094A9EE89 | 10/6/2026, 4:40:51 PM | Confidential - redistribution prohibited"
"Mar 10, 2025","91-Day","8.92%","Rock Investment Bank | Licensed to kironjiemmanuel@gmail.com | Ref RIB-2EB094A9EE89 | 10/6/2026, 4:40:51 PM | Confidential - redistribution prohibited"
"Mar 10, 2025","182-Day","9.15%","Rock Investment Bank | Licensed to kironjiemmanuel@gmail.com | Ref RIB-2EB094A9EE89 | 10/6/2026, 4:40:51 PM | Confidential - redistribution prohibited"
"Mar 10, 2025","364-Day","10.50%","Rock Investment Bank | Licensed to kironjiemmanuel@gmail.com | Ref RIB-2EB094A9EE89 | 10/6/2026, 4:40:51 PM | Confidential - redistribution prohibited"
"Mar 17, 2025","91-Day","8.92%","Rock Investment Bank | Licensed to kironjiemmanuel@gmail.com | Ref RIB-2EB094A9EE89 | 10/6/2026, 4:40:51 PM | Confidential - redistribution prohibited"
"Mar 17, 2025","182-Day","9.11%","Rock Investment Bank | Licensed to kironjiemmanuel@gmail.com | Ref RIB-2EB094A9EE89 | 10/6/2026, 4:40:51 PM | Confidential - redistribution prohibited"
"Mar 17, 2025","364-Day","10.47%","Rock Investment Bank | Licensed to kironjiemmanuel@gmail.com | Ref RIB-2EB094A9EE89 | 10/6/2026, 4:40:51 PM | Confidential - redistribution prohibited"
"Mar 24, 2025","91-Day","8.84%","Rock Investment Bank | Licensed to kironjiemmanuel@gmail.com | Ref RIB-2EB094A9EE89 | 10/6/2026, 4:40:51 PM | Confidential - redistribution prohibited"
"Mar 24, 2025","182-Day","9.09%","Rock Investment Bank | Licensed to kironjiemmanuel@gmail.com | Ref RIB-2EB094A9EE89 | 10/6/2026, 4:40:51 PM | Confidential - redistribution prohibited"
"Mar 24, 2025","364-Day","10.46%","Rock Investment Bank | Licensed to kironjiemmanuel@gmail.com | Ref RIB-2EB094A9EE89 | 10/6/2026, 4:40:51 PM | Confidential - redistribution prohibited"
"Mar 31, 2025","91-Day","8.79%","Rock Investment Bank | Licensed to kironjiemmanuel@gmail.com | Ref RIB-2EB094A9EE89 | 10/6/2026, 4:40:51 PM | Confidential - redistribution prohibited"
"Mar 31, 2025","182-Day","9.06%","Rock Investment Bank | Licensed to kironjiemmanuel@gmail.com | Ref RIB-2EB094A9EE89 | 10/6/2026, 4:40:51 PM | Confidential - redistribution prohibited"
"Mar 31, 2025","364-Day","10.41%","Rock Investment Bank | Licensed to kironjiemmanuel@gmail.com | Ref RIB-2EB094A9EE89 | 10/6/2026, 4:40:51 PM | Confidential - redistribution prohibited"
"Apr 7, 2025","91-Day","8.63%","Rock Investment Bank | Licensed to kironjiemmanuel@gmail.com | Ref RIB-2EB094A9EE89 | 10/6/2026, 4:40:51 PM | Confidential - redistribution prohibited"
"Apr 7, 2025","182-Day","9.04%","Rock Investment Bank | Licensed to kironjiemmanuel@gmail.com | Ref RIB-2EB094A9EE89 | 10/6/2026, 4:40:51 PM | Confidential - redistribution prohibited"
"Apr 7, 2025","364-Day","10.39%","Rock Investment Bank | Licensed to kironjiemmanuel@gmail.com | Ref RIB-2EB094A9EE89 | 10/6/2026, 4:40:51 PM | Confidential - redistribution prohibited"
"Apr 14, 2025","91-Day","8.50%","Rock Investment Bank | Licensed to kironjiemmanuel@gmail.com | Ref RIB-2EB094A9EE89 | 10/6/2026, 4:40:51 PM | Confidential - redistribution prohibited"
"Apr 14, 2025","182-Day","8.89%","Rock Investment Bank | Licensed to kironjiemmanuel@gmail.com | Ref RIB-2EB094A9EE89 | 10/6/2026, 4:40:51 PM | Confidential - redistribution prohibited"
"Apr 14, 2025","364-Day","10.23%","Rock Investment Bank | Licensed to kironjiemmanuel@gmail.com | Ref RIB-2EB094A9EE89 | 10/6/2026, 4:40:51 PM | Confidential - redistribution prohibited"
"Apr 21, 2025","91-Day","8.47%","Rock Investment Bank | Licensed to kironjiemmanuel@gmail.com | Ref RIB-2EB094A9EE89 | 10/6/2026, 4:40:51 PM | Confidential - redistribution prohibited"
"Apr 21, 2025","182-Day","8.76%","Rock Investment Bank | Licensed to kironjiemmanuel@gmail.com | Ref RIB-2EB094A9EE89 | 10/6/2026, 4:40:51 PM | Confidential - redistribution prohibited"
"Apr 21, 2025","364-Day","10.07%","Rock Investment Bank | Licensed to kironjiemmanuel@gmail.com | Ref RIB-2EB094A9EE89 | 10/6/2026, 4:40:51 PM | Confidential - redistribution prohibited"
"Apr 28, 2025","91-Day","8.44%","Rock Investment Bank | Licensed to kironjiemmanuel@gmail.com | Ref RIB-2EB094A9EE89 | 10/6/2026, 4:40:51 PM | Confidential - redistribution prohibited"
"Apr 28, 2025","182-Day","8.62%","Rock Investment Bank | Licensed to kironjiemmanuel@gmail.com | Ref RIB-2EB094A9EE89 | 10/6/2026, 4:40:51 PM | Confidential - redistribution prohibited"
"Apr 28, 2025","364-Day","10.02%","Rock Investment Bank | Licensed to kironjiemmanuel@gmail.com | Ref RIB-2EB094A9EE89 | 10/6/2026, 4:40:51 PM | Confidential - redistribution prohibited"
"May 5, 2025","91-Day","8.41%","Rock Investment Bank | Licensed to kironjiemmanuel@gmail.com | Ref RIB-2EB094A9EE89 | 10/6/2026, 4:40:51 PM | Confidential - redistribution prohibited"
"May 5, 2025","182-Day","8.62%","Rock Investment Bank | Licensed to kironjiemmanuel@gmail.com | Ref RIB-2EB094A9EE89 | 10/6/2026, 4:40:51 PM | Confidential - redistribution prohibited"
"May 5, 2025","364-Day","10.01%","Rock Investment Bank | Licensed to kironjiemmanuel@gmail.com | Ref RIB-2EB094A9EE89 | 10/6/2026, 4:40:51 PM | Confidential - redistribution prohibited"
"May 12, 2025","91-Day","8.38%","Rock Investment Bank | Licensed to kironjiemmanuel@gmail.com | Ref RIB-2EB094A9EE89 | 10/6/2026, 4:40:51 PM | Confidential - redistribution prohibited"
"May 12, 2025","182-Day","8.60%","Rock Investment Bank | Licensed to kironjiemmanuel@gmail.com | Ref RIB-2EB094A9EE89 | 10/6/2026, 4:40:51 PM | Confidential - redistribution prohibited"
"May 12, 2025","364-Day","10.01%","Rock Investment Bank | Licensed to kironjiemmanuel@gmail.com | Ref RIB-2EB094A9EE89 | 10/6/2026, 4:40:51 PM | Confidential - redistribution prohibited"
"May 19, 2025","91-Day","8.37%","Rock Investment Bank | Licensed to kironjiemmanuel@gmail.com | Ref RIB-2EB094A9EE89 | 10/6/2026, 4:40:51 PM | Confidential - redistribution prohibited"
"May 19, 2025","182-Day","8.58%","Rock Investment Bank | Licensed to kironjiemmanuel@gmail.com | Ref RIB-2EB094A9EE89 | 10/6/2026, 4:40:51 PM | Confidential - redistribution prohibited"
"May 19, 2025","364-Day","10.00%","Rock Investment Bank | Licensed to kironjiemmanuel@gmail.com | Ref RIB-2EB094A9EE89 | 10/6/2026, 4:40:51 PM | Confidential - redistribution prohibited"
"May 26, 2025","91-Day","8.32%","Rock Investment Bank | Licensed to kironjiemmanuel@gmail.com | Ref RIB-2EB094A9EE89 | 10/6/2026, 4:40:51 PM | Confidential - redistribution prohibited"
"May 26, 2025","182-Day","8.58%","Rock Investment Bank | Licensed to kironjiemmanuel@gmail.com | Ref RIB-2EB094A9EE89 | 10/6/2026, 4:40:51 PM | Confidential - redistribution prohibited"
"May 26, 2025","364-Day","10.00%","Rock Investment Bank | Licensed to kironjiemmanuel@gmail.com | Ref RIB-2EB094A9EE89 | 10/6/2026, 4:40:51 PM | Confidential - redistribution prohibited"
"Jun 2, 2025","91-Day","8.29%","Rock Investment Bank | Licensed to kironjiemmanuel@gmail.com | Ref RIB-2EB094A9EE89 | 10/6/2026, 4:40:51 PM | Confidential - redistribution prohibited"
"Jun 2, 2025","182-Day","8.56%","Rock Investment Bank | Licensed to kironjiemmanuel@gmail.com | Ref RIB-2EB094A9EE89 | 10/6/2026, 4:40:51 PM | Confidential - redistribution prohibited"
"Jun 2, 2025","364-Day","10.00%","Rock Investment Bank | Licensed to kironjiemmanuel@gmail.com | Ref RIB-2EB094A9EE89 | 10/6/2026, 4:40:51 PM | Confidential - redistribution prohibited"
"Jun 9, 2025","91-Day","8.28%","Rock Investment Bank | Licensed to kironjiemmanuel@gmail.com | Ref RIB-2EB094A9EE89 | 10/6/2026, 4:40:51 PM | Confidential - redistribution prohibited"
"Jun 9, 2025","182-Day","8.54%","Rock Investment Bank | Licensed to kironjiemmanuel@gmail.com | Ref RIB-2EB094A9EE89 | 10/6/2026, 4:40:51 PM | Confidential - redistribution prohibited"
"Jun 9, 2025","364-Day","10.00%","Rock Investment Bank | Licensed to kironjiemmanuel@gmail.com | Ref RIB-2EB094A9EE89 | 10/6/2026, 4:40:51 PM | Confidential - redistribution prohibited"
"Jun 16, 2025","91-Day","8.18%","Rock Investment Bank | Licensed to kironjiemmanuel@gmail.com | Ref RIB-2EB094A9EE89 | 10/6/2026, 4:40:51 PM | Confidential - redistribution prohibited"
"Jun 16, 2025","182-Day","8.49%","Rock Investment Bank | Licensed to kironjiemmanuel@gmail.com | Ref RIB-2EB094A9EE89 | 10/6/2026, 4:40:51 PM | Confidential - redistribution prohibited"
"Jun 16, 2025","364-Day","9.75%","Rock Investment Bank | Licensed to kironjiemmanuel@gmail.com | Ref RIB-2EB094A9EE89 | 10/6/2026, 4:40:51 PM | Confidential - redistribution prohibited"
"Jun 23, 2025","91-Day","8.17%","Rock Investment Bank | Licensed to kironjiemmanuel@gmail.com | Ref RIB-2EB094A9EE89 | 10/6/2026, 4:40:51 PM | Confidential - redistribution prohibited"
"Jun 23, 2025","182-Day","8.48%","Rock Investment Bank | Licensed to kironjiemmanuel@gmail.com | Ref RIB-2EB094A9EE89 | 10/6/2026, 4:40:51 PM | Confidential - redistribution prohibited"
"Jun 23, 2025","364-Day","9.74%","Rock Investment Bank | Licensed to kironjiemmanuel@gmail.com | Ref RIB-2EB094A9EE89 | 10/6/2026, 4:40:51 PM | Confidential - redistribution prohibited"
"Jun 30, 2025","91-Day","8.14%","Rock Investment Bank | Licensed to kironjiemmanuel@gmail.com | Ref RIB-2EB094A9EE89 | 10/6/2026, 4:40:51 PM | Confidential - redistribution prohibited"
"Jun 30, 2025","182-Day","8.46%","Rock Investment Bank | Licensed to kironjiemmanuel@gmail.com | Ref RIB-2EB094A9EE89 | 10/6/2026, 4:40:51 PM | Confidential - redistribution prohibited"
"Jun 30, 2025","364-Day","9.72%","Rock Investment Bank | Licensed to kironjiemmanuel@gmail.com | Ref RIB-2EB094A9EE89 | 10/6/2026, 4:40:51 PM | Confidential - redistribution prohibited"
"Jul 7, 2025","91-Day","8.15%","Rock Investment Bank | Licensed to kironjiemmanuel@gmail.com | Ref RIB-2EB094A9EE89 | 10/6/2026, 4:40:51 PM | Confidential - redistribution prohibited"
"Jul 7, 2025","182-Day","8.45%","Rock Investment Bank | Licensed to kironjiemmanuel@gmail.com | Ref RIB-2EB094A9EE89 | 10/6/2026, 4:40:51 PM | Confidential - redistribution prohibited"
"Jul 7, 2025","364-Day","9.71%","Rock Investment Bank | Licensed to kironjiemmanuel@gmail.com | Ref RIB-2EB094A9EE89 | 10/6/2026, 4:40:51 PM | Confidential - redistribution prohibited"
"Jul 14, 2025","91-Day","8.14%","Rock Investment Bank | Licensed to kironjiemmanuel@gmail.com | Ref RIB-2EB094A9EE89 | 10/6/2026, 4:40:51 PM | Confidential - redistribution prohibited"
"Jul 14, 2025","182-Day","8.44%","Rock Investment Bank | Licensed to kironjiemmanuel@gmail.com | Ref RIB-2EB094A9EE89 | 10/6/2026, 4:40:51 PM | Confidential - redistribution prohibited"
"Jul 14, 2025","364-Day","9.72%","Rock Investment Bank | Licensed to kironjiemmanuel@gmail.com | Ref RIB-2EB094A9EE89 | 10/6/2026, 4:40:51 PM | Confidential - redistribution prohibited"
"Jul 21, 2025","91-Day","8.13%","Rock Investment Bank | Licensed to kironjiemmanuel@gmail.com | Ref RIB-2EB094A9EE89 | 10/6/2026, 4:40:51 PM | Confidential - redistribution prohibited"
"Jul 21, 2025","182-Day","8.43%","Rock Investment Bank | Licensed to kironjiemmanuel@gmail.com | Ref RIB-2EB094A9EE89 | 10/6/2026, 4:40:51 PM | Confidential - redistribution prohibited"
"Jul 21, 2025","364-Day","9.73%","Rock Investment Bank | Licensed to kironjiemmanuel@gmail.com | Ref RIB-2EB094A9EE89 | 10/6/2026, 4:40:51 PM | Confidential - redistribution prohibited"
"Jul 28, 2025","91-Day","8.12%","Rock Investment Bank | Licensed to kironjiemmanuel@gmail.com | Ref RIB-2EB094A9EE89 | 10/6/2026, 4:40:51 PM | Confidential - redistribution prohibited"
"Jul 28, 2025","182-Day","8.42%","Rock Investment Bank | Licensed to kironjiemmanuel@gmail.com | Ref RIB-2EB094A9EE89 | 10/6/2026, 4:40:51 PM | Confidential - redistribution prohibited"
"Jul 28, 2025","364-Day","9.72%","Rock Investment Bank | Licensed to kironjiemmanuel@gmail.com | Ref RIB-2EB094A9EE89 | 10/6/2026, 4:40:51 PM | Confidential - redistribution prohibited"
"Aug 4, 2025","91-Day","8.11%","Rock Investment Bank | Licensed to kironjiemmanuel@gmail.com | Ref RIB-2EB094A9EE89 | 10/6/2026, 4:40:51 PM | Confidential - redistribution prohibited"
"Aug 4, 2025","182-Day","8.41%","Rock Investment Bank | Licensed to kironjiemmanuel@gmail.com | Ref RIB-2EB094A9EE89 | 10/6/2026, 4:40:51 PM | Confidential - redistribution prohibited"
"Aug 4, 2025","364-Day","9.72%","Rock Investment Bank | Licensed to kironjiemmanuel@gmail.com | Ref RIB-2EB094A9EE89 | 10/6/2026, 4:40:51 PM | Confidential - redistribution prohibited"
"Aug 11, 2025","91-Day","8.08%","Rock Investment Bank | Licensed to kironjiemmanuel@gmail.com | Ref RIB-2EB094A9EE89 | 10/6/2026, 4:40:51 PM | Confidential - redistribution prohibited"
"Aug 11, 2025","182-Day","8.17%","Rock Investment Bank | Licensed to kironjiemmanuel@gmail.com | Ref RIB-2EB094A9EE89 | 10/6/2026, 4:40:51 PM | Confidential - redistribution prohibited"
"Aug 11, 2025","364-Day","9.71%","Rock Investment Bank | Licensed to kironjiemmanuel@gmail.com | Ref RIB-2EB094A9EE89 | 10/6/2026, 4:40:51 PM | Confidential - redistribution prohibited"
"Aug 18, 2025","91-Day","8.01%","Rock Investment Bank | Licensed to kironjiemmanuel@gmail.com | Ref RIB-2EB094A9EE89 | 10/6/2026, 4:40:51 PM | Confidential - redistribution prohibited"
"Aug 18, 2025","182-Day","8.12%","Rock Investment Bank | Licensed to kironjiemmanuel@gmail.com | Ref RIB-2EB094A9EE89 | 10/6/2026, 4:40:51 PM | Confidential - redistribution prohibited"
"Aug 18, 2025","364-Day","9.58%","Rock Investment Bank | Licensed to kironjiemmanuel@gmail.com | Ref RIB-2EB094A9EE89 | 10/6/2026, 4:40:51 PM | Confidential - redistribution prohibited"
"Aug 25, 2025","91-Day","8.00%","Rock Investment Bank | Licensed to kironjiemmanuel@gmail.com | Ref RIB-2EB094A9EE89 | 10/6/2026, 4:40:51 PM | Confidential - redistribution prohibited"
"Aug 25, 2025","182-Day","8.07%","Rock Investment Bank | Licensed to kironjiemmanuel@gmail.com | Ref RIB-2EB094A9EE89 | 10/6/2026, 4:40:51 PM | Confidential - redistribution prohibited"
"Aug 25, 2025","364-Day","8.07%","Rock Investment Bank | Licensed to kironjiemmanuel@gmail.com | Ref RIB-2EB094A9EE89 | 10/6/2026, 4:40:51 PM | Confidential - redistribution prohibited"
"Sep 1, 2025","91-Day","8.00%","Rock Investment Bank | Licensed to kironjiemmanuel@gmail.com | Ref RIB-2EB094A9EE89 | 10/6/2026, 4:40:51 PM | Confidential - redistribution prohibited"
"Sep 1, 2025","182-Day","8.05%","Rock Investment Bank | Licensed to kironjiemmanuel@gmail.com | Ref RIB-2EB094A9EE89 | 10/6/2026, 4:40:51 PM | Confidential - redistribution prohibited"
"Sep 1, 2025","364-Day","9.57%","Rock Investment Bank | Licensed to kironjiemmanuel@gmail.com | Ref RIB-2EB094A9EE89 | 10/6/2026, 4:40:51 PM | Confidential - redistribution prohibited"
"Sep 8, 2025","91-Day","7.99%","Rock Investment Bank | Licensed to kironjiemmanuel@gmail.com | Ref RIB-2EB094A9EE89 | 10/6/2026, 4:40:51 PM | Confidential - redistribution prohibited"
"Sep 8, 2025","182-Day","8.03%","Rock Investment Bank | Licensed to kironjiemmanuel@gmail.com | Ref RIB-2EB094A9EE89 | 10/6/2026, 4:40:51 PM | Confidential - redistribution prohibited"
"Sep 8, 2025","364-Day","9.58%","Rock Investment Bank | Licensed to kironjiemmanuel@gmail.com | Ref RIB-2EB094A9EE89 | 10/6/2026, 4:40:51 PM | Confidential - redistribution prohibited"
"Sep 15, 2025","91-Day","7.97%","Rock Investment Bank | Licensed to kironjiemmanuel@gmail.com | Ref RIB-2EB094A9EE89 | 10/6/2026, 4:40:51 PM | Confidential - redistribution prohibited"
"Sep 15, 2025","182-Day","8.02%","Rock Investment Bank | Licensed to kironjiemmanuel@gmail.com | Ref RIB-2EB094A9EE89 | 10/6/2026, 4:40:51 PM | Confidential - redistribution prohibited"
"Sep 15, 2025","364-Day","9.55%","Rock Investment Bank | Licensed to kironjiemmanuel@gmail.com | Ref RIB-2EB094A9EE89 | 10/6/2026, 4:40:51 PM | Confidential - redistribution prohibited"
"Sep 22, 2025","91-Day","7.95%","Rock Investment Bank | Licensed to kironjiemmanuel@gmail.com | Ref RIB-2EB094A9EE89 | 10/6/2026, 4:40:51 PM | Confidential - redistribution prohibited"
"Sep 22, 2025","182-Day","8.01%","Rock Investment Bank | Licensed to kironjiemmanuel@gmail.com | Ref RIB-2EB094A9EE89 | 10/6/2026, 4:40:51 PM | Confidential - redistribution prohibited"
"Sep 22, 2025","364-Day","9.54%","Rock Investment Bank | Licensed to kironjiemmanuel@gmail.com | Ref RIB-2EB094A9EE89 | 10/6/2026, 4:40:51 PM | Confidential - redistribution prohibited"
"Sep 29, 2025","91-Day","7.91%","Rock Investment Bank | Licensed to kironjiemmanuel@gmail.com | Ref RIB-2EB094A9EE89 | 10/6/2026, 4:40:51 PM | Confidential - redistribution prohibited"
"Sep 29, 2025","182-Day","7.99%","Rock Investment Bank | Licensed to kironjiemmanuel@gmail.com | Ref RIB-2EB094A9EE89 | 10/6/2026, 4:40:51 PM | Confidential - redistribution prohibited"
"Sep 29, 2025","364-Day","9.53%","Rock Investment Bank | Licensed to kironjiemmanuel@gmail.com | Ref RIB-2EB094A9EE89 | 10/6/2026, 4:40:51 PM | Confidential - redistribution prohibited"
"Oct 6, 2025","91-Day","7.92%","Rock Investment Bank | Licensed to kironjiemmanuel@gmail.com | Ref RIB-2EB094A9EE89 | 10/6/2026, 4:40:51 PM | Confidential - redistribution prohibited"
"Oct 6, 2025","182-Day","7.98%","Rock Investment Bank | Licensed to kironjiemmanuel@gmail.com | Ref RIB-2EB094A9EE89 | 10/6/2026, 4:40:51 PM | Confidential - redistribution prohibited"
"Oct 6, 2025","364-Day","9.54%","Rock Investment Bank | Licensed to kironjiemmanuel@gmail.com | Ref RIB-2EB094A9EE89 | 10/6/2026, 4:40:51 PM | Confidential - redistribution prohibited"
"Oct 13, 2025","91-Day","7.89%","Rock Investment Bank | Licensed to kironjiemmanuel@gmail.com | Ref RIB-2EB094A9EE89 | 10/6/2026, 4:40:51 PM | Confidential - redistribution prohibited"
"Oct 13, 2025","182-Day","7.93%","Rock Investment Bank | Licensed to kironjiemmanuel@gmail.com | Ref RIB-2EB094A9EE89 | 10/6/2026, 4:40:51 PM | Confidential - redistribution prohibited"
"Oct 13, 2025","364-Day","9.39%","Rock Investment Bank | Licensed to kironjiemmanuel@gmail.com | Ref RIB-2EB094A9EE89 | 10/6/2026, 4:40:51 PM | Confidential - redistribution prohibited"
"Oct 20, 2025","91-Day","7.86%","Rock Investment Bank | Licensed to kironjiemmanuel@gmail.com | Ref RIB-2EB094A9EE89 | 10/6/2026, 4:40:51 PM | Confidential - redistribution prohibited"
"Oct 20, 2025","182-Day","7.91%","Rock Investment Bank | Licensed to kironjiemmanuel@gmail.com | Ref RIB-2EB094A9EE89 | 10/6/2026, 4:40:51 PM | Confidential - redistribution prohibited"
"Oct 20, 2025","364-Day","9.36%","Rock Investment Bank | Licensed to kironjiemmanuel@gmail.com | Ref RIB-2EB094A9EE89 | 10/6/2026, 4:40:51 PM | Confidential - redistribution prohibited"
"Oct 27, 2025","91-Day","7.83%","Rock Investment Bank | Licensed to kironjiemmanuel@gmail.com | Ref RIB-2EB094A9EE89 | 10/6/2026, 4:40:51 PM | Confidential - redistribution prohibited"
"Oct 27, 2025","182-Day","7.87%","Rock Investment Bank | Licensed to kironjiemmanuel@gmail.com | Ref RIB-2EB094A9EE89 | 10/6/2026, 4:40:51 PM | Confidential - redistribution prohibited"
"Oct 27, 2025","364-Day","9.35%","Rock Investment Bank | Licensed to kironjiemmanuel@gmail.com | Ref RIB-2EB094A9EE89 | 10/6/2026, 4:40:51 PM | Confidential - redistribution prohibited"
"Nov 3, 2025","91-Day","7.81%","Rock Investment Bank | Licensed to kironjiemmanuel@gmail.com | Ref RIB-2EB094A9EE89 | 10/6/2026, 4:40:51 PM | Confidential - redistribution prohibited"
"Nov 3, 2025","182-Day","7.90%","Rock Investment Bank | Licensed to kironjiemmanuel@gmail.com | Ref RIB-2EB094A9EE89 | 10/6/2026, 4:40:51 PM | Confidential - redistribution prohibited"
"Nov 3, 2025","364-Day","9.34%","Rock Investment Bank | Licensed to kironjiemmanuel@gmail.com | Ref RIB-2EB094A9EE89 | 10/6/2026, 4:40:51 PM | Confidential - redistribution prohibited"
"Nov 10, 2025","91-Day","7.79%","Rock Investment Bank | Licensed to kironjiemmanuel@gmail.com | Ref RIB-2EB094A9EE89 | 10/6/2026, 4:40:51 PM | Confidential - redistribution prohibited"
"Nov 10, 2025","182-Day","7.92%","Rock Investment Bank | Licensed to kironjiemmanuel@gmail.com | Ref RIB-2EB094A9EE89 | 10/6/2026, 4:40:51 PM | Confidential - redistribution prohibited"
"Nov 10, 2025","364-Day","9.35%","Rock Investment Bank | Licensed to kironjiemmanuel@gmail.com | Ref RIB-2EB094A9EE89 | 10/6/2026, 4:40:51 PM | Confidential - redistribution prohibited"
"Nov 17, 2025","91-Day","7.79%","Rock Investment Bank | Licensed to kironjiemmanuel@gmail.com | Ref RIB-2EB094A9EE89 | 10/6/2026, 4:40:51 PM | Confidential - redistribution prohibited"
"Nov 17, 2025","182-Day","7.79%","Rock Investment Bank | Licensed to kironjiemmanuel@gmail.com | Ref RIB-2EB094A9EE89 | 10/6/2026, 4:40:51 PM | Confidential - redistribution prohibited"
"Nov 17, 2025","364-Day","9.36%","Rock Investment Bank | Licensed to kironjiemmanuel@gmail.com | Ref RIB-2EB094A9EE89 | 10/6/2026, 4:40:51 PM | Confidential - redistribution prohibited"
"Nov 24, 2025","91-Day","7.78%","Rock Investment Bank | Licensed to kironjiemmanuel@gmail.com | Ref RIB-2EB094A9EE89 | 10/6/2026, 4:40:51 PM | Confidential - redistribution prohibited"
"Nov 24, 2025","182-Day","7.80%","Rock Investment Bank | Licensed to kironjiemmanuel@gmail.com | Ref RIB-2EB094A9EE89 | 10/6/2026, 4:40:51 PM | Confidential - redistribution prohibited"
"Nov 24, 2025","364-Day","9.38%","Rock Investment Bank | Licensed to kironjiemmanuel@gmail.com | Ref RIB-2EB094A9EE89 | 10/6/2026, 4:40:51 PM | Confidential - redistribution prohibited"
"Dec 1, 2025","91-Day","7.78%","Rock Investment Bank | Licensed to kironjiemmanuel@gmail.com | Ref RIB-2EB094A9EE89 | 10/6/2026, 4:40:51 PM | Confidential - redistribution prohibited"
"Dec 1, 2025","182-Day","7.80%","Rock Investment Bank | Licensed to kironjiemmanuel@gmail.com | Ref RIB-2EB094A9EE89 | 10/6/2026, 4:40:51 PM | Confidential - redistribution prohibited"
"Dec 1, 2025","364-Day","9.38%","Rock Investment Bank | Licensed to kironjiemmanuel@gmail.com | Ref RIB-2EB094A9EE89 | 10/6/2026, 4:40:51 PM | Confidential - redistribution prohibited"
"Dec 8, 2025","91-Day","7.78%","Rock Investment Bank | Licensed to kironjiemmanuel@gmail.com | Ref RIB-2EB094A9EE89 | 10/6/2026, 4:40:51 PM | Confidential - redistribution prohibited"
"Dec 8, 2025","182-Day","7.80%","Rock Investment Bank | Licensed to kironjiemmanuel@gmail.com | Ref RIB-2EB094A9EE89 | 10/6/2026, 4:40:51 PM | Confidential - redistribution prohibited"
"Dec 8, 2025","364-Day","9.37%","Rock Investment Bank | Licensed to kironjiemmanuel@gmail.com | Ref RIB-2EB094A9EE89 | 10/6/2026, 4:40:51 PM | Confidential - redistribution prohibited"
"Dec 15, 2025","91-Day","7.78%","Rock Investment Bank | Licensed to kironjiemmanuel@gmail.com | Ref RIB-2EB094A9EE89 | 10/6/2026, 4:40:51 PM | Confidential - redistribution prohibited"
"Dec 15, 2025","182-Day","7.80%","Rock Investment Bank | Licensed to kironjiemmanuel@gmail.com | Ref RIB-2EB094A9EE89 | 10/6/2026, 4:40:51 PM | Confidential - redistribution prohibited"
"Dec 15, 2025","364-Day","9.24%","Rock Investment Bank | Licensed to kironjiemmanuel@gmail.com | Ref RIB-2EB094A9EE89 | 10/6/2026, 4:40:51 PM | Confidential - redistribution prohibited"
"Dec 22, 2025","91-Day","7.77%","Rock Investment Bank | Licensed to kironjiemmanuel@gmail.com | Ref RIB-2EB094A9EE89 | 10/6/2026, 4:40:51 PM | Confidential - redistribution prohibited"
"Dec 22, 2025","182-Day","7.80%","Rock Investment Bank | Licensed to kironjiemmanuel@gmail.com | Ref RIB-2EB094A9EE89 | 10/6/2026, 4:40:51 PM | Confidential - redistribution prohibited"
"Dec 22, 2025","364-Day","9.23%","Rock Investment Bank | Licensed to kironjiemmanuel@gmail.com | Ref RIB-2EB094A9EE89 | 10/6/2026, 4:40:51 PM | Confidential - redistribution prohibited"
"Dec 29, 2025","91-Day","7.73%","Rock Investment Bank | Licensed to kironjiemmanuel@gmail.com | Ref RIB-2EB094A9EE89 | 10/6/2026, 4:40:51 PM | Confidential - redistribution prohibited"
"Dec 29, 2025","182-Day","7.80%","Rock Investment Bank | Licensed to kironjiemmanuel@gmail.com | Ref RIB-2EB094A9EE89 | 10/6/2026, 4:40:51 PM | Confidential - redistribution prohibited"
"Dec 29, 2025","364-Day","9.21%","Rock Investment Bank | Licensed to kironjiemmanuel@gmail.com | Ref RIB-2EB094A9EE89 | 10/6/2026, 4:40:51 PM | Confidential - redistribution prohibited"
"Jan 5, 2026","91-Day","7.73%","Rock Investment Bank | Licensed to kironjiemmanuel@gmail.com | Ref RIB-2EB094A9EE89 | 10/6/2026, 4:40:51 PM | Confidential - redistribution prohibited"
"Jan 5, 2026","182-Day","7.80%","Rock Investment Bank | Licensed to kironjiemmanuel@gmail.com | Ref RIB-2EB094A9EE89 | 10/6/2026, 4:40:51 PM | Confidential - redistribution prohibited"
"Jan 5, 2026","364-Day","9.21%","Rock Investment Bank | Licensed to kironjiemmanuel@gmail.com | Ref RIB-2EB094A9EE89 | 10/6/2026, 4:40:51 PM | Confidential - redistribution prohibited"
"Jan 12, 2026","91-Day","7.73%","Rock Investment Bank | Licensed to kironjiemmanuel@gmail.com | Ref RIB-2EB094A9EE89 | 10/6/2026, 4:40:51 PM | Confidential - redistribution prohibited"
"Jan 12, 2026","182-Day","7.80%","Rock Investment Bank | Licensed to kironjiemmanuel@gmail.com | Ref RIB-2EB094A9EE89 | 10/6/2026, 4:40:51 PM | Confidential - redistribution prohibited"
"Jan 12, 2026","364-Day","9.20%","Rock Investment Bank | Licensed to kironjiemmanuel@gmail.com | Ref RIB-2EB094A9EE89 | 10/6/2026, 4:40:51 PM | Confidential - redistribution prohibited"
"Jan 19, 2026","91-Day","7.70%","Rock Investment Bank | Licensed to kironjiemmanuel@gmail.com | Ref RIB-2EB094A9EE89 | 10/6/2026, 4:40:51 PM | Confidential - redistribution prohibited"
"Jan 19, 2026","182-Day","7.80%","Rock Investment Bank | Licensed to kironjiemmanuel@gmail.com | Ref RIB-2EB094A9EE89 | 10/6/2026, 4:40:51 PM | Confidential - redistribution prohibited"
"Jan 19, 2026","364-Day","9.20%","Rock Investment Bank | Licensed to kironjiemmanuel@gmail.com | Ref RIB-2EB094A9EE89 | 10/6/2026, 4:40:51 PM | Confidential - redistribution prohibited"
"Jan 26, 2026","91-Day","7.73%","Rock Investment Bank | Licensed to kironjiemmanuel@gmail.com | Ref RIB-2EB094A9EE89 | 10/6/2026, 4:40:51 PM | Confidential - redistribution prohibited"
"Jan 26, 2026","182-Day","7.79%","Rock Investment Bank | Licensed to kironjiemmanuel@gmail.com | Ref RIB-2EB094A9EE89 | 10/6/2026, 4:40:51 PM | Confidential - redistribution prohibited"
"Jan 26, 2026","364-Day","9.20%","Rock Investment Bank | Licensed to kironjiemmanuel@gmail.com | Ref RIB-2EB094A9EE89 | 10/6/2026, 4:40:51 PM | Confidential - redistribution prohibited"
"Feb 2, 2026","91-Day","7.63%","Rock Investment Bank | Licensed to kironjiemmanuel@gmail.com | Ref RIB-2EB094A9EE89 | 10/6/2026, 4:40:51 PM | Confidential - redistribution prohibited"
"Feb 2, 2026","182-Day","7.80%","Rock Investment Bank | Licensed to kironjiemmanuel@gmail.com | Ref RIB-2EB094A9EE89 | 10/6/2026, 4:40:51 PM | Confidential - redistribution prohibited"
"Feb 2, 2026","364-Day","9.21%","Rock Investment Bank | Licensed to kironjiemmanuel@gmail.com | Ref RIB-2EB094A9EE89 | 10/6/2026, 4:40:51 PM | Confidential - redistribution prohibited"
"Feb 9, 2026","91-Day","7.63%","Rock Investment Bank | Licensed to kironjiemmanuel@gmail.com | Ref RIB-2EB094A9EE89 | 10/6/2026, 4:40:51 PM | Confidential - redistribution prohibited"
"Feb 9, 2026","182-Day","7.79%","Rock Investment Bank | Licensed to kironjiemmanuel@gmail.com | Ref RIB-2EB094A9EE89 | 10/6/2026, 4:40:51 PM | Confidential - redistribution prohibited"
"Feb 9, 2026","364-Day","9.20%","Rock Investment Bank | Licensed to kironjiemmanuel@gmail.com | Ref RIB-2EB094A9EE89 | 10/6/2026, 4:40:51 PM | Confidential - redistribution prohibited"
"Feb 16, 2026","91-Day","7.61%","Rock Investment Bank | Licensed to kironjiemmanuel@gmail.com | Ref RIB-2EB094A9EE89 | 10/6/2026, 4:40:51 PM | Confidential - redistribution prohibited"
"Feb 16, 2026","182-Day","7.77%","Rock Investment Bank | Licensed to kironjiemmanuel@gmail.com | Ref RIB-2EB094A9EE89 | 10/6/2026, 4:40:51 PM | Confidential - redistribution prohibited"
"Feb 16, 2026","364-Day","8.98%","Rock Investment Bank | Licensed to kironjiemmanuel@gmail.com | Ref RIB-2EB094A9EE89 | 10/6/2026, 4:40:51 PM | Confidential - redistribution prohibited"
"Feb 23, 2026","91-Day","7.59%","Rock Investment Bank | Licensed to kironjiemmanuel@gmail.com | Ref RIB-2EB094A9EE89 | 10/6/2026, 4:40:51 PM | Confidential - redistribution prohibited"
"Feb 23, 2026","182-Day","7.75%","Rock Investment Bank | Licensed to kironjiemmanuel@gmail.com | Ref RIB-2EB094A9EE89 | 10/6/2026, 4:40:51 PM | Confidential - redistribution prohibited"
"Feb 23, 2026","364-Day","8.90%","Rock Investment Bank | Licensed to kironjiemmanuel@gmail.com | Ref RIB-2EB094A9EE89 | 10/6/2026, 4:40:51 PM | Confidential - redistribution prohibited"
"Mar 2, 2026","91-Day","7.58%","Rock Investment Bank | Licensed to kironjiemmanuel@gmail.com | Ref RIB-2EB094A9EE89 | 10/6/2026, 4:40:51 PM | Confidential - redistribution prohibited"
"Mar 2, 2026","182-Day","7.80%","Rock Investment Bank | Licensed to kironjiemmanuel@gmail.com | Ref RIB-2EB094A9EE89 | 10/6/2026, 4:40:51 PM | Confidential - redistribution prohibited"
"Mar 2, 2026","364-Day","8.79%","Rock Investment Bank | Licensed to kironjiemmanuel@gmail.com | Ref RIB-2EB094A9EE89 | 10/6/2026, 4:40:51 PM | Confidential - redistribution prohibited"
"Mar 9, 2026","91-Day","7.58%","Rock Investment Bank | Licensed to kironjiemmanuel@gmail.com | Ref RIB-2EB094A9EE89 | 10/6/2026, 4:40:51 PM | Confidential - redistribution prohibited"
"Mar 9, 2026","182-Day","7.82%","Rock Investment Bank | Licensed to kironjiemmanuel@gmail.com | Ref RIB-2EB094A9EE89 | 10/6/2026, 4:40:51 PM | Confidential - redistribution prohibited"
"Mar 9, 2026","364-Day","8.64%","Rock Investment Bank | Licensed to kironjiemmanuel@gmail.com | Ref RIB-2EB094A9EE89 | 10/6/2026, 4:40:51 PM | Confidential - redistribution prohibited"
"Mar 16, 2026","91-Day","7.56%","Rock Investment Bank | Licensed to kironjiemmanuel@gmail.com | Ref RIB-2EB094A9EE89 | 10/6/2026, 4:40:51 PM | Confidential - redistribution prohibited"
"Mar 16, 2026","182-Day","7.85%","Rock Investment Bank | Licensed to kironjiemmanuel@gmail.com | Ref RIB-2EB094A9EE89 | 10/6/2026, 4:40:51 PM | Confidential - redistribution prohibited"
"Mar 16, 2026","364-Day","8.48%","Rock Investment Bank | Licensed to kironjiemmanuel@gmail.com | Ref RIB-2EB094A9EE89 | 10/6/2026, 4:40:51 PM | Confidential - redistribution prohibited"
"Mar 23, 2026","91-Day","7.57%","Rock Investment Bank | Licensed to kironjiemmanuel@gmail.com | Ref RIB-2EB094A9EE89 | 10/6/2026, 4:40:51 PM | Confidential - redistribution prohibited"
"Mar 23, 2026","182-Day","7.84%","Rock Investment Bank | Licensed to kironjiemmanuel@gmail.com | Ref RIB-2EB094A9EE89 | 10/6/2026, 4:40:51 PM | Confidential - redistribution prohibited"
"Mar 23, 2026","364-Day","8.34%","Rock Investment Bank | Licensed to kironjiemmanuel@gmail.com | Ref RIB-2EB094A9EE89 | 10/6/2026, 4:40:51 PM | Confidential - redistribution prohibited"
"Mar 30, 2026","91-Day","7.43%","Rock Investment Bank | Licensed to kironjiemmanuel@gmail.com | Ref RIB-2EB094A9EE89 | 10/6/2026, 4:40:51 PM | Confidential - redistribution prohibited"
"Mar 30, 2026","182-Day","7.83%","Rock Investment Bank | Licensed to kironjiemmanuel@gmail.com | Ref RIB-2EB094A9EE89 | 10/6/2026, 4:40:51 PM | Confidential - redistribution prohibited"
"Mar 30, 2026","364-Day","8.28%","Rock Investment Bank | Licensed to kironjiemmanuel@gmail.com | Ref RIB-2EB094A9EE89 | 10/6/2026, 4:40:51 PM | Confidential - redistribution prohibited"
"Apr 6, 2026","91-Day","7.40%","Rock Investment Bank | Licensed to kironjiemmanuel@gmail.com | Ref RIB-2EB094A9EE89 | 10/6/2026, 4:40:51 PM | Confidential - redistribution prohibited"
"Apr 6, 2026","182-Day","7.83%","Rock Investment Bank | Licensed to kironjiemmanuel@gmail.com | Ref RIB-2EB094A9EE89 | 10/6/2026, 4:40:51 PM | Confidential - redistribution prohibited"
"Apr 6, 2026","364-Day","8.28%","Rock Investment Bank | Licensed to kironjiemmanuel@gmail.com | Ref RIB-2EB094A9EE89 | 10/6/2026, 4:40:51 PM | Confidential - redistribution prohibited"
"Apr 13, 2026","91-Day","7.40%","Rock Investment Bank | Licensed to kironjiemmanuel@gmail.com | Ref RIB-2EB094A9EE89 | 10/6/2026, 4:40:51 PM | Confidential - redistribution prohibited"
"Apr 13, 2026","182-Day","7.83%","Rock Investment Bank | Licensed to kironjiemmanuel@gmail.com | Ref RIB-2EB094A9EE89 | 10/6/2026, 4:40:51 PM | Confidential - redistribution prohibited"
"Apr 13, 2026","364-Day","8.27%","Rock Investment Bank | Licensed to kironjiemmanuel@gmail.com | Ref RIB-2EB094A9EE89 | 10/6/2026, 4:40:51 PM | Confidential - redistribution prohibited"
"Apr 20, 2026","91-Day","7.42%","Rock Investment Bank | Licensed to kironjiemmanuel@gmail.com | Ref RIB-2EB094A9EE89 | 10/6/2026, 4:40:51 PM | Confidential - redistribution prohibited"
"Apr 20, 2026","182-Day","7.83%","Rock Investment Bank | Licensed to kironjiemmanuel@gmail.com | Ref RIB-2EB094A9EE89 | 10/6/2026, 4:40:51 PM | Confidential - redistribution prohibited"
"Apr 20, 2026","364-Day","8.27%","Rock Investment Bank | Licensed to kironjiemmanuel@gmail.com | Ref RIB-2EB094A9EE89 | 10/6/2026, 4:40:51 PM | Confidential - redistribution prohibited"
"Apr 27, 2026","91-Day","7.78%","Rock Investment Bank | Licensed to kironjiemmanuel@gmail.com | Ref RIB-2EB094A9EE89 | 10/6/2026, 4:40:51 PM | Confidential - redistribution prohibited"
"Apr 27, 2026","182-Day","7.89%","Rock Investment Bank | Licensed to kironjiemmanuel@gmail.com | Ref RIB-2EB094A9EE89 | 10/6/2026, 4:40:51 PM | Confidential - redistribution prohibited"
"Apr 27, 2026","364-Day","8.27%","Rock Investment Bank | Licensed to kironjiemmanuel@gmail.com | Ref RIB-2EB094A9EE89 | 10/6/2026, 4:40:51 PM | Confidential - redistribution prohibited"
"May 4, 2026","91-Day","8.04%","Rock Investment Bank | Licensed to kironjiemmanuel@gmail.com | Ref RIB-2EB094A9EE89 | 10/6/2026, 4:40:51 PM | Confidential - redistribution prohibited"
"May 4, 2026","182-Day","8.21%","Rock Investment Bank | Licensed to kironjiemmanuel@gmail.com | Ref RIB-2EB094A9EE89 | 10/6/2026, 4:40:51 PM | Confidential - redistribution prohibited"
"May 4, 2026","364-Day","8.51%","Rock Investment Bank | Licensed to kironjiemmanuel@gmail.com | Ref RIB-2EB094A9EE89 | 10/6/2026, 4:40:51 PM | Confidential - redistribution prohibited"
"May 11, 2026","91-Day","8.19%","Rock Investment Bank | Licensed to kironjiemmanuel@gmail.com | Ref RIB-2EB094A9EE89 | 10/6/2026, 4:40:51 PM | Confidential - redistribution prohibited"
"May 11, 2026","182-Day","8.21%","Rock Investment Bank | Licensed to kironjiemmanuel@gmail.com | Ref RIB-2EB094A9EE89 | 10/6/2026, 4:40:51 PM | Confidential - redistribution prohibited"
"May 11, 2026","364-Day","8.51%","Rock Investment Bank | Licensed to kironjiemmanuel@gmail.com | Ref RIB-2EB094A9EE89 | 10/6/2026, 4:40:51 PM | Confidential - redistribution prohibited"
"May 18, 2026","91-Day","8.32%","Rock Investment Bank | Licensed to kironjiemmanuel@gmail.com | Ref RIB-2EB094A9EE89 | 10/6/2026, 4:40:51 PM | Confidential - redistribution prohibited"
"May 18, 2026","182-Day","8.21%","Rock Investment Bank | Licensed to kironjiemmanuel@gmail.com | Ref RIB-2EB094A9EE89 | 10/6/2026, 4:40:51 PM | Confidential - redistribution prohibited"
"May 18, 2026","364-Day","8.56%","Rock Investment Bank | Licensed to kironjiemmanuel@gmail.com | Ref RIB-2EB094A9EE89 | 10/6/2026, 4:40:51 PM | Confidential - redistribution prohibited"
"May 25, 2026","91-Day","8.39%","Rock Investment Bank | Licensed to kironjiemmanuel@gmail.com | Ref RIB-2EB094A9EE89 | 10/6/2026, 4:40:51 PM | Confidential - redistribution prohibited"
"May 25, 2026","182-Day","8.21%","Rock Investment Bank | Licensed to kironjiemmanuel@gmail.com | Ref RIB-2EB094A9EE89 | 10/6/2026, 4:40:51 PM | Confidential - redistribution prohibited"
"May 25, 2026","364-Day","8.59%","Rock Investment Bank | Licensed to kironjiemmanuel@gmail.com | Ref RIB-2EB094A9EE89 | 10/6/2026, 4:40:51 PM | Confidential - redistribution prohibited"
"Jun 1, 2026","91-Day","8.39%","Rock Investment Bank | Licensed to kironjiemmanuel@gmail.com | Ref RIB-2EB094A9EE89 | 10/6/2026, 4:40:51 PM | Confidential - redistribution prohibited"
"Jun 1, 2026","182-Day","8.25%","Rock Investment Bank | Licensed to kironjiemmanuel@gmail.com | Ref RIB-2EB094A9EE89 | 10/6/2026, 4:40:51 PM | Confidential - redistribution prohibited"
"Jun 1, 2026","364-Day","8.63%","Rock Investment Bank | Licensed to kironjiemmanuel@gmail.com | Ref RIB-2EB094A9EE89 | 10/6/2026, 4:40:51 PM | Confidential - redistribution prohibited"
"Jun 8, 2026","91-Day","8.56%","Rock Investment Bank | Licensed to kironjiemmanuel@gmail.com | Ref RIB-2EB094A9EE89 | 10/6/2026, 4:40:51 PM | Confidential - redistribution prohibited"
"Jun 8, 2026","182-Day","8.53%","Rock Investment Bank | Licensed to kironjiemmanuel@gmail.com | Ref RIB-2EB094A9EE89 | 10/6/2026, 4:40:51 PM | Confidential - redistribution prohibited"
"Jun 8, 2026","364-Day","8.76%","Rock Investment Bank | Licensed to kironjiemmanuel@gmail.com | Ref RIB-2EB094A9EE89 | 10/6/2026, 4:40:51 PM | Confidential - redistribution prohibited"
"Jun 15, 2026","91-Day","8.71%","Rock Investment Bank | Licensed to kironjiemmanuel@gmail.com | Ref RIB-2EB094A9EE89 | 10/6/2026, 4:40:51 PM | Confidential - redistribution prohibited"
"Jun 15, 2026","182-Day","8.60%","Rock Investment Bank | Licensed to kironjiemmanuel@gmail.com | Ref RIB-2EB094A9EE89 | 10/6/2026, 4:40:51 PM | Confidential - redistribution prohibited"
"Jun 15, 2026","364-Day","8.87%","Rock Investment Bank | Licensed to kironjiemmanuel@gmail.com | Ref RIB-2EB094A9EE89 | 10/6/2026, 4:40:51 PM | Confidential - redistribution prohibited"